"CRN","ARRIVAL_TM","AUTOMOBILE_COUNT","BELTED_DEATH_COUNT","BELTED_SUSP_SERIOUS_INJ_COUNT","BICYCLE_COUNT","BICYCLE_DEATH_COUNT","BICYCLE_SUSP_SERIOUS_INJ_COUNT","BUS_COUNT","CHLDPAS_DEATH_COUNT","CHLDPAS_SUSP_SERIOUS_INJ_COUNT","COLLISION_TYPE","COMM_VEH_COUNT","CONS_ZONE_SPD_LIM","COUNTY","CRASH_MONTH","CRASH_YEAR","DAY_OF_WEEK","DEC_LATITUDE","DEC_LONGITUDE","DISPATCH_TM","DISTRICT","DRIVER_COUNT_16YR","DRIVER_COUNT_17YR","DRIVER_COUNT_18YR","DRIVER_COUNT_19YR","DRIVER_COUNT_20YR","DRIVER_COUNT_50_64YR","DRIVER_COUNT_65_74YR","DRIVER_COUNT_75PLUS","EST_HRS_CLOSED","FATAL_COUNT","HEAVY_TRUCK_COUNT","HORSE_BUGGY_COUNT","HOUR_OF_DAY","ILLUMINATION","INJURY_COUNT","INTERSECTION_RELATED","INTERSECT_TYPE","LANE_CLOSED","LATITUDE","LN_CLOSE_DIR","LOCATION_TYPE","LONGITUDE","MAX_SEVERITY_LEVEL","MCYCLE_DEATH_COUNT","MCYCLE_SUSP_SERIOUS_INJ_COUNT","MOTORCYCLE_COUNT","MUNICIPALITY","NONMOTR_COUNT","NONMOTR_DEATH_COUNT","NONMOTR_SUSP_SERIOUS_INJ_COUNT","NTFY_HIWY_MAINT","PED_COUNT","PED_DEATH_COUNT","PED_SUSP_SERIOUS_INJ_COUNT","PERSON_COUNT","POLICE_AGCY","POSSIBLE_INJ_COUNT","RDWY_SURF_TYPE_CD","RELATION_TO_ROAD","ROADWAY_CLEARED","ROAD_CONDITION","SCH_BUS_IND","SCH_ZONE_IND","SECONDARY_CRASH","SMALL_TRUCK_COUNT","SPEC_JURIS_CD","SUSP_MINOR_INJ_COUNT","SUSP_SERIOUS_INJ_COUNT","SUV_COUNT","TCD_FUNC_CD","TCD_TYPE","TFC_DETOUR_IND","TIME_OF_DAY","TOTAL_UNITS","TOT_INJ_COUNT","UNBELTED_OCC_COUNT","UNB_DEATH_COUNT","UNB_SUSP_SERIOUS_INJ_COUNT","UNK_INJ_DEG_COUNT","UNK_INJ_PER_COUNT","URBAN_RURAL","VAN_COUNT","VEHICLE_COUNT","WEATHER1","WEATHER2","WORKERS_PRES","WORK_ZONE_IND","WORK_ZONE_LOC","WORK_ZONE_TYPE","WZ_CLOSE_DETOUR","WZ_FLAGGER","WZ_LAW_OFFCR_IND","WZ_LN_CLOSURE","WZ_MOVING","WZ_OTHER","WZ_SHLDER_MDN","WZ_WORKERS_INJ_KILLED"
"2022026679","1218","1","0","0","0","0","0","0","0","0","5","0","","67","3","2022","1","39.968284","-75.129887","1210","6","0","0","0","0","0","1","0","0","","0","0","0","","","0","N","0","","39 58:05.824","2","0","75 07:47.593","0","0","0","0","67301","0","0","0","N","0","0","0","4","68K01","0","","1.0","1230.0","9","N","N","N","0","","0","0","0","","0","N","","3","0","0","0","0","0","0","2","2","3","","04","","N","","","","","","","","","",""
"2022021860","0821","1","0","0","0","0","0","0","0","0","7","0","","67","2","2022","7","39.995689","-75.154231","0820","6","0","0","0","0","0","0","0","0","","1","0","0","","","0","N","0","","39 59:44.479","5","0","75 09:15.231","1","0","0","0","67301","0","0","0","N","0","0","0","2","67301","0","2","3.0","1130.0","1","N","N","N","0","0","0","0","1","","0","Y","","2","0","0","0","0","0","0","2","0","2","","03","","N","","","","","","","","","",""
"2022021463","0733","1","0","0","0","0","0","0","0","0","4","0","","67","2","2022","1","39.957292","-75.247874","0730","6","0","0","0","0","0","1","0","0","","0","0","0","","","0","","1","","39 57:26.251","","0","75 14:52.347","0","0","0","0","67301","0","0","0","N","0","0","0","2","67301","0","","1.0","","1","N","N","N","1","","0","0","1","","2","","","4","0","0","0","0","0","0","2","1","4","","","","N","","","","","","","","","",""
"2022027044","1523","0","0","0","0","0","0","0","0","0","5","1","","67","3","2022","5","39.887374","-75.242484","1444","6","0","0","0","0","0","0","0","0","","0","1","0","","","1","N","0","","39 53:14.548","","0","75 14:32.943","8","0","0","0","67301","0","0","0","N","0","0","0","2","68K01","0","","1.0","","1","N","N","N","1","","0","0","0","","0","","","2","1","0","0","0","1","1","2","0","2","","03","","N","","","","","","","","","",""
"2022005171","2007","0","0","0","0","0","0","0","0","0","7","0","","67","1","2022","7","39.98272","-75.207816","2004","6","0","0","0","0","0","0","0","0","","0","0","0","","","1","N","0","","39 58:57.793","4","0","75 12:28.138","3","0","0","0","67301","0","0","0","Y","0","0","0","2","68K01","0","","4.0","2056.0","9","N","N","N","1","","1","0","0","","0","Y","","1","1","0","0","0","0","0","2","0","1","","","","N","","","","","","","","","",""
"2022022362","0715","1","0","0","0","0","0","0","0","0","1","0","","67","3","2022","4","39.989128","-75.087973","0658","6","0","0","0","0","0","1","0","0","","0","0","0","","","1","N","0","","39 59:20.861","","0","75 05:16.701","8","0","0","0","67301","0","0","0","N","0","0","0","3","68K01","0","","1.0","","1","N","N","N","2","","0","0","0","","0","","","3","1","0","0","0","1","0","2","0","3","","03","","N","","","","","","","","","",""
"2022020762","1152","1","0","0","0","0","0","0","0","0","7","0","","67","2","2022","7","40.094017","-74.979694","1147","6","0","0","0","0","0","1","0","0","","0","0","0","","","1","","2","","40 05:38.461","","0","74 58:46.899","3","0","0","0","67301","0","0","0","N","0","0","0","1","67301","0","","5.0","","1","N","N","N","0","","1","0","0","","0","","","1","1","0","0","0","0","0","2","0","1","","03","","N","","","","","","","","","",""
"2022004228","0830","0","0","0","0","0","0","0","0","0","7","0","","67","1","2022","5","40.050056","-75.199897","0819","6","0","0","0","0","0","0","0","0","","0","0","0","","","1","N","0","","40 03:00.200","","0","75 11:59.630","3","0","0","0","67301","0","0","0","N","0","0","0","1","67301","0","","5.0","","1","N","N","N","0","","1","0","1","","0","","","1","1","0","0","0","0","0","2","0","1","","04","","N","","","","","","","","","",""
"2022021613","0300","0","0","0","0","0","0","1","0","0","1","1","","67","1","2022","1","39.942076","-75.193987","0250","6","0","0","0","0","0","0","0","0","","0","0","0","","","0","N","0","","39 56:31.472","3","3","75 11:38.352","9","0","0","0","67301","0","0","0","N","0","0","0","2","68K01","0","","1.0","400.0","6","N","N","N","0","","0","0","0","","0","N","","2","0","0","0","0","0","1","2","1","2","","","","N","","","","","","","","","",""
"2022021521","1333","1","0","0","0","0","0","0","0","0","1","0","","67","2","2022","7","40.034461","-75.071876","1326","6","0","1","0","0","0","1","0","0","","0","0","0","","","2","","3","","40 02:04.058","","0","75 04:18.753","3","0","0","0","67301","0","0","0","N","0","0","0","3","67301","0","","1.0","","1","N","N","N","0","","2","0","1","","2","","","2","2","0","0","0","0","0","2","0","2","","03","","N","","","","","","","","","",""
"2022025407","0210","2","0","0","0","0","0","0","0","0","4","0","","67","3","2022","1","40.031685","-75.066905","0004","6","0","0","0","0","0","0","0","0","","0","0","0","","","0","","2","","40 01:54.067","","0","75 04:00.858","9","0","0","0","67301","0","0","0","N","0","0","0","3","67301","0","","1.0","","1","N","N","N","1","","0","0","0","","3","","","4","0","0","0","0","0","1","2","1","4","","03","","N","","","","","","","","","",""
"2022021628","2015","2","0","0","0","0","0","0","0","0","1","0","","67","2","2022","4","40.000956","-75.079119","1955","6","0","0","0","0","0","0","0","0","","0","0","0","","","0","N","0","","40 00:03.440","","0","75 04:44.830","0","0","0","0","67301","0","0","0","N","0","0","0","2","68K01","0","","1.0","","1","N","N","N","0","","0","0","0","","0","","","2","0","0","0","0","0","0","2","0","2","","","","N","","","","","","","","","",""
"2022010883","0013","1","0","0","0","0","0","0","0","0","8","0","","67","1","2022","3","40.009225","-75.151134","0007","6","0","0","0","0","0","0","0","0","","0","0","0","","","1","N","1","","40 00:33.211","","0","75 09:04.083","3","0","0","0","67301","1","0","0","N","1","0","0","2","67301","0","","1.0","","1","N","N","N","0","","1","0","0","","2","","","2","1","1","0","0","0","0","2","0","1","","03","","N","","","","","","","","","",""
"2022026357","2145","1","0","0","0","0","0","0","0","0","7","0","","67","3","2022","1","40.016794","-75.151846","2138","6","0","0","0","0","0","0","0","0","","0","0","0","","","1","N","0","","40 01:00.458","","0","75 09:06.645","3","0","0","0","67301","0","0","0","N","0","0","0","1","67301","0","","2.0","","1","N","N","N","0","","1","0","0","","0","","","1","1","0","0","0","0","0","2","0","1","","03","","N","","","","","","","","","",""
"2022016423","0835","2","0","0","0","0","0","0","0","0","1","0","","67","2","2022","2","39.957827","-75.162182","0832","6","0","0","0","0","0","0","0","0","","0","0","0","","","1","N","0","","39 57:28.178","","0","75 09:43.854","3","0","0","0","67301","0","0","0","N","0","0","0","2","67301","0","","1.0","","1","N","N","N","0","","1","0","0","","0","","","2","1","2","0","0","0","0","2","0","2","","03","","N","","","","","","","","","",""
"2022016023","2208","0","0","0","0","0","0","0","0","0","4","0","","67","1","2022","6","39.96303","-75.161196","2206","6","0","0","0","0","0","0","1","0","","0","0","0","","","0","N","0","","39 57:46.907","1","0","75 09:40.305","0","0","0","0","67301","0","0","0","N","0","0","0","2","67301","0","","1.0","2245.0","1","N","N","N","0","","0","0","2","","0","N","","2","0","0","0","0","0","0","2","0","2","","03","","N","","","","","","","","","",""
"2022003235","0959","0","0","0","0","0","0","0","0","0","7","0","","67","1","2022","1","40.031314","-75.02162","0959","6","0","0","0","0","0","0","0","0","","0","0","0","","","1","N","0","","40 01:52.730","2","0","75 01:17.831","8","0","0","0","67301","0","0","0","N","0","0","0","1","68K01","0","","4.0","1020.0","9","N","N","N","1","","0","0","0","","0","N","","1","1","0","0","0","1","0","2","0","1","","","","N","","","","","","","","","",""
"2022027574","1932","1","0","0","0","0","0","0","0","0","1","0","","67","3","2022","5","39.956765","-75.149701","1923","6","0","0","0","0","0","0","0","0","","0","0","0","","","0","N","6","","39 57:24.355","","2","75 08:58.925","0","0","0","0","67301","0","0","0","N","0","0","0","2","68K01","0","","1.0","","1","N","N","N","0","","0","0","1","","4","","","2","0","0","0","0","0","0","2","0","2","","","","N","","","","","","","","","",""
"2022002958","0032","1","0","0","0","0","0","0","0","0","7","0","","67","1","2022","5","39.95721","-75.156878","0028","6","0","0","0","0","0","0","1","0","","0","0","0","","","1","N","0","","39 57:25.957","4","0","75 09:24.759","8","0","0","0","67301","0","0","0","N","0","0","0","1","68K01","0","","4.0","110.0","1","N","N","N","0","","0","0","0","","0","N","","1","1","0","0","0","1","0","2","0","1","","","","N","","","","","","","","","",""
"2022017940","1107","0","0","0","0","0","0","0","0","0","7","1","35","67","2","2022","3","39.955528","-75.148164","1105","6","0","0","0","0","0","1","0","0","","0","1","0","","","0","N","0","","39 57:19.901","4","2","75 08:53.389","0","0","0","0","67301","0","0","0","N","0","0","0","1","67501","0","","4.0","1917.0","1","N","N","N","0","","0","0","0","","8","N","","1","0","0","0","0","0","0","2","0","1","","03","Y","Y","3","2","","","N","Y","","","","N"
"2022004293","0345","1","0","0","0","0","0","0","0","0","98","0","","67","1","2022","2","40.020542","-75.174356","0341","6","0","0","0","0","0","1","0","0","","0","0","0","","","1","N","0","","40 01:13.950","","99","75 10:27.680","3","0","0","0","67301","0","0","0","N","0","0","0","1","67301","0","","1.0","","1","N","N","N","0","","1","0","0","","9","","","1","1","0","0","0","0","0","2","0","1","","03","","N","","","","","","","","","",""
"2022026982","2257","2","0","0","0","0","0","0","0","0","4","0","","67","3","2022","3","40.050919","-75.051455","2244","6","0","0","0","0","0","0","0","0","","0","0","0","","","0","N","0","","40 03:03.308","2","0","75 03:05.239","0","0","0","0","67301","0","0","0","N","0","0","0","4","67301","0","","1.0","2350.0","1","N","N","N","0","","0","0","1","","0","Y","","3","0","0","0","0","0","0","2","0","3","","03","","N","","","","","","","","","",""
"2022020749","1241","1","0","0","0","0","0","0","0","0","2","0","","67","2","2022","7","40.080732","-75.169985","1236","6","0","0","0","0","1","0","0","0","","0","0","0","","","0","","1","","40 04:50.635","","0","75 10:11.945","0","0","0","0","67301","0","0","0","N","0","0","0","6","67301","0","","1.0","","1","N","N","N","0","","0","0","1","","2","","","2","0","0","0","0","0","0","2","0","2","","03","","N","","","","","","","","","",""
"2022020624","1828","1","0","0","0","0","0","0","0","0","1","0","","67","2","2022","4","40.028133","-75.024004","1812","6","0","0","0","0","0","0","0","0","","0","0","0","","","0","N","0","","40 01:41.277","","0","75 01:26.415","0","0","0","0","67301","0","0","0","N","0","0","0","4","68K01","0","","1.0","","1","N","N","N","0","","0","0","2","","0","","","3","0","0","0","0","0","0","2","0","3","","","","N","","","","","","","","","",""
"2022016120","1201","2","0","0","0","0","0","0","0","0","6","0","","67","2","2022","3","39.914186","-75.151288","1200","6","0","0","0","0","0","0","0","0","","0","0","0","","","2","N","0","","39 54:51.071","","7","75 09:04.637","8","0","0","0","67301","0","0","0","N","0","0","0","3","67301","0","","1.0","","99","N","N","N","0","","0","0","0","","2","","","2","2","0","0","0","2","1","2","0","2","","","","N","","","","","","","","","",""
"2022026094","1305","1","0","0","0","0","0","0","0","0","7","0","","67","2","2022","2","40.008801","-75.204928","1301","6","0","0","1","0","0","0","0","0","","0","0","0","","","1","N","6","","40 00:31.683","7","2","75 12:17.742","8","0","0","0","67301","0","0","0","N","0","0","0","1","68K01","0","","4.0","1320.0","1","N","N","N","0","","0","0","0","","4","N","","1","1","0","0","0","1","0","2","0","1","","03","","N","","","","","","","","","",""
"2022021642","1928","3","0","0","0","0","0","0","0","0","1","0","","67","2","2022","4","39.982264","-75.207727","1925","6","0","0","0","0","1","1","0","0","","0","0","0","","","0","N","0","","39 58:56.152","3","0","75 12:27.816","0","0","0","0","67301","0","0","0","N","0","0","0","9","68K01","0","","3.0","2030.0","1","N","N","N","0","","0","0","2","","0","N","","5","0","0","0","0","0","0","2","0","5","","","","N","","","","","","","","","",""
"2022021410","2135","1","0","0","0","0","0","0","0","0","1","0","","67","2","2022","5","40.022211","-75.037708","2127","6","0","0","0","0","0","0","0","0","","0","0","0","","","4","N","0","","40 01:19.959","","0","75 02:15.750","4","0","0","0","67301","0","0","0","N","0","0","0","5","68K01","4","","1.0","","9","N","N","N","0","","0","0","1","","0","","","2","4","1","0","0","0","0","2","0","2","","07","","N","","","","","","","","","",""
"2022020824","1436","0","0","0","0","0","0","0","0","0","7","0","","67","2","2022","5","40.010381","-75.147316","1435","6","0","0","0","0","0","1","0","0","","0","0","0","","","0","","2","","40 00:37.373","","0","75 08:50.339","9","0","0","0","67301","0","0","0","N","0","0","0","1","67301","0","","4.0","","1","N","N","N","1","","0","0","0","","3","","","1","0","0","0","0","0","1","2","0","1","","03","","N","","","","","","","","","",""
"2022027555","0253","3","0","0","0","0","0","0","0","0","1","0","","67","2","2022","1","39.982294","-75.207745","0241","6","0","0","0","0","0","0","0","0","","0","0","0","","","7","N","0","","39 58:56.259","3","0","75 12:27.881","8","0","0","0","67301","0","0","0","N","0","0","0","10","68K01","0","","1.0","400.0","1","N","N","N","0","","0","0","2","","0","N","","6","7","0","0","0","7","0","2","1","6","","03","","N","","","","","","","","","",""
"2022021419","2254","2","0","0","0","0","0","0","0","0","1","0","","67","2","2022","6","40.001167","-75.194992","2254","6","0","0","0","0","0","0","0","0","","0","0","0","","","0","N","0","","40 00:04.202","","0","75 11:41.972","0","0","0","0","67301","0","0","0","N","0","0","0","4","68K01","0","","1.0","","1","N","N","N","0","","0","0","0","","0","","","2","0","1","0","0","0","0","2","0","2","","","","N","","","","","","","","","",""
"2022027038","1058","1","0","0","0","0","0","0","0","0","1","0","","67","3","2022","3","40.039138","-75.008284","1054","6","0","0","0","0","1","0","0","0","","0","0","0","","","1","N","0","","40 02:20.897","","0","75 00:29.824","3","0","0","0","67301","0","0","0","N","0","0","0","2","68K01","0","","1.0","","1","N","N","N","0","","1","0","0","","0","","","2","1","0","0","0","0","1","2","0","2","","03","","N","","","","","","","","","",""
"2022022072","1713","1","0","0","0","0","0","0","0","0","1","0","","67","2","2022","6","40.013054","-75.058344","1619","6","0","0","0","0","0","1","0","0","","0","0","0","","","1","N","0","","40 00:46.995","","0","75 03:30.037","8","0","0","0","67301","0","0","0","N","0","0","0","3","68K01","0","","1.0","","1","N","N","Y","0","","0","0","0","","0","","","3","1","0","0","0","1","0","2","2","3","","03","","N","","","","","","","","","",""
"2022021632","1655","1","0","0","0","0","0","0","0","0","1","0","","67","2","2022","6","40.037005","-75.014158","1655","6","0","0","0","0","0","0","0","0","","0","0","0","","","1","N","0","","40 02:13.218","","0","75 00:50.968","3","0","0","0","67301","0","0","0","N","0","0","0","5","68K01","0","","1.0","","1","N","N","N","2","","1","0","0","","0","","","3","1","0","0","0","0","0","2","0","3","","03","","N","","","","","","","","","",""
"2022026283","1424","0","0","0","0","0","0","0","0","0","5","1","","67","3","2022","3","40.014299","-75.055501","1343","6","0","0","0","0","0","0","0","0","","0","1","0","","","1","N","0","","40 00:51.475","","0","75 03:19.804","4","0","0","0","67301","0","0","0","N","0","0","0","2","68K01","1","","1.0","","1","N","N","N","0","","0","0","1","","0","","","2","1","0","0","0","0","0","2","0","2","","04","","N","","","","","","","","","",""
"2022025593","1442","0","0","0","0","0","0","0","0","0","2","0","","67","3","2022","5","39.991691","-75.229802","1442","6","0","0","0","0","0","0","1","0","","0","0","0","","","1","","1","","39 59:30.087","","0","75 13:47.287","3","0","0","0","67301","0","0","0","N","0","0","0","2","67301","0","","1.0","","1","N","N","N","0","","1","0","2","","2","","","2","1","0","0","0","0","1","2","0","2","","03","","N","","","","","","","","","",""
"2022026526","0831","1","0","0","0","0","0","0","0","0","5","0","","67","2","2022","2","39.973058","-75.193877","0820","6","0","0","0","0","0","0","0","0","","0","0","0","","","1","N","0","","39 58:23.007","","0","75 11:37.957","8","0","0","0","67301","0","0","0","N","0","0","0","2","68K01","0","","1.0","","1","N","N","N","0","","0","0","1","","0","","","2","1","0","0","0","1","0","2","0","2","","03","","N","","","","","","","","","",""
"2022025930","0940","0","0","0","0","0","0","1","0","0","8","1","","67","3","2022","2","40.003165","-75.152455","0930","6","0","0","0","0","0","0","0","0","","0","0","0","","","1","","5","","40 00:11.393","","0","75 09:08.837","8","0","0","0","67301","1","0","0","N","1","0","0","2","67505","0","","1.0","","1","N","N","N","0","","0","0","0","","2","","","2","1","0","0","0","1","0","2","0","1","","03","","N","","","","","","","","","",""
"2022021371","0654","1","0","0","0","0","0","0","0","0","1","0","","67","2","2022","4","39.996713","-75.196785","0649","6","0","0","0","0","0","0","0","0","","0","0","0","","","1","N","0","","39 59:48.168","","0","75 11:48.427","3","0","0","0","67301","0","0","0","N","0","0","0","3","68K01","0","","1.0","","1","N","N","N","0","","1","0","0","","0","","","2","1","0","0","0","0","1","2","0","2","","","","N","","","","","","","","","",""
"2022026675","2246","0","0","0","0","0","0","0","0","0","7","0","","67","3","2022","4","39.922176","-75.147623","2238","6","0","0","0","0","0","1","0","0","","0","0","0","","","2","N","0","","39 55:19.834","1","0","75 08:51.441","3","0","0","0","67301","0","0","0","N","0","0","0","2","68K01","0","","4.0","1120.0","1","N","N","N","0","","2","0","1","","0","N","","1","2","0","0","0","0","0","2","0","1","","03","","N","","","","","","","","","",""
"2022021702","0035","3","0","0","0","0","0","0","0","0","6","0","","67","2","2022","2","40.003139","-75.067992","0032","6","0","0","0","0","0","0","0","0","","0","0","0","","","1","N","0","","40 00:11.300","","0","75 04:04.770","3","0","0","0","67301","0","0","0","N","0","0","0","1","67301","0","","4.0","","1","N","N","N","0","","1","0","0","","0","","","3","1","0","0","0","0","0","2","0","3","","03","","N","","","","","","","","","",""
"2022020612","1706","2","0","0","0","0","0","0","0","0","1","0","","67","2","2022","6","39.937814","-75.143815","1701","6","0","0","0","0","0","0","0","0","","0","0","0","","","0","N","0","","39 56:16.130","","0","75 08:37.734","0","0","0","0","67301","0","0","0","N","0","0","0","2","68K01","0","","1.0","","9","N","N","N","0","","0","0","0","","0","","","2","0","0","0","0","0","0","2","0","2","","","","N","","","","","","","","","",""
"2022026924","0156","1","0","0","0","0","0","0","0","0","7","0","","67","3","2022","1","39.898919","-75.168485","0156","6","0","0","0","0","0","0","0","0","","0","0","0","","","0","N","0","","39 53:56.107","1","0","75 10:06.545","0","0","0","0","67301","0","0","0","N","0","0","0","1","68K01","0","","4.0","330.0","1","N","N","N","0","","0","0","0","","0","N","","1","0","0","0","0","0","0","2","0","1","","03","","N","","","","","","","","","",""
"2022020620","1713","1","0","0","0","0","0","0","0","0","7","0","","67","2","2022","1","40.040645","-75.005586","1648","6","0","0","1","0","0","0","0","0","","0","0","0","","","1","N","0","","40 02:26.322","2","0","75 00:20.111","3","0","0","0","67301","0","0","0","N","0","0","0","1","68K01","0","","4.0","1720.0","9","N","N","N","0","","1","0","0","","0","N","","1","1","0","0","0","0","0","2","0","1","","","","N","","","","","","","","","",""
"2022021405","0501","1","0","0","0","0","0","0","0","0","7","0","","67","2","2022","5","40.043567","-75.003044","0443","6","0","0","0","0","0","0","0","0","","0","0","0","","","0","N","0","","40 02:36.842","2","0","75 00:10.957","9","0","0","0","67301","0","0","0","N","0","0","0","1","68K01","0","","4.0","512.0","1","N","N","N","0","","0","0","0","","0","N","","1","0","1","0","0","0","1","2","0","1","","","","N","","","","","","","","","",""
"2022026994","1430","1","0","0","0","0","0","0","0","0","4","0","","67","3","2022","5","40.008045","-75.171921","1430","6","0","0","0","0","0","1","0","0","","0","0","0","","","1","N","0","","40 00:28.961","","0","75 10:18.917","3","0","0","0","67301","0","0","0","N","0","0","0","2","67301","0","","1.0","","1","N","N","N","0","","1","0","1","","0","","","2","1","0","0","0","0","0","2","0","2","","","","N","","","","","","","","","",""
"2022027568","1828","1","0","0","0","0","0","0","0","0","7","0","","67","3","2022","4","40.043517","-75.003068","1812","6","0","0","0","0","1","0","0","0","","0","0","0","","","0","N","0","","40 02:36.662","","0","75 00:11.043","0","0","0","0","67301","0","0","0","N","0","0","0","1","68K01","0","","4.0","","9","N","N","N","0","","0","0","0","","8","","","1","0","0","0","0","0","0","2","0","1","","","","N","","","","","","","","","",""
"2022021504","1648","0","0","0","0","0","0","0","0","0","8","0","","67","2","2022","7","40.006125","-75.077411","1644","6","0","0","0","0","0","0","0","0","","0","0","0","","","1","N","0","","40 00:22.050","","0","75 04:38.680","3","0","0","0","67301","1","0","0","N","1","0","0","2","67301","0","","1.0","","1","N","N","N","1","","1","0","0","","0","","","2","1","1","0","0","0","0","2","0","1","","03","","N","","","","","","","","","",""
"2022026227","0952","1","0","0","0","0","0","0","0","0","2","0","","67","3","2022","2","40.084798","-75.038105","0949","6","0","0","0","0","0","1","1","0","","0","0","0","","","2","N","0","","40 05:05.274","","0","75 02:17.179","3","0","0","0","67301","0","0","0","N","0","0","0","3","67301","0","","1.0","","1","N","N","N","0","","2","0","0","","0","","","2","2","0","0","0","0","0","2","1","2","","","","N","","","","","","","","","",""
"2022027082","0035","2","0","0","0","0","0","0","0","0","4","0","","67","3","2022","5","40.069946","-75.006153","0035","6","0","0","0","0","1","0","0","0","","0","0","0","","","0","N","0","","40 04:11.806","2","0","75 00:22.152","9","0","0","0","67301","0","0","0","N","0","0","0","2","67301","0","","1.0","130.0","1","N","N","N","0","","0","0","0","","2","N","","2","0","0","0","0","0","1","2","0","2","","03","","N","","","","","","","","","",""
"2022026870","0405","0","0","0","0","0","0","0","0","0","7","0","","67","3","2022","5","40.038671","-75.009549","0359","6","0","0","0","0","0","0","0","0","","0","0","0","","","0","N","0","","40 02:19.216","","0","75 00:34.378","0","0","0","0","67301","0","0","0","N","0","0","0","1","68K01","0","","2.0","","1","N","N","N","0","","0","0","1","","0","","","1","0","0","0","0","0","0","2","0","1","","03","","N","","","","","","","","","",""
"2022020623","1447","1","0","0","0","0","0","0","0","0","1","0","","67","2","2022","3","39.968776","-75.191443","1442","6","0","0","0","0","0","0","0","0","","0","0","0","","","0","N","0","","39 58:07.593","4","0","75 11:29.195","0","0","0","0","67301","0","0","0","N","0","0","0","2","68K01","0","","1.0","1457.0","1","N","N","N","0","","0","0","1","","0","N","","2","0","0","0","0","0","0","2","0","2","","","","N","","","","","","","","","",""
"2022026942","0044","1","0","0","0","0","0","0","0","0","7","0","","67","3","2022","3","39.981283","-75.206914","0041","6","0","0","0","1","0","0","0","0","","0","0","0","","","1","N","0","","39 58:52.618","3","0","75 12:24.892","3","0","0","0","67301","0","0","0","N","0","0","0","1","68K01","0","","4.0","110.0","1","N","N","N","0","","1","0","0","","0","N","","1","1","0","0","0","0","0","2","0","1","","03","","N","","","","","","","","","",""
"2022020615","1527","1","0","0","0","0","0","0","0","0","1","0","","67","2","2022","4","39.979331","-75.107398","1527","6","0","0","0","0","0","0","0","0","","0","0","0","","","0","N","0","","39 58:45.592","1","0","75 06:26.633","0","0","0","0","67301","0","0","0","N","0","0","0","2","68K01","0","","1.0","1550.0","1","N","N","N","0","","0","0","1","","0","N","","2","0","0","0","0","0","0","2","0","2","","","","N","","","","","","","","","",""
"2022021409","2151","0","0","0","0","0","0","0","0","0","1","0","","67","2","2022","5","39.974402","-75.194111","2145","6","0","0","0","0","0","0","0","0","","0","0","0","","","0","N","0","","39 58:27.847","","0","75 11:38.798","0","0","0","0","67301","0","0","0","N","0","0","0","2","68K01","0","","1.0","","9","N","N","N","0","","0","0","2","","0","","","2","0","1","0","0","0","0","2","0","2","","","","N","","","","","","","","","",""
"2022022468","2159","1","0","0","0","0","0","0","0","0","7","0","","67","2","2022","3","39.949507","-75.141834","2152","6","0","0","0","0","0","0","0","0","","0","0","0","","","0","N","0","","39 56:58.224","3","0","75 08:30.602","0","0","0","0","67301","0","0","0","N","0","0","0","1","68K01","0","","4.0","2215.0","8","N","N","N","0","","0","0","0","","0","N","","1","0","0","0","0","0","0","2","0","1","","04","","N","","","","","","","","","",""
"2022021404","2210","1","0","0","0","0","0","0","0","0","7","0","","67","2","2022","4","39.967255","-75.188448","2203","6","0","1","0","0","0","0","0","0","","0","0","0","","","0","N","0","","39 58:02.118","","0","75 11:18.411","0","0","0","0","67301","0","0","0","N","0","0","0","1","68K01","0","","4.0","","1","N","N","N","0","","0","0","0","","0","","","1","0","0","0","0","0","0","2","0","1","","03","","N","","","","","","","","","",""
"2022021436","0305","1","0","0","0","0","0","0","0","0","7","0","","67","1","2022","3","39.960938","-75.140446","0253","6","0","0","0","0","0","0","0","0","","0","0","0","","","0","N","0","","39 57:39.375","2","0","75 08:25.606","9","0","0","0","67301","0","0","0","N","0","0","0","1","68K01","0","","4.0","322.0","1","N","N","N","0","","0","0","0","","0","N","","1","0","0","0","0","0","1","2","0","1","","","","N","","","","","","","","","",""
"2022021006","2000","0","0","0","0","0","0","1","0","0","8","1","","67","2","2022","5","39.910879","-75.185231","1945","6","0","0","0","0","0","0","0","0","","1","0","0","","","0","N","0","","39 54:39.163","7","0","75 11:06.831","1","0","0","0","67301","1","1","0","N","1","1","0","2","67301","0","2","1.0","300.0","1","N","N","N","0","0","0","0","0","","2","Y","","2","0","0","0","0","0","0","2","0","1","","98","","N","","","","","","","","","",""
"2022025568","1003","1","0","0","0","0","0","0","0","0","4","1","","67","3","2022","5","39.939051","-75.176312","1001","6","0","0","0","0","0","0","0","0","","0","1","0","","","3","","1","","39 56:20.584","","0","75 10:34.724","4","0","0","0","67301","0","0","0","N","0","0","0","4","67301","3","","1.0","","1","N","N","N","0","","0","0","0","","2","","","2","3","0","0","0","0","0","2","0","2","","","","N","","","","","","","","","",""
"2022020619","1533","1","0","0","0","0","0","0","0","0","1","0","","67","2","2022","1","39.943208","-75.192876","1504","6","0","0","0","0","0","0","0","0","","0","0","0","","","0","N","0","","39 56:35.547","3","0","75 11:34.354","9","0","0","0","67301","0","0","0","N","0","0","0","2","68K01","0","","1.0","1600.0","9","N","N","N","0","","0","0","0","","0","N","","2","0","0","0","0","0","1","2","0","2","","","","N","","","","","","","","","",""