"CRN","ARRIVAL_TM","AUTOMOBILE_COUNT","BELTED_DEATH_COUNT","BELTED_SUSP_SERIOUS_INJ_COUNT","BICYCLE_COUNT","BICYCLE_DEATH_COUNT","BICYCLE_SUSP_SERIOUS_INJ_COUNT","BUS_COUNT","CHLDPAS_DEATH_COUNT","CHLDPAS_SUSP_SERIOUS_INJ_COUNT","COLLISION_TYPE","COMM_VEH_COUNT","CONS_ZONE_SPD_LIM","COUNTY","CRASH_MONTH","CRASH_YEAR","DAY_OF_WEEK","DEC_LATITUDE","DEC_LONGITUDE","DISPATCH_TM","DISTRICT","DRIVER_COUNT_16YR","DRIVER_COUNT_17YR","DRIVER_COUNT_18YR","DRIVER_COUNT_19YR","DRIVER_COUNT_20YR","DRIVER_COUNT_50_64YR","DRIVER_COUNT_65_74YR","DRIVER_COUNT_75PLUS","EST_HRS_CLOSED","FATAL_COUNT","HEAVY_TRUCK_COUNT","HORSE_BUGGY_COUNT","HOUR_OF_DAY","ILLUMINATION","INJURY_COUNT","INTERSECTION_RELATED","INTERSECT_TYPE","LANE_CLOSED","LATITUDE","LN_CLOSE_DIR","LOCATION_TYPE","LONGITUDE","MAX_SEVERITY_LEVEL","MCYCLE_DEATH_COUNT","MCYCLE_SUSP_SERIOUS_INJ_COUNT","MOTORCYCLE_COUNT","MUNICIPALITY","NONMOTR_COUNT","NONMOTR_DEATH_COUNT","NONMOTR_SUSP_SERIOUS_INJ_COUNT","NTFY_HIWY_MAINT","PED_COUNT","PED_DEATH_COUNT","PED_SUSP_SERIOUS_INJ_COUNT","PERSON_COUNT","POLICE_AGCY","POSSIBLE_INJ_COUNT","RDWY_SURF_TYPE_CD","RELATION_TO_ROAD","ROADWAY_CLEARED","ROAD_CONDITION","SCH_BUS_IND","SCH_ZONE_IND","SECONDARY_CRASH","SMALL_TRUCK_COUNT","SPEC_JURIS_CD","SUSP_MINOR_INJ_COUNT","SUSP_SERIOUS_INJ_COUNT","SUV_COUNT","TCD_FUNC_CD","TCD_TYPE","TFC_DETOUR_IND","TIME_OF_DAY","TOTAL_UNITS","TOT_INJ_COUNT","UNBELTED_OCC_COUNT","UNB_DEATH_COUNT","UNB_SUSP_SERIOUS_INJ_COUNT","UNK_INJ_DEG_COUNT","UNK_INJ_PER_COUNT","URBAN_RURAL","VAN_COUNT","VEHICLE_COUNT","WEATHER1","WEATHER2","WORKERS_PRES","WORK_ZONE_IND","WORK_ZONE_LOC","WORK_ZONE_TYPE","WZ_CLOSE_DETOUR","WZ_FLAGGER","WZ_LAW_OFFCR_IND","WZ_LN_CLOSURE","WZ_MOVING","WZ_OTHER","WZ_SHLDER_MDN","WZ_WORKERS_INJ_KILLED"
"2022021484","1710","1","0","0","0","0","0","0","0","0","5","0","","67","2","2022","1","39.96114","-75.246711","1707","6","0","0","0","0","0","0","0","0","","0","0","0","","","1","N","0","","39 57:40.104","","0","75 14:48.158","3","0","0","0","67301","0","0","0","N","0","0","0","3","67301","0","","1.0","","1","N","N","N","0","","1","0","0","","0","","","2","1","0","0","0","0","0","2","1","2","","","","N","","","","","","","","","",""
"2022027579","0908","1","0","0","0","0","0","0","0","0","7","0","","67","3","2022","7","39.980794","-75.206289","0905","6","0","0","0","0","0","0","0","0","","0","0","0","","","0","N","0","","39 58:50.858","","0","75 12:22.642","0","0","0","0","67301","0","0","0","N","0","0","0","1","68K01","0","","2.0","","9","N","N","N","0","","0","0","0","","0","","","1","0","0","0","0","0","0","2","0","1","","03","","N","","","","","","","","","",""
"2022021464","0813","0","0","0","0","0","0","0","0","0","4","0","","67","2","2022","1","39.952184","-75.240772","0810","6","0","0","0","0","0","1","0","0","","0","0","0","","","1","","1","","39 57:07.862","","0","75 14:26.779","4","0","0","0","67301","0","0","0","N","0","0","0","2","67301","1","","1.0","","1","N","N","N","0","","0","0","2","","2","","","2","1","0","0","0","0","0","2","0","2","","03","","N","","","","","","","","","",""
"2022025957","0319","1","0","0","0","0","0","0","0","0","4","0","","67","3","2022","3","40.021529","-75.051773","0319","6","0","0","0","0","0","1","0","0","","1","0","0","","","2","","1","","40 01:17.505","","0","75 03:06.381","1","0","0","0","67301","0","0","0","N","0","0","0","4","67301","0","2","1.0","","1","N","N","N","0","0","2","0","1","","2","","","2","2","2","1","0","0","0","2","0","2","","04","","N","","","","","","","","","",""
"2022021875","0155","2","0","0","0","0","0","0","0","0","8","0","","67","2","2022","1","40.051972","-75.086496","0153","6","0","0","0","0","0","0","0","0","","1","0","0","","","0","N","0","","40 03:07.100","7","0","75 05:11.385","1","0","0","0","67301","1","1","0","N","1","1","0","3","67301","0","2","1.0","155.0","1","N","N","N","0","0","0","0","0","","0","Y","","3","0","0","0","0","0","0","2","0","2","","","","N","","","","","","","","","",""
"2022022467","2022","2","0","0","0","0","0","0","0","0","1","0","","67","2","2022","3","40.030556","-75.021943","2016","6","0","0","0","0","0","0","0","0","","0","0","0","","","2","N","0","","40 01:50.002","2","0","75 01:18.995","8","0","0","0","67301","0","0","0","N","0","0","0","2","68K01","0","","1.0","912.0","9","N","N","Y","0","","0","0","0","","0","N","","2","2","1","0","0","2","0","2","0","2","","","","N","","","","","","","","","",""
"2022027586","1416","2","0","0","0","0","0","0","0","0","7","0","","67","3","2022","7","39.981106","-75.206708","1414","6","0","0","0","0","0","1","0","0","","0","0","0","","","1","N","0","","39 58:51.980","","0","75 12:24.150","8","0","0","0","67301","0","0","0","N","0","0","0","3","68K01","0","","2.0","","9","N","N","N","0","","0","0","0","","0","","","2","1","2","0","0","1","0","2","0","2","","","","N","","","","","","","","","",""
"2022020601","2155","0","0","0","0","0","0","0","0","0","7","0","","67","2","2022","5","39.931496","-75.217119","2151","6","0","0","0","0","0","1","0","0","","0","1","0","","","0","N","0","","39 55:53.387","","0","75 13:01.629","0","0","0","0","67301","0","0","0","N","0","0","0","1","67301","0","","3.0","","9","N","N","N","0","","0","0","0","","0","","","1","0","0","0","0","0","0","2","0","1","","07","","N","","","","","","","","","",""
"2022021929","0600","0","0","0","0","0","0","0","0","0","7","0","","67","3","2022","3","40.072633","-74.980728","0547","6","0","0","0","0","0","0","0","0","","0","0","0","","","1","N","0","","40 04:21.479","","0","74 58:50.621","3","0","0","0","67301","0","0","0","N","0","0","0","1","67301","0","","5.0","","1","N","N","N","1","","1","0","0","","0","","","1","1","1","0","0","0","0","2","0","1","","03","","N","","","","","","","","","",""
"2022021629","2128","1","0","0","0","0","0","0","0","0","1","0","","67","2","2022","4","40.002414","-75.195001","2121","6","0","0","0","1","0","0","0","0","","0","0","0","","","1","N","0","","40 00:08.689","","0","75 11:42.003","4","0","0","0","67301","0","0","0","N","0","0","0","3","68K01","1","","2.0","","1","N","N","N","0","","0","0","0","","0","","","2","1","2","0","0","0","1","2","0","2","","","","N","","","","","","","","","",""
"2022026879","0008","1","0","0","0","0","0","0","0","0","5","0","","67","3","2022","1","40.003138","-75.195086","2356","6","0","0","0","0","0","0","0","0","","0","0","0","","","0","N","0","","40 00:11.297","","0","75 11:42.311","0","0","0","0","67301","0","0","0","N","0","0","0","2","68K01","0","","1.0","","1","N","N","N","0","","0","0","1","","0","","","2","0","0","0","0","0","0","2","0","2","","03","","N","","","","","","","","","",""
"2022020621","1513","1","0","0","0","0","0","0","0","0","1","0","","67","2","2022","2","39.938345","-75.197662","1456","6","0","0","0","0","0","0","0","0","","0","0","0","","","2","N","6","","39 56:18.041","4","2","75 11:51.584","4","0","0","0","67301","0","0","0","N","0","0","0","3","68K01","2","","1.0","1600.0","1","N","N","N","1","","0","0","0","","0","N","","2","2","0","0","0","0","0","2","0","2","","","","N","","","","","","","","","",""
"2022021523","0032","0","0","0","0","0","0","0","0","0","8","0","","67","2","2022","6","40.018021","-75.149331","0023","6","0","0","0","0","0","0","0","0","","1","0","0","","","1","N","1","","40 01:04.874","6","0","75 08:57.592","1","0","0","0","67301","2","1","1","N","2","1","1","3","67301","0","2","1.0","355.0","9","N","N","N","0","0","0","1","0","","1","Y","","3","1","0","0","0","0","1","2","0","1","","04","","N","","","","","","","","","",""
"2022026961","2125","2","0","0","0","0","0","0","0","0","5","0","","67","3","2022","1","39.943617","-75.156832","2123","6","0","0","0","0","0","0","0","0","","0","0","0","","","0","","1","","39 56:37.020","","0","75 09:24.594","0","0","0","0","67301","0","0","0","N","0","0","0","2","67301","0","","1.0","","1","N","N","N","0","","0","0","0","","2","","","2","0","0","0","0","0","0","2","0","2","","","","N","","","","","","","","","",""
"2022026224","1730","0","0","0","0","0","0","0","0","0","5","0","","67","3","2022","1","40.0641","-75.041979","1722","6","0","0","0","0","0","0","0","0","","0","0","0","","","3","N","0","","40 03:50.761","","0","75 02:31.125","2","0","2","2","67301","0","0","0","N","0","0","0","3","67301","0","","1.0","","1","N","N","N","0","","1","2","0","","2","","","2","3","0","0","0","0","0","2","0","2","","","","N","","","","","","","","","",""
"2022020472","0232","2","0","0","0","0","0","0","0","0","4","0","","67","2","2022","7","39.969468","-75.139562","0229","6","0","0","0","0","0","0","1","0","","0","0","0","","","0","","1","","39 58:10.083","4","0","75 08:22.422","0","0","0","0","67301","0","0","0","N","0","0","0","3","67301","0","","1.0","300.0","1","N","N","N","0","","0","0","0","","2","N","","2","0","0","0","0","0","0","2","0","2","","","","N","","","","","","","","","",""
"2022021289","1340","2","0","0","0","0","0","0","0","0","1","0","","67","2","2022","2","40.018131","-75.169876","1340","6","0","0","1","0","0","1","0","0","","0","0","0","","","0","N","0","","40 01:05.270","1","0","75 10:11.555","0","0","0","0","67301","0","0","0","N","0","0","0","3","67301","0","","1.0","1355.0","1","N","N","N","0","","0","0","1","","0","N","","3","0","0","0","0","0","0","2","0","3","","03","","N","","","","","","","","","",""
"2022021507","1220","1","0","0","0","0","0","0","0","0","5","0","","67","2","2022","5","40.021764","-75.049425","1206","6","0","0","0","0","0","0","0","0","","0","1","0","","","0","N","0","","40 01:18.350","","0","75 02:57.930","9","0","0","0","67301","0","0","0","N","0","0","0","1","67301","0","","6.0","","1","N","N","N","0","","0","0","1","","0","","","3","0","0","0","0","0","1","2","0","3","","04","","N","","","","","","","","","",""
"2022022452","2344","1","0","0","0","0","0","0","0","0","7","0","","67","2","2022","2","40.030449","-75.021992","2332","6","0","0","0","0","0","0","0","0","","0","0","0","","","2","N","0","","40 01:49.615","2","0","75 01:19.170","3","0","0","0","67301","0","0","0","N","0","0","0","2","68K01","0","","3.0","1157.0","9","N","N","N","0","","1","0","0","","0","N","","1","2","1","0","0","1","0","2","0","1","","","","N","","","","","","","","","",""
"2022026356","1345","1","0","0","0","0","0","0","0","0","8","0","","67","3","2022","2","39.98031","-75.146316","1338","6","0","0","0","0","0","0","0","0","","0","0","0","","","1","","1","","39 58:49.116","","0","75 08:46.737","3","0","0","0","67301","1","0","0","N","1","0","0","1","67301","0","","1.0","","1","N","N","N","0","","1","0","0","","3","","","2","1","0","0","0","0","0","2","0","1","","03","","N","","","","","","","","","",""
"2022026285","0917","0","0","0","0","0","0","0","0","0","1","0","","67","3","2022","5","39.968482","-75.129215","0906","6","0","0","0","0","0","0","0","0","","0","0","0","","","0","N","0","","39 58:06.535","","0","75 07:45.175","0","0","0","0","67301","0","0","0","N","0","0","0","3","68K01","0","","1.0","","1","N","N","N","0","","0","0","2","","0","","","2","0","0","0","0","0","0","2","0","2","","03","","N","","","","","","","","","",""
"2022000404","2105","2","0","0","0","0","0","0","0","0","4","0","","67","1","2022","7","40.080855","-75.028774","2102","6","0","0","0","0","0","0","0","0","","0","0","0","","","2","","1","","40 04:51.077","2","0","75 01:43.585","3","0","0","0","67301","0","0","0","N","0","0","0","3","67301","0","","1.0","2200.0","9","N","N","N","0","","2","0","0","","2","N","","2","2","0","0","0","0","0","2","0","2","","04","","N","","","","","","","","","",""
"2022019668","0000","2","0","0","0","0","0","0","0","0","1","0","","67","2","2022","7","40.034454","-75.11492","0000","6","0","0","0","0","0","2","0","0","","0","0","0","","","1","","1","","40 02:04.034","","0","75 06:53.712","8","0","0","0","67301","0","0","0","N","0","0","0","2","67301","0","","1.0","","1","N","N","N","0","","0","0","0","","2","","","2","1","0","0","0","1","0","2","0","2","","","","N","","","","","","","","","",""
"2022019634","2051","1","0","0","0","0","0","0","0","0","2","0","","67","2","2022","7","39.985477","-75.103666","2051","6","0","0","0","0","0","1","0","0","","0","0","0","","","1","N","0","","39 59:07.717","","0","75 06:13.196","3","0","0","0","67301","0","0","0","N","0","0","0","1","67301","0","","1.0","","1","N","N","N","0","","1","0","0","","0","","","2","1","1","0","0","0","0","2","0","2","","03","","N","","","","","","","","","",""
"2022018407","1253","0","0","0","0","0","0","0","0","0","7","0","","67","2","2022","1","40.030618","-75.021916","1238","6","0","0","0","0","0","0","0","0","","0","0","0","","","0","N","0","","40 01:50.226","2","0","75 01:18.899","0","0","0","0","67301","0","0","0","N","0","0","0","1","68K01","0","","4.0","1325.0","9","N","N","N","0","","0","0","1","","0","N","","1","0","1","0","0","0","0","2","0","1","","10","","N","","","","","","","","","",""
"2022019606","1957","3","0","0","0","0","0","0","0","0","4","0","","67","2","2022","4","40.00868","-75.068855","1947","6","0","0","0","0","0","0","1","0","","0","0","0","","","3","","1","","40 00:31.249","6","0","75 04:07.877","3","0","0","0","67301","0","0","0","N","0","0","0","4","67301","2","","1.0","2030.0","1","N","N","N","0","","1","0","0","","2","Y","","3","3","0","0","0","0","0","2","0","3","","","","N","","","","","","","","","",""
"2022015366","1720","2","0","0","0","0","0","0","0","0","1","0","","67","2","2022","5","39.980213","-75.157468","1715","6","0","0","0","0","0","0","0","0","","0","0","0","","","0","","1","","39 58:48.767","","0","75 09:26.884","0","0","0","0","67301","0","0","0","N","0","0","0","3","67505","0","","1.0","","1","N","N","N","0","","0","0","0","","2","","","2","0","0","0","0","0","0","2","0","2","","03","","N","","","","","","","","","",""
"2022021411","0016","0","0","0","0","0","0","0","0","0","7","0","","67","2","2022","5","39.998918","-75.080873","0016","6","0","0","0","0","0","1","0","0","","0","0","0","","","1","N","0","","39 59:56.103","","0","75 04:51.142","4","0","0","0","67301","0","0","0","N","0","0","0","1","68K01","1","","4.0","","9","N","N","N","0","","0","0","1","","0","","","1","1","0","0","0","0","0","2","0","1","","","","N","","","","","","","","","",""
"2022020094","0828","0","0","0","0","0","0","0","0","0","7","0","","67","1","2022","3","39.993262","-75.084465","0827","6","0","0","0","0","0","0","0","0","","0","0","0","","","0","N","7","","39 59:35.744","2","2","75 05:04.073","0","0","0","0","67301","0","0","0","N","0","0","0","3","68K01","0","","3.0","830.0","1","N","N","N","0","","0","0","1","","0","N","","1","0","0","0","0","0","0","2","0","1","","","","N","","","","","","","","","",""
"2022017109","0318","1","0","0","0","0","0","1","0","0","5","1","","67","2","2022","5","40.008148","-75.072467","0302","6","0","0","0","0","0","0","0","0","","0","0","0","","","1","","1","","40 00:29.331","1","0","75 04:20.880","3","0","0","0","67301","0","0","0","N","0","0","0","3","67301","0","","1.0","335.0","1","N","N","N","0","","1","0","0","","2","N","","2","1","0","0","0","0","0","2","0","2","","04","","N","","","","","","","","","",""
"2022026963","1355","1","0","0","0","0","0","0","0","0","2","0","","67","3","2022","4","40.027747","-75.148068","1348","6","0","0","0","1","0","0","0","1","","0","0","0","","","0","","1","","40 01:39.889","","0","75 08:53.044","0","0","0","0","67301","0","0","0","N","0","0","0","2","67301","0","","1.0","","1","N","N","N","0","","0","0","1","","3","","","2","0","0","0","0","0","0","2","0","2","","","","N","","","","","","","","","",""
"2022006117","0353","1","0","0","0","0","0","0","0","0","7","0","","67","1","2022","2","39.946454","-75.189114","0353","6","0","0","0","0","0","0","0","0","","0","0","0","","","1","N","0","","39 56:47.236","","0","75 11:20.811","3","0","0","0","67301","0","0","0","N","0","0","0","1","68K01","0","","4.0","","1","N","N","N","0","","1","0","0","","0","","","1","1","1","0","0","0","0","2","0","1","","03","","N","","","","","","","","","",""
"2022022126","0320","1","0","0","0","0","0","1","0","0","4","1","","67","1","2022","4","40.016833","-75.083677","0242","6","0","0","0","1","0","0","0","0","","0","0","0","","","3","","5","","40 01:00.598","","1","75 05:01.237","2","0","0","0","67301","0","0","0","N","0","0","0","5","67508","0","","1.0","","1","","","N","0","","0","3","0","","2","","","2","3","0","0","0","0","0","2","0","2","","03","","N","","","","","","","","","",""
"2022006693","0245","1","0","0","0","0","0","0","0","0","7","0","","67","1","2022","6","39.912372","-75.148691","0225","6","0","0","0","0","0","0","0","0","","0","0","0","","","0","N","6","","39 54:44.540","","2","75 08:55.289","0","0","0","0","67301","0","0","0","N","0","0","0","1","68K01","0","","2.0","","1","N","N","N","0","","0","0","0","","0","","","1","0","0","0","0","0","0","2","0","1","","","","N","","","","","","","","","",""
"2022018545","2355","0","0","0","0","0","0","0","0","0","5","0","","67","2","2022","2","39.959825","-75.178406","2355","6","0","0","0","0","0","0","0","0","","0","0","0","","","2","N","0","","39 57:35.371","3","0","75 10:42.262","4","0","0","0","67301","0","0","0","N","0","0","0","3","68K01","2","","1.0","18.0","9","N","N","N","1","","0","0","1","","0","N","","3","2","0","0","0","0","1","2","0","3","","","","N","","","","","","","","","",""
"2022019565","1445","0","0","0","0","0","0","0","0","0","6","1","","67","2","2022","6","40.11146","-75.00082","1406","6","0","0","0","0","0","0","0","0","","0","1","0","","","1","","2","","40 06:41.256","7","0","75 00:02.952","3","0","0","0","67301","0","0","0","N","0","0","0","2","67301","0","","1.0","1455.0","1","N","N","N","0","","1","0","0","","3","Y","","2","1","0","0","0","0","0","2","1","2","","","","N","","","","","","","","","",""
"2022006778","2216","1","0","0","0","0","0","0","0","0","1","0","","67","1","2022","2","39.946902","-75.188531","2205","6","0","0","0","1","1","0","0","0","","0","0","0","","","1","N","0","","39 56:48.846","3","0","75 11:18.710","4","0","0","0","67301","0","0","0","N","0","0","0","4","68K01","1","","1.0","2310.0","1","N","N","N","0","","0","0","2","","0","Y","","3","1","0","0","0","0","0","2","0","3","","03","","N","","","","","","","","","",""
"2022004660","0119","0","0","0","0","0","0","0","0","0","7","0","","67","1","2022","1","39.981506","-75.207148","0119","6","0","0","0","0","0","0","0","0","","0","0","0","","","0","N","0","","39 58:53.423","","0","75 12:25.733","0","0","0","0","67301","0","0","0","N","0","0","0","1","68K01","0","","2.0","","9","N","N","N","0","","0","0","0","","0","","","1","0","0","0","0","0","0","2","1","1","","","","N","","","","","","","","","",""
"2022021308","0053","2","0","0","0","0","0","0","0","0","1","0","","67","2","2022","2","39.999596","-75.069004","0051","6","0","0","0","0","0","0","1","0","","0","0","0","","","0","N","0","","39 59:58.545","","0","75 04:08.415","0","0","0","0","67301","0","0","0","N","0","0","0","1","67301","0","","1.0","","1","N","N","N","0","","0","0","0","","0","","","2","0","0","0","0","0","0","2","0","2","","","","N","","","","","","","","","",""
"2022020090","2114","1","0","0","0","0","0","0","0","0","5","0","","67","2","2022","4","39.888264","-75.203123","2111","6","0","0","0","0","0","0","1","0","","0","0","0","","","0","N","0","","39 53:17.750","1","3","75 12:11.243","0","0","0","0","67301","0","0","0","N","0","0","0","1","68K01","0","","1.0","2130.0","9","N","N","N","0","","0","0","1","","0","N","","2","0","0","0","0","0","0","2","0","2","","","","N","","","","","","","","","",""
"2022018691","0926","0","0","0","0","0","0","0","0","0","1","0","","67","2","2022","2","39.900355","-75.156781","0914","6","0","0","0","0","0","0","0","0","","0","0","0","","","1","N","0","","39 54:01.277","","0","75 09:24.410","8","0","0","0","67301","0","0","0","N","0","0","0","3","68K01","0","","1.0","","9","N","N","N","1","","0","0","0","","0","","","2","1","0","0","0","1","0","2","1","2","","","","N","","","","","","","","","",""
"2022018117","1436","1","0","0","0","0","0","0","0","0","6","0","","67","2","2022","6","39.978972","-75.153972","1435","6","0","0","0","0","0","0","0","0","","0","0","0","","","2","N","0","","39 58:44.300","","0","75 09:14.300","8","0","0","0","67301","0","0","0","N","0","0","0","3","67505","0","","1.0","","1","N","N","N","1","","0","0","0","","0","","","2","2","0","0","0","2","0","2","0","2","","03","","N","","","","","","","","","",""
"2022010825","0218","1","0","0","0","0","0","0","0","0","7","0","","67","1","2022","2","40.070871","-75.038674","0218","6","0","0","0","0","0","0","0","0","","0","0","0","","","0","N","0","","40 04:15.137","2","0","75 02:19.227","0","0","0","0","67301","0","0","0","N","0","0","0","0","67301","0","","5.0","315.0","9","N","N","N","0","","0","0","0","","0","Y","","1","0","0","0","0","0","0","2","0","1","","","","N","","","","","","","","","",""
"2022009406","","0","0","0","0","0","0","0","0","0","0","0","","67","1","2022","1","39.9585","-75.15325","","6","0","0","0","0","0","1","0","0","","0","0","0","","","1","N","0","","39 57:30.600","","0","75 09:11.700","8","0","0","1","67301","0","0","0","N","0","0","0","1","00000","0","","1.0","","1","N","N","N","0","","0","0","0","","0","","","1","1","0","0","0","1","0","2","0","1","","","","N","","","","","","","","","",""
"2022018544","0319","1","0","0","0","0","0","0","0","0","98","1","","67","2","2022","2","40.03015","-75.021844","0301","6","0","0","0","0","1","0","0","0","","0","1","0","","","2","N","0","","40 01:48.541","1","0","75 01:18.639","8","0","0","0","67301","0","0","0","N","0","0","0","9","68K01","0","","4.0","415.0","9","N","N","N","0","","0","0","3","","0","N","","5","2","0","0","0","2","0","2","0","5","","02","","N","","","","","","","","","",""
"2022019559","0710","1","0","0","0","0","0","0","0","0","8","0","","67","2","2022","4","39.950038","-75.140723","0700","6","0","0","0","0","0","0","1","0","","0","0","0","","","1","N","0","","39 57:00.135","2","0","75 08:26.603","2","0","0","0","67301","1","0","1","N","1","0","1","2","67301","0","","1.0","200.0","1","N","N","N","0","","0","1","0","","2","Y","","2","1","0","0","0","0","0","2","0","1","","03","","N","","","","","","","","","",""
"2022020876","1845","0","0","0","0","0","0","0","0","0","7","0","","67","2","2022","1","40.041085","-75.199878","1826","6","0","0","0","0","0","1","0","0","","0","0","0","","","0","N","0","","40 02:27.905","5","0","75 11:59.560","0","0","0","0","67301","0","0","0","N","0","0","0","1","67301","0","","5.0","1918.0","1","N","N","N","0","","0","0","1","","0","Y","","1","0","0","0","0","0","0","2","0","1","","","","N","","","","","","","","","",""
"2022019282","0749","1","0","0","0","0","0","0","0","0","5","1","","67","2","2022","2","39.981242","-75.102414","0730","6","0","0","0","0","0","1","0","0","","0","1","0","","","0","N","0","","39 58:52.470","1","0","75 06:08.692","0","0","0","0","67301","0","0","0","N","0","0","0","3","68K01","0","","1.0","749.0","1","N","N","N","0","","0","0","0","","0","N","","2","0","0","0","0","0","0","2","0","2","","03","","N","","","","","","","","","",""
"2022019433","0205","1","0","0","0","0","0","0","0","0","5","1","","67","2","2022","4","39.970125","-75.192659","0201","6","0","0","0","0","0","1","0","0","","0","1","0","","","1","N","0","","39 58:12.450","4","0","75 11:33.573","8","0","0","0","67301","0","0","0","N","0","0","0","2","68K01","0","","1.0","245.0","1","N","N","N","0","","0","0","0","","0","Y","","2","1","0","0","0","1","0","2","0","2","","","","N","","","","","","","","","",""
"2022027039","1423","1","0","0","0","0","0","0","0","0","5","1","","67","3","2022","3","39.992175","-75.201601","1423","6","0","0","0","0","0","0","0","0","","0","1","0","","","0","N","0","","39 59:31.829","4","0","75 12:05.763","0","0","0","0","67301","0","0","0","N","0","0","0","2","68K01","0","","1.0","1609.0","1","N","N","N","0","","0","0","0","","0","N","","2","0","0","0","0","0","0","2","0","2","","","","N","","","","","","","","","",""
"2022025799","0945","0","0","0","0","0","0","0","0","0","4","0","","67","2","2022","7","40.005821","-75.097034","0941","6","0","0","0","0","0","1","0","0","","0","1","0","","","1","","1","","40 00:20.955","","0","75 05:49.322","3","0","0","0","67301","0","0","0","N","0","0","0","3","67301","0","","1.0","","1","N","N","N","0","","1","0","1","","2","","","2","1","0","0","0","0","0","2","0","2","","03","","N","","","","","","","","","",""
"2022005999","2130","0","0","0","0","0","0","0","0","0","7","0","","67","1","2022","7","40.002176","-75.194498","2125","6","0","0","0","0","0","1","0","0","","0","0","0","","","1","N","0","","40 00:07.833","","0","75 11:40.194","3","0","0","0","67301","0","0","0","N","0","0","0","2","68K01","0","","2.0","","1","N","N","N","1","","1","0","0","","0","","","1","1","0","0","0","0","0","2","0","1","","","","N","","","","","","","","","",""
"2022020272","1225","0","0","0","0","0","0","0","0","0","4","1","","67","2","2022","3","40.035118","-75.069504","1155","6","0","0","1","0","0","0","0","0","","0","1","0","","","0","","1","","40 02:06.425","1","0","75 04:10.216","0","0","0","0","67301","0","0","0","N","0","0","0","2","67301","0","","1.0","1300.0","9","N","N","N","0","","0","0","1","","2","N","","2","0","0","0","0","0","0","2","0","2","","04","","N","","","","","","","","","",""
"2022004285","0344","1","0","0","0","0","0","0","0","0","4","0","","67","1","2022","7","39.974358","-75.148617","0331","6","0","0","0","0","0","0","0","0","","0","0","0","","","0","N","0","","39 58:27.690","","0","75 08:55.020","9","0","0","0","67301","0","0","0","N","0","0","0","1","67301","0","","2.0","","1","N","N","N","0","","0","0","1","","0","","","2","0","0","0","0","0","1","2","0","2","","03","","N","","","","","","","","","",""
"2022019561","1818","3","0","0","0","0","0","0","0","0","1","0","","67","2","2022","7","39.957664","-75.159173","1812","6","0","0","0","0","0","1","0","0","","0","0","0","","","2","N","0","","39 57:27.590","4","0","75 09:33.022","4","0","0","0","67301","0","0","0","N","0","0","0","4","67301","2","","1.0","1845.0","1","N","N","Y","0","","0","0","0","","0","N","","3","2","3","0","0","0","0","2","0","3","","03","","N","","","","","","","","","",""
"2022019685","0526","2","0","0","0","0","0","0","0","0","4","0","","67","1","2022","4","39.953327","-75.183701","0524","6","0","0","0","0","0","0","0","0","","0","0","0","","","0","","1","","39 57:11.978","","0","75 11:01.324","0","0","0","0","67301","0","0","0","N","0","0","0","2","67301","0","","1.0","","1","N","N","N","0","","0","0","0","","2","","","2","0","0","0","0","0","0","2","0","2","","","","N","","","","","","","","","",""
"2022019581","0022","2","0","0","0","0","0","0","0","0","1","0","","67","2","2022","6","39.895431","-75.233493","0005","6","0","0","0","0","0","0","0","0","","0","0","0","","","1","","2","","39 53:43.553","3","0","75 14:00.574","3","0","0","0","67301","0","0","0","N","0","0","0","2","67301","0","","1.0","134.0","1","N","N","N","0","","1","0","0","","2","N","","2","1","1","0","0","0","0","2","0","2","","03","","N","","","","","","","","","",""
"2022027261","0819","2","0","0","0","0","0","0","0","0","1","0","","67","3","2022","5","39.89615","-75.214839","0817","6","0","0","0","0","0","0","0","0","","0","0","0","","","0","N","0","","39 53:46.140","","0","75 12:53.420","0","0","0","0","67301","0","0","0","N","0","0","0","1","67301","0","","1.0","","9","N","N","N","0","","0","0","0","","0","","","2","0","0","0","0","0","0","2","0","2","","","","N","","","","","","","","","",""
"2022026499","1327","1","0","0","0","0","0","0","0","0","1","0","","67","3","2022","3","39.956128","-75.145994","1324","6","0","0","0","0","0","1","0","0","","0","0","0","","","1","N","0","","39 57:22.060","2","0","75 08:45.580","3","0","0","1","67301","0","0","0","N","0","0","0","2","67301","0","","1.0","1350.0","1","N","N","N","0","","1","0","0","","0","N","","2","1","0","0","0","0","0","2","0","2","","03","","N","","","","","","","","","",""
"2022026903","0203","1","0","0","0","0","0","0","0","0","7","0","","67","3","2022","7","39.987542","-75.207511","0153","6","0","0","0","0","0","0","0","0","","0","0","0","","","1","N","0","","39 59:15.152","4","0","75 12:27.039","3","0","0","0","67301","0","0","0","N","0","0","0","1","68K01","0","","4.0","219.0","1","N","N","N","0","","1","0","0","","0","N","","1","1","0","0","0","0","0","2","0","1","","03","","N","","","","","","","","","",""
"2022026692","1407","1","0","0","0","0","0","0","0","0","7","0","","67","3","2022","4","39.956748","-75.180347","1407","6","0","0","0","0","0","0","0","0","","0","0","0","","","0","N","0","","39 57:24.294","4","0","75 10:49.248","0","0","0","0","67301","0","0","0","N","0","0","0","1","68K01","0","","3.0","1500.0","9","N","N","N","0","","0","0","0","","0","N","","1","0","0","0","0","0","0","2","0","1","","","","N","","","","","","","","","",""