"CRN","ARRIVAL_TM","AUTOMOBILE_COUNT","BELTED_DEATH_COUNT","BELTED_SUSP_SERIOUS_INJ_COUNT","BICYCLE_COUNT","BICYCLE_DEATH_COUNT","BICYCLE_SUSP_SERIOUS_INJ_COUNT","BUS_COUNT","CHLDPAS_DEATH_COUNT","CHLDPAS_SUSP_SERIOUS_INJ_COUNT","COLLISION_TYPE","COMM_VEH_COUNT","CONS_ZONE_SPD_LIM","COUNTY","CRASH_MONTH","CRASH_YEAR","DAY_OF_WEEK","DEC_LATITUDE","DEC_LONGITUDE","DISPATCH_TM","DISTRICT","DRIVER_COUNT_16YR","DRIVER_COUNT_17YR","DRIVER_COUNT_18YR","DRIVER_COUNT_19YR","DRIVER_COUNT_20YR","DRIVER_COUNT_50_64YR","DRIVER_COUNT_65_74YR","DRIVER_COUNT_75PLUS","EST_HRS_CLOSED","FATAL_COUNT","HEAVY_TRUCK_COUNT","HORSE_BUGGY_COUNT","HOUR_OF_DAY","ILLUMINATION","INJURY_COUNT","INTERSECTION_RELATED","INTERSECT_TYPE","LANE_CLOSED","LATITUDE","LN_CLOSE_DIR","LOCATION_TYPE","LONGITUDE","MAX_SEVERITY_LEVEL","MCYCLE_DEATH_COUNT","MCYCLE_SUSP_SERIOUS_INJ_COUNT","MOTORCYCLE_COUNT","MUNICIPALITY","NONMOTR_COUNT","NONMOTR_DEATH_COUNT","NONMOTR_SUSP_SERIOUS_INJ_COUNT","NTFY_HIWY_MAINT","PED_COUNT","PED_DEATH_COUNT","PED_SUSP_SERIOUS_INJ_COUNT","PERSON_COUNT","POLICE_AGCY","POSSIBLE_INJ_COUNT","RDWY_SURF_TYPE_CD","RELATION_TO_ROAD","ROADWAY_CLEARED","ROAD_CONDITION","SCH_BUS_IND","SCH_ZONE_IND","SECONDARY_CRASH","SMALL_TRUCK_COUNT","SPEC_JURIS_CD","SUSP_MINOR_INJ_COUNT","SUSP_SERIOUS_INJ_COUNT","SUV_COUNT","TCD_FUNC_CD","TCD_TYPE","TFC_DETOUR_IND","TIME_OF_DAY","TOTAL_UNITS","TOT_INJ_COUNT","UNBELTED_OCC_COUNT","UNB_DEATH_COUNT","UNB_SUSP_SERIOUS_INJ_COUNT","UNK_INJ_DEG_COUNT","UNK_INJ_PER_COUNT","URBAN_RURAL","VAN_COUNT","VEHICLE_COUNT","WEATHER1","WEATHER2","WORKERS_PRES","WORK_ZONE_IND","WORK_ZONE_LOC","WORK_ZONE_TYPE","WZ_CLOSE_DETOUR","WZ_FLAGGER","WZ_LAW_OFFCR_IND","WZ_LN_CLOSURE","WZ_MOVING","WZ_OTHER","WZ_SHLDER_MDN","WZ_WORKERS_INJ_KILLED"
"2022020270","0327","1","0","0","0","0","0","0","0","0","5","1","","67","2","2022","6","40.040813","-75.107488","0327","6","0","0","0","0","0","0","0","0","","0","1","0","","","0","N","0","","40 02:26.927","2","0","75 06:26.958","9","0","0","0","67301","0","0","0","N","0","0","0","1","67301","0","","6.0","430.0","9","N","N","N","0","","0","0","0","","0","N","","2","0","0","0","0","0","1","2","0","2","","","","N","","","","","","","","","",""
"2022016610","1926","1","0","0","0","0","0","0","0","0","1","0","","67","1","2022","1","39.909382","-75.149293","1918","6","0","0","0","0","0","0","0","0","","0","0","0","","","0","N","0","","39 54:33.776","","0","75 08:57.455","0","0","0","0","67301","0","0","0","N","0","0","0","2","68K01","0","","2.0","","9","N","N","N","0","","0","0","1","","0","","","2","0","0","0","0","0","0","2","0","2","","07","","N","","","","","","","","","",""
"2022019547","1032","1","0","0","0","0","0","0","0","0","1","0","","67","2","2022","5","40.039792","-75.110407","1030","6","0","0","0","1","0","0","0","0","","0","0","0","","","1","N","0","","40 02:23.251","","0","75 06:37.464","4","0","0","0","67301","0","0","0","N","0","0","0","2","67301","1","","1.0","","1","N","N","N","0","","0","0","1","","0","","","2","1","0","0","0","0","0","2","0","2","","03","","N","","","","","","","","","",""
"2022019674","1705","0","0","0","0","0","0","0","0","0","7","1","","67","2","2022","7","40.017675","-75.172516","1700","6","0","0","0","0","0","1","0","0","","0","1","0","","","1","N","0","","40 01:03.630","2","1","75 10:21.059","2","0","0","0","67301","0","0","0","N","0","0","0","2","67301","0","","1.0","1845.0","1","N","N","N","0","","0","1","0","","0","N","","1","1","1","0","1","0","0","2","0","1","","03","","N","","","","","","","","","",""
"2022020139","1320","2","0","0","0","0","0","0","0","0","2","0","","67","2","2022","4","39.999234","-75.147397","1314","6","0","0","0","0","0","1","0","0","","0","0","0","","","2","","1","","39 59:57.243","","0","75 08:50.630","3","0","0","0","67301","0","0","0","N","0","0","0","3","67301","0","","1.0","","1","N","N","N","0","","2","0","0","","2","","","2","2","0","0","0","0","1","2","0","2","","","","N","","","","","","","","","",""
"2022012255","1754","2","0","0","0","0","0","0","0","0","1","0","","67","1","2022","1","39.96826","-75.128985","1742","6","0","0","0","0","0","3","0","0","","0","0","0","","","0","N","0","","39 58:05.737","1","0","75 07:44.345","0","0","0","0","67301","0","0","0","N","0","0","0","7","68K01","0","","1.0","1838.0","9","N","N","N","0","","0","0","4","","0","N","","7","0","0","0","0","0","0","2","1","7","","03","","N","","","","","","","","","",""
"2022018404","0257","0","0","0","0","0","0","0","0","0","7","0","","67","2","2022","1","39.960153","-75.180146","0248","6","0","0","0","0","0","0","0","0","","0","0","0","","","0","N","0","","39 57:36.552","","0","75 10:48.527","0","0","0","0","67301","0","0","0","N","0","0","0","1","68K01","0","","4.0","","9","N","N","N","0","","0","0","1","","0","","","1","0","0","0","0","0","0","2","0","1","","10","","N","","","","","","","","","",""
"2022019631","1144","3","0","0","0","0","0","0","0","0","1","0","","67","2","2022","3","39.978693","-75.157938","1143","6","0","1","0","0","0","1","0","0","","0","0","0","","","2","","1","","39 58:43.293","","0","75 09:28.577","3","0","0","0","67301","0","0","0","N","0","0","0","4","67301","0","","3.0","","1","N","N","N","0","","2","0","0","","0","","","3","2","0","0","0","0","1","2","0","3","","03","","N","","","","","","","","","",""
"2022018320","0203","0","0","0","0","0","0","0","0","0","7","0","","67","2","2022","2","39.969468","-75.192339","0200","6","0","0","0","0","0","0","0","0","","0","0","0","","","0","N","0","","39 58:10.085","3","0","75 11:32.421","0","0","0","0","67301","0","0","0","N","0","0","0","1","68K01","0","","3.0","205.0","1","N","N","N","0","","0","0","1","","0","N","","1","0","0","0","0","0","0","2","0","1","","","","N","","","","","","","","","",""
"2022026808","2330","2","0","0","0","0","0","0","0","0","1","0","","67","1","2022","4","39.994849","-75.106599","2330","6","0","0","0","0","0","0","0","0","","0","0","0","","","1","N","0","","39 59:41.455","","0","75 06:23.755","3","0","0","0","67301","0","0","0","N","0","0","0","2","67301","0","","1.0","","1","N","Y","N","0","","1","0","0","","0","","","2","1","0","0","0","0","0","2","0","2","","03","","N","","","","","","","","","",""
"2022019266","1912","0","0","0","0","0","0","0","0","0","7","0","","67","2","2022","4","39.967728","-75.18958","1912","6","0","0","0","0","0","0","0","0","","0","0","0","","","0","N","0","","39 58:03.822","","0","75 11:22.488","9","0","0","0","67301","0","0","0","N","0","0","0","1","68K01","0","","4.0","","1","N","N","N","0","","0","0","1","","0","","","1","0","0","0","0","0","1","2","0","1","","","","N","","","","","","","","","",""
"2022019608","0052","2","0","0","0","0","0","0","0","0","1","0","","67","2","2022","6","40.016439","-75.073189","0052","6","0","0","0","0","0","0","0","0","","0","0","0","","","0","N","0","","40 00:59.180","3","0","75 04:23.480","0","0","0","0","67301","0","0","0","N","0","0","0","0","67301","0","","1.0","131.0","9","N","N","N","0","","0","0","0","","0","N","","2","0","0","0","0","0","0","2","0","2","","","","N","","","","","","","","","",""
"2022025260","1717","1","0","0","0","0","0","0","0","0","7","0","","67","3","2022","6","39.919511","-75.223058","1717","6","0","0","0","0","0","0","0","0","","0","0","0","","","0","N","0","","39 55:10.240","","0","75 13:23.010","0","0","0","0","67301","0","0","0","N","0","0","0","1","67301","0","","4.0","","1","N","N","N","0","","0","0","0","","2","","","1","0","1","0","0","0","0","2","0","1","","03","","N","","","","","","","","","",""
"2022016760","0940","0","0","0","0","0","0","0","0","0","5","2","","67","2","2022","2","39.900242","-75.230558","0930","6","0","0","0","0","0","0","0","0","","0","2","0","","","1","N","0","","39 54:00.870","","0","75 13:50.010","3","0","0","0","67301","0","0","0","N","0","0","0","2","67301","0","","6.0","","1","N","N","N","0","","1","0","0","","0","","","2","1","0","0","0","0","0","2","0","2","","","","N","","","","","","","","","",""
"2022015972","0255","1","0","0","0","0","0","0","0","0","5","1","","67","2","2022","7","40.014794","-75.177738","0252","6","0","0","0","0","0","0","0","0","","0","1","0","","","2","N","0","","40 00:53.259","1","0","75 10:39.855","3","0","0","0","67301","0","0","0","N","0","0","0","3","67301","0","","1.0","306.0","1","N","N","N","0","","2","0","0","","0","N","","2","2","0","0","0","0","0","2","0","2","","03","","N","","","","","","","","","",""
"2022020231","1029","3","0","0","0","0","0","0","0","0","1","0","","67","2","2022","2","39.952801","-75.140985","1010","6","0","0","0","0","0","2","0","0","","0","0","0","","","0","N","0","","39 57:10.083","","0","75 08:27.546","0","0","0","0","67301","0","0","0","N","0","0","0","3","68K01","0","","1.0","","1","N","N","N","0","","0","0","0","","0","","","3","0","0","0","0","0","0","2","0","3","","","","N","","","","","","","","","",""
"2022004237","0730","1","0","0","0","0","0","0","0","0","4","0","","67","1","2022","4","40.0294","-75.056079","0730","6","0","0","0","0","0","0","0","0","","0","0","0","","","3","","1","","40 01:45.839","","0","75 03:21.884","4","0","0","0","67301","0","0","0","N","0","0","0","3","67301","3","","1.0","","98","N","N","N","0","","0","0","1","","2","","","2","3","0","0","0","0","0","2","0","2","","06","","N","","","","","","","","","",""
"2022019597","1535","0","0","0","0","0","0","0","0","0","1","0","","67","2","2022","7","40.040536","-75.058133","1518","6","0","0","0","0","0","0","0","0","","0","0","0","","","3","N","0","","40 02:25.928","","0","75 03:29.277","3","0","0","0","67301","0","0","0","N","0","0","0","3","67301","0","","1.0","","1","N","N","N","0","","3","0","2","","0","","","2","3","3","0","0","0","0","2","0","2","","03","","N","","","","","","","","","",""
"2022021620","1233","1","0","0","0","0","0","0","0","0","7","0","","67","2","2022","5","39.951709","-75.141471","1229","6","0","0","0","0","0","0","0","0","","0","0","0","","","0","N","7","","39 57:06.151","","2","75 08:29.297","0","0","0","0","67301","0","0","0","N","0","0","0","1","68K01","0","","2.0","","1","N","N","N","0","","0","0","0","","0","","","1","0","0","0","0","0","0","2","0","1","","","","N","","","","","","","","","",""
"2022004227","0929","2","0","0","0","0","0","0","0","0","6","0","","67","1","2022","4","40.084456","-75.228075","0915","6","0","0","0","0","0","0","1","0","","0","0","0","","","0","N","0","","40 05:04.040","2","3","75 13:41.070","0","0","0","0","67301","0","0","0","N","0","0","0","2","67301","0","","1.0","1129.0","2","N","N","Y","0","","0","0","0","","0","N","","2","0","1","0","0","0","0","2","0","2","","05","","N","","","","","","","","","",""
"2022019665","2333","2","0","0","0","0","0","0","0","0","4","0","","67","2","2022","4","40.037892","-75.139495","2332","6","0","0","0","0","0","0","0","0","","0","0","0","","","2","","1","","40 02:16.411","7","0","75 08:22.183","3","0","0","0","67301","0","0","0","N","0","0","0","2","67301","0","","1.0","200.0","1","N","N","N","0","","2","0","0","","2","Y","","2","2","2","0","0","0","0","2","0","2","","03","","N","","","","","","","","","",""
"2022026734","1330","0","0","0","0","0","0","0","0","0","1","0","","67","3","2022","2","39.976045","-75.195429","1325","6","0","0","0","0","0","1","0","1","","0","0","0","","","2","N","0","","39 58:33.763","3","0","75 11:43.544","3","0","0","0","67301","0","0","0","N","0","0","0","2","68K01","0","","1.0","1355.0","1","N","N","N","0","","2","0","2","","0","N","","2","2","0","0","0","0","0","2","0","2","","","","N","","","","","","","","","",""
"2022004153","1017","1","0","0","0","0","0","0","0","0","1","0","","67","1","2022","4","40.028303","-75.110042","1011","6","0","0","0","0","0","1","0","0","","0","0","0","","","1","N","0","","40 01:41.890","","0","75 06:36.150","4","0","0","0","67301","0","0","0","N","0","0","0","1","67301","1","","1.0","","1","N","N","N","0","","0","0","1","","0","","","2","1","0","0","0","0","0","2","0","2","","03","","N","","","","","","","","","",""
"2022019461","2033","2","0","0","0","0","0","0","0","0","1","0","","67","2","2022","4","39.962253","-75.182731","2029","6","0","0","0","0","0","1","0","0","","0","0","0","","","2","N","0","","39 57:44.111","","0","75 10:57.831","3","0","0","0","67301","0","0","0","N","0","0","0","3","68K01","0","","1.0","","1","N","N","N","0","","2","0","0","","0","","","2","2","0","0","0","0","0","2","0","2","","03","","N","","","","","","","","","",""
"2022008847","2222","0","0","0","0","0","0","0","0","0","5","0","","67","1","2022","5","39.899144","-75.175868","2221","6","0","0","0","0","0","0","1","0","","0","0","0","","","1","N","0","","39 53:56.917","1","0","75 10:33.126","3","0","0","0","67301","0","0","0","N","0","0","0","2","68K01","0","","1.0","2253.0","1","N","N","N","0","","1","0","0","","0","N","","2","1","0","0","0","0","1","2","1","2","","03","","N","","","","","","","","","",""
"2022004342","1944","1","0","0","0","0","0","0","0","0","6","0","","67","1","2022","3","39.995891","-75.191423","1938","6","0","0","0","0","0","0","0","0","","0","0","0","","","0","","2","","39 59:45.209","","0","75 11:29.122","0","0","0","0","67301","0","0","0","N","0","0","0","1","67301","0","","1.0","","2","N","N","N","0","","0","0","0","","0","","","2","0","0","0","0","0","0","2","0","2","","03","","N","","","","","","","","","",""
"2022019426","0823","1","0","0","0","0","0","0","0","0","7","0","","67","1","2022","6","40.037721","-75.011497","0823","6","0","0","0","0","0","0","0","0","","0","0","0","","","1","N","0","","40 02:15.795","1","0","75 00:41.388","8","0","0","0","67301","0","0","0","N","0","0","0","1","68K01","0","","4.0","35.0","1","N","N","Y","0","","0","0","0","","0","N","","1","1","0","0","0","1","0","2","0","1","","03","","N","","","","","","","","","",""
"2022027036","0833","1","0","0","0","0","0","0","0","0","1","0","","67","3","2022","2","40.010935","-75.062161","0819","6","0","0","0","0","0","1","0","0","","0","0","0","","","0","N","0","","40 00:39.366","","0","75 03:43.778","0","0","0","0","67301","0","0","0","N","0","0","0","2","68K01","0","","1.0","","1","N","N","N","0","","0","0","1","","0","","","2","0","0","0","0","0","0","2","0","2","","03","","N","","","","","","","","","",""
"2022019672","1403","0","0","0","0","0","0","0","0","0","4","1","","67","2","2022","6","40.020404","-75.152107","1222","6","0","0","0","0","0","1","0","0","","0","1","0","","","1","","1","","40 01:13.453","4","3","75 09:07.586","3","0","0","0","67301","0","0","0","N","0","0","0","2","67301","0","","1.0","1451.0","1","N","N","N","0","","1","0","1","","2","N","","2","1","0","0","0","0","0","2","0","2","","03","","N","","","","","","","","","",""
"2022011924","","0","0","0","0","0","0","0","0","0","1","0","","67","1","2022","1","40.029306","-75.189222","","6","0","0","0","0","0","0","0","0","","0","0","0","","","2","N","0","","40 01:45.500","","0","75 11:21.200","8","0","0","0","67301","0","0","0","N","0","0","0","3","00000","0","","1.0","","9","N","N","N","0","","0","0","1","","0","","","2","2","0","0","0","2","0","2","0","2","","","","N","","","","","","","","","",""
"2022019475","2352","0","0","0","0","0","0","0","0","0","7","0","","67","2","2022","1","39.931686","-75.199816","2344","6","0","0","0","0","0","0","0","0","","0","0","0","","","1","N","0","","39 55:54.071","3","0","75 11:59.336","3","0","0","0","67301","0","0","0","N","0","0","0","1","68K01","0","","4.0","1300.0","1","N","N","N","0","","1","0","1","","0","N","","1","1","0","0","0","0","0","2","0","1","","03","","N","","","","","","","","","",""
"2022019885","2103","0","0","0","0","0","0","0","0","0","7","1","","67","2","2022","3","40.043905","-75.180183","2100","6","0","0","0","0","0","0","0","0","","0","1","0","","","1","N","0","","40 02:38.058","","7","75 10:48.658","3","0","0","0","67301","0","0","0","N","0","0","0","1","67301","0","","4.0","","9","N","N","N","0","","1","0","0","","0","","","1","1","0","0","0","0","0","2","0","1","","07","","N","","","","","","","","","",""
"2022019748","1739","3","0","0","0","0","0","0","0","0","4","0","","67","2","2022","7","40.041584","-75.03407","1731","6","0","0","0","0","0","2","0","0","","0","0","0","","","1","","1","","40 02:29.702","6","0","75 02:02.651","4","0","0","0","67301","0","0","0","N","0","0","0","3","67301","1","","1.0","1840.0","1","N","N","N","0","","0","0","0","","3","N","","3","1","0","0","0","0","0","2","0","3","","","","N","","","","","","","","","",""
"2022007421","0105","0","0","0","0","0","0","0","0","0","7","0","","67","1","2022","7","39.932589","-75.200035","0105","6","0","0","0","0","0","0","0","0","","0","0","0","","","0","N","0","","39 55:57.319","4","0","75 12:00.125","0","0","0","0","67301","0","0","0","N","0","0","0","1","68K01","0","","4.0","135.0","1","N","N","N","0","","0","0","1","","0","N","","1","0","0","0","0","0","0","2","0","1","","","","N","","","","","","","","","",""
"2022019646","2235","0","0","0","0","0","0","0","0","0","3","1","","67","2","2022","5","39.999816","-75.139071","2234","6","0","0","1","0","0","1","0","0","","0","1","0","","","1","","2","","39 59:59.337","","0","75 08:20.656","3","0","0","0","67301","0","0","0","N","0","0","0","4","67301","0","","1.0","","1","N","N","N","0","","1","0","1","","0","","","2","1","0","0","0","0","0","2","0","2","","","","N","","","","","","","","","",""
"2022018708","0035","1","0","0","0","0","0","0","0","0","1","0","","67","2","2022","3","39.931813","-75.199906","0028","6","0","0","1","0","0","0","0","0","","0","0","0","","","0","N","0","","39 55:54.527","3","0","75 11:59.663","0","0","0","0","67301","0","0","0","N","0","0","0","2","68K01","0","","1.0","130.0","1","N","N","N","0","","0","0","1","","0","N","","2","0","0","0","0","0","0","2","0","2","","","","N","","","","","","","","","",""
"2022019448","0723","1","0","0","0","0","0","0","0","0","1","0","","67","2","2022","1","40.038001","-75.011396","0703","6","0","0","0","0","0","0","0","0","","0","0","0","","","0","N","0","","40 02:16.804","2","0","75 00:41.027","0","0","0","0","67301","0","0","0","N","0","0","0","2","68K01","0","","1.0","730.0","9","N","N","N","0","","0","0","0","","0","N","","2","0","0","0","0","0","0","2","1","2","","10","","N","","","","","","","","","",""
"2022010630","1921","1","0","0","0","0","0","0","0","0","1","0","","67","1","2022","1","40.035643","-75.016835","1906","6","0","0","0","0","0","0","0","0","","0","0","0","","","0","N","0","","40 02:08.316","1","0","75 01:00.606","9","0","0","0","67301","0","0","0","N","0","0","0","2","68K01","0","","2.0","1950.0","7","N","N","N","0","","0","0","0","","0","N","","2","0","0","0","0","0","1","2","0","2","","","","N","","","","","","","","","",""
"2022015859","0634","1","0","0","0","0","0","0","0","0","5","0","","67","1","2022","5","39.967219","-75.132612","0631","6","0","0","0","0","0","0","0","0","","0","0","0","","","1","N","0","","39 58:01.989","1","0","75 07:57.404","8","0","0","0","67301","0","0","0","N","0","0","0","2","68K01","0","","1.0","644.0","1","N","N","N","0","","0","0","0","","0","N","","2","1","0","0","0","1","1","2","0","2","","","","N","","","","","","","","","",""
"2022019582","2016","2","0","0","0","0","0","0","0","0","6","0","","67","2","2022","3","40.040916","-75.187325","2012","6","0","0","0","0","0","0","0","0","","0","0","0","","","0","","1","","40 02:27.297","","0","75 11:14.370","0","0","0","0","67301","0","0","0","N","0","0","0","2","67301","0","","1.0","","1","N","N","N","0","","0","0","0","","2","","","2","0","0","0","0","0","0","2","0","2","","03","","N","","","","","","","","","",""
"2022004265","1115","1","0","0","0","0","0","0","0","0","2","0","","67","1","2022","3","39.985753","-75.164533","1112","6","0","0","0","0","0","0","0","0","","0","0","0","","","0","","2","","39 59:08.710","","0","75 09:52.318","0","0","0","0","67301","0","0","0","N","0","0","0","2","67301","0","","1.0","","1","N","N","N","1","","0","0","0","","2","","","2","0","0","0","0","0","0","2","0","2","","03","","N","","","","","","","","","",""
"2022019919","0350","1","0","0","0","0","0","0","0","0","7","0","","67","2","2022","2","39.964871","-75.133759","0346","6","0","0","0","0","0","0","0","0","","0","0","0","","","2","N","0","","39 57:53.534","","0","75 08:01.532","3","0","0","0","67301","0","0","0","N","0","0","0","2","67301","1","","5.0","","1","N","N","N","0","","1","0","0","","0","","","1","2","0","0","0","0","0","2","0","1","","03","","N","","","","","","","","","",""
"2022003176","0818","1","0","0","0","0","0","0","0","0","7","0","","67","1","2022","7","39.982641","-75.207778","0813","6","0","0","0","0","0","0","0","0","","0","0","0","","","0","N","0","","39 58:57.509","","0","75 12:28.000","0","0","0","0","67301","0","0","0","N","0","0","0","1","68K01","0","","2.0","","9","N","N","N","0","","0","0","0","","0","","","1","0","0","0","0","0","0","2","0","1","","05","","N","","","","","","","","","",""
"2022004341","1930","1","0","0","0","0","0","0","0","0","2","0","","67","1","2022","3","39.995689","-75.191471","1925","6","0","0","0","0","0","0","0","0","","0","0","0","","","0","","2","","39 59:44.480","","0","75 11:29.297","0","0","0","0","67301","0","0","0","N","0","0","0","2","67301","0","","1.0","","2","N","N","N","0","","0","0","1","","0","","","2","0","0","0","0","0","0","2","0","2","","98","","N","","","","","","","","","",""
"2022018352","2055","2","0","0","0","0","0","0","0","0","2","0","","67","2","2022","7","39.927203","-75.172399","2055","6","0","0","0","0","0","1","0","0","","0","0","0","","","0","N","0","","39 55:37.930","","0","75 10:20.638","0","0","0","0","67301","0","0","0","N","0","0","0","2","67505","0","","1.0","","1","N","N","N","0","","0","0","0","","0","","","2","0","0","0","0","0","0","2","0","2","","03","","N","","","","","","","","","",""
"2022019603","1548","3","0","0","0","0","0","0","0","0","1","0","","67","2","2022","3","40.035552","-75.067612","1542","6","0","0","0","0","0","2","0","0","","0","0","0","","","1","N","0","","40 02:07.988","","0","75 04:03.402","3","0","0","0","67301","0","0","0","N","0","0","0","3","67301","0","","1.0","","1","N","N","N","0","","1","0","0","","0","","","3","1","0","0","0","0","0","2","0","3","","","","N","","","","","","","","","",""
"2022018697","0801","1","0","0","0","0","0","0","0","0","1","0","","67","2","2022","3","39.956824","-75.153398","0800","6","0","0","0","0","0","0","0","0","","0","0","0","","","1","N","0","","39 57:24.566","3","0","75 09:12.231","3","0","0","0","67301","0","0","0","N","0","0","0","3","68K01","0","","1.0","825.0","1","N","N","N","0","","1","0","2","","0","N","","3","1","0","0","0","0","0","2","0","3","","03","","N","","","","","","","","","",""
"2022005277","0027","1","0","0","0","0","0","0","0","0","7","0","","67","1","2022","7","39.939664","-75.196303","0000","6","0","0","1","0","0","0","0","0","","0","0","0","","","1","N","0","","39 56:22.791","4","0","75 11:46.689","8","0","0","0","67301","0","0","0","N","0","0","0","1","68K01","0","","2.0","50.0","1","N","N","N","0","","0","0","0","","0","Y","","1","1","0","0","0","1","0","2","0","1","","","","N","","","","","","","","","",""
"2022016568","1857","0","0","0","0","0","0","0","0","0","1","0","","67","2","2022","3","40.03092","-75.021788","1838","6","0","0","0","0","0","1","0","0","","0","0","0","","","2","N","0","","40 01:51.312","","0","75 01:18.437","8","0","0","0","67301","0","0","0","N","0","0","0","2","68K01","0","","1.0","","1","N","N","N","0","","0","0","1","","0","","","2","2","0","0","0","2","0","2","0","2","","","","N","","","","","","","","","",""
"2022004240","2050","1","0","0","0","0","0","0","0","0","4","0","","67","1","2022","6","40.012552","-75.073222","2044","6","0","0","0","0","0","0","0","0","","0","0","0","","","1","","1","","40 00:45.188","","0","75 04:23.599","8","0","0","0","67301","0","0","0","N","0","0","0","5","67301","0","","1.0","","1","N","N","N","0","","0","0","1","","2","","","2","1","0","0","0","1","1","2","0","2","","03","","N","","","","","","","","","",""
"2022010875","0850","1","0","0","0","0","0","0","0","0","7","0","","67","1","2022","4","39.996561","-75.133767","0834","6","0","0","0","0","0","0","0","0","","0","0","0","","","0","N","0","","39 59:47.620","2","0","75 08:01.560","0","0","0","0","67301","0","0","0","N","0","0","0","1","67301","0","","5.0","1039.0","2","N","N","N","0","","0","0","0","","0","Y","","1","0","0","0","0","0","0","2","0","1","","","","N","","","","","","","","","",""
"2022004160","1657","0","0","0","0","0","0","0","0","0","8","0","","67","1","2022","7","39.925854","-75.181168","1656","6","0","0","0","0","0","0","0","0","","0","0","0","","","1","","1","","39 55:33.075","7","0","75 10:52.206","3","0","0","0","67301","1","0","0","N","1","0","0","2","67301","0","","1.0","1715.0","9","N","N","N","0","","1","0","0","","2","Y","","2","1","0","0","0","0","1","2","0","1","","04","","N","","","","","","","","","",""
"2022010842","0232","0","0","0","0","0","0","0","0","0","7","0","","67","1","2022","7","40.002897","-75.079217","0226","6","0","0","0","0","0","0","0","0","","0","0","0","","","1","N","0","","40 00:10.429","4","0","75 04:45.182","8","0","0","0","67301","0","0","0","N","0","0","0","2","67301","0","","2.0","45.0","9","N","N","N","0","","0","0","1","","0","N","","1","1","0","0","0","1","0","2","0","1","","","","N","","","","","","","","","",""
"2022018696","0750","2","0","0","0","0","0","0","0","0","1","0","","67","2","2022","3","39.945651","-75.190161","0730","6","0","0","0","0","0","0","0","0","","0","0","0","","","1","N","0","","39 56:44.342","3","0","75 11:24.578","3","0","0","0","67301","0","0","0","N","0","0","0","2","68K01","0","","1.0","830.0","1","N","N","N","0","","1","0","0","","0","N","","2","1","0","0","0","0","0","2","0","2","","","","N","","","","","","","","","",""
"2022025941","1510","0","0","0","0","0","0","0","0","0","4","0","","67","3","2022","7","39.983212","-75.15695","1505","6","0","0","0","0","1","0","0","0","","1","0","0","","","1","","1","","39 58:59.563","","0","75 09:25.021","1","1","0","1","67301","0","0","0","N","0","0","0","4","67301","0","2","1.0","","1","N","N","N","0","0","0","0","1","","2","","","2","1","0","0","0","1","1","2","0","2","","03","","N","","","","","","","","","",""
"2022003904","1401","1","0","0","0","0","0","0","0","0","0","0","","67","1","2022","7","39.981274","-75.206905","1357","6","0","0","1","0","0","0","0","0","","0","0","0","","","0","N","0","","39 58:52.588","","0","75 12:24.858","0","0","0","0","67301","0","0","0","N","0","0","0","1","68K01","0","","4.0","","9","N","N","N","0","","0","0","0","","0","","","1","0","0","0","0","0","0","2","0","1","","","","N","","","","","","","","","",""
"2022019591","1826","1","0","0","0","0","0","0","0","0","2","0","","67","2","2022","1","40.031222","-75.021724","1826","6","0","0","0","0","0","0","0","0","","0","0","0","","","0","","2","","40 01:52.399","","0","75 01:18.206","0","0","0","0","67301","0","0","0","N","0","0","0","2","67301","0","","1.0","","1","N","N","N","0","","0","0","1","","1","","","2","0","2","0","0","0","0","2","0","2","","03","","N","","","","","","","","","",""
"2022019590","2030","1","0","0","0","0","0","0","0","0","4","0","","67","2","2022","7","40.040323","-75.058538","2010","6","0","0","0","0","0","1","0","0","","0","0","0","","","2","","1","","40 02:25.164","","0","75 03:30.737","8","0","0","0","67301","0","0","0","N","0","0","0","3","67301","0","","1.0","","1","N","N","N","0","","0","0","1","","2","","","2","2","0","0","0","2","1","2","0","2","","","","N","","","","","","","","","",""
"2022019618","0220","1","0","0","0","0","0","0","0","0","1","0","","67","2","2022","7","39.939634","-75.198161","0212","6","0","0","0","0","0","0","0","0","","0","0","0","","","1","","1","","39 56:22.681","","3","75 11:53.378","3","0","0","0","67301","0","0","0","N","0","0","0","2","67301","0","","1.0","","1","N","N","N","0","","1","0","0","","2","","","2","1","0","0","0","0","0","2","0","2","","03","","N","","","","","","","","","",""
"2022014423","","1","0","0","0","0","0","0","0","0","4","0","","67","1","2022","4","40.021356","-75.052107","","6","0","0","0","0","0","0","0","0","","0","0","0","","","3","N","0","","40 01:16.881","","7","75 03:07.585","8","0","0","0","67301","0","0","0","N","0","0","0","4","00000","0","","1.0","","1","N","N","N","0","","0","0","1","","0","","","2","3","0","0","0","3","0","2","0","2","","","","N","","","","","","","","","",""
"2022025220","0240","3","0","0","0","0","0","0","0","0","7","0","","67","3","2022","7","40.019521","-75.160477","0232","6","0","0","0","0","0","0","0","0","","0","0","0","","","0","N","0","","40 01:10.275","","0","75 09:37.717","0","0","0","0","67301","0","0","0","N","0","0","0","4","67301","0","","2.0","","1","N","N","N","0","","0","0","0","","0","","","4","0","0","0","0","0","0","2","0","4","","03","","N","","","","","","","","","",""