"CRN","ARRIVAL_TM","AUTOMOBILE_COUNT","BELTED_DEATH_COUNT","BELTED_SUSP_SERIOUS_INJ_COUNT","BICYCLE_COUNT","BICYCLE_DEATH_COUNT","BICYCLE_SUSP_SERIOUS_INJ_COUNT","BUS_COUNT","CHLDPAS_DEATH_COUNT","CHLDPAS_SUSP_SERIOUS_INJ_COUNT","COLLISION_TYPE","COMM_VEH_COUNT","CONS_ZONE_SPD_LIM","COUNTY","CRASH_MONTH","CRASH_YEAR","DAY_OF_WEEK","DEC_LATITUDE","DEC_LONGITUDE","DISPATCH_TM","DISTRICT","DRIVER_COUNT_16YR","DRIVER_COUNT_17YR","DRIVER_COUNT_18YR","DRIVER_COUNT_19YR","DRIVER_COUNT_20YR","DRIVER_COUNT_50_64YR","DRIVER_COUNT_65_74YR","DRIVER_COUNT_75PLUS","EST_HRS_CLOSED","FATAL_COUNT","HEAVY_TRUCK_COUNT","HORSE_BUGGY_COUNT","HOUR_OF_DAY","ILLUMINATION","INJURY_COUNT","INTERSECTION_RELATED","INTERSECT_TYPE","LANE_CLOSED","LATITUDE","LN_CLOSE_DIR","LOCATION_TYPE","LONGITUDE","MAX_SEVERITY_LEVEL","MCYCLE_DEATH_COUNT","MCYCLE_SUSP_SERIOUS_INJ_COUNT","MOTORCYCLE_COUNT","MUNICIPALITY","NONMOTR_COUNT","NONMOTR_DEATH_COUNT","NONMOTR_SUSP_SERIOUS_INJ_COUNT","NTFY_HIWY_MAINT","PED_COUNT","PED_DEATH_COUNT","PED_SUSP_SERIOUS_INJ_COUNT","PERSON_COUNT","POLICE_AGCY","POSSIBLE_INJ_COUNT","RDWY_SURF_TYPE_CD","RELATION_TO_ROAD","ROADWAY_CLEARED","ROAD_CONDITION","SCH_BUS_IND","SCH_ZONE_IND","SECONDARY_CRASH","SMALL_TRUCK_COUNT","SPEC_JURIS_CD","SUSP_MINOR_INJ_COUNT","SUSP_SERIOUS_INJ_COUNT","SUV_COUNT","TCD_FUNC_CD","TCD_TYPE","TFC_DETOUR_IND","TIME_OF_DAY","TOTAL_UNITS","TOT_INJ_COUNT","UNBELTED_OCC_COUNT","UNB_DEATH_COUNT","UNB_SUSP_SERIOUS_INJ_COUNT","UNK_INJ_DEG_COUNT","UNK_INJ_PER_COUNT","URBAN_RURAL","VAN_COUNT","VEHICLE_COUNT","WEATHER1","WEATHER2","WORKERS_PRES","WORK_ZONE_IND","WORK_ZONE_LOC","WORK_ZONE_TYPE","WZ_CLOSE_DETOUR","WZ_FLAGGER","WZ_LAW_OFFCR_IND","WZ_LN_CLOSURE","WZ_MOVING","WZ_OTHER","WZ_SHLDER_MDN","WZ_WORKERS_INJ_KILLED"
"2022004187","0906","0","0","0","0","0","0","0","0","0","6","0","","67","1","2022","2","39.964995","-75.159488","0857","6","0","0","0","0","0","0","1","0","","0","0","0","","","1","","1","","39 57:53.981","","0","75 09:34.158","4","0","0","0","67301","0","0","0","N","0","0","0","1","67301","1","","1.0","","2","N","N","N","0","","0","0","1","","0","","","2","1","0","0","0","0","0","2","0","2","","03","","N","","","","","","","","","",""
"2022025803","1646","1","0","0","0","0","0","0","0","0","4","0","","67","3","2022","7","40.00848","-75.1087","1646","6","0","0","0","0","0","0","0","0","","0","0","0","","","1","","1","","40 00:30.527","","0","75 06:31.319","4","0","0","0","67301","0","0","0","N","0","0","0","3","67301","1","","1.0","","9","N","N","N","0","","0","0","1","","3","","","2","1","0","0","0","0","1","2","0","2","","","","N","","","","","","","","","",""
"2022018402","0246","1","0","0","0","0","0","0","0","0","7","0","","67","2","2022","7","39.958339","-75.165522","0239","6","0","0","0","0","0","0","0","0","","0","0","0","","","0","N","0","","39 57:30.019","4","0","75 09:55.880","0","0","0","0","67301","0","0","0","N","0","0","0","1","68K01","0","","4.0","315.0","1","N","N","N","0","","0","0","0","","0","N","","1","0","0","0","0","0","0","2","0","1","","03","","N","","","","","","","","","",""
"2022019743","1635","4","0","0","0","0","0","0","0","0","4","0","","67","2","2022","3","40.057376","-75.052953","1623","6","0","0","0","0","0","2","0","0","","0","0","0","","","0","N","0","","40 03:26.555","1","0","75 03:10.629","0","0","0","0","67301","0","0","0","N","0","0","0","4","67301","0","","1.0","100.0","9","N","N","N","0","","0","0","0","","0","N","","4","0","0","0","0","0","0","2","0","4","","04","","N","","","","","","","","","",""
"2022025986","1302","1","0","0","0","0","0","0","0","0","4","0","","67","3","2022","6","40.04324","-75.052268","1257","6","0","0","0","0","0","1","0","0","","0","0","0","","","1","","1","","40 02:35.664","","0","75 03:08.163","4","0","0","1","67301","0","0","0","N","0","0","0","1","67301","1","","1.0","","1","N","N","N","0","","0","0","0","","2","","","2","1","0","0","0","0","0","2","0","2","","","","N","","","","","","","","","",""
"2022018060","2142","1","0","0","0","0","0","0","0","0","7","0","","67","2","2022","2","40.031373","-75.021599","2137","6","0","0","0","0","0","0","0","0","","0","0","0","","","0","N","0","","40 01:52.941","","0","75 01:17.755","0","0","0","0","67301","0","0","0","Y","0","0","0","1","68K01","0","","2.0","","9","N","N","N","0","","0","0","0","","0","","","1","0","0","0","0","0","0","2","0","1","","03","","N","","","","","","","","","",""
"2022016614","1800","1","0","0","0","0","0","0","0","0","7","0","","67","1","2022","1","39.969795","-75.125677","1743","6","0","0","0","0","0","0","0","0","","0","0","0","","","0","N","7","","39 58:11.262","","2","75 07:32.438","0","0","0","0","67301","0","0","0","Y","0","0","0","1","68K01","0","","7.0","","9","N","N","N","0","","0","0","0","","0","","","1","0","0","0","0","0","0","2","0","1","","10","","N","","","","","","","","","",""
"2022005630","1354","1","0","0","0","0","0","0","0","0","1","0","","67","1","2022","6","39.96011","-75.179769","1347","6","0","0","0","0","0","0","0","0","","0","0","0","","","2","N","0","","39 57:36.397","4","3","75 10:47.167","3","0","0","0","67301","0","0","0","N","0","0","0","4","68K01","0","","1.0","1459.0","1","N","N","N","0","","1","0","1","","0","N","","2","2","0","0","0","1","0","2","0","2","","03","","N","","","","","","","","","",""
"2022010824","0805","0","0","0","0","0","0","0","0","0","7","0","","67","1","2022","6","40.097517","-75.047954","0756","6","0","0","0","0","0","1","0","0","","0","0","0","","","1","N","0","","40 05:51.061","","0","75 02:52.636","3","0","0","0","67301","0","0","0","N","0","0","0","1","67301","0","","5.0","","1","N","N","N","0","","1","0","1","","0","","","1","1","0","0","0","0","0","2","0","1","","","","N","","","","","","","","","",""
"2022010268","0736","1","0","0","0","0","0","0","0","0","7","0","","67","1","2022","6","39.960251","-75.180746","0724","6","0","0","1","0","0","0","0","0","","0","0","0","","","0","N","0","","39 57:36.902","4","0","75 10:50.685","0","0","0","0","67301","0","0","0","N","0","0","0","1","68K01","0","","4.0","826.0","1","N","N","N","0","","0","0","0","","0","N","","1","0","0","0","0","0","0","2","0","1","","03","","N","","","","","","","","","",""
"2022020086","1600","1","0","0","0","0","0","0","0","0","2","0","","67","2","2022","3","40.055884","-75.011901","1549","6","0","0","0","0","0","1","0","0","","0","0","0","","","1","N","0","","40 03:21.182","1","0","75 00:42.842","3","0","0","0","67301","0","0","0","N","0","0","0","2","67301","0","","1.0","100.0","9","N","N","N","1","","1","0","0","","0","N","","2","1","0","0","0","0","0","2","0","2","","07","","N","","","","","","","","","",""
"2022007728","1132","2","0","0","0","0","0","0","0","0","4","0","","67","1","2022","4","39.957288","-75.15746","1132","6","0","0","0","0","0","0","0","0","","0","0","0","","","1","N","0","","39 57:26.236","4","0","75 09:26.855","3","0","0","0","67301","0","0","0","N","0","0","0","3","68K01","0","","1.0","1300.0","1","N","N","Y","0","","1","0","1","","0","N","","3","1","0","0","0","0","1","2","0","3","","03","","N","","","","","","","","","",""
"2022019654","1745","0","0","0","0","0","0","0","0","0","4","1","","67","2","2022","2","39.987686","-75.142515","1742","6","0","0","0","0","0","1","0","0","","0","1","0","","","2","","1","","39 59:15.669","","0","75 08:33.053","3","0","0","0","67301","0","0","0","N","0","0","0","2","67301","0","","1.0","","1","N","N","N","1","","2","0","0","","3","","","2","2","0","0","0","0","0","2","0","2","","03","","N","","","","","","","","","",""
"2022020236","0158","1","0","0","0","0","0","0","0","0","7","0","","67","2","2022","5","39.980925","-75.206476","0150","6","0","0","0","0","0","0","0","0","","0","0","0","","","2","N","0","","39 58:51.330","3","0","75 12:23.312","3","0","0","0","67301","0","0","0","N","0","0","0","2","68K01","0","","4.0","243.0","1","N","N","N","0","","2","0","0","","0","N","","1","2","2","0","0","0","0","2","0","1","","03","","N","","","","","","","","","",""
"2022018568","1511","2","0","0","0","0","0","0","0","0","1","0","","67","2","2022","5","39.956899","-75.152965","1501","6","0","0","0","0","0","1","0","0","","0","0","0","","","0","N","0","","39 57:24.835","3","0","75 09:10.673","0","0","0","0","67301","0","0","0","N","0","0","0","2","68K01","0","","1.0","1515.0","1","N","N","N","0","","0","0","0","","0","N","","2","0","0","0","0","0","0","2","0","2","","03","","N","","","","","","","","","",""
"2022019273","1524","1","0","0","0","0","0","0","0","0","1","0","","67","2","2022","7","40.010122","-75.063411","1506","6","0","0","0","0","0","1","0","0","","0","0","0","","","1","N","0","","40 00:36.438","1","0","75 03:48.281","3","0","0","0","67301","0","0","0","N","0","0","0","3","68K01","0","","1.0","1535.0","1","N","N","N","0","","1","0","1","","0","N","","3","1","0","0","0","0","0","2","1","3","","","","N","","","","","","","","","",""
"2022004223","0446","1","0","0","0","0","0","0","0","0","7","0","","67","1","2022","7","40.072748","-75.188476","0444","6","0","0","0","0","0","0","0","0","","0","0","0","","","0","","2","","40 04:21.894","","0","75 11:18.513","0","0","0","0","67301","0","0","0","N","0","0","0","2","67301","0","","4.0","","9","N","N","N","0","","0","0","0","","2","","","1","0","0","0","0","0","0","2","0","1","","07","","N","","","","","","","","","",""
"2022006701","0246","0","0","0","0","0","0","0","0","0","5","0","","67","1","2022","7","40.006821","-75.073735","0233","6","0","0","0","0","0","0","0","0","","0","0","0","","","0","N","0","","40 00:24.557","","0","75 04:25.446","0","0","0","0","67301","0","0","0","N","0","0","0","2","68K01","0","","1.0","","1","N","N","N","0","","0","0","2","","0","","","2","0","0","0","0","0","0","2","0","2","","03","","N","","","","","","","","","",""
"2022019937","0828","1","0","0","0","0","0","0","0","0","1","0","","67","2","2022","5","39.970771","-75.124854","0812","6","0","0","0","0","0","1","0","0","","0","0","0","","","0","N","0","","39 58:14.775","","0","75 07:29.473","0","0","0","0","67301","0","0","0","N","0","0","0","6","68K01","0","","1.0","","1","N","N","N","1","","0","0","2","","0","","","4","0","0","0","0","0","0","2","0","4","","03","","N","","","","","","","","","",""
"2022019470","0039","1","0","0","0","0","0","0","0","0","7","0","","67","2","2022","7","39.986653","-75.091648","0031","6","0","0","0","0","0","0","0","0","","0","0","0","","","0","N","0","","39 59:11.949","2","0","75 05:29.931","0","0","0","0","67301","0","0","0","N","0","0","0","1","68K01","0","","4.0","100.0","1","N","N","N","0","","0","0","0","","0","N","","1","0","0","0","0","0","0","2","0","1","","03","","N","","","","","","","","","",""
"2022017581","0613","1","0","0","0","0","0","0","0","0","7","0","","67","2","2022","1","39.955078","-75.140759","0602","6","0","0","0","0","0","0","0","0","","0","0","0","","","1","N","0","","39 57:18.282","1","0","75 08:26.731","8","0","0","0","67301","0","0","0","Y","0","0","0","1","68K01","0","","4.0","658.0","9","N","N","N","0","","0","0","0","","0","N","","1","1","1","0","0","1","0","2","0","1","","","","N","","","","","","","","","",""
"2022018572","2109","1","0","0","0","0","0","0","0","0","7","0","","67","2","2022","5","40.031411","-75.021584","2051","6","0","0","0","0","0","0","0","0","","0","0","0","","","0","N","0","","40 01:53.081","","0","75 01:17.704","0","0","0","0","67301","0","0","0","N","0","0","0","1","68K01","0","","4.0","","8","N","N","N","0","","0","0","0","","0","","","1","0","0","0","0","0","0","2","0","1","","07","","N","","","","","","","","","",""
"2022023870","0041","1","0","0","0","0","0","0","0","0","7","0","","67","2","2022","2","39.995384","-75.197585","0037","6","0","0","0","0","0","0","0","0","","0","0","0","","","1","N","0","","39 59:43.384","4","0","75 11:51.307","4","0","0","0","67301","0","0","0","N","0","0","0","1","68K01","1","","4.0","110.0","1","N","N","N","0","","0","0","0","","0","N","","1","1","0","0","0","0","0","2","0","1","","","","N","","","","","","","","","",""
"2022023733","1845","1","0","0","0","0","0","0","0","0","8","0","","67","3","2022","4","39.93243","-75.224588","1845","6","0","0","0","0","0","0","0","0","","0","0","0","","","1","","1","","39 55:56.749","","0","75 13:28.517","3","0","0","0","67301","1","0","0","N","1","0","0","2","67301","0","","1.0","","1","N","N","N","0","","1","0","0","","2","","","2","1","0","0","0","0","0","2","0","1","","03","","N","","","","","","","","","",""
"2022030295","0215","1","0","0","0","0","0","0","0","0","7","0","","67","3","2022","7","39.957953","-75.233502","0209","6","0","0","0","0","0","0","0","0","","0","0","0","","","0","","1","","39 57:28.630","","0","75 14:00.608","0","0","0","0","67301","0","0","0","N","0","0","0","1","67301","0","","5.0","","1","N","N","N","0","","0","0","0","","2","","","1","0","0","0","0","0","0","2","0","1","","","","N","","","","","","","","","",""
"2022023746","1235","1","0","0","0","0","0","0","0","0","2","0","","67","3","2022","7","40.077559","-75.208109","1225","6","0","0","0","0","0","0","1","0","","0","0","0","","","0","N","0","","40 04:39.212","","0","75 12:29.193","0","0","0","0","67301","0","0","0","N","0","0","0","1","67301","0","","1.0","","1","N","N","N","0","","0","0","1","","0","","","2","0","0","0","0","0","0","2","0","2","","","","N","","","","","","","","","",""
"2022019615","2240","1","0","0","0","0","0","0","0","0","4","0","","67","2","2022","4","39.985802","-75.215608","2232","6","0","0","0","0","0","0","0","0","","0","0","0","","","1","","1","","39 59:08.888","","0","75 12:56.190","3","0","0","0","67301","0","0","0","N","0","0","0","2","67301","0","","1.0","","1","N","N","N","0","","1","0","0","","2","","","2","1","0","0","0","0","1","2","0","2","","","","N","","","","","","","","","",""
"2022023164","2118","0","0","0","0","0","0","0","0","0","1","0","","67","2","2022","4","39.993395","-75.084704","2101","6","0","0","0","0","0","0","0","0","","0","0","0","","","1","N","0","","39 59:36.223","","0","75 05:04.935","3","0","0","0","67301","0","0","0","N","0","0","0","3","68K01","0","","1.0","","1","N","N","N","0","","1","0","1","","0","","","2","1","0","0","0","0","0","2","1","2","","","","N","","","","","","","","","",""
"2022030171","1235","1","0","0","0","0","0","0","0","0","4","0","","67","3","2022","6","40.012866","-75.071814","1230","6","0","0","0","0","0","0","0","0","","0","0","0","","","0","","1","","40 00:46.319","","0","75 04:18.532","0","0","0","0","67301","0","0","0","N","0","0","0","1","67301","0","","1.0","","1","N","N","N","1","","0","0","0","","3","","","2","0","1","0","0","0","0","2","0","2","","03","","N","","","","","","","","","",""
"2022024015","0639","0","0","0","0","0","0","0","0","0","7","0","","67","2","2022","6","40.043615","-75.003021","0630","6","0","0","0","0","0","1","0","0","","0","0","0","","","0","N","0","","40 02:37.013","2","0","75 00:10.875","0","0","0","0","67301","0","0","0","N","0","0","0","1","68K01","0","","4.0","655.0","9","N","N","N","1","","0","0","0","","0","N","","1","0","0","0","0","0","0","2","0","1","","","","N","","","","","","","","","",""
"2022024996","1610","1","0","0","0","0","0","0","0","0","1","1","","67","2","2022","7","39.968065","-75.130633","1557","6","0","0","0","1","0","0","0","0","","0","1","0","","","0","N","0","","39 58:05.033","2","0","75 07:50.279","0","0","0","0","67301","0","0","0","N","0","0","0","3","68K01","0","","1.0","1645.0","1","N","N","Y","0","","0","0","0","","0","N","","2","0","0","0","0","0","0","2","0","2","","","","N","","","","","","","","","",""
"2022023801","0540","1","0","0","0","0","0","0","0","0","2","1","","67","3","2022","6","40.002787","-75.152664","0537","6","0","0","0","0","0","3","0","0","","0","1","0","","","2","N","0","","40 00:10.032","","0","75 09:09.589","8","0","0","0","67301","0","0","0","N","0","0","0","3","67301","0","","1.0","","1","N","N","N","0","","0","0","1","","2","","","3","2","0","0","0","2","1","2","0","3","","03","","N","","","","","","","","","",""
"2022019570","1932","1","0","0","0","0","0","0","0","0","4","0","","67","2","2022","3","40.080669","-74.969942","1931","6","0","0","0","0","0","0","0","0","","0","0","0","","","0","N","0","","40 04:50.410","","7","74 58:11.790","0","0","0","0","67301","0","0","0","N","0","0","0","0","67301","0","","5.0","","8","N","N","N","1","","0","0","0","","3","","","2","0","0","0","0","0","0","2","0","2","","07","","N","","","","","","","","","",""
"2022019578","0725","2","0","0","0","0","0","0","0","0","4","0","","67","2","2022","5","39.913562","-75.221589","0717","6","0","0","0","0","0","1","0","0","","0","0","0","","","1","","1","","39 54:48.822","","0","75 13:17.722","3","0","0","0","67301","0","0","0","N","0","0","0","2","67301","0","","1.0","","1","N","N","N","0","","1","0","0","","2","","","2","1","0","0","0","0","1","2","0","2","","98","","N","","","","","","","","","",""
"2022023730","2120","3","0","0","0","0","0","0","0","0","1","0","","67","3","2022","3","39.919827","-75.24676","2106","6","0","0","0","0","0","0","0","0","","0","0","0","","","1","N","0","","39 55:11.376","","0","75 14:48.335","3","0","0","0","67301","0","0","0","N","0","0","0","1","67301","0","","1.0","","1","N","N","N","0","","1","0","0","","0","","","3","1","0","0","0","0","0","2","0","3","","98","","N","","","","","","","","","",""
"2022031935","2039","1","0","0","0","0","0","0","0","0","7","0","","67","3","2022","4","39.996761","-75.196755","2036","6","0","0","0","0","0","0","0","0","","0","0","0","","","1","N","0","","39 59:48.339","3","0","75 11:48.318","3","0","0","0","67301","0","0","0","N","0","0","0","1","68T07","0","","4.0","30.0","1","N","N","N","0","","1","0","0","","0","N","","1","1","0","0","0","0","0","2","0","1","","03","","N","","","","","","","","","",""
"2022031441","1602","1","0","0","0","0","0","0","0","0","8","0","","67","3","2022","5","40.027303","-75.167733","1557","6","0","0","0","0","0","0","0","0","","0","0","0","","","1","N","0","","40 01:38.290","","0","75 10:03.840","3","0","0","0","67301","1","0","0","N","1","0","0","2","67301","0","","1.0","","1","N","N","N","0","","1","0","0","","0","","","2","1","0","0","0","0","0","2","0","1","","","","N","","","","","","","","","",""
"2022030337","0135","2","0","0","0","0","0","0","0","0","4","0","","67","3","2022","1","39.917005","-75.234662","0129","6","0","0","0","0","0","0","0","0","","0","0","0","","","0","","1","","39 55:01.217","","0","75 14:04.783","0","0","0","0","67301","0","0","0","N","0","0","0","1","67301","0","","1.0","","1","N","N","Y","0","","0","0","3","","2","","","5","0","1","0","0","0","0","2","0","5","","03","","N","","","","","","","","","",""
"2022030170","1246","2","0","0","0","0","0","0","0","0","4","0","","67","3","2022","7","40.035118","-75.069504","1234","6","0","0","0","0","0","0","0","0","","0","0","0","","","1","","5","","40 02:06.425","1","0","75 04:10.216","8","0","0","0","67301","0","0","0","N","0","0","0","2","67301","0","","1.0","1510.0","1","N","N","N","0","","0","0","0","","2","N","","2","1","0","0","0","1","0","2","0","2","","","","N","","","","","","","","","",""
"2022018694","1625","2","0","0","0","0","0","0","0","0","1","0","","67","2","2022","2","40.039859","-75.006799","1556","6","0","0","0","0","0","0","0","0","","0","0","0","","","1","N","0","","40 02:23.492","","0","75 00:24.476","4","0","0","0","67301","0","0","0","N","0","0","0","3","68K01","1","","1.0","","9","N","N","N","0","","0","0","0","","0","","","3","1","0","0","0","0","1","2","0","3","","04","","N","","","","","","","","","",""
"2022023711","0134","1","0","0","0","0","0","0","0","0","7","0","","67","3","2022","3","40.058335","-75.070403","0128","6","0","0","0","0","0","0","0","0","","0","0","0","","","1","","2","","40 03:30.006","1","0","75 04:13.449","3","0","0","0","67301","0","0","0","N","0","0","0","1","67301","0","","2.0","130.0","1","N","N","N","0","","1","0","0","","3","N","","1","1","0","0","0","0","0","2","0","1","","03","","N","","","","","","","","","",""
"2022018390","0744","1","0","0","0","0","0","0","0","0","5","0","","67","1","2022","6","40.037624","-75.011766","0743","6","0","0","0","0","1","0","0","0","","0","1","0","","","0","N","0","","40 02:15.447","1","0","75 00:42.358","0","0","0","0","67301","0","0","0","N","0","0","0","3","68K01","0","","4.0","35.0","1","N","N","N","0","","0","0","0","","0","N","","2","0","0","0","0","0","0","2","0","2","","03","","N","","","","","","","","","",""
"2022029922","1000","1","0","0","0","0","0","0","0","0","4","1","","67","3","2022","2","40.000175","-75.117318","1000","6","0","0","0","0","0","0","0","0","","0","1","0","","","0","","2","","40 00:00.630","3","0","75 07:02.344","9","0","0","0","67301","0","0","0","N","0","0","0","2","67301","0","","1.0","2300.0","1","N","N","N","0","","0","0","1","","0","Y","","3","0","0","0","0","0","2","2","0","3","","","","N","","","","","","","","","",""
"2022024108","1840","1","0","0","0","0","0","0","0","0","5","1","","67","3","2022","3","39.949756","-75.16752","1838","6","0","0","0","0","0","0","0","0","","0","1","0","","","0","","1","","39 56:59.121","4","0","75 10:03.071","0","0","0","0","67301","0","0","0","N","0","0","0","2","67301","0","","1.0","1910.0","1","N","N","N","0","","0","0","0","","2","N","","2","0","0","0","0","0","0","2","0","2","","","","N","","","","","","","","","",""
"2022023187","1648","2","0","0","0","0","0","0","0","0","1","0","","67","3","2022","5","39.958505","-75.167833","1635","6","0","0","0","0","0","1","0","0","","0","0","0","","","1","N","0","","39 57:30.617","","0","75 10:04.198","8","0","0","0","67301","0","0","0","N","0","0","0","3","68K01","0","","1.0","","1","N","N","N","0","","0","0","0","","0","","","2","1","0","0","0","1","0","2","0","2","","","","N","","","","","","","","","",""
"2022025008","0834","2","0","0","0","0","0","0","0","0","5","0","","67","3","2022","2","39.982822","-75.208019","0822","6","0","0","0","0","0","0","0","0","","0","0","0","","","0","N","0","","39 58:58.159","","0","75 12:28.868","0","0","0","0","67301","0","0","0","N","0","0","0","2","68K01","0","","1.0","","1","N","N","N","0","","0","0","0","","0","","","2","0","0","0","0","0","0","2","0","2","","03","","N","","","","","","","","","",""
"2022031543","2310","2","0","0","0","0","0","0","0","0","5","0","","67","3","2022","4","39.978797","-75.109246","2304","6","0","0","0","0","0","0","0","0","","0","0","0","","","0","N","0","","39 58:43.670","1","0","75 06:33.287","0","0","0","0","67301","0","0","0","N","0","0","0","1","68Z99","0","","1.0","15.0","1","N","N","N","0","","0","0","0","","0","N","","2","0","0","0","0","0","0","2","0","2","","03","","N","","","","","","","","","",""
"2022030861","1521","3","0","0","0","0","0","0","0","0","5","0","","67","3","2022","1","39.98673","-75.159493","1520","6","0","0","0","1","0","0","0","0","","0","0","0","","","0","","1","","39 59:12.227","","0","75 09:34.174","0","0","0","0","67301","0","0","0","N","0","0","0","1","67301","0","","1.0","","1","N","N","N","0","","0","0","0","","2","","","3","0","0","0","0","0","0","2","0","3","","04","","N","","","","","","","","","",""
"2022024047","1448","1","0","0","0","0","0","0","0","0","4","0","","67","3","2022","1","39.968109","-75.129496","1433","6","0","0","0","0","0","0","0","0","","0","0","0","","","0","N","0","","39 58:05.192","","0","75 07:46.187","9","0","0","0","67301","0","0","0","N","0","0","0","4","68K01","0","","1.0","","1","N","N","N","1","","0","0","0","","0","","","2","0","0","0","0","0","1","2","0","2","","","","N","","","","","","","","","",""
"2022031225","0842","2","0","0","0","0","0","0","0","0","4","0","","67","3","2022","2","39.962553","-75.232521","0827","6","0","0","0","0","0","0","0","0","","0","0","0","","","2","","1","","39 57:45.192","","0","75 13:57.077","3","0","0","0","67301","0","0","0","N","0","0","0","2","67301","0","","1.0","","1","N","N","N","0","","2","0","1","","3","","","4","2","0","0","0","0","0","2","1","4","","","","N","","","","","","","","","",""
"2022023170","0555","1","0","0","0","0","0","0","0","0","1","1","","67","2","2022","3","40.018832","-75.046916","0541","6","0","0","0","0","0","0","0","0","","0","1","0","","","0","N","0","","40 01:07.796","2","0","75 02:48.896","0","0","0","0","67301","0","0","0","N","0","0","0","2","68K01","0","","1.0","542.0","1","N","N","N","0","","0","0","0","","0","N","","2","0","0","0","0","0","0","2","0","2","","03","","N","","","","","","","","","",""
"2022018692","1044","0","0","0","0","0","0","0","0","0","7","1","","67","2","2022","2","39.956409","-75.141504","1044","6","0","0","0","0","0","0","0","0","","0","1","0","","","2","N","0","","39 57:23.074","2","0","75 08:29.414","4","0","0","0","67301","0","0","0","Y","0","0","0","6","68K01","1","","4.0","1230.0","9","N","N","N","1","","0","0","1","","0","N","","3","2","0","0","0","1","0","2","0","3","","","","N","","","","","","","","","",""
"2022023698","0930","0","0","0","0","0","0","0","0","0","5","1","","67","2","2022","2","39.923794","-75.193283","0850","6","0","0","0","0","0","0","0","0","","0","1","0","","","0","N","0","","39 55:25.660","","0","75 11:35.820","0","0","0","0","67301","0","0","0","N","0","0","0","1","67301","0","","6.0","","1","N","N","N","0","","0","0","1","","0","","","2","0","0","0","0","0","0","2","0","2","","03","","N","","","","","","","","","",""
"2022023752","2107","2","0","0","0","0","0","1","0","0","4","1","","67","2","2022","4","40.026503","-75.04216","2106","6","0","0","0","0","0","0","0","0","","0","0","0","","","1","","1","","40 01:35.410","7","0","75 02:31.777","3","0","0","0","67301","0","0","0","N","0","0","0","4","67301","0","","1.0","2200.0","1","N","N","N","0","","1","0","0","","3","Y","","3","1","0","0","0","0","0","2","0","3","","03","","N","","","","","","","","","",""
"2022022957","1336","0","0","0","0","0","0","0","0","0","1","0","","67","2","2022","2","39.95696","-75.155703","1330","6","0","0","0","0","0","0","0","0","","0","0","0","","","0","N","0","","39 57:25.057","3","0","75 09:20.531","0","0","0","0","67301","0","0","0","N","0","0","0","3","68K01","0","","1.0","1340.0","1","N","N","N","0","","0","0","3","","0","N","","3","0","0","0","0","0","0","2","0","3","","","","N","","","","","","","","","",""
"2022030968","1100","2","0","0","0","0","0","0","0","0","4","0","","67","3","2022","3","40.004978","-75.154668","1037","6","0","0","0","0","0","0","0","0","","0","0","0","","","0","","1","","40 00:17.920","","0","75 09:16.804","0","0","0","0","67301","0","0","0","N","0","0","0","1","67301","0","","1.0","","1","N","Y","N","0","","0","0","0","","3","","","2","0","0","0","0","0","0","2","0","2","","","","N","","","","","","","","","",""
"2022023175","1026","0","0","0","0","0","0","0","0","0","7","0","","67","2","2022","6","39.998502","-75.080946","1012","6","0","0","0","0","0","0","1","0","","0","0","0","","","0","N","0","","39 59:54.607","","0","75 04:51.405","0","0","0","0","67301","0","0","0","N","0","0","0","1","68K01","0","","3.0","","9","N","N","N","0","","0","0","1","","0","","","1","0","0","0","0","0","0","2","0","1","","","","N","","","","","","","","","",""
"2022030574","0105","1","0","0","0","0","0","0","0","0","5","1","","67","3","2022","6","39.959862","-75.177713","0058","6","0","0","0","0","0","1","0","0","","0","1","0","","","1","N","0","","39 57:35.504","4","0","75 10:39.765","3","0","0","0","67301","0","0","0","N","0","0","0","3","68K01","0","","1.0","129.0","9","N","N","N","0","","1","0","0","","0","N","","2","1","0","0","0","0","0","2","0","2","","07","","N","","","","","","","","","",""
"2022023539","0150","1","0","0","0","0","0","0","0","0","1","0","","67","2","2022","1","40.032096","-75.021299","0140","6","0","0","0","0","0","1","0","0","","0","0","0","","","7","N","0","","40 01:55.546","2","0","75 01:16.677","3","0","0","0","67301","0","0","0","N","0","0","0","8","68K01","0","","1.0","230.0","1","N","N","N","0","","7","0","1","","0","N","","3","7","0","0","0","0","0","2","1","3","","","","N","","","","","","","","","",""
"2022030796","0551","2","0","0","0","0","0","0","0","0","4","0","","67","3","2022","3","39.925946","-75.243955","0541","6","0","0","0","0","0","1","0","0","","0","0","0","","","1","N","0","","39 55:33.405","","0","75 14:38.237","3","0","0","0","67301","0","0","0","N","0","0","0","1","67301","0","","6.0","","1","N","N","N","0","","1","0","0","","0","","","2","1","0","0","0","0","0","2","0","2","","03","","N","","","","","","","","","",""
"2022023785","2347","0","0","0","0","0","0","0","0","0","8","0","","67","2","2022","5","39.96969","-75.140669","2344","6","0","0","0","0","0","0","0","0","","0","0","0","","","1","","2","","39 58:10.883","","0","75 08:26.410","2","0","0","0","67301","1","0","1","N","1","0","1","2","67301","0","","1.0","","9","N","N","N","0","","0","1","0","","0","","","2","1","0","0","0","0","1","2","0","1","","","","N","","","","","","","","","",""