"CRN","ARRIVAL_TM","AUTOMOBILE_COUNT","BELTED_DEATH_COUNT","BELTED_SUSP_SERIOUS_INJ_COUNT","BICYCLE_COUNT","BICYCLE_DEATH_COUNT","BICYCLE_SUSP_SERIOUS_INJ_COUNT","BUS_COUNT","CHLDPAS_DEATH_COUNT","CHLDPAS_SUSP_SERIOUS_INJ_COUNT","COLLISION_TYPE","COMM_VEH_COUNT","CONS_ZONE_SPD_LIM","COUNTY","CRASH_MONTH","CRASH_YEAR","DAY_OF_WEEK","DEC_LATITUDE","DEC_LONGITUDE","DISPATCH_TM","DISTRICT","DRIVER_COUNT_16YR","DRIVER_COUNT_17YR","DRIVER_COUNT_18YR","DRIVER_COUNT_19YR","DRIVER_COUNT_20YR","DRIVER_COUNT_50_64YR","DRIVER_COUNT_65_74YR","DRIVER_COUNT_75PLUS","EST_HRS_CLOSED","FATAL_COUNT","HEAVY_TRUCK_COUNT","HORSE_BUGGY_COUNT","HOUR_OF_DAY","ILLUMINATION","INJURY_COUNT","INTERSECTION_RELATED","INTERSECT_TYPE","LANE_CLOSED","LATITUDE","LN_CLOSE_DIR","LOCATION_TYPE","LONGITUDE","MAX_SEVERITY_LEVEL","MCYCLE_DEATH_COUNT","MCYCLE_SUSP_SERIOUS_INJ_COUNT","MOTORCYCLE_COUNT","MUNICIPALITY","NONMOTR_COUNT","NONMOTR_DEATH_COUNT","NONMOTR_SUSP_SERIOUS_INJ_COUNT","NTFY_HIWY_MAINT","PED_COUNT","PED_DEATH_COUNT","PED_SUSP_SERIOUS_INJ_COUNT","PERSON_COUNT","POLICE_AGCY","POSSIBLE_INJ_COUNT","RDWY_SURF_TYPE_CD","RELATION_TO_ROAD","ROADWAY_CLEARED","ROAD_CONDITION","SCH_BUS_IND","SCH_ZONE_IND","SECONDARY_CRASH","SMALL_TRUCK_COUNT","SPEC_JURIS_CD","SUSP_MINOR_INJ_COUNT","SUSP_SERIOUS_INJ_COUNT","SUV_COUNT","TCD_FUNC_CD","TCD_TYPE","TFC_DETOUR_IND","TIME_OF_DAY","TOTAL_UNITS","TOT_INJ_COUNT","UNBELTED_OCC_COUNT","UNB_DEATH_COUNT","UNB_SUSP_SERIOUS_INJ_COUNT","UNK_INJ_DEG_COUNT","UNK_INJ_PER_COUNT","URBAN_RURAL","VAN_COUNT","VEHICLE_COUNT","WEATHER1","WEATHER2","WORKERS_PRES","WORK_ZONE_IND","WORK_ZONE_LOC","WORK_ZONE_TYPE","WZ_CLOSE_DETOUR","WZ_FLAGGER","WZ_LAW_OFFCR_IND","WZ_LN_CLOSURE","WZ_MOVING","WZ_OTHER","WZ_SHLDER_MDN","WZ_WORKERS_INJ_KILLED"
"2022024013","0204","0","0","0","0","0","0","0","0","0","7","0","","67","2","2022","6","39.995985","-75.082786","0156","6","0","0","0","0","0","0","0","0","","0","0","0","","","0","N","0","","39 59:45.547","1","0","75 04:58.030","0","0","0","0","67301","0","0","0","N","0","0","0","1","68K01","0","","4.0","220.0","9","N","N","N","0","","0","0","1","","0","Y","","1","0","0","0","0","0","0","2","0","1","","","","N","","","","","","","","","",""
"2022023180","0924","0","0","0","0","0","0","0","0","0","7","0","","67","2","2022","1","39.960314","-75.180953","0916","6","0","0","0","0","0","0","0","0","","0","0","0","","","0","N","7","","39 57:37.132","3","2","75 10:51.430","0","0","0","0","67301","0","0","0","N","0","0","0","1","68K01","0","","2.0","1000.0","1","N","N","N","1","","0","0","0","","0","N","","1","0","1","0","0","0","0","2","0","1","","","","N","","","","","","","","","",""
"2022019568","1614","2","0","0","0","0","0","0","0","0","4","0","","67","2","2022","6","40.057111","-75.042456","1559","6","0","0","0","0","0","0","0","0","","0","0","0","","","0","","3","","40 03:25.600","","0","75 02:32.841","0","0","0","0","67301","0","0","0","N","0","0","0","1","67301","0","","1.0","","1","N","N","N","0","","0","0","0","","3","","","2","0","0","0","0","0","0","2","0","2","","03","","N","","","","","","","","","",""
"2022023534","1223","2","0","0","0","0","0","0","0","0","1","0","","67","2","2022","4","39.94835","-75.186402","1223","6","0","0","0","0","0","0","0","0","","0","0","0","","","0","N","6","","39 56:54.059","","2","75 11:11.048","0","0","0","0","67301","0","0","0","N","0","0","0","3","68K01","0","","1.0","","1","N","N","N","0","","0","0","1","","0","","","3","0","0","0","0","0","0","2","0","3","","03","","N","","","","","","","","","",""
"2022030868","0120","3","0","0","0","0","0","0","0","0","5","0","","67","3","2022","7","39.957598","-75.160472","0108","6","0","0","0","0","0","0","0","0","","0","0","0","","","0","N","0","","39 57:27.354","","0","75 09:37.698","0","0","0","0","67301","0","0","0","N","0","0","0","2","68K01","0","","4.0","","1","N","N","N","0","","0","0","0","","0","","","4","0","0","0","0","0","0","2","1","4","","03","","N","","","","","","","","","",""
"2022019567","1557","2","0","0","0","0","0","0","0","0","2","0","","67","2","2022","6","40.059379","-75.044493","1550","6","0","0","0","0","0","1","0","0","","0","0","0","","","1","","2","","40 03:33.766","","0","75 02:40.176","3","0","0","0","67301","0","0","0","N","0","0","0","3","67301","0","","1.0","","1","N","N","N","0","","1","0","0","","2","","","2","1","0","0","0","0","0","2","0","2","","03","","N","","","","","","","","","",""
"2022024166","0952","2","0","0","0","0","0","0","0","0","4","0","","67","3","2022","2","40.013572","-75.092717","0946","6","0","0","0","0","0","0","1","0","","0","0","0","","","1","N","0","","40 00:48.860","","0","75 05:33.780","3","0","0","0","67301","0","0","0","N","0","0","0","1","67301","0","","1.0","","1","N","N","N","0","","1","0","0","","0","","","2","1","0","0","0","0","0","2","0","2","","03","","N","","","","","","","","","",""
"2022023190","2132","1","0","0","0","0","0","0","0","0","1","0","","67","3","2022","5","39.982444","-75.100312","2117","6","0","0","0","0","0","0","0","0","","0","0","0","","","1","N","0","","39 58:56.798","2","0","75 06:01.123","8","0","0","0","67301","0","0","0","N","0","0","0","2","68K01","0","","1.0","2150.0","1","N","N","N","0","","0","0","1","","0","N","","2","1","0","0","0","1","0","2","0","2","","","","N","","","","","","","","","",""
"2022023396","1508","2","0","0","0","0","0","0","0","0","1","0","","67","2","2022","7","39.97774","-75.112095","1453","6","0","0","0","0","0","0","0","0","","0","0","0","","","0","N","0","","39 58:39.864","","0","75 06:43.542","0","0","0","0","67301","0","0","0","N","0","0","0","3","68K01","0","","1.0","","1","N","N","N","0","","0","0","0","","0","","","2","0","0","0","0","0","0","2","0","2","","","","N","","","","","","","","","",""
"2022031439","2325","1","0","0","0","0","0","0","0","0","8","0","","67","3","2022","2","40.009225","-75.151137","2325","6","0","0","0","0","0","0","1","0","","0","0","0","","","1","","1","","40 00:33.209","1","0","75 09:04.094","8","0","0","0","67301","1","0","0","N","1","0","0","2","67301","0","","1.0","118.0","1","N","N","N","0","","0","0","0","","2","Y","","2","1","0","0","0","1","0","2","0","1","","03","","N","","","","","","","","","",""
"2022024186","1605","2","0","0","0","0","0","0","0","0","4","0","","67","3","2022","3","40.058997","-75.044079","1550","6","0","0","0","0","0","0","0","0","","0","0","0","","","0","","1","","40 03:32.389","1","1","75 02:38.685","0","0","0","0","67301","0","0","0","N","0","0","0","3","67301","0","","1.0","1605.0","1","N","N","N","0","","0","0","0","","2","N","","2","0","1","0","0","0","0","2","0","2","","","","N","","","","","","","","","",""
"2022023748","2037","2","0","0","0","0","0","0","0","0","5","0","","67","3","2022","7","40.048328","-75.166583","2029","6","0","0","0","0","0","0","0","0","","0","0","0","","","1","N","0","","40 02:53.980","","0","75 09:59.700","3","0","0","0","67301","0","0","0","N","0","0","0","1","67301","0","","6.0","","1","N","N","N","0","","1","0","0","","0","","","2","1","0","0","0","0","0","2","0","2","","03","","N","","","","","","","","","",""
"2022030655","0758","0","0","0","0","0","0","0","0","0","1","0","","67","3","2022","2","40.013734","-75.179275","0747","6","0","0","0","0","0","1","0","0","","0","0","0","","","1","N","0","","40 00:49.443","1","0","75 10:45.389","4","0","0","0","67301","0","0","0","N","0","0","0","1","67301","1","","1.0","759.0","1","N","N","N","0","","0","0","1","","0","Y","","2","1","0","0","0","0","0","2","0","2","","03","","N","","","","","","","","","",""
"2022024244","1604","3","0","0","0","0","0","0","0","0","4","0","","67","3","2022","3","40.018417","-75.090889","1600","6","0","0","0","0","0","0","0","0","","0","0","0","","","0","N","0","","40 01:06.300","1","0","75 05:27.200","9","0","0","0","67301","0","0","0","N","0","0","0","1","67301","0","","1.0","1735.0","1","N","N","N","1","","0","0","0","","0","N","","4","0","0","0","0","0","1","2","0","4","","","","N","","","","","","","","","",""
"2022024011","2359","0","0","0","0","0","0","0","0","0","7","0","","67","2","2022","5","40.031612","-75.021503","2346","6","0","0","0","0","0","0","0","0","","0","0","0","","","0","N","0","","40 01:53.803","","0","75 01:17.410","0","0","0","0","67301","0","0","0","N","0","0","0","1","68K01","0","","4.0","","9","N","N","N","1","","0","0","0","","0","","","1","0","0","0","0","0","0","2","0","1","","","","N","","","","","","","","","",""
"2022031224","1351","2","0","0","0","0","0","0","0","0","2","0","","67","3","2022","7","40.003741","-75.221015","1350","6","0","0","0","0","0","0","0","0","","0","0","0","","","1","N","0","","40 00:13.466","","7","75 13:15.653","3","0","0","0","67301","0","0","0","N","0","0","0","2","67301","0","","1.0","","1","N","N","N","0","","1","0","0","","0","","","2","1","0","0","0","0","0","2","0","2","","03","","N","","","","","","","","","",""
"2022023207","1936","2","0","0","0","0","0","0","0","0","5","0","","67","1","2022","7","40.00106","-75.079274","1922","6","0","0","0","0","0","0","0","0","","0","0","0","","","1","N","0","","40 00:03.816","2","0","75 04:45.387","8","0","0","0","67301","0","0","0","N","0","0","0","6","68K01","0","","1.0","1950.0","1","N","N","N","0","","0","0","0","","8","N","","2","1","0","0","0","1","1","2","0","2","","","","N","","","","","","","","","",""
"2022023596","0333","1","0","0","0","0","0","0","0","0","7","0","","67","3","2022","1","39.96527","-75.137515","0323","6","0","0","0","0","0","0","0","0","","0","0","0","","","1","N","0","","39 57:54.972","2","0","75 08:15.054","8","0","0","0","67301","0","0","0","N","0","0","0","1","68K01","0","","2.0","359.0","1","N","N","N","0","","0","0","0","","0","N","","1","1","1","0","0","1","0","2","0","1","","","","N","","","","","","","","","",""
"2022024967","1745","2","0","0","0","0","0","0","0","0","4","0","","67","3","2022","5","39.906091","-75.193361","1745","6","0","0","0","0","0","0","0","0","","0","0","0","","","0","","2","","39 54:21.927","","0","75 11:36.099","0","0","0","0","67301","0","0","0","N","0","0","0","2","67301","0","","1.0","","1","N","N","N","0","","0","0","0","","2","","","2","0","0","0","0","0","0","2","0","2","","03","","N","","","","","","","","","",""
"2022025002","1805","1","0","0","0","0","0","0","0","0","1","0","","67","3","2022","3","39.976355","-75.113991","1751","6","0","0","0","0","0","0","0","0","","0","0","0","","","0","N","0","","39 58:34.878","1","0","75 06:50.369","0","0","0","0","67301","0","0","0","N","0","0","0","2","68K01","0","","1.0","1815.0","1","N","N","N","1","","0","0","0","","0","N","","2","0","0","0","0","0","0","2","0","2","","","","N","","","","","","","","","",""
"2022023722","1650","1","0","0","1","0","0","0","0","0","8","0","","67","3","2022","7","39.949681","-75.160775","1642","6","0","0","0","0","0","0","0","0","","0","0","0","","","1","N","0","","39 56:58.850","","0","75 09:38.790","3","0","0","0","67301","1","0","0","N","0","0","0","2","67301","0","","1.0","","1","N","N","N","0","","1","0","0","","2","","","2","1","1","0","0","0","0","2","0","1","","","","N","","","","","","","","","",""
"2022023198","0632","2","0","0","0","0","0","0","0","0","7","0","55","67","3","2022","7","40.019717","-75.044486","0628","6","0","0","0","0","0","0","1","0","","0","0","0","","","0","N","0","","40 01:10.981","1","0","75 02:40.148","0","0","0","0","67301","0","0","0","N","0","0","0","2","68K01","0","","2.0","645.0","1","N","N","N","0","","0","0","0","","0","N","","2","0","0","0","0","0","0","2","0","2","","03","Y","Y","4","1","N","N","N","N","N","N","Y","N"
"2022020364","2153","1","0","0","0","0","0","0","0","0","7","0","","67","2","2022","7","39.90044","-75.157133","2136","6","0","1","0","0","0","0","0","0","","0","0","0","","","1","N","0","","39 54:01.584","","0","75 09:25.679","4","0","0","0","67301","0","0","0","N","0","0","0","1","68K01","1","","2.0","","1","N","N","N","0","","0","0","0","","0","","","1","1","0","0","0","0","0","2","0","1","","","","N","","","","","","","","","",""
"2022031057","2115","3","0","0","0","0","0","0","0","0","2","0","","67","3","2022","4","39.903576","-75.198748","2110","6","0","0","0","0","0","0","0","0","","0","0","0","","","2","N","0","","39 54:12.875","","3","75 11:55.494","3","0","0","0","67301","0","0","0","N","0","0","0","3","67301","0","","1.0","","9","N","N","N","0","","2","0","0","","0","","","3","2","3","0","0","0","0","2","0","3","","07","","N","","","","","","","","","",""
"2022030148","1957","1","0","0","0","0","0","0","0","0","6","0","","67","3","2022","6","39.960443","-75.241072","1957","6","0","0","0","0","0","0","0","0","","0","0","0","","","0","N","0","","39 57:37.596","","0","75 14:27.860","9","0","0","0","67301","0","0","0","N","0","0","0","1","67301","0","","1.0","","1","N","N","N","0","","0","0","0","","0","","","2","0","0","0","0","0","1","2","0","2","","03","","N","","","","","","","","","",""
"2022017108","2012","1","0","0","0","0","0","0","0","0","2","0","","67","2","2022","7","40.089675","-75.057032","2010","6","0","0","0","1","0","0","1","0","","1","0","0","","","3","","1","","40 05:22.829","","0","75 03:25.316","1","0","0","0","67301","0","0","0","N","0","0","0","4","67301","0","2","1.0","","1","N","N","N","0","0","1","2","0","","2","","","2","3","2","0","2","0","0","2","1","2","","03","","N","","","","","","","","","",""
"2022024044","1526","2","0","0","0","0","0","0","0","0","1","0","","67","3","2022","7","39.891686","-75.230722","1452","6","0","0","0","0","0","0","0","0","","0","0","0","","","1","N","7","","39 53:30.070","","2","75 13:50.598","4","0","0","0","67301","0","0","0","N","0","0","0","3","68K01","1","","1.0","","1","N","N","N","0","","0","0","0","","8","","","2","1","0","0","0","0","0","2","0","2","","03","","N","","","","","","","","","",""
"2022024153","0742","3","0","0","0","0","0","0","0","0","1","0","","67","3","2022","2","40.047694","-75.05983","0731","6","0","0","0","0","0","1","0","0","","0","0","0","","","1","","1","","40 02:51.700","","0","75 03:35.389","8","0","0","0","67301","0","0","0","N","0","0","0","3","67301","0","","1.0","","1","N","N","N","0","","0","0","0","","2","","","3","1","0","0","0","1","0","2","0","3","","","","N","","","","","","","","","",""
"2022023765","0107","0","0","0","0","0","0","0","0","0","4","1","","67","3","2022","3","39.959472","-75.233175","0106","6","0","0","0","0","0","1","0","0","","0","1","0","","","0","","1","","39 57:34.098","","0","75 13:59.431","0","0","0","0","67301","0","0","0","N","0","0","0","2","67301","0","","1.0","","1","N","N","N","1","","0","0","0","","2","","","2","0","0","0","0","0","0","2","0","2","","03","","N","","","","","","","","","",""
"2022024169","0840","1","0","0","0","0","0","0","0","0","1","1","","67","3","2022","2","39.992391","-75.165066","0837","6","0","0","0","0","0","0","1","0","","0","1","0","","","0","","2","","39 59:32.607","4","0","75 09:54.237","0","0","0","0","67301","0","0","0","N","0","0","0","2","67301","0","","1.0","930.0","1","N","N","N","0","","0","0","0","","0","N","","2","0","0","0","0","0","0","2","0","2","","03","","N","","","","","","","","","",""
"2022023583","0210","1","0","0","0","0","0","0","0","0","7","0","","67","3","2022","6","39.934301","-75.199994","0144","6","0","0","0","0","0","0","0","0","","0","0","0","","","1","N","0","","39 56:03.485","3","0","75 11:59.978","8","0","0","0","67301","0","0","0","N","0","0","0","2","68K01","0","","4.0","246.0","1","N","N","N","0","","0","0","0","","0","N","","1","1","0","0","0","1","0","2","0","1","","","","N","","","","","","","","","",""
"2022030149","1602","0","0","0","0","0","0","0","0","0","4","0","","67","3","2022","7","39.949966","-75.23516","1601","6","0","0","0","0","0","0","0","0","","0","0","0","","","2","","1","","39 56:59.877","","0","75 14:06.576","3","0","0","0","67301","0","0","0","N","0","0","0","2","67301","0","","1.0","","1","N","N","N","0","","2","0","2","","2","","","2","2","0","0","0","0","0","2","0","2","","03","","N","","","","","","","","","",""
"2022024202","1931","0","0","0","0","0","0","0","0","0","8","0","","67","3","2022","3","39.938267","-75.170015","1927","6","0","0","0","0","0","0","0","0","","0","0","0","","","1","","1","","39 56:17.761","4","0","75 10:12.053","3","0","0","0","67301","1","0","0","N","1","0","0","2","67301","0","","1.0","2030.0","1","N","N","N","1","","1","0","0","","2","N","","2","1","0","0","0","0","0","2","0","1","","","","N","","","","","","","","","",""
"2022023183","1131","1","0","0","0","0","0","0","0","0","5","1","","67","3","2022","4","39.961221","-75.182403","1127","6","0","0","0","0","0","1","0","0","","0","1","0","","","0","N","6","","39 57:40.397","4","2","75 10:56.651","0","0","0","0","67301","0","0","0","N","0","0","0","2","68K01","0","","1.0","1200.0","1","N","N","N","0","","0","0","0","","8","N","","2","0","0","0","0","0","0","2","0","2","","03","","N","","","","","","","","","",""
"2022027258","1308","0","0","0","0","0","0","0","0","0","7","0","","67","3","2022","4","40.118597","-75.033731","1308","6","0","0","0","0","0","1","0","0","","0","0","0","","","0","N","0","","40 07:06.950","","0","75 02:01.430","0","0","0","0","67301","0","0","0","N","0","0","0","1","67301","0","","5.0","","1","N","N","N","0","","0","0","1","","0","","","1","0","0","0","0","0","0","2","0","1","","","","N","","","","","","","","","",""
"2022023702","2328","0","0","0","0","0","0","0","0","0","8","0","","67","1","2022","6","40.044836","-75.087088","2326","6","0","0","0","0","0","0","0","0","","0","0","0","","","1","","1","","40 02:41.409","","0","75 05:13.515","3","0","0","0","67301","1","0","0","N","1","0","0","1","67301","0","","1.0","","1","N","N","N","0","","1","0","0","","0","","","2","1","0","0","0","0","0","2","0","1","","03","","N","","","","","","","","","",""
"2022023744","0623","1","0","0","0","0","0","0","0","0","8","0","","67","3","2022","5","40.045352","-75.181954","0620","6","0","0","0","0","0","0","0","0","","0","0","0","","","1","N","0","","40 02:43.267","","0","75 10:55.033","3","0","0","0","67301","1","0","0","N","1","0","0","2","67301","0","","1.0","","9","N","N","N","0","","1","0","0","","0","","","2","1","0","0","0","0","1","2","0","1","","","","N","","","","","","","","","",""
"2022024025","2325","2","0","0","0","0","0","0","0","0","5","0","","67","2","2022","6","39.958167","-75.164158","2313","6","0","0","0","0","1","0","0","0","","0","0","0","","","1","N","0","","39 57:29.400","4","0","75 09:50.969","3","0","0","0","67301","0","0","0","N","0","0","0","3","68K01","0","","1.0","2350.0","1","N","N","N","0","","1","0","1","","0","Y","","3","1","0","0","0","0","0","2","0","3","","03","","N","","","","","","","","","",""
"2022024537","0650","2","0","0","0","0","0","0","0","0","4","0","","67","3","2022","5","40.029911","-75.103076","0650","6","0","0","0","0","0","0","0","0","","0","0","0","","","0","","1","","40 01:47.679","","0","75 06:11.073","0","0","0","0","67301","0","0","0","N","0","0","0","3","67301","0","","1.0","","1","N","N","N","0","","0","0","0","","2","","","2","0","0","0","0","0","0","2","0","2","","","","N","","","","","","","","","",""
"2022023709","0331","2","0","0","0","0","0","0","0","0","2","0","","67","3","2022","7","40.035622","-75.070548","0330","6","0","0","0","0","0","0","0","0","","0","0","0","","","1","","1","","40 02:08.240","1","0","75 04:13.971","3","0","0","0","67301","0","0","0","N","0","0","0","2","67301","0","","1.0","500.0","1","N","N","N","0","","1","0","0","","2","N","","2","1","0","0","0","0","0","2","0","2","","03","","N","","","","","","","","","",""
"2022030558","0155","1","0","0","0","0","0","0","0","0","7","0","","67","3","2022","3","39.976706","-75.19647","0148","6","0","0","0","0","0","0","0","0","","0","0","0","","","1","N","0","","39 58:36.141","","0","75 11:47.293","4","0","0","0","67301","0","0","0","N","0","0","0","1","68K01","1","","4.0","","1","N","N","N","0","","0","0","0","","0","","","1","1","0","0","0","0","0","2","0","1","","","","N","","","","","","","","","",""
"2022024130","0837","2","0","0","0","0","0","0","0","0","1","0","","67","3","2022","3","40.083548","-75.025893","0832","6","0","0","0","0","0","0","0","0","","0","0","0","","","1","N","0","","40 05:00.771","","0","75 01:33.215","3","0","0","0","67301","0","0","0","N","0","0","0","3","67301","0","","1.0","","1","N","N","N","0","","1","0","0","","0","","","2","1","2","0","0","0","0","2","0","2","","03","","N","","","","","","","","","",""
"2022024591","0222","1","0","0","0","0","0","0","0","0","1","0","","67","2","2022","4","40.02773","-75.10997","0221","6","0","0","0","0","0","0","0","0","","0","0","0","","","2","N","1","","40 01:39.827","","0","75 06:35.893","3","0","0","0","67301","0","0","0","N","0","0","0","3","67301","0","","1.0","","1","N","N","N","0","","1","0","1","","0","","","2","2","0","0","0","1","1","2","0","2","","","","N","","","","","","","","","",""
"2022024243","1122","1","0","0","0","0","0","0","0","0","1","1","","67","2","2022","2","40.042967","-75.051667","1110","6","0","0","0","0","0","1","0","0","","0","1","0","","","1","N","0","","40 02:34.680","4","0","75 03:06.002","3","0","0","0","67301","0","0","0","N","0","0","0","2","67301","0","","1.0","30.0","1","N","N","N","0","","1","0","0","","2","Y","","2","1","0","0","0","0","1","2","0","2","","03","","N","","","","","","","","","",""
"2022024016","0920","0","0","0","0","0","0","0","0","0","5","0","","67","2","2022","6","40.028614","-75.022956","0907","6","0","0","0","0","0","0","0","0","","0","0","0","","","0","N","0","","40 01:43.011","1","0","75 01:22.641","0","0","0","0","67301","0","0","0","N","0","0","0","2","68K01","0","","1.0","950.0","9","N","N","Y","0","","0","0","1","","8","N","","2","0","0","0","0","0","0","2","1","2","","04","","N","","","","","","","","","",""
"2022023779","1710","2","0","0","0","0","0","0","0","0","4","0","","67","3","2022","7","39.991744","-75.112787","1710","6","0","0","0","0","0","0","0","0","","0","0","0","","","0","","1","","39 59:30.278","","0","75 06:46.033","0","0","0","0","67301","0","0","0","N","0","0","0","2","67301","0","","1.0","","1","N","N","N","0","","0","0","0","","2","","","2","0","0","0","0","0","0","2","0","2","","","","N","","","","","","","","","",""
"2022030326","1218","2","0","0","0","0","0","0","0","0","4","0","","67","3","2022","5","40.080855","-75.028774","1209","6","0","0","0","0","0","0","0","0","","0","0","0","","","0","","5","","40 04:51.077","2","0","75 01:43.585","0","0","0","0","67301","0","0","0","N","0","0","0","2","67301","0","","1.0","1230.0","9","N","N","N","0","","0","0","0","","2","N","","2","0","0","0","0","0","0","2","0","2","","04","","N","","","","","","","","","",""
"2022022948","0109","0","0","0","0","0","0","0","0","0","5","0","","67","2","2022","6","40.04064","-75.005594","0056","6","0","0","0","0","0","1","0","0","","0","0","0","","","2","N","0","","40 02:26.303","","0","75 00:20.137","3","0","0","0","67301","0","0","0","N","0","0","0","3","68K01","0","","1.0","","9","N","N","N","0","","1","0","1","","0","","","2","2","0","0","0","1","1","2","0","2","","07","","N","","","","","","","","","",""
"2022023769","1544","1","0","0","0","0","0","0","0","0","4","0","","67","3","2022","5","39.983218","-75.156949","1540","6","0","0","0","0","0","0","0","0","","0","0","0","","","1","","1","","39 58:59.583","","0","75 09:25.017","8","0","0","0","67301","0","0","0","N","0","0","0","4","67301","0","","1.0","","1","N","N","N","0","","0","0","1","","2","","","2","1","0","0","0","1","2","2","0","2","","","","N","","","","","","","","","",""
"2022026896","0239","1","0","0","0","0","0","0","0","0","7","0","","67","3","2022","6","40.032454","-75.020845","0223","6","0","0","0","0","0","1","0","0","","0","0","0","","","0","N","0","","40 01:56.834","","0","75 01:15.042","0","0","0","0","67301","0","0","0","N","0","0","0","1","68K01","0","","4.0","","1","N","N","N","0","","0","0","0","","0","","","1","0","0","0","0","0","0","2","0","1","","03","","N","","","","","","","","","",""
"2022024021","1010","1","0","0","0","0","0","0","0","0","7","0","","67","2","2022","6","40.042346","-75.00354","1005","6","0","0","0","0","1","0","0","0","","0","0","0","","","0","N","0","","40 02:32.446","","0","75 00:12.743","0","0","0","0","67301","0","0","0","N","0","0","0","1","68K01","0","","5.0","","9","N","N","N","0","","0","0","0","","8","","","1","0","1","0","0","0","0","2","0","1","","04","","N","","","","","","","","","",""
"2022024045","1334","1","0","0","0","0","0","0","0","0","5","0","","67","3","2022","1","39.89901","-75.174596","1309","6","0","0","0","0","0","1","0","0","","0","1","0","","","1","N","0","","39 53:56.435","1","0","75 10:28.546","3","0","0","0","67301","0","0","0","N","0","0","0","4","68K01","0","","1.0","1338.0","1","N","N","N","0","","1","0","0","","0","N","","3","1","0","0","0","0","1","2","0","3","","","","N","","","","","","","","","",""
"2022024001","0411","2","0","0","0","0","0","0","0","0","1","0","","67","2","2022","5","39.943753","-75.142685","0406","6","0","0","1","0","0","0","0","0","","0","0","0","","","0","N","0","","39 56:37.512","1","0","75 08:33.667","0","0","0","0","67301","0","0","0","N","0","0","0","3","68K01","0","","1.0","430.0","1","N","N","N","0","","0","0","0","","0","N","","2","0","0","0","0","0","0","2","0","2","","","","N","","","","","","","","","",""
"2022030726","0156","0","0","0","0","0","0","0","0","0","98","0","","67","2","2022","4","39.984197","-75.124933","0155","6","0","0","0","0","0","0","0","0","","0","0","0","","","1","","1","","39 59:03.109","","0","75 07:29.759","8","0","0","0","67301","1","0","0","N","1","0","0","1","67301","0","","1.0","","1","N","N","N","0","","0","0","0","","0","","","2","1","0","0","0","1","0","2","0","1","","03","","N","","","","","","","","","",""
"2022023792","1215","2","0","0","0","0","0","0","0","0","1","0","","67","3","2022","4","40.057691","-75.139259","1209","6","0","0","0","1","0","1","0","0","","0","0","0","","","0","N","0","","40 03:27.686","","0","75 08:21.331","0","0","0","0","67301","0","0","0","N","0","0","0","2","67301","0","","1.0","","1","N","N","N","0","","0","0","0","","0","","","2","0","0","0","0","0","0","2","0","2","","03","","N","","","","","","","","","",""
"2022023755","0254","2","0","0","0","0","0","0","0","0","4","0","","67","3","2022","2","40.020657","-75.053456","0247","6","0","0","0","1","0","0","0","0","","0","0","0","","","0","N","0","","40 01:14.364","","0","75 03:12.442","0","0","0","0","67301","0","0","0","N","0","0","0","1","67301","0","","4.0","","1","N","N","N","0","","0","0","0","","2","","","2","0","0","0","0","0","0","2","0","2","","04","","N","","","","","","","","","",""
"2022023990","1638","2","0","0","0","0","0","0","0","0","1","0","","67","1","2022","3","40.039174","-75.00819","1621","6","0","0","0","0","0","2","0","0","","0","0","0","","","1","N","0","","40 02:21.028","","0","75 00:29.485","8","0","0","0","67301","0","0","0","N","0","0","0","3","68K01","0","","1.0","","1","N","N","N","0","","0","0","0","","0","","","2","1","0","0","0","1","0","2","0","2","","","","N","","","","","","","","","",""
"2022023168","0705","0","0","0","0","0","0","0","0","0","7","0","","67","2","2022","2","39.885959","-75.210256","0700","6","0","0","0","0","0","1","0","0","","0","0","0","","","1","N","0","","39 53:09.451","","0","75 12:36.922","8","0","0","0","67301","0","0","0","N","0","0","0","1","68K01","0","","4.0","","1","N","N","N","0","","0","0","1","","0","","","1","1","0","0","0","1","0","2","0","1","","03","","N","","","","","","","","","",""
"2022023793","1030","2","0","0","0","0","0","0","0","0","1","0","","67","3","2022","6","40.023687","-75.147986","1021","6","0","0","0","0","0","0","1","0","","0","0","0","","","1","N","0","","40 01:25.273","","0","75 08:52.749","3","0","0","0","67301","0","0","0","N","0","0","0","2","67301","0","","1.0","","1","N","N","N","0","","1","0","0","","0","","","2","1","0","0","0","0","1","2","0","2","","","","N","","","","","","","","","",""
"2022023536","0502","1","0","0","0","0","0","0","0","0","7","0","","67","2","2022","6","39.889859","-75.220117","0500","6","0","0","0","0","0","0","0","0","","0","0","0","","","1","N","0","","39 53:23.493","","0","75 13:12.420","8","0","0","0","67301","0","0","0","N","0","0","0","1","68K01","0","","4.0","","9","N","N","N","0","","0","0","0","","0","","","1","1","0","0","0","1","0","2","0","1","","","","N","","","","","","","","","",""
"2022023678","2032","2","0","0","0","0","0","0","0","0","8","0","","67","2","2022","6","39.970497","-75.152317","2000","6","0","0","0","0","0","1","0","0","","1","0","0","","","0","N","0","","39 58:13.790","","0","75 09:08.342","1","0","0","0","67301","1","1","0","N","1","1","0","3","67301","0","2","1.0","","1","N","N","N","0","0","0","0","0","","0","","","3","0","0","0","0","0","0","2","0","2","","","","N","","","","","","","","","",""