"CRN","ARRIVAL_TM","AUTOMOBILE_COUNT","BELTED_DEATH_COUNT","BELTED_SUSP_SERIOUS_INJ_COUNT","BICYCLE_COUNT","BICYCLE_DEATH_COUNT","BICYCLE_SUSP_SERIOUS_INJ_COUNT","BUS_COUNT","CHLDPAS_DEATH_COUNT","CHLDPAS_SUSP_SERIOUS_INJ_COUNT","COLLISION_TYPE","COMM_VEH_COUNT","CONS_ZONE_SPD_LIM","COUNTY","CRASH_MONTH","CRASH_YEAR","DAY_OF_WEEK","DEC_LATITUDE","DEC_LONGITUDE","DISPATCH_TM","DISTRICT","DRIVER_COUNT_16YR","DRIVER_COUNT_17YR","DRIVER_COUNT_18YR","DRIVER_COUNT_19YR","DRIVER_COUNT_20YR","DRIVER_COUNT_50_64YR","DRIVER_COUNT_65_74YR","DRIVER_COUNT_75PLUS","EST_HRS_CLOSED","FATAL_COUNT","HEAVY_TRUCK_COUNT","HORSE_BUGGY_COUNT","HOUR_OF_DAY","ILLUMINATION","INJURY_COUNT","INTERSECTION_RELATED","INTERSECT_TYPE","LANE_CLOSED","LATITUDE","LN_CLOSE_DIR","LOCATION_TYPE","LONGITUDE","MAX_SEVERITY_LEVEL","MCYCLE_DEATH_COUNT","MCYCLE_SUSP_SERIOUS_INJ_COUNT","MOTORCYCLE_COUNT","MUNICIPALITY","NONMOTR_COUNT","NONMOTR_DEATH_COUNT","NONMOTR_SUSP_SERIOUS_INJ_COUNT","NTFY_HIWY_MAINT","PED_COUNT","PED_DEATH_COUNT","PED_SUSP_SERIOUS_INJ_COUNT","PERSON_COUNT","POLICE_AGCY","POSSIBLE_INJ_COUNT","RDWY_SURF_TYPE_CD","RELATION_TO_ROAD","ROADWAY_CLEARED","ROAD_CONDITION","SCH_BUS_IND","SCH_ZONE_IND","SECONDARY_CRASH","SMALL_TRUCK_COUNT","SPEC_JURIS_CD","SUSP_MINOR_INJ_COUNT","SUSP_SERIOUS_INJ_COUNT","SUV_COUNT","TCD_FUNC_CD","TCD_TYPE","TFC_DETOUR_IND","TIME_OF_DAY","TOTAL_UNITS","TOT_INJ_COUNT","UNBELTED_OCC_COUNT","UNB_DEATH_COUNT","UNB_SUSP_SERIOUS_INJ_COUNT","UNK_INJ_DEG_COUNT","UNK_INJ_PER_COUNT","URBAN_RURAL","VAN_COUNT","VEHICLE_COUNT","WEATHER1","WEATHER2","WORKERS_PRES","WORK_ZONE_IND","WORK_ZONE_LOC","WORK_ZONE_TYPE","WZ_CLOSE_DETOUR","WZ_FLAGGER","WZ_LAW_OFFCR_IND","WZ_LN_CLOSURE","WZ_MOVING","WZ_OTHER","WZ_SHLDER_MDN","WZ_WORKERS_INJ_KILLED"
"2022024538","1100","2","0","0","0","0","0","0","0","0","7","1","","67","3","2022","4","40.042753","-75.190144","1039","6","0","0","0","0","0","0","0","0","","0","1","0","","","2","N","0","","40 02:33.910","5","1","75 11:24.520","3","0","0","0","67301","0","0","0","N","0","0","0","2","67301","0","","1.0","1411.0","9","N","N","Y","0","","2","0","0","","0","Y","","3","2","0","0","0","0","0","2","0","3","","04","","N","","","","","","","","","",""
"2022023704","2230","2","0","0","0","0","0","0","0","0","4","0","","67","2","2022","6","40.065597","-75.06219","1640","6","0","0","0","0","0","0","0","0","","0","0","0","","","1","","1","","40 03:56.148","","0","75 03:43.883","8","0","0","0","67301","0","0","0","N","0","0","0","1","67301","0","","1.0","","1","N","N","N","0","","0","0","0","","3","","","2","1","0","0","0","1","0","2","0","2","","","","N","","","","","","","","","",""
"2022031933","1651","1","0","0","0","0","0","0","0","0","7","0","","67","3","2022","4","39.951429","-75.182771","1651","6","0","0","0","0","0","0","0","0","","0","0","0","","","1","N","0","","39 57:05.144","3","0","75 10:57.977","8","0","0","0","67301","0","0","0","Y","0","0","0","1","68T07","0","","4.0","100.0","1","N","N","N","0","","0","0","0","","0","N","","1","1","1","0","0","1","0","2","0","1","","03","","N","","","","","","","","","",""
"2022026753","2009","1","0","0","0","0","0","0","0","0","1","0","","67","3","2022","2","39.979617","-75.176367","2008","6","0","0","0","0","0","0","0","0","","0","0","0","","","2","N","0","","39 58:46.620","","0","75 10:34.920","4","0","0","0","67301","0","0","0","N","0","0","0","3","67301","2","","1.0","","1","N","N","N","0","","0","0","1","","0","","","2","2","0","0","0","0","0","2","0","2","","04","","N","","","","","","","","","",""
"2022023777","1215","1","0","0","0","0","0","0","0","0","4","0","","67","3","2022","4","40.011733","-75.112247","1207","6","0","0","0","0","0","1","0","0","","0","0","0","","","1","N","0","","40 00:42.240","","0","75 06:44.090","4","0","0","0","67301","0","0","0","N","0","0","0","2","67301","1","","1.0","","1","N","N","N","0","","0","0","1","","0","","","2","1","0","0","0","0","0","2","0","2","","","","N","","","","","","","","","",""
"2022023605","0518","2","0","0","0","0","0","0","0","0","1","0","","67","1","2022","7","39.896879","-75.189924","0513","6","0","0","0","0","0","0","0","0","","0","0","0","","","1","N","0","","39 53:48.766","","0","75 11:23.726","3","0","0","0","67301","0","0","0","N","0","0","0","3","68K01","0","","1.0","","1","N","N","N","0","","1","0","0","","0","","","2","1","0","0","0","0","0","2","0","2","","","","N","","","","","","","","","",""
"2022024005","0002","2","0","0","0","0","0","0","0","0","5","0","","67","2","2022","1","40.009123","-75.067976","2344","6","0","0","0","0","0","0","0","0","","0","0","0","","","0","N","0","","40 00:32.843","","0","75 04:04.714","0","0","0","0","67301","0","0","0","N","0","0","0","3","68K01","0","","1.0","","1","N","N","N","0","","0","0","0","","0","","","2","0","0","0","0","0","0","2","0","2","","03","","N","","","","","","","","","",""
"2022030765","1605","0","0","0","0","0","0","0","0","0","4","1","","67","3","2022","2","39.957116","-75.148968","1557","6","0","1","0","0","0","0","0","0","","0","1","0","","","0","","2","","39 57:25.618","2","0","75 08:56.284","0","0","0","0","67301","0","0","0","N","0","0","0","2","67301","0","","1.0","1618.0","9","N","N","N","1","","0","0","0","","0","N","","2","0","0","0","0","0","0","2","0","2","","","","N","","","","","","","","","",""
"2022030851","2135","0","0","0","0","0","0","0","0","0","4","1","","67","3","2022","6","39.967607","-75.225045","2135","6","0","0","0","0","0","0","0","0","","0","1","0","","","0","","2","","39 58:03.385","","0","75 13:30.163","9","0","0","0","67301","0","0","0","N","0","0","0","2","67301","0","","1.0","","1","N","N","N","0","","0","0","1","","0","","","2","0","0","0","0","0","1","2","0","2","","03","","N","","","","","","","","","",""
"2022023798","2155","2","0","0","0","0","0","0","0","0","1","0","","67","3","2022","4","40.009987","-75.166551","2150","6","0","0","0","0","0","0","0","0","","0","0","0","","","2","N","0","","40 00:35.953","","0","75 09:59.584","3","0","0","0","67301","0","0","0","N","0","0","0","6","67301","0","","6.0","","1","N","N","N","1","","2","0","0","","0","","","3","2","0","0","0","0","0","2","0","3","","03","","N","","","","","","","","","",""
"2022025995","2000","2","0","0","0","0","0","0","0","0","8","0","","67","3","2022","6","40.036267","-75.038336","1959","6","0","0","0","0","0","0","0","0","","1","0","0","","","1","N","0","","40 02:10.560","","0","75 02:18.010","1","0","0","0","67301","2","1","0","N","2","1","0","2","67301","0","2","4.0","","1","N","N","N","0","0","1","0","0","","0","","","4","1","0","0","0","0","0","2","0","2","","03","","N","","","","","","","","","",""
"2022030204","0359","0","0","0","0","0","0","0","0","0","7","0","","67","3","2022","1","40.034454","-75.11492","0350","6","0","0","0","0","0","0","0","0","","0","0","0","","","2","","1","","40 02:04.034","6","0","75 06:53.712","2","0","0","0","67301","0","0","0","N","0","0","0","2","67301","0","","5.0","635.0","1","N","N","N","0","","1","1","1","","2","Y","","1","2","0","0","0","0","0","2","0","1","","03","","N","","","","","","","","","",""
"2022023762","1920","2","0","0","0","0","0","0","0","0","4","0","","67","3","2022","6","39.957754","-75.219287","1915","6","0","0","0","0","0","0","0","0","","0","0","0","","","2","","1","","39 57:27.914","","0","75 13:09.434","3","0","0","0","67301","0","0","0","N","0","0","0","4","67301","0","","1.0","","1","N","N","N","0","","2","0","0","","2","","","2","2","0","0","0","0","0","2","0","2","","03","","N","","","","","","","","","",""
"2022025279","1007","2","0","0","0","0","0","0","0","0","2","0","","67","3","2022","5","39.993251","-75.149254","1003","6","0","0","0","0","0","0","0","0","","0","0","0","","","1","","1","","39 59:35.703","","0","75 08:57.313","3","0","0","0","67301","0","0","0","N","0","0","0","1","67301","0","","1.0","","1","N","N","N","0","","1","0","1","","2","","","3","1","0","0","0","0","0","2","0","3","","","","N","","","","","","","","","",""
"2022023176","1059","0","0","0","0","0","0","0","0","0","1","0","","67","2","2022","6","39.95706","-75.155749","1051","6","0","0","0","0","0","1","0","0","","0","0","0","","","0","N","0","","39 57:25.416","4","0","75 09:20.695","0","0","0","0","67301","0","0","0","N","0","0","0","2","68K01","0","","1.0","1102.0","9","N","N","N","0","","0","0","1","","8","N","","2","0","0","0","0","0","0","2","0","2","","","","N","","","","","","","","","",""
"2022030413","0033","2","0","0","0","0","0","0","0","0","4","0","","67","3","2022","2","40.014575","-75.178203","0028","6","0","0","0","1","0","0","0","0","","0","0","0","","","1","N","0","","40 00:52.470","4","0","75 10:41.530","3","0","0","0","67301","0","0","0","N","0","0","0","2","67301","0","","1.0","115.0","1","N","N","N","0","","1","0","0","","0","Y","","2","1","1","0","0","0","0","2","0","2","","03","","N","","","","","","","","","",""
"2022029859","0033","2","0","0","0","0","0","0","0","0","2","0","","67","3","2022","7","40.020136","-75.042597","0031","6","0","0","0","0","0","0","0","0","","0","0","0","","","0","N","0","","40 01:12.489","","0","75 02:33.348","0","0","0","0","67301","0","0","0","N","0","0","0","2","67301","0","","1.0","","9","N","N","N","0","","0","0","0","","0","","","2","0","0","0","0","0","0","2","0","2","","","","N","","","","","","","","","",""
"2022026667","2004","0","0","0","0","0","0","0","0","0","7","0","","67","2","2022","3","40.051779","-74.988815","2004","6","0","0","0","0","0","0","0","0","","0","0","0","","","1","N","0","","40 03:06.406","2","0","74 59:19.733","8","0","0","0","67301","0","0","0","N","0","0","0","1","68K01","0","","4.0","2005.0","9","N","N","N","0","","0","0","1","","0","N","","1","1","0","0","0","1","0","2","0","1","","03","","N","","","","","","","","","",""
"2022032302","1435","1","0","0","0","0","0","0","0","0","1","0","","67","3","2022","6","39.994042","-75.199186","1434","6","0","0","0","0","0","0","0","0","","0","0","0","","","1","N","0","","39 59:38.550","3","0","75 11:57.070","4","0","0","0","67301","0","0","0","N","0","0","0","3","68K01","1","","1.0","20.0","1","N","N","N","0","","0","0","1","","0","N","","2","1","0","0","0","0","0","2","0","2","","","","N","","","","","","","","","",""
"2022004303","1650","1","0","0","0","0","0","0","0","0","4","0","","67","1","2022","7","40.003105","-75.177252","1647","6","0","0","0","0","0","0","0","0","","0","0","0","","","2","","1","","40 00:11.177","","0","75 10:38.108","3","0","0","0","67301","0","0","0","N","0","0","0","2","67301","1","","1.0","","2","N","Y","N","0","","1","0","1","","2","","","2","2","0","0","0","0","0","2","0","2","","","","N","","","","","","","","","",""
"2022002942","0858","1","0","0","0","0","0","0","0","0","7","0","","67","1","2022","7","40.035131","-75.018428","0858","6","0","0","0","0","0","0","0","0","","0","0","0","","","0","N","0","","40 02:06.471","2","3","75 01:06.340","9","0","0","0","67301","0","0","0","Y","0","0","0","1","68M03","0","","2.0","30.0","9","N","N","N","0","","0","0","0","","0","N","","1","0","0","0","0","0","1","2","0","1","","07","","N","","","","","","","","","",""
"2022033160","0215","1","0","0","0","0","0","0","0","0","4","1","","67","4","2022","1","40.019014","-75.16008","0213","6","0","0","0","0","0","0","0","0","","0","1","0","","","0","","2","","40 01:08.450","","0","75 09:36.287","9","0","0","0","67301","0","0","0","N","0","0","0","2","67301","0","","1.0","","1","N","N","N","0","","0","0","1","","3","","","3","0","0","0","0","0","2","2","0","3","","03","","N","","","","","","","","","",""
"2022004191","1927","1","0","0","0","0","0","0","0","0","4","0","","67","1","2022","4","40.098352","-75.047075","1915","6","0","0","0","0","0","0","0","0","","0","0","0","","","1","","1","","40 05:54.066","","0","75 02:49.469","3","0","0","0","67301","0","0","0","N","0","0","0","3","67301","0","","1.0","","1","N","N","N","0","","1","0","2","","2","","","3","1","0","0","0","0","0","2","0","3","","03","","N","","","","","","","","","",""
"2022010833","1052","1","0","0","0","0","0","0","0","0","4","1","","67","1","2022","1","39.952981","-75.16842","1047","6","0","0","0","0","0","0","0","0","","0","1","0","","","1","","1","","39 57:10.730","","0","75 10:06.313","3","0","0","0","67301","0","0","0","N","0","0","0","2","67301","0","","1.0","","1","N","N","N","0","","1","0","0","","2","","","2","1","0","0","0","0","0","2","0","2","","","","N","","","","","","","","","",""
"2022032299","1110","1","0","0","0","0","0","0","0","0","98","0","","67","3","2022","1","39.944786","-75.191133","1056","6","0","0","0","0","0","1","0","0","","0","0","0","","","0","N","0","","39 56:41.231","4","3","75 11:28.077","0","0","0","0","67301","0","0","0","N","0","0","0","2","68K01","0","","1.0","30.0","1","N","N","N","0","","0","0","0","","0","N","","1","0","0","0","0","0","0","2","0","1","","","","N","","","","","","","","","",""
"2022004197","1815","1","0","0","0","0","0","0","0","0","8","0","","67","1","2022","7","40.048885","-75.012319","1807","6","0","0","0","0","0","0","0","0","","0","0","0","","","1","","2","","40 02:55.985","","0","75 00:44.349","8","0","0","0","67301","1","0","0","N","1","0","0","2","67301","0","","1.0","","9","N","N","N","0","","0","0","0","","2","","","2","1","0","0","0","1","0","2","0","1","","07","","N","","","","","","","","","",""
"2022004301","0157","1","0","0","0","0","0","0","0","0","5","0","","67","1","2022","6","40.019396","-75.163239","0154","6","0","0","0","0","0","0","0","0","","0","0","0","","","0","N","0","","40 01:09.824","1","3","75 09:47.659","0","0","0","0","67301","0","0","0","N","0","0","0","2","67301","0","","1.0","224.0","9","N","N","N","0","","0","0","0","","0","N","","2","0","0","0","0","0","0","2","1","2","","10","","N","","","","","","","","","",""
"2022032405","0740","1","0","0","0","0","0","0","0","0","7","0","","67","3","2022","7","39.889774","-75.240406","0720","6","0","1","0","0","0","0","0","0","","0","0","0","","","0","N","0","","39 53:23.188","","0","75 14:25.463","0","0","0","0","67301","0","0","0","N","0","0","0","1","68K01","0","","2.0","","1","N","N","N","0","","0","0","0","","0","","","1","0","0","0","0","0","0","2","0","1","","03","","N","","","","","","","","","",""
"2022004231","0805","0","0","0","0","0","0","0","0","0","1","0","","67","1","2022","1","40.054071","-75.155528","0753","6","0","0","0","0","0","0","0","0","","0","0","0","","","0","","1","","40 03:14.655","","0","75 09:19.899","0","0","0","0","67301","0","0","0","N","0","0","0","2","67301","0","","1.0","","1","N","N","N","0","","0","0","2","","2","","","2","0","0","0","0","0","0","2","0","2","","03","","N","","","","","","","","","",""
"2022032924","1336","3","0","0","0","0","0","0","0","0","2","0","","67","3","2022","6","39.986653","-75.097762","1336","6","0","0","0","0","1","0","0","0","","0","0","0","","","1","","1","","39 59:11.950","","0","75 05:51.943","3","0","0","0","67301","0","0","0","N","0","0","0","2","67301","0","","1.0","","1","N","N","N","0","","1","0","0","","3","","","3","1","0","0","0","0","0","2","0","3","","","","N","","","","","","","","","",""
"2022033883","1159","2","0","0","0","0","0","0","0","0","5","0","","67","4","2022","6","40.00468","-75.152126","1159","6","0","0","0","0","0","0","0","0","","0","0","0","","","1","N","1","","40 00:16.847","1","0","75 09:07.652","3","0","0","0","67301","0","0","0","N","0","0","0","2","67505","0","","1.0","1240.0","1","N","N","Y","0","","1","0","2","","2","N","","4","1","0","0","0","0","0","2","0","4","","98","","N","","","","","","","","","",""
"2022010845","2349","2","0","0","0","0","0","0","0","0","6","0","","67","1","2022","1","40.008234","-75.084416","2340","6","0","0","0","0","0","0","0","0","","0","0","0","","","1","N","0","","40 00:29.642","","0","75 05:03.899","2","0","0","0","67301","0","0","0","N","0","0","0","1","67301","0","","6.0","","9","N","N","N","1","","0","1","1","","0","","","4","1","0","0","0","0","0","2","0","4","","03","","N","","","","","","","","","",""
"2022005295","0152","1","0","0","0","0","0","0","0","0","7","0","50","67","1","2022","1","40.012083","-75.059679","0140","6","0","0","0","0","0","0","0","0","","0","0","0","","","0","N","0","","40 00:43.499","1","0","75 03:34.844","0","0","0","0","67301","0","0","0","N","0","0","0","1","68K01","0","","2.0","230.0","9","N","N","N","0","","0","0","0","","0","Y","","1","0","0","0","0","0","0","2","0","1","","","N","Y","4","1","","","N","","","","Y","N"
"2022032688","1111","1","0","0","0","0","0","0","0","0","7","0","","67","3","2022","1","39.961221","-75.182403","1110","6","0","0","0","0","0","0","0","0","","0","0","0","","","0","N","6","","39 57:40.397","","2","75 10:56.651","0","0","0","0","67301","0","0","0","N","0","0","0","1","68K01","0","","2.0","","9","N","N","N","0","","0","0","0","","0","","","1","0","0","0","0","0","0","2","0","1","","","","N","","","","","","","","","",""
"2022010878","0848","1","0","0","0","0","0","0","0","0","4","1","","67","1","2022","4","40.010821","-75.126649","0845","6","0","0","0","0","0","0","1","0","","0","1","0","","","1","","1","","40 00:38.955","4","0","75 07:35.936","4","0","0","0","67301","0","0","0","N","0","0","0","3","67301","1","","1.0","923.0","1","N","N","N","0","","0","0","0","","2","Y","","2","1","0","0","0","0","0","2","0","2","","03","","N","","","","","","","","","",""
"2022014706","1854","1","0","0","0","0","0","0","0","0","4","0","","67","1","2022","1","40.02888","-75.106009","1854","6","0","0","0","0","0","1","0","0","","0","0","0","","","3","","1","","40 01:43.967","1","0","75 06:21.632","4","0","0","0","67301","0","0","0","N","0","0","0","3","67301","1","","1.0","1920.0","9","N","N","N","0","","0","0","1","","2","Y","","2","3","0","0","0","2","0","2","0","2","","07","","N","","","","","","","","","",""
"2022011915","1949","1","0","0","0","0","0","0","0","0","8","0","","67","1","2022","1","40.005023","-75.136398","1939","6","0","0","0","0","0","0","0","0","","1","0","0","","","0","","2","","40 00:18.082","","0","75 08:11.032","1","0","0","0","67301","1","1","0","N","1","1","0","2","67301","0","2","1.0","","9","N","N","N","0","0","0","0","0","","0","","","2","0","0","0","0","0","0","2","0","1","","07","","N","","","","","","","","","",""
"2022003944","1643","1","0","0","0","0","0","0","0","0","0","0","","67","1","2022","7","39.981366","-75.207006","1643","6","0","0","0","0","0","0","0","0","","0","0","0","","","0","N","0","","39 58:52.918","","0","75 12:25.223","0","0","0","0","67301","0","0","0","N","0","0","0","1","68K01","0","","4.0","","9","N","N","N","0","","0","0","0","","0","","","1","0","1","0","0","0","0","2","0","1","","","","N","","","","","","","","","",""
"2022032870","2041","0","0","0","0","0","0","0","0","0","8","0","","67","4","2022","2","40.078325","-74.990414","2039","6","0","0","0","0","0","1","0","0","","0","0","0","","","1","N","0","","40 04:41.970","","0","74 59:25.490","3","0","0","0","67301","1","0","0","N","1","0","0","2","67301","0","","1.0","","1","N","N","N","0","","1","0","1","","0","","","2","1","0","0","0","0","0","2","0","1","","","","N","","","","","","","","","",""
"2022032304","1721","1","0","0","0","0","0","0","0","0","1","0","","67","3","2022","6","40.041986","-75.003817","1658","6","0","0","0","0","0","1","0","0","","0","0","0","","","0","N","0","","40 02:31.151","","0","75 00:13.741","0","0","0","0","67301","0","0","0","N","0","0","0","2","68K01","0","","1.0","","1","N","N","N","1","","0","0","0","","0","","","2","0","0","0","0","0","0","2","0","2","","","","N","","","","","","","","","",""
"2022002056","0036","3","0","0","0","0","0","0","0","0","4","0","","67","1","2022","1","39.955947","-75.204775","0035","6","0","0","0","0","0","0","0","0","","0","0","0","","","0","","2","","39 57:21.408","3","0","75 12:17.190","0","0","0","0","67301","0","0","0","N","0","0","0","5","67504","0","","1.0","106.0","9","N","N","N","0","","0","0","0","","2","Y","","3","0","0","0","0","0","0","2","0","3","","04","","N","","","","","","","","","",""
"2022004211","1635","1","0","0","0","0","0","0","0","0","5","0","","67","1","2022","1","39.897624","-75.252377","1630","6","0","0","0","0","0","1","0","0","","0","0","0","","","1","","1","","39 53:51.445","","0","75 15:08.556","3","0","0","0","67301","0","0","0","N","0","0","0","2","67301","0","","1.0","","1","N","N","N","0","","1","0","1","","2","","","2","1","0","0","0","0","0","2","0","2","","04","","N","","","","","","","","","",""
"2022010837","1905","1","0","0","0","0","0","0","0","0","4","0","","67","1","2022","4","40.063523","-75.169834","1853","6","0","0","0","0","0","0","0","1","","0","0","0","","","0","","1","","40 03:48.682","","0","75 10:11.404","0","0","0","0","67301","0","0","0","N","0","0","0","2","67301","0","","1.0","","99","N","N","N","0","","0","0","1","","2","","","2","0","2","0","0","0","0","2","0","2","","03","","N","","","","","","","","","",""
"2022032877","0744","1","0","0","0","0","0","0","0","0","4","0","","67","4","2022","6","39.892331","-75.222694","0744","6","0","0","0","0","0","2","0","0","","0","0","0","","","0","N","0","","39 53:32.390","","0","75 13:21.700","0","0","0","0","67301","0","0","0","N","0","0","0","3","67301","0","","1.0","","9","N","N","N","1","","0","0","0","","2","","","2","0","0","0","0","0","0","2","0","2","","","","N","","","","","","","","","",""
"2022032898","1145","0","0","0","0","0","0","0","0","0","4","0","","67","4","2022","7","40.029024","-75.056651","1145","6","0","0","0","0","0","1","0","0","","2","0","0","","","0","","2","","40 01:44.487","","0","75 03:23.945","1","1","0","1","67301","1","1","0","N","1","1","0","3","67301","0","2","1.0","","1","N","N","N","1","0","0","0","0","","3","","","3","0","0","0","0","0","0","2","0","2","","03","","N","","","","","","","","","",""
"2022032902","0540","0","0","0","0","0","0","0","0","0","7","0","","67","1","2022","7","39.938831","-75.210299","0538","6","0","0","0","0","0","0","0","0","","0","0","0","","","1","","3","","39 56:19.790","","0","75 12:37.075","2","0","0","0","67301","0","0","0","N","0","0","0","1","67301","0","","4.0","","9","N","N","N","0","","0","1","0","","0","","","1","1","0","0","0","0","0","2","1","1","","07","","N","","","","","","","","","",""
"2022031442","0819","3","0","0","0","0","0","0","0","0","4","0","","67","3","2022","4","39.998553","-75.153606","0809","6","0","0","0","0","0","1","0","0","","0","0","0","","","3","","2","","39 59:54.789","","0","75 09:12.981","3","0","0","0","67301","0","0","0","N","0","0","0","4","67301","0","","1.0","","1","N","N","N","0","","3","0","0","","2","","","3","3","0","0","0","0","0","2","0","3","","","","N","","","","","","","","","",""
"2022003174","0701","2","0","0","0","0","0","0","0","0","5","0","","67","1","2022","7","40.001008","-75.194698","0701","6","0","0","0","0","0","0","0","0","","0","0","0","","","1","N","0","","40 00:03.630","4","0","75 11:40.911","3","0","0","0","67301","0","0","0","N","0","0","0","2","68K01","0","","2.0","725.0","9","N","N","N","0","","1","0","0","","0","N","","2","1","1","0","0","0","0","2","0","2","","07","","N","","","","","","","","","",""
"2022010900","1734","1","0","0","0","0","0","0","0","0","1","0","","67","1","2022","2","40.015832","-75.15393","1734","6","0","0","0","0","0","0","0","0","","0","0","0","","","0","N","0","","40 00:56.996","3","0","75 09:14.149","0","0","0","0","67301","0","0","0","N","0","0","0","3","67301","0","","1.0","1815.0","1","N","N","N","0","","0","0","1","","2","N","","2","0","0","0","0","0","0","2","0","2","","03","","N","","","","","","","","","",""
"2022032613","0641","1","0","0","0","0","0","0","0","0","4","0","","67","3","2022","5","39.937184","-75.144333","0635","6","0","0","0","0","0","0","0","0","","0","0","0","","","1","N","0","","39 56:13.864","","0","75 08:39.597","3","0","0","0","67301","0","0","0","N","0","0","0","3","68T07","0","","1.0","","1","N","N","N","0","","1","0","1","","0","","","2","1","0","0","0","0","0","2","0","2","","","","N","","","","","","","","","",""
"2022010850","2339","2","0","0","0","0","0","0","0","0","0","1","","67","1","2022","2","40.034461","-75.04515","2339","6","0","0","0","1","0","0","0","0","","0","1","0","","","0","Y","0","","40 02:04.059","","0","75 02:42.539","0","0","0","0","67301","0","0","0","N","0","0","0","2","67301","0","","1.0","","1","N","N","Y","0","","0","0","0","","0","","","3","0","0","0","0","0","0","2","0","3","","03","","N","","","","","","","","","",""
"2022005495","0831","0","0","0","0","0","0","0","0","0","7","0","","67","1","2022","7","39.988517","-75.088301","0826","6","0","0","0","0","0","0","0","0","","0","0","0","","","4","N","0","","39 59:18.662","1","0","75 05:17.884","8","0","0","0","67301","0","0","0","Y","0","0","0","4","68K01","0","","4.0","900.0","1","N","N","N","0","","0","0","1","","0","N","","1","4","0","0","0","4","0","2","0","1","","","","N","","","","","","","","","",""
"2022010844","0600","3","0","0","0","0","0","0","0","0","6","0","","67","1","2022","7","40.028361","-75.052819","0550","6","0","0","0","0","0","0","0","0","","0","0","0","","","0","N","0","","40 01:42.100","6","0","75 03:10.150","9","0","0","0","67301","0","0","0","N","0","0","0","1","67301","0","","6.0","40.0","1","N","N","N","0","","0","0","0","","0","Y","","3","0","0","0","0","0","1","2","0","3","","","","N","","","","","","","","","",""
"2022004273","1815","2","0","0","0","0","0","0","0","0","4","0","","67","1","2022","7","40.01198","-75.135844","1813","6","0","0","0","0","0","0","0","0","","0","0","0","","","1","","1","","40 00:43.128","","0","75 08:09.038","8","0","0","0","67301","0","0","0","N","0","0","0","2","67301","0","","1.0","","9","N","N","N","0","","0","0","0","","2","","","2","1","0","0","0","1","0","2","0","2","","","","N","","","","","","","","","",""
"2022011888","2035","1","0","0","0","0","0","0","0","0","4","0","","67","1","2022","5","39.974451","-75.158729","2035","6","0","0","0","0","0","0","0","0","","1","0","0","","","1","","1","","39 58:28.024","7","0","75 09:31.424","1","0","0","0","67301","0","0","0","N","0","0","0","2","67301","0","2","1.0","2230.0","1","N","N","N","0","0","0","0","1","","2","Y","","2","1","1","0","0","1","0","2","0","2","","03","","N","","","","","","","","","",""
"2022004283","0750","3","0","0","0","0","0","0","0","0","5","0","","67","1","2022","7","39.979406","-75.144844","0742","6","0","0","0","0","0","0","0","0","","0","0","0","","","0","N","0","","39 58:45.860","","0","75 08:41.440","0","0","0","0","67301","0","0","0","N","0","0","0","1","67301","0","","6.0","","9","N","N","N","0","","0","0","0","","0","","","3","0","0","0","0","0","0","2","0","3","","07","","N","","","","","","","","","",""
"2022032634","1305","0","0","0","0","0","0","0","0","0","1","0","","67","4","2022","7","40.007855","-75.202095","1305","6","0","0","0","0","0","2","0","0","","0","0","0","","","1","N","0","","40 00:28.278","3","0","75 12:07.543","3","0","0","0","67301","0","0","0","N","0","0","0","3","68T07","0","","1.0","1345.0","1","N","N","N","1","","1","0","2","","0","N","","3","1","0","0","0","0","0","2","0","3","","","","N","","","","","","","","","",""
"2022004266","0030","1","0","0","0","0","0","0","0","0","4","0","","67","1","2022","4","39.970836","-75.154134","0030","6","0","0","0","0","0","0","0","0","","0","0","0","","","1","","1","","39 58:15.009","","0","75 09:14.884","3","0","0","0","67301","0","0","0","N","0","0","0","2","67301","0","","1.0","","99","N","N","N","0","","1","0","1","","2","","","2","1","0","0","0","0","0","2","0","2","","","","N","","","","","","","","","",""
"2022004167","0850","0","0","0","0","0","0","0","0","0","8","0","","67","1","2022","2","40.059625","-75.064094","0837","6","0","0","0","0","0","0","0","0","","0","0","0","","","1","N","0","","40 03:34.650","","0","75 03:50.740","3","0","0","0","67301","1","0","0","N","1","0","0","2","67301","0","","1.0","","1","N","N","N","0","","1","0","0","","0","","","2","1","0","0","0","0","0","2","1","1","","","","N","","","","","","","","","",""
"2022032635","1427","2","0","0","0","0","0","0","0","0","1","0","","67","4","2022","7","40.014445","-75.055208","1359","6","0","0","0","0","1","0","0","0","","0","0","0","","","4","N","0","","40 00:52.001","1","0","75 03:18.747","3","0","0","0","67301","0","0","0","N","0","0","0","7","68T07","2","","1.0","1451.0","1","N","N","Y","1","","2","0","1","","0","N","","4","4","0","0","0","0","0","2","0","4","","","","N","","","","","","","","","",""