"CRN","ARRIVAL_TM","AUTOMOBILE_COUNT","BELTED_DEATH_COUNT","BELTED_SUSP_SERIOUS_INJ_COUNT","BICYCLE_COUNT","BICYCLE_DEATH_COUNT","BICYCLE_SUSP_SERIOUS_INJ_COUNT","BUS_COUNT","CHLDPAS_DEATH_COUNT","CHLDPAS_SUSP_SERIOUS_INJ_COUNT","COLLISION_TYPE","COMM_VEH_COUNT","CONS_ZONE_SPD_LIM","COUNTY","CRASH_MONTH","CRASH_YEAR","DAY_OF_WEEK","DEC_LATITUDE","DEC_LONGITUDE","DISPATCH_TM","DISTRICT","DRIVER_COUNT_16YR","DRIVER_COUNT_17YR","DRIVER_COUNT_18YR","DRIVER_COUNT_19YR","DRIVER_COUNT_20YR","DRIVER_COUNT_50_64YR","DRIVER_COUNT_65_74YR","DRIVER_COUNT_75PLUS","EST_HRS_CLOSED","FATAL_COUNT","HEAVY_TRUCK_COUNT","HORSE_BUGGY_COUNT","HOUR_OF_DAY","ILLUMINATION","INJURY_COUNT","INTERSECTION_RELATED","INTERSECT_TYPE","LANE_CLOSED","LATITUDE","LN_CLOSE_DIR","LOCATION_TYPE","LONGITUDE","MAX_SEVERITY_LEVEL","MCYCLE_DEATH_COUNT","MCYCLE_SUSP_SERIOUS_INJ_COUNT","MOTORCYCLE_COUNT","MUNICIPALITY","NONMOTR_COUNT","NONMOTR_DEATH_COUNT","NONMOTR_SUSP_SERIOUS_INJ_COUNT","NTFY_HIWY_MAINT","PED_COUNT","PED_DEATH_COUNT","PED_SUSP_SERIOUS_INJ_COUNT","PERSON_COUNT","POLICE_AGCY","POSSIBLE_INJ_COUNT","RDWY_SURF_TYPE_CD","RELATION_TO_ROAD","ROADWAY_CLEARED","ROAD_CONDITION","SCH_BUS_IND","SCH_ZONE_IND","SECONDARY_CRASH","SMALL_TRUCK_COUNT","SPEC_JURIS_CD","SUSP_MINOR_INJ_COUNT","SUSP_SERIOUS_INJ_COUNT","SUV_COUNT","TCD_FUNC_CD","TCD_TYPE","TFC_DETOUR_IND","TIME_OF_DAY","TOTAL_UNITS","TOT_INJ_COUNT","UNBELTED_OCC_COUNT","UNB_DEATH_COUNT","UNB_SUSP_SERIOUS_INJ_COUNT","UNK_INJ_DEG_COUNT","UNK_INJ_PER_COUNT","URBAN_RURAL","VAN_COUNT","VEHICLE_COUNT","WEATHER1","WEATHER2","WORKERS_PRES","WORK_ZONE_IND","WORK_ZONE_LOC","WORK_ZONE_TYPE","WZ_CLOSE_DETOUR","WZ_FLAGGER","WZ_LAW_OFFCR_IND","WZ_LN_CLOSURE","WZ_MOVING","WZ_OTHER","WZ_SHLDER_MDN","WZ_WORKERS_INJ_KILLED"
"2022032847","1112","2","0","0","0","0","0","0","0","0","1","0","","67","3","2022","5","39.916829","-75.171324","1112","6","0","0","0","0","0","0","0","0","","0","0","0","","","1","","2","","39 55:00.583","","7","75 10:16.768","8","0","0","0","67301","0","0","0","N","0","0","0","2","67301","0","","1.0","","99","N","N","N","0","","0","0","0","","2","","","2","1","0","0","0","1","0","2","0","2","","","","N","","","","","","","","","",""
"2022014755","0614","1","0","0","0","0","0","0","0","0","4","0","","67","1","2022","1","39.949438","-75.237333","0612","6","0","0","0","0","0","1","0","0","","0","0","0","","","2","","1","","39 56:57.976","7","0","75 14:14.398","4","0","0","0","67301","0","0","0","N","0","0","0","2","67301","2","","1.0","745.0","1","N","N","N","0","","0","0","1","","3","Y","","2","2","1","0","0","0","0","2","0","2","","03","","N","","","","","","","","","",""
"2022012888","1035","1","0","0","0","0","0","0","0","0","5","0","","67","1","2022","3","39.981219","-75.102459","1030","6","0","0","0","0","0","1","0","0","","0","0","0","","","2","N","0","","39 58:52.388","1","0","75 06:08.853","3","0","0","0","67301","0","0","0","N","0","0","0","6","68K01","0","","1.0","1100.0","1","N","N","N","0","","1","0","3","","0","N","","4","2","0","0","0","1","0","2","0","4","","","","N","","","","","","","","","",""
"2022000037","0200","0","0","0","0","0","0","0","0","0","7","0","","67","1","2022","7","40.104886","-75.027714","0200","6","0","0","0","0","0","0","0","0","","0","0","0","","","0","N","0","","40 06:17.591","","0","75 01:39.772","0","0","0","0","67301","0","0","0","N","0","0","0","1","67301","0","","4.0","","9","N","N","N","0","","0","0","1","","0","","","1","0","0","0","0","0","0","2","0","1","","","","N","","","","","","","","","",""
"2022004241","1000","1","0","0","0","0","0","0","0","0","1","0","","67","1","2022","7","40.000341","-75.0838","0956","6","0","0","0","0","0","2","0","0","","0","0","0","","","0","","2","","40 00:01.228","2","2","75 05:01.679","0","0","0","0","67301","0","0","0","N","0","0","0","3","67301","0","","1.0","1030.0","1","N","N","N","0","","0","0","1","","2","N","","2","0","0","0","0","0","0","2","0","2","","","","N","","","","","","","","","",""
"2022012830","1144","2","0","0","0","0","0","0","0","0","5","0","","67","1","2022","7","39.890443","-75.220543","1136","6","0","0","0","0","0","0","0","0","","0","0","0","","","0","N","0","","39 53:25.594","2","0","75 13:13.954","0","0","0","0","67301","0","0","0","N","0","0","0","3","68K01","0","","1.0","45.0","2","N","N","N","0","","0","0","0","","0","Y","","2","0","0","0","0","0","0","2","0","2","","02","","N","","","","","","","","","",""
"2022010859","0517","2","0","0","0","0","0","0","0","0","4","0","","67","1","2022","6","39.958705","-75.233331","0515","6","0","0","0","0","0","0","0","0","","0","0","0","","","0","","1","","39 57:31.338","","0","75 13:59.991","0","0","0","0","67301","0","0","0","N","0","0","0","1","67301","0","","1.0","","1","N","N","N","0","","0","0","0","","3","","","2","0","0","0","0","0","0","2","0","2","","","","N","","","","","","","","","",""
"2022010835","0625","7","0","0","0","0","0","1","0","0","1","5","","67","1","2022","4","39.919888","-75.201765","0622","6","0","0","0","1","0","3","1","0","","0","3","0","","","1","N","0","","39 55:11.596","6","3","75 12:06.353","3","0","0","0","67301","0","0","0","N","0","0","0","18","67301","0","","1.0","900.0","2","Y","N","N","0","","1","0","4","","0","Y","","18","1","0","0","0","0","0","2","3","18","","09","","N","","","","","","","","","",""
"2022000185","1745","2","0","0","0","0","0","0","0","0","5","0","","67","1","2022","7","40.051159","-75.118676","1745","6","0","0","0","0","0","0","0","0","","0","0","0","","","1","","1","","40 03:04.174","","0","75 07:07.232","4","0","0","0","67301","0","0","0","N","0","0","0","6","67301","1","","1.0","","9","N","N","N","0","","0","0","1","","2","","","3","1","4","0","0","0","5","2","0","3","","","","N","","","","","","","","","",""
"2022004268","0010","1","0","0","0","0","0","0","0","0","5","0","","67","1","2022","2","39.987139","-75.175278","0006","6","0","0","0","0","0","0","0","0","","0","0","0","","","1","N","0","","39 59:13.700","","0","75 10:31.000","4","0","0","0","67301","0","0","0","N","0","0","0","1","67301","1","","6.0","","9","N","Y","N","1","","0","0","0","","0","","","2","1","0","0","0","0","0","2","0","2","","04","","N","","","","","","","","","",""
"2022004190","0739","0","0","0","0","0","0","0","0","0","1","0","","67","1","2022","4","40.059027","-75.044559","0720","6","0","0","0","0","0","0","0","0","","0","0","0","","","1","Y","0","","40 03:32.497","3","3","75 02:40.411","4","0","0","0","67301","0","0","0","N","0","0","0","2","67301","1","","1.0","810.0","2","N","N","N","0","","0","0","1","","2","N","","2","1","0","0","0","0","0","2","1","2","","98","","N","","","","","","","","","",""
"2022004225","1755","2","0","0","0","0","0","0","0","0","4","0","","67","1","2022","2","40.054925","-75.184459","1746","6","0","0","0","0","0","0","0","0","","0","0","0","","","1","","1","","40 03:17.729","","0","75 11:04.052","3","0","0","0","67301","0","0","0","N","0","0","0","2","67301","0","","1.0","","1","N","N","N","0","","1","0","0","","3","","","2","1","0","0","0","0","1","2","0","2","","03","","N","","","","","","","","","",""
"2022004219","0050","1","0","0","0","0","0","0","0","0","4","0","","67","1","2022","7","39.922819","-75.244067","0050","6","0","0","0","0","0","0","0","0","","0","0","0","","","0","","1","","39 55:22.148","","0","75 14:38.641","9","0","0","0","67301","0","0","0","N","0","0","0","2","67301","0","","1.0","","99","N","N","N","0","","0","0","0","","3","","","2","0","0","0","0","0","1","2","1","2","","03","","N","","","","","","","","","",""
"2022010818","1825","1","0","0","0","0","0","0","0","0","5","1","","67","1","2022","2","39.913916","-75.148437","1817","6","0","0","0","0","0","1","0","0","","0","1","0","","","0","N","0","","39 54:50.097","4","0","75 08:54.374","0","0","0","0","67301","0","0","0","N","0","0","0","3","67301","0","","1.0","1855.0","1","N","N","N","0","","0","0","0","","0","N","","2","0","0","0","0","0","0","2","0","2","","","","N","","","","","","","","","",""
"2022032723","1110","0","0","0","0","0","0","0","0","0","1","0","","67","3","2022","5","39.948119","-75.142118","1110","6","0","0","0","0","0","0","0","0","","0","0","0","","","0","N","0","","39 56:53.228","","0","75 08:31.626","9","0","0","0","67301","0","0","0","N","0","0","0","2","68K01","0","","3.0","","9","N","N","N","0","","0","0","0","","0","","","2","0","0","0","0","0","1","2","1","2","","","","N","","","","","","","","","",""
"2022011382","0311","2","0","0","0","0","0","0","0","0","5","0","","67","1","2022","7","39.901335","-75.15231","0256","6","0","0","0","0","0","0","0","0","","0","0","0","","","0","N","0","","39 54:04.806","1","3","75 09:08.317","0","0","0","0","67301","0","0","0","N","0","0","0","6","68K01","0","","1.0","30.0","9","N","N","N","0","","0","0","1","","0","N","","3","0","0","0","0","0","0","2","0","3","","07","","N","","","","","","","","","",""
"2022010867","2015","1","0","0","0","0","0","0","0","0","1","1","","67","1","2022","1","40.000561","-75.225672","2010","6","0","0","0","0","0","0","0","0","","0","1","0","","","0","N","0","","40 00:02.020","","0","75 13:32.420","9","0","0","0","67301","0","0","0","N","0","0","0","1","67301","0","","6.0","","9","N","N","N","0","","0","0","0","","0","","","2","0","0","0","0","0","1","2","0","2","","10","","N","","","","","","","","","",""
"2022004252","1225","0","0","0","0","0","0","0","0","0","8","0","","67","1","2022","2","39.934362","-75.169249","1219","6","0","0","0","0","0","0","1","0","","0","0","0","","","1","","1","","39 56:03.703","","0","75 10:09.296","4","0","0","0","67301","1","0","0","N","1","0","0","2","67301","1","","1.0","","99","N","N","N","0","","0","0","0","","3","","","2","1","0","0","0","0","0","2","1","1","","10","","N","","","","","","","","","",""
"2022023778","2045","1","0","0","0","0","0","0","0","0","1","0","","67","3","2022","6","40.005809","-75.097376","2045","6","0","0","0","0","0","0","0","0","","0","0","0","","","0","N","0","","40 00:20.911","","0","75 05:50.555","0","0","0","0","67301","0","0","0","N","0","0","0","3","67301","0","","1.0","","1","N","N","N","0","","0","0","3","","1","","","4","0","3","0","0","0","0","2","0","4","","03","","N","","","","","","","","","",""
"2022004284","0135","0","0","0","0","0","0","0","0","0","5","0","","67","1","2022","6","39.987269","-75.140758","0131","6","0","0","0","0","1","0","0","0","","0","0","0","","","0","N","0","","39 59:14.170","","0","75 08:26.730","0","0","0","0","67301","0","0","0","N","0","0","0","3","67301","0","","1.0","","9","N","N","N","1","","0","0","1","","0","","","2","0","0","0","0","0","0","2","0","2","","","","N","","","","","","","","","",""
"2022004302","0245","2","0","0","0","0","0","0","0","0","4","0","","67","1","2022","6","40.022303","-75.162025","0239","6","0","0","0","0","0","0","0","0","","0","0","0","","","0","","1","","40 01:20.289","","0","75 09:43.290","9","0","0","0","67301","0","0","0","N","0","0","0","2","67301","0","","1.0","","7","N","N","N","0","","0","0","0","","2","","","2","0","1","0","0","0","1","2","0","2","","03","","N","","","","","","","","","",""
"2022032894","1809","2","0","0","0","0","0","0","0","0","4","0","","67","3","2022","5","40.00868","-75.068855","1809","6","0","0","0","1","0","0","0","1","","0","0","0","","","0","","1","","40 00:31.249","","0","75 04:07.877","0","0","0","0","67301","0","0","0","N","0","0","0","2","67301","0","","1.0","","1","N","N","N","0","","0","0","0","","0","","","2","0","1","0","0","0","0","2","0","2","","","","N","","","","","","","","","",""
"2022004207","1601","0","0","0","0","0","0","0","0","0","4","0","","67","1","2022","1","39.961287","-75.175241","1600","6","0","0","0","0","0","0","0","0","","0","0","0","","","2","","1","","39 57:40.634","","0","75 10:30.866","2","0","1","1","67301","0","0","0","N","0","0","0","3","67301","0","","1.0","","1","N","N","N","0","","1","1","1","","2","","","2","2","0","0","0","0","0","2","0","2","","03","","N","","","","","","","","","",""
"2022006634","1840","2","0","0","0","0","0","0","0","0","5","0","","67","1","2022","6","40.002889","-75.222817","1816","6","1","0","0","0","0","0","0","0","","0","0","0","","","1","N","0","","40 00:10.400","","0","75 13:22.140","3","0","0","0","67301","0","0","0","N","0","0","0","6","68K01","0","","1.0","","1","N","N","N","0","","1","0","0","","0","","","2","1","0","0","0","0","0","2","0","2","","","","N","","","","","","","","","",""
"2022004289","1145","1","0","0","0","0","0","0","0","0","4","0","","67","1","2022","2","40.03588","-75.134361","1145","6","0","0","0","0","0","1","0","0","","0","0","0","","","0","","2","","40 02:09.167","","0","75 08:03.699","0","0","0","0","67301","0","0","0","N","0","0","0","2","67301","0","","1.0","","9","N","N","N","0","","0","0","0","","3","","","2","0","1","0","0","0","0","2","1","2","","10","","N","","","","","","","","","",""
"2022014810","0800","1","0","0","0","0","0","0","0","0","5","0","","67","1","2022","7","40.024101","-75.130701","0800","6","0","0","0","0","0","0","0","0","","0","0","0","","","0","N","0","","40 01:26.764","","0","75 07:50.525","9","0","0","0","67301","0","0","0","N","0","0","0","1","67301","0","","6.0","","99","N","N","N","0","","0","0","0","","0","","","2","0","0","0","0","0","1","2","0","2","","","","N","","","","","","","","","",""
"2022004162","1302","0","0","0","0","0","0","0","0","0","1","0","","67","1","2022","7","39.910557","-75.185645","1301","6","0","0","0","0","0","2","1","0","","0","0","0","","","1","","2","","39 54:38.006","","0","75 11:08.321","8","0","0","0","67301","0","0","0","N","0","0","0","4","67301","0","","1.0","","1","N","N","N","1","","0","0","3","","2","","","4","1","0","0","0","1","0","2","0","4","","03","","N","","","","","","","","","",""
"2022023394","1940","1","0","0","0","0","0","0","0","0","1","0","","67","2","2022","6","39.945577","-75.190096","1926","6","0","0","0","0","0","0","0","0","","0","0","0","","","1","N","0","","39 56:44.078","4","0","75 11:24.346","3","0","0","0","67301","0","0","0","N","0","0","0","2","68K01","0","","1.0","2025.0","1","N","N","N","1","","1","0","0","","0","N","","2","1","0","0","0","0","0","2","0","2","","","","N","","","","","","","","","",""
"2022010852","1229","0","0","0","0","0","0","0","0","0","7","1","","67","1","2022","4","40.039981","-75.032158","1224","6","0","0","0","0","1","0","0","0","","0","1","0","","","0","N","0","","40 02:23.933","","0","75 01:55.769","0","0","0","0","67301","0","0","0","N","0","0","0","2","67301","0","","1.0","","1","N","N","Y","0","","0","0","1","","0","","","2","0","0","0","0","0","0","2","0","2","","","","N","","","","","","","","","",""
"2022000586","0926","1","0","0","0","0","0","0","0","0","7","0","","67","1","2022","1","39.984393","-75.208201","0926","6","0","0","0","0","0","0","0","0","","0","0","0","","","1","N","0","","39 59:03.813","4","0","75 12:29.522","3","0","0","0","67301","0","0","0","N","0","0","0","1","68K01","0","","3.0","1000.0","9","N","N","N","0","","1","0","0","","0","N","","1","1","0","0","0","0","0","2","0","1","","","","N","","","","","","","","","",""
"2022004277","1755","1","0","0","0","0","0","0","0","0","8","0","","67","1","2022","4","40.013455","-75.135524","1752","6","0","0","0","0","0","0","0","0","","0","0","0","","","1","","2","","40 00:48.437","","0","75 08:07.886","4","0","0","0","67301","1","0","0","N","1","0","0","2","67301","1","","1.0","","1","N","N","N","0","","0","0","0","","2","","","2","1","0","0","0","0","0","2","0","1","","03","","N","","","","","","","","","",""
"2022010879","1330","0","0","0","0","0","0","0","0","0","4","1","","67","1","2022","6","40.01384","-75.12598","1330","6","0","0","0","0","0","0","1","0","","0","1","0","","","0","","1","","40 00:49.824","","0","75 07:33.527","9","0","0","0","67301","0","0","0","N","0","0","0","2","67301","0","","1.0","","1","N","N","N","0","","0","0","1","","1","","","2","0","0","0","0","0","2","2","0","2","","03","","N","","","","","","","","","",""
"2022030804","0730","2","0","0","0","0","0","1","0","0","5","1","","67","3","2022","3","39.894612","-75.236717","0716","6","0","0","0","0","0","1","0","0","","0","0","0","","","1","","1","","39 53:40.603","","0","75 14:12.181","3","0","0","0","67301","0","0","0","N","0","0","0","4","67301","0","","1.0","","1","N","N","N","0","","1","0","1","","2","","","4","1","2","0","0","0","0","2","0","4","","04","","N","","","","","","","","","",""
"2022004489","2048","2","0","0","0","0","0","0","0","0","5","0","","67","1","2022","1","39.935654","-75.199811","2042","6","0","0","0","0","0","0","0","0","","0","0","0","","","0","N","0","","39 56:08.355","3","0","75 11:59.320","0","0","0","0","67301","0","0","0","N","0","0","0","3","68K01","0","","1.0","2115.0","9","N","N","N","0","","0","0","0","","0","N","","2","0","0","0","0","0","0","2","0","2","","07","","N","","","","","","","","","",""
"2022004270","2321","2","0","0","0","0","0","0","0","0","4","0","","67","1","2022","1","39.997217","-75.119346","2320","6","0","0","0","0","0","0","0","0","","0","0","0","","","2","","1","","39 59:49.981","","0","75 07:09.644","8","0","0","0","67301","0","0","0","N","0","0","0","3","67301","0","","1.0","","1","N","N","N","0","","0","0","0","","2","","","2","2","1","0","0","2","0","2","0","2","","03","","N","","","","","","","","","",""
"2022004295","1030","2","0","0","0","0","0","0","0","0","1","0","","67","1","2022","3","40.021569","-75.199925","1008","6","0","0","0","0","0","0","0","0","","0","0","0","","","0","N","0","","40 01:17.650","","0","75 11:59.730","0","0","0","0","67301","0","0","0","N","0","0","0","2","67301","0","","1.0","","1","N","N","N","0","","0","0","0","","0","","","2","0","0","0","0","0","0","2","0","2","","03","","N","","","","","","","","","",""
"2022005773","0312","1","0","0","0","0","0","0","0","0","5","0","","67","1","2022","1","40.035157","-75.018384","0250","6","0","0","0","0","1","0","0","0","","0","0","0","","","2","N","0","","40 02:06.566","","3","75 01:06.181","3","0","0","0","67301","0","0","0","N","0","0","0","4","68K01","0","","1.0","","9","N","N","N","0","","2","0","1","","0","","","2","2","0","0","0","0","0","2","0","2","","","","N","","","","","","","","","",""
"2022030210","0219","1","0","0","0","0","0","0","0","0","7","0","","67","3","2022","1","40.044219","-75.018307","0219","6","0","0","0","1","0","0","0","0","","0","0","0","","","0","N","0","","40 02:39.187","","7","75 01:05.905","0","0","0","0","67301","0","0","0","N","0","0","0","2","67301","0","","2.0","","1","N","N","N","0","","0","0","0","","0","","","1","0","0","0","0","0","0","2","0","1","","03","","N","","","","","","","","","",""
"2022004537","0035","1","0","0","0","0","0","0","0","0","7","0","","67","1","2022","6","40.015247","-75.16985","0033","6","0","0","0","0","0","0","1","0","","0","0","0","","","1","","1","","40 00:54.888","","0","75 10:11.461","3","0","0","0","67301","0","0","0","N","0","0","0","1","67301","0","","4.0","","1","N","N","N","0","","1","0","0","","2","","","1","1","0","0","0","0","0","2","0","1","","03","","N","","","","","","","","","",""
"2022012541","1343","1","0","0","0","0","0","0","0","0","5","0","","67","1","2022","1","40.037837","-75.011849","1337","6","0","0","0","0","0","0","0","0","","0","0","0","","","1","N","0","","40 02:16.212","2","0","75 00:42.656","8","0","0","0","67301","0","0","0","N","0","0","0","2","68K01","0","","1.0","1415.0","1","N","N","N","0","","0","0","0","","0","N","","2","1","0","0","0","1","1","2","0","2","","","","N","","","","","","","","","",""
"2022029845","0035","2","0","0","0","0","0","0","0","0","4","0","","67","3","2022","7","39.982523","-75.230728","0033","6","0","0","0","0","0","1","0","0","","0","0","0","","","1","","1","","39 58:57.082","","0","75 13:50.620","8","0","0","0","67301","0","0","0","N","0","0","0","2","67301","0","","1.0","","1","N","N","N","0","","0","0","0","","2","","","2","1","0","0","0","1","1","2","0","2","","03","","N","","","","","","","","","",""
"2022004250","1752","2","0","0","0","0","0","0","0","0","4","0","","67","1","2022","6","39.973833","-75.206444","1752","6","0","0","0","0","0","1","0","0","","0","0","0","","","4","","1","","39 58:25.797","","0","75 12:23.198","4","0","0","0","67301","0","0","0","N","0","0","0","4","67301","4","","1.0","","2","N","N","N","0","","0","0","0","","2","","","2","4","0","0","0","0","0","2","0","2","","03","","N","","","","","","","","","",""
"2022004299","1353","2","0","0","0","0","0","0","0","0","5","0","","67","1","2022","5","40.027453","-75.165567","1350","6","0","0","0","0","0","1","0","0","","0","0","0","","","1","N","0","","40 01:38.830","5","0","75 09:56.040","3","0","0","0","67301","0","0","0","N","0","0","0","1","67301","0","","6.0","1425.0","1","N","N","N","0","","1","0","1","","0","N","","3","1","0","0","0","0","0","2","0","3","","03","","N","","","","","","","","","",""
"2022032288","1419","1","0","0","0","0","0","0","0","0","5","1","","67","3","2022","4","39.990946","-75.086636","1358","6","0","0","0","0","0","0","0","0","","0","1","0","","","0","N","0","","39 59:27.404","2","0","75 05:11.888","0","0","0","0","67301","0","0","0","N","0","0","0","2","68K01","0","","1.0","1430.0","9","N","N","N","0","","0","0","0","","0","N","","2","0","0","0","0","0","0","2","0","2","","05","","N","","","","","","","","","",""
"2022004204","1720","1","0","0","0","0","0","0","0","0","4","0","","67","1","2022","7","40.099985","-75.008299","1717","6","0","0","0","0","1","0","0","0","","0","0","0","","","0","","2","","40 05:59.946","","0","75 00:29.876","0","0","0","0","67301","0","0","0","N","0","0","0","2","67301","0","","1.0","","1","N","N","N","0","","0","0","0","","2","","","2","0","0","0","0","0","0","2","1","2","","03","","N","","","","","","","","","",""
"2022030903","0259","1","0","0","0","0","0","0","0","0","7","0","","67","3","2022","7","39.945158","-75.142686","0255","6","0","0","0","0","0","0","0","0","","0","0","0","","","0","N","0","","39 56:42.567","","0","75 08:33.669","0","0","0","0","67301","0","0","0","N","0","0","0","1","68K01","0","","4.0","","1","N","N","N","0","","0","0","0","","0","","","1","0","0","0","0","0","0","2","0","1","","03","","N","","","","","","","","","",""
"2022000513","0853","1","0","0","0","0","0","0","0","0","1","0","","67","1","2022","7","39.982183","-75.170525","0845","6","0","0","0","0","0","0","0","0","","0","0","0","","","0","N","0","","39 58:55.860","","0","75 10:13.890","0","0","0","0","67301","0","0","0","N","0","0","0","1","67301","0","","6.0","","9","N","N","N","2","","0","0","0","","0","","","3","0","0","0","0","0","0","2","0","3","","07","","N","","","","","","","","","",""
"2022014827","1202","1","0","0","0","0","0","0","0","0","4","0","","67","1","2022","1","39.969035","-75.137233","1158","6","0","0","0","0","0","0","0","0","","0","0","0","","","1","","1","","39 58:08.526","","0","75 08:14.037","3","0","0","0","67301","0","0","0","N","0","0","0","3","67301","0","","1.0","","9","N","N","N","0","","1","0","0","","3","","","2","1","0","0","0","0","0","2","1","2","","07","","N","","","","","","","","","",""
"2022032621","1635","1","0","0","0","0","0","0","0","0","7","0","","67","4","2022","6","40.043465","-75.003093","1617","6","0","0","0","0","0","0","0","0","","0","0","0","","","0","N","0","","40 02:36.474","","0","75 00:11.133","0","0","0","0","67301","0","0","0","N","0","0","0","1","68T07","0","","4.0","","9","N","N","N","0","","0","0","0","","0","","","1","0","0","0","0","0","0","2","0","1","","","","N","","","","","","","","","",""
"2022033730","2133","1","0","0","0","0","0","0","0","0","4","0","","67","3","2022","5","40.031926","-75.021374","2125","6","0","0","0","0","0","0","0","0","","0","0","0","","","0","N","0","","40 01:54.933","2","0","75 01:16.946","0","0","0","0","67301","0","0","0","N","0","0","0","1","68T07","0","","5.0","2150.0","9","N","N","N","0","","0","0","0","","0","N","","1","0","0","0","0","0","0","2","0","1","","","","N","","","","","","","","","",""
"2022010869","2230","2","0","0","0","0","0","0","0","0","4","0","","67","1","2022","4","39.988765","-75.17587","2225","6","0","0","0","0","0","0","0","0","","0","0","0","","","1","","2","","39 59:19.553","6","0","75 10:33.131","8","0","0","0","67301","0","0","0","N","0","0","0","2","67301","0","","1.0","2300.0","1","N","N","Y","0","","0","0","0","","3","Y","","2","1","0","0","0","1","0","2","0","2","","","","N","","","","","","","","","",""
"2022032535","0955","0","0","0","0","0","0","0","0","0","4","2","","67","3","2022","3","39.950579","-75.161686","0945","6","0","0","0","0","0","0","0","0","","0","2","0","","","0","","1","","39 57:02.084","","0","75 09:42.068","0","0","0","0","67301","0","0","0","N","0","0","0","2","67508","0","","1.0","","1","N","N","Y","0","","0","0","0","","2","","","2","0","1","0","0","0","0","2","0","2","","03","","N","","","","","","","","","",""
"2022004168","1355","0","0","0","0","0","0","0","0","0","1","0","","67","1","2022","2","40.036839","-75.064022","1347","6","0","0","0","0","0","1","0","0","","0","0","0","","","0","N","0","","40 02:12.620","","0","75 03:50.479","0","0","0","0","67301","0","0","0","N","0","0","0","2","67301","0","","1.0","","9","N","N","N","0","","0","0","2","","0","","","2","0","0","0","0","0","0","2","0","2","","04","","N","","","","","","","","","",""
"2022033731","1312","1","0","0","0","0","0","0","0","0","1","0","","67","4","2022","6","39.951985","-75.140998","1302","6","0","0","0","1","0","0","0","0","","0","0","0","","","0","N","0","","39 57:07.147","1","3","75 08:27.594","0","0","0","0","67301","0","0","0","N","0","0","0","2","68T07","0","","1.0","1350.0","99","N","N","N","1","","0","0","0","","0","N","","2","0","0","0","0","0","0","2","0","2","","07","","N","","","","","","","","","",""
"2022006138","0141","1","0","0","0","0","0","0","0","0","5","0","","67","1","2022","1","39.981493","-75.207136","0141","6","0","0","0","1","0","0","0","0","","0","0","0","","","0","N","0","","39 58:53.374","3","0","75 12:25.690","0","0","0","0","67301","0","0","0","N","0","0","0","1","68K01","0","","2.0","158.0","9","N","N","Y","0","","0","0","1","","0","N","","2","0","0","0","0","0","0","2","0","2","","","","N","","","","","","","","","",""
"2022004247","0802","2","0","0","0","0","0","0","0","0","4","0","","67","1","2022","4","39.967528","-75.193944","0759","6","0","0","0","0","0","0","0","0","","0","0","0","","","0","N","0","","39 58:03.100","6","0","75 11:38.200","0","0","0","0","67301","0","0","0","N","0","0","0","3","67301","0","","1.0","840.0","2","N","N","N","1","","0","0","0","","0","Y","","3","0","0","0","0","0","0","2","0","3","","","","N","","","","","","","","","",""
"2022010903","2010","1","0","0","1","0","0","0","0","0","8","0","","67","1","2022","4","40.021009","-75.148572","2010","6","0","0","0","0","0","0","0","0","","0","0","0","","","1","N","0","","40 01:15.632","","7","75 08:54.860","3","0","0","0","67301","1","0","0","N","0","0","0","2","67301","0","","5.0","","1","N","N","N","0","","1","0","0","","0","","","2","1","0","0","0","0","0","2","0","1","","","","N","","","","","","","","","",""
"2022011899","1054","0","0","0","0","0","0","0","0","0","4","0","","67","1","2022","4","40.048847","-75.161364","1050","6","0","0","0","0","0","0","1","0","","0","0","0","","","1","N","0","","40 02:55.850","","0","75 09:40.910","8","0","0","0","67301","0","0","0","N","0","0","0","1","67301","0","","1.0","","1","N","N","N","1","","0","0","1","","0","","","2","1","0","0","0","1","0","2","0","2","","03","","N","","","","","","","","","",""
"2022004662","0410","1","0","0","0","0","0","0","0","0","0","0","","67","1","2022","7","39.981049","-75.206636","0358","6","0","0","0","0","0","0","0","0","","0","0","0","","","1","N","0","","39 58:51.776","3","0","75 12:23.890","2","0","0","0","67301","0","0","0","N","0","0","0","1","68K01","0","","2.0","500.0","9","N","N","N","0","","0","1","0","","0","N","","1","1","1","0","1","0","0","2","0","1","","","","N","","","","","","","","","",""
"2022009959","1715","1","0","0","0","0","0","0","0","0","7","0","","67","1","2022","7","39.89518","-75.193757","1711","6","0","0","0","0","0","0","1","0","","1","0","0","","","0","N","0","","39 53:42.647","2","3","75 11:37.526","1","0","0","0","67301","0","0","0","N","0","0","0","1","68K01","0","1","3.0","1912.0","1","N","N","N","0","0","0","0","0","","0","N","","1","0","1","1","0","0","0","2","0","1","","03","","N","","","","","","","","","",""
"2022032530","2340","0","0","0","0","0","0","1","0","0","4","1","","67","3","2022","5","39.949615","-75.15391","2330","6","0","0","0","0","0","0","0","0","","0","0","0","","","3","","1","","39 56:58.614","","0","75 09:14.075","8","0","0","0","67301","0","0","0","N","0","0","0","3","67508","0","","1.0","","98","N","N","Y","0","","0","0","1","","2","N","","2","3","0","0","0","3","0","2","0","2","","98","","N","","","","","","","","","",""