"CRN","ARRIVAL_TM","AUTOMOBILE_COUNT","BELTED_DEATH_COUNT","BELTED_SUSP_SERIOUS_INJ_COUNT","BICYCLE_COUNT","BICYCLE_DEATH_COUNT","BICYCLE_SUSP_SERIOUS_INJ_COUNT","BUS_COUNT","CHLDPAS_DEATH_COUNT","CHLDPAS_SUSP_SERIOUS_INJ_COUNT","COLLISION_TYPE","COMM_VEH_COUNT","CONS_ZONE_SPD_LIM","COUNTY","CRASH_MONTH","CRASH_YEAR","DAY_OF_WEEK","DEC_LATITUDE","DEC_LONGITUDE","DISPATCH_TM","DISTRICT","DRIVER_COUNT_16YR","DRIVER_COUNT_17YR","DRIVER_COUNT_18YR","DRIVER_COUNT_19YR","DRIVER_COUNT_20YR","DRIVER_COUNT_50_64YR","DRIVER_COUNT_65_74YR","DRIVER_COUNT_75PLUS","EST_HRS_CLOSED","FATAL_COUNT","HEAVY_TRUCK_COUNT","HORSE_BUGGY_COUNT","HOUR_OF_DAY","ILLUMINATION","INJURY_COUNT","INTERSECTION_RELATED","INTERSECT_TYPE","LANE_CLOSED","LATITUDE","LN_CLOSE_DIR","LOCATION_TYPE","LONGITUDE","MAX_SEVERITY_LEVEL","MCYCLE_DEATH_COUNT","MCYCLE_SUSP_SERIOUS_INJ_COUNT","MOTORCYCLE_COUNT","MUNICIPALITY","NONMOTR_COUNT","NONMOTR_DEATH_COUNT","NONMOTR_SUSP_SERIOUS_INJ_COUNT","NTFY_HIWY_MAINT","PED_COUNT","PED_DEATH_COUNT","PED_SUSP_SERIOUS_INJ_COUNT","PERSON_COUNT","POLICE_AGCY","POSSIBLE_INJ_COUNT","RDWY_SURF_TYPE_CD","RELATION_TO_ROAD","ROADWAY_CLEARED","ROAD_CONDITION","SCH_BUS_IND","SCH_ZONE_IND","SECONDARY_CRASH","SMALL_TRUCK_COUNT","SPEC_JURIS_CD","SUSP_MINOR_INJ_COUNT","SUSP_SERIOUS_INJ_COUNT","SUV_COUNT","TCD_FUNC_CD","TCD_TYPE","TFC_DETOUR_IND","TIME_OF_DAY","TOTAL_UNITS","TOT_INJ_COUNT","UNBELTED_OCC_COUNT","UNB_DEATH_COUNT","UNB_SUSP_SERIOUS_INJ_COUNT","UNK_INJ_DEG_COUNT","UNK_INJ_PER_COUNT","URBAN_RURAL","VAN_COUNT","VEHICLE_COUNT","WEATHER1","WEATHER2","WORKERS_PRES","WORK_ZONE_IND","WORK_ZONE_LOC","WORK_ZONE_TYPE","WZ_CLOSE_DETOUR","WZ_FLAGGER","WZ_LAW_OFFCR_IND","WZ_LN_CLOSURE","WZ_MOVING","WZ_OTHER","WZ_SHLDER_MDN","WZ_WORKERS_INJ_KILLED"
"2022004269","2120","3","0","0","0","0","0","0","0","0","4","0","","67","1","2022","2","39.972014","-75.163737","2106","6","0","0","0","0","0","0","0","0","","0","0","0","","","1","N","0","","39 58:19.251","","7","75 09:49.452","4","0","0","0","67301","0","0","0","N","0","0","0","3","67301","1","","1.0","","1","N","N","N","0","","0","0","0","","0","","","3","1","0","0","0","0","0","2","0","3","","03","","N","","","","","","","","","",""
"2022000226","0208","2","0","0","0","0","0","0","0","0","1","0","","67","1","2022","7","40.034833","-75.131056","0208","6","0","0","0","0","0","0","0","0","","0","0","0","","","0","N","0","","40 02:05.400","","0","75 07:51.800","9","0","0","0","67301","0","0","0","N","0","0","0","1","67301","0","","6.0","","9","N","N","N","0","","0","0","1","","0","","","3","0","0","0","0","0","1","2","0","3","","04","","N","","","","","","","","","",""
"2022031240","0545","0","0","0","0","0","0","0","0","0","4","1","","67","3","2022","6","39.998509","-75.129281","0536","6","0","0","0","0","0","0","0","0","","0","1","0","","","0","","1","","39 59:54.633","","0","75 07:45.412","0","0","0","0","67301","0","0","0","N","0","0","0","2","67301","0","","1.0","","9","N","N","N","0","","0","0","1","","2","","","2","0","0","0","0","0","0","2","0","2","","03","","N","","","","","","","","","",""
"2022008845","1740","2","0","0","0","0","0","0","0","0","1","0","","67","1","2022","5","39.960292","-75.181655","1735","6","0","0","0","0","1","0","0","0","","0","0","0","","","0","N","0","","39 57:37.050","","0","75 10:53.958","0","0","0","0","67301","0","0","0","N","0","0","0","2","68K01","0","","1.0","","1","N","N","N","0","","0","0","0","","0","","","2","0","0","0","0","0","0","2","0","2","","03","","N","","","","","","","","","",""
"2022000453","0140","1","0","0","0","0","0","0","0","0","4","0","","67","1","2022","7","40.039237","-75.066819","0130","6","0","0","0","0","0","0","0","0","","0","0","0","","","1","","1","","40 02:21.254","4","0","75 04:00.550","3","0","0","0","67301","0","0","0","N","0","0","0","3","67301","0","","1.0","256.0","9","N","N","N","0","","1","0","1","","2","N","","2","1","0","0","0","0","0","2","0","2","","05","","N","","","","","","","","","",""
"2022011343","0228","0","0","0","0","0","0","0","0","0","7","0","","67","1","2022","7","40.02252","-75.037676","0228","6","0","0","0","0","0","0","0","0","","0","1","0","","","1","N","0","","40 01:21.071","","0","75 02:15.634","4","0","0","0","67301","0","0","0","N","0","0","0","1","68K01","1","","2.0","","7","N","N","N","0","","0","0","0","","0","","","1","1","0","0","0","0","0","2","0","1","","","","N","","","","","","","","","",""
"2022004294","1030","2","0","0","0","0","0","0","0","0","5","0","","67","1","2022","3","40.022783","-75.197642","1008","6","0","0","0","0","0","0","0","0","","0","0","0","","","0","N","0","","40 01:22.020","","0","75 11:51.510","0","0","0","0","67301","0","0","0","N","0","0","0","2","67301","0","","1.0","","1","N","N","N","0","","0","0","0","","0","","","2","0","0","0","0","0","0","2","0","2","","03","","N","","","","","","","","","",""
"2022010863","0825","1","0","0","0","0","0","1","0","0","6","1","","67","1","2022","3","39.945965","-75.241151","0817","6","0","0","0","0","0","1","0","0","","0","0","0","","","0","N","0","","39 56:45.473","6","0","75 14:28.144","0","0","0","0","67301","0","0","0","N","0","0","0","7","67301","0","","1.0","1600.0","1","Y","N","N","0","","0","0","0","","0","Y","","2","0","0","0","0","0","0","2","0","2","","03","","N","","","","","","","","","",""
"2022032292","0917","1","0","0","0","0","0","0","0","0","7","0","","67","3","2022","7","39.994671","-75.083761","0912","6","0","0","0","0","0","0","0","0","","0","0","0","","","1","N","0","","39 59:40.814","1","0","75 05:01.539","8","0","0","0","67301","0","0","0","Y","0","0","0","3","68K01","0","","4.0","930.0","9","N","N","N","0","","0","0","0","","0","N","","1","1","0","0","0","1","0","2","0","1","","","","N","","","","","","","","","",""
"2022030559","0251","1","0","0","0","0","0","0","0","0","7","0","","67","3","2022","4","39.968337","-75.128732","0246","6","0","0","0","0","0","0","0","0","","0","0","0","","","2","N","0","","39 58:06.013","1","0","75 07:43.435","8","0","0","0","67301","0","0","0","N","0","0","0","2","68K01","0","","4.0","315.0","1","N","N","N","0","","0","0","0","","0","N","","1","2","2","0","0","2","0","2","0","1","","","","N","","","","","","","","","",""
"2022021039","0759","3","0","0","0","0","0","0","0","0","5","0","","67","1","2022","2","40.032566","-75.124186","0756","6","0","0","0","0","0","0","0","0","","0","0","0","","","2","","1","","40 01:57.237","","1","75 07:27.069","3","0","0","0","67301","0","0","0","N","0","0","0","3","67301","0","","1.0","","1","N","N","N","0","","2","0","2","","2","","","6","2","0","0","0","0","0","2","1","6","","04","","N","","","","","","","","","",""
"2022032205","0028","1","0","0","0","0","0","0","0","0","1","0","","67","4","2022","7","39.928546","-75.196629","0009","6","0","0","0","0","0","1","0","0","","0","0","0","","","0","N","0","","39 55:42.766","","0","75 11:47.866","9","0","0","0","67301","0","0","0","N","0","0","0","2","68Z99","0","","1.0","","1","N","N","N","0","","0","0","0","","0","","","2","0","0","0","0","0","1","2","0","2","","","","N","","","","","","","","","",""
"2022010781","0807","0","0","0","0","0","0","0","0","0","7","0","","67","1","2022","1","39.901393","-75.152508","0802","6","0","0","0","0","0","0","0","0","","0","1","0","","","0","N","0","","39 54:05.013","2","0","75 09:09.027","0","0","0","0","67301","0","0","0","N","0","0","0","1","68K01","0","","4.0","900.0","1","N","N","N","0","","0","0","0","","0","N","","1","0","0","0","0","0","0","2","0","1","","03","","N","","","","","","","","","",""
"2022004243","2010","2","0","0","0","0","0","0","0","0","4","0","","67","1","2022","1","40.015472","-75.073528","2008","6","0","0","0","0","0","0","0","0","","0","0","0","","","1","N","0","","40 00:55.700","2","0","75 04:24.700","3","0","0","0","67301","0","0","0","N","0","0","0","2","67301","0","","1.0","2036.0","9","N","N","Y","0","","1","0","2","","0","N","","4","1","0","0","0","0","0","2","0","4","","","","N","","","","","","","","","",""
"2022033173","0619","1","0","0","0","0","0","0","0","0","1","0","","67","3","2022","5","40.038886","-75.008956","0619","6","0","0","0","0","0","0","0","0","","0","0","0","","","1","N","0","","40 02:19.990","","0","75 00:32.243","3","0","0","0","67301","0","0","0","N","0","0","0","2","68K01","0","","1.0","","9","N","N","N","0","","1","0","0","","0","","","2","1","0","0","0","0","1","2","0","2","","","","N","","","","","","","","","",""
"2022014598","1750","1","0","0","0","0","0","0","0","0","6","0","","67","1","2022","2","40.076623","-75.032867","1743","6","0","0","0","0","0","0","0","0","","0","0","0","","","3","","1","","40 04:35.844","2","0","75 01:58.321","4","0","0","0","67301","0","0","0","N","0","0","0","3","67301","1","","1.0","1900.0","1","N","N","N","0","","0","0","2","","2","Y","","3","3","0","0","0","2","0","2","0","3","","","","N","","","","","","","","","",""
"2022029657","0910","2","0","0","0","0","0","0","0","0","2","0","","67","3","2022","5","40.01294","-75.150329","0903","6","0","0","0","0","0","0","0","0","","0","0","0","","","0","N","0","","40 00:46.583","2","7","75 09:01.185","9","0","0","0","67301","0","0","0","N","0","0","0","2","67301","0","","1.0","935.0","9","N","N","N","0","","0","0","0","","0","N","","2","0","0","0","0","0","1","2","0","2","","07","","N","","","","","","","","","",""
"2022004256","1626","1","0","0","0","0","0","0","0","0","5","0","","67","1","2022","2","39.951623","-75.226613","1626","6","0","0","0","0","0","0","0","0","","0","0","0","","","0","N","0","","39 57:05.841","","0","75 13:35.808","0","0","0","0","67301","0","0","0","N","0","0","0","3","67301","0","","1.0","","1","N","N","N","1","","0","0","0","","0","","","2","0","0","0","0","0","0","2","0","2","","","","N","","","","","","","","","",""
"2022004224","0855","2","0","0","0","0","0","0","0","0","5","0","","67","1","2022","1","40.066172","-75.184658","0843","6","0","0","0","0","0","0","0","0","","0","0","0","","","0","N","0","","40 03:58.220","3","0","75 11:04.768","9","0","0","0","67301","0","0","0","N","0","0","0","1","67301","0","","6.0","1000.0","9","N","N","N","0","","0","0","0","","0","N","","2","0","0","0","0","0","1","2","0","2","","03","","N","","","","","","","","","",""
"2022031315","0916","1","0","0","0","0","0","0","0","0","1","0","","67","3","2022","3","40.03352","-75.208241","0908","6","0","0","0","0","0","1","0","0","","0","0","0","","","0","N","0","","40 02:00.673","","0","75 12:29.666","0","0","0","0","67301","0","0","0","N","0","0","0","2","67301","0","","1.0","","1","N","N","N","0","","0","0","1","","0","","","2","0","0","0","0","0","0","2","0","2","","03","","N","","","","","","","","","",""
"2022032869","2032","0","0","0","0","0","0","0","0","0","8","0","","67","4","2022","6","40.048885","-75.012319","2027","6","0","0","0","0","0","0","1","0","","0","0","0","","","1","","2","","40 02:55.985","3","0","75 00:44.349","3","0","0","0","67301","1","0","0","N","1","0","0","2","67301","0","","1.0","2105.0","1","N","N","N","0","","1","0","0","","3","N","","2","1","0","0","0","0","0","2","1","1","","03","","N","","","","","","","","","",""
"2022010836","0340","1","0","0","0","0","0","1","0","0","4","1","","67","1","2022","3","39.891942","-75.241906","0333","6","0","0","0","0","0","1","0","0","","0","0","0","","","2","","2","","39 53:30.990","","7","75 14:30.862","3","0","0","0","67301","0","0","0","N","0","0","0","4","67301","0","","1.0","","1","N","N","N","0","","1","0","1","","2","","","3","2","0","0","0","1","0","2","0","3","","98","","N","","","","","","","","","",""
"2022032309","1756","0","0","0","0","0","0","0","0","0","1","0","","67","3","2022","7","39.96751","-75.132502","1750","6","0","0","0","0","0","0","0","0","","0","0","0","","","0","N","0","","39 58:03.037","","0","75 07:57.007","0","0","0","0","67301","0","0","0","N","0","0","0","3","68K01","0","","1.0","","1","N","N","N","1","","0","0","0","","0","","","2","0","0","0","0","0","0","2","1","2","","","","N","","","","","","","","","",""
"2022004217","1847","2","0","0","0","0","0","0","0","0","4","0","","67","1","2022","6","39.936383","-75.218989","1845","6","0","1","0","0","0","1","0","0","","0","0","0","","","2","","1","","39 56:10.978","","0","75 13:08.360","4","0","0","0","67301","0","0","0","N","0","0","0","2","67301","2","","1.0","","2","N","N","N","0","","0","0","1","","2","","","3","2","0","0","0","0","0","2","0","3","","03","","N","","","","","","","","","",""
"2022033167","0957","0","0","0","0","0","0","0","0","0","5","0","","67","3","2022","3","39.934458","-75.199886","0942","6","0","0","1","0","0","0","0","0","","0","0","0","","","1","N","0","","39 56:04.049","","0","75 11:59.588","4","0","0","0","67301","0","0","0","N","0","0","0","3","68K01","1","","1.0","","1","N","N","N","0","","0","0","1","","0","","","2","1","0","0","0","0","1","2","0","2","","03","","N","","","","","","","","","",""
"2022032394","1723","1","0","0","0","0","0","0","0","0","5","0","","67","3","2022","4","39.987583","-75.089566","1701","6","0","0","0","0","1","0","0","0","","0","0","0","","","1","N","0","","39 59:15.300","1","0","75 05:22.439","3","0","0","0","67301","0","0","0","N","0","0","0","5","68K01","0","","1.0","1755.0","1","N","N","N","0","","1","0","3","","0","N","","4","1","0","0","0","0","0","2","0","4","","03","","N","","","","","","","","","",""
"2022004179","1635","1","0","0","0","0","0","0","0","0","8","0","","67","1","2022","5","39.920633","-75.170429","1604","6","0","0","0","0","0","0","0","0","","0","0","0","","","1","","1","","39 55:14.279","","0","75 10:13.546","3","0","0","0","67301","1","0","0","N","1","0","0","2","67301","0","","1.0","","1","N","N","N","0","","1","0","0","","2","","","2","1","0","0","0","0","0","2","0","1","","03","","N","","","","","","","","","",""
"2022010886","1745","3","0","0","0","0","0","0","0","0","4","0","","67","1","2022","6","39.986215","-75.129291","1739","6","0","0","0","0","0","0","0","0","","0","0","0","","","0","","2","","39 59:10.373","","0","75 07:45.447","0","0","0","0","67301","0","0","0","N","0","0","0","2","67301","0","","1.0","","1","N","N","N","0","","0","0","1","","3","","","4","0","0","0","0","0","0","2","0","4","","03","","N","","","","","","","","","",""
"2022029676","0858","0","0","0","0","0","0","0","0","0","5","1","","67","3","2022","2","39.893158","-75.176247","0855","6","0","0","0","0","0","0","0","0","","0","1","0","","","2","N","0","","39 53:35.370","","0","75 10:34.490","3","0","0","0","67301","0","0","0","N","0","0","0","3","67301","0","","1.0","","1","N","N","N","0","","1","0","2","","0","","","3","2","0","0","0","1","0","2","0","3","","03","","N","","","","","","","","","",""
"2022011918","1919","1","0","0","0","0","0","0","0","0","8","0","","67","1","2022","6","40.045503","-75.112753","1915","6","0","0","0","0","0","0","0","0","","1","0","0","","","0","N","0","","40 02:43.812","","0","75 06:45.909","1","0","0","0","67301","1","1","0","N","1","1","0","2","67301","0","2","1.0","","2","N","N","N","0","0","0","0","0","","0","","","2","0","0","0","0","0","0","2","0","1","","98","","N","","","","","","","","","",""
"2022004212","1721","1","0","0","0","0","0","0","0","0","7","0","","67","1","2022","2","39.941778","-75.225722","1721","6","0","0","0","0","0","0","0","0","","0","0","0","","","1","N","0","","39 56:30.400","","0","75 13:32.600","3","0","0","0","67301","0","0","0","N","0","0","0","1","67301","0","","5.0","","1","N","N","N","0","","1","0","0","","0","","","1","1","0","0","0","0","0","2","0","1","","03","","N","","","","","","","","","",""
"2022004221","0000","1","0","0","0","0","0","0","0","0","4","0","","67","1","2022","7","40.036981","-75.178493","0046","6","0","0","0","0","0","1","0","0","","0","0","0","","","0","","2","","40 02:13.131","","0","75 10:42.574","0","0","0","0","67301","0","0","0","N","0","0","0","1","67301","0","","1.0","","9","N","N","N","0","","0","0","1","","3","","","2","0","1","0","0","0","0","2","0","2","","03","","N","","","","","","","","","",""
"2022031059","1724","3","0","0","0","0","0","0","0","0","4","0","","67","3","2022","2","40.056362","-75.075135","1717","6","0","0","0","0","0","0","0","1","","0","0","0","","","1","","1","","40 03:22.903","3","0","75 04:30.486","3","0","0","0","67301","0","0","0","N","0","0","0","2","67301","0","","1.0","100.0","1","N","N","N","0","","1","0","0","","2","N","","3","1","0","0","0","0","0","2","0","3","","03","","N","","","","","","","","","",""
"2022004214","1749","2","0","0","0","0","0","0","0","0","4","0","","67","1","2022","3","39.926089","-75.242361","1748","6","0","0","0","0","0","0","0","0","","0","0","0","","","1","","1","","39 55:33.920","","0","75 14:32.499","3","0","0","0","67301","0","0","0","N","0","0","0","3","67301","0","","1.0","","1","N","N","N","0","","1","0","0","","2","","","2","1","1","0","0","0","0","2","0","2","","03","","N","","","","","","","","","",""
"2022012542","1657","0","0","0","0","0","0","0","0","0","5","0","","67","1","2022","1","39.958348","-75.165594","1652","6","0","0","0","0","0","1","0","0","","0","0","0","","","1","N","0","","39 57:30.052","","0","75 09:56.137","4","0","0","0","67301","0","0","0","N","0","0","0","2","68K01","1","","1.0","","1","N","N","N","0","","0","0","1","","0","","","2","1","0","0","0","0","0","2","0","2","","03","","N","","","","","","","","","",""
"2022032893","2010","2","0","0","0","0","0","0","0","0","1","0","","67","3","2022","4","40.025782","-75.094672","2010","6","0","0","0","0","0","1","0","0","","0","0","0","","","1","","1","","40 01:32.815","","0","75 05:40.819","3","0","0","0","67301","0","0","0","N","0","0","0","2","67301","0","","1.0","","1","N","N","N","0","","1","0","0","","3","","","2","1","0","0","0","0","1","2","0","2","","","","N","","","","","","","","","",""
"2022000079","1107","1","0","0","0","0","0","0","0","0","4","0","","67","1","2022","7","39.957849","-75.191055","1107","6","0","0","0","0","1","0","0","0","","0","0","0","","","0","","2","","39 57:28.256","","0","75 11:27.798","0","0","0","0","67301","0","0","0","N","0","0","0","2","67507","0","","1.0","","9","N","N","N","0","","0","0","1","","0","","","2","0","0","0","0","0","0","2","0","2","","","","N","","","","","","","","","",""
"2022030158","0758","1","0","0","0","0","0","0","0","0","7","0","","67","3","2022","1","40.000967","-75.067819","0758","6","0","0","0","0","0","0","0","0","","0","0","0","","","1","N","0","","40 00:03.480","","0","75 04:04.150","3","0","0","0","67301","0","0","0","N","0","0","0","1","67301","0","","2.0","","1","N","N","N","0","","1","0","0","","0","","","1","1","1","0","0","0","0","2","0","1","","","","N","","","","","","","","","",""
"2022004154","1840","2","0","0","0","0","0","0","0","0","4","0","","67","1","2022","7","39.97531","-75.165182","1832","6","0","0","0","0","0","1","0","0","","0","0","0","","","0","","1","","39 58:31.117","","0","75 09:54.656","0","0","0","0","67301","0","0","0","N","0","0","0","2","67301","0","","1.0","","9","N","N","N","0","","0","0","2","","2","","","4","0","0","0","0","0","0","2","0","4","","04","","N","","","","","","","","","",""
"2022014865","1215","1","0","0","0","0","0","0","0","0","4","0","","67","1","2022","1","40.025778","-75.123473","0012","6","0","0","0","0","0","1","0","0","","0","0","0","","","1","","1","","40 01:32.799","","0","75 07:24.504","8","0","0","0","67301","0","0","0","N","0","0","0","3","67301","0","","1.0","","9","N","N","N","0","","0","0","1","","2","","","2","1","0","0","0","1","1","2","0","2","","05","","N","","","","","","","","","",""
"2022004292","2015","0","0","0","0","0","0","0","0","0","8","0","","67","1","2022","7","40.003681","-75.169078","2004","6","0","0","0","0","0","0","0","0","","0","0","0","","","2","","5","","40 00:13.253","","0","75 10:08.679","3","0","0","0","67301","1","0","0","N","1","0","0","2","67301","0","","1.0","","9","N","N","N","0","","1","0","0","","2","","","2","2","0","0","0","1","0","2","0","1","","","","N","","","","","","","","","",""
"2022027688","0239","1","0","0","0","0","0","0","0","0","7","0","","67","3","2022","3","40.008905","-75.205331","0206","6","0","0","0","0","0","0","0","0","","0","0","0","","","1","N","0","","40 00:32.059","","0","75 12:19.191","3","0","0","0","67301","0","0","0","N","0","0","0","1","68K01","0","","4.0","","1","N","N","N","0","","1","0","0","","0","","","1","1","0","0","0","0","0","2","0","1","","","","N","","","","","","","","","",""
"2022033225","1205","1","0","0","0","0","0","0","0","0","8","0","","67","4","2022","3","39.922516","-75.145859","1146","6","0","0","0","0","0","0","0","0","","0","0","0","","","1","","2","","39 55:21.057","","0","75 08:45.092","8","0","0","0","67301","1","0","0","N","1","0","0","2","67301","0","","1.0","","1","N","N","N","0","","0","0","0","","3","","","2","1","0","0","0","1","1","2","0","1","","","","N","","","","","","","","","",""
"2022032864","0255","1","0","0","0","0","0","0","0","0","5","0","","67","3","2022","5","40.0637","-75.05275","0252","6","0","0","0","0","0","0","0","0","","0","0","0","","","0","N","0","","40 03:49.320","","0","75 03:09.900","0","0","0","0","67301","0","0","0","N","0","0","0","1","67301","0","","5.0","","1","N","N","N","2","","0","0","0","","0","","","3","0","0","0","0","0","0","2","0","3","","","","N","","","","","","","","","",""
"2022008856","2231","2","0","0","0","0","0","0","0","0","6","0","","67","1","2022","1","40.040323","-75.006043","2219","6","0","0","0","0","0","0","0","0","","0","0","0","","","0","N","0","","40 02:25.164","2","0","75 00:21.754","0","0","0","0","67301","0","0","0","N","0","0","0","1","68K01","0","","1.0","2241.0","9","N","N","N","0","","0","0","0","","0","N","","2","0","0","0","0","0","0","2","0","2","","","","N","","","","","","","","","",""
"2022032863","2346","1","0","0","0","0","0","0","0","0","4","0","","67","3","2022","4","40.110705","-75.020836","2343","6","0","0","0","0","0","0","0","0","","0","0","0","","","0","","1","","40 06:38.538","","0","75 01:15.009","0","0","0","0","67301","0","0","0","N","0","0","0","2","67301","0","","1.0","","1","N","N","N","0","","0","0","1","","3","","","2","0","0","0","0","0","0","2","0","2","","","","N","","","","","","","","","",""
"2022027871","0532","1","0","0","0","0","0","0","0","0","7","0","","67","3","2022","7","39.957541","-75.147894","0521","6","0","0","0","0","0","0","0","0","","0","0","0","","","0","N","0","","39 57:27.147","3","0","75 08:52.420","0","0","0","0","67301","0","0","0","N","0","0","0","1","68K01","0","","4.0","600.0","9","N","N","N","0","","0","0","0","","0","N","","1","0","0","0","0","0","0","2","0","1","","","","N","","","","","","","","","",""
"2022029226","0053","1","0","0","0","0","0","0","0","0","4","0","","67","3","2022","2","39.962723","-75.203973","0052","6","0","0","0","0","0","0","0","0","","0","0","0","","","4","","1","","39 57:45.803","","0","75 12:14.304","3","0","0","0","67301","0","0","0","N","0","0","0","4","67301","0","","1.0","","1","N","N","N","0","","4","0","1","","3","","","2","4","0","0","0","0","0","2","0","2","","03","","N","","","","","","","","","",""
"2022004173","2152","1","0","0","0","0","0","0","0","0","4","0","","67","1","2022","7","40.042225","-75.080163","2152","6","0","0","0","0","0","0","0","0","","0","0","0","","","1","","1","","40 02:32.010","","0","75 04:48.588","3","0","0","0","67301","0","0","0","N","0","0","0","2","67301","0","","1.0","","99","N","N","N","0","","1","0","0","","3","","","2","1","0","0","0","0","0","2","1","2","","03","","N","","","","","","","","","",""
"2022001474","1133","0","0","0","0","0","0","0","0","0","0","0","","67","1","2022","7","40.045781","-75.000247","1133","6","0","0","0","0","0","0","0","0","","0","0","0","","","0","N","0","","40 02:44.813","","2","75 00:00.889","0","0","0","0","67301","0","0","0","N","0","0","0","1","68K01","0","","4.0","","9","N","N","N","0","","0","0","1","","0","","","1","0","0","0","0","0","0","2","0","1","","07","","N","","","","","","","","","",""
"2022029290","0117","0","0","0","0","0","0","0","0","0","7","0","","67","3","2022","4","39.995428","-75.155975","0115","6","0","0","0","0","0","0","0","0","","0","0","0","","","0","N","0","","39 59:43.540","","0","75 09:21.510","0","0","0","0","67301","0","0","0","N","0","0","0","1","67301","0","","5.0","","1","N","N","N","0","","0","0","1","","0","","","1","0","0","0","0","0","0","2","0","1","","03","","N","","","","","","","","","",""
"2022029220","1645","0","0","0","0","0","0","0","0","0","4","0","","67","3","2022","5","40.008621","-75.068836","1615","6","0","0","0","0","0","1","0","0","","0","0","0","","","1","","7","","40 00:31.034","3","2","75 04:07.810","3","0","0","0","67301","0","0","0","N","0","0","0","2","67301","0","","1.0","1752.0","9","N","N","N","0","","1","0","2","","0","N","","2","1","0","0","0","0","0","2","0","2","","07","","N","","","","","","","","","",""
"2022029165","1101","2","0","0","0","0","0","0","0","0","4","0","","67","3","2022","3","40.035437","-75.108493","1051","6","0","0","0","0","0","0","1","0","","0","0","0","","","1","","1","","40 02:07.572","","0","75 06:30.576","4","0","0","0","67301","0","0","0","N","0","0","0","2","67301","1","","1.0","","1","N","N","N","0","","0","0","0","","2","","","2","1","0","0","0","0","0","2","0","2","","","","N","","","","","","","","","",""
"2022029186","0155","1","0","0","0","0","0","0","0","0","7","0","","67","3","2022","1","40.099703","-75.064361","0145","6","0","0","0","0","0","0","0","0","","0","0","0","","","0","N","0","","40 05:58.930","","0","75 03:51.700","0","0","0","0","67301","0","0","0","N","0","0","0","1","67301","0","","2.0","","1","N","N","N","0","","0","0","0","","0","","","1","0","0","0","0","0","0","2","0","1","","","","N","","","","","","","","","",""
"2022004176","2055","1","0","0","0","0","0","0","0","0","8","0","","67","1","2022","1","39.923299","-75.161318","2051","6","0","0","0","0","0","0","0","0","","0","0","0","","","1","","1","","39 55:23.877","","0","75 09:40.743","3","0","0","0","67301","1","0","0","N","1","0","0","2","67301","0","","1.0","","1","N","N","N","0","","1","0","0","","2","","","2","1","0","0","0","0","0","2","0","1","","03","","N","","","","","","","","","",""
"2022004210","0855","0","0","0","0","0","0","0","0","0","4","0","","67","1","2022","7","39.940369","-75.236609","0851","6","0","0","0","0","0","1","0","0","","0","0","0","","","1","","1","","39 56:25.327","","0","75 14:11.791","8","0","0","0","67301","0","0","0","N","0","0","0","2","67301","0","","1.0","","9","N","N","N","0","","0","0","2","","2","","","2","1","0","0","0","1","1","2","0","2","","04","","N","","","","","","","","","",""
"2022029444","1356","1","0","0","0","0","0","0","0","0","1","0","","67","3","2022","5","39.911708","-75.172371","1348","6","0","0","0","0","0","0","0","0","","0","0","0","","","2","","1","","39 54:42.148","4","0","75 10:20.534","4","0","0","0","67301","0","0","0","N","0","0","0","2","67301","2","","1.0","1530.0","1","N","N","N","0","","0","0","0","","2","N","","2","2","0","0","0","0","0","2","1","2","","","","N","","","","","","","","","",""
"2022010285","2039","0","0","0","0","0","0","0","0","0","5","0","","67","1","2022","2","39.978804","-75.203008","2029","6","0","0","0","0","0","0","1","0","","0","0","0","","","0","","6","","39 58:43.695","","2","75 12:10.830","9","0","0","0","67301","0","0","0","N","0","0","0","2","68K01","0","","7.0","","1","N","N","N","0","","0","0","1","","0","","","2","0","0","0","0","0","1","2","0","2","","","","N","","","","","","","","","",""
"2022029204","1813","1","0","0","0","0","0","0","0","0","4","0","","67","3","2022","1","39.930638","-75.218339","1813","6","0","0","0","0","0","1","0","0","","0","0","0","","","2","","2","","39 55:50.295","6","0","75 13:06.020","4","0","0","0","67301","0","0","0","N","0","0","0","3","67301","2","","1.0","1829.0","1","N","N","N","0","","0","0","1","","3","N","","2","2","0","0","0","0","0","2","0","2","","","","N","","","","","","","","","",""
"2022033989","1404","1","0","0","0","0","0","0","0","0","1","0","","67","3","2022","5","39.957203","-75.157519","1353","6","0","0","0","0","0","1","0","0","","0","0","0","","","3","N","0","","39 57:25.932","3","0","75 09:27.068","4","0","0","0","67301","0","0","0","N","0","0","0","4","68T07","1","","1.0","1425.0","1","N","N","N","1","","0","0","0","","0","N","","2","3","0","0","0","2","0","2","0","2","","","","N","","","","","","","","","",""
"2022002980","1934","0","0","0","0","0","0","0","0","0","1","0","","67","1","2022","6","39.892557","-75.224881","1921","6","0","0","0","0","0","1","0","0","","0","0","0","","","0","N","0","","39 53:33.205","2","3","75 13:29.570","0","0","0","0","67301","0","0","0","N","0","0","0","4","68K01","0","","1.0","2000.0","1","N","N","N","1","","0","0","1","","0","N","","2","0","0","0","0","0","0","2","0","2","","03","","N","","","","","","","","","",""