"CRN","ARRIVAL_TM","AUTOMOBILE_COUNT","BELTED_DEATH_COUNT","BELTED_SUSP_SERIOUS_INJ_COUNT","BICYCLE_COUNT","BICYCLE_DEATH_COUNT","BICYCLE_SUSP_SERIOUS_INJ_COUNT","BUS_COUNT","CHLDPAS_DEATH_COUNT","CHLDPAS_SUSP_SERIOUS_INJ_COUNT","COLLISION_TYPE","COMM_VEH_COUNT","CONS_ZONE_SPD_LIM","COUNTY","CRASH_MONTH","CRASH_YEAR","DAY_OF_WEEK","DEC_LATITUDE","DEC_LONGITUDE","DISPATCH_TM","DISTRICT","DRIVER_COUNT_16YR","DRIVER_COUNT_17YR","DRIVER_COUNT_18YR","DRIVER_COUNT_19YR","DRIVER_COUNT_20YR","DRIVER_COUNT_50_64YR","DRIVER_COUNT_65_74YR","DRIVER_COUNT_75PLUS","EST_HRS_CLOSED","FATAL_COUNT","HEAVY_TRUCK_COUNT","HORSE_BUGGY_COUNT","HOUR_OF_DAY","ILLUMINATION","INJURY_COUNT","INTERSECTION_RELATED","INTERSECT_TYPE","LANE_CLOSED","LATITUDE","LN_CLOSE_DIR","LOCATION_TYPE","LONGITUDE","MAX_SEVERITY_LEVEL","MCYCLE_DEATH_COUNT","MCYCLE_SUSP_SERIOUS_INJ_COUNT","MOTORCYCLE_COUNT","MUNICIPALITY","NONMOTR_COUNT","NONMOTR_DEATH_COUNT","NONMOTR_SUSP_SERIOUS_INJ_COUNT","NTFY_HIWY_MAINT","PED_COUNT","PED_DEATH_COUNT","PED_SUSP_SERIOUS_INJ_COUNT","PERSON_COUNT","POLICE_AGCY","POSSIBLE_INJ_COUNT","RDWY_SURF_TYPE_CD","RELATION_TO_ROAD","ROADWAY_CLEARED","ROAD_CONDITION","SCH_BUS_IND","SCH_ZONE_IND","SECONDARY_CRASH","SMALL_TRUCK_COUNT","SPEC_JURIS_CD","SUSP_MINOR_INJ_COUNT","SUSP_SERIOUS_INJ_COUNT","SUV_COUNT","TCD_FUNC_CD","TCD_TYPE","TFC_DETOUR_IND","TIME_OF_DAY","TOTAL_UNITS","TOT_INJ_COUNT","UNBELTED_OCC_COUNT","UNB_DEATH_COUNT","UNB_SUSP_SERIOUS_INJ_COUNT","UNK_INJ_DEG_COUNT","UNK_INJ_PER_COUNT","URBAN_RURAL","VAN_COUNT","VEHICLE_COUNT","WEATHER1","WEATHER2","WORKERS_PRES","WORK_ZONE_IND","WORK_ZONE_LOC","WORK_ZONE_TYPE","WZ_CLOSE_DETOUR","WZ_FLAGGER","WZ_LAW_OFFCR_IND","WZ_LN_CLOSURE","WZ_MOVING","WZ_OTHER","WZ_SHLDER_MDN","WZ_WORKERS_INJ_KILLED"
"2022005737","1442","0","0","0","0","0","0","1","0","0","8","1","","67","1","2022","2","40.0455","-75.164866","1425","6","0","0","0","0","0","0","0","0","","0","0","0","","","1","","1","","40 02:43.799","","0","75 09:53.518","4","0","0","0","67301","1","0","0","N","1","0","0","2","67508","1","","1.0","","1","N","N","Y","0","","0","0","0","","2","","","2","1","0","0","0","0","0","2","0","1","","03","","N","","","","","","","","","",""
"2022005776","0428","1","0","0","0","0","0","0","0","0","7","0","","67","1","2022","1","39.956834","-75.153328","0425","6","0","0","0","0","0","0","0","0","","0","0","0","","","1","N","0","","39 57:24.601","3","0","75 09:11.982","3","0","0","0","67301","0","0","0","N","0","0","0","1","68K01","0","","3.0","445.0","9","N","N","N","0","","1","0","0","","0","N","","1","1","0","0","0","0","0","2","0","1","","","","N","","","","","","","","","",""
"2022004188","0938","1","0","0","0","0","0","0","0","0","1","0","","67","1","2022","3","40.118399","-75.018358","0924","6","0","0","0","0","0","1","0","0","","0","0","0","","","1","N","0","","40 07:06.237","","7","75 01:06.089","4","0","0","0","67301","0","0","0","N","0","0","0","4","67301","1","","1.0","","1","N","N","Y","0","","0","0","2","","0","","","3","1","0","0","0","0","0","2","0","3","","","","N","","","","","","","","","",""
"2022032303","1614","0","0","0","0","0","0","0","0","0","1","0","","67","3","2022","6","40.055348","-74.984327","1611","6","0","0","0","0","0","0","0","0","","0","0","0","","","0","N","0","","40 03:19.254","1","0","74 59:03.578","0","0","0","0","67301","0","0","0","N","0","0","0","4","68K01","0","","1.0","1627.0","1","N","N","N","1","","0","0","1","","0","N","","3","0","0","0","0","0","0","2","1","3","","","","N","","","","","","","","","",""
"2022019571","0259","3","0","0","0","0","0","0","0","0","5","0","","67","1","2022","4","39.963917","-75.170861","0259","6","0","0","0","0","0","0","0","0","","0","0","0","","","0","N","0","","39 57:50.100","","0","75 10:15.100","0","0","0","0","67301","0","0","0","N","0","0","0","1","67301","0","","6.0","","1","N","N","N","0","","0","0","1","","0","","","4","0","0","0","0","0","0","2","0","4","","03","","N","","","","","","","","","",""
"2022004262","2319","0","0","0","0","0","0","0","0","0","4","0","","67","1","2022","7","39.990293","-75.220316","2250","6","0","0","0","1","0","0","0","0","","0","0","0","","","0","","1","","39 59:25.054","","0","75 13:13.138","0","0","0","0","67301","0","0","0","N","0","0","0","2","67301","0","","1.0","","9","N","N","N","1","","0","0","1","","2","","","2","0","0","0","0","0","0","2","0","2","","03","","N","","","","","","","","","",""
"2022004215","0723","0","0","0","0","0","0","0","0","0","0","0","","67","1","2022","4","39.919221","-75.221028","0719","6","0","0","0","0","0","1","0","0","","0","0","0","","","1","N","0","","39 55:09.196","","0","75 13:15.702","3","0","0","0","67301","0","0","0","N","0","0","0","1","67301","0","","1.0","","2","N","N","N","0","","1","0","1","","0","","","1","1","0","0","0","0","0","2","0","1","","04","","N","","","","","","","","","",""
"2022002996","1023","1","0","0","0","0","0","0","0","0","7","0","","67","1","2022","1","39.959848","-75.178584","1018","6","0","0","0","0","0","0","0","0","","0","0","0","","","0","N","0","","39 57:35.452","3","3","75 10:42.902","0","0","0","0","67301","0","0","0","N","0","0","0","1","68K01","0","","3.0","1131.0","9","N","N","N","0","","0","0","0","","0","N","","1","0","1","0","0","0","0","2","0","1","","03","","N","","","","","","","","","",""
"2022004242","1044","1","0","0","0","0","0","0","0","0","1","0","","67","1","2022","1","40.008622","-75.091131","1033","6","0","0","0","0","0","0","0","0","","0","0","0","","","0","Y","0","","40 00:31.040","2","1","75 05:28.070","0","0","0","0","67301","0","0","0","N","0","0","0","2","67301","0","","1.0","1117.0","8","N","N","N","0","","0","0","1","","2","N","","2","0","0","0","0","0","0","2","0","2","","","","N","","","","","","","","","",""
"2022033058","0850","0","0","0","0","0","0","0","0","0","1","0","","67","3","2022","5","39.943109","-75.14281","0833","6","0","0","0","0","0","0","0","0","","0","0","0","","","1","N","0","","39 56:35.191","","0","75 08:34.117","3","0","0","0","67301","0","0","0","N","0","0","0","2","68T07","0","","1.0","","1","N","N","N","0","","1","0","2","","0","","","2","1","0","0","0","0","0","2","0","2","","04","","N","","","","","","","","","",""
"2022004296","1345","2","0","0","0","0","0","0","0","0","1","0","","67","1","2022","7","40.009827","-75.155705","1345","6","0","0","0","0","0","0","0","0","","0","0","0","","","4","N","0","","40 00:35.377","","0","75 09:20.538","3","0","0","0","67301","0","0","0","N","0","0","0","6","67301","0","","1.0","","1","N","N","Y","0","","4","0","1","","0","","","3","4","0","0","0","0","0","2","0","3","","","","N","","","","","","","","","",""
"2022004163","0317","0","0","0","0","0","0","0","0","0","5","0","","67","1","2022","2","39.920197","-75.171358","0302","6","0","0","0","0","0","0","0","0","","0","0","0","","","0","N","0","","39 55:12.710","","0","75 10:16.890","0","0","0","0","67301","0","0","0","N","0","0","0","1","67301","0","","6.0","","1","N","N","N","0","","0","0","2","","0","","","2","0","1","0","0","0","0","2","0","2","","04","","N","","","","","","","","","",""
"2022027985","0047","1","0","0","0","0","0","0","0","0","7","0","","67","3","2022","7","39.94215","-75.142983","0047","6","0","0","0","0","0","0","0","0","","0","0","0","","","0","N","0","","39 56:31.740","1","0","75 08:34.740","0","0","0","0","67301","0","0","0","N","0","0","0","1","68K01","0","","2.0","100.0","1","N","N","N","0","","0","0","0","","0","N","","1","0","0","0","0","0","0","2","0","1","","03","","N","","","","","","","","","",""
"2022004222","0120","0","0","0","0","0","0","0","0","0","4","0","","67","1","2022","7","40.071537","-75.165423","0109","6","0","0","0","0","0","0","0","0","","0","0","0","","","0","","1","","40 04:17.533","","0","75 09:55.522","0","0","0","0","67301","0","0","0","N","0","0","0","2","67301","0","","1.0","","9","N","N","N","0","","0","0","2","","3","","","2","0","1","0","0","0","0","2","0","2","","05","","N","","","","","","","","","",""
"2022029490","0112","2","0","0","0","0","0","0","0","0","2","0","","67","3","2022","2","40.013587","-75.068535","0105","6","0","0","0","0","0","1","0","0","","0","0","0","","","0","","5","","40 00:48.913","","0","75 04:06.725","0","0","0","0","67301","0","0","0","N","0","0","0","2","67301","0","","1.0","","1","N","N","N","0","","0","0","0","","2","","","2","0","0","0","0","0","0","2","0","2","","03","","N","","","","","","","","","",""
"2022029244","1316","2","0","0","0","0","0","0","0","0","2","0","","67","3","2022","3","39.975577","-75.186543","1311","6","0","0","0","0","0","0","0","0","","0","0","0","","","1","","1","","39 58:32.077","1","0","75 11:11.554","3","0","0","0","67301","0","0","0","N","0","0","0","2","67301","0","","1.0","30.0","1","N","N","N","0","","1","0","0","","3","N","","2","1","0","0","0","0","0","2","0","2","","03","","N","","","","","","","","","",""
"2022029199","2131","2","0","0","0","0","0","0","0","0","4","0","","67","3","2022","5","39.942651","-75.236421","2126","6","0","0","0","0","0","1","0","0","","0","0","0","","","1","","1","","39 56:33.543","","0","75 14:11.115","4","0","0","0","67301","0","0","0","N","0","0","0","2","67301","1","","1.0","","9","N","N","N","0","","0","0","0","","2","","","2","1","0","0","0","0","0","2","0","2","","","","N","","","","","","","","","",""
"2022004656","2339","1","0","0","0","0","0","0","0","0","7","0","","67","1","2022","7","39.94781","-75.141839","2333","6","0","0","0","0","0","0","0","0","","0","0","0","","","1","N","0","","39 56:52.117","1","1","75 08:30.620","8","0","0","0","67301","0","0","0","N","0","0","0","1","68K01","0","","3.0","2359.0","9","N","N","N","0","","0","0","0","","0","N","","1","1","1","0","0","1","0","2","0","1","","04","","N","","","","","","","","","",""
"2022029644","1945","1","0","0","0","0","0","0","0","0","1","0","","67","3","2022","4","39.901564","-75.174302","1945","6","0","0","0","0","0","1","0","0","","0","0","0","","","0","N","0","","39 54:05.629","2","0","75 10:27.488","0","0","0","0","67301","0","0","0","N","0","0","0","5","67301","0","","1.0","100.0","1","N","N","N","0","","0","0","2","","0","N","","3","0","0","0","0","0","0","2","0","3","","03","","N","","","","","","","","","",""
"2022029452","1620","1","0","0","0","0","0","0","0","0","4","0","","67","3","2022","2","40.060342","-75.073917","1609","6","0","0","0","0","0","2","0","0","","0","0","0","","","1","","1","","40 03:37.231","","0","75 04:26.101","8","0","0","0","67301","0","0","0","N","0","0","0","2","67301","0","","1.0","","1","N","N","N","0","","0","0","1","","3","","","2","1","0","0","0","1","0","2","0","2","","03","","N","","","","","","","","","",""
"2022009217","0431","1","0","0","0","0","0","0","0","0","7","0","","67","1","2022","7","40.001676","-75.194949","0417","6","0","0","0","0","0","0","0","0","","0","0","0","","","1","N","0","","40 00:06.034","3","0","75 11:41.816","3","0","0","0","67301","0","0","0","N","0","0","0","1","68K01","0","","3.0","435.0","1","N","N","N","0","","1","0","0","","0","N","","1","1","0","0","0","0","0","2","0","1","","","","N","","","","","","","","","",""
"2022032313","2259","1","0","0","0","0","0","0","0","0","5","0","","67","3","2022","7","39.961483","-75.182088","2253","6","0","0","0","0","0","0","0","0","","0","0","0","","","2","N","0","","39 57:41.339","3","0","75 10:55.516","8","0","0","0","67301","0","0","0","N","0","0","0","3","68K01","0","","1.0","2311.0","9","N","N","N","0","","0","0","0","","0","N","","2","2","0","0","0","2","1","2","0","2","","","","N","","","","","","","","","",""
"2022004171","1112","0","0","0","0","0","0","0","0","0","4","0","","67","1","2022","5","40.056076","-75.064027","1111","6","0","0","0","0","0","0","1","1","","0","0","0","","","2","","1","","40 03:21.873","3","0","75 03:50.497","3","0","0","0","67301","0","0","0","N","0","0","0","2","67301","0","","1.0","22.0","1","N","N","N","0","","2","0","2","3","2","N","","2","2","0","0","0","0","0","2","0","2","","","","N","","","","","","","","","",""
"2022002081","0613","0","0","0","0","0","0","0","0","0","7","0","","67","1","2022","6","39.910417","-75.1585","0610","6","0","0","0","0","0","0","0","0","","0","0","0","","","1","N","0","","39 54:37.500","","3","75 09:30.600","8","0","0","0","67301","0","0","0","N","0","0","0","1","67501","0","","4.0","","9","N","N","N","0","","0","0","1","0","0","","","1","1","0","0","0","1","0","2","0","1","","","","N","","","","","","","","","",""
"2022029424","1322","1","0","0","0","0","0","0","0","0","8","0","","67","3","2022","4","39.999674","-75.098989","1322","6","0","0","0","0","0","0","0","0","","0","0","0","","","1","","1","","39 59:58.827","","0","75 05:56.359","3","0","0","0","67301","1","0","0","N","1","0","0","4","67301","0","","1.0","","1","N","N","N","0","","1","0","0","3","2","","","2","1","3","0","0","0","0","2","0","1","","03","","N","","","","","","","","","",""
"2022029225","1210","0","0","0","0","0","0","0","0","0","4","2","","67","3","2022","3","40.026408","-75.027846","1200","6","0","0","0","0","0","0","0","0","","0","2","0","","","0","","1","","40 01:35.067","4","2","75 01:40.247","0","0","0","0","67301","0","0","0","N","0","0","0","2","67301","0","","1.0","1330.0","1","N","N","N","0","","0","0","0","3","2","N","","2","0","0","0","0","0","0","2","0","2","","03","","N","","","","","","","","","",""
"2022027990","1701","1","0","0","0","0","0","0","0","0","1","0","","67","3","2022","3","39.947909","-75.14215","1638","6","0","0","0","0","0","1","0","0","","0","0","0","","","0","N","0","","39 56:52.474","","0","75 08:31.741","0","0","0","0","67301","0","0","0","N","0","0","0","2","68K01","0","","4.0","","1","N","N","N","0","","0","0","1","0","0","","","2","0","0","0","0","0","0","2","0","2","","","","N","","","","","","","","","",""
"2022029172","1220","1","0","0","0","0","0","0","0","0","1","0","","67","2","2022","4","40.033993","-75.208382","1213","6","0","0","1","0","0","0","0","0","","0","0","0","","","0","N","0","","40 02:02.376","","0","75 12:30.174","0","0","0","0","67301","0","0","0","N","0","0","0","2","67301","0","","1.0","","1","N","N","N","0","","0","0","1","3","2","","","2","0","1","0","0","0","0","2","0","2","","03","","N","","","","","","","","","",""
"2022029223","1801","2","0","0","0","0","0","0","0","0","4","0","","67","3","2022","6","40.040715","-75.029938","1755","6","0","0","0","0","0","0","0","0","","0","0","0","","","2","","1","","40 02:26.574","","0","75 01:47.778","4","0","0","0","67301","0","0","0","N","0","0","0","3","67301","2","","1.0","","1","N","N","N","0","","0","0","0","0","0","","","2","2","2","0","0","0","0","2","0","2","","","","N","","","","","","","","","",""
"2022028731","1245","0","0","0","0","0","0","0","0","0","1","1","","67","3","2022","3","39.957028","-75.180293","1234","6","0","0","0","0","0","1","0","0","","0","1","0","","","1","N","0","","39 57:25.299","","0","75 10:49.056","8","0","0","0","67301","0","0","0","N","0","0","0","6","68K01","0","","1.0","","1","N","N","N","0","","0","0","1","0","0","","","2","1","0","0","0","1","0","2","0","2","","","","N","","","","","","","","","",""
"2022027735","1648","0","0","0","0","0","0","1","0","0","8","1","","67","3","2022","6","40.029568","-75.080872","1642","6","0","0","0","0","0","0","0","0","","0","0","0","","","1","","1","","40 01:46.444","","0","75 04:51.138","8","0","0","0","67301","1","0","0","N","1","0","0","2","67508","0","","1.0","","1","N","N","N","0","","0","0","0","3","3","","","2","1","0","0","0","1","0","2","0","1","","03","","N","","","","","","","","","",""
"2022004280","2256","2","0","0","0","0","0","0","0","0","4","0","","67","1","2022","2","39.995453","-75.1415","2255","6","0","0","0","0","0","0","0","0","","0","0","0","","","1","","1","","39 59:43.630","","0","75 08:29.400","8","0","0","0","67301","0","0","0","N","0","0","0","2","67301","0","","1.0","","1","N","N","N","0","","0","0","2","3","2","","","4","1","0","0","0","1","0","2","0","4","","03","","N","","","","","","","","","",""
"2022014530","1355","0","0","0","0","0","0","0","0","0","8","0","","67","1","2022","1","40.052527","-75.05105","1345","6","0","0","0","0","0","0","0","0","","0","0","0","","","1","N","0","","40 03:09.096","","7","75 03:03.780","3","0","0","0","67301","1","0","0","N","1","0","0","2","67301","0","","1.0","","9","N","N","N","1","","1","0","0","0","0","","","2","1","0","0","0","0","0","2","0","1","","07","","N","","","","","","","","","",""
"2022029209","2344","1","0","0","0","0","0","0","0","0","7","0","","67","3","2022","7","40.062969","-75.202143","2344","6","0","0","0","0","0","0","0","0","","0","0","0","","","0","","2","","40 03:46.688","","0","75 12:07.714","0","0","0","0","67301","0","0","0","N","0","0","0","1","67301","0","","5.0","","9","N","N","N","0","","0","0","0","0","0","","","1","0","0","0","0","0","0","2","0","1","","","","N","","","","","","","","","",""
"2022004238","2030","1","0","0","0","0","0","0","0","0","5","0","","67","1","2022","5","40.008888","-75.071869","2028","6","0","0","0","0","0","0","0","0","","0","0","0","","","1","","5","","40 00:31.996","2","0","75 04:18.728","8","0","0","0","67301","0","0","0","N","0","0","0","3","67301","0","","1.0","30.0","1","N","N","N","0","","0","0","2","3","2","N","","3","1","0","0","0","1","0","2","0","3","","","","N","","","","","","","","","",""
"2022012033","2250","0","0","0","0","0","0","1","0","0","1","1","","67","1","2022","3","40.063383","-74.985579","2230","6","0","0","0","0","0","0","0","0","","0","0","0","","","0","","2","","40 03:48.178","","0","74 59:08.084","0","0","0","0","67301","0","0","0","N","0","0","0","2","67508","0","","1.0","","1","N","N","Y","0","","0","0","1","3","2","","","2","0","0","0","0","0","0","2","0","2","","03","","N","","","","","","","","","",""
"2022032412","0740","1","0","0","0","0","0","0","0","0","1","0","","67","3","2022","3","39.968487","-75.129199","0730","6","0","0","0","0","0","0","0","0","","0","0","0","","","0","N","0","","39 58:06.552","2","0","75 07:45.118","0","0","0","0","67301","0","0","0","N","0","0","0","2","68K01","0","","1.0","745.0","1","N","N","N","0","","0","0","1","0","0","N","","2","0","0","0","0","0","0","2","0","2","","03","","N","","","","","","","","","",""
"2022004183","1618","1","0","0","0","0","0","0","0","0","8","0","","67","1","2022","5","39.958132","-75.150458","1616","6","0","0","0","0","0","0","0","0","","0","0","0","","","1","","1","","39 57:29.275","","0","75 09:01.648","3","0","0","0","67301","1","0","0","N","1","0","0","2","67301","0","","1.0","","1","N","N","N","0","","1","0","0","3","2","","","2","1","0","0","0","0","0","2","0","1","","03","","N","","","","","","","","","",""
"2022032922","1620","0","0","0","0","0","0","0","0","0","8","0","","67","3","2022","4","39.998253","-75.127342","1620","6","0","0","0","0","0","0","0","0","","0","0","0","","","1","","1","","39 59:53.709","","0","75 07:38.432","2","0","0","0","67301","1","0","1","N","1","0","1","2","67301","0","","9.0","","1","N","Y","N","0","","0","1","0","9","2","","","2","1","0","0","0","0","0","2","0","1","","03","","N","","","","","","","","","",""
"2022029185","1730","0","0","0","0","0","0","0","0","0","2","0","","67","3","2022","7","40.11296","-75.023011","1723","6","0","0","0","0","0","1","0","0","","0","0","0","","","3","","1","","40 06:46.657","1","0","75 01:22.840","3","0","0","0","67301","0","0","0","N","0","0","0","3","67301","0","","1.0","1830.0","1","N","N","N","0","","3","0","2","3","2","N","","2","3","0","0","0","0","0","2","0","2","","03","","N","","","","","","","","","",""
"2022029257","1842","4","0","0","0","0","0","0","0","0","4","0","","67","3","2022","7","39.971403","-75.127137","1842","6","0","0","0","0","0","0","0","0","","0","0","0","","","3","","1","","39 58:17.050","","0","75 07:37.694","3","0","0","0","67301","0","0","0","N","0","0","0","3","67301","0","","1.0","","9","N","N","N","0","","3","0","0","3","2","","","4","3","0","0","0","0","0","2","0","4","","","","N","","","","","","","","","",""
"2022029454","1755","2","0","0","0","0","0","0","0","0","5","0","","67","3","2022","5","39.927203","-75.172399","1752","6","0","0","0","0","0","0","0","0","","0","0","0","","","0","N","0","","39 55:37.930","1","0","75 10:20.638","0","0","0","0","67301","0","0","0","N","0","0","0","1","67505","0","","1.0","1830.0","9","N","Y","N","0","","0","0","1","0","0","Y","","3","0","1","0","0","0","0","2","0","3","","07","","N","","","","","","","","","",""
"2022004286","1630","2","0","0","0","0","0","0","0","0","4","0","","67","1","2022","1","39.974163","-75.133327","1629","6","0","0","0","0","0","0","0","0","","0","0","0","","","0","","5","","39 58:26.987","","1","75 07:59.978","9","0","0","0","67301","0","0","0","N","0","0","0","2","67301","0","","1.0","","9","N","N","N","0","","0","0","0","3","3","","","2","0","0","0","0","0","1","2","0","2","","","","N","","","","","","","","","",""
"2022029189","2258","1","0","0","0","0","0","0","0","0","8","0","","67","3","2022","2","40.069172","-75.007253","2258","6","0","0","0","0","0","0","0","0","","0","0","0","","","1","N","0","","40 04:09.018","","7","75 00:26.111","4","0","0","0","67301","1","0","0","N","1","0","0","2","67301","1","","5.0","","99","N","N","N","0","","0","0","0","0","0","","","2","1","0","0","0","0","0","2","0","1","","03","","N","","","","","","","","","",""
"2022032399","0903","1","0","0","0","0","0","0","0","0","1","0","","67","3","2022","3","40.019206","-75.045532","0857","6","0","0","0","0","0","0","0","0","","0","0","0","","","0","N","0","","40 01:09.142","1","0","75 02:43.915","0","0","0","0","67301","0","0","0","N","0","0","0","3","68K01","0","","1.0","900.0","1","N","N","N","0","","0","0","2","0","0","N","","3","0","0","0","0","0","0","2","0","3","","03","","N","","","","","","","","","",""
"2022029170","1300","1","0","0","0","0","0","0","0","0","8","0","","67","3","2022","7","39.919554","-75.152051","1256","6","0","0","0","0","0","0","0","1","","0","0","0","","","1","","1","","39 55:10.395","","0","75 09:07.382","3","0","0","0","67301","1","0","0","N","1","0","0","2","67301","0","","1.0","","1","N","N","N","0","","1","0","0","0","0","","","2","1","0","0","0","0","0","2","0","1","","","","N","","","","","","","","","",""
"2022004195","0108","1","0","0","0","0","0","0","0","0","6","0","","67","1","2022","1","40.117906","-75.036514","0100","6","0","0","0","0","0","0","0","0","","0","0","0","","","1","N","0","","40 07:04.460","","0","75 02:11.450","8","0","0","0","67301","0","0","0","N","0","0","0","3","67301","0","","1.0","","1","N","N","N","2","","0","0","0","0","0","","","3","1","0","0","0","1","1","2","0","3","","03","","N","","","","","","","","","",""
"2022032301","2057","1","0","0","0","0","0","0","0","0","7","0","","67","3","2022","5","40.034509","-75.018911","2042","6","0","0","0","0","0","0","0","0","","0","0","0","","","0","N","0","","40 02:04.231","","0","75 01:08.081","0","0","0","0","67301","0","0","0","N","0","0","0","1","68K01","0","","2.0","","9","N","N","N","0","","0","0","0","0","0","","","1","0","0","0","0","0","0","2","0","1","","","","N","","","","","","","","","",""
"2022012275","1220","1","0","0","0","0","0","0","0","0","5","0","","67","1","2022","7","40.012219","-75.059847","1207","6","0","0","0","0","0","0","1","0","","0","0","0","","","2","N","0","","40 00:43.990","2","0","75 03:35.449","3","0","0","0","67301","0","0","0","N","0","0","0","8","68K01","0","","1.0","1235.0","1","N","N","N","0","","1","0","1","0","0","N","","2","2","0","0","0","1","0","2","0","2","","","","N","","","","","","","","","",""
"2022029212","1642","2","0","0","0","0","0","0","0","0","2","0","","67","3","2022","4","40.063559","-75.193593","1636","6","0","0","0","0","0","1","0","0","","0","0","0","","","1","N","0","","40 03:48.813","","0","75 11:36.934","2","0","0","0","67301","0","0","0","N","0","0","0","1","67301","0","","1.0","","1","N","N","N","0","","0","1","0","0","0","","","2","1","0","0","0","0","0","2","0","2","","03","","N","","","","","","","","","",""
"2022029210","1734","1","0","0","0","0","0","0","0","0","8","0","","67","3","2022","3","40.059538","-75.165456","1734","6","0","0","0","0","0","0","0","0","","0","0","0","","","1","","1","","40 03:34.337","","0","75 09:55.640","8","0","0","0","67301","1","0","0","N","1","0","0","2","67301","0","","1.0","","1","N","N","N","0","","0","0","0","3","2","","","2","1","0","0","0","1","0","2","0","1","","","","N","","","","","","","","","",""
"2022028351","2237","1","0","0","0","0","0","0","0","0","1","1","","67","3","2022","2","39.953167","-75.136083","2235","6","0","0","0","0","0","1","0","0","","0","1","0","","","2","N","0","","39 57:11.400","3","3","75 08:09.900","2","0","0","0","67301","0","0","0","N","0","0","0","3","67501","0","","1.0","2356.0","1","N","N","N","0","","1","1","0","3","8","N","","2","2","0","0","0","0","0","2","0","2","","03","","N","","","","","","","","","",""
"2022029691","0940","2","0","0","0","0","0","0","0","0","4","0","","67","3","2022","6","39.984286","-75.161622","0936","6","0","0","0","0","0","0","1","0","","0","0","0","","","3","","1","","39 59:03.429","","0","75 09:41.838","3","0","0","0","67301","0","0","0","N","0","0","0","5","67301","0","","1.0","","1","N","N","N","0","","3","0","0","3","3","","","2","3","0","0","0","0","0","2","0","2","","","","N","","","","","","","","","",""
"2022024373","2355","1","0","0","0","0","0","0","0","0","1","0","","67","1","2022","2","39.989398","-75.167695","2354","6","0","0","0","0","0","0","0","0","","0","0","0","","","1","N","0","","39 59:21.834","","0","75 10:03.701","3","0","0","0","67301","0","0","0","N","0","0","0","1","67301","0","","6.0","","9","N","N","N","1","","1","0","0","0","0","","","3","1","0","0","0","0","0","2","1","3","","09","","N","","","","","","","","","",""
"2022004245","0147","1","0","0","0","0","0","0","0","0","5","0","","67","1","2022","1","39.964714","-75.196469","0141","6","0","0","0","0","0","0","0","0","","0","0","0","","","0","N","0","","39 57:52.970","","0","75 11:47.290","0","0","0","0","67301","0","0","0","N","0","0","0","1","67301","0","","6.0","","9","N","N","N","1","","0","0","1","0","0","","","3","0","0","0","0","0","0","2","0","3","","","","N","","","","","","","","","",""
"2022028010","0749","2","0","0","0","0","0","0","0","0","1","0","","67","3","2022","3","39.948536","-75.185645","0729","6","0","0","0","0","0","0","0","0","","0","0","0","","","0","N","6","","39 56:54.730","4","2","75 11:08.323","0","0","0","0","67301","0","0","0","N","0","0","0","3","68K01","0","","1.0","835.0","1","N","N","N","0","","0","0","1","0","0","N","","3","0","0","0","0","0","0","2","0","3","","","","N","","","","","","","","","",""
"2022004198","1550","1","0","0","0","0","0","0","0","0","8","0","","67","1","2022","2","40.066401","-74.982159","1540","6","0","0","0","0","0","1","0","0","","0","0","0","","","1","","1","","40 03:59.042","","0","74 58:55.772","8","0","0","0","67301","1","0","0","N","1","0","0","2","67301","0","","1.0","","1","N","N","Y","0","","0","0","0","0","0","","","2","1","0","0","0","1","0","2","0","1","","03","","N","","","","","","","","","",""
"2022029241","1206","2","0","0","0","0","0","0","0","0","4","0","","67","3","2022","3","39.97489","-75.166899","1205","6","0","0","0","0","0","0","0","0","","0","0","0","","","0","","1","","39 58:29.603","","0","75 10:00.838","0","0","0","0","67301","0","0","0","N","0","0","0","2","67301","0","","1.0","","1","N","N","N","0","","0","0","0","3","3","","","2","0","2","0","0","0","0","2","0","2","","04","","N","","","","","","","","","",""
"2022032693","0449","1","0","0","0","0","0","0","0","0","7","0","","67","3","2022","6","40.000918","-75.194718","0447","6","0","0","0","0","0","0","0","0","","0","0","0","","","1","N","0","","40 00:03.306","4","0","75 11:40.986","3","0","0","0","67301","0","0","0","N","0","0","0","1","68K01","0","","2.0","530.0","1","N","N","N","0","","1","0","0","0","0","Y","","1","1","0","0","0","0","0","2","0","1","","03","","N","","","","","","","","","",""
"2022019619","2247","0","0","0","0","0","0","0","0","0","4","0","","67","1","2022","7","39.951701","-75.236857","2243","6","0","0","0","0","0","1","0","0","","0","0","0","","","2","","1","","39 57:06.123","","0","75 14:12.685","3","0","0","0","67301","0","0","0","N","0","0","0","3","67301","1","","1.0","","9","N","N","N","0","","1","0","2","3","2","","","2","2","0","0","0","0","0","2","0","2","","","","N","","","","","","","","","",""
"2022004184","0224","2","0","0","0","0","0","0","0","0","5","0","","67","1","2022","7","39.948848","-75.160256","0224","6","0","0","0","0","0","0","0","0","","0","0","0","","","0","N","0","","39 56:55.854","","0","75 09:36.922","0","0","0","0","67301","0","0","0","N","0","0","0","6","67301","0","","1.0","","6","N","N","N","0","","0","0","0","0","0","","","3","0","3","0","0","0","0","2","0","3","","","","N","","","","","","","","","",""