"CRN","ARRIVAL_TM","AUTOMOBILE_COUNT","BELTED_DEATH_COUNT","BELTED_SUSP_SERIOUS_INJ_COUNT","BICYCLE_COUNT","BICYCLE_DEATH_COUNT","BICYCLE_SUSP_SERIOUS_INJ_COUNT","BUS_COUNT","CHLDPAS_DEATH_COUNT","CHLDPAS_SUSP_SERIOUS_INJ_COUNT","COLLISION_TYPE","COMM_VEH_COUNT","CONS_ZONE_SPD_LIM","COUNTY","CRASH_MONTH","CRASH_YEAR","DAY_OF_WEEK","DEC_LATITUDE","DEC_LONGITUDE","DISPATCH_TM","DISTRICT","DRIVER_COUNT_16YR","DRIVER_COUNT_17YR","DRIVER_COUNT_18YR","DRIVER_COUNT_19YR","DRIVER_COUNT_20YR","DRIVER_COUNT_50_64YR","DRIVER_COUNT_65_74YR","DRIVER_COUNT_75PLUS","EST_HRS_CLOSED","FATAL_COUNT","HEAVY_TRUCK_COUNT","HORSE_BUGGY_COUNT","HOUR_OF_DAY","ILLUMINATION","INJURY_COUNT","INTERSECTION_RELATED","INTERSECT_TYPE","LANE_CLOSED","LATITUDE","LN_CLOSE_DIR","LOCATION_TYPE","LONGITUDE","MAX_SEVERITY_LEVEL","MCYCLE_DEATH_COUNT","MCYCLE_SUSP_SERIOUS_INJ_COUNT","MOTORCYCLE_COUNT","MUNICIPALITY","NONMOTR_COUNT","NONMOTR_DEATH_COUNT","NONMOTR_SUSP_SERIOUS_INJ_COUNT","NTFY_HIWY_MAINT","PED_COUNT","PED_DEATH_COUNT","PED_SUSP_SERIOUS_INJ_COUNT","PERSON_COUNT","POLICE_AGCY","POSSIBLE_INJ_COUNT","RDWY_SURF_TYPE_CD","RELATION_TO_ROAD","ROADWAY_CLEARED","ROAD_CONDITION","SCH_BUS_IND","SCH_ZONE_IND","SECONDARY_CRASH","SMALL_TRUCK_COUNT","SPEC_JURIS_CD","SUSP_MINOR_INJ_COUNT","SUSP_SERIOUS_INJ_COUNT","SUV_COUNT","TCD_FUNC_CD","TCD_TYPE","TFC_DETOUR_IND","TIME_OF_DAY","TOTAL_UNITS","TOT_INJ_COUNT","UNBELTED_OCC_COUNT","UNB_DEATH_COUNT","UNB_SUSP_SERIOUS_INJ_COUNT","UNK_INJ_DEG_COUNT","UNK_INJ_PER_COUNT","URBAN_RURAL","VAN_COUNT","VEHICLE_COUNT","WEATHER1","WEATHER2","WORKERS_PRES","WORK_ZONE_IND","WORK_ZONE_LOC","WORK_ZONE_TYPE","WZ_CLOSE_DETOUR","WZ_FLAGGER","WZ_LAW_OFFCR_IND","WZ_LN_CLOSURE","WZ_MOVING","WZ_OTHER","WZ_SHLDER_MDN","WZ_WORKERS_INJ_KILLED"
"2022032296","1221","1","0","0","0","0","0","0","0","0","5","1","","67","3","2022","7","39.973588","-75.119306","1210","6","0","0","0","0","0","1","0","0","","0","1","0","","","1","N","0","","39 58:24.916","1","0","75 07:09.502","8","0","0","0","67301","0","0","0","N","0","0","0","2","68K01","0","","1.0","1245.0","9","N","N","N","0","","0","0","0","0","0","N","","2","1","0","0","0","1","0","2","0","2","","","","N","","","","","","","","","",""
"2022000243","0835","1","0","0","0","0","0","0","0","0","4","0","","67","1","2022","7","39.998137","-75.138861","0807","6","0","0","0","0","0","0","0","0","","0","0","0","","","1","","1","","39 59:53.293","","0","75 08:19.899","4","0","0","0","67301","0","0","0","N","0","0","0","2","67301","1","","1.0","","9","N","N","N","0","","0","0","1","3","2","","","2","1","0","0","0","0","0","2","0","2","","04","","N","","","","","","","","","",""
"2022032875","1810","1","0","0","0","0","0","0","0","0","6","0","","67","3","2022","4","39.934653","-75.224292","1800","6","0","0","0","0","0","0","0","0","","0","0","0","","","1","N","0","","39 56:04.750","","0","75 13:27.450","8","0","0","0","67301","0","0","0","N","0","0","0","1","67301","0","","1.0","","1","N","N","N","0","","0","0","0","0","0","","","2","1","0","0","0","1","0","2","0","2","","03","","N","","","","","","","","","",""
"2022004165","1112","2","0","0","0","0","0","0","0","0","4","0","","67","1","2022","3","40.058751","-75.050583","1112","6","0","0","0","0","0","1","0","0","","0","0","0","","","0","","1","","40 03:31.504","","0","75 03:02.099","0","0","0","0","67301","0","0","0","N","0","0","0","3","67301","0","","1.0","","1","N","N","N","0","","0","0","0","0","0","","","2","0","3","0","0","0","0","2","0","2","","03","","N","","","","","","","","","",""
"2022029306","0915","0","0","0","0","0","0","0","0","0","1","1","","67","3","2022","5","39.991113","-75.108646","0902","6","0","0","0","0","0","1","0","0","","0","1","0","","","1","N","0","","39 59:28.008","","0","75 06:31.125","3","0","0","0","67301","0","0","0","N","0","0","0","5","67301","0","","1.0","","9","N","N","N","0","","1","0","0","0","0","","","2","1","1","0","0","0","0","2","1","2","","07","","N","","","","","","","","","",""
"2022032041","2225","1","0","0","0","0","0","1","0","0","1","1","","67","3","2022","6","40.065418","-75.083527","2214","6","0","0","0","0","0","0","0","0","","0","0","0","","","0","","1","","40 03:55.506","1","0","75 05:00.696","0","0","0","0","67301","0","0","0","N","0","0","0","2","67508","0","","1.0","9999.0","1","N","N","Y","0","","0","0","0","0","0","N","","2","0","0","0","0","0","0","2","0","2","","03","","N","","","","","","","","","",""
"2022029219","0505","1","0","0","0","0","0","0","0","0","8","0","","67","3","2022","5","40.00868","-75.068855","0458","6","0","0","0","0","0","0","0","0","","0","0","0","","","1","","1","","40 00:31.249","","0","75 04:07.877","3","0","0","0","67301","1","0","0","N","1","0","0","2","67301","0","","1.0","","9","N","N","N","0","","1","0","0","3","2","","","2","1","0","0","0","0","0","2","0","1","","","","N","","","","","","","","","",""
"2022014718","2337","2","0","0","0","0","0","0","0","0","4","0","","67","1","2022","4","40.026503","-75.04216","2336","6","0","0","0","0","0","1","0","0","","0","0","0","","","1","","1","","40 01:35.410","","0","75 02:31.777","3","0","0","0","67301","0","0","0","N","0","0","0","2","67301","0","","1.0","","1","N","N","N","0","","1","0","0","2","3","","","2","1","0","0","0","0","0","2","0","2","","03","","N","","","","","","","","","",""
"2022014754","1100","0","0","0","0","0","0","0","0","0","8","0","","67","1","2022","7","39.945046","-75.215299","1054","6","0","0","0","0","0","0","0","0","","0","0","0","","","1","","1","","39 56:42.164","","0","75 12:55.075","8","0","0","0","67301","1","0","0","N","1","0","0","2","67301","0","","1.0","","1","N","N","N","0","","0","0","0","3","3","","","2","1","0","0","0","1","0","2","0","1","","","","N","","","","","","","","","",""
"2022032310","1848","3","0","0","0","0","0","0","0","0","1","0","","67","3","2022","7","39.943733","-75.192244","1841","6","0","0","0","0","0","0","0","0","","0","0","0","","","1","N","0","","39 56:37.438","4","3","75 11:32.080","4","0","0","0","67301","0","0","0","N","0","0","0","4","68K01","1","","1.0","20.0","1","N","N","N","0","","0","0","0","0","0","N","","4","1","0","0","0","0","1","2","0","4","","","","N","","","","","","","","","",""
"2022014523","1630","1","0","0","0","0","0","0","0","0","5","0","","67","1","2022","7","39.922949","-75.18342","1618","6","0","0","0","0","0","0","0","0","","0","0","0","","","0","","1","","39 55:22.618","","0","75 11:00.312","0","0","0","0","67301","0","0","0","N","0","0","0","2","67301","0","","1.0","","8","N","N","N","0","","0","0","1","3","2","","","2","0","0","0","0","0","0","2","0","2","","07","","N","","","","","","","","","",""
"2022032757","1950","2","0","0","0","0","0","0","0","0","5","0","","67","4","2022","1","39.985089","-75.094648","1937","6","0","0","0","0","0","0","0","0","","0","0","0","","","0","N","0","","39 59:06.319","","0","75 05:40.731","0","0","0","0","67301","0","0","0","N","0","0","0","3","68K01","0","","3.0","","1","N","N","N","0","","0","0","0","0","0","","","2","0","0","0","0","0","0","2","0","2","","","","N","","","","","","","","","",""
"2022010877","0850","1","0","0","0","0","0","0","0","0","1","0","","67","1","2022","4","39.996561","-75.133767","0834","6","0","0","0","0","0","1","1","0","","0","0","0","","","1","N","0","","39 59:47.620","2","0","75 08:01.560","3","0","0","0","67301","0","0","0","N","0","0","0","2","67301","0","","1.0","1039.0","2","N","N","Y","0","","1","0","2","0","0","Y","","3","1","0","0","0","0","0","2","0","3","","","","N","","","","","","","","","",""
"2022004230","1850","1","0","0","0","0","0","0","0","0","3","0","","67","1","2022","7","40.029788","-75.164677","1840","6","0","0","0","0","0","0","0","1","","0","0","0","","","0","N","0","","40 01:47.236","","0","75 09:52.837","0","0","0","0","67301","0","0","0","N","0","0","0","1","67301","0","","6.0","","2","N","N","N","0","","0","0","1","0","0","","","3","0","0","0","0","0","0","2","1","3","","","","N","","","","","","","","","",""
"2022014899","0900","1","0","0","0","0","0","0","0","0","4","0","","67","2","2022","4","40.014736","-75.206043","0846","6","0","0","0","0","0","0","0","0","","0","0","0","","","1","","2","","40 00:53.048","1","3","75 12:21.755","3","0","0","0","67301","0","0","0","N","0","0","0","3","67301","0","","1.0","935.0","9","N","N","N","0","","1","0","1","3","3","N","","2","1","0","0","0","0","0","2","0","2","","","","N","","","","","","","","","",""
"2022029250","1615","1","0","0","0","0","0","0","0","0","5","0","","67","3","2022","4","40.025511","-75.122391","1605","6","0","0","0","0","0","0","0","0","","0","0","0","","","1","","1","","40 01:31.839","","0","75 07:20.608","3","0","0","1","67301","0","0","0","N","0","0","0","1","67301","0","","1.0","","1","N","N","N","0","","1","0","0","3","2","","","2","1","0","0","0","0","0","2","0","2","","03","","N","","","","","","","","","",""
"2022029255","2322","1","0","0","0","0","0","0","0","0","8","0","","67","3","2022","6","40.009204","-75.150818","2313","6","0","0","0","0","0","0","0","0","","0","0","0","","","1","N","0","","40 00:33.133","","0","75 09:02.943","8","0","0","0","67301","1","0","0","N","1","0","0","2","67301","0","","1.0","","99","N","N","N","0","","0","0","0","0","0","","","2","1","0","0","0","1","1","2","0","1","","","","N","","","","","","","","","",""
"2022033175","1352","3","0","0","0","0","0","0","0","0","1","0","","67","3","2022","5","39.958598","-75.167574","1342","6","0","0","0","0","0","0","0","0","","0","0","0","","","0","N","0","","39 57:30.952","4","0","75 10:03.267","0","0","0","0","67301","0","0","0","N","0","0","0","5","68K01","0","","1.0","1448.0","1","N","N","N","0","","0","0","2","0","0","N","","5","0","0","0","0","0","0","2","0","5","","","","N","","","","","","","","","",""
"2022014806","1010","1","0","0","0","0","0","0","0","0","5","1","","67","1","2022","2","40.011331","-75.1064","0939","6","0","0","0","0","0","0","0","0","","0","1","0","","","1","N","0","","40 00:40.790","3","0","75 06:23.040","3","0","0","0","67301","0","0","0","N","0","0","0","2","67301","0","","1.0","1100.0","1","N","N","N","0","","1","0","0","0","0","N","","3","1","0","0","0","0","0","2","1","3","","03","","N","","","","","","","","","",""
"2022027856","0152","2","0","0","0","0","0","0","0","0","5","0","","67","3","2022","7","39.969868","-75.126252","0137","6","0","0","0","0","0","0","0","0","","0","0","0","","","0","N","0","","39 58:11.524","","0","75 07:34.508","0","0","0","0","67301","0","0","0","N","0","0","0","3","68K01","0","","1.0","","1","N","N","N","0","","0","0","0","0","0","","","2","0","0","0","0","0","0","2","0","2","","03","","N","","","","","","","","","",""
"2022032852","2124","2","0","0","0","0","0","0","0","0","4","0","","67","1","2022","7","40.025871","-75.208851","2109","6","0","0","0","0","0","0","0","0","","0","0","0","","","0","","2","","40 01:33.137","","0","75 12:31.864","9","0","0","0","67301","0","0","0","N","0","0","0","2","67301","0","","1.0","","1","N","N","N","0","","0","0","2","0","0","","","4","0","0","0","0","0","1","2","0","4","","03","","N","","","","","","","","","",""
"2022029176","0001","2","0","0","0","0","0","0","0","0","6","0","","67","3","2022","1","40.026906","-75.227196","0001","6","0","0","0","0","0","0","0","0","","0","0","0","","","0","","1","","40 01:36.861","","0","75 13:37.905","9","0","0","0","67301","0","0","0","N","0","0","0","2","67301","0","","1.0","","9","N","N","N","0","","0","0","0","3","2","","","2","0","0","0","0","0","2","2","0","2","","07","","N","","","","","","","","","",""
"2022033511","1237","1","0","0","0","0","0","0","0","0","5","0","","67","3","2022","5","39.958646","-75.169008","1224","6","0","0","0","0","0","0","0","0","","0","0","0","","","0","N","0","","39 57:31.125","3","0","75 10:08.427","9","0","0","0","67301","0","0","0","N","0","0","0","2","68K01","0","","1.0","1309.0","1","N","N","N","0","","0","0","1","0","0","N","","2","0","0","0","0","0","1","2","0","2","","03","","N","","","","","","","","","",""
"2022004152","0057","2","0","0","0","0","0","0","0","0","1","0","","67","1","2022","1","39.965444","-75.140417","0055","6","0","0","0","0","0","1","0","0","","0","0","0","","","1","N","0","","39 57:55.600","2","0","75 08:25.500","3","0","0","0","67301","0","0","0","N","0","0","0","2","67301","0","","1.0","200.0","1","N","N","N","0","","1","0","0","0","0","Y","","2","1","0","0","0","0","1","2","0","2","","03","","N","","","","","","","","","",""
"2022013730","1323","0","0","0","0","0","0","0","0","0","7","0","","67","1","2022","7","39.950246","-75.141691","1322","6","0","0","0","0","0","0","0","0","","0","0","0","","","0","N","0","","39 57:00.886","","0","75 08:30.087","0","0","0","0","67301","0","0","0","Y","0","0","0","2","68K01","0","","2.0","","2","N","N","N","0","","0","0","1","0","0","","","1","0","0","0","0","0","0","2","0","1","","02","","N","","","","","","","","","",""
"2022027729","1550","1","0","0","0","0","0","1","0","0","4","1","","67","2","2022","6","40.036192","-75.128643","1518","6","0","0","0","0","0","0","0","0","","0","0","0","","","1","","1","","40 02:10.290","","0","75 07:43.115","8","0","0","0","67301","0","0","0","N","0","0","0","3","67508","0","","1.0","","1","N","N","Y","0","","0","0","0","3","2","","","2","1","0","0","0","1","0","2","0","2","","03","","N","","","","","","","","","",""
"2022000405","1215","2","0","0","0","0","0","0","0","0","4","0","","67","1","2022","1","40.134325","-75.009065","1211","6","0","1","0","0","0","0","1","0","","0","0","0","","","0","","1","","40 08:03.571","","0","75 00:32.634","0","0","0","0","67301","0","0","0","N","0","0","0","2","67301","0","","1.0","","9","N","N","N","0","","0","0","0","3","2","","","2","0","0","0","0","0","0","2","0","2","","03","","N","","","","","","","","","",""
"2022010276","2112","0","0","0","0","0","0","0","0","0","7","0","","67","1","2022","4","39.971729","-75.193332","2104","6","0","0","0","0","0","1","0","0","","0","0","0","","","0","","7","","39 58:18.224","","2","75 11:35.996","0","0","0","0","67301","0","0","0","Y","0","0","0","1","68K01","0","","7.0","","1","N","N","N","0","","0","0","0","0","0","","","1","0","0","0","0","0","0","2","1","1","","03","","N","","","","","","","","","",""
"2022000591","1335","1","0","0","0","0","0","0","0","0","4","0","","67","1","2022","2","39.982446","-75.162841","1333","6","0","0","0","0","1","1","0","0","","0","0","0","","","0","","2","","39 58:56.805","","0","75 09:46.227","0","0","0","0","67301","0","0","0","N","0","0","0","2","67505","0","","1.0","","9","N","N","N","0","","0","0","2","3","3","","","3","0","0","0","0","0","0","2","0","3","","07","","N","","","","","","","","","",""
"2022009473","","1","0","0","0","0","0","0","0","0","4","0","","67","1","2022","7","40.017006","-75.150153","","6","0","0","0","0","0","1","0","0","","0","0","0","","","1","N","0","","40 01:01.223","","7","75 09:00.551","8","0","0","0","67301","0","0","0","N","0","0","0","2","00000","0","","1.0","","1","N","N","N","0","","0","0","0","0","0","","","2","1","0","0","0","1","0","2","0","2","","","","N","","","","","","","","","",""
"2022014731","1841","1","0","0","0","0","0","0","0","0","7","0","","67","1","2022","2","40.021156","-75.100447","1836","6","0","0","0","0","0","1","0","0","","0","0","0","","","1","N","0","","40 01:16.160","7","0","75 06:01.610","3","0","0","0","67301","0","0","0","N","0","0","0","2","67301","0","","5.0","1953.0","2","N","N","N","0","","1","0","0","0","0","Y","","1","1","0","0","0","0","0","2","0","1","","","","N","","","","","","","","","",""
"2022029777","1210","2","0","0","0","0","0","0","0","0","2","0","","67","3","2022","4","39.961063","-75.22464","1205","6","0","0","0","0","0","0","1","0","","0","0","0","","","1","N","0","","39 57:39.828","","0","75 13:28.705","3","0","0","0","67301","0","0","0","N","0","0","0","2","67301","0","","1.0","","1","N","N","N","0","","1","0","1","0","0","","","3","1","1","0","0","0","0","2","0","3","","03","","N","","","","","","","","","",""
"2022026791","1238","1","0","0","0","0","0","0","0","0","4","0","","67","1","2022","5","39.975348","-75.245499","1235","6","0","0","0","0","0","1","0","0","","0","0","0","","","1","","1","","39 58:31.251","","0","75 14:43.798","3","0","0","0","67301","0","0","0","N","0","0","0","3","67301","0","","1.0","","1","N","N","N","0","","1","0","3","3","2","","","4","1","0","0","0","0","0","2","0","4","","","","N","","","","","","","","","",""
"2022032925","2103","0","0","0","0","0","0","0","0","0","8","0","","67","3","2022","7","40.005622","-75.102471","2103","6","0","0","0","0","0","0","0","0","","0","0","0","","","1","","1","","40 00:20.239","","0","75 06:08.896","3","0","0","0","67301","1","0","0","N","1","0","0","1","67301","0","","9.0","","1","N","N","N","0","","1","0","0","0","0","","","2","1","0","0","0","0","0","2","0","1","","","","N","","","","","","","","","",""
"2022004274","0428","4","0","0","0","0","0","0","0","0","4","0","","67","1","2022","2","40.001433","-75.127313","0421","6","0","0","0","0","0","0","0","0","","0","0","0","","","0","","2","","40 00:05.158","","0","75 07:38.326","0","0","0","0","67301","0","0","0","N","0","0","0","2","67301","0","","1.0","","1","N","N","N","0","","0","0","1","3","3","","","5","0","0","0","0","0","0","2","0","5","","03","","N","","","","","","","","","",""
"2022014629","1728","1","0","0","0","0","0","0","0","0","7","0","","67","1","2022","5","39.923927","-75.222089","1721","6","0","0","0","0","0","0","0","0","","0","0","0","","","0","","1","","39 55:26.137","","0","75 13:19.522","0","0","0","0","67301","0","0","0","N","0","0","0","2","67301","0","","3.0","","1","N","N","N","0","","0","0","0","3","2","","","1","0","0","0","0","0","0","2","0","1","","","","N","","","","","","","","","",""
"2022010820","1514","1","0","0","0","0","0","0","0","0","6","0","","67","1","2022","4","40.026018","-75.199003","1509","6","0","0","0","0","1","0","1","0","","0","0","0","","","2","N","0","","40 01:33.663","2","0","75 11:56.410","8","0","0","0","67301","0","0","0","N","0","0","0","2","67301","0","","1.0","1700.0","9","N","N","N","0","","0","0","1","0","0","Y","","2","2","0","0","0","2","0","2","0","2","","03","","N","","","","","","","","","",""
"2022032700","1613","1","0","0","0","0","0","0","0","0","1","0","","67","3","2022","7","39.958182","-75.164283","1602","6","0","0","0","0","0","1","0","0","","0","0","0","","","0","N","0","","39 57:29.456","4","0","75 09:51.419","0","0","0","0","67301","0","0","0","N","0","0","0","8","68K01","0","","1.0","1620.0","9","N","N","N","0","","0","0","3","0","0","N","","5","0","0","0","0","0","0","2","0","5","","04","","N","","","","","","","","","",""
"2022032052","0156","0","0","0","0","0","0","1","0","0","4","1","","67","3","2022","1","39.993931","-75.154462","0146","6","0","0","0","0","0","0","0","0","","0","0","0","","","2","","1","","39 59:38.150","","0","75 09:16.063","4","0","0","0","67301","0","0","0","N","0","0","0","4","67508","2","","1.0","","1","N","N","Y","0","","0","0","0","3","2","","","2","2","0","0","0","0","0","2","0","2","","03","","N","","","","","","","","","",""
"2022004260","0448","2","0","0","0","0","0","0","0","0","4","0","","67","1","2022","7","39.976356","-75.245813","0445","6","0","0","0","0","0","0","0","0","","0","0","0","","","0","N","0","","39 58:34.882","","7","75 14:44.926","0","0","0","0","67301","0","0","0","N","0","0","0","2","67301","0","","1.0","","9","N","N","N","0","","0","0","3","0","0","","","5","0","0","0","0","0","0","2","0","5","","07","","N","","","","","","","","","",""
"2022004267","0927","0","0","0","0","0","0","0","0","0","5","0","","67","1","2022","7","39.992194","-75.164861","0921","6","0","0","0","0","0","0","0","0","","0","0","0","","","0","N","0","","39 59:31.900","","0","75 09:53.500","0","0","0","0","67301","0","0","0","N","0","0","0","1","67301","0","","6.0","","99","N","N","N","0","","0","0","1","0","0","","","2","0","0","0","0","0","0","2","1","2","","","","N","","","","","","","","","",""
"2022004288","0517","1","0","0","0","0","0","0","0","0","7","0","","67","1","2022","2","40.047508","-75.142894","0513","6","0","0","0","0","0","0","0","0","","0","0","0","","","0","","1","","40 02:51.028","","0","75 08:34.417","0","0","0","0","67301","0","0","0","N","0","0","0","1","67301","0","","4.0","","1","N","N","N","0","","0","0","0","3","2","","","1","0","1","0","0","0","0","2","0","1","","03","","N","","","","","","","","","",""
"2022004180","1615","2","0","0","0","0","0","0","0","0","1","0","","67","1","2022","6","39.90402","-75.173765","1604","6","0","0","0","0","0","1","0","0","","0","0","0","","","0","Y","0","","39 54:14.471","","0","75 10:25.555","0","0","0","0","67301","0","0","0","N","0","0","0","2","67301","0","","1.0","","1","N","N","N","0","","0","0","0","3","2","","","2","0","0","0","0","0","0","2","0","2","","03","","N","","","","","","","","","",""
"2022006641","1817","1","0","0","0","0","0","0","0","0","7","0","","67","1","2022","6","39.993894","-75.218433","1817","6","1","0","0","0","0","0","0","0","","0","0","0","","","1","N","0","","39 59:38.020","2","0","75 13:06.360","3","0","0","0","67301","0","0","0","N","0","0","0","5","68K01","0","","4.0","2300.0","1","N","N","N","0","","1","0","0","0","0","Y","","1","1","0","0","0","0","0","2","0","1","","","","N","","","","","","","","","",""
"2022002551","1409","1","0","0","0","0","0","0","0","0","1","0","","67","1","2022","2","39.908167","-75.146917","1409","6","0","0","0","0","0","1","0","0","","0","0","0","","","1","N","0","","39 54:29.400","3","3","75 08:48.900","8","0","0","0","67301","0","0","0","N","0","0","0","2","67501","0","","1.0","1425.0","1","N","N","N","1","","0","0","0","0","0","N","","2","1","0","0","0","1","0","2","0","2","","03","","N","","","","","","","","","",""
"2022004281","0225","2","0","0","0","0","0","0","0","0","4","0","","67","1","2022","7","39.971499","-75.145622","0222","6","0","0","0","0","1","0","0","0","","0","0","0","","","1","","2","","39 58:17.396","","0","75 08:44.239","8","0","0","0","67301","0","0","0","N","0","0","0","2","67301","0","","1.0","","9","N","N","N","0","","0","0","0","3","3","","","2","1","0","0","0","1","0","2","0","2","","07","","N","","","","","","","","","",""
"2022032885","0653","1","0","0","0","0","0","0","0","0","5","0","","67","4","2022","7","40.05139","-75.185112","0652","6","0","0","0","0","0","0","0","0","","0","0","0","","","0","N","0","","40 03:05.005","1","0","75 11:06.403","0","0","0","0","67301","0","0","0","N","0","0","0","1","67301","0","","2.0","800.0","1","N","N","N","0","","0","0","1","0","0","Y","","2","0","1","0","0","0","0","2","0","2","","03","","N","","","","","","","","","",""
"2022004166","1905","1","0","0","0","0","0","0","0","0","5","0","","67","1","2022","1","40.039357","-75.109689","1905","6","0","0","0","0","0","0","0","0","","0","0","0","","","1","N","0","","40 02:21.686","","0","75 06:34.881","4","0","0","0","67301","0","0","0","N","0","0","0","4","67301","1","","1.0","","99","N","N","N","0","","0","0","0","0","0","","","2","1","2","0","0","0","3","2","1","2","","","","N","","","","","","","","","",""
"2022029240","0851","2","0","0","0","0","0","0","0","0","4","1","","67","3","2022","5","39.984538","-75.182964","0827","6","0","0","0","0","0","0","0","0","","0","1","0","","","0","","3","","39 59:04.336","4","0","75 10:58.672","9","0","0","0","67301","0","0","0","N","0","0","0","3","67301","0","","1.0","930.0","9","N","N","N","0","","0","0","0","3","3","N","","3","0","1","0","0","0","1","2","0","3","","","","N","","","","","","","","","",""
"2022014649","0717","1","0","0","0","0","0","0","0","0","7","0","","67","2","2022","3","39.916919","-75.21597","0714","6","0","0","0","0","0","1","0","0","","0","0","0","","","1","","2","","39 55:00.909","","0","75 12:57.493","3","0","0","0","67301","0","0","0","N","0","0","0","1","67301","0","","2.0","","9","N","N","N","0","","1","0","0","3","2","","","1","1","0","0","0","0","0","2","0","1","","","","N","","","","","","","","","",""
"2022029191","2209","2","0","0","0","0","0","0","0","0","2","0","","67","3","2022","6","40.059059","-75.016975","2208","6","0","0","0","0","0","0","0","0","","0","0","0","","","0","N","0","","40 03:32.611","","0","75 01:01.111","0","0","0","0","67301","0","0","0","N","0","0","0","1","67301","0","","5.0","","1","N","N","N","0","","0","0","3","3","2","","","5","0","0","0","0","0","0","2","0","5","","03","","N","","","","","","","","","",""
"2022014639","1215","2","0","0","0","0","0","0","0","0","4","0","","67","1","2022","2","39.921054","-75.239462","1211","6","0","0","0","0","0","0","0","0","","0","0","0","","","1","","2","","39 55:15.794","5","0","75 14:22.063","3","0","0","0","67301","0","0","0","N","0","0","0","3","67301","0","","1.0","1230.0","1","N","N","N","0","","1","0","0","3","3","Y","","2","1","0","0","0","0","0","2","0","2","","98","","N","","","","","","","","","",""
"2022010843","0141","1","0","0","0","0","0","0","0","0","7","0","","67","1","2022","2","40.013777","-75.070645","0137","6","0","0","0","0","0","0","0","0","","0","0","0","","","0","N","0","","40 00:49.596","6","0","75 04:14.323","0","0","0","0","67301","0","0","0","N","0","0","0","1","67301","0","","4.0","230.0","1","N","N","N","0","","0","0","0","0","0","Y","","1","0","0","0","0","0","0","2","0","1","","03","","N","","","","","","","","","",""
"2022031992","1833","2","0","0","0","0","0","0","0","0","1","0","","67","2","2022","3","39.924146","-75.147194","1815","6","0","0","0","0","0","1","0","0","","0","0","0","","","2","N","0","","39 55:26.924","","0","75 08:49.898","3","0","0","0","67301","0","0","0","N","0","0","0","2","68K01","1","","1.0","","1","N","N","N","0","","1","0","0","0","0","","","2","2","0","0","0","0","0","2","0","2","","","","N","","","","","","","","","",""
"2022029758","1936","1","0","0","0","0","0","0","0","0","7","0","","67","3","2022","2","39.980571","-75.234712","1933","6","0","0","0","0","0","0","0","0","","0","0","0","","","0","N","0","","39 58:50.056","","0","75 14:04.962","9","0","0","0","67301","0","0","0","N","0","0","0","1","67301","0","","5.0","","1","N","N","N","0","","0","0","0","0","0","","","1","0","0","0","0","0","1","2","0","1","","03","","N","","","","","","","","","",""
"2022027986","1228","2","0","0","0","0","0","0","0","0","4","0","","67","3","2022","7","39.968415","-75.129444","1228","6","0","0","0","0","0","1","0","0","","0","0","0","","","1","N","0","","39 58:06.293","2","0","75 07:46.000","8","0","0","0","67301","0","0","0","N","0","0","0","7","68K01","0","","1.0","1240.0","1","N","N","N","2","","0","0","0","0","0","N","","4","1","0","0","0","1","0","2","0","4","","03","","N","","","","","","","","","",""
"2022000486","1200","0","0","0","0","0","0","0","0","0","5","0","","67","1","2022","7","40.040505","-75.059087","1150","6","0","0","0","0","0","0","0","1","","0","0","0","","","1","","1","","40 02:25.817","2","0","75 03:32.713","4","0","0","0","67301","0","0","0","N","0","0","0","4","67301","1","","1.0","1300.0","9","N","N","N","0","","0","0","2","3","1","N","","2","1","0","0","0","0","0","2","0","2","","04","","N","","","","","","","","","",""
"2022014567","1253","0","0","0","0","0","0","0","0","0","4","1","","67","1","2022","6","39.95762","-75.145687","1246","6","0","0","0","0","0","0","0","0","","0","1","0","","","2","","1","","39 57:27.432","","0","75 08:44.473","4","0","0","0","67301","0","0","0","N","0","0","0","3","67301","2","","1.0","","1","N","N","N","0","","0","0","1","3","2","","","2","2","0","0","0","0","0","2","0","2","","03","","N","","","","","","","","","",""
"2022010846","0225","0","0","0","0","0","0","0","0","0","5","0","","67","1","2022","2","39.999444","-75.074917","0220","6","0","0","0","0","0","0","0","0","","0","0","0","","","0","N","0","","39 59:58.000","","0","75 04:29.700","0","0","0","0","67301","0","0","0","N","0","0","0","1","67301","0","","6.0","","1","N","N","N","0","","0","0","4","0","0","","","4","0","0","0","0","0","0","2","0","4","","03","","N","","","","","","","","","",""
"2022032883","0110","1","0","0","0","0","0","0","0","0","4","0","","67","3","2022","1","40.040916","-75.187325","0105","6","0","0","0","0","0","0","0","0","","0","0","0","","","0","","1","","40 02:27.297","","0","75 11:14.369","9","0","0","0","67301","0","0","0","N","0","0","0","2","67301","0","","1.0","","1","N","N","N","0","","0","0","1","3","2","","","2","0","0","0","0","0","1","2","0","2","","03","","N","","","","","","","","","",""
"2022029442","1624","1","0","0","0","0","0","0","0","0","4","0","","67","3","2022","4","40.036295","-75.071755","1621","6","0","0","0","0","0","2","0","0","","0","0","0","","","1","","1","","40 02:10.662","","0","75 04:18.319","2","0","0","0","67301","0","0","0","N","0","0","0","3","67301","0","","1.0","","1","N","N","N","0","","0","1","2","3","3","","","3","1","0","0","0","0","2","2","0","3","","","","N","","","","","","","","","",""