"CRN","ARRIVAL_TM","AUTOMOBILE_COUNT","BELTED_DEATH_COUNT","BELTED_SUSP_SERIOUS_INJ_COUNT","BICYCLE_COUNT","BICYCLE_DEATH_COUNT","BICYCLE_SUSP_SERIOUS_INJ_COUNT","BUS_COUNT","CHLDPAS_DEATH_COUNT","CHLDPAS_SUSP_SERIOUS_INJ_COUNT","COLLISION_TYPE","COMM_VEH_COUNT","CONS_ZONE_SPD_LIM","COUNTY","CRASH_MONTH","CRASH_YEAR","DAY_OF_WEEK","DEC_LATITUDE","DEC_LONGITUDE","DISPATCH_TM","DISTRICT","DRIVER_COUNT_16YR","DRIVER_COUNT_17YR","DRIVER_COUNT_18YR","DRIVER_COUNT_19YR","DRIVER_COUNT_20YR","DRIVER_COUNT_50_64YR","DRIVER_COUNT_65_74YR","DRIVER_COUNT_75PLUS","EST_HRS_CLOSED","FATAL_COUNT","HEAVY_TRUCK_COUNT","HORSE_BUGGY_COUNT","HOUR_OF_DAY","ILLUMINATION","INJURY_COUNT","INTERSECTION_RELATED","INTERSECT_TYPE","LANE_CLOSED","LATITUDE","LN_CLOSE_DIR","LOCATION_TYPE","LONGITUDE","MAX_SEVERITY_LEVEL","MCYCLE_DEATH_COUNT","MCYCLE_SUSP_SERIOUS_INJ_COUNT","MOTORCYCLE_COUNT","MUNICIPALITY","NONMOTR_COUNT","NONMOTR_DEATH_COUNT","NONMOTR_SUSP_SERIOUS_INJ_COUNT","NTFY_HIWY_MAINT","PED_COUNT","PED_DEATH_COUNT","PED_SUSP_SERIOUS_INJ_COUNT","PERSON_COUNT","POLICE_AGCY","POSSIBLE_INJ_COUNT","RDWY_SURF_TYPE_CD","RELATION_TO_ROAD","ROADWAY_CLEARED","ROAD_CONDITION","SCH_BUS_IND","SCH_ZONE_IND","SECONDARY_CRASH","SMALL_TRUCK_COUNT","SPEC_JURIS_CD","SUSP_MINOR_INJ_COUNT","SUSP_SERIOUS_INJ_COUNT","SUV_COUNT","TCD_FUNC_CD","TCD_TYPE","TFC_DETOUR_IND","TIME_OF_DAY","TOTAL_UNITS","TOT_INJ_COUNT","UNBELTED_OCC_COUNT","UNB_DEATH_COUNT","UNB_SUSP_SERIOUS_INJ_COUNT","UNK_INJ_DEG_COUNT","UNK_INJ_PER_COUNT","URBAN_RURAL","VAN_COUNT","VEHICLE_COUNT","WEATHER1","WEATHER2","WORKERS_PRES","WORK_ZONE_IND","WORK_ZONE_LOC","WORK_ZONE_TYPE","WZ_CLOSE_DETOUR","WZ_FLAGGER","WZ_LAW_OFFCR_IND","WZ_LN_CLOSURE","WZ_MOVING","WZ_OTHER","WZ_SHLDER_MDN","WZ_WORKERS_INJ_KILLED"
"2022010889","1859","1","0","0","0","0","0","0","0","0","8","0","","67","1","2022","1","40.035351","-75.132773","1857","6","0","0","0","0","0","0","0","0","","0","0","0","","","1","","1","","40 02:07.263","","0","75 07:57.982","3","0","0","0","67301","1","0","0","N","1","0","0","2","67301","0","","1.0","","1","N","N","N","0","","1","0","0","3","3","","","2","1","0","0","0","0","1","2","0","1","","03","","N","","","","","","","","","",""
"2022004463","1239","2","0","0","0","0","0","0","0","0","5","0","","67","1","2022","7","39.983376","-75.208051","1236","6","0","0","0","0","0","0","0","0","","0","0","0","","","2","N","0","","39 59:00.155","","0","75 12:28.984","4","0","0","0","67301","0","0","0","N","0","0","0","3","68K01","2","","1.0","","9","N","N","N","0","","0","0","0","0","0","","","2","2","2","0","0","0","0","2","0","2","","","","N","","","","","","","","","",""
"2022004208","1600","1","0","0","0","0","0","0","0","0","8","0","","67","1","2022","2","39.955601","-75.172767","1535","6","0","0","0","0","0","0","0","0","","0","0","0","","","1","","1","","39 57:20.163","","0","75 10:21.961","3","0","0","0","67301","1","0","0","N","1","0","0","2","67301","0","","1.0","","9","N","N","N","0","","1","0","0","3","2","","","2","1","1","0","0","0","0","2","0","1","","","","N","","","","","","","","","",""
"2022027989","0209","1","0","0","0","0","0","0","0","0","7","0","","67","3","2022","3","39.97706","-75.199264","0204","6","0","0","0","0","0","0","0","0","","0","0","0","","","0","N","7","","39 58:37.417","","2","75 11:57.351","9","0","0","0","67301","0","0","0","N","0","0","0","1","68K01","0","","2.0","","1","N","N","N","0","","0","0","0","0","0","","","1","0","0","0","0","0","1","2","0","1","","03","","N","","","","","","","","","",""
"2022029769","1505","1","0","0","0","0","0","0","0","0","4","0","","67","3","2022","4","40.077989","-75.03654","1451","6","0","0","0","0","0","1","0","0","","0","0","0","","","1","N","0","","40 04:40.761","3","0","75 02:11.544","8","0","0","0","67301","0","0","0","N","0","0","0","2","67301","0","","1.0","1515.0","1","N","N","N","0","","0","0","1","0","0","N","","2","1","0","0","0","1","0","2","0","2","","04","","N","","","","","","","","","",""
"2022032290","0830","1","0","0","0","0","0","0","0","0","4","0","","67","3","2022","7","39.996002","-75.082774","0829","6","0","0","1","0","0","0","0","0","","0","0","0","","","0","N","0","","39 59:45.607","1","0","75 04:57.986","0","0","0","0","67301","0","0","0","N","0","0","0","1","68K01","0","","2.0","900.0","9","N","N","N","0","","0","0","0","0","0","N","","1","0","0","0","0","0","0","2","0","1","","05","","N","","","","","","","","","",""
"2022004202","1645","2","0","0","0","0","0","0","0","0","1","0","","67","1","2022","5","40.079989","-74.997289","1635","6","0","0","0","0","0","1","1","0","","0","0","0","","","1","","2","","40 04:47.959","","0","74 59:50.241","4","0","0","0","67301","0","0","0","N","0","0","0","3","67301","1","","1.0","","1","N","N","N","0","","0","0","0","3","2","","","2","1","0","0","0","0","0","2","0","2","","","","N","","","","","","","","","",""
"2022029256","0120","2","0","0","0","0","0","0","0","0","4","0","","67","3","2022","1","39.993079","-75.147887","0100","6","0","0","0","0","0","0","0","0","","0","0","0","","","0","","1","","39 59:35.083","5","0","75 08:52.393","0","0","0","0","67301","0","0","0","N","0","0","0","4","67301","0","","1.0","245.0","9","N","N","N","0","","0","0","0","3","2","Y","","2","0","0","0","0","0","0","2","0","2","","","","N","","","","","","","","","",""
"2022029258","1130","1","0","0","0","0","0","0","0","0","4","0","","67","3","2022","5","39.97025","-75.130482","1125","6","0","0","0","0","0","1","0","0","","0","0","0","","","0","","1","","39 58:12.899","","0","75 07:49.736","0","0","0","0","67301","0","0","0","N","0","0","0","2","67301","0","","1.0","","9","N","N","N","1","","0","0","0","3","2","","","2","0","0","0","0","0","0","2","0","2","","","","N","","","","","","","","","",""
"2022004172","0347","1","0","0","0","0","0","0","0","0","5","0","","67","1","2022","7","40.033878","-75.084978","0344","6","0","0","0","0","0","0","0","0","","0","0","0","","","1","N","0","","40 02:01.960","","0","75 05:05.920","3","0","0","0","67301","0","0","0","N","0","0","0","1","67301","0","","1.0","","1","N","N","N","0","","1","0","1","0","0","","","2","1","0","0","0","0","0","2","0","2","","","","N","","","","","","","","","",""
"2022032939","0418","2","0","0","0","0","0","0","0","0","4","0","","67","4","2022","1","40.052833","-75.131758","0415","6","0","0","0","0","0","0","0","0","","0","0","0","","","0","N","0","","40 03:10.200","","0","75 07:54.330","0","0","0","0","67301","0","0","0","N","0","0","0","1","67301","0","","1.0","","1","N","N","N","0","","0","0","0","0","0","","","2","0","0","0","0","0","0","2","0","2","","","","N","","","","","","","","","",""
"2022032892","2008","1","0","0","0","0","0","0","0","0","8","0","","67","3","2022","4","40.024573","-75.045891","2001","6","0","0","0","0","0","0","0","0","","0","0","0","","","1","N","0","","40 01:28.464","","0","75 02:45.207","8","0","0","0","67301","1","0","0","N","1","0","0","2","67301","0","","1.0","","1","N","N","N","0","","0","0","0","0","0","","","2","1","0","0","0","1","0","2","0","1","","03","","N","","","","","","","","","",""
"2022004235","1610","1","0","0","0","0","0","0","0","0","1","0","","67","1","2022","3","40.004239","-75.07734","1554","6","0","0","0","0","0","0","0","0","","0","0","0","","","2","","1","","40 00:15.259","","0","75 04:38.425","3","0","0","0","67301","0","0","0","N","0","0","0","4","67301","0","","1.0","","1","N","N","N","0","","1","0","0","3","2","","","2","2","0","0","0","1","2","2","1","2","","03","","N","","","","","","","","","",""
"2022004234","1912","1","0","0","0","0","0","0","0","0","1","0","","67","1","2022","1","40.024941","-75.031071","1907","6","0","0","0","0","0","0","0","0","","0","0","0","","","0","","3","","40 01:29.786","4","0","75 01:51.854","9","0","0","0","67301","0","0","0","N","0","0","0","2","67301","0","","1.0","1945.0","1","N","N","N","1","","0","0","0","0","0","N","","2","0","0","0","0","0","1","2","0","2","","","","N","","","","","","","","","",""
"2022015026","0635","3","0","0","0","0","0","0","0","0","4","0","","67","2","2022","3","40.028834","-75.058398","0632","6","0","0","0","0","0","1","0","0","","0","0","0","","","3","","1","","40 01:43.801","","0","75 03:30.233","4","0","0","0","67301","0","0","0","N","0","0","0","3","67301","3","","1.0","","9","N","N","N","0","","0","0","0","3","3","","","3","3","0","0","0","0","0","2","0","3","","03","","N","","","","","","","","","",""
"2022032911","1100","1","0","0","0","0","0","0","0","0","1","0","","67","3","2022","2","39.974762","-75.185083","1056","6","0","0","0","0","0","1","1","0","","1","0","0","","","2","","1","","39 58:29.144","","0","75 11:06.298","1","0","0","0","67301","2","1","0","N","2","1","0","4","67301","1","2","1.0","","1","N","N","Y","0","0","1","0","1","0","0","","","4","2","0","0","0","0","0","2","0","2","","03","","N","","","","","","","","","",""
"2022004263","2136","0","0","0","0","0","0","0","0","0","8","0","","67","1","2022","1","39.962724","-75.246709","2129","6","0","0","0","0","0","0","1","0","","0","0","0","","","1","","1","","39 57:45.805","","1","75 14:48.154","8","0","0","0","67301","1","0","0","N","1","0","0","2","67301","0","","1.0","","9","N","N","N","0","","0","0","1","3","2","","","2","1","0","0","0","1","0","2","0","1","","07","","N","","","","","","","","","",""
"2022027727","2217","0","0","0","0","0","0","1","0","0","8","1","","67","2","2022","2","40.046276","-75.135999","2215","6","0","0","0","0","0","0","0","0","","0","0","0","","","1","","2","","40 02:46.595","","0","75 08:09.597","4","0","0","0","67301","1","0","0","N","1","0","0","2","67508","1","","1.0","","1","N","N","N","0","","0","0","0","3","2","","","2","1","0","0","0","0","0","2","0","1","","03","","N","","","","","","","","","",""
"2022029183","1045","1","0","0","0","0","0","0","0","0","8","0","","67","3","2022","3","39.94715","-75.156081","1040","6","0","0","0","0","0","1","0","0","","0","0","0","","","1","","2","","39 56:49.740","","0","75 09:21.892","3","0","0","0","67301","1","0","0","N","1","0","0","2","67301","0","","1.0","","1","N","N","N","0","","1","0","0","3","2","","","2","1","1","0","0","0","0","2","0","1","","03","","N","","","","","","","","","",""
"2022004161","1209","0","0","0","0","0","0","0","0","0","7","0","","67","1","2022","4","39.90167","-75.203003","1200","6","0","0","0","0","0","0","0","0","","0","0","0","","","0","N","0","","39 54:06.013","","3","75 12:10.810","0","0","0","0","67301","0","0","0","N","0","0","0","1","67301","0","","3.0","","9","N","N","N","1","","0","0","0","0","0","","","1","0","0","0","0","0","0","2","0","1","","03","","N","","","","","","","","","",""
"2022029235","1719","1","0","0","0","0","0","0","0","0","2","0","","67","3","2022","7","39.954606","-75.226194","1718","6","0","0","0","0","0","0","0","0","","0","0","0","","","1","N","0","","39 57:16.580","","0","75 13:34.300","3","0","0","0","67301","0","0","0","N","0","0","0","10","67301","0","","1.0","","1","N","N","N","0","","1","0","2","3","2","","","3","1","0","0","0","0","0","2","0","3","","03","","N","","","","","","","","","",""
"2022029262","0932","1","0","0","0","0","0","0","0","0","1","1","","67","3","2022","2","39.978758","-75.121875","0932","6","0","0","0","0","0","0","0","0","","0","1","0","","","0","N","0","","39 58:43.530","","0","75 07:18.750","0","0","0","0","67301","0","0","0","N","0","0","0","1","67301","0","","6.0","","1","N","N","N","0","","0","0","0","0","0","","","2","0","0","0","0","0","0","2","0","2","","","","N","","","","","","","","","",""
"2022032844","0018","1","0","0","0","0","0","0","0","0","1","0","","67","4","2022","6","40.029911","-75.103076","0015","6","0","0","0","0","0","0","0","0","","0","0","0","","","1","","2","","40 01:47.679","","0","75 06:11.073","3","0","0","0","67301","0","0","0","N","0","0","0","2","67301","0","","1.0","","1","N","N","N","0","","1","0","0","3","2","","","2","1","0","0","0","0","0","2","0","2","","04","","N","","","","","","","","","",""
"2022004196","1640","1","0","0","0","0","0","0","0","0","5","0","","67","1","2022","2","40.125972","-75.005894","1630","6","0","0","0","0","0","1","0","0","","0","0","0","","","0","N","0","","40 07:33.500","","0","75 00:21.220","0","0","0","0","67301","0","0","0","N","0","0","0","1","67301","0","","6.0","","1","N","N","N","0","","0","0","1","0","0","","","2","0","0","0","0","0","0","2","0","2","","","","N","","","","","","","","","",""
"2022004264","1810","0","0","0","0","0","0","0","0","0","8","0","","67","1","2022","7","39.986293","-75.168793","1805","6","0","0","0","0","0","0","0","0","","0","0","0","","","1","","1","","39 59:10.654","","0","75 10:07.654","2","0","0","0","67301","1","0","1","N","1","0","1","2","67301","0","","1.0","","1","N","N","N","0","","0","1","0","3","3","","","2","1","0","0","0","0","0","2","0","1","","03","","N","","","","","","","","","",""
"2022004278","1120","1","0","0","0","0","0","0","0","0","7","0","","67","1","2022","6","40.020384","-75.141399","1113","6","0","0","0","0","0","0","0","0","","0","0","0","","","1","N","0","","40 01:13.383","1","0","75 08:29.037","3","0","0","0","67301","0","0","0","N","0","0","0","1","67301","0","","3.0","1200.0","9","N","N","N","0","","1","0","0","0","0","Y","","1","1","0","0","0","0","0","2","0","1","","04","","N","","","","","","","","","",""
"2022004199","1551","2","0","0","0","0","0","0","0","0","1","0","","67","1","2022","3","40.094949","-74.978223","1546","6","0","0","0","0","0","0","0","0","","0","0","0","","","1","","2","","40 05:41.817","","0","74 58:41.601","3","0","0","0","67301","0","0","0","N","0","0","0","2","67301","0","","1.0","","1","N","N","N","0","","1","0","0","3","2","","","2","1","0","0","0","0","0","2","0","2","","03","","N","","","","","","","","","",""
"2022029216","2205","1","0","0","0","0","0","0","0","0","2","0","","67","3","2022","4","40.024017","-75.046965","2155","6","0","0","0","0","0","0","0","0","","0","0","0","","","1","N","0","","40 01:26.462","","0","75 02:49.075","3","0","0","0","67301","0","0","0","N","0","0","0","1","67301","0","","6.0","","1","N","N","N","0","","1","0","2","0","0","","","3","1","1","0","0","0","0","2","0","3","","03","","N","","","","","","","","","",""
"2022004254","0500","1","0","0","0","0","0","0","0","0","4","0","","67","1","2022","1","39.955991","-75.217645","0456","6","0","0","0","0","0","1","0","0","","0","0","0","","","1","","1","","39 57:21.568","","0","75 13:03.523","8","0","0","0","67301","0","0","0","N","0","0","0","3","67301","0","","1.0","","9","N","N","N","0","","0","0","1","3","2","","","2","1","0","0","0","1","0","2","0","2","","07","","N","","","","","","","","","",""
"2022003977","1625","1","0","0","0","0","0","0","0","0","5","0","","67","1","2022","1","40.043321","-75.002886","1612","6","0","0","0","0","1","0","0","0","","0","0","0","","","1","N","0","","40 02:35.955","1","0","75 00:10.391","3","0","0","1","67301","0","0","0","N","0","0","0","3","68K01","0","","1.0","1725.0","1","N","N","N","0","","1","0","0","0","0","N","","2","1","0","0","0","0","0","2","0","2","","03","","N","","","","","","","","","",""
"2022014746","1835","1","0","0","0","0","0","0","0","0","7","0","","67","1","2022","1","39.96774","-75.209733","1835","6","0","0","0","0","0","0","0","0","","0","0","0","","","0","","1","","39 58:03.863","","0","75 12:35.037","9","0","0","0","67301","0","0","0","N","0","0","0","1","67301","0","","5.0","","2","N","N","N","0","","0","0","0","0","0","","","1","0","0","0","0","0","1","2","0","1","","10","","N","","","","","","","","","",""
"2022027658","0142","1","0","0","0","0","0","0","0","0","1","0","","67","3","2022","7","39.911019","-75.172567","0142","6","0","0","0","0","0","0","1","0","","0","0","0","","","0","N","0","","39 54:39.669","","0","75 10:21.242","0","0","0","0","67301","0","0","0","N","0","0","0","4","67505","0","","1.0","","1","N","N","N","0","","0","0","1","0","0","","","2","0","1","0","0","0","0","2","0","2","","","","N","","","","","","","","","",""
"2022027872","0532","2","0","0","0","0","0","0","0","0","1","0","","67","3","2022","7","39.957457","-75.14745","0521","6","0","0","0","0","0","0","0","0","","0","0","0","","","1","N","0","","39 57:26.846","3","0","75 08:50.819","8","0","0","0","67301","0","0","0","N","0","0","0","2","68K01","0","","1.0","600.0","9","N","N","Y","0","","0","0","0","0","0","N","","2","1","0","0","0","1","0","2","0","2","","","","N","","","","","","","","","",""
"2022004248","0027","1","0","0","0","0","0","0","0","0","8","0","","67","1","2022","6","39.969664","-75.211523","0024","6","0","0","0","0","0","0","0","0","","0","0","0","","","2","","1","","39 58:10.789","1","0","75 12:41.484","3","0","0","0","67301","2","0","0","N","2","0","0","3","67301","0","","1.0","45.0","1","N","N","N","0","","1","0","0","3","2","N","","3","2","0","0","0","1","1","2","0","1","","03","","N","","","","","","","","","",""
"2022032856","1640","2","0","0","0","0","0","0","0","0","2","0","","67","4","2022","6","39.954615","-75.149531","1639","6","0","0","0","0","0","0","0","0","","0","0","0","","","1","","1","","39 57:16.613","","0","75 08:58.311","3","0","0","0","67301","0","0","0","N","0","0","0","3","67301","0","","1.0","","1","N","N","N","0","","1","0","0","3","2","","","2","1","0","0","0","0","0","2","0","2","","03","","N","","","","","","","","","",""
"2022014554","1600","2","0","0","0","0","0","0","0","0","1","0","","67","1","2022","2","39.91101","-75.150707","1553","6","0","0","0","0","0","1","1","0","","0","0","0","","","0","N","0","","39 54:39.635","","0","75 09:02.544","0","0","0","0","67301","0","0","0","N","0","0","0","2","67301","0","","1.0","","9","N","N","N","0","","0","0","0","0","0","","","2","0","0","0","0","0","0","2","0","2","","03","","N","","","","","","","","","",""
"2022005771","2346","1","0","0","0","0","0","0","0","0","6","0","","67","1","2022","7","39.92232","-75.147591","2346","6","0","0","0","0","0","0","0","0","","0","0","0","","","2","N","0","","39 55:20.351","1","3","75 08:51.329","3","0","0","0","67301","0","0","0","N","0","0","0","6","68K01","0","","1.0","15.0","9","N","N","Y","0","","1","0","1","0","0","N","","2","2","1","0","0","1","1","2","0","2","","07","","N","","","","","","","","","",""
"2022032851","2110","3","0","0","0","0","0","0","0","0","5","0","","67","4","2022","2","39.921561","-75.157714","2108","6","0","0","0","0","0","0","0","0","","0","0","0","","","0","N","0","","39 55:17.620","4","0","75 09:27.770","0","0","0","0","67301","0","0","0","N","0","0","0","1","67301","0","","6.0","2155.0","1","N","N","N","0","","0","0","1","0","0","Y","","4","0","1","0","0","0","0","2","0","4","","","","N","","","","","","","","","",""
"2022004200","0739","1","0","0","0","0","0","0","0","0","5","0","","67","1","2022","4","40.069567","-75.036038","0726","6","0","0","0","0","0","0","1","0","","0","0","0","","","0","N","0","","40 04:10.441","3","0","75 02:09.736","0","0","0","0","67301","0","0","0","N","0","0","0","1","67301","0","","6.0","900.0","2","N","N","N","1","","0","0","1","0","0","Y","","3","0","0","0","0","0","0","2","0","3","","","","N","","","","","","","","","",""
"2022029280","1910","1","0","0","0","0","0","0","0","0","7","0","","67","3","2022","2","40.052659","-75.121323","1858","6","0","0","0","0","0","0","0","0","","0","0","0","","","1","N","0","","40 03:09.573","6","7","75 07:16.761","3","0","0","0","67301","0","0","0","N","0","0","0","1","67301","0","","5.0","1945.0","1","N","N","N","0","","1","0","0","0","0","Y","","1","1","1","0","0","0","0","2","0","1","","","","N","","","","","","","","","",""
"2022029175","1557","2","0","0","0","0","0","0","0","0","2","0","","67","3","2022","7","40.054547","-75.232086","1555","6","0","0","0","0","0","0","0","0","","0","0","0","","","0","N","0","","40 03:16.370","1","7","75 13:55.511","0","0","0","0","67301","0","0","0","N","0","0","0","2","67301","0","","1.0","1630.0","1","N","N","N","0","","0","0","0","0","0","N","","2","0","0","0","0","0","0","2","0","2","","","","N","","","","","","","","","",""
"2022007433","1710","1","0","0","0","0","0","0","0","0","7","0","","67","1","2022","6","40.04537","-75.000599","1646","6","0","0","0","0","0","0","0","0","","0","0","0","","","0","N","0","","40 02:43.332","","2","75 00:02.157","0","0","0","0","67301","0","0","0","Y","0","0","0","1","68K01","0","","4.0","","1","N","N","N","0","","0","0","0","0","0","","","1","0","1","0","0","0","0","2","0","1","","03","","N","","","","","","","","","",""
"2022014853","0144","1","0","0","0","0","0","0","0","0","4","0","","67","1","2022","1","40.046778","-75.149258","0142","6","0","0","0","0","0","0","0","0","","0","0","0","","","0","N","0","","40 02:48.400","","0","75 08:57.330","9","0","0","0","67301","0","0","0","N","0","0","0","1","67301","0","","1.0","","1","N","N","N","0","","0","0","0","0","0","","","2","0","0","0","0","0","1","2","1","2","","03","","N","","","","","","","","","",""
"2022014603","1615","1","0","0","0","0","0","0","0","0","7","0","","67","1","2022","2","40.09538","-74.95968","1608","6","0","1","0","0","0","0","0","0","","0","0","0","","","1","","2","","40 05:43.369","","7","74 57:34.849","3","0","0","0","67301","0","0","0","N","0","0","0","2","67301","0","","5.0","","9","N","N","N","0","","1","0","0","0","0","","","1","1","0","0","0","0","0","2","0","1","","04","","N","","","","","","","","","",""
"2022014559","2120","0","0","0","0","0","0","0","0","0","8","0","","67","2","2022","7","39.924928","-75.144203","2116","6","0","0","0","0","0","0","0","0","","1","0","0","","","0","N","0","","39 55:29.740","2","0","75 08:39.131","1","0","0","0","67301","1","1","0","N","1","1","0","2","67301","0","2","2.0","2225.0","1","N","N","N","0","0","0","0","0","0","0","N","","2","0","0","0","0","0","1","2","0","1","","","","N","","","","","","","","","",""
"2022014870","0400","1","0","0","0","0","0","0","0","0","4","0","","67","2","2022","6","40.030616","-75.14658","0400","6","0","0","0","0","0","0","0","0","","0","0","0","","","0","","1","","40 01:50.216","","0","75 08:47.687","9","0","0","0","67301","0","0","0","N","0","0","0","2","67301","0","","1.0","","99","N","N","N","0","","0","0","1","9","2","","","2","0","0","0","0","0","1","2","0","2","","","","N","","","","","","","","","",""
"2022014758","0045","1","0","0","0","0","0","0","0","0","4","1","","67","1","2022","2","39.957136","-75.214321","0035","6","0","0","0","0","0","1","0","0","","0","1","0","","","2","","1","","39 57:25.688","","0","75 12:51.554","3","0","0","0","67301","0","0","0","N","0","0","0","3","67301","0","","1.0","","1","N","N","N","0","","2","0","0","3","2","","","2","2","0","0","0","0","0","2","0","2","","03","","N","","","","","","","","","",""
"2022010862","0655","2","0","0","0","0","0","0","0","0","4","0","","67","1","2022","2","39.956769","-75.211372","0647","6","0","0","0","0","0","0","0","0","","0","0","0","","","2","","1","","39 57:24.367","","0","75 12:40.940","3","0","0","0","67301","0","0","0","N","0","0","0","3","67301","0","","1.0","","9","N","N","N","0","","2","0","0","3","2","","","2","2","0","0","0","0","0","2","0","2","","07","","N","","","","","","","","","",""
"2022014787","1505","2","0","0","0","0","0","0","0","0","2","0","","67","2","2022","1","39.967058","-75.245799","1452","6","0","0","0","0","0","0","0","0","","0","0","0","","","2","N","0","","39 58:01.408","","7","75 14:44.877","3","0","0","0","67301","0","0","0","N","0","0","0","2","67301","0","","1.0","","1","N","N","N","0","","1","0","0","0","0","","","2","2","0","0","0","1","0","2","0","2","","03","","N","","","","","","","","","",""
"2022014725","0108","2","0","0","0","0","0","0","0","0","1","0","","67","1","2022","6","40.020782","-75.094744","0105","6","0","0","0","0","0","0","0","0","","0","0","0","","","0","N","0","","40 01:14.815","","0","75 05:41.079","0","0","0","0","67301","0","0","0","N","0","0","0","0","67301","0","","6.0","","7","N","Y","N","0","","0","0","0","0","0","","","2","0","0","0","0","0","0","2","0","2","","10","","N","","","","","","","","","",""
"2022014633","0100","1","0","0","0","0","0","0","0","0","7","0","","67","1","2022","2","39.917205","-75.246318","0055","6","0","0","0","0","0","0","0","0","","0","0","0","","","0","N","0","","39 55:01.938","","0","75 14:46.743","9","0","0","0","67301","0","0","0","N","0","0","0","1","67301","0","","5.0","","9","N","N","N","0","","0","0","0","0","0","","","1","0","0","0","0","0","1","2","0","1","","07","","N","","","","","","","","","",""
"2022014884","1618","2","0","0","0","0","0","0","0","0","1","0","","67","1","2022","1","40.015302","-75.176979","1610","6","0","0","0","0","0","0","0","0","","0","0","0","","","0","N","0","","40 00:55.086","","0","75 10:37.123","0","0","0","0","67301","0","0","0","N","0","0","0","2","67301","0","","1.0","","1","N","N","N","0","","0","0","0","0","0","","","2","0","0","0","0","0","0","2","0","2","","03","","N","","","","","","","","","",""
"2022013015","1550","0","0","0","0","0","0","0","0","0","7","0","","67","1","2022","7","40.031205","-75.021665","1540","6","0","0","0","0","0","0","0","0","","0","0","0","","","1","N","0","","40 01:52.338","2","0","75 01:17.994","3","0","0","0","67301","0","0","0","N","0","0","0","2","68K01","0","","4.0","1630.0","9","N","N","N","0","","1","0","1","0","0","Y","","1","1","0","0","0","0","0","2","0","1","","","","N","","","","","","","","","",""
"2022013770","1638","2","0","0","0","0","0","0","0","0","5","0","","67","2","2022","7","40.027041","-75.025996","1621","6","0","0","0","0","0","0","0","0","","0","0","0","","","0","N","0","","40 01:37.348","","0","75 01:33.587","0","0","0","0","67301","0","0","0","N","0","0","0","2","68K01","0","","1.0","","1","N","N","N","0","","0","0","0","0","0","","","2","0","0","0","0","0","0","2","0","2","","","","N","","","","","","","","","",""
"2022013523","1408","1","0","0","0","0","0","0","0","0","5","0","","67","2","2022","6","40.008086","-75.201963","1356","6","0","0","0","0","0","0","0","0","","0","0","0","","","1","N","0","","40 00:29.109","","0","75 12:07.067","3","0","0","0","67301","0","0","0","N","0","0","0","3","68K01","0","","1.0","","9","N","N","N","1","","1","0","0","0","0","","","3","1","0","0","0","0","0","2","1","3","","","","N","","","","","","","","","",""
"2022014739","0046","0","0","0","0","0","0","0","0","0","7","0","","67","1","2022","3","39.986747","-75.207556","0035","6","0","0","0","0","0","0","0","0","","0","0","0","","","0","","6","","39 59:12.288","","8","75 12:27.201","9","0","0","0","67301","0","0","0","N","0","0","0","1","67301","0","","2.0","","1","N","N","N","0","","0","0","1","3","2","","","1","0","0","0","0","0","1","2","0","1","","","","N","","","","","","","","","",""
"2022014777","1801","1","0","0","0","0","0","0","0","0","2","0","","67","1","2022","2","39.962105","-75.228892","1801","6","0","0","1","0","0","0","0","0","","0","0","0","","","0","","2","","39 57:43.577","","0","75 13:44.012","0","0","0","0","67301","0","0","0","N","0","0","0","1","67301","0","","1.0","","1","N","N","N","0","","0","0","1","3","3","","","2","0","0","0","0","0","0","2","0","2","","03","","N","","","","","","","","","",""
"2022014903","2125","1","0","0","0","0","0","0","0","0","8","0","","67","2","2022","6","40.017114","-75.149528","2124","6","0","0","0","0","0","1","0","0","","0","0","0","","","2","N","0","","40 01:01.611","","0","75 08:58.302","3","0","0","0","67301","1","0","0","N","1","0","0","2","67301","1","","1.0","","9","N","N","N","0","","1","0","0","3","2","","","2","2","0","0","0","0","0","2","0","1","","","","N","","","","","","","","","",""
"2022013953","1740","1","0","0","0","0","0","0","0","0","7","0","","67","2","2022","7","39.899575","-75.163126","1714","6","0","0","0","0","0","0","0","0","","0","0","0","","","3","N","0","","39 53:58.471","2","0","75 09:47.254","4","0","0","0","67301","0","0","0","N","0","0","0","3","68K01","3","","2.0","1800.0","1","N","N","N","0","","0","0","0","0","0","N","","1","3","0","0","0","0","0","2","0","1","","","","N","","","","","","","","","",""
"2022014818","1743","2","0","0","0","0","0","0","0","0","4","0","","67","1","2022","1","39.998768","-75.131259","1743","6","0","0","0","0","0","1","0","0","","0","0","0","","","1","","1","","39 59:55.564","","0","75 07:52.533","3","0","0","0","67301","0","0","0","N","0","0","0","2","67301","0","","1.0","","1","N","N","N","0","","1","0","0","3","2","","","2","1","1","0","0","0","0","2","0","2","","03","","N","","","","","","","","","",""
"2022013425","2137","1","0","0","0","0","0","0","0","0","0","0","","67","1","2022","1","39.982426","-75.207823","2128","6","0","0","0","0","0","0","0","0","","0","0","0","","","1","N","0","","39 58:56.733","3","0","75 12:28.164","4","0","0","0","67301","0","0","0","N","0","0","0","1","68K01","1","","4.0","2215.0","1","N","N","N","0","","0","0","0","0","0","N","","1","1","0","0","0","0","0","2","0","1","","","","N","","","","","","","","","",""