"CRN","ARRIVAL_TM","AUTOMOBILE_COUNT","BELTED_DEATH_COUNT","BELTED_SUSP_SERIOUS_INJ_COUNT","BICYCLE_COUNT","BICYCLE_DEATH_COUNT","BICYCLE_SUSP_SERIOUS_INJ_COUNT","BUS_COUNT","CHLDPAS_DEATH_COUNT","CHLDPAS_SUSP_SERIOUS_INJ_COUNT","COLLISION_TYPE","COMM_VEH_COUNT","CONS_ZONE_SPD_LIM","COUNTY","CRASH_MONTH","CRASH_YEAR","DAY_OF_WEEK","DEC_LATITUDE","DEC_LONGITUDE","DISPATCH_TM","DISTRICT","DRIVER_COUNT_16YR","DRIVER_COUNT_17YR","DRIVER_COUNT_18YR","DRIVER_COUNT_19YR","DRIVER_COUNT_20YR","DRIVER_COUNT_50_64YR","DRIVER_COUNT_65_74YR","DRIVER_COUNT_75PLUS","EST_HRS_CLOSED","FATAL_COUNT","HEAVY_TRUCK_COUNT","HORSE_BUGGY_COUNT","HOUR_OF_DAY","ILLUMINATION","INJURY_COUNT","INTERSECTION_RELATED","INTERSECT_TYPE","LANE_CLOSED","LATITUDE","LN_CLOSE_DIR","LOCATION_TYPE","LONGITUDE","MAX_SEVERITY_LEVEL","MCYCLE_DEATH_COUNT","MCYCLE_SUSP_SERIOUS_INJ_COUNT","MOTORCYCLE_COUNT","MUNICIPALITY","NONMOTR_COUNT","NONMOTR_DEATH_COUNT","NONMOTR_SUSP_SERIOUS_INJ_COUNT","NTFY_HIWY_MAINT","PED_COUNT","PED_DEATH_COUNT","PED_SUSP_SERIOUS_INJ_COUNT","PERSON_COUNT","POLICE_AGCY","POSSIBLE_INJ_COUNT","RDWY_SURF_TYPE_CD","RELATION_TO_ROAD","ROADWAY_CLEARED","ROAD_CONDITION","SCH_BUS_IND","SCH_ZONE_IND","SECONDARY_CRASH","SMALL_TRUCK_COUNT","SPEC_JURIS_CD","SUSP_MINOR_INJ_COUNT","SUSP_SERIOUS_INJ_COUNT","SUV_COUNT","TCD_FUNC_CD","TCD_TYPE","TFC_DETOUR_IND","TIME_OF_DAY","TOTAL_UNITS","TOT_INJ_COUNT","UNBELTED_OCC_COUNT","UNB_DEATH_COUNT","UNB_SUSP_SERIOUS_INJ_COUNT","UNK_INJ_DEG_COUNT","UNK_INJ_PER_COUNT","URBAN_RURAL","VAN_COUNT","VEHICLE_COUNT","WEATHER1","WEATHER2","WORKERS_PRES","WORK_ZONE_IND","WORK_ZONE_LOC","WORK_ZONE_TYPE","WZ_CLOSE_DETOUR","WZ_FLAGGER","WZ_LAW_OFFCR_IND","WZ_LN_CLOSURE","WZ_MOVING","WZ_OTHER","WZ_SHLDER_MDN","WZ_WORKERS_INJ_KILLED"
"2022014569","1105","1","0","0","0","0","0","0","0","0","8","0","","67","1","2022","7","39.943856","-75.151431","1100","6","0","0","0","0","0","1","0","0","","0","0","0","","","1","N","0","","39 56:37.880","","0","75 09:05.150","3","0","0","0","67301","1","0","0","N","1","0","0","2","67301","0","","1.0","","1","N","N","N","0","","1","0","0","3","2","","","2","1","1","0","0","0","0","2","0","1","","03","","N","","","","","","","","","",""
"2022035503","1641","2","0","0","0","0","0","0","0","0","1","0","","67","4","2022","2","39.979276","-75.203954","1641","6","0","0","0","0","0","1","0","0","","0","0","0","","","0","N","0","","39 58:45.393","3","0","75 12:14.235","0","0","0","0","67301","0","0","0","N","0","0","0","2","68K01","0","","1.0","1650.0","1","N","N","N","0","","0","0","0","0","0","N","","2","0","0","0","0","0","0","2","0","2","","03","","N","","","","","","","","","",""
"2022014771","0249","2","0","0","0","0","0","0","0","0","1","0","","67","2","2022","4","39.956169","-75.237942","0248","6","0","0","0","0","0","0","0","0","","0","0","0","","","0","N","0","","39 57:22.210","","0","75 14:16.590","0","0","0","0","67301","0","0","0","N","0","0","0","1","67301","0","","6.0","","1","N","N","N","0","","0","0","0","3","2","","","2","0","0","0","0","0","0","2","0","2","","03","","N","","","","","","","","","",""
"2022014547","1800","1","0","0","0","0","0","0","0","0","4","1","","67","2","2022","3","40.054528","-75.090776","1757","6","0","0","0","0","1","0","0","0","","0","1","0","","","2","","1","","40 03:16.301","","0","75 05:26.793","8","0","0","0","67301","0","0","0","N","0","0","0","3","67301","0","","1.0","","2","N","N","N","0","","0","0","1","3","3","","","3","2","0","0","0","2","0","2","0","3","","03","","N","","","","","","","","","",""
"2022005769","0726","1","0","0","0","0","0","0","0","0","7","0","","67","1","2022","3","40.00787","-75.071507","0718","6","0","0","0","0","0","0","0","0","","0","0","0","","","1","N","0","","40 00:28.331","1","0","75 04:17.425","3","0","0","0","67301","0","0","0","N","0","0","0","1","68K01","0","","3.0","750.0","1","N","N","N","0","","1","0","0","0","0","N","","1","1","1","0","0","0","0","2","0","1","","","","N","","","","","","","","","",""
"2022014602","0735","0","0","0","0","0","0","0","0","0","7","0","","67","1","2022","1","40.063683","-75.022324","0731","6","0","0","0","0","0","0","0","0","","0","0","0","","","0","N","0","","40 03:49.260","","0","75 01:20.368","0","0","0","0","67301","0","0","0","N","0","0","0","1","67301","0","","5.0","","1","N","N","N","0","","0","0","1","0","0","","","1","0","0","0","0","0","0","2","0","1","","03","","N","","","","","","","","","",""
"2022032765","1203","0","0","0","0","0","0","0","0","0","5","1","35","67","4","2022","2","39.954117","-75.140379","1200","6","0","0","0","0","0","0","0","0","","0","1","0","","","0","N","0","","39 57:14.820","4","3","75 08:25.363","0","0","0","0","67301","0","0","0","N","0","0","0","2","67501","0","","1.0","1216.0","1","N","N","N","0","","0","0","1","3","8","N","","2","0","0","0","0","0","0","2","0","2","","","Y","Y","4","1","","","N","Y","Y","","Y","N"
"2022014895","1120","1","0","0","0","0","0","0","0","0","8","0","","67","1","2022","2","40.017724","-75.15484","1101","6","0","0","0","0","0","1","0","0","","0","0","0","","","1","N","0","","40 01:03.805","","0","75 09:17.424","3","0","0","0","67301","1","0","0","N","1","0","0","2","67301","0","","6.0","","6","N","N","N","0","","1","0","0","0","0","","","2","1","0","0","0","0","0","2","0","1","","","","N","","","","","","","","","",""
"2022014572","0842","0","0","0","0","0","0","0","0","0","8","0","","67","2","2022","6","39.953389","-75.154994","0840","6","0","0","0","0","0","0","0","0","","0","0","0","","","1","N","0","","39 57:12.199","","0","75 09:17.977","8","0","0","0","67301","1","0","0","N","1","0","0","2","67301","0","","1.0","","9","N","N","N","1","","0","0","0","0","0","","","2","1","0","0","0","1","0","2","0","1","","07","","N","","","","","","","","","",""
"2022014574","0955","0","0","0","0","0","0","0","0","0","4","0","","67","2","2022","1","39.957697","-75.162478","0944","6","0","0","0","0","0","1","0","0","","0","0","0","","","0","","1","","39 57:27.710","1","0","75 09:44.921","0","0","0","0","67301","0","0","0","N","0","0","0","2","67301","0","","1.0","1001.0","1","N","N","N","0","","0","0","2","3","2","Y","","2","0","2","0","0","0","0","2","0","2","","03","","N","","","","","","","","","",""
"2022014778","0242","2","0","0","0","0","0","0","0","0","5","0","","67","1","2022","5","39.970872","-75.230925","0237","6","0","0","0","0","0","0","0","0","","0","0","0","","","0","N","0","","39 58:15.140","","0","75 13:51.330","0","0","0","0","67301","0","0","0","N","0","0","0","1","67301","0","","1.0","","1","N","N","N","0","","0","0","0","0","0","","","2","0","1","0","0","0","0","2","0","2","","03","","N","","","","","","","","","",""
"2022014703","0303","2","0","0","0","0","0","0","0","0","6","0","","67","2","2022","7","40.053443","-75.170407","0303","6","0","0","0","0","0","0","0","0","","0","0","0","","","1","N","0","","40 03:12.394","","0","75 10:13.464","2","0","0","0","67301","0","0","0","N","0","0","0","2","67301","0","","5.0","","1","N","N","N","0","","0","1","0","0","0","","","2","1","1","0","1","0","1","2","0","2","","","","N","","","","","","","","","",""
"2022014768","0320","0","0","0","0","0","0","0","0","0","4","1","","67","2","2022","2","39.958487","-75.22518","0318","6","0","0","0","0","0","0","0","0","","0","1","0","","","0","","1","","39 57:30.554","5","0","75 13:30.649","0","0","0","0","67301","0","0","0","N","0","0","0","3","67301","0","","1.0","440.0","9","N","N","N","0","","0","0","1","3","2","Y","","2","0","0","0","0","0","0","2","0","2","","","","N","","","","","","","","","",""
"2022015451","1300","3","0","0","0","0","0","0","0","0","1","0","","67","2","2022","6","39.957064","-75.145376","1234","6","0","0","0","1","0","0","1","0","","0","0","0","","","0","N","0","","39 57:25.431","","0","75 08:43.352","0","0","0","0","67301","0","0","0","N","0","0","0","3","68K01","0","","1.0","","9","N","N","N","0","","0","0","0","0","0","","","3","0","0","0","0","0","0","2","0","3","","","","N","","","","","","","","","",""
"2022015123","0708","0","0","0","0","0","0","0","0","0","7","0","","67","1","2022","6","39.892402","-75.225191","0657","6","0","0","0","0","1","0","0","0","","0","0","0","","","1","N","0","","39 53:32.648","","3","75 13:30.689","4","0","0","0","67301","0","0","0","N","0","0","0","1","68K01","1","","4.0","","9","N","N","N","1","","0","0","0","0","0","","","1","1","1","0","0","0","0","2","0","1","","04","","N","","","","","","","","","",""
"2022014840","2045","1","0","0","0","0","0","0","0","0","6","0","","67","1","2022","7","40.03715","-75.123707","2045","6","0","0","0","0","0","0","0","0","","0","0","0","","","0","","1","","40 02:13.739","2","0","75 07:25.345","0","0","0","0","67301","0","0","0","N","0","0","0","1","67301","0","","1.0","2115.0","1","N","N","N","0","","0","0","1","3","2","N","","2","0","0","0","0","0","0","2","0","2","","","","N","","","","","","","","","",""
"2022013762","1823","1","0","0","0","0","0","0","0","0","7","0","","67","2","2022","6","40.041023","-75.00511","1811","6","0","0","0","0","0","0","0","0","","0","0","0","","","0","N","0","","40 02:27.684","2","0","75 00:18.397","0","0","0","0","67301","0","0","0","N","0","0","0","1","68K01","0","","3.0","1850.0","9","N","N","N","0","","0","0","0","0","0","N","","1","0","0","0","0","0","0","2","0","1","","07","","N","","","","","","","","","",""
"2022014586","0735","0","0","0","0","0","0","0","0","0","7","0","","67","1","2022","7","40.081796","-75.041134","0729","6","0","0","0","0","0","1","0","0","","0","0","0","","","0","N","0","","40 04:54.466","","0","75 02:28.083","0","0","0","0","67301","0","0","0","N","0","0","0","1","67301","0","","4.0","","2","N","N","N","1","","0","0","0","0","0","","","1","0","0","0","0","0","0","2","0","1","","09","","N","","","","","","","","","",""
"2022014549","2218","2","0","0","0","0","0","0","0","0","2","0","","67","2","2022","7","40.058913","-75.084956","2218","6","0","0","0","0","0","1","0","0","","0","0","0","","","1","","1","","40 03:32.087","","0","75 05:05.840","4","0","0","0","67301","0","0","0","N","0","0","0","2","67301","1","","1.0","","1","N","N","N","0","","0","0","0","3","2","","","2","1","2","0","0","0","0","2","0","2","","03","","N","","","","","","","","","",""
"2022014707","1602","2","0","0","0","0","0","0","0","0","4","0","","67","1","2022","4","40.000308","-75.083658","1546","6","0","0","0","0","0","2","0","0","","0","0","0","","","2","","2","","40 00:01.107","","2","75 05:01.169","3","0","0","0","67301","0","0","0","N","0","0","0","3","67301","0","","1.0","","1","N","N","N","0","","2","0","0","3","2","","","2","2","0","0","0","0","0","2","0","2","","03","","N","","","","","","","","","",""
"2022013748","2025","1","0","0","0","0","0","0","0","0","7","0","","67","2","2022","5","40.039131","-75.008302","2018","6","0","0","0","0","0","0","0","0","","0","0","0","","","1","N","0","","40 02:20.872","","0","75 00:29.887","8","0","0","0","67301","0","0","0","N","0","0","0","1","68K01","0","","3.0","","9","N","N","N","0","","0","0","0","0","0","","","1","1","0","0","0","1","0","2","0","1","","07","","N","","","","","","","","","",""
"2022014619","1948","1","0","0","0","0","0","0","0","0","7","0","","67","2","2022","7","40.094122","-74.980502","1944","6","0","0","0","0","0","0","0","0","","0","0","0","","","0","N","0","","40 05:38.840","3","0","74 58:49.808","9","0","0","0","67301","0","0","0","N","0","0","0","1","67301","0","","2.0","15.0","1","N","N","N","0","","0","0","0","0","0","N","","1","0","1","0","0","0","1","2","0","1","","","","N","","","","","","","","","",""
"2022014583","1940","1","0","0","0","0","0","0","0","0","8","0","","67","1","2022","6","40.102486","-75.028736","1937","6","0","0","0","0","0","0","0","0","","0","0","0","","","1","","1","","40 06:08.948","","0","75 01:43.450","3","0","0","0","67301","1","0","0","N","1","0","0","2","67301","0","","1.0","","9","N","N","N","0","","1","0","0","3","2","","","2","1","0","0","0","0","0","2","0","1","","","","N","","","","","","","","","",""
"2022006679","0155","0","0","0","0","0","0","0","0","0","5","1","","67","1","2022","1","39.960052","-75.179253","0154","6","0","0","0","0","0","0","0","0","","0","1","0","","","0","N","0","","39 57:36.188","4","3","75 10:45.310","0","0","0","0","67301","0","0","0","N","0","0","0","1","68K01","0","","4.0","100.0","9","N","N","N","0","","0","0","1","0","0","N","","2","0","0","0","0","0","0","2","0","2","","07","","N","","","","","","","","","",""
"2022014084","2055","0","0","0","0","0","0","0","0","0","8","0","","67","1","2022","6","39.909031","-75.241894","2052","6","0","0","0","0","0","0","0","0","","1","0","0","","","0","","2","","39 54:32.511","1","0","75 14:30.820","1","0","0","0","67301","1","1","0","N","1","1","0","2","67301","0","2","1.0","100.0","1","N","N","N","0","0","0","0","0","3","2","N","","2","0","0","0","0","0","0","2","0","1","","03","","N","","","","","","","","","",""
"2022014525","1558","1","0","0","0","0","0","0","0","0","4","0","","67","1","2022","4","39.897408","-75.175532","1557","6","0","0","0","0","0","0","0","1","","0","0","0","","","0","","1","","39 53:50.668","7","0","75 10:31.915","0","0","0","0","67301","0","0","0","N","0","0","0","2","67301","0","","1.0","1610.0","1","N","N","N","0","","0","0","1","3","2","N","","2","0","0","0","0","0","0","2","0","2","","","","N","","","","","","","","","",""
"2022010896","0227","0","0","0","0","0","0","0","0","0","4","0","","67","1","2022","6","40.007865","-75.172261","0225","6","0","0","0","0","0","0","0","0","","0","0","0","","","0","","1","","40 00:28.314","4","0","75 10:20.141","0","0","0","0","67301","0","0","0","N","0","0","0","2","67301","0","","1.0","258.0","1","N","N","N","0","","0","0","2","3","2","N","","2","0","0","0","0","0","0","2","0","2","","03","","N","","","","","","","","","",""
"2022014565","0912","2","0","0","0","0","0","0","0","0","1","0","","67","1","2022","1","40.014969","-75.206945","0912","6","0","0","0","0","0","0","0","0","","0","0","0","","","1","N","0","","40 00:53.887","","0","75 12:25.003","8","0","0","0","67301","0","0","0","N","0","0","0","2","67301","0","","1.0","","9","N","N","N","0","","0","0","0","3","2","","","2","1","0","0","0","1","1","2","0","2","","03","","N","","","","","","","","","",""
"2022015351","1029","2","0","0","0","0","0","0","0","0","4","0","","67","2","2022","5","40.084681","-75.025077","1025","6","0","0","0","0","0","0","0","1","","0","0","0","","","1","","2","","40 05:04.850","2","0","75 01:30.277","8","0","0","0","67301","0","0","0","N","0","0","0","5","67301","0","","1.0","1055.0","1","N","N","N","0","","0","0","0","3","2","N","","2","1","0","0","0","1","0","2","0","2","","03","","N","","","","","","","","","",""
"2022014720","1555","2","0","0","0","0","0","0","0","0","2","0","","67","1","2022","5","40.013868","-75.073075","1547","6","0","0","0","0","0","0","0","0","","0","0","0","","","0","","1","","40 00:49.924","","0","75 04:23.069","9","0","0","0","67301","0","0","0","N","0","0","0","2","67301","0","","1.0","","1","N","N","N","0","","0","0","0","3","3","","","2","0","0","0","0","0","2","2","0","2","","","","N","","","","","","","","","",""
"2022014660","2215","1","0","0","0","0","0","0","0","0","4","0","","67","1","2022","5","40.033411","-75.175459","2215","6","0","0","0","0","0","0","0","0","","0","0","0","","","0","","1","","40 02:00.279","","0","75 10:31.652","0","0","0","0","67301","0","0","0","N","0","0","0","2","67301","0","","1.0","","1","N","N","N","1","","0","0","0","3","3","","","2","0","0","0","0","0","0","2","0","2","","","","N","","","","","","","","","",""
"2022014412","2200","1","0","0","0","0","0","0","0","0","7","0","","67","2","2022","1","39.955442","-75.148046","2112","6","0","0","0","0","0","0","0","0","","1","0","0","","","2","N","0","","39 57:19.590","4","8","75 08:52.967","1","0","0","0","67301","0","0","0","N","0","0","0","3","67501","0","1","4.0","2357.0","1","N","N","N","0","8","0","0","0","3","8","N","","1","2","1","1","0","2","0","2","0","1","","03","","N","","","","","","","","","",""
"2022014774","2350","0","0","0","0","0","0","0","0","0","1","0","","67","1","2022","1","39.990725","-75.221636","2344","6","0","0","0","0","0","0","0","0","","0","0","0","","","0","N","0","","39 59:26.610","","0","75 13:17.890","0","0","0","0","67301","0","0","0","N","0","0","0","1","67301","0","","1.0","","1","N","N","N","0","","0","0","2","0","0","","","2","0","0","0","0","0","0","2","0","2","","","","N","","","","","","","","","",""
"2022013771","1635","2","0","0","0","0","0","0","0","0","1","0","","67","2","2022","7","39.998578","-75.195545","1622","6","0","0","0","0","0","0","0","0","","0","0","0","","","0","N","0","","39 59:54.879","","0","75 11:43.962","0","0","0","0","67301","0","0","0","N","0","0","0","2","68K01","0","","1.0","","1","N","N","N","0","","0","0","0","0","0","","","2","0","0","0","0","0","0","2","0","2","","03","","N","","","","","","","","","",""
"2022015713","1311","0","0","0","0","0","0","0","0","0","1","0","","67","2","2022","3","39.959409","-75.174098","1311","6","0","0","0","0","0","0","0","0","","0","0","0","","","1","N","3","","39 57:33.873","4","2","75 10:26.751","4","0","0","0","67301","0","0","0","N","0","0","0","3","68K01","1","","7.0","1400.0","1","N","N","N","0","","0","0","1","0","0","Y","","2","1","0","0","0","0","1","2","0","2","","","","N","","","","","","","","","",""
"2022014826","0115","1","0","0","0","0","0","0","0","0","7","0","","67","2","2022","7","39.9991","-75.138662","0102","6","0","0","0","0","0","0","0","0","","0","0","0","","","2","N","0","","39 59:56.760","","0","75 08:19.184","3","0","0","0","67301","0","0","0","N","0","0","0","2","67301","0","","9.0","","1","N","N","N","0","","2","0","0","0","0","","","1","2","0","0","0","0","0","2","0","1","","03","","N","","","","","","","","","",""
"2022005492","0830","0","0","0","0","0","0","0","0","0","1","1","","67","1","2022","6","40.005231","-75.196479","0828","6","0","0","0","0","0","0","0","0","","0","1","0","","","0","N","0","","40 00:18.830","","0","75 11:47.323","0","0","0","0","67301","0","0","0","N","0","0","0","2","68K01","0","","1.0","","9","N","N","N","0","","0","0","1","0","0","","","2","0","0","0","0","0","0","2","0","2","","","","N","","","","","","","","","",""
"2022014564","1035","1","0","0","0","0","0","0","0","0","7","0","","67","1","2022","6","40.026029","-75.199614","1029","6","0","0","0","1","0","0","0","0","","0","0","0","","","2","N","0","","40 01:33.706","","0","75 11:58.611","3","0","0","0","67301","0","0","0","N","0","0","0","2","67301","0","","2.0","","7","N","N","N","0","","2","0","0","0","0","","","1","2","0","0","0","0","0","2","0","1","","10","","N","","","","","","","","","",""
"2022014570","1313","0","0","0","0","0","0","0","0","0","8","0","","67","1","2022","4","39.951932","-75.143299","1309","6","0","0","0","0","0","0","0","0","","0","0","0","","","1","","1","","39 57:06.954","","0","75 08:35.878","3","0","0","0","67301","1","0","0","N","1","0","0","2","67301","0","","1.0","","1","N","N","N","1","","1","0","0","3","2","","","2","1","0","0","0","0","0","2","0","1","","03","","N","","","","","","","","","",""
"2022009455","","1","0","0","0","0","0","0","0","0","4","0","","67","1","2022","2","40.04739","-75.156479","","6","0","0","0","0","0","1","0","0","","0","0","0","","","1","","1","","40 02:50.604","","0","75 09:23.324","8","0","0","0","67301","0","0","0","N","0","0","0","2","00000","0","","1.0","","1","N","N","N","0","","0","0","0","3","3","","","2","1","0","0","0","1","0","2","0","2","","","","N","","","","","","","","","",""
"2022014727","1413","0","0","0","0","0","0","0","0","0","7","0","","67","1","2022","1","40.030628","-75.049503","1410","6","0","0","0","0","1","0","0","0","","0","0","0","","","0","N","0","","40 01:50.260","","0","75 02:58.210","0","0","0","0","67301","0","0","0","N","0","0","0","1","67301","0","","2.0","","2","N","N","N","0","","0","0","1","3","3","","","1","0","0","0","0","0","0","2","0","1","","10","","N","","","","","","","","","",""
"2022013924","0740","2","0","0","0","0","0","0","0","0","1","0","","67","2","2022","4","39.957074","-75.152228","0739","6","0","0","0","0","0","1","0","0","","0","0","0","","","0","N","0","","39 57:25.468","","0","75 09:08.021","0","0","0","0","67301","0","0","0","N","0","0","0","2","68K01","0","","1.0","","1","N","N","N","0","","0","0","0","0","0","","","2","0","0","0","0","0","0","2","0","2","","04","","N","","","","","","","","","",""
"2022014776","2048","1","0","0","0","0","0","0","0","0","4","0","","67","1","2022","6","39.978578","-75.21373","2043","6","0","0","0","0","0","1","0","0","","0","0","0","","","1","","1","","39 58:42.879","","0","75 12:49.429","3","0","0","0","67301","0","0","0","N","0","0","0","2","67301","0","","1.0","","1","N","N","N","0","","1","0","1","3","2","","","2","1","0","0","0","0","1","2","0","2","","03","","N","","","","","","","","","",""
"2022014872","1530","1","0","0","0","0","0","0","0","0","7","0","","67","1","2022","5","40.002705","-75.190294","1525","6","0","0","0","0","0","0","0","0","","0","0","0","","","1","N","0","","40 00:09.738","","0","75 11:25.060","3","0","0","0","67301","0","0","0","N","0","0","0","1","67301","0","","2.0","","1","N","N","N","0","","1","0","0","0","0","","","1","1","1","0","0","0","0","2","0","1","","03","","N","","","","","","","","","",""
"2022014722","2019","1","0","0","0","0","0","0","0","0","2","0","","67","1","2022","5","40.032446","-75.037109","2009","6","0","0","0","0","0","0","0","0","","0","0","0","","","0","N","0","","40 01:56.805","","0","75 02:13.592","9","0","0","0","67301","0","0","0","N","0","0","0","3","67301","0","","1.0","","1","N","N","Y","0","","0","0","2","3","2","","","3","0","0","0","0","0","1","2","0","3","","","","N","","","","","","","","","",""
"2022014886","0900","2","0","0","0","0","0","0","0","0","1","0","","67","1","2022","1","40.017889","-75.201994","0900","6","0","0","0","0","0","0","0","0","","0","0","0","","","0","N","0","","40 01:04.400","","0","75 12:07.180","0","0","0","0","67301","0","0","0","N","0","0","0","4","67301","0","","1.0","","99","N","N","N","0","","0","0","0","0","0","","","2","0","0","0","0","0","0","2","0","2","","","","N","","","","","","","","","",""
"2022014614","2210","1","0","0","0","0","0","0","0","0","7","0","","67","1","2022","6","40.057328","-75.034408","2202","6","0","0","0","0","0","0","0","0","","0","0","0","","","0","N","0","","40 03:26.382","","0","75 02:03.870","0","0","0","0","67301","0","0","0","N","0","0","0","1","67301","0","","2.0","","7","N","N","N","0","","0","0","0","3","2","","","1","0","0","0","0","0","0","2","0","1","","10","","N","","","","","","","","","",""
"2022015712","0813","1","0","0","0","0","0","0","0","0","1","0","","67","2","2022","3","39.961176","-75.139961","0747","6","0","0","0","0","0","0","0","0","","0","0","0","","","0","N","0","","39 57:40.233","","0","75 08:23.859","0","0","0","0","67301","0","0","0","N","0","0","0","2","68K01","0","","3.0","","1","N","N","N","0","","0","0","1","0","0","","","2","0","0","0","0","0","0","2","0","2","","","","N","","","","","","","","","",""
"2022013526","1450","1","0","0","0","0","0","0","0","0","7","0","","67","2","2022","6","39.917483","-75.147556","1411","6","0","0","0","0","0","0","0","0","","0","0","0","","","0","N","0","","39 55:02.940","","0","75 08:51.200","0","0","0","0","67301","0","0","0","N","0","0","0","1","68K01","0","","2.0","","9","N","N","N","0","","0","0","0","0","0","","","1","0","0","0","0","0","0","2","0","1","","","","N","","","","","","","","","",""
"2022014562","1146","1","0","0","0","0","0","0","0","0","4","0","","67","1","2022","3","40.037291","-75.220662","1145","6","0","0","0","0","0","2","0","0","","0","0","0","","","1","","2","","40 02:14.247","6","0","75 13:14.383","2","0","0","0","67301","0","0","0","N","0","0","0","5","67301","0","","1.0","1240.0","1","N","N","Y","0","","0","1","2","0","0","Y","","3","1","0","0","0","0","0","2","0","3","","04","","N","","","","","","","","","",""
"2022015479","1143","2","0","0","0","0","0","0","0","0","1","0","","67","1","2022","4","40.045928","-75.001816","1126","6","0","0","0","0","0","0","0","0","","0","0","0","","","1","N","6","","40 02:45.339","","2","75 00:06.539","3","0","0","0","67301","0","0","0","N","0","0","0","2","68K01","0","","1.0","","1","N","N","N","0","","1","0","0","3","4","","","2","1","0","0","0","0","0","2","0","2","","03","","N","","","","","","","","","",""
"2022014887","0839","0","0","0","0","0","0","0","0","0","8","0","","67","1","2022","4","40.009927","-75.166676","0825","6","0","0","0","0","0","0","0","0","","0","0","0","","","1","N","0","","40 00:35.736","","0","75 10:00.032","8","0","0","0","67301","1","0","0","N","1","0","0","2","67301","0","","1.0","","1","N","N","N","0","","0","0","1","3","2","","","2","1","0","0","0","1","0","2","0","1","","03","","N","","","","","","","","","",""
"2022014625","0247","1","0","0","0","0","0","1","0","0","4","1","","67","1","2022","6","39.952785","-75.16685","0247","6","0","0","0","0","0","0","0","0","","0","0","0","","","1","","1","","39 57:10.026","1","0","75 10:00.660","8","0","0","0","67301","0","0","0","N","0","0","0","2","67301","0","","1.0","420.0","1","N","N","N","0","","0","0","0","3","2","N","","2","1","0","0","0","1","0","2","0","2","","03","","N","","","","","","","","","",""
"2022009466","","0","0","0","0","0","0","0","0","0","5","0","","67","1","2022","3","","","","6","0","0","0","0","0","0","0","0","","0","0","0","","","0","N","0","","","","0","","0","0","0","0","67301","0","0","0","N","0","0","0","2","00000","0","","1.0","","1","N","N","N","0","","0","0","1","0","0","","","2","0","0","0","0","0","0","1","1","2","","","","N","","","","","","","","","",""
"2022014804","1415","3","0","0","0","0","0","0","0","0","4","0","","67","1","2022","1","40.007964","-75.104807","1414","6","0","0","0","1","0","0","0","0","","0","0","0","","","2","","1","","40 00:28.672","","0","75 06:17.306","4","0","0","0","67301","0","0","0","N","0","0","0","2","67301","2","","1.0","","1","N","N","N","0","","0","0","0","2","2","","","3","2","0","0","0","0","0","2","0","3","","03","","N","","","","","","","","","",""
"2022013935","0100","1","0","0","0","0","0","0","0","0","7","0","","67","2","2022","6","40.037337","-75.013236","1244","6","0","0","0","0","0","0","0","0","","0","0","0","","","0","N","0","","40 02:14.413","","0","75 00:47.650","0","0","0","0","67301","0","0","0","N","0","0","0","1","68K01","0","","4.0","","9","N","N","N","0","","0","0","0","0","0","","","1","0","0","0","0","0","0","2","0","1","","98","","N","","","","","","","","","",""
"2022014544","0220","0","0","0","0","0","0","0","0","0","5","1","","67","1","2022","5","40.036608","-75.064461","0214","6","0","0","0","0","0","1","0","0","","0","1","0","","","0","","1","","40 02:11.789","7","0","75 03:52.061","0","0","0","0","67301","0","0","0","N","0","0","0","2","67301","0","","1.0","345.0","1","N","N","N","0","","0","0","0","3","2","Y","","2","0","0","0","0","0","0","2","0","2","","03","","N","","","","","","","","","",""
"2022014650","1640","2","0","0","0","0","0","0","0","0","4","0","","67","2","2022","3","39.913387","-75.24333","1640","6","0","0","0","0","0","0","0","0","","0","0","0","","","0","","5","","39 54:48.192","","0","75 14:35.989","0","0","0","0","67301","0","0","0","N","0","0","0","2","67301","0","","1.0","","6","N","N","N","0","","0","0","0","3","2","","","2","0","0","0","0","0","0","2","0","2","","04","","N","","","","","","","","","",""
"2022014587","0258","0","0","0","0","0","0","0","0","0","7","0","","67","1","2022","1","40.128559","-75.013914","0247","6","0","0","0","0","0","0","0","0","","0","0","0","","","0","N","0","","40 07:42.814","","0","75 00:50.089","9","0","0","0","67301","0","0","0","N","0","0","0","1","67301","0","","5.0","","2","N","N","N","1","","0","0","0","0","0","","","1","0","0","0","0","0","1","2","0","1","","","","N","","","","","","","","","",""
"2022013934","2310","1","0","0","0","0","0","0","0","0","1","0","","67","2","2022","5","39.972571","-75.121295","2259","6","0","0","0","1","0","0","0","0","","0","0","0","","","2","N","0","","39 58:21.256","1","0","75 07:16.662","4","0","0","0","67301","0","0","0","N","0","0","0","3","68K01","1","","1.0","2345.0","9","N","N","N","0","","0","0","1","0","0","N","","2","2","0","0","0","1","0","2","0","2","","","","N","","","","","","","","","",""
"2022014813","0855","0","0","0","0","0","0","0","0","0","5","0","","67","1","2022","1","40.002086","-75.132375","0955","6","0","0","0","0","0","0","0","0","","0","0","0","","","1","N","0","","40 00:07.510","3","0","75 07:56.550","8","0","0","0","67301","0","0","0","N","0","0","0","1","67301","0","","1.0","30.0","1","N","N","N","0","","0","0","1","0","0","Y","","2","1","0","0","0","1","0","2","1","2","","03","","N","","","","","","","","","",""