"CRN","ARRIVAL_TM","AUTOMOBILE_COUNT","BELTED_DEATH_COUNT","BELTED_SUSP_SERIOUS_INJ_COUNT","BICYCLE_COUNT","BICYCLE_DEATH_COUNT","BICYCLE_SUSP_SERIOUS_INJ_COUNT","BUS_COUNT","CHLDPAS_DEATH_COUNT","CHLDPAS_SUSP_SERIOUS_INJ_COUNT","COLLISION_TYPE","COMM_VEH_COUNT","CONS_ZONE_SPD_LIM","COUNTY","CRASH_MONTH","CRASH_YEAR","DAY_OF_WEEK","DEC_LATITUDE","DEC_LONGITUDE","DISPATCH_TM","DISTRICT","DRIVER_COUNT_16YR","DRIVER_COUNT_17YR","DRIVER_COUNT_18YR","DRIVER_COUNT_19YR","DRIVER_COUNT_20YR","DRIVER_COUNT_50_64YR","DRIVER_COUNT_65_74YR","DRIVER_COUNT_75PLUS","EST_HRS_CLOSED","FATAL_COUNT","HEAVY_TRUCK_COUNT","HORSE_BUGGY_COUNT","HOUR_OF_DAY","ILLUMINATION","INJURY_COUNT","INTERSECTION_RELATED","INTERSECT_TYPE","LANE_CLOSED","LATITUDE","LN_CLOSE_DIR","LOCATION_TYPE","LONGITUDE","MAX_SEVERITY_LEVEL","MCYCLE_DEATH_COUNT","MCYCLE_SUSP_SERIOUS_INJ_COUNT","MOTORCYCLE_COUNT","MUNICIPALITY","NONMOTR_COUNT","NONMOTR_DEATH_COUNT","NONMOTR_SUSP_SERIOUS_INJ_COUNT","NTFY_HIWY_MAINT","PED_COUNT","PED_DEATH_COUNT","PED_SUSP_SERIOUS_INJ_COUNT","PERSON_COUNT","POLICE_AGCY","POSSIBLE_INJ_COUNT","RDWY_SURF_TYPE_CD","RELATION_TO_ROAD","ROADWAY_CLEARED","ROAD_CONDITION","SCH_BUS_IND","SCH_ZONE_IND","SECONDARY_CRASH","SMALL_TRUCK_COUNT","SPEC_JURIS_CD","SUSP_MINOR_INJ_COUNT","SUSP_SERIOUS_INJ_COUNT","SUV_COUNT","TCD_FUNC_CD","TCD_TYPE","TFC_DETOUR_IND","TIME_OF_DAY","TOTAL_UNITS","TOT_INJ_COUNT","UNBELTED_OCC_COUNT","UNB_DEATH_COUNT","UNB_SUSP_SERIOUS_INJ_COUNT","UNK_INJ_DEG_COUNT","UNK_INJ_PER_COUNT","URBAN_RURAL","VAN_COUNT","VEHICLE_COUNT","WEATHER1","WEATHER2","WORKERS_PRES","WORK_ZONE_IND","WORK_ZONE_LOC","WORK_ZONE_TYPE","WZ_CLOSE_DETOUR","WZ_FLAGGER","WZ_LAW_OFFCR_IND","WZ_LN_CLOSURE","WZ_MOVING","WZ_OTHER","WZ_SHLDER_MDN","WZ_WORKERS_INJ_KILLED"
"2022004695","","1","0","0","0","0","0","0","0","0","4","0","","67","1","2022","3","40.051101","-75.09119","","6","0","0","0","0","0","0","0","0","","0","0","0","","","1","","1","","40 03:03.963","","0","75 05:28.284","3","0","0","0","67301","0","0","0","N","0","0","0","2","00000","0","","1.0","","1","N","N","N","0","","1","0","0","3","3","","","2","1","0","0","0","0","0","2","0","2","","","","N","","","","","","","","","",""
"2022014083","0017","1","0","0","0","0","0","0","0","0","8","0","","67","1","2022","6","40.001601","-75.152925","0016","6","0","0","0","0","0","0","0","0","","1","0","0","","","0","","1","","40 00:05.763","","0","75 09:10.529","1","0","0","0","67301","1","1","0","N","1","1","0","2","67301","0","2","1.0","","1","N","N","N","0","0","0","0","0","3","2","","","2","0","0","0","0","0","0","2","0","1","","03","","N","","","","","","","","","",""
"2022015582","1957","2","0","0","0","0","0","0","0","0","5","0","","67","2","2022","5","39.95012","-75.145691","1953","6","0","0","0","0","0","0","0","0","","0","0","0","","","1","N","0","","39 57:00.433","1","0","75 08:44.489","3","0","0","0","67301","0","0","0","N","0","0","0","4","67301","0","","1.0","2020.0","1","N","N","N","0","","1","0","0","3","2","N","","2","1","1","0","0","0","1","2","0","2","","03","","N","","","","","","","","","",""
"2022015233","1615","1","0","0","0","0","0","0","0","0","4","0","","67","2","2022","4","39.974076","-75.117864","1558","6","0","0","0","0","0","0","0","0","","0","0","0","","","1","","1","","39 58:26.673","","0","75 07:04.312","3","0","0","0","67301","0","0","0","N","0","0","0","2","67301","0","","1.0","","1","N","N","N","0","","1","0","1","3","2","","","2","1","0","0","0","0","1","2","0","2","","03","","N","","","","","","","","","",""
"2022014835","1317","1","0","0","0","0","0","0","0","0","8","0","","67","2","2022","7","39.992071","-75.139698","1317","6","0","0","0","0","0","0","0","0","","0","0","0","","","1","","1","","39 59:31.457","","0","75 08:22.914","3","0","0","0","67301","1","0","0","N","1","0","0","1","67301","0","","1.0","","1","N","N","N","0","","1","0","0","0","0","","","2","1","0","0","0","0","0","2","0","1","","03","","N","","","","","","","","","",""
"2022014705","1627","2","0","0","0","0","0","0","0","0","4","0","","67","2","2022","3","40.076716","-75.176178","1621","6","0","0","0","0","1","0","0","1","","0","0","0","","","1","","1","","40 04:36.177","","0","75 10:34.240","3","0","0","0","67301","0","0","0","N","0","0","0","2","67301","0","","1.0","","1","N","N","N","0","","1","0","0","3","3","","","2","1","0","0","0","0","0","2","0","2","","03","","N","","","","","","","","","",""
"2022013955","0143","2","0","0","0","0","0","0","0","0","5","0","","67","2","2022","1","39.991862","-75.202189","0142","6","0","0","0","0","0","0","0","0","","0","0","0","","","1","N","0","","39 59:30.703","4","0","75 12:07.882","8","0","0","0","67301","0","0","0","N","0","0","0","5","68K01","0","","1.0","215.0","1","N","N","N","0","","0","0","1","0","0","N","","4","1","0","0","0","1","1","2","0","4","","03","","N","","","","","","","","","",""
"2022014589","1715","0","0","0","0","0","0","0","0","0","4","0","","67","2","2022","3","40.083417","-75.038018","1708","6","0","0","0","0","0","1","0","0","","0","0","0","","","0","N","0","","40 05:00.302","","0","75 02:16.866","0","0","0","0","67301","0","0","0","N","0","0","0","2","67301","0","","3.0","","1","N","N","N","0","","0","0","2","0","0","","","2","0","0","0","0","0","0","2","0","2","","03","","N","","","","","","","","","",""
"2022006813","2357","2","0","0","0","0","0","0","0","0","1","0","","67","1","2022","4","40.005878","-75.149766","2357","6","0","0","0","0","0","0","0","0","","0","0","0","","","2","N","1","","40 00:21.160","","0","75 08:59.157","8","0","0","0","67301","0","0","0","N","0","0","0","3","67505","0","","1.0","","1","N","N","N","0","","0","0","0","3","2","","","2","2","1","0","0","2","0","2","0","2","","03","","N","","","","","","","","","",""
"2022013515","1344","1","0","0","0","0","0","0","0","0","7","0","","67","2","2022","5","40.0309","-75.021796","1337","6","0","0","0","0","0","0","0","0","","0","0","0","","","0","N","0","","40 01:51.241","1","0","75 01:18.466","0","0","0","0","67301","0","0","0","N","0","0","0","1","68K01","0","","3.0","1409.0","9","N","N","N","0","","0","0","0","0","0","N","","1","0","0","0","0","0","0","2","0","1","","","","N","","","","","","","","","",""
"2022014821","1905","0","0","0","0","0","0","0","0","0","8","0","","67","1","2022","4","40.015043","-75.135168","1903","6","0","0","0","0","0","0","0","0","","1","0","0","","","0","","1","","40 00:54.154","6","0","75 08:06.604","1","0","0","0","67301","1","1","0","N","1","1","0","2","67301","0","2","1.0","2045.0","1","N","N","N","0","0","0","0","0","3","2","Y","","2","0","0","0","0","0","1","2","0","1","","03","","N","","","","","","","","","",""
"2022014792","1322","2","0","0","0","0","0","0","0","0","2","0","","67","1","2022","1","39.984856","-75.157537","1322","6","0","0","0","0","0","0","0","0","","0","0","0","","","2","","1","","39 59:05.480","7","0","75 09:27.133","3","0","0","0","67301","0","0","0","N","0","0","0","4","67301","0","","1.0","1450.0","1","N","N","N","1","","2","0","0","0","0","Y","","3","2","0","0","0","0","0","2","0","3","","03","","N","","","","","","","","","",""
"2022014651","1715","2","0","0","0","0","0","0","0","0","1","0","","67","2","2022","3","39.947443","-75.22961","1711","6","0","0","0","0","0","0","0","0","","0","0","0","","","1","","2","","39 56:50.794","","0","75 13:46.596","3","0","0","0","67301","0","0","0","N","0","0","0","2","67301","0","","1.0","","1","N","N","N","0","","1","0","0","0","0","","","2","1","0","0","0","0","0","2","0","2","","03","","N","","","","","","","","","",""
"2022014732","2112","2","0","0","0","0","0","0","0","0","4","0","","67","2","2022","3","40.034349","-75.038553","2106","6","0","0","0","0","0","2","0","0","","0","0","0","","","0","","1","","40 02:03.656","","0","75 02:18.792","0","0","0","0","67301","0","0","0","N","0","0","0","2","67301","0","","1.0","","1","N","N","N","0","","0","0","0","3","2","","","2","0","0","0","0","0","0","2","0","2","","","","N","","","","","","","","","",""
"2022014864","0759","1","0","0","0","0","0","0","0","0","1","1","","67","2","2022","3","40.019547","-75.146798","0758","6","0","0","0","0","0","2","0","0","","0","1","0","","","0","N","0","","40 01:10.370","2","0","75 08:48.473","0","0","0","0","67301","0","0","0","N","0","0","0","3","67301","0","","1.0","830.0","9","N","N","N","0","","0","0","1","0","0","Y","","3","0","0","0","0","0","0","2","0","3","","03","","N","","","","","","","","","",""
"2022014802","1217","0","0","0","0","0","0","0","0","0","8","0","","67","1","2022","2","39.994631","-75.094531","1217","6","0","0","0","0","0","0","0","0","","0","0","0","","","1","N","0","","39 59:40.673","","7","75 05:40.311","8","0","0","0","67301","1","0","0","N","1","0","0","2","67301","0","","5.0","","1","N","N","N","0","","0","0","1","0","0","","","2","1","0","0","0","1","0","2","0","1","","03","","N","","","","","","","","","",""
"2022013781","0422","1","0","0","0","0","0","0","0","0","7","0","","67","2","2022","1","39.958365","-75.180236","0419","6","0","0","0","0","0","0","0","0","","0","0","0","","","3","N","0","","39 57:30.115","4","0","75 10:48.849","4","0","0","0","67301","0","0","0","N","0","0","0","3","68K01","1","","7.0","500.0","1","N","N","N","0","","0","0","0","0","0","N","","1","3","2","0","0","2","0","2","0","1","","","","N","","","","","","","","","",""
"2022013018","1437","0","0","0","0","0","0","0","0","0","5","0","","67","1","2022","1","39.958674","-75.169236","1424","6","0","0","0","0","0","1","0","0","","0","0","0","","","1","N","0","","39 57:31.227","3","0","75 10:09.248","8","0","0","0","67301","0","0","0","N","0","0","0","2","68K01","0","","1.0","1458.0","1","N","N","N","0","","0","0","2","0","0","N","","2","1","0","0","0","1","0","2","0","2","","","","N","","","","","","","","","",""
"2022013775","2102","2","0","0","0","0","0","0","0","0","1","0","","67","2","2022","7","39.997699","-75.195986","2058","6","0","0","0","0","0","0","0","0","","0","0","0","","","2","N","0","","39 59:51.718","","0","75 11:45.550","8","0","0","0","67301","0","0","0","N","0","0","0","8","68K01","0","","1.0","","1","N","N","N","0","","0","0","0","0","0","","","3","2","4","0","0","2","1","2","0","3","","03","","N","","","","","","","","","",""
"2022004255","0821","0","0","0","0","0","0","0","0","0","4","1","","67","1","2022","6","39.941228","-75.209396","0811","6","0","0","0","0","0","0","0","0","","0","0","0","","","1","","1","","39 56:28.421","","0","75 12:33.827","3","0","0","0","67301","0","0","0","N","0","0","0","3","67301","0","","1.0","","9","N","N","N","1","","1","0","1","3","2","","","2","1","0","0","0","0","0","2","0","2","","","","N","","","","","","","","","",""
"2022013509","0755","1","0","0","0","0","0","0","0","0","7","0","","67","1","2022","7","39.888994","-75.218198","0730","6","0","0","0","0","0","1","0","0","","0","0","0","","","1","N","0","","39 53:20.377","2","0","75 13:05.511","8","0","0","0","67301","0","0","0","N","0","0","0","1","68K01","0","","4.0","820.0","7","N","N","N","0","","0","0","0","0","0","N","","1","1","0","0","0","1","0","2","0","1","","","","N","","","","","","","","","",""
"2022014617","1030","3","0","0","0","0","0","0","0","0","5","0","","67","2","2022","5","40.076528","-75.032684","1030","6","0","0","0","0","0","2","0","0","","0","0","0","","","1","","1","","40 04:35.499","1","0","75 01:57.662","8","0","0","0","67301","0","0","0","N","0","0","0","3","67301","0","","1.0","1100.0","9","N","N","N","0","","0","0","0","3","2","N","","3","1","0","0","0","1","1","2","0","3","","04","","N","","","","","","","","","",""
"2022014825","0237","1","0","0","0","0","0","0","0","0","2","0","","67","2","2022","6","40.015208","-75.1472","0237","6","0","0","0","0","0","1","0","0","","0","0","0","","","0","","1","","40 00:54.748","","0","75 08:49.919","0","0","0","0","67301","0","0","0","N","0","0","0","2","67301","0","","1.0","","9","N","N","N","0","","0","0","1","3","2","","","2","0","0","0","0","0","0","2","0","2","","07","","N","","","","","","","","","",""
"2022014901","1204","3","0","0","0","0","0","0","0","0","4","0","","67","2","2022","6","40.002081","-75.169456","1202","6","0","0","0","0","0","0","0","0","","0","0","0","","","0","","1","","40 00:07.491","","0","75 10:10.041","0","0","0","0","67301","0","0","0","N","0","0","0","2","67301","0","","1.0","","9","N","N","N","0","","0","0","0","3","3","","","3","0","0","0","0","0","0","2","0","3","","","","N","","","","","","","","","",""
"2022015155","0321","1","0","0","0","0","0","0","0","0","7","0","","67","1","2022","7","39.979711","-75.107662","0321","6","0","0","0","0","0","0","0","0","","1","0","0","","","0","N","0","","39 58:46.961","5","1","75 06:27.583","1","0","0","0","67301","0","0","0","N","0","0","0","1","67301","0","2","4.0","422.0","1","N","N","N","0","0","0","0","0","0","0","N","","1","0","0","0","0","0","0","2","0","1","","03","","N","","","","","","","","","",""
"2022014700","0105","0","0","0","0","0","0","0","0","0","7","0","","67","2","2022","6","40.043088","-75.193569","0102","6","0","0","0","0","0","0","0","0","","0","0","0","","","1","N","0","","40 02:35.117","2","0","75 11:36.847","8","0","0","0","67301","0","0","0","N","0","0","0","1","67301","0","","5.0","230.0","9","N","N","N","0","","0","0","1","0","0","Y","","1","1","0","0","0","1","0","2","0","1","","07","","N","","","","","","","","","",""
"2022014859","0455","1","0","0","0","0","0","0","0","0","1","0","","67","1","2022","1","40.025948","-75.123101","0450","6","0","0","0","0","0","0","0","0","","0","1","0","","","0","N","0","","40 01:33.413","","0","75 07:23.164","0","0","0","0","67301","0","0","0","N","0","0","0","2","67301","0","","6.0","","2","N","N","N","0","","0","0","0","0","0","","","2","0","0","0","0","0","0","2","0","2","","03","","N","","","","","","","","","",""
"2022014871","1150","2","0","0","0","0","0","0","0","0","3","0","","67","2","2022","7","40.036989","-75.130389","1149","6","1","0","0","0","0","0","0","0","","0","0","0","","","0","N","0","","40 02:13.160","","0","75 07:49.400","0","0","0","0","67301","0","0","0","N","0","0","0","2","67301","0","","1.0","","1","N","N","N","0","","0","0","0","0","0","","","2","0","0","0","0","0","0","2","0","2","","","","N","","","","","","","","","",""
"2022013423","1349","1","0","0","0","0","0","0","0","0","1","0","","67","1","2022","5","40.021664","-75.039405","1336","6","0","0","0","0","0","0","0","0","","0","0","0","","","0","N","0","","40 01:17.989","1","0","75 02:21.857","0","0","0","0","67301","0","0","0","N","0","0","0","2","68K01","0","","1.0","1350.0","1","N","N","N","0","","0","0","1","0","0","N","","2","0","0","0","0","0","0","2","0","2","","03","","N","","","","","","","","","",""
"2022013909","1059","0","0","0","0","0","0","0","0","0","2","0","","67","1","2022","7","40.023372","-75.034774","1056","6","0","0","0","0","0","0","0","0","","0","0","0","","","0","N","0","","40 01:24.140","","0","75 02:05.186","0","0","0","0","67301","0","0","0","Y","0","0","0","1","68K01","0","","2.0","","2","N","N","N","1","","0","0","0","0","0","","","1","0","0","0","0","0","0","2","0","1","","02","","N","","","","","","","","","",""
"2022014891","0641","1","0","0","0","0","0","0","0","0","8","0","","67","1","2022","6","40.019694","-75.184329","0637","6","0","0","0","0","0","0","0","0","","0","0","0","","","1","","1","","40 01:10.898","5","0","75 11:03.583","4","0","0","0","67301","1","0","0","N","1","0","0","2","67301","1","","1.0","650.0","1","N","N","N","0","","0","0","0","3","2","N","","2","1","0","0","0","0","0","2","0","1","","03","","N","","","","","","","","","",""
"2022004246","0916","0","0","0","0","0","0","0","0","0","8","0","","67","1","2022","3","39.954661","-75.181711","0911","6","0","0","0","0","0","0","0","0","","1","0","0","","","0","Y","0","","39 57:16.780","","0","75 10:54.160","1","0","0","0","67301","1","1","0","N","1","1","0","2","67301","0","2","1.0","","1","N","N","N","0","0","0","0","0","0","0","","","2","0","0","0","0","0","0","2","1","1","","03","","N","","","","","","","","","",""
"2022007609","1145","1","0","0","1","0","0","0","0","0","8","0","","67","1","2022","7","39.978726","-75.158196","1143","6","0","0","0","0","0","0","0","0","","0","0","0","","","1","N","0","","39 58:43.413","","7","75 09:29.506","8","0","0","0","67301","1","0","0","N","0","0","0","3","67505","0","","1.0","","1","N","N","N","0","","0","0","0","0","0","","","2","1","2","0","0","1","0","2","0","1","","","","N","","","","","","","","","",""
"2022014696","1112","2","0","0","0","0","0","0","0","0","4","0","","67","2","2022","3","40.080957","-75.202694","1108","6","0","0","0","0","0","0","1","0","","0","0","0","","","0","","1","","40 04:51.446","","0","75 12:09.698","0","0","0","0","67301","0","0","0","N","0","0","0","2","67301","0","","1.0","","1","N","N","N","0","","0","0","0","3","2","","","2","0","0","0","0","0","0","2","0","2","","","","N","","","","","","","","","",""
"2022014541","0833","1","0","0","0","0","0","0","0","0","2","0","","67","1","2022","3","40.05083","-75.077492","0831","6","0","0","0","0","0","1","0","0","","0","0","0","","","2","","1","","40 03:02.987","","0","75 04:38.971","3","0","0","0","67301","0","0","0","N","0","0","0","3","67301","1","","1.0","","1","N","N","N","0","","1","0","2","3","2","","","3","2","0","0","0","0","0","2","0","3","","","","N","","","","","","","","","",""
"2022014757","2337","2","0","0","0","0","0","0","0","0","4","0","","67","1","2022","3","39.952435","-75.242751","2337","6","0","0","0","0","0","0","0","0","","0","0","0","","","0","","1","","39 57:08.765","","0","75 14:33.903","0","0","0","0","67301","0","0","0","N","0","0","0","1","67301","0","","1.0","","1","N","N","N","0","","0","0","0","3","2","","","2","0","0","0","0","0","0","2","0","2","","03","","N","","","","","","","","","",""
"2022014708","1326","2","0","0","0","0","0","0","0","0","4","0","","67","1","2022","5","40.027193","-75.06242","1318","6","0","0","0","1","0","0","0","0","","0","0","0","","","1","","3","","40 01:37.895","3","0","75 03:44.712","4","0","0","0","67301","0","0","0","N","0","0","0","2","67301","1","","1.0","1340.0","9","N","N","N","0","","0","0","0","3","3","N","","2","1","1","0","0","0","0","2","0","2","","","","N","","","","","","","","","",""
"2022013508","1242","0","0","0","0","0","0","0","0","0","5","1","","67","1","2022","6","39.949781","-75.183986","1227","6","0","0","0","0","0","1","0","0","","0","1","0","","","2","N","0","","39 56:59.212","3","0","75 11:02.351","3","0","0","0","67301","0","0","0","N","0","0","0","3","68K01","0","","1.0","1245.0","9","N","N","N","0","","1","0","1","0","0","N","","2","2","0","0","0","1","0","2","0","2","","","","N","","","","","","","","","",""
"2022014734","0630","0","0","0","0","0","0","0","0","0","99","0","","67","2","2022","4","40.014123","-75.06839","0627","6","0","0","0","0","0","0","0","0","","0","0","0","","","1","N","0","","40 00:50.842","1","0","75 04:06.203","3","0","0","0","67301","0","0","0","N","0","0","0","1","67301","0","","1.0","745.0","1","N","N","N","0","","1","0","1","0","0","Y","","1","1","0","0","0","0","0","2","0","1","","05","","N","","","","","","","","","",""
"2022014801","1602","0","0","0","0","0","0","0","0","0","8","0","","67","2","2022","7","39.971462","-75.159522","1600","6","0","0","0","0","0","0","0","0","","0","0","0","","","1","","1","","39 58:17.264","","0","75 09:34.278","3","0","0","0","67301","1","0","0","N","1","0","0","2","67301","0","","1.0","","1","N","N","N","0","","1","0","0","3","2","","","2","1","0","0","0","0","1","2","0","1","","03","","N","","","","","","","","","",""
"2022014789","0422","1","0","0","0","0","0","1","0","0","4","1","","67","1","2022","7","39.986293","-75.168793","0418","6","0","0","0","0","0","1","0","0","","0","0","0","","","0","","1","","39 59:10.654","","0","75 10:07.654","9","0","0","0","67301","0","0","0","N","0","0","0","2","67301","0","","1.0","","1","Y","N","N","0","","0","0","0","3","3","","","2","0","0","0","0","0","1","2","0","2","","03","","N","","","","","","","","","",""
"2022014383","1802","1","0","0","0","0","0","0","0","0","1","0","","67","2","2022","6","39.996807","-75.082184","1802","6","0","0","0","0","0","0","0","0","","0","0","0","","","0","N","0","","39 59:48.505","","0","75 04:55.861","0","0","0","0","67301","0","0","0","N","0","0","0","2","68K01","0","","1.0","","9","N","N","N","0","","0","0","1","0","0","","","2","0","0","0","0","0","0","2","0","2","","","","N","","","","","","","","","",""
"2022015763","0910","0","0","0","0","0","0","0","0","0","1","0","","67","1","2022","2","39.999175","-75.138647","0903","6","0","0","0","0","0","0","0","0","","0","0","0","","","0","N","0","","39 59:57.029","","0","75 08:19.128","0","0","0","0","67301","0","0","0","N","0","0","0","2","67301","0","","1.0","","2","N","N","N","0","","0","0","0","0","0","","","2","0","0","0","0","0","0","2","2","2","","03","","N","","","","","","","","","",""
"2022015356","0934","2","0","0","0","0","0","0","0","0","4","0","","67","2","2022","5","40.00936","-75.168083","0934","6","0","0","0","0","0","1","0","0","","0","0","0","","","1","","2","","40 00:33.697","","0","75 10:05.099","4","0","0","0","67301","0","0","0","N","0","0","0","2","67301","1","","1.0","","1","N","N","N","0","","0","0","0","3","3","","","2","1","0","0","0","0","0","2","0","2","","","","N","","","","","","","","","",""
"2022015679","0954","1","0","0","0","0","0","0","0","0","7","0","","67","1","2022","7","39.984295","-75.20834","0948","6","0","0","0","0","0","0","0","0","","0","0","0","","","1","N","0","","39 59:03.461","","0","75 12:30.024","4","0","0","0","67301","0","0","0","N","0","0","0","2","68K01","1","","2.0","","7","N","N","N","0","","0","0","0","0","0","","","1","1","0","0","0","0","0","2","0","1","","04","","N","","","","","","","","","",""
"2022007577","0612","2","0","0","0","0","0","0","0","0","1","0","","67","1","2022","7","40.003185","-75.152576","0609","6","0","0","0","0","0","0","0","0","","0","0","0","","","1","","1","","40 00:11.467","","0","75 09:09.273","8","0","0","0","67301","0","0","0","N","0","0","0","2","67505","0","","1.0","","1","N","N","N","0","","0","0","0","3","2","","","3","1","0","0","0","1","0","2","1","3","","","","N","","","","","","","","","",""
"2022014620","1840","2","0","0","0","0","0","0","0","0","1","0","","67","2","2022","1","40.041363","-75.028255","1829","6","0","0","0","0","0","0","1","0","","0","0","0","","","1","","1","","40 02:28.908","","0","75 01:41.719","8","0","0","0","67301","0","0","0","N","0","0","0","2","67301","0","","1.0","","1","N","N","N","0","","0","0","0","","2","","","2","1","0","0","0","1","0","2","0","2","","","","N","","","","","","","","","",""
"2022015717","0847","1","0","0","0","0","0","0","0","0","1","0","","67","2","2022","4","39.959553","-75.17525","0836","6","0","0","0","0","0","0","0","0","","0","0","0","","","1","N","0","","39 57:34.389","4","0","75 10:30.899","3","0","0","0","67301","0","0","0","N","0","0","0","2","68K01","0","","1.0","1000.0","1","N","N","N","0","","1","0","1","","0","N","","2","1","0","0","0","0","0","2","0","2","","03","","N","","","","","","","","","",""
"2022015710","0510","1","0","0","0","0","0","0","0","0","7","0","","67","2","2022","3","39.96855","-75.191338","0504","6","0","0","0","0","0","0","0","0","","0","0","0","","","0","N","0","","39 58:06.781","","0","75 11:28.817","0","0","0","0","67301","0","0","0","N","0","0","0","1","68K01","0","","2.0","","9","N","N","N","0","","0","0","0","","0","","","1","0","0","0","0","0","0","2","0","1","","","","N","","","","","","","","","",""
"2022011925","","1","0","0","0","0","0","0","0","0","5","1","","67","1","2022","4","40.047663","-75.059843","","6","0","0","0","0","0","0","0","0","","0","1","0","","","2","N","0","","40 02:51.585","","0","75 03:35.433","8","0","0","0","67301","0","0","0","N","0","0","0","3","00000","0","","1.0","","1","N","N","N","0","","0","0","0","","0","","","2","2","0","0","0","2","0","2","0","2","","","","N","","","","","","","","","",""
"2022013565","1520","1","0","0","0","0","0","0","0","0","8","0","","67","1","2022","5","39.991708","-75.154952","1520","6","0","0","0","0","0","0","0","0","","1","0","0","","","0","N","0","","39 59:30.150","","0","75 09:17.827","1","0","0","0","67301","1","1","0","N","1","1","0","2","67301","0","2","1.0","","1","N","N","N","0","0","0","0","0","","9","","","2","0","0","0","0","0","0","2","0","1","","","","N","","","","","","","","","",""
"2022014606","2212","3","0","0","0","0","0","0","0","0","6","0","","67","1","2022","6","40.080844","-74.971964","2209","6","0","0","0","0","0","0","0","0","","0","0","0","","","2","N","0","","40 04:51.040","","0","74 58:19.070","3","0","0","0","67301","0","0","0","N","0","0","0","2","67301","0","","6.0","","1","N","N","N","0","","2","0","1","","0","","","4","2","0","0","0","0","0","2","0","4","","03","","N","","","","","","","","","",""
"2022014714","2101","1","0","0","0","0","0","0","0","0","5","1","","67","1","2022","1","40.031327","-75.053933","2053","6","0","0","0","0","0","0","1","0","","0","1","0","","","0","N","0","","40 01:52.778","","0","75 03:14.159","0","0","0","0","67301","0","0","0","N","0","0","0","1","67301","0","","6.0","","1","N","N","N","0","","0","0","0","","0","","","2","0","0","0","0","0","0","2","0","2","","","","N","","","","","","","","","",""
"2022007330","0926","1","0","0","0","0","0","1","0","0","1","1","","67","1","2022","4","39.98791","-75.182232","0910","6","0","0","0","0","0","0","0","0","","0","0","0","","","1","","1","","39 59:16.475","","0","75 10:56.036","4","0","0","0","67301","0","0","0","N","0","0","0","9","67508","1","","1.0","","1","N","N","N","0","","0","0","0","","2","","","2","1","0","0","0","0","0","2","0","2","","03","","N","","","","","","","","","",""
"2022004272","1625","1","0","0","0","0","0","0","0","0","6","1","","67","1","2022","3","40.001182","-75.100027","1625","6","0","0","0","0","0","0","0","0","","0","1","0","","","1","N","0","","40 00:04.255","7","0","75 06:00.096","2","0","0","0","67301","0","0","0","N","0","0","0","2","67301","0","","1.0","1830.0","1","N","N","N","0","","0","1","0","","0","Y","","2","1","1","0","1","0","0","2","0","2","","03","","N","","","","","","","","","",""
"2022001725","0915","1","0","0","0","0","0","1","0","0","4","1","","67","1","2022","2","39.993931","-75.154462","0900","6","0","0","0","0","0","1","0","0","","0","0","0","","","0","","1","","39 59:38.150","","0","75 09:16.063","9","0","0","0","67301","0","0","0","N","0","0","0","2","67508","0","","1.0","","1","N","N","N","0","","0","0","0","","2","","","2","0","0","0","0","0","2","2","0","2","","03","","N","","","","","","","","","",""
"2022004182","0840","1","0","0","0","0","0","0","0","0","5","1","","67","1","2022","3","40.032335","-75.213916","0840","6","0","0","0","0","0","0","0","1","","0","1","0","","","0","N","0","","40 01:56.406","5","0","75 12:50.099","0","0","0","0","67301","0","0","0","N","0","0","0","1","67301","0","","6.0","100.0","1","N","N","N","0","","0","0","0","","0","Y","","2","0","0","0","0","0","0","2","0","2","","03","","N","","","","","","","","","",""
"2022004287","1810","1","0","0","0","0","0","0","0","0","4","1","","67","1","2022","7","40.053107","-75.149927","1805","6","0","0","0","0","0","0","0","0","","0","0","0","","","3","","1","","40 03:11.185","","0","75 08:59.737","3","0","0","0","67301","0","0","0","N","0","0","0","4","67301","0","","1.0","","9","N","N","N","1","","3","0","0","","2","","","2","3","0","0","0","0","0","2","0","2","","07","","N","","","","","","","","","",""
"2022004462","2134","1","0","0","0","0","0","1","0","0","5","1","","67","1","2022","4","39.978887","-75.203358","2131","6","0","0","0","0","0","0","0","0","","0","0","0","","","2","N","0","","39 58:43.994","","0","75 12:12.087","8","0","0","0","67301","0","0","0","N","0","0","0","19","68K01","0","","1.0","","1","N","N","N","0","","0","0","0","","0","","","2","2","0","0","0","2","0","2","0","2","","","","N","","","","","","","","","",""
"2022004539","0225","1","0","0","0","0","0","0","0","0","1","1","","67","1","2022","4","40.015638","-75.176945","0214","6","0","0","0","0","0","0","0","0","","0","1","0","","","0","","3","","40 00:56.296","2","0","75 10:37.001","0","0","0","0","67301","0","0","0","N","0","0","0","2","67301","0","","1.0","245.0","1","N","N","N","0","","0","0","0","","2","Y","","2","0","0","0","0","0","0","2","0","2","","03","","N","","","","","","","","","",""
"2022004178","0940","1","0","0","0","0","0","0","0","0","5","1","","67","1","2022","5","39.91412","-75.14999","0938","6","0","0","0","0","0","0","0","0","","0","1","0","","","0","","1","","39 54:50.832","","0","75 08:59.963","0","0","0","0","67301","0","0","0","N","0","0","0","2","67301","0","","1.0","","1","N","N","N","0","","0","0","0","","2","","","2","0","2","0","0","0","0","2","0","2","","03","","N","","","","","","","","","",""