"CRN","ARRIVAL_TM","AUTOMOBILE_COUNT","BELTED_DEATH_COUNT","BELTED_SUSP_SERIOUS_INJ_COUNT","BICYCLE_COUNT","BICYCLE_DEATH_COUNT","BICYCLE_SUSP_SERIOUS_INJ_COUNT","BUS_COUNT","CHLDPAS_DEATH_COUNT","CHLDPAS_SUSP_SERIOUS_INJ_COUNT","COLLISION_TYPE","COMM_VEH_COUNT","CONS_ZONE_SPD_LIM","COUNTY","CRASH_MONTH","CRASH_YEAR","DAY_OF_WEEK","DEC_LATITUDE","DEC_LONGITUDE","DISPATCH_TM","DISTRICT","DRIVER_COUNT_16YR","DRIVER_COUNT_17YR","DRIVER_COUNT_18YR","DRIVER_COUNT_19YR","DRIVER_COUNT_20YR","DRIVER_COUNT_50_64YR","DRIVER_COUNT_65_74YR","DRIVER_COUNT_75PLUS","EST_HRS_CLOSED","FATAL_COUNT","HEAVY_TRUCK_COUNT","HORSE_BUGGY_COUNT","HOUR_OF_DAY","ILLUMINATION","INJURY_COUNT","INTERSECTION_RELATED","INTERSECT_TYPE","LANE_CLOSED","LATITUDE","LN_CLOSE_DIR","LOCATION_TYPE","LONGITUDE","MAX_SEVERITY_LEVEL","MCYCLE_DEATH_COUNT","MCYCLE_SUSP_SERIOUS_INJ_COUNT","MOTORCYCLE_COUNT","MUNICIPALITY","NONMOTR_COUNT","NONMOTR_DEATH_COUNT","NONMOTR_SUSP_SERIOUS_INJ_COUNT","NTFY_HIWY_MAINT","PED_COUNT","PED_DEATH_COUNT","PED_SUSP_SERIOUS_INJ_COUNT","PERSON_COUNT","POLICE_AGCY","POSSIBLE_INJ_COUNT","RDWY_SURF_TYPE_CD","RELATION_TO_ROAD","ROADWAY_CLEARED","ROAD_CONDITION","SCH_BUS_IND","SCH_ZONE_IND","SECONDARY_CRASH","SMALL_TRUCK_COUNT","SPEC_JURIS_CD","SUSP_MINOR_INJ_COUNT","SUSP_SERIOUS_INJ_COUNT","SUV_COUNT","TCD_FUNC_CD","TCD_TYPE","TFC_DETOUR_IND","TIME_OF_DAY","TOTAL_UNITS","TOT_INJ_COUNT","UNBELTED_OCC_COUNT","UNB_DEATH_COUNT","UNB_SUSP_SERIOUS_INJ_COUNT","UNK_INJ_DEG_COUNT","UNK_INJ_PER_COUNT","URBAN_RURAL","VAN_COUNT","VEHICLE_COUNT","WEATHER1","WEATHER2","WORKERS_PRES","WORK_ZONE_IND","WORK_ZONE_LOC","WORK_ZONE_TYPE","WZ_CLOSE_DETOUR","WZ_FLAGGER","WZ_LAW_OFFCR_IND","WZ_LN_CLOSURE","WZ_MOVING","WZ_OTHER","WZ_SHLDER_MDN","WZ_WORKERS_INJ_KILLED"
"2022004220","1605","1","0","0","0","0","0","0","0","0","99","1","","67","1","2022","2","39.919733","-75.212156","1605","6","0","0","0","0","0","0","0","0","","0","1","0","","","0","N","0","","39 55:11.040","","0","75 12:43.760","9","0","0","0","67301","0","0","0","N","0","0","0","3","67301","0","","1.0","","1","N","N","N","0","","0","0","2","","0","","","5","0","1","0","0","0","1","2","1","5","","03","","N","","","","","","","","","",""
"2022024901","0856","2","0","0","0","0","0","0","0","0","4","0","","67","3","2022","5","39.945046","-75.215299","0850","6","0","0","0","0","0","0","0","0","","0","0","0","","","1","","1","","39 56:42.164","","0","75 12:55.075","8","0","0","0","67301","0","0","0","N","0","0","0","5","67301","0","","1.0","","1","N","N","N","0","","0","0","2","","3","","","4","1","0","0","0","1","0","2","0","4","","03","","N","","","","","","","","","",""
"2022043916","0920","2","0","0","0","0","0","0","0","0","2","0","","67","5","2022","1","40.059366","-75.200937","0914","6","0","0","0","0","0","1","1","0","","0","0","0","","","1","","1","","40 03:33.719","","0","75 12:03.372","4","0","0","0","67301","0","0","0","N","0","0","0","2","67301","1","","1.0","","9","N","N","N","0","","0","0","0","","0","","","2","1","0","0","0","0","0","2","0","2","","07","","N","","","","","","","","","",""
"2022008738","1455","0","0","0","0","0","0","0","0","0","7","0","","67","1","2022","3","39.974481","-75.158723","1447","6","0","0","0","0","0","0","0","0","","0","0","0","","","1","Y","0","","39 58:28.131","5","0","75 09:31.401","8","0","0","0","67301","0","0","0","N","0","0","0","1","67505","0","","3.0","1520.0","1","N","N","N","0","","0","0","1","","2","N","","1","1","1","0","0","1","0","2","0","1","","03","","N","","","","","","","","","",""
"2022004218","1253","1","0","0","0","0","0","0","0","0","6","1","","67","1","2022","7","39.933515","-75.239366","1247","6","0","0","0","0","0","0","0","0","","0","1","0","","","3","N","0","","39 56:00.654","","0","75 14:21.719","2","0","0","0","67301","0","0","0","N","0","0","0","4","67301","0","","1.0","","1","N","N","N","0","","0","2","0","","0","","","2","3","0","0","0","1","0","2","0","2","","","","N","","","","","","","","","",""
"2022004298","1000","2","0","0","0","0","0","0","0","0","5","1","","67","1","2022","5","39.994569","-75.154323","1000","6","0","0","0","0","0","1","0","0","","0","0","0","","","1","N","0","","39 59:40.450","","0","75 09:15.563","3","0","0","0","67301","0","0","0","N","0","0","0","2","67301","0","","1.0","","1","N","N","N","1","","1","0","1","","0","","","4","1","0","0","0","0","0","2","0","4","","03","","N","","","","","","","","","",""
"2022000526","0805","0","0","0","0","0","0","1","0","0","1","1","","67","1","2022","1","40.001318","-75.215301","0750","6","0","0","0","0","0","0","0","0","","1","0","0","","","2","","5","","40 00:04.744","","0","75 12:55.083","1","0","0","0","67301","0","0","0","N","0","0","0","8","67508","0","2","1.0","","1","N","N","N","0","0","0","0","0","","2","","","2","2","0","0","0","2","1","2","1","2","","","","N","","","","","","","","","",""
"2022043716","0445","0","0","0","0","0","0","0","0","0","7","0","","67","5","2022","4","39.89876","-75.169961","0424","6","0","0","0","0","0","0","0","0","","0","0","0","","","0","N","0","","39 53:55.536","","0","75 10:11.860","0","0","0","0","67301","0","0","0","N","0","0","0","1","68K01","0","","2.0","","9","N","N","N","0","","0","0","1","","0","","","1","0","0","0","0","0","0","2","0","1","","","","N","","","","","","","","","",""
"2022016002","1923","0","0","0","0","0","0","0","0","0","4","0","","67","2","2022","2","39.936693","-75.224362","1923","6","0","1","0","1","0","0","0","0","","0","0","0","","","4","","1","","39 56:12.095","","0","75 13:27.703","8","0","0","0","67301","0","0","0","N","0","0","0","4","67301","0","","1.0","","9","N","N","N","2","","0","0","1","","2","","","3","4","4","0","0","4","0","2","0","3","","","","N","","","","","","","","","",""
"2022020600","1414","1","0","0","0","0","0","0","0","0","4","0","","67","2","2022","4","39.904061","-75.240291","1400","6","0","0","0","0","0","1","0","0","","0","0","0","","","0","","1","","39 54:14.619","","0","75 14:25.049","9","0","0","0","67301","0","0","0","N","0","0","0","2","67301","0","","1.0","","99","N","N","N","0","","0","0","1","","2","","","2","0","0","0","0","0","1","2","0","2","","","","N","","","","","","","","","",""
"2022003232","1946","1","0","0","0","0","0","0","0","0","5","1","","67","1","2022","7","40.003698","-75.077246","1933","6","0","0","0","0","0","0","0","0","","0","1","0","","","0","N","0","","40 00:13.312","","0","75 04:38.087","0","0","0","0","67301","0","0","0","N","0","0","0","2","68K01","0","","1.0","","9","N","N","N","0","","0","0","0","","0","","","2","0","0","0","0","0","0","2","0","2","","","","N","","","","","","","","","",""
"2022030745","1817","1","0","0","0","0","0","0","0","0","2","0","","67","3","2022","5","40.025346","-75.044399","1759","6","0","0","0","0","0","1","0","0","","0","0","0","","","0","N","0","","40 01:31.244","1","0","75 02:39.836","0","0","0","0","67301","0","0","0","N","0","0","0","2","67301","0","","1.0","1845.0","9","N","N","N","0","","0","0","0","","0","N","","2","0","1","0","0","0","0","2","1","2","","","","N","","","","","","","","","",""
"2022020130","1723","0","0","0","0","0","0","0","0","0","4","0","","67","2","2022","2","39.974451","-75.158729","1718","6","0","0","0","1","0","1","0","0","","0","0","0","","","2","","1","","39 58:28.024","","0","75 09:31.424","3","0","0","1","67301","0","0","0","N","0","0","0","3","67301","1","","1.0","","1","N","N","N","0","","1","0","1","","2","","","2","2","0","0","0","0","0","2","0","2","","03","","N","","","","","","","","","",""
"2022019610","1859","1","0","0","0","0","0","0","0","0","4","0","","67","2","2022","6","40.022811","-75.063831","1854","6","0","0","0","0","0","1","0","0","","0","0","0","","","1","","1","","40 01:22.119","","0","75 03:49.791","8","0","0","0","67301","0","0","0","N","0","0","0","3","67301","0","","1.0","","1","N","N","N","0","","0","0","1","","3","","","2","1","0","0","0","1","0","2","0","2","","03","","N","","","","","","","","","",""
"2022004487","1754","0","0","0","0","0","0","0","0","0","5","1","","67","1","2022","1","40.030387","-75.02202","1750","6","0","1","0","0","0","0","0","0","","0","1","0","","","0","N","0","","40 01:49.392","2","0","75 01:19.273","0","0","0","0","67301","0","0","0","N","0","0","0","4","68K01","0","","1.0","1840.0","9","N","N","N","1","","0","0","0","","0","N","","2","0","0","0","0","0","0","2","0","2","","","","N","","","","","","","","","",""
"2022050656","2115","1","0","0","0","0","0","0","0","0","8","0","","67","5","2022","1","40.038201","-75.036806","2111","6","0","0","0","0","0","0","0","0","","0","0","0","","","1","N","0","","40 02:17.522","4","0","75 02:12.502","3","0","0","0","67301","1","0","0","N","1","0","0","2","67301","0","","1.0","45.0","1","N","N","N","0","","1","0","0","","0","Y","","2","1","0","0","0","0","0","2","0","1","","01","","N","","","","","","","","","",""
"2022029202","1200","2","0","0","0","0","0","0","0","0","5","0","","67","3","2022","7","39.89516","-75.247757","1157","6","0","0","0","0","0","1","0","0","","0","0","0","","","0","N","0","","39 53:42.577","","0","75 14:51.924","9","0","0","0","67301","0","0","0","N","0","0","0","3","67301","0","","1.0","","1","N","N","N","0","","0","0","0","","0","","","2","0","0","0","0","0","2","2","0","2","","03","","N","","","","","","","","","",""
"2022023728","1655","1","0","0","0","0","0","0","0","0","6","0","","67","3","2022","4","40.052991","-74.982709","1649","6","0","0","0","0","0","1","1","0","","0","0","0","","","1","","1","","40 03:10.766","","0","74 58:57.754","3","0","0","0","67301","0","0","0","N","0","0","0","3","67301","0","","1.0","","1","N","N","Y","1","","1","0","1","","2","","","3","1","0","0","0","0","0","2","0","3","","03","","N","","","","","","","","","",""
"2022045609","0756","1","0","0","0","0","0","0","0","0","7","0","","67","5","2022","7","40.038928","-75.00884","0748","6","0","0","0","0","0","0","0","1","","0","0","0","","","1","N","0","","40 02:20.142","2","0","75 00:31.825","4","0","0","0","67301","0","0","0","N","0","0","0","1","68K01","1","","2.0","815.0","9","N","N","N","0","","0","0","0","","0","N","","1","1","0","0","0","0","0","2","0","1","","04","","N","","","","","","","","","",""
"2022019656","1152","1","0","0","0","0","0","0","0","0","0","0","","67","2","2022","7","39.984067","-75.141453","1151","6","0","0","0","0","0","0","0","0","","0","0","0","","","2","N","0","","39 59:02.640","","0","75 08:29.230","3","0","0","0","67301","0","0","0","N","0","0","0","2","67301","0","","1.0","","1","N","N","N","0","","2","0","0","","0","","","1","2","0","0","0","0","0","2","0","1","","98","","N","","","","","","","","","",""
"2022008879","1001","1","0","0","0","0","0","0","0","0","1","1","","67","1","2022","3","39.960093","-75.179613","1001","6","0","0","0","0","0","1","0","0","","0","1","0","","","1","N","0","","39 57:36.334","4","0","75 10:46.607","4","0","0","0","67301","0","0","0","N","0","0","0","3","68K01","1","","1.0","1003.0","1","N","N","N","0","","0","0","1","","0","N","","3","1","0","0","0","0","0","2","0","3","","","","N","","","","","","","","","",""
"2022001792","1442","0","0","0","0","0","0","1","0","0","8","1","","67","1","2022","2","40.0455","-75.164866","1425","6","0","0","0","0","0","0","0","0","","0","0","0","","","1","","1","","40 02:43.799","","0","75 09:53.518","4","0","0","0","67301","1","0","0","N","1","0","0","2","67508","1","","1.0","","9","N","N","N","0","","0","0","0","","2","","","2","1","0","0","0","0","0","2","0","1","","98","","N","","","","","","","","","",""
"2022008132","1113","0","0","0","0","0","0","0","0","0","1","1","","67","1","2022","7","39.967572","-75.132294","1113","6","0","0","0","0","0","1","0","0","","0","0","0","","","1","N","0","","39 58:03.258","2","0","75 07:56.259","8","0","0","0","67301","0","0","0","N","0","0","0","6","68K01","0","","1.0","1150.0","1","N","N","N","1","","0","0","2","","0","N","","3","1","1","0","0","1","0","2","0","3","","03","","N","","","","","","","","","",""
"2022043743","2015","0","0","0","0","0","0","0","0","0","4","0","","67","5","2022","1","39.979873","-75.204666","1945","6","0","0","0","0","0","0","0","0","","0","0","0","","","2","N","0","","39 58:47.544","","0","75 12:16.798","8","0","0","0","67301","0","0","0","N","0","0","0","5","68K01","0","","1.0","","1","N","N","N","0","","0","0","2","","8","","","2","2","0","0","0","2","0","2","0","2","","","","N","","","","","","","","","",""
"2022045607","1030","1","0","0","0","0","0","0","0","0","7","0","","67","5","2022","6","40.039001","-75.008014","1026","6","0","0","0","0","0","0","0","0","","0","0","0","","","0","N","0","","40 02:20.403","","0","75 00:28.849","0","0","0","0","67301","0","0","0","N","0","0","0","2","68K01","0","","4.0","","9","N","N","N","1","","0","0","0","","0","","","2","0","1","0","0","0","0","2","0","2","","07","","N","","","","","","","","","",""
"2022019577","0505","1","0","0","0","0","0","0","0","0","1","0","","67","2","2022","5","39.895878","-75.215716","0450","6","0","0","0","0","0","0","0","0","","0","0","0","","","0","N","0","","39 53:45.162","","3","75 12:56.576","0","0","0","0","67301","0","0","0","N","0","0","0","4","67301","0","","1.0","","1","N","N","N","0","","0","0","0","","0","","","2","0","1","0","0","0","0","2","1","2","","03","","N","","","","","","","","","",""
"2022032938","0240","1","0","0","0","0","0","0","0","0","4","0","","67","3","2022","5","40.022719","-75.148198","0235","6","0","0","0","0","0","0","0","0","","0","0","0","","","0","","5","","40 01:21.790","","0","75 08:53.512","9","0","0","0","67301","0","0","0","N","0","0","0","2","67301","0","","1.0","","9","N","N","Y","0","","0","0","1","","2","","","2","0","0","0","0","0","1","2","0","2","","03","","N","","","","","","","","","",""
"2022032915","1755","2","0","0","0","0","0","0","0","0","6","0","","67","4","2022","1","39.987567","-75.196753","1747","6","0","0","0","0","0","1","0","0","","0","0","0","","","1","N","0","","39 59:15.240","","0","75 11:48.310","3","0","0","0","67301","0","0","0","N","0","0","0","2","67301","0","","1.0","","1","N","N","N","0","","1","0","0","","0","","","2","1","0","0","0","0","0","2","0","2","","","","N","","","","","","","","","",""
"2022033157","0045","1","0","0","0","0","0","0","0","0","5","0","","67","4","2022","1","39.997808","-75.159931","0039","6","0","0","0","0","0","0","0","0","","0","0","0","","","0","N","0","","39 59:52.110","","0","75 09:35.750","0","0","0","0","67301","0","0","0","N","0","0","0","3","67301","0","","6.0","","1","N","N","N","0","","0","0","1","","0","","","2","0","0","0","0","0","0","2","0","2","","03","","N","","","","","","","","","",""
"2022022035","0252","2","0","0","0","0","0","0","0","0","4","0","","67","2","2022","1","39.95345","-75.206668","0252","6","0","0","0","1","0","0","0","0","","0","0","0","","","0","","1","","39 57:12.420","","0","75 12:24.004","0","0","0","0","67301","0","0","0","N","0","0","0","4","67301","0","","1.0","","1","N","Y","N","0","","0","0","0","","3","","","2","0","0","0","0","0","0","2","0","2","","","","N","","","","","","","","","",""
"2022029654","1943","1","0","0","0","0","0","0","0","0","4","0","","67","3","2022","7","39.943903","-75.225442","1939","6","0","0","0","0","0","0","1","0","","0","0","0","","","1","","1","","39 56:38.050","","0","75 13:31.591","8","0","0","0","67301","0","0","0","N","0","0","0","3","67301","0","","1.0","","1","N","N","N","0","","0","0","1","","3","","","2","1","0","0","0","1","0","2","0","2","","03","","N","","","","","","","","","",""
"2022023768","1155","0","0","0","0","0","0","0","0","0","7","0","","67","3","2022","3","39.981186","-75.177296","1155","6","0","0","0","0","0","0","0","0","","0","0","0","","","0","","1","","39 58:52.269","","0","75 10:38.265","9","0","0","0","67301","0","0","0","N","0","0","0","3","67301","0","","4.0","","1","N","N","N","0","","0","0","1","","2","","","1","0","0","0","0","0","3","2","0","1","","","","N","","","","","","","","","",""
"2022021549","1300","0","0","0","0","0","0","0","0","0","8","0","","67","2","2022","3","39.962044","-75.135727","1300","6","0","0","0","0","0","0","0","0","","0","0","0","","","2","","2","","39 57:43.358","","0","75 08:08.617","3","0","0","0","67301","2","0","0","N","2","0","0","3","67301","0","","1.0","","99","N","N","N","0","","2","0","1","","3","","","3","2","0","0","0","0","0","2","0","1","","","","N","","","","","","","","","",""
"2022032876","0939","0","0","0","0","0","0","0","0","0","4","0","","67","3","2022","5","39.938303","-75.216251","0935","6","0","0","0","0","0","1","0","1","","0","0","0","","","2","","1","","39 56:17.890","","0","75 12:58.503","8","0","0","0","67301","0","0","0","N","0","0","0","3","67301","0","","1.0","","1","N","N","N","0","","0","0","2","","2","","","2","2","1","0","0","2","1","2","0","2","","04","","N","","","","","","","","","",""
"2022051358","1803","0","0","0","0","0","0","0","0","0","4","0","","67","5","2022","3","40.025432","-75.028367","1732","6","0","0","0","0","0","0","0","0","","0","0","0","","","0","","6","","40 01:31.554","","2","75 01:42.121","9","0","0","0","67301","0","0","0","N","0","0","0","2","68K01","0","","1.0","","1","N","N","N","1","","0","0","0","","0","","","2","0","0","0","0","0","1","2","0","2","","","","N","","","","","","","","","",""
"2022020783","1155","1","0","0","0","0","0","0","0","0","4","0","","67","2","2022","1","39.983212","-75.15695","1150","6","0","0","0","1","0","0","0","0","","0","0","0","","","0","","1","","39 58:59.563","","0","75 09:25.021","0","0","0","0","67301","0","0","0","N","0","0","0","4","67505","0","","1.0","","1","N","N","N","0","","0","0","1","","2","","","2","0","0","0","0","0","0","2","0","2","","03","","N","","","","","","","","","",""
"2022048310","2020","1","0","0","0","0","0","0","0","0","1","0","","67","5","2022","7","40.107912","-75.026423","2015","6","0","0","0","0","0","1","0","1","","0","0","0","","","0","","2","","40 06:28.483","","0","75 01:35.121","0","0","0","0","67301","0","0","0","N","0","0","0","2","67301","0","","1.0","","1","N","N","N","1","","0","0","0","","2","","","2","0","0","0","0","0","0","2","0","2","","03","","N","","","","","","","","","",""
"2022026613","1735","1","0","0","0","0","0","0","0","0","5","0","","67","3","2022","3","39.98875","-75.143808","1733","6","0","0","0","0","0","0","0","0","","0","0","0","","","0","N","0","","39 59:19.500","1","0","75 08:37.710","9","0","0","0","67301","0","0","0","N","0","0","0","1","67301","0","","6.0","130.0","1","N","N","N","0","","0","0","2","","0","N","","3","0","0","0","0","0","1","2","0","3","","03","","N","","","","","","","","","",""
"2022023750","1723","0","0","0","0","0","0","0","0","0","8","0","","67","3","2022","1","40.055766","-75.158873","1718","6","0","0","0","0","0","0","0","0","","0","0","0","","","1","","1","","40 03:20.759","","0","75 09:31.942","3","0","0","0","67301","1","0","0","N","1","0","0","2","67301","0","","1.0","","1","N","N","N","0","","1","0","1","","2","","","2","1","0","0","0","0","0","2","0","1","","98","","N","","","","","","","","","",""
"2022029194","1735","1","0","0","1","0","0","0","0","0","8","0","","67","3","2022","6","39.962897","-75.164611","1725","6","0","0","0","0","0","0","0","0","","0","0","0","","","1","","1","","39 57:46.429","","0","75 09:52.598","3","0","0","0","67301","1","0","0","N","0","0","0","2","67301","0","","1.0","","1","N","N","N","0","","1","0","0","","2","","","2","1","0","0","0","0","0","2","0","1","","03","","N","","","","","","","","","",""
"2022048176","1206","1","0","0","0","0","0","0","0","0","1","1","","67","4","2022","7","40.024627","-75.030488","1206","6","1","0","0","0","0","0","0","0","","0","0","0","","","1","N","0","","40 01:28.658","5","0","75 01:49.757","3","0","0","0","67301","0","0","0","N","0","0","0","2","68Z99","0","","1.0","1220.0","1","N","N","N","1","","1","0","0","","0","Y","","2","1","0","0","0","0","0","2","0","2","","03","","N","","","","","","","","","",""
"2022033251","1340","1","0","0","0","0","0","0","0","0","4","0","","67","4","2022","1","39.927908","-75.167871","1328","6","0","0","0","0","1","0","1","0","","0","0","0","","","0","","2","","39 55:40.469","","0","75 10:04.337","0","0","0","0","67301","0","0","0","N","0","0","0","2","67301","0","","1.0","","9","N","N","N","1","","0","0","0","","3","","","2","0","0","0","0","0","0","2","0","2","","","","N","","","","","","","","","",""
"2022050591","1900","0","0","0","0","0","0","0","0","0","4","0","","67","5","2022","3","39.908412","-75.173489","1855","6","0","0","0","0","0","0","0","0","","1","0","0","","","0","N","0","","39 54:30.283","2","7","75 10:24.560","1","1","0","1","67301","0","0","0","N","0","0","0","2","67301","0","2","1.0","100.0","1","N","N","N","0","0","0","0","1","","0","N","","2","0","0","0","0","0","0","2","0","2","","","","N","","","","","","","","","",""
"2022051891","0031","1","0","0","0","0","0","0","0","0","7","0","","67","6","2022","7","40.062588","-75.17079","0029","6","0","0","0","0","0","0","0","0","","0","0","0","","","4","","1","","40 03:45.318","","0","75 10:14.844","3","0","0","0","67301","0","0","0","N","0","0","0","5","67301","0","","5.0","","1","N","N","N","0","","4","0","0","","2","","","1","4","0","0","0","0","1","2","0","1","","","","N","","","","","","","","","",""
"2022029237","0827","1","0","0","0","0","0","0","0","0","1","0","","67","3","2022","2","39.950992","-75.239383","0817","6","0","0","0","0","0","0","0","0","","0","0","0","","","0","N","0","","39 57:03.570","3","0","75 14:21.780","0","0","0","0","67301","0","0","0","N","0","0","0","2","67301","0","","6.0","945.0","1","N","N","N","1","","0","0","0","","0","N","","2","0","0","0","0","0","0","2","0","2","","03","","N","","","","","","","","","",""
"2022043535","0530","1","0","0","0","0","0","0","0","0","7","0","","67","3","2022","5","40.030782","-75.021846","0509","6","0","0","0","0","0","1","0","0","","0","0","0","","","0","N","0","","40 01:50.815","2","3","75 01:18.644","0","0","0","0","67301","0","0","0","N","0","0","0","1","68K01","0","","2.0","600.0","9","N","N","N","0","","0","0","0","","0","N","","1","0","0","0","0","0","0","2","0","1","","","","N","","","","","","","","","",""
"2022049115","0714","1","0","0","0","0","0","0","0","0","5","0","","67","5","2022","7","40.034406","-75.019052","0706","6","0","0","0","0","0","0","0","0","","0","0","0","","","1","N","0","","40 02:03.863","1","0","75 01:08.586","4","0","0","0","67301","0","0","0","N","0","0","0","2","68K01","1","","1.0","721.0","1","N","N","N","0","","0","0","0","","0","N","","2","1","1","0","0","0","1","2","0","2","","05","","N","","","","","","","","","",""
"2022023943","1756","0","0","0","0","0","0","0","0","0","7","0","","67","3","2022","3","39.980445","-75.159234","1755","6","0","0","0","0","0","1","0","0","","0","0","0","","","0","","1","","39 58:49.603","","0","75 09:33.243","0","0","0","0","67301","0","0","0","N","0","0","0","1","67505","0","","4.0","","1","N","N","N","0","","0","0","0","","2","","","1","0","0","0","0","0","0","2","1","1","","03","","N","","","","","","","","","",""
"2022045606","0735","1","0","0","0","0","0","0","0","0","5","0","","67","5","2022","3","39.893902","-75.195594","0718","6","0","0","0","0","0","1","0","0","","0","0","0","","","2","N","0","","39 53:38.048","2","3","75 11:44.137","4","0","0","0","67301","0","0","0","N","0","0","0","3","68K01","2","","1.0","820.0","1","N","N","N","0","","0","0","2","","0","N","","3","2","0","0","0","0","0","2","0","3","","","","N","","","","","","","","","",""
"2022041828","1446","2","0","0","0","0","0","0","0","0","5","0","","67","3","2022","7","40.040462","-75.005458","1425","6","0","0","0","0","0","0","0","0","","0","0","0","","","0","N","0","","40 02:25.664","1","0","75 00:19.647","0","0","0","0","67301","0","0","0","N","0","0","0","2","68K01","0","","1.0","1510.0","1","N","N","N","0","","0","0","0","","0","Y","","2","0","0","0","0","0","0","2","0","2","","","","N","","","","","","","","","",""
"2022045062","0920","0","0","0","0","0","0","0","0","0","7","0","","67","5","2022","6","40.130882","-75.014564","0918","6","0","0","0","0","0","0","0","0","","0","0","0","","","1","N","0","","40 07:51.174","","0","75 00:52.431","3","0","0","0","67301","0","0","0","N","0","0","0","1","67301","0","","5.0","","9","N","N","N","0","","1","0","1","","0","","","1","1","0","0","0","0","0","2","0","1","","","","N","","","","","","","","","",""
"2022032858","1212","1","0","0","0","0","0","0","0","0","5","0","","67","4","2022","7","39.955731","-75.157444","1202","6","0","0","0","0","0","0","0","0","","0","0","0","","","0","N","0","","39 57:20.630","","0","75 09:26.800","0","0","0","0","67301","0","0","0","N","0","0","0","1","67301","0","","6.0","","1","N","N","N","0","","0","0","1","","0","","","2","0","0","0","0","0","0","2","0","2","","03","","N","","","","","","","","","",""
"2022029289","1544","0","0","0","0","0","0","0","0","0","4","0","","67","3","2022","3","40.013136","-75.156924","1535","6","0","0","0","0","0","1","0","0","","0","0","0","","","2","","1","","40 00:47.289","","0","75 09:24.926","3","0","0","0","67301","0","0","0","N","0","0","0","4","67301","0","","1.0","","1","N","Y","N","0","","2","0","2","","3","","","3","2","1","0","0","0","1","2","1","3","","03","","N","","","","","","","","","",""
"2022044343","1815","3","0","0","0","0","0","0","0","0","4","0","","67","1","2022","2","40.028383","-75.050172","1805","6","0","0","0","0","0","1","0","0","","0","0","0","","","0","","2","","40 01:42.178","","0","75 03:00.619","0","0","0","0","67301","0","0","0","N","0","0","0","3","67301","0","","1.0","","1","N","N","Y","0","","0","0","0","","3","","","3","0","1","0","0","0","0","2","0","3","","03","","N","","","","","","","","","",""
"2022033020","0001","0","0","0","0","0","0","0","0","0","1","0","","67","4","2022","2","40.021538","-75.139814","0000","6","0","0","0","0","0","0","0","0","","0","0","0","","","2","","1","","40 01:17.537","2","0","75 08:23.331","4","0","0","0","67301","0","0","0","N","0","0","0","2","67301","2","","1.0","40.0","1","N","N","N","0","","0","0","2","","2","N","","2","2","0","0","0","0","0","2","0","2","","03","","N","","","","","","","","","",""
"2022044367","1333","0","0","0","0","0","0","0","0","0","4","0","","67","3","2022","2","39.910729","-75.165661","1314","6","0","0","0","0","0","1","0","0","","0","0","0","","","1","","1","","39 54:38.625","","0","75 09:56.378","8","0","0","0","67301","0","0","0","N","0","0","0","2","68K01","0","","1.0","","1","N","N","N","0","","0","0","2","","2","","","2","1","1","0","0","1","0","2","0","2","","","","N","","","","","","","","","",""
"2022023725","2035","1","0","0","0","0","0","0","0","0","1","0","","67","3","2022","4","40.056814","-75.047008","2032","6","0","0","0","0","0","0","0","0","","0","0","0","","","0","","1","","40 03:24.532","","0","75 02:49.228","0","0","0","0","67301","0","0","0","N","0","0","0","4","67301","0","","1.0","","1","N","N","N","0","","0","0","3","","2","","","4","0","0","0","0","0","0","2","0","4","","03","","N","","","","","","","","","",""
"2022052420","1006","1","0","0","0","0","0","0","0","0","1","0","","67","5","2022","1","39.956918","-75.152873","1000","6","0","0","0","0","0","0","0","0","","0","0","0","","","1","N","0","","39 57:24.903","3","0","75 09:10.342","3","0","0","0","67301","0","0","0","N","0","0","0","2","68K01","0","","1.0","1050.0","1","N","N","N","0","","1","0","0","","0","N","","2","1","0","0","0","0","0","2","1","2","","","","N","","","","","","","","","",""
"2022023726","1015","0","0","0","0","0","0","0","0","0","4","0","","67","3","2022","6","40.084453","-75.038374","1008","6","0","0","0","0","0","0","0","0","","0","0","0","","","2","","1","","40 05:04.029","1","0","75 02:18.148","4","0","0","0","67301","0","0","0","N","0","0","0","5","67301","2","","1.0","1100.0","1","N","N","N","0","","0","0","1","","2","Y","","2","2","0","0","0","0","0","2","1","2","","03","","N","","","","","","","","","",""
"2022032930","0043","1","0","0","0","0","0","0","0","0","1","0","","67","4","2022","7","39.969468","-75.139562","0040","6","0","0","0","0","0","0","0","0","","0","0","0","","","0","","5","","39 58:10.083","","0","75 08:22.422","9","0","0","0","67301","0","0","0","N","0","0","0","4","67301","0","","1.0","","1","N","N","N","0","","0","0","1","","2","","","2","0","0","0","0","0","2","2","0","2","","03","","N","","","","","","","","","",""
"2022015762","2255","1","0","0","0","0","0","0","0","0","4","0","","67","2","2022","3","39.977298","-75.158241","2250","6","0","0","0","0","0","0","0","0","","0","0","0","","","0","","1","","39 58:38.272","","0","75 09:29.666","0","0","0","0","67301","0","0","0","N","0","0","0","2","67301","0","","1.0","","1","N","N","N","0","","0","0","1","","2","","","2","0","0","0","0","0","0","2","0","2","","","","N","","","","","","","","","",""