"CRN","ARRIVAL_TM","AUTOMOBILE_COUNT","BELTED_DEATH_COUNT","BELTED_SUSP_SERIOUS_INJ_COUNT","BICYCLE_COUNT","BICYCLE_DEATH_COUNT","BICYCLE_SUSP_SERIOUS_INJ_COUNT","BUS_COUNT","CHLDPAS_DEATH_COUNT","CHLDPAS_SUSP_SERIOUS_INJ_COUNT","COLLISION_TYPE","COMM_VEH_COUNT","CONS_ZONE_SPD_LIM","COUNTY","CRASH_MONTH","CRASH_YEAR","DAY_OF_WEEK","DEC_LATITUDE","DEC_LONGITUDE","DISPATCH_TM","DISTRICT","DRIVER_COUNT_16YR","DRIVER_COUNT_17YR","DRIVER_COUNT_18YR","DRIVER_COUNT_19YR","DRIVER_COUNT_20YR","DRIVER_COUNT_50_64YR","DRIVER_COUNT_65_74YR","DRIVER_COUNT_75PLUS","EST_HRS_CLOSED","FATAL_COUNT","HEAVY_TRUCK_COUNT","HORSE_BUGGY_COUNT","HOUR_OF_DAY","ILLUMINATION","INJURY_COUNT","INTERSECTION_RELATED","INTERSECT_TYPE","LANE_CLOSED","LATITUDE","LN_CLOSE_DIR","LOCATION_TYPE","LONGITUDE","MAX_SEVERITY_LEVEL","MCYCLE_DEATH_COUNT","MCYCLE_SUSP_SERIOUS_INJ_COUNT","MOTORCYCLE_COUNT","MUNICIPALITY","NONMOTR_COUNT","NONMOTR_DEATH_COUNT","NONMOTR_SUSP_SERIOUS_INJ_COUNT","NTFY_HIWY_MAINT","PED_COUNT","PED_DEATH_COUNT","PED_SUSP_SERIOUS_INJ_COUNT","PERSON_COUNT","POLICE_AGCY","POSSIBLE_INJ_COUNT","RDWY_SURF_TYPE_CD","RELATION_TO_ROAD","ROADWAY_CLEARED","ROAD_CONDITION","SCH_BUS_IND","SCH_ZONE_IND","SECONDARY_CRASH","SMALL_TRUCK_COUNT","SPEC_JURIS_CD","SUSP_MINOR_INJ_COUNT","SUSP_SERIOUS_INJ_COUNT","SUV_COUNT","TCD_FUNC_CD","TCD_TYPE","TFC_DETOUR_IND","TIME_OF_DAY","TOTAL_UNITS","TOT_INJ_COUNT","UNBELTED_OCC_COUNT","UNB_DEATH_COUNT","UNB_SUSP_SERIOUS_INJ_COUNT","UNK_INJ_DEG_COUNT","UNK_INJ_PER_COUNT","URBAN_RURAL","VAN_COUNT","VEHICLE_COUNT","WEATHER1","WEATHER2","WORKERS_PRES","WORK_ZONE_IND","WORK_ZONE_LOC","WORK_ZONE_TYPE","WZ_CLOSE_DETOUR","WZ_FLAGGER","WZ_LAW_OFFCR_IND","WZ_LN_CLOSURE","WZ_MOVING","WZ_OTHER","WZ_SHLDER_MDN","WZ_WORKERS_INJ_KILLED"
"2022030728","0908","1","0","0","0","0","0","0","0","0","5","0","","67","3","2022","5","39.981394","-75.146869","0908","6","0","0","0","0","0","0","1","0","","0","0","0","","","0","N","0","","39 58:53.020","","0","75 08:48.730","0","0","0","0","67301","0","0","0","N","0","0","0","1","67301","0","","6.0","","9","N","N","N","0","","0","0","1","","0","","","2","0","1","0","0","0","0","2","0","2","","","","N","","","","","","","","","",""
"2022020677","0216","1","0","0","0","0","0","0","0","0","5","0","","67","2","2022","7","40.113294","-75.026861","0213","6","0","0","0","0","0","0","0","0","","0","0","0","","","0","N","0","","40 06:47.860","","0","75 01:36.700","0","0","0","0","67301","0","0","0","N","0","0","0","1","67301","0","","6.0","","1","N","N","N","0","","0","0","2","","0","","","4","0","0","0","0","0","0","2","1","4","","03","","N","","","","","","","","","",""
"2022050575","1636","0","0","0","0","0","0","0","0","0","4","1","","67","5","2022","1","40.043679","-75.149791","1633","6","0","0","0","0","0","0","0","0","","0","1","0","","","1","","1","","40 02:37.244","","0","75 08:59.247","3","0","0","0","67301","0","0","0","N","0","0","0","2","67301","0","","1.0","","1","N","N","N","0","","1","0","1","","2","","","2","1","2","0","0","0","1","2","0","2","","03","","N","","","","","","","","","",""
"2022016265","2210","0","0","0","0","0","0","0","0","0","8","0","","67","2","2022","3","39.966585","-75.213525","2200","6","0","0","0","0","0","0","0","0","","0","0","0","","","1","","1","","39 57:59.705","","0","75 12:48.690","3","0","0","0","67301","1","0","0","N","1","0","0","2","67301","0","","1.0","","1","N","N","N","0","","1","0","1","","2","","","2","1","0","0","0","0","0","2","0","1","","03","","N","","","","","","","","","",""
"2022046424","0036","0","0","0","0","0","0","0","0","0","2","0","","67","3","2022","2","39.996537","-75.113982","9999","6","0","0","0","0","0","0","0","0","","0","0","0","","","0","N","0","","39 59:47.534","","0","75 06:50.335","0","0","0","0","67301","0","0","0","N","0","0","0","3","67508","0","","1.0","","1","N","N","N","0","","0","0","0","","0","","","2","0","0","0","0","0","0","2","1","2","","03","","N","","","","","","","","","",""
"2022016313","1155","0","0","0","0","0","0","0","0","0","8","0","","67","2","2022","1","40.030657","-75.052173","1149","6","0","0","0","0","0","0","0","0","","0","0","0","","","1","","1","","40 01:50.365","","0","75 03:07.822","8","0","0","0","67301","1","0","0","N","1","0","0","2","67301","0","","1.0","","9","N","N","N","0","","0","0","0","","3","","","2","1","0","0","0","1","0","2","1","1","","10","","N","","","","","","","","","",""
"2022029228","2120","0","0","0","0","0","0","0","0","0","8","0","","67","3","2022","7","39.974263","-75.212475","2114","6","0","0","0","0","0","0","0","0","","0","0","0","","","1","N","0","","39 58:27.345","","0","75 12:44.909","8","0","0","0","67301","1","0","0","N","1","0","0","2","67301","0","","1.0","","9","N","N","N","0","","0","0","0","","0","","","2","1","0","0","0","1","0","2","0","1","","","","N","","","","","","","","","",""
"2022043926","1305","2","0","0","0","0","0","0","0","0","1","0","","67","4","2022","2","40.040501","-75.047356","1305","6","0","0","0","0","0","0","0","0","","0","0","0","","","2","","1","","40 02:25.802","","0","75 02:50.481","4","0","0","0","67301","0","0","0","N","0","0","0","3","67301","2","","1.0","","1","N","N","N","0","","0","0","0","","2","","","2","2","0","0","0","0","0","2","0","2","","","","N","","","","","","","","","",""
"2022020771","1830","1","0","0","0","0","0","0","0","0","8","0","","67","2","2022","2","39.998509","-75.129281","1830","6","0","0","0","0","0","0","0","0","","0","0","0","","","1","","1","","39 59:54.633","","0","75 07:45.412","3","0","0","0","67301","1","0","0","N","1","0","0","2","67301","0","","1.0","","9","N","N","N","0","","1","0","0","","2","","","2","1","0","0","0","0","0","2","0","1","","07","","N","","","","","","","","","",""
"2022019611","0328","1","0","0","0","0","0","0","0","0","4","0","","67","2","2022","1","40.007909","-75.0852","0324","6","0","0","0","0","0","0","0","0","","0","0","0","","","2","","2","","40 00:28.472","5","0","75 05:06.719","3","0","0","0","67301","0","0","0","N","0","0","0","2","67301","1","","1.0","355.0","1","N","N","N","0","","1","0","1","","3","N","","2","2","0","0","0","0","0","2","0","2","","03","","N","","","","","","","","","",""
"2022045497","0220","1","0","0","0","0","0","0","0","0","0","0","","67","5","2022","1","39.894671","-75.229564","0210","6","0","0","0","0","0","0","0","0","","0","0","0","","","1","N","0","","39 53:40.814","","0","75 13:46.430","3","0","0","0","67301","0","0","0","N","0","0","0","1","67301","0","","9.0","","9","N","N","N","0","","1","0","0","","2","","","1","1","0","0","0","0","0","2","0","1","","05","","N","","","","","","","","","",""
"2022050541","0112","2","0","0","0","0","0","0","0","0","4","0","","67","5","2022","1","40.018919","-75.049508","0110","6","0","0","0","0","0","0","0","0","","0","0","0","","","3","","1","","40 01:08.110","","0","75 02:58.228","3","0","0","0","67301","0","0","0","N","0","0","0","4","67301","0","","1.0","","1","N","N","N","0","","3","0","0","","3","","","2","3","0","0","0","0","0","2","0","2","","03","","N","","","","","","","","","",""
"2022015817","0055","1","0","0","0","0","0","0","0","0","1","0","","67","2","2022","7","40.020246","-75.152805","0049","6","0","0","0","0","0","0","0","0","","0","0","0","","","1","N","0","","40 01:12.886","","0","75 09:10.097","3","0","0","0","67301","0","0","0","N","0","0","0","2","67301","0","","1.0","","1","N","N","N","0","","1","0","1","","0","","","2","1","0","0","0","0","0","2","0","2","","03","","N","","","","","","","","","",""
"2022025801","2013","1","0","0","0","0","0","0","0","0","4","0","","67","3","2022","4","40.007469","-75.094305","2013","6","0","0","0","0","0","0","0","0","","0","0","0","","","0","","1","","40 00:26.888","","0","75 05:39.498","0","0","0","0","67301","0","0","0","N","0","0","0","2","67301","0","","1.0","","9","N","N","N","0","","0","0","1","","3","","","2","0","2","0","0","0","0","2","0","2","","07","","N","","","","","","","","","",""
"2022049292","2114","0","0","0","1","0","0","0","0","0","8","0","","67","4","2022","3","39.970909","-75.240914","2113","6","0","0","0","0","0","0","0","0","","0","0","0","","","1","","1","","39 58:15.274","","0","75 14:27.291","3","0","0","0","67301","1","0","0","N","0","0","0","2","67301","0","","1.0","","1","N","N","N","0","","1","0","1","","2","","","2","1","0","0","0","0","0","2","0","1","","","","N","","","","","","","","","",""
"2022020226","1948","0","0","0","0","0","0","0","0","0","8","0","","67","2","2022","5","40.062234","-75.151763","1942","6","0","0","0","0","0","0","0","0","","0","0","0","","","1","","1","","40 03:44.042","","0","75 09:06.346","3","0","0","0","67301","1","0","0","N","1","0","0","2","67301","0","","1.0","","1","N","N","N","0","","1","0","0","","2","","","2","1","0","0","0","0","0","2","0","1","","03","","N","","","","","","","","","",""
"2022030860","1015","1","0","0","0","0","0","0","0","0","99","0","","67","3","2022","1","39.972923","-75.170763","1015","6","0","0","0","0","0","0","0","0","","0","0","0","","","0","N","0","","39 58:22.522","","0","75 10:14.747","9","0","0","0","67301","0","0","0","N","0","0","0","1","67301","0","","9.0","","1","N","N","N","0","","0","0","0","","0","","","1","0","0","0","0","0","1","2","0","1","","04","","N","","","","","","","","","",""
"2022045305","0410","1","0","0","0","0","0","0","0","0","4","1","","67","4","2022","1","39.971881","-75.162714","0409","6","0","0","0","0","0","0","0","0","","0","1","0","","","5","","1","","39 58:18.772","7","0","75 09:45.770","8","0","0","0","67301","0","0","0","N","0","0","0","6","67301","0","","1.0","454.0","1","N","N","N","0","","0","0","2","","2","Y","","4","5","0","0","0","5","1","2","0","4","","03","","N","","","","","","","","","",""
"2022020321","2232","0","0","0","0","0","0","0","0","0","8","0","","67","2","2022","5","40.048104","-75.150918","2232","6","0","0","0","0","0","0","0","0","","0","0","0","","","1","","1","","40 02:53.174","","0","75 09:03.304","3","0","0","0","67301","1","0","0","N","1","0","0","2","67301","0","","1.0","","99","N","N","N","0","","1","0","0","","2","","","2","1","0","0","0","0","1","2","0","1","","","","N","","","","","","","","","",""
"2022044027","0742","1","0","0","0","0","0","0","0","0","4","0","","67","4","2022","2","39.992957","-75.110258","0734","6","0","0","0","0","0","0","0","0","","0","0","0","","","2","","1","","39 59:34.645","","0","75 06:36.928","3","0","0","0","67301","0","0","0","N","0","0","0","3","67301","0","","1.0","","1","N","N","N","0","","2","0","1","","2","","","2","2","2","0","0","0","0","2","0","2","","","","N","","","","","","","","","",""
"2022044916","1121","0","0","0","0","0","0","0","0","0","8","0","","67","1","2022","5","40.044806","-75.149611","1120","6","0","0","0","0","0","0","0","0","","0","0","0","","","1","N","0","","40 02:41.300","","0","75 08:58.600","3","0","0","0","67301","1","0","0","N","1","0","0","2","67301","0","","1.0","","1","N","N","N","0","","1","0","1","","0","","","2","1","0","0","0","0","0","2","0","1","","03","","N","","","","","","","","","",""
"2022016684","0413","1","0","0","0","0","0","0","0","0","1","0","","67","2","2022","7","39.954494","-75.205575","0413","6","0","0","0","0","0","0","0","0","","0","0","0","","","1","N","0","","39 57:16.177","","0","75 12:20.069","3","0","0","0","67301","0","0","0","N","0","0","0","1","67504","0","","6.0","","1","N","N","N","1","","1","0","2","","0","","","4","1","0","0","0","0","0","2","0","4","","03","","N","","","","","","","","","",""
"2022020887","0358","2","0","0","0","0","0","0","0","0","5","0","","67","2","2022","1","40.032208","-75.081649","0358","6","0","0","0","0","0","0","0","0","","0","0","0","","","0","N","0","","40 01:55.950","1","0","75 04:53.937","0","0","0","0","67301","0","0","0","N","0","0","0","2","67301","0","","1.0","530.0","1","N","N","N","0","","0","0","0","","0","N","","2","0","0","0","0","0","0","2","0","2","","03","","N","","","","","","","","","",""
"2022031371","1914","1","0","0","0","0","0","0","0","0","4","0","","67","3","2022","3","40.045609","-75.056416","1904","6","0","0","0","0","1","0","0","0","","0","0","0","","","0","","2","","40 02:44.193","","7","75 03:23.098","0","0","0","0","67301","0","0","0","N","0","0","0","2","67301","0","","1.0","","1","N","N","N","0","","0","0","1","","2","","","2","0","0","0","0","0","0","2","0","2","","","","N","","","","","","","","","",""
"2022036153","2237","2","0","0","0","0","0","0","0","0","1","0","","67","4","2022","6","39.953725","-75.139316","2237","6","0","0","0","0","1","0","0","0","","0","0","0","","","1","N","0","","39 57:13.409","","3","75 08:21.537","8","0","0","0","67301","0","0","0","N","0","0","0","4","67501","0","","1.0","","1","N","N","N","0","","0","0","0","","1","","","2","1","0","0","0","1","0","2","0","2","","","","N","","","","","","","","","",""
"2022025639","2205","1","0","0","0","0","0","0","0","0","5","0","","67","3","2022","7","39.972427","-75.175423","2201","6","0","0","0","0","0","0","0","1","","0","0","0","","","1","N","0","","39 58:20.738","","0","75 10:31.522","3","0","0","0","67301","0","0","0","N","0","0","0","1","67301","0","","6.0","","1","N","N","N","0","","1","0","2","","0","","","3","1","0","0","0","0","0","2","0","3","","03","","N","","","","","","","","","",""
"2022044067","1718","0","0","0","0","0","0","0","0","0","8","0","","67","4","2022","5","39.965407","-75.132698","1716","6","0","0","0","0","0","0","0","0","","0","0","0","","","1","N","0","","39 57:55.464","","0","75 07:57.714","3","0","0","0","67301","1","0","0","N","1","0","0","2","67301","0","","1.0","","1","N","N","N","0","","1","0","1","","0","","","2","1","0","0","0","0","0","2","0","1","","","","N","","","","","","","","","",""
"2022023770","2230","1","0","0","0","0","0","0","0","0","1","0","","67","3","2022","5","39.974664","-75.184304","2230","6","0","0","0","0","0","0","0","0","","0","0","0","","","0","N","0","","39 58:28.789","4","0","75 11:03.493","0","0","0","0","67301","0","0","0","N","0","0","0","1","67301","0","","1.0","2350.0","1","N","N","N","0","","0","0","1","","0","Y","","2","0","1","0","0","0","0","2","0","2","","03","","N","","","","","","","","","",""
"2022030010","2128","3","0","0","0","0","0","0","0","0","4","0","","67","3","2022","4","40.01207","-75.112176","2125","6","0","0","0","0","0","0","0","0","","0","0","0","","","0","","1","","40 00:43.452","","0","75 06:43.833","9","0","0","0","67301","0","0","0","N","0","0","0","3","67301","0","","1.0","","9","N","N","N","0","","0","0","0","","2","","","3","0","0","0","0","0","1","2","0","3","","07","","N","","","","","","","","","",""
"2022026846","0926","1","0","0","0","0","0","0","0","0","8","0","","67","3","2022","4","39.927855","-75.237036","0923","6","0","0","0","0","0","0","0","0","","0","0","0","","","1","","1","","39 55:40.278","","0","75 14:13.330","3","0","0","0","67301","1","0","0","N","1","0","0","2","67301","0","","1.0","","1","N","N","N","0","","1","0","0","","2","","","2","1","0","0","0","0","0","2","0","1","","98","","N","","","","","","","","","",""
"2022043825","1910","2","0","0","0","0","0","0","0","0","5","0","","67","4","2022","1","39.948084","-75.149392","1906","6","0","0","0","0","0","0","0","0","","0","0","0","","","1","N","0","","39 56:53.101","1","0","75 08:57.811","3","0","0","0","67301","0","0","0","N","0","0","0","1","67301","0","","6.0","200.0","1","N","N","N","0","","1","0","0","","0","N","","2","1","1","0","0","0","0","2","0","2","","03","","N","","","","","","","","","",""
"2022043962","2110","0","0","0","1","0","0","0","0","0","8","0","","67","5","2022","3","39.939283","-75.178237","2110","6","0","0","0","0","0","0","0","0","","0","0","0","","","1","","1","","39 56:21.417","","0","75 10:41.654","3","0","0","0","67301","1","0","0","N","0","0","0","2","67301","0","","1.0","","1","N","N","N","1","","1","0","0","","2","","","2","1","0","0","0","0","0","2","0","1","","","","N","","","","","","","","","",""
"2022030481","2017","0","0","0","0","0","0","0","0","0","1","0","","67","3","2022","1","40.069094","-75.052097","2013","6","0","0","0","0","0","0","1","0","","0","0","0","","","1","N","0","","40 04:08.740","5","0","75 03:07.550","3","0","0","0","67301","0","0","0","N","0","0","0","1","67301","0","","6.0","2205.0","1","N","N","N","0","","1","0","2","","0","Y","","2","1","0","0","0","0","0","2","0","2","","","","N","","","","","","","","","",""
"2022029282","1716","1","0","0","0","0","0","0","0","0","8","0","","67","3","2022","3","40.054821","-75.152728","1710","6","0","0","0","0","0","0","0","0","","0","0","0","","","1","","1","","40 03:17.355","","0","75 09:09.820","3","0","0","0","67301","1","0","0","N","1","0","0","2","67301","0","","1.0","","1","N","N","N","0","","1","0","0","","2","","","2","1","0","0","0","0","0","2","0","1","","","","N","","","","","","","","","",""
"2022019645","0339","0","0","0","0","0","0","0","0","0","4","0","","67","2","2022","4","40.003019","-75.127646","0332","6","0","0","0","0","0","1","0","0","","0","0","0","","","0","","1","","40 00:10.868","7","0","75 07:39.525","9","0","0","0","67301","0","0","0","N","0","0","0","2","67301","0","","1.0","515.0","1","N","N","N","0","","0","0","3","","3","N","","3","0","0","0","0","0","1","2","0","3","","03","","N","","","","","","","","","",""
"2022041392","0032","1","0","0","0","0","0","0","0","0","7","0","","67","4","2022","1","40.031181","-75.021428","0019","6","0","0","0","0","0","0","0","0","","0","0","0","","","0","N","0","","40 01:52.250","2","0","75 01:17.140","0","0","0","0","67301","0","0","0","N","0","0","0","1","68K01","0","","4.0","110.0","9","N","N","N","0","","0","0","0","","0","Y","","1","0","0","0","0","0","0","2","0","1","","","","N","","","","","","","","","",""
"2022015764","2251","3","0","0","0","0","0","0","0","0","3","0","","67","2","2022","3","39.980611","-75.140806","2245","6","0","0","0","0","0","0","0","0","","0","0","0","","","0","N","0","","39 58:50.200","","0","75 08:26.900","0","0","0","0","67301","0","0","0","N","0","0","0","1","67301","0","","6.0","","99","N","N","N","0","","0","0","1","","0","","","4","0","0","0","0","0","0","2","0","4","","03","","N","","","","","","","","","",""
"2022024039","1812","1","0","0","0","0","0","0","0","0","5","0","","67","3","2022","6","39.956619","-75.142812","1743","6","0","0","0","0","0","0","1","0","","0","0","0","","","1","N","0","","39 57:23.827","","8","75 08:34.123","8","0","0","0","67301","0","0","0","N","0","0","0","2","68K01","0","","1.0","","1","N","N","N","1","","0","0","0","","0","","","2","1","0","0","0","1","0","2","0","2","","","","N","","","","","","","","","",""
"2022032879","0318","1","0","0","0","0","0","0","0","0","4","0","","67","4","2022","7","39.918516","-75.208181","0317","6","0","0","0","0","0","0","0","0","","0","0","0","","","2","N","0","","39 55:06.657","","7","75 12:29.451","3","0","0","0","67301","0","0","0","N","0","0","0","3","67301","0","","1.0","","1","N","N","N","0","","2","0","1","","0","","","2","2","0","0","0","0","0","2","0","2","","","","N","","","","","","","","","",""
"2022043818","0800","2","0","0","0","0","0","0","0","0","4","0","","67","4","2022","3","40.031615","-75.207632","0749","6","0","0","0","0","0","0","0","0","","0","0","0","","","1","","1","","40 01:53.814","","0","75 12:27.475","4","0","0","0","67301","0","0","0","N","0","0","0","3","67301","1","","1.0","","1","N","N","N","0","","0","0","1","","2","","","3","1","0","0","0","0","0","2","0","3","","03","","N","","","","","","","","","",""
"2022043792","1047","0","0","0","0","0","0","0","0","0","4","0","","67","4","2022","7","39.925405","-75.177655","1045","6","0","0","0","0","0","0","0","0","","0","0","0","","","0","","1","","39 55:31.459","","0","75 10:39.557","0","0","0","0","67301","0","0","0","N","0","0","0","2","67301","0","","1.0","","1","N","N","N","0","","0","0","2","","2","","","2","0","0","0","0","0","0","2","0","2","","","","N","","","","","","","","","",""
"2022032868","1530","1","0","0","0","0","0","0","0","0","4","0","","67","3","2022","5","40.08044","-74.977146","1530","6","0","0","0","0","0","1","0","0","","0","0","0","","","1","","1","","40 04:49.584","","0","74 58:37.727","3","0","0","0","67301","0","0","0","N","0","0","0","3","67301","0","","1.0","","1","N","N","N","0","","1","0","1","","2","","","2","1","0","0","0","0","0","2","0","2","","04","","N","","","","","","","","","",""
"2022034497","0003","1","0","0","0","0","0","0","0","0","7","0","","67","2","2022","3","39.990285","-75.205107","2355","6","0","0","0","0","0","0","0","0","","0","0","0","","","1","N","0","","39 59:25.026","3","0","75 12:18.384","2","0","0","0","67301","0","0","0","N","0","0","0","2","68K01","0","","3.0","400.0","1","N","N","Y","0","","0","1","1","","0","N","","2","1","0","0","0","0","0","2","0","2","","","","N","","","","","","","","","",""
"2022046421","1800","0","0","0","0","0","0","1","0","0","5","1","","67","5","2022","3","","","1744","6","0","0","0","0","0","0","0","0","","0","0","0","","","1","","1","","","","0","","8","0","0","0","67301","0","0","0","N","0","0","0","2","67508","0","","1.0","","1","N","N","Y","0","","0","0","1","","0","","","2","1","0","0","0","1","0","1","0","2","","03","","N","","","","","","","","","",""
"2022040189","2229","1","0","0","0","0","0","0","0","0","5","0","","67","3","2022","2","39.95966","-75.177098","2203","6","0","0","0","0","0","0","0","0","","0","0","0","","","0","N","0","","39 57:34.775","3","0","75 10:37.551","9","0","0","0","67301","0","0","0","N","0","0","0","2","68K01","0","","1.0","2235.0","1","N","N","N","0","","0","0","1","","0","N","","2","0","0","0","0","0","1","2","0","2","","03","","N","","","","","","","","","",""
"2022030379","0204","1","0","0","0","0","0","0","0","0","4","0","","67","3","2022","1","40.037371","-75.190983","0156","6","0","0","0","0","0","0","0","0","","0","0","0","","","4","","1","","40 02:14.535","","0","75 11:27.538","3","0","0","0","67301","0","0","0","N","0","0","0","4","67301","2","","1.0","","1","N","N","N","0","","1","0","1","","2","","","2","4","0","0","0","1","0","2","0","2","","","","N","","","","","","","","","",""
"2022050542","0825","1","0","0","0","0","0","1","0","0","4","1","","67","5","2022","3","40.025179","-75.044722","0805","6","0","0","0","0","0","0","0","0","","0","0","0","","","11","","1","","40 01:30.643","1","0","75 02:40.998","3","0","0","0","67301","0","0","0","N","0","0","0","13","67301","0","","1.0","1045.0","1","Y","N","N","1","","8","0","0","","2","Y","","3","11","0","0","0","3","0","2","0","3","","03","","N","","","","","","","","","",""
"2022032909","1925","2","0","0","0","0","0","0","0","0","5","0","","67","3","2022","7","39.980881","-75.244319","1920","6","0","0","0","0","0","0","0","0","","0","0","0","","","1","N","0","","39 58:51.170","7","0","75 14:39.550","4","0","0","0","67301","0","0","0","N","0","0","0","1","67301","1","","6.0","1700.0","1","N","N","N","0","","0","0","0","","0","N","","2","1","0","0","0","0","0","2","0","2","","03","","N","","","","","","","","","",""
"2022030049","1510","1","0","0","0","0","0","0","0","0","8","0","","67","3","2022","7","39.938303","-75.216251","1504","6","0","0","0","0","0","0","1","0","","0","0","0","","","1","","1","","39 56:17.890","","0","75 12:58.503","2","0","0","0","67301","1","0","1","N","1","0","1","2","67301","0","","1.0","","1","N","N","N","0","","0","1","0","","2","","","2","1","0","0","0","0","0","2","0","1","","03","","N","","","","","","","","","",""
"2022048194","0728","0","0","0","0","0","0","0","0","0","7","0","","67","5","2022","5","39.889087","-75.202026","0718","6","0","0","0","0","0","0","0","0","","0","0","0","","","1","N","0","","39 53:20.713","1","3","75 12:07.292","3","0","0","0","67301","0","0","0","N","0","0","0","1","68K01","0","","2.0","800.0","1","N","N","N","1","","1","0","0","","0","N","","1","1","1","0","0","0","0","2","0","1","","03","","N","","","","","","","","","",""
"2022019649","0800","1","0","0","0","0","0","0","0","0","4","0","","67","2","2022","5","39.971811","-75.125954","0800","6","0","0","0","0","1","0","0","0","","0","0","0","","","0","","1","","39 58:18.518","","0","75 07:33.433","0","0","0","0","67301","0","0","0","N","0","0","0","3","67301","0","","1.0","","1","N","N","N","0","","0","0","1","","2","","","3","0","2","0","0","0","0","2","1","3","","03","","N","","","","","","","","","",""
"2022045136","1638","1","0","0","0","0","0","0","0","0","7","0","","67","5","2022","6","40.093917","-74.980253","1633","6","0","0","0","0","0","0","0","0","","0","0","0","","","1","N","0","","40 05:38.101","3","0","74 58:48.909","3","0","0","0","67301","0","0","0","N","0","0","0","1","67301","0","","5.0","1641.0","9","N","N","N","0","","1","0","0","","0","N","","1","1","0","0","0","0","0","2","0","1","","04","","N","","","","","","","","","",""
"2022039770","1720","0","0","0","0","0","0","0","0","0","7","0","","67","4","2022","1","40.005156","-75.196391","1717","6","0","0","0","0","0","0","0","0","","0","0","0","","","1","","7","","40 00:18.562","1","2","75 11:47.007","8","0","0","0","67301","0","0","0","N","0","0","0","1","68K01","0","","4.0","1814.0","1","N","N","N","0","","0","0","1","","0","N","","1","1","0","0","0","1","0","2","0","1","","","","N","","","","","","","","","",""
"2022047193","1830","1","0","0","0","0","0","0","0","0","1","0","","67","5","2022","2","39.952994","-75.193578","1821","6","0","0","0","0","0","1","0","0","","0","0","0","","","2","N","0","","39 57:10.777","","0","75 11:36.880","3","0","0","0","67301","0","0","0","N","0","0","0","3","67301","0","","1.0","","1","N","N","N","0","","2","0","1","","0","","","2","2","0","0","0","0","0","2","0","2","","","","N","","","","","","","","","",""
"2022043843","2325","1","0","0","0","0","0","0","0","0","4","0","","67","3","2022","7","40.042323","-75.025601","2319","6","0","0","0","0","0","0","0","0","","0","0","0","","","0","","1","","40 02:32.362","","0","75 01:32.162","0","0","0","0","67301","0","0","0","N","0","0","0","3","67301","0","","1.0","","1","N","N","N","1","","0","0","0","","2","","","2","0","0","0","0","0","0","2","0","2","","03","","N","","","","","","","","","",""
"2022029286","0448","2","0","0","0","0","0","0","0","0","5","0","","67","3","2022","4","40.050525","-75.156194","0445","6","0","0","0","0","0","0","0","0","","0","0","0","","","0","N","0","","40 03:01.890","","0","75 09:22.300","9","0","0","0","67301","0","0","0","N","0","0","0","1","67301","0","","6.0","","1","N","N","N","0","","0","0","1","","0","","","3","0","0","0","0","0","1","2","0","3","","03","","N","","","","","","","","","",""
"2022038510","1339","1","0","0","0","0","0","0","0","0","98","0","","67","3","2022","4","39.996107","-75.082697","1311","6","0","0","0","0","0","0","0","0","","0","0","0","","","0","N","0","","39 59:45.986","1","0","75 04:57.708","0","0","0","0","67301","0","0","0","N","0","0","0","1","68K01","0","","1.0","1339.0","1","N","N","N","0","","0","0","0","","0","N","","1","0","0","0","0","0","0","2","0","1","","","","N","","","","","","","","","",""
"2022021363","0126","2","0","0","0","0","0","0","0","0","6","0","","67","2","2022","4","39.980943","-75.206502","0122","6","0","0","0","0","0","0","0","0","","0","0","0","","","0","N","0","","39 58:51.396","3","0","75 12:23.407","0","0","0","0","67301","0","0","0","N","0","0","0","2","68K01","0","","1.0","135.0","9","N","N","Y","0","","0","0","0","","0","Y","","2","0","1","0","0","0","0","2","0","2","","03","","N","","","","","","","","","",""
"2022019558","1805","0","0","0","0","0","0","0","0","0","4","0","","67","2","2022","7","40.02919","-75.218312","1757","6","0","0","0","0","0","1","0","0","","0","0","0","","","1","","2","","40 01:45.084","","0","75 13:05.923","8","0","0","0","67301","0","0","0","N","0","0","0","2","67301","0","","1.0","","1","N","N","N","0","","0","0","2","","3","","","2","1","0","0","0","1","0","2","0","2","","03","","N","","","","","","","","","",""
"2022014658","1800","2","0","0","0","0","0","0","0","0","4","0","","67","2","2022","2","39.907198","-75.228147","1751","6","0","0","0","0","0","0","0","0","","0","0","0","","","1","","2","","39 54:25.912","5","0","75 13:41.329","3","0","0","0","67301","0","0","0","N","0","0","0","2","67301","0","","1.0","1910.0","9","N","N","N","0","","1","0","0","","7","N","","2","1","2","0","0","0","0","2","0","2","","98","","N","","","","","","","","","",""
"2022038523","2025","0","0","0","0","0","0","0","0","0","7","0","","67","4","2022","5","39.970291","-75.124935","2023","6","0","0","0","0","0","1","0","0","","0","0","0","","","0","N","0","","39 58:13.046","1","0","75 07:29.767","0","0","0","0","67301","0","0","0","Y","0","0","0","1","68K01","0","","4.0","2029.0","9","N","N","N","0","","0","0","1","","0","N","","1","0","0","0","0","0","0","2","0","1","","","","N","","","","","","","","","",""