"CRN","ARRIVAL_TM","AUTOMOBILE_COUNT","BELTED_DEATH_COUNT","BELTED_SUSP_SERIOUS_INJ_COUNT","BICYCLE_COUNT","BICYCLE_DEATH_COUNT","BICYCLE_SUSP_SERIOUS_INJ_COUNT","BUS_COUNT","CHLDPAS_DEATH_COUNT","CHLDPAS_SUSP_SERIOUS_INJ_COUNT","COLLISION_TYPE","COMM_VEH_COUNT","CONS_ZONE_SPD_LIM","COUNTY","CRASH_MONTH","CRASH_YEAR","DAY_OF_WEEK","DEC_LATITUDE","DEC_LONGITUDE","DISPATCH_TM","DISTRICT","DRIVER_COUNT_16YR","DRIVER_COUNT_17YR","DRIVER_COUNT_18YR","DRIVER_COUNT_19YR","DRIVER_COUNT_20YR","DRIVER_COUNT_50_64YR","DRIVER_COUNT_65_74YR","DRIVER_COUNT_75PLUS","EST_HRS_CLOSED","FATAL_COUNT","HEAVY_TRUCK_COUNT","HORSE_BUGGY_COUNT","HOUR_OF_DAY","ILLUMINATION","INJURY_COUNT","INTERSECTION_RELATED","INTERSECT_TYPE","LANE_CLOSED","LATITUDE","LN_CLOSE_DIR","LOCATION_TYPE","LONGITUDE","MAX_SEVERITY_LEVEL","MCYCLE_DEATH_COUNT","MCYCLE_SUSP_SERIOUS_INJ_COUNT","MOTORCYCLE_COUNT","MUNICIPALITY","NONMOTR_COUNT","NONMOTR_DEATH_COUNT","NONMOTR_SUSP_SERIOUS_INJ_COUNT","NTFY_HIWY_MAINT","PED_COUNT","PED_DEATH_COUNT","PED_SUSP_SERIOUS_INJ_COUNT","PERSON_COUNT","POLICE_AGCY","POSSIBLE_INJ_COUNT","RDWY_SURF_TYPE_CD","RELATION_TO_ROAD","ROADWAY_CLEARED","ROAD_CONDITION","SCH_BUS_IND","SCH_ZONE_IND","SECONDARY_CRASH","SMALL_TRUCK_COUNT","SPEC_JURIS_CD","SUSP_MINOR_INJ_COUNT","SUSP_SERIOUS_INJ_COUNT","SUV_COUNT","TCD_FUNC_CD","TCD_TYPE","TFC_DETOUR_IND","TIME_OF_DAY","TOTAL_UNITS","TOT_INJ_COUNT","UNBELTED_OCC_COUNT","UNB_DEATH_COUNT","UNB_SUSP_SERIOUS_INJ_COUNT","UNK_INJ_DEG_COUNT","UNK_INJ_PER_COUNT","URBAN_RURAL","VAN_COUNT","VEHICLE_COUNT","WEATHER1","WEATHER2","WORKERS_PRES","WORK_ZONE_IND","WORK_ZONE_LOC","WORK_ZONE_TYPE","WZ_CLOSE_DETOUR","WZ_FLAGGER","WZ_LAW_OFFCR_IND","WZ_LN_CLOSURE","WZ_MOVING","WZ_OTHER","WZ_SHLDER_MDN","WZ_WORKERS_INJ_KILLED"
"2022029288","0125","1","0","0","0","0","0","0","0","0","6","0","99","67","3","2022","3","40.020562","-75.156561","0123","6","0","0","0","0","0","1","0","0","","0","0","0","","","0","N","0","","40 01:14.024","5","0","75 09:23.621","0","0","0","0","67301","0","0","0","N","0","0","0","2","67301","0","","1.0","250.0","1","N","N","N","0","","0","0","1","","0","Y","","2","0","0","0","0","0","0","2","0","2","","03","U","Y","4","1","","","U","Y","","Y","","N"
"2022052015","1045","1","0","0","0","0","0","0","0","0","8","0","","67","6","2022","6","39.95127","-75.167206","1045","6","0","0","0","0","0","0","0","0","","0","0","0","","","1","","5","","39 57:04.571","","0","75 10:01.941","4","0","0","0","67301","1","0","0","N","1","0","0","1","67301","1","","1.0","","1","N","N","N","0","","0","0","0","","2","","","2","1","0","0","0","0","0","2","0","1","","03","","N","","","","","","","","","",""
"2022023699","0906","0","0","0","0","0","0","0","0","0","7","0","","67","3","2022","2","39.921826","-75.18941","0859","6","0","0","0","0","0","0","0","0","","0","0","0","","","1","N","0","","39 55:18.573","","0","75 11:21.876","8","0","0","1","67301","0","0","0","N","0","0","0","1","67301","0","","4.0","","1","N","N","N","0","","0","0","0","","0","","","2","1","0","0","0","1","0","2","0","1","","","","N","","","","","","","","","",""
"2022015562","1620","1","0","0","0","0","0","0","0","0","7","0","","67","2","2022","5","40.002789","-75.137842","1620","6","0","0","0","0","0","0","0","0","","0","0","0","","","1","","5","","40 00:10.040","","0","75 08:16.231","3","0","0","0","67301","0","0","0","N","0","0","0","1","67301","0","","4.0","","9","N","N","N","0","","1","0","0","","2","","","1","1","0","0","0","0","0","2","0","1","","07","","N","","","","","","","","","",""
"2022044075","2040","1","0","0","0","0","0","0","0","0","4","0","","67","5","2022","3","39.991551","-75.136452","2040","6","0","0","0","0","0","0","0","0","","0","0","0","","","0","N","0","","39 59:29.582","3","0","75 08:11.228","9","0","0","0","67301","0","0","0","N","0","0","0","2","67301","0","","1.0","1645.0","1","N","N","N","0","","0","0","1","","2","N","","2","0","0","0","0","0","1","2","0","2","","","","N","","","","","","","","","",""
"2022038768","1905","1","0","0","0","0","0","1","0","0","4","1","","67","4","2022","6","39.999027","-75.133244","1829","6","0","0","0","0","0","0","0","0","","0","0","0","","","3","","1","","39 59:56.498","7","0","75 07:59.680","4","0","0","0","67301","0","0","0","N","0","0","0","4","67508","3","","1.0","9999.0","1","N","N","Y","0","","0","0","1","","2","Y","","3","3","0","0","0","0","0","2","0","3","","03","","N","","","","","","","","","",""
"2022043756","1518","1","0","0","0","0","0","0","0","0","1","0","","67","5","2022","3","39.943578","-75.142719","1501","6","0","0","0","0","0","0","0","0","","0","0","0","","","2","N","0","","39 56:36.879","","0","75 08:33.787","3","0","0","0","67301","0","0","0","N","0","0","0","3","68K01","0","","1.0","","1","N","N","N","0","","2","0","1","","0","","","2","2","0","0","0","0","0","2","0","2","","","","N","","","","","","","","","",""
"2022051588","1102","2","0","0","0","0","0","0","0","0","4","0","","67","6","2022","5","39.98483","-75.113391","1102","6","0","0","0","0","0","0","0","0","","0","0","0","","","0","","1","","39 59:05.388","","0","75 06:48.208","9","0","0","0","67301","0","0","0","N","0","0","0","1","67301","0","","1.0","","1","N","N","Y","0","","0","0","2","","2","","","4","0","0","0","0","0","1","2","0","4","","","","N","","","","","","","","","",""
"2022020471","0236","3","0","0","0","0","0","0","0","0","4","0","","67","2","2022","6","39.992798","-75.146123","0233","6","0","0","0","0","0","1","0","0","","0","0","0","","","0","","1","","39 59:34.073","","0","75 08:46.043","0","0","0","0","67301","0","0","0","N","0","0","0","2","67301","0","","1.0","","9","N","N","Y","0","","0","0","1","","2","","","4","0","0","0","0","0","0","2","0","4","","07","","N","","","","","","","","","",""
"2022044372","1229","0","0","0","0","0","0","0","0","0","1","0","","67","4","2022","6","39.887708","-75.242268","1216","6","0","0","0","0","0","0","0","0","","0","0","0","","","0","N","0","","39 53:15.749","","0","75 14:32.165","0","0","0","0","67301","0","0","0","N","0","0","0","3","68K01","0","","1.0","","1","N","N","N","0","","0","0","2","","0","","","2","0","0","0","0","0","0","2","0","2","","","","N","","","","","","","","","",""
"2022043834","0155","1","0","0","0","0","0","0","0","0","5","0","","67","1","2022","2","40.069248","-75.068416","0145","6","0","0","0","0","0","0","0","0","","0","0","0","","","0","N","0","","40 04:09.293","","0","75 04:06.297","0","0","0","0","67301","0","0","0","N","0","0","0","1","67301","0","","6.0","","6","N","N","N","0","","0","0","1","","0","","","3","0","0","0","0","0","0","2","1","3","","08","","N","","","","","","","","","",""
"2022023804","2020","1","0","0","0","0","0","0","0","0","4","0","","67","3","2022","1","40.015232","-75.155221","2020","6","0","0","0","0","0","0","0","0","","0","0","0","","","2","","2","","40 00:54.834","3","0","75 09:18.795","3","0","0","0","67301","0","0","0","N","0","0","0","2","67301","0","","1.0","2110.0","1","N","Y","N","0","","1","0","1","","2","Y","","2","2","0","0","0","1","0","2","0","2","","03","","N","","","","","","","","","",""
"2022024242","0825","1","0","0","0","0","0","0","0","0","4","0","","67","2","2022","5","40.02384","-75.048857","0825","6","0","0","0","0","0","0","0","1","","0","0","0","","","1","","1","","40 01:25.824","","0","75 02:55.884","3","0","0","0","67301","0","0","0","N","0","0","0","3","67301","0","","1.0","","1","N","N","N","0","","1","0","1","","3","","","2","1","3","0","0","0","0","2","0","2","","03","","N","","","","","","","","","",""
"2022040780","2324","0","0","0","0","0","0","0","0","0","1","1","","67","4","2022","3","39.905673","-75.13241","2323","6","0","0","0","0","0","0","0","0","","0","1","0","","","1","N","0","","39 54:20.423","3","3","75 07:56.675","3","0","0","0","67301","0","0","0","N","0","0","0","2","67501","0","","1.0","2359.0","1","N","N","N","0","","1","0","1","","8","N","","2","1","0","0","0","0","0","2","0","2","","03","","N","","","","","","","","","",""
"2022014786","0831","1","0","0","0","0","0","0","0","0","8","0","","67","2","2022","5","39.980389","-75.226444","0830","6","0","0","0","0","0","0","0","0","","0","0","0","","","1","N","0","","39 58:49.400","","0","75 13:35.200","2","0","0","0","67301","1","0","1","N","1","0","1","2","67301","0","","1.0","","99","N","N","N","0","","0","1","0","","0","","","2","1","0","0","0","0","0","2","0","1","","","","N","","","","","","","","","",""
"2022026987","0128","1","0","0","0","0","0","0","0","0","4","0","","67","2","2022","1","39.990879","-75.155279","0125","6","0","0","0","0","1","0","0","0","","0","0","0","","","1","","1","","39 59:27.165","1","0","75 09:19.006","4","0","0","0","67301","0","0","0","N","0","0","0","3","67301","1","","1.0","0.0","1","N","N","N","0","","0","0","1","","2","N","","2","1","0","0","0","0","0","2","0","2","","03","","N","","","","","","","","","",""
"2022025528","1559","1","0","0","0","0","0","0","0","0","4","0","","67","3","2022","7","40.068668","-75.16411","1549","6","0","0","0","0","0","0","1","0","","0","0","0","","","1","","1","","40 04:07.205","","0","75 09:50.797","3","0","0","0","67301","0","0","0","N","0","0","0","2","67301","0","","1.0","","1","N","N","N","0","","1","0","1","","2","","","2","1","0","0","0","0","0","2","0","2","","98","","N","","","","","","","","","",""
"2022037593","1410","0","0","0","0","0","0","1","0","0","4","1","","67","4","2022","3","39.991523","-75.226567","1400","6","0","0","0","0","0","1","0","0","","0","0","0","","","1","","1","","39 59:29.482","","0","75 13:35.641","4","0","0","0","67301","0","0","0","N","0","0","0","3","67508","1","","1.0","","1","N","N","Y","0","","0","0","1","","2","","","2","1","0","0","0","0","0","2","0","2","","03","","N","","","","","","","","","",""
"2022014701","0938","2","0","0","0","0","0","0","0","0","4","0","","67","2","2022","6","40.074144","-75.15839","0924","6","0","0","0","0","0","0","1","0","","0","0","0","","","2","","5","","40 04:26.918","","0","75 09:30.203","3","0","0","0","67301","0","0","0","N","0","0","0","2","67301","0","","1.0","","9","N","N","N","0","","2","0","0","","2","","","2","2","0","0","0","0","0","2","0","2","","07","","N","","","","","","","","","",""
"2022015353","0926","0","0","0","0","0","0","0","0","0","8","0","","67","2","2022","2","39.996031","-75.170758","0920","6","0","0","0","0","0","0","0","0","","0","0","0","","","1","","1","","39 59:45.712","","0","75 10:14.729","3","0","0","0","67301","1","0","0","N","1","0","0","2","67301","0","","1.0","","1","N","N","N","0","","1","0","1","","2","","","2","1","0","0","0","0","1","2","0","1","","03","","N","","","","","","","","","",""
"2022053687","1015","1","0","0","0","0","0","0","0","0","3","0","","67","4","2022","4","40.040916","-75.187325","1004","6","0","0","0","0","0","0","0","0","","0","0","0","","","0","","1","","40 02:27.297","2","0","75 11:14.369","0","0","0","0","67301","0","0","0","N","0","0","0","2","67301","0","","1.0","1025.0","1","N","N","Y","1","","0","0","0","","2","N","","2","0","0","0","0","0","0","2","0","2","","04","","N","","","","","","","","","",""
"2022026967","2036","2","0","0","0","0","0","0","0","0","4","0","","67","3","2022","3","39.955578","-75.233984","2036","6","0","0","0","0","0","0","0","0","","0","0","0","","","1","","1","","39 57:20.080","4","0","75 14:02.342","8","0","0","0","67301","0","0","0","N","0","0","0","3","67301","0","","1.0","2100.0","1","N","N","N","0","","0","0","0","","2","N","","2","1","0","0","0","1","2","2","0","2","","","","N","","","","","","","","","",""
"2022047388","1250","1","0","0","0","0","0","0","0","0","4","1","","67","5","2022","6","40.058997","-75.044079","1225","6","0","0","0","0","0","0","0","0","","0","1","0","","","1","","1","","40 03:32.389","7","0","75 02:38.685","3","0","0","0","67301","0","0","0","N","0","0","0","2","67301","0","","1.0","1459.0","1","N","N","N","0","","1","0","0","","2","Y","","2","1","0","0","0","0","0","2","0","2","","","","N","","","","","","","","","",""
"2022043851","1330","1","0","0","0","0","0","0","0","0","1","0","","67","5","2022","2","40.080783","-75.028366","1326","6","0","0","0","0","0","1","0","0","","0","0","0","","","1","","1","","40 04:50.820","","0","75 01:42.117","3","0","0","0","67301","0","0","0","N","0","0","0","2","67301","0","","1.0","","1","N","N","N","0","","1","0","1","","2","","","2","1","0","0","0","0","0","2","0","2","","04","","N","","","","","","","","","",""
"2022033021","1258","0","0","0","0","0","0","0","0","0","7","0","","67","4","2022","3","40.034892","-75.150611","1252","6","0","0","0","0","0","0","0","0","","0","0","0","","","0","N","0","","40 02:05.610","","0","75 09:02.200","0","0","0","0","67301","0","0","0","N","0","0","0","2","67301","0","","4.0","","1","N","N","N","0","","0","0","1","","0","","","1","0","0","0","0","0","0","2","0","1","","","","N","","","","","","","","","",""
"2022037915","1156","0","0","0","1","0","0","0","0","0","8","1","","67","4","2022","6","39.957556","-75.191167","1155","6","0","0","0","0","0","0","0","0","","0","1","0","","","1","N","0","","39 57:27.200","","7","75 11:28.200","3","0","0","0","67301","1","0","0","N","0","0","0","2","67507","0","","1.0","","1","N","N","N","0","","1","0","0","","0","","","2","1","0","0","0","0","0","2","0","1","","","","N","","","","","","","","","",""
"2022038507","1547","2","0","0","0","0","0","0","0","0","1","0","","67","3","2022","5","40.029855","-75.022295","1510","6","0","0","0","0","0","0","0","0","","0","0","0","","","2","N","0","","40 01:47.477","2","0","75 01:20.261","8","0","0","0","67301","0","0","0","N","0","0","0","4","68K01","0","","1.0","1620.0","9","N","N","N","0","","0","0","1","","0","N","","3","2","0","0","0","2","0","2","0","3","","","","N","","","","","","","","","",""
"2022014809","1936","1","0","0","0","0","0","0","0","0","2","0","","67","2","2022","6","39.9906","-75.115521","1926","6","0","0","0","0","0","0","0","0","","0","0","0","","","3","N","0","","39 59:26.160","1","0","75 06:55.875","3","0","0","0","67301","0","0","0","N","0","0","0","4","67301","0","","1.0","1950.0","9","N","N","N","1","","3","0","0","","0","N","","2","3","2","0","0","0","0","2","0","2","","03","","N","","","","","","","","","",""
"2022042364","0812","0","0","0","0","0","0","0","0","0","7","0","","67","5","2022","2","39.992229","-75.085806","0734","6","0","0","0","0","0","0","0","0","","0","0","0","","","0","N","0","","39 59:32.024","2","0","75 05:08.902","0","0","0","0","67301","0","0","0","N","0","0","0","1","68K01","0","","5.0","812.0","9","N","N","N","0","","0","0","1","","0","N","","1","0","0","0","0","0","0","2","0","1","","04","","N","","","","","","","","","",""
"2022014591","0826","1","0","0","0","0","0","0","0","0","5","0","","67","2","2022","6","40.118421","-75.018228","0826","6","0","0","0","0","0","0","0","0","","0","0","0","","","1","N","0","","40 07:06.314","","0","75 01:05.620","3","0","0","0","67301","0","0","0","N","0","0","0","4","67301","0","","1.0","","9","N","N","N","0","","1","0","1","","0","","","2","1","0","0","0","0","0","2","0","2","","04","","N","","","","","","","","","",""
"2022014824","2341","1","0","0","0","0","0","0","0","0","5","0","","67","2","2022","5","40.011222","-75.136008","2331","6","0","0","0","0","0","0","0","0","","0","0","0","","","0","N","0","","40 00:40.400","1","0","75 08:09.630","9","0","0","0","67301","0","0","0","N","0","0","0","1","67301","0","","6.0","130.0","9","N","N","N","0","","0","0","1","","0","N","","2","0","0","0","0","0","1","2","0","2","","07","","N","","","","","","","","","",""
"2022048112","1806","1","0","0","0","0","0","0","0","0","1","0","","67","5","2022","1","40.01666","-75.171133","1804","6","0","0","0","0","0","0","0","0","","0","0","0","","","2","N","0","","40 00:59.977","","99","75 10:16.079","3","0","0","0","67301","0","0","0","N","0","0","0","2","67301","0","","1.0","","1","N","N","N","0","","2","0","1","","2","","","2","2","0","0","0","0","0","2","0","2","","","","N","","","","","","","","","",""
"2022024421","0045","1","0","0","0","0","0","0","0","0","5","0","","67","3","2022","5","39.995286","-75.143908","0044","6","0","0","0","0","0","0","0","0","","0","0","0","","","1","N","0","","39 59:43.030","","0","75 08:38.070","3","0","0","0","67301","0","0","0","N","0","0","0","1","67301","0","","6.0","","1","N","N","N","0","","1","0","2","","0","","","3","1","1","0","0","0","0","2","0","3","","03","","N","","","","","","","","","",""
"2022038522","1449","1","0","0","0","0","0","0","0","0","5","0","","67","4","2022","5","39.949441","-75.141848","1420","6","0","0","0","0","0","0","0","0","","0","0","0","","","0","N","0","","39 56:57.988","","0","75 08:30.651","0","0","0","0","67301","0","0","0","N","0","0","0","2","68K01","0","","1.0","","1","N","N","N","0","","0","0","1","","0","","","2","0","0","0","0","0","0","2","0","2","","","","N","","","","","","","","","",""
"2022043733","0240","1","0","0","0","0","0","0","0","0","7","0","","67","5","2022","7","39.959969","-75.178566","0240","6","0","0","0","0","0","0","0","0","","0","0","0","","","2","N","0","","39 57:35.889","4","0","75 10:42.837","4","0","0","0","67301","0","0","0","N","0","0","0","2","68K01","2","","2.0","244.0","9","N","N","N","0","","0","0","0","","0","Y","","1","2","0","0","0","0","0","2","0","1","","","","N","","","","","","","","","",""
"2022012272","1245","0","0","0","0","0","0","0","0","0","1","0","","67","2","2022","4","39.958616","-75.16772","1236","6","0","0","0","0","0","1","0","0","","0","0","0","","","1","N","0","","39 57:31.018","","0","75 10:03.792","8","0","0","0","67301","0","0","0","N","0","0","0","3","68K01","0","","1.0","","9","N","N","N","0","","0","0","2","","0","","","2","1","1","0","0","1","0","2","0","2","","","","N","","","","","","","","","",""
"2022024525","1308","1","0","0","0","0","0","0","0","0","4","0","","67","3","2022","4","39.897624","-75.252377","1256","6","0","0","0","0","0","1","1","0","","0","0","0","","","1","","1","","39 53:51.445","","0","75 15:08.556","3","0","0","0","67301","0","0","0","N","0","0","0","2","67301","0","","1.0","","9","N","N","N","0","","1","0","1","","4","","","2","1","1","0","0","0","0","2","0","2","","07","","N","","","","","","","","","",""
"2022014736","1432","1","0","0","0","0","0","0","0","0","4","0","","67","2","2022","7","40.025505","-75.063766","1428","6","0","0","0","0","0","0","0","0","","0","0","0","","","3","","1","","40 01:31.818","6","0","75 03:49.557","3","0","0","0","67301","0","0","0","N","0","0","0","4","67301","0","","1.0","1700.0","1","N","N","N","1","","3","0","1","","3","N","","3","3","0","0","0","0","0","2","0","3","","03","","N","","","","","","","","","",""
"2022047195","2000","0","0","0","0","0","0","0","0","0","8","0","","67","4","2022","2","39.979622","-75.268814","2000","6","0","0","0","0","0","0","0","0","","0","0","0","","","1","N","0","","39 58:46.640","","7","75 16:07.729","8","0","0","0","67301","1","0","0","N","1","0","0","2","67301","0","","1.0","","99","N","N","N","0","","0","0","1","","0","","","2","1","0","0","0","1","1","2","0","1","","","","N","","","","","","","","","",""
"2022043711","0223","1","0","0","0","0","0","0","0","0","7","0","","67","5","2022","3","40.032046","-75.021321","0206","6","0","0","0","0","0","0","0","0","","0","0","0","","","1","N","0","","40 01:55.364","2","0","75 01:16.757","8","0","0","0","67301","0","0","0","N","0","0","0","2","68K01","0","","2.0","235.0","1","N","N","N","0","","0","0","0","","0","N","","1","1","0","0","0","1","0","2","0","1","","","","N","","","","","","","","","",""
"2022026973","1215","0","0","0","0","0","0","0","0","0","8","0","15","67","3","2022","2","39.917795","-75.179303","1210","6","0","0","0","0","0","0","0","0","","0","0","0","","","1","","1","","39 55:04.061","3","0","75 10:45.491","3","0","0","0","67301","1","0","0","N","1","0","0","2","67301","0","","1.0","0.0","1","N","N","N","1","","1","0","0","","2","N","","2","1","0","0","0","0","0","2","0","1","","03","Y","Y","4","1","N","Y","Y","Y","N","N","Y","Y"
"2022023782","0358","2","0","0","0","0","0","0","0","0","5","0","","67","2","2022","1","40.000861","-75.12875","0355","6","0","0","0","0","0","0","0","0","","0","0","0","","","1","N","0","","40 00:03.100","7","0","75 07:43.500","3","0","0","0","67301","0","0","0","N","0","0","0","1","67301","0","","6.0","545.0","1","N","N","N","0","","1","0","1","","0","N","","3","1","1","0","0","0","0","2","0","3","","03","","N","","","","","","","","","",""
"2022045389","1420","0","0","0","0","0","0","0","0","0","8","0","","67","4","2022","2","40.101949","-75.039574","1412","6","0","0","0","0","0","0","0","0","","0","0","0","","","1","N","0","","40 06:07.016","","0","75 02:22.468","8","0","0","0","67301","1","0","0","N","1","0","0","2","67301","0","","4.0","","9","N","N","N","1","","0","0","0","","0","","","2","1","0","0","0","1","0","2","0","1","","07","","N","","","","","","","","","",""
"2022044359","0215","1","0","0","0","0","0","0","0","0","5","0","","67","3","2022","6","39.975733","-75.115173","0207","6","0","0","0","0","0","1","0","0","","0","0","0","","","0","N","0","","39 58:32.638","1","3","75 06:54.623","0","0","0","0","67301","0","0","0","N","0","0","0","2","68K01","0","","1.0","240.0","1","N","N","N","0","","0","0","1","","0","N","","2","0","0","0","0","0","0","2","0","2","","","","N","","","","","","","","","",""
"2022048412","0347","1","0","0","0","0","0","0","0","0","7","0","","67","5","2022","3","39.947778","-75.227546","0343","6","0","0","0","0","0","1","0","0","","0","0","0","","","1","N","0","","39 56:52.001","","0","75 13:39.165","3","0","0","0","67301","0","0","0","N","0","0","0","1","67301","0","","9.0","","9","N","N","N","0","","1","0","0","","2","","","1","1","0","0","0","0","0","2","0","1","","07","","N","","","","","","","","","",""
"2022014702","1850","0","0","0","0","0","0","0","0","0","4","0","","67","2","2022","6","40.052307","-75.201461","1837","6","0","0","0","0","0","0","0","0","","0","0","0","","","1","","1","","40 03:08.305","","0","75 12:05.258","3","0","0","0","67301","0","0","0","N","0","0","0","3","67301","0","","1.0","","9","N","N","N","1","","1","0","1","","3","","","2","1","0","0","0","0","0","2","0","2","","","","N","","","","","","","","","",""
"2022019666","1820","1","0","0","0","0","0","0","0","0","4","0","","67","2","2022","5","40.035213","-75.145462","1820","6","0","0","0","0","0","0","0","0","","0","0","0","","","0","","1","","40 02:06.768","","0","75 08:43.662","0","0","0","0","67301","0","0","0","N","0","0","0","3","67301","0","","1.0","","1","N","N","N","0","","0","0","1","","2","","","2","0","0","0","0","0","0","2","0","2","","03","","N","","","","","","","","","",""
"2022038551","0603","2","0","0","0","0","0","0","0","0","1","0","","67","4","2022","3","39.936791","-75.199286","0554","6","0","0","0","0","0","0","0","0","","0","0","0","","","0","N","0","","39 56:12.448","3","0","75 11:57.428","9","0","0","0","67301","0","0","0","N","0","0","0","3","68K01","0","","1.0","607.0","1","N","N","N","0","","0","0","0","","0","N","","3","0","0","0","0","0","1","2","0","3","","","","N","","","","","","","","","",""
"2022029453","0701","1","0","0","0","0","0","0","0","0","1","0","","67","3","2022","2","40.035776","-75.068065","0701","6","0","0","0","0","0","0","1","0","","0","0","0","","","0","N","0","","40 02:08.792","2","0","75 04:05.034","0","0","0","0","67301","0","0","0","N","0","0","0","3","67301","0","","1.0","100.0","1","N","N","N","0","","0","0","2","","0","N","","3","0","0","0","0","0","0","2","0","3","","03","","N","","","","","","","","","",""
"2022030747","2057","0","0","0","0","0","0","0","0","0","4","0","","67","3","2022","7","40.033128","-75.066093","2049","6","0","0","0","0","0","0","0","0","","0","0","0","","","0","","2","","40 01:59.261","","0","75 03:57.935","0","0","0","0","67301","0","0","0","N","0","0","0","1","67301","0","","1.0","","1","N","N","N","0","","0","0","1","","0","","","2","0","0","0","0","0","0","2","1","2","","03","","N","","","","","","","","","",""
"2022038648","1335","0","0","0","0","0","0","0","0","0","0","1","","67","3","2022","4","39.891637","-75.237611","1328","6","0","0","0","0","0","1","0","0","","0","1","0","","","1","N","0","","39 53:29.892","2","0","75 14:15.400","4","0","0","0","67301","0","0","0","N","0","0","0","1","68K01","1","","1.0","1813.0","1","N","N","N","0","","0","0","0","","0","Y","","1","1","0","0","0","0","0","2","0","1","","","","N","","","","","","","","","",""
"2022015561","0116","1","0","0","0","0","0","0","0","0","7","0","","67","2","2022","5","39.923905","-75.222104","0116","6","0","0","0","0","0","0","0","0","","0","0","0","","","1","","1","","39 55:26.057","","0","75 13:19.574","8","0","0","0","67301","0","0","0","N","0","0","0","1","67301","0","","4.0","","1","N","N","N","0","","0","0","0","","2","","","1","1","0","0","0","1","0","2","0","1","","03","","N","","","","","","","","","",""
"2022040691","0825","1","0","0","0","0","0","0","0","0","1","0","","67","4","2022","3","39.982494","-75.20786","0825","6","0","0","0","0","0","0","1","0","","0","0","0","","","0","N","0","","39 58:56.979","","0","75 12:28.295","0","0","0","0","67301","0","0","0","N","0","0","0","2","68K01","0","","1.0","","1","N","N","N","1","","0","0","0","","0","","","2","0","0","0","0","0","0","2","0","2","","03","","N","","","","","","","","","",""
"2022023754","0950","1","0","0","0","0","0","0","0","0","2","0","","67","3","2022","1","40.025594","-75.084744","0943","6","0","0","0","0","0","1","0","0","","0","0","0","","","0","N","0","","40 01:32.140","","0","75 05:05.080","0","0","0","0","67301","0","0","0","N","0","0","0","1","67301","0","","6.0","","1","N","N","N","0","","0","0","0","","0","","","2","0","0","0","0","0","0","2","1","2","","04","","N","","","","","","","","","",""
"2022043844","0315","0","0","0","0","0","0","0","0","0","7","0","","67","4","2022","1","40.068097","-75.017069","0302","6","0","0","0","0","0","0","0","0","","0","0","0","","","1","N","0","","40 04:05.150","","0","75 01:01.450","8","0","0","0","67301","0","0","0","N","0","0","0","1","67301","0","","5.0","","1","N","N","N","0","","0","0","1","","0","","","1","1","0","0","0","1","0","2","0","1","","03","","N","","","","","","","","","",""
"2022014904","0248","1","0","0","0","0","0","0","0","0","7","0","","67","2","2022","7","39.995289","-75.155983","0247","6","0","0","0","0","0","0","0","0","","0","0","0","","","1","N","0","","39 59:43.040","7","0","75 09:21.540","3","0","0","0","67301","0","0","0","N","0","0","0","1","67301","0","","4.0","340.0","1","N","N","N","0","","1","0","0","","0","N","","1","1","0","0","0","0","0","2","0","1","","03","","N","","","","","","","","","",""
"2022014753","0713","3","0","0","0","0","0","0","0","0","6","0","","67","2","2022","4","39.929066","-75.168728","0707","6","0","0","0","0","0","2","0","0","","0","0","0","","","2","N","0","","39 55:44.636","","0","75 10:07.421","3","0","0","0","67301","0","0","0","N","0","0","0","4","67301","0","","3.0","","1","N","N","N","1","","1","0","1","","0","","","5","2","0","0","0","1","0","2","0","5","","07","","N","","","","","","","","","",""
"2022013942","1952","0","0","0","0","0","0","0","0","0","5","0","","67","2","2022","6","40.026377","-75.027206","1946","6","0","0","0","0","0","0","0","0","","0","0","0","","","0","N","0","","40 01:34.958","2","0","75 01:37.941","0","0","0","0","67301","0","0","0","N","0","0","0","2","68K01","0","","1.0","1955.0","9","N","N","N","0","","0","0","2","","0","N","","2","0","0","0","0","0","0","2","0","2","","07","","N","","","","","","","","","",""
"2022052149","0558","0","0","0","0","0","0","0","0","0","7","0","","67","5","2022","7","39.893277","-75.231667","0521","6","0","0","0","0","0","1","0","0","","0","0","0","","","0","","7","","39 53:35.796","","2","75 13:54.001","0","0","0","0","67301","0","0","0","N","0","0","0","1","68K01","0","","2.0","","9","N","N","N","0","","0","0","1","","0","","","1","0","0","0","0","0","0","2","0","1","","","","N","","","","","","","","","",""
"2022017624","","2","0","0","0","0","0","0","0","0","4","0","","67","2","2022","3","39.99999","-75.153145","","6","0","0","0","0","0","0","0","0","","0","0","0","","","0","","2","","39 59:59.964","","0","75 09:11.322","9","0","0","0","67301","0","0","0","N","0","0","0","6","00000","0","","1.0","","1","N","N","N","0","","0","0","0","","2","","","2","0","0","0","0","0","6","2","0","2","","","","N","","","","","","","","","",""
"2022024579","0832","0","0","0","0","0","0","0","0","0","4","0","","67","3","2022","5","39.984538","-75.182964","0826","6","0","0","0","0","0","0","0","0","","0","0","0","","","1","","3","","39 59:04.336","7","0","75 10:58.672","4","0","0","0","67301","0","0","0","N","0","0","0","3","67301","1","","1.0","930.0","1","N","N","N","0","","0","0","2","","3","Y","","2","1","0","0","0","0","0","2","0","2","","03","","N","","","","","","","","","",""