"CRN","ARRIVAL_TM","AUTOMOBILE_COUNT","BELTED_DEATH_COUNT","BELTED_SUSP_SERIOUS_INJ_COUNT","BICYCLE_COUNT","BICYCLE_DEATH_COUNT","BICYCLE_SUSP_SERIOUS_INJ_COUNT","BUS_COUNT","CHLDPAS_DEATH_COUNT","CHLDPAS_SUSP_SERIOUS_INJ_COUNT","COLLISION_TYPE","COMM_VEH_COUNT","CONS_ZONE_SPD_LIM","COUNTY","CRASH_MONTH","CRASH_YEAR","DAY_OF_WEEK","DEC_LATITUDE","DEC_LONGITUDE","DISPATCH_TM","DISTRICT","DRIVER_COUNT_16YR","DRIVER_COUNT_17YR","DRIVER_COUNT_18YR","DRIVER_COUNT_19YR","DRIVER_COUNT_20YR","DRIVER_COUNT_50_64YR","DRIVER_COUNT_65_74YR","DRIVER_COUNT_75PLUS","EST_HRS_CLOSED","FATAL_COUNT","HEAVY_TRUCK_COUNT","HORSE_BUGGY_COUNT","HOUR_OF_DAY","ILLUMINATION","INJURY_COUNT","INTERSECTION_RELATED","INTERSECT_TYPE","LANE_CLOSED","LATITUDE","LN_CLOSE_DIR","LOCATION_TYPE","LONGITUDE","MAX_SEVERITY_LEVEL","MCYCLE_DEATH_COUNT","MCYCLE_SUSP_SERIOUS_INJ_COUNT","MOTORCYCLE_COUNT","MUNICIPALITY","NONMOTR_COUNT","NONMOTR_DEATH_COUNT","NONMOTR_SUSP_SERIOUS_INJ_COUNT","NTFY_HIWY_MAINT","PED_COUNT","PED_DEATH_COUNT","PED_SUSP_SERIOUS_INJ_COUNT","PERSON_COUNT","POLICE_AGCY","POSSIBLE_INJ_COUNT","RDWY_SURF_TYPE_CD","RELATION_TO_ROAD","ROADWAY_CLEARED","ROAD_CONDITION","SCH_BUS_IND","SCH_ZONE_IND","SECONDARY_CRASH","SMALL_TRUCK_COUNT","SPEC_JURIS_CD","SUSP_MINOR_INJ_COUNT","SUSP_SERIOUS_INJ_COUNT","SUV_COUNT","TCD_FUNC_CD","TCD_TYPE","TFC_DETOUR_IND","TIME_OF_DAY","TOTAL_UNITS","TOT_INJ_COUNT","UNBELTED_OCC_COUNT","UNB_DEATH_COUNT","UNB_SUSP_SERIOUS_INJ_COUNT","UNK_INJ_DEG_COUNT","UNK_INJ_PER_COUNT","URBAN_RURAL","VAN_COUNT","VEHICLE_COUNT","WEATHER1","WEATHER2","WORKERS_PRES","WORK_ZONE_IND","WORK_ZONE_LOC","WORK_ZONE_TYPE","WZ_CLOSE_DETOUR","WZ_FLAGGER","WZ_LAW_OFFCR_IND","WZ_LN_CLOSURE","WZ_MOVING","WZ_OTHER","WZ_SHLDER_MDN","WZ_WORKERS_INJ_KILLED"
"2022015355","2257","3","0","0","0","0","0","0","0","0","1","0","","67","2","2022","3","40.014629","-75.178124","2245","6","0","0","0","0","0","0","0","0","","0","0","0","","","2","N","0","","40 00:52.666","2","0","75 10:41.245","3","0","0","0","67301","0","0","0","N","0","0","0","4","67301","1","","1.0","2340.0","1","N","N","N","1","","1","0","0","","0","Y","","4","2","0","0","0","0","0","2","0","4","","03","","N","","","","","","","","","",""
"2022040523","1741","2","0","0","0","0","0","0","0","0","1","0","","67","4","2022","5","39.900355","-75.156777","1734","6","0","0","0","0","0","2","0","0","","0","0","0","","","4","N","0","","39 54:01.279","1","0","75 09:24.398","8","0","0","0","67301","0","0","0","N","0","0","0","6","68K01","0","","1.0","30.0","1","N","N","N","0","","0","0","2","","0","Y","","4","4","0","0","0","4","0","2","0","4","","03","","N","","","","","","","","","",""
"2022018319","0109","1","0","0","0","0","0","0","0","0","7","0","","67","2","2022","1","39.986864","-75.208366","0109","6","0","0","0","0","0","1","0","0","","0","0","0","","","0","N","0","","39 59:12.711","3","2","75 12:30.117","0","0","0","0","67301","0","0","0","Y","0","0","0","1","68K01","0","","4.0","140.0","1","N","N","N","0","","0","0","0","","0","N","","1","0","0","0","0","0","0","2","0","1","","03","","N","","","","","","","","","",""
"2022032862","2146","1","0","0","0","0","0","0","0","0","1","0","","67","3","2022","4","40.122017","-75.016111","2146","6","0","0","0","0","0","0","0","0","","0","0","0","","","1","N","0","","40 07:19.260","","0","75 00:58.001","8","0","0","0","67301","0","0","0","N","0","0","0","2","67301","0","","1.0","","1","N","N","N","0","","0","0","1","","0","","","2","1","0","0","0","1","0","2","0","2","","","","N","","","","","","","","","",""
"2022050638","1730","2","0","0","0","0","0","0","0","0","1","0","","67","5","2022","1","39.930302","-75.233439","1722","6","0","0","0","0","0","0","0","0","","0","0","0","","","1","N","0","","39 55:49.087","","0","75 14:00.382","3","0","0","0","67301","0","0","0","N","0","0","0","2","67301","0","","6.0","","1","N","N","N","0","","1","0","2","","0","","","4","1","0","0","0","0","0","2","0","4","","","","N","","","","","","","","","",""
"2022037952","2157","1","0","0","0","0","0","1","0","0","1","1","","67","4","2022","2","40.040323","-75.058538","2154","6","0","0","0","0","0","1","0","0","","0","0","0","","","1","","1","","40 02:25.164","","0","75 03:30.737","8","0","0","0","67301","0","0","0","N","0","0","0","2","67508","0","","1.0","","1","N","N","Y","0","","0","0","0","","2","","","2","1","0","0","0","1","0","2","0","2","","03","","N","","","","","","","","","",""
"2022041397","0227","0","0","0","0","0","0","0","0","0","7","1","","67","4","2022","3","40.036953","-75.013521","0222","6","0","0","0","0","0","0","1","0","","0","1","0","","","1","N","0","","40 02:13.030","1","0","75 00:48.677","3","0","0","0","67301","0","0","0","Y","0","0","0","1","68K01","0","","4.0","543.0","9","N","N","N","0","","1","0","0","","0","Y","","1","1","1","0","0","0","0","2","0","1","","","","N","","","","","","","","","",""
"2022024132","0813","0","0","0","0","0","0","0","0","0","1","0","","67","3","2022","4","39.894612","-75.236717","0812","6","0","0","0","0","0","1","0","0","","0","0","0","","","0","","1","","39 53:40.603","1","0","75 14:12.181","0","0","0","0","67301","0","0","0","N","0","0","0","3","67301","0","","1.0","45.0","9","N","N","N","0","","0","0","1","","2","N","","2","0","0","0","0","0","0","2","1","2","","07","","N","","","","","","","","","",""
"2022016698","1118","1","0","0","0","0","0","0","0","0","4","0","","67","2","2022","2","","","1108","6","0","0","0","0","1","0","0","0","","0","0","0","","","0","","2","","","","7","","0","0","0","0","67301","0","0","0","N","0","0","0","2","67301","0","","1.0","","1","N","N","N","0","","0","0","1","","0","","","2","0","0","0","0","0","0","1","0","2","","03","","N","","","","","","","","","",""
"2022039583","1745","1","0","0","0","0","0","0","0","0","7","0","","67","4","2022","6","39.903846","-75.150233","1731","6","0","0","0","0","1","0","0","0","","0","0","0","","","1","N","0","","39 54:13.845","1","0","75 09:00.838","3","0","0","0","67301","0","0","0","N","0","0","0","1","68Z99","0","","2.0","1800.0","1","N","N","N","0","","1","0","0","","0","N","","1","1","0","0","0","0","0","2","0","1","","03","","N","","","","","","","","","",""
"2022021681","1740","2","0","0","0","0","0","0","0","0","4","0","","67","2","2022","6","40.04004","-75.027574","1732","6","0","0","0","0","0","0","0","0","","0","0","0","","","1","","1","","40 02:24.144","","0","75 01:39.268","3","0","0","0","67301","0","0","0","N","0","0","0","2","67301","0","","1.0","","1","N","N","N","0","","1","0","0","","3","","","2","1","0","0","0","0","1","2","0","2","","03","","N","","","","","","","","","",""
"2022039358","0640","0","0","0","0","0","0","0","0","0","1","0","","67","3","2022","2","40.037388","-75.013096","0619","6","0","0","0","0","0","0","0","0","","0","0","0","","","3","N","0","","40 02:14.595","2","0","75 00:47.145","3","0","0","0","67301","0","0","0","N","0","0","0","3","68K01","2","","1.0","720.0","1","N","N","N","0","","1","0","2","","0","N","","2","3","0","0","0","0","0","2","0","2","","03","","N","","","","","","","","","",""
"2022014782","1949","1","0","0","0","0","0","0","0","0","1","0","","67","1","2022","1","39.9755","-75.229944","1946","6","0","0","0","0","0","0","0","0","","0","0","0","","","0","N","0","","39 58:31.800","","0","75 13:47.800","0","0","0","0","67301","0","0","0","N","0","0","0","1","67301","0","","6.0","","9","N","N","N","0","","0","0","3","","0","","","4","0","0","0","0","0","0","2","0","4","","","","N","","","","","","","","","",""
"2022038526","2155","1","0","0","0","0","0","0","0","0","7","0","","67","4","2022","5","39.960005","-75.179783","2133","6","0","0","0","0","0","0","0","0","","0","0","0","","","0","","7","","39 57:36.017","4","2","75 10:47.219","0","0","0","0","67301","0","0","0","N","0","0","0","2","68K01","0","","2.0","2230.0","9","N","N","N","0","","0","0","0","","0","N","","1","0","0","0","0","0","0","2","0","1","","","","N","","","","","","","","","",""
"2022046226","2135","2","0","0","0","0","0","0","0","0","5","0","","67","5","2022","1","40.009012","-75.067805","2120","6","0","0","0","0","0","0","0","0","","0","0","0","","","0","N","0","","40 00:32.443","","0","75 04:04.098","0","0","0","0","67301","0","0","0","N","0","0","0","4","68K01","0","","2.0","","1","N","N","N","0","","0","0","0","","0","","","2","0","0","0","0","0","0","2","0","2","","03","","N","","","","","","","","","",""
"2022014654","0340","3","0","0","0","0","0","0","0","0","4","0","","67","2","2022","5","39.938889","-75.229764","0332","6","0","0","0","0","0","0","0","0","","0","0","0","","","1","","1","","39 56:20.000","","0","75 13:47.150","4","0","0","0","67301","0","0","0","N","0","0","0","2","67301","1","","1.0","","9","N","N","N","2","","0","0","0","","3","","","5","1","2","0","0","0","1","2","0","5","","07","","N","","","","","","","","","",""
"2022038518","0928","0","0","0","0","0","0","0","0","0","7","0","","67","4","2022","2","40.038689","-75.008795","0908","6","0","0","0","0","0","0","0","0","","0","0","0","","","0","N","0","","40 02:19.280","","0","75 00:31.662","0","0","0","0","67301","0","0","0","N","0","0","0","1","68K01","0","","4.0","","1","N","N","N","0","","0","0","1","","0","","","1","0","0","0","0","0","0","2","0","1","","","","N","","","","","","","","","",""
"2022013932","1551","1","0","0","0","0","0","0","0","0","1","0","","67","2","2022","5","39.946402","-75.142153","1523","6","0","0","0","0","0","0","0","0","","0","0","0","","","1","N","0","","39 56:47.048","","0","75 08:31.751","4","0","0","0","67301","0","0","0","N","0","0","0","2","68K01","1","","1.0","","9","N","N","N","0","","0","0","1","","0","","","2","1","0","0","0","0","0","2","0","2","","","","N","","","","","","","","","",""
"2022043192","1502","3","0","0","0","0","0","0","0","0","1","0","","67","5","2022","2","39.986559","-75.091452","1435","6","0","0","0","0","1","1","0","0","","0","1","0","","","0","N","0","","39 59:11.611","1","0","75 05:29.228","0","0","0","0","67301","0","0","0","N","0","0","0","7","68K01","0","","1.0","1544.0","1","N","N","N","0","","0","0","0","","0","N","","4","0","0","0","0","0","0","2","0","4","","03","","N","","","","","","","","","",""
"2022041160","0926","1","0","0","0","0","0","0","0","0","7","0","","67","4","2022","7","40.033609","-75.019954","0925","6","0","0","0","0","0","0","0","0","","0","0","0","","","0","N","0","","40 02:00.991","1","3","75 01:11.833","0","0","0","0","67301","0","0","0","N","0","0","0","1","68K01","0","","3.0","955.0","9","N","N","N","0","","0","0","0","","0","N","","1","0","0","0","0","0","0","2","0","1","","","","N","","","","","","","","","",""
"2022053688","1015","0","0","0","0","0","0","0","0","0","5","0","","67","4","2022","4","40.041139","-75.187667","1004","6","0","0","0","0","0","0","0","0","","0","0","0","","","0","N","0","","40 02:28.100","","0","75 11:15.600","0","0","0","0","67301","0","0","0","N","0","0","0","1","67301","0","","6.0","","1","N","N","Y","1","","0","0","1","","0","","","2","0","0","0","0","0","0","2","0","2","","04","","N","","","","","","","","","",""
"2022015906","1914","0","0","0","0","0","0","0","0","0","8","0","","67","2","2022","4","39.960209","-75.16686","1911","6","0","0","0","0","0","0","0","0","","0","0","0","","","1","","1","","39 57:36.752","","0","75 10:00.695","4","0","0","0","67301","1","0","0","N","1","0","0","2","67301","1","","1.0","","1","N","N","N","0","","0","0","1","","3","","","2","1","0","0","0","0","0","2","0","1","","","","N","","","","","","","","","",""
"2022014869","2358","1","0","0","0","0","0","0","0","0","2","0","","67","2","2022","6","40.036228","-75.149528","2357","6","0","0","0","0","0","0","1","0","","0","0","0","","","2","N","0","","40 02:10.420","7","0","75 08:58.300","2","0","0","0","67301","0","0","0","N","0","0","0","5","67301","0","","1.0","410.0","1","N","N","N","0","","0","2","3","","0","Y","","4","2","1","0","1","0","0","2","0","4","","","","N","","","","","","","","","",""
"2022038677","1339","1","0","0","0","0","0","0","0","0","7","0","","67","4","2022","4","40.005156","-75.196391","1334","6","0","0","0","0","0","0","0","0","","0","0","0","","","0","","7","","40 00:18.562","3","2","75 11:47.007","0","0","0","0","67301","0","0","0","Y","0","0","0","1","68K01","0","","2.0","1415.0","1","N","N","N","0","","0","0","0","","0","N","","1","0","0","0","0","0","0","2","0","1","","","","N","","","","","","","","","",""
"2022021931","1750","0","0","0","0","0","0","0","0","0","4","0","","67","2","2022","7","40.010496","-75.079052","1744","6","1","0","0","0","0","0","0","0","","0","0","0","","","1","N","0","","40 00:37.785","","7","75 04:44.588","3","0","0","1","67301","0","0","0","N","0","0","0","2","67301","0","","1.0","","1","N","N","N","1","","1","0","0","","0","","","2","1","0","0","0","0","0","2","0","2","","","","N","","","","","","","","","",""
"2022019639","1650","1","0","0","0","0","0","0","0","0","4","0","","67","2","2022","6","40.021555","-75.124352","1642","6","0","0","0","0","0","1","0","0","","0","0","0","","","0","","1","","40 01:17.597","1","0","75 07:27.667","0","0","0","0","67301","0","0","0","N","0","0","0","4","67301","0","","1.0","1712.0","9","N","N","N","0","","0","0","1","","2","N","","2","0","0","0","0","0","0","2","0","2","","07","","N","","","","","","","","","",""
"2022026962","1345","2","0","0","0","0","0","0","0","0","1","0","","67","3","2022","2","40.024253","-75.132698","1340","6","0","0","0","0","0","0","0","0","","0","0","0","","","1","N","0","","40 01:27.312","","0","75 07:57.713","3","0","0","0","67301","0","0","0","N","0","0","0","2","67301","0","","1.0","","1","N","N","N","0","","1","0","0","","0","","","2","1","0","0","0","0","0","2","0","2","","03","","N","","","","","","","","","",""
"2022014834","0002","4","0","0","0","0","0","0","0","0","5","0","","67","2","2022","7","39.970539","-75.139333","2355","6","0","0","0","0","0","0","0","0","","0","0","0","","","0","N","0","","39 58:13.940","2","0","75 08:21.600","0","0","0","0","67301","0","0","0","N","0","0","0","1","67301","0","","6.0","20.0","1","N","N","N","0","","0","0","2","","0","Y","","6","0","0","0","0","0","0","2","0","6","","","","N","","","","","","","","","",""
"2022014867","0717","0","0","0","0","0","0","0","0","0","4","0","","67","2","2022","5","40.041174","-75.118173","0717","6","0","0","0","0","0","0","0","0","","0","0","0","","","1","","2","","40 02:28.226","","0","75 07:05.422","8","0","0","0","67301","0","0","0","N","0","0","0","4","67301","0","","1.0","","9","N","N","N","0","","0","0","2","","3","","","2","1","0","0","0","1","3","2","0","2","","10","","N","","","","","","","","","",""
"2022014687","1145","2","0","0","0","0","0","0","0","0","4","0","","67","1","2022","6","40.057227","-75.207939","1140","6","0","0","0","1","0","0","0","1","","0","0","0","","","2","","2","","40 03:26.017","","0","75 12:28.580","3","0","0","0","67301","0","0","0","N","0","0","0","2","67301","0","","1.0","","6","N","N","Y","0","","2","0","0","","3","","","2","2","0","0","0","0","0","2","0","2","","","","N","","","","","","","","","",""
"2022014735","0146","2","0","0","0","0","0","0","0","0","4","0","","67","2","2022","7","40.032321","-75.030914","0140","6","0","0","0","0","0","0","0","0","","0","0","0","","","2","","1","","40 01:56.357","","0","75 01:51.292","3","0","0","0","67301","0","0","0","N","0","0","0","3","67301","0","","1.0","","1","N","N","N","0","","2","0","0","","2","","","2","2","0","0","0","0","0","2","0","2","","03","","N","","","","","","","","","",""
"2022013460","2230","2","0","0","0","0","0","0","0","0","4","0","","67","2","2022","1","40.004886","-75.153889","2230","6","0","0","0","0","0","0","0","0","","0","0","0","","","0","","1","","40 00:17.589","2","0","75 09:14.000","9","0","0","0","67301","0","0","0","N","0","0","0","2","67505","0","","1.0","10.0","1","N","N","N","0","","0","0","0","","2","Y","","2","0","0","0","0","0","1","2","0","2","","","","N","","","","","","","","","",""
"2022014893","0845","1","0","0","0","0","0","0","0","0","7","0","","67","1","2022","7","40.01305","-75.201492","0822","6","0","0","0","0","0","0","0","0","","0","0","0","","","0","N","0","","40 00:46.980","","0","75 12:05.370","0","0","0","0","67301","0","0","0","N","0","0","0","1","67301","0","","4.0","","7","N","N","N","0","","0","0","0","","0","","","1","0","0","0","0","0","0","2","0","1","","10","","N","","","","","","","","","",""
"2022011716","0101","1","0","0","0","0","0","0","0","0","5","0","","67","2","2022","4","39.95537","-75.147941","0101","6","0","0","0","0","0","0","0","0","","0","0","0","","","2","N","0","","39 57:19.331","","2","75 08:52.586","3","0","0","0","67301","0","0","0","N","0","0","0","2","67501","1","","1.0","","9","N","N","N","0","","1","0","1","","8","","","2","2","0","0","0","0","0","2","0","2","","","","N","","","","","","","","","",""
"2022014653","1650","1","0","0","0","0","0","0","0","0","4","0","","67","2","2022","4","39.923253","-75.220476","1650","6","0","0","0","1","0","0","0","0","","0","0","0","","","0","","2","","39 55:23.710","","0","75 13:13.713","0","0","0","0","67301","0","0","0","N","0","0","0","2","67301","0","","1.0","","1","N","N","N","0","","0","0","1","","2","","","2","0","0","0","0","0","0","2","0","2","","03","","N","","","","","","","","","",""
"2022019640","0737","3","0","0","0","0","0","0","0","0","5","0","","67","2","2022","7","40.024417","-75.122111","0734","6","0","0","0","0","0","0","0","0","","0","0","0","","","1","N","0","","40 01:27.900","","0","75 07:19.600","3","0","0","0","67301","0","0","0","N","0","0","0","1","67301","0","","6.0","","1","N","N","N","0","","1","0","0","","0","","","4","1","0","0","0","0","0","2","1","4","","03","","N","","","","","","","","","",""
"2022045385","1302","3","0","0","0","0","0","0","0","0","4","0","","67","5","2022","7","40.035648","-75.081016","1259","6","0","0","0","0","0","0","0","0","","0","0","0","","","3","","1","","40 02:08.332","6","0","75 04:51.656","3","0","0","0","67301","0","0","0","N","0","0","0","4","67301","0","","1.0","1342.0","9","N","N","N","0","","3","0","1","","2","N","","4","3","0","0","0","0","0","2","0","4","","04","","N","","","","","","","","","",""
"2022013211","0149","2","0","0","0","0","0","0","0","0","1","0","","67","2","2022","1","39.974417","-75.158056","0148","6","0","0","0","0","0","0","0","0","","0","0","0","","","1","N","0","","39 58:27.900","","0","75 09:29.000","8","0","0","0","67301","0","0","0","N","0","0","0","1","67505","0","","6.0","","1","N","N","N","0","","0","0","1","","0","","","3","1","0","0","0","1","0","2","0","3","","03","","N","","","","","","","","","",""
"2022038666","0942","0","0","0","0","0","0","0","0","0","1","0","","67","4","2022","5","40.027802","-75.024591","0942","6","0","0","0","0","0","1","0","0","","0","0","0","","","0","N","0","","40 01:40.087","","0","75 01:28.527","0","0","0","0","67301","0","0","0","N","0","0","0","2","68K01","0","","1.0","","1","N","N","N","0","","0","0","2","","0","","","2","0","0","0","0","0","0","2","0","2","","","","N","","","","","","","","","",""
"2022018139","0058","3","0","0","0","0","0","0","0","0","5","0","","67","2","2022","7","39.979639","-75.162639","0058","6","0","0","0","0","0","0","0","0","","0","0","0","","","0","N","0","","39 58:46.700","2","0","75 09:45.500","0","0","0","0","67301","0","0","0","N","0","0","0","1","67505","0","","6.0","125.0","1","N","N","N","0","","0","0","2","","0","Y","","5","0","1","0","0","0","0","2","0","5","","03","","N","","","","","","","","","",""
"2022043687","0322","0","0","0","0","0","0","0","0","0","7","0","","67","4","2022","4","40.046414","-75.001108","0305","6","0","0","0","0","0","0","0","0","","0","0","0","","","0","N","0","","40 02:47.089","","0","75 00:03.987","0","0","0","0","67301","0","0","0","Y","0","0","0","1","68K01","0","","4.0","","1","N","N","N","0","","0","0","1","","0","","","1","0","0","0","0","0","0","2","0","1","","03","","N","","","","","","","","","",""
"2022022805","0812","0","0","0","0","0","0","0","0","0","7","0","","67","3","2022","6","39.921361","-75.190639","0808","6","0","0","0","0","0","0","0","0","","0","0","0","","","1","N","0","","39 55:16.900","3","8","75 11:26.300","4","0","0","0","67301","0","0","0","N","0","0","0","1","67501","1","","4.0","835.0","1","N","N","N","0","","0","0","1","","0","N","","1","1","0","0","0","0","0","2","0","1","","03","","N","","","","","","","","","",""
"2022014592","1137","1","0","0","0","0","0","0","0","0","4","0","","67","2","2022","5","40.128935","-75.008739","1130","6","0","0","0","0","0","0","0","1","","0","0","0","","","1","","1","","40 07:44.165","","0","75 00:31.460","8","0","0","0","67301","0","0","0","N","0","0","0","3","67301","0","","1.0","","9","N","N","N","0","","0","0","1","","3","","","2","1","0","0","0","1","0","2","0","2","","07","","N","","","","","","","","","",""
"2022014748","0427","1","0","0","0","0","0","0","0","0","4","0","","67","2","2022","1","39.973833","-75.206444","0427","6","0","0","0","0","0","0","0","0","","0","0","0","","","3","","1","","39 58:25.797","","0","75 12:23.198","2","0","0","0","67301","0","0","0","N","0","0","0","3","67301","1","","1.0","","1","N","N","N","0","","1","1","1","","2","","","2","3","0","0","0","0","0","2","0","2","","","","N","","","","","","","","","",""
"2022044023","0430","1","0","0","0","0","0","0","0","0","4","0","","67","3","2022","5","40.004199","-75.099379","0430","6","0","0","0","0","0","0","0","0","","0","0","0","","","0","","1","","40 00:15.118","3","1","75 05:57.764","9","0","0","0","67301","0","0","0","N","0","0","0","2","67301","0","","1.0","445.0","1","N","N","N","0","","0","0","1","","2","N","","2","0","0","0","0","0","1","2","0","2","","03","","N","","","","","","","","","",""
"2022034785","0220","1","0","0","0","0","0","0","0","0","5","1","","67","4","2022","6","39.953938","-75.139855","0217","6","0","0","0","0","0","0","0","0","","0","1","0","","","0","N","0","","39 57:14.176","","3","75 08:23.478","9","0","0","0","67301","0","0","0","N","0","0","0","2","67501","0","","1.0","","9","N","N","Y","0","","0","0","0","","1","","","2","0","0","0","0","0","1","2","0","2","","","","N","","","","","","","","","",""
"2022014894","0850","2","0","0","0","0","0","0","0","0","4","0","","67","1","2022","2","40.020659","-75.148756","0845","6","0","0","0","0","0","0","0","0","","0","0","0","","","0","","2","","40 01:14.374","4","0","75 08:55.521","0","0","0","0","67301","0","0","0","N","0","0","0","3","67301","0","","1.0","938.0","6","N","N","N","0","","0","0","0","","0","Y","","2","0","0","0","0","0","0","2","0","2","","","","N","","","","","","","","","",""
"2022038649","1046","2","0","0","0","0","0","0","0","0","7","0","","67","3","2022","5","40.040643","-75.005589","1040","6","0","0","0","0","0","0","0","0","","0","0","0","","","1","N","0","","40 02:26.316","2","0","75 00:20.120","3","0","0","0","67301","0","0","0","N","0","0","0","2","68K01","0","","4.0","1100.0","9","N","N","N","0","","1","0","0","","0","N","","2","1","0","0","0","0","0","2","0","2","","","","N","","","","","","","","","",""
"2022042371","0637","2","0","0","0","0","0","0","0","0","7","0","","67","5","2022","4","39.968211","-75.129146","0624","6","0","0","0","0","0","2","0","0","","0","0","0","","","2","N","0","","39 58:05.560","1","0","75 07:44.927","8","0","0","0","67301","0","0","0","N","0","0","0","3","68K01","0","","3.0","655.0","9","N","N","N","1","","0","0","0","","0","N","","3","2","1","0","0","2","0","2","0","3","","","","N","","","","","","","","","",""
"2022039414","0236","1","0","0","0","0","0","0","0","0","7","0","","67","4","2022","3","39.968697","-75.127693","0225","6","0","0","0","0","0","0","0","0","","0","0","0","","","1","N","0","","39 58:07.309","1","0","75 07:39.693","4","0","0","0","67301","0","0","0","N","0","0","0","1","68K01","1","","2.0","245.0","1","N","N","N","0","","0","0","0","","0","Y","","1","1","0","0","0","0","0","2","0","1","","03","","N","","","","","","","","","",""
"2022039375","2110","1","0","1","0","0","0","0","0","0","7","0","","67","4","2022","4","40.035496","-75.017157","2101","6","0","0","0","0","0","1","0","0","","0","0","0","","","1","N","0","","40 02:07.785","1","0","75 01:01.764","2","0","0","0","67301","0","0","0","N","0","0","0","1","68K01","0","","2.0","2139.0","1","N","N","N","0","","0","1","0","","0","N","","1","1","0","0","0","0","0","2","0","1","","03","","N","","","","","","","","","",""
"2022017337","1250","1","0","0","0","0","0","0","0","0","6","0","","67","2","2022","1","40.046355","-75.15069","1250","6","0","0","0","0","0","0","0","0","","0","0","0","","","4","","1","","40 02:46.877","","0","75 09:02.484","4","0","0","0","67301","0","0","0","N","0","0","0","5","67301","4","","1.0","","99","N","N","N","0","","0","0","1","","2","","","2","4","2","0","0","0","1","2","0","2","","","","N","","","","","","","","","",""
"2022014550","0415","2","0","0","0","0","0","0","0","0","2","0","","67","2","2022","1","40.0331","-75.09005","0409","6","0","0","0","0","0","0","0","0","","0","0","0","","","0","N","0","","40 01:59.160","","0","75 05:24.180","0","0","0","0","67301","0","0","0","N","0","0","0","1","67301","0","","1.0","","1","N","N","N","0","","0","0","0","","0","","","2","0","0","0","0","0","0","2","0","2","","03","","N","","","","","","","","","",""
"2022020341","1357","2","0","0","0","0","0","0","0","0","4","0","","67","2","2022","6","39.953526","-75.226217","1357","6","0","0","0","0","0","1","0","0","","0","0","0","","","0","","1","","39 57:12.694","6","0","75 13:34.382","9","0","0","0","67301","0","0","0","N","0","0","0","2","67301","0","","1.0","1456.0","1","N","N","Y","0","","0","0","1","","2","Y","","3","0","0","0","0","0","1","2","0","3","","03","","N","","","","","","","","","",""
"2022045507","0524","1","0","0","0","0","0","0","0","0","7","0","","67","4","2022","7","39.960819","-75.181981","0512","6","0","0","0","0","0","0","0","0","","0","0","0","","","0","N","0","","39 57:38.947","3","0","75 10:55.130","9","0","0","0","67301","0","0","0","N","0","0","0","1","68K01","0","","4.0","610.0","1","N","N","N","0","","0","0","0","","0","N","","1","0","0","0","0","0","1","2","0","1","","","","N","","","","","","","","","",""
"2022038557","0902","2","0","0","0","0","0","0","0","0","5","1","","67","4","2022","4","39.985347","-75.208176","0902","6","0","0","0","0","0","2","0","0","","0","1","0","","","0","N","0","","39 59:07.249","3","0","75 12:29.435","0","0","0","0","67301","0","0","0","N","0","0","0","6","68K01","0","","1.0","952.0","1","N","N","N","1","","0","0","1","","0","N","","5","0","0","0","0","0","0","2","0","5","","","","N","","","","","","","","","",""
"2022014594","1813","2","0","0","0","0","0","0","0","0","1","0","","67","2","2022","1","40.06492","-75.051547","1813","6","0","0","0","0","0","0","0","0","","0","0","0","","","1","","1","","40 03:53.711","","0","75 03:05.569","3","0","0","0","67301","0","0","0","N","0","0","0","2","67301","0","","1.0","","1","N","N","N","0","","1","0","0","","2","","","2","1","0","0","0","0","0","2","0","2","","03","","N","","","","","","","","","",""
"2022038669","0804","0","0","0","0","0","0","0","0","0","5","1","","67","4","2022","6","40.040504","-75.005402","0741","6","0","0","0","0","0","1","0","0","","0","1","0","","","1","N","0","","40 02:25.813","","0","75 00:19.446","3","0","0","0","67301","0","0","0","N","0","0","0","2","68K01","0","","1.0","","1","N","N","N","0","","1","0","0","","0","","","2","1","0","0","0","0","1","2","1","2","","","","N","","","","","","","","","",""
"2022043847","1920","1","0","0","0","0","0","0","0","0","7","0","","67","4","2022","4","40.053038","-74.982753","1920","6","0","1","0","0","0","0","0","0","","0","0","0","","","0","","1","","40 03:10.938","4","0","74 58:57.912","9","0","0","0","67301","0","0","0","N","0","0","0","1","67301","0","","5.0","50.0","1","N","N","N","0","","0","0","0","","2","Y","","1","0","0","0","0","0","1","2","0","1","","03","","N","","","","","","","","","",""
"2022037463","1534","1","0","0","0","0","0","0","0","0","0","0","","67","3","2022","5","39.891631","-75.23704","1512","6","0","0","0","0","0","0","0","0","","0","0","0","","","2","N","0","","39 53:29.871","","0","75 14:13.343","8","0","0","0","67301","0","0","0","N","0","0","0","2","68K01","0","","5.0","","1","N","N","N","0","","0","0","0","","0","","","1","2","0","0","0","2","0","2","0","1","","03","","N","","","","","","","","","",""
"2022043910","1944","2","0","0","0","0","0","0","0","0","2","0","","67","5","2022","4","40.081746","-75.171681","1940","6","0","0","0","0","0","0","0","0","","0","0","0","","","3","","1","","40 04:54.285","7","0","75 10:18.052","3","0","0","0","67301","0","0","0","N","0","0","0","4","67301","0","","1.0","2022.0","1","N","N","N","0","","3","0","0","","2","Y","","2","3","0","0","0","0","0","2","0","2","","03","","N","","","","","","","","","",""