"CRN","ARRIVAL_TM","AUTOMOBILE_COUNT","BELTED_DEATH_COUNT","BELTED_SUSP_SERIOUS_INJ_COUNT","BICYCLE_COUNT","BICYCLE_DEATH_COUNT","BICYCLE_SUSP_SERIOUS_INJ_COUNT","BUS_COUNT","CHLDPAS_DEATH_COUNT","CHLDPAS_SUSP_SERIOUS_INJ_COUNT","COLLISION_TYPE","COMM_VEH_COUNT","CONS_ZONE_SPD_LIM","COUNTY","CRASH_MONTH","CRASH_YEAR","DAY_OF_WEEK","DEC_LATITUDE","DEC_LONGITUDE","DISPATCH_TM","DISTRICT","DRIVER_COUNT_16YR","DRIVER_COUNT_17YR","DRIVER_COUNT_18YR","DRIVER_COUNT_19YR","DRIVER_COUNT_20YR","DRIVER_COUNT_50_64YR","DRIVER_COUNT_65_74YR","DRIVER_COUNT_75PLUS","EST_HRS_CLOSED","FATAL_COUNT","HEAVY_TRUCK_COUNT","HORSE_BUGGY_COUNT","HOUR_OF_DAY","ILLUMINATION","INJURY_COUNT","INTERSECTION_RELATED","INTERSECT_TYPE","LANE_CLOSED","LATITUDE","LN_CLOSE_DIR","LOCATION_TYPE","LONGITUDE","MAX_SEVERITY_LEVEL","MCYCLE_DEATH_COUNT","MCYCLE_SUSP_SERIOUS_INJ_COUNT","MOTORCYCLE_COUNT","MUNICIPALITY","NONMOTR_COUNT","NONMOTR_DEATH_COUNT","NONMOTR_SUSP_SERIOUS_INJ_COUNT","NTFY_HIWY_MAINT","PED_COUNT","PED_DEATH_COUNT","PED_SUSP_SERIOUS_INJ_COUNT","PERSON_COUNT","POLICE_AGCY","POSSIBLE_INJ_COUNT","RDWY_SURF_TYPE_CD","RELATION_TO_ROAD","ROADWAY_CLEARED","ROAD_CONDITION","SCH_BUS_IND","SCH_ZONE_IND","SECONDARY_CRASH","SMALL_TRUCK_COUNT","SPEC_JURIS_CD","SUSP_MINOR_INJ_COUNT","SUSP_SERIOUS_INJ_COUNT","SUV_COUNT","TCD_FUNC_CD","TCD_TYPE","TFC_DETOUR_IND","TIME_OF_DAY","TOTAL_UNITS","TOT_INJ_COUNT","UNBELTED_OCC_COUNT","UNB_DEATH_COUNT","UNB_SUSP_SERIOUS_INJ_COUNT","UNK_INJ_DEG_COUNT","UNK_INJ_PER_COUNT","URBAN_RURAL","VAN_COUNT","VEHICLE_COUNT","WEATHER1","WEATHER2","WORKERS_PRES","WORK_ZONE_IND","WORK_ZONE_LOC","WORK_ZONE_TYPE","WZ_CLOSE_DETOUR","WZ_FLAGGER","WZ_LAW_OFFCR_IND","WZ_LN_CLOSURE","WZ_MOVING","WZ_OTHER","WZ_SHLDER_MDN","WZ_WORKERS_INJ_KILLED"
"2022029215","2012","0","0","0","0","0","0","0","0","0","7","0","","67","3","2022","3","40.029044","-75.101646","2009","6","0","0","0","0","0","1","0","0","","0","0","0","","","0","N","0","","40 01:44.558","","0","75 06:05.927","0","0","0","0","67301","0","0","0","N","0","0","0","1","67301","0","","5.0","","1","N","N","N","0","","0","0","1","","0","","","1","0","0","0","0","0","0","2","0","1","","","","N","","","","","","","","","",""
"2022014767","1210","0","0","0","0","0","0","0","0","0","8","0","","67","2","2022","7","39.955824","-75.191467","1204","6","0","0","0","0","0","0","0","0","","0","0","0","","","2","","1","","39 57:20.966","","0","75 11:29.280","3","0","0","0","67301","2","0","0","N","2","0","0","3","67301","0","","1.0","","1","N","N","N","0","","2","0","0","","2","","","3","2","0","0","0","0","0","2","1","1","","","","N","","","","","","","","","",""
"2022016552","2336","0","0","0","0","0","0","0","0","0","2","0","","67","2","2022","6","40.013396","-75.205524","2334","6","0","0","0","0","0","0","0","0","","0","0","0","","","0","N","0","","40 00:48.226","3","2","75 12:19.885","0","0","0","0","67301","0","0","0","N","0","0","0","3","68K01","0","","1.0","115.0","1","N","N","N","0","","0","0","2","","0","N","","2","0","0","0","0","0","0","2","0","2","","","","N","","","","","","","","","",""
"2022014558","1800","3","0","0","0","0","0","0","0","0","5","1","","67","2","2022","5","39.922831","-75.148281","1758","6","0","0","0","0","0","0","0","0","","0","1","0","","","0","N","0","","39 55:22.190","4","0","75 08:53.810","0","0","0","0","67301","0","0","0","N","0","0","0","1","67301","0","","6.0","1852.0","9","N","N","N","2","","0","0","6","","0","Y","","12","0","0","0","0","0","0","2","0","12","","","","N","","","","","","","","","",""
"2022014655","0215","1","0","0","0","0","0","0","0","0","4","0","","67","2","2022","5","39.911336","-75.242664","2300","6","0","0","0","0","0","1","0","0","","0","0","0","","","0","","5","","39 54:40.810","","0","75 14:33.592","0","0","0","0","67301","0","0","0","N","0","0","0","2","67301","0","","1.0","","9","N","N","N","0","","0","0","1","","2","","","2","0","1","0","0","0","0","2","0","2","","07","","N","","","","","","","","","",""
"2022038558","1539","1","0","0","0","0","0","0","0","0","4","0","","67","4","2022","4","39.957091","-75.152168","1512","6","0","0","0","1","0","1","0","0","","0","0","0","","","0","N","0","","39 57:25.527","","0","75 09:07.806","0","0","0","0","67301","0","0","0","N","0","0","0","4","68K01","0","","1.0","","1","N","N","N","1","","0","0","0","","0","","","2","0","0","0","0","0","0","2","0","2","","03","","N","","","","","","","","","",""
"2022014747","1228","2","0","0","0","0","0","0","0","0","4","0","","67","2","2022","6","39.974638","-75.199108","1227","6","0","0","0","0","0","0","0","0","","0","0","0","","","0","","1","","39 58:28.698","","2","75 11:56.790","0","0","0","0","67301","0","0","0","N","0","0","0","2","67301","0","","1.0","","9","N","N","N","0","","0","0","0","","2","","","2","0","0","0","0","0","0","2","0","2","","","","N","","","","","","","","","",""
"2022043969","0040","0","0","0","0","0","0","0","0","0","8","0","","67","4","2022","6","39.953811","-75.219789","0033","6","0","0","0","0","0","1","0","0","","0","0","0","","","1","N","0","","39 57:13.720","","0","75 13:11.240","8","0","0","0","67301","1","0","0","N","1","0","0","2","67301","0","","1.0","","1","N","N","N","0","","0","0","1","","0","","","2","1","0","0","0","1","0","2","0","1","","03","","N","","","","","","","","","",""
"2022044049","0735","2","0","0","0","0","0","0","0","0","4","0","","67","4","2022","7","39.998477","-75.129036","0726","6","0","0","0","0","0","0","0","0","","0","0","0","","","1","N","0","","39 59:54.516","","0","75 07:44.530","8","0","0","0","67301","0","0","0","N","0","0","0","3","67301","0","","1.0","","1","N","N","N","0","","0","0","0","","0","","","2","1","0","0","0","1","0","2","0","2","","03","","N","","","","","","","","","",""
"2022043931","0011","1","0","0","0","0","0","0","0","0","1","0","","67","4","2022","5","40.015594","-75.084706","0010","6","0","0","0","0","0","0","0","0","","0","0","0","","","0","N","0","","40 00:56.140","","0","75 05:04.940","0","0","0","0","67301","0","0","0","N","0","0","0","1","67301","0","","6.0","","1","N","N","N","0","","0","0","1","","0","","","2","0","0","0","0","0","0","2","0","2","","","","N","","","","","","","","","",""
"2022014593","1843","0","0","0","0","0","0","0","0","0","8","0","","67","2","2022","6","40.09587","-75.02522","1828","6","0","0","0","0","0","1","0","0","","0","0","0","","","1","","1","","40 05:45.132","","0","75 01:30.792","8","0","0","0","67301","1","0","0","N","1","0","0","2","67301","0","","1.0","","9","N","N","N","0","","0","0","1","","2","","","2","1","0","0","0","1","0","2","0","1","","","","N","","","","","","","","","",""
"2022020642","0543","0","0","0","0","0","0","0","0","0","5","0","45","67","2","2022","6","39.994937","-75.083563","0524","6","0","0","0","0","0","2","0","0","","0","0","0","","","1","N","0","","39 59:41.773","1","0","75 05:00.825","8","0","0","0","67301","0","0","0","N","0","0","0","4","68K01","0","","1.0","600.0","9","N","N","N","0","","0","0","3","","0","N","","4","1","0","0","0","1","0","2","0","4","","","N","Y","4","1","","","N","","","","Y","N"
"2022016150","2355","1","0","0","0","0","0","0","0","0","4","0","","67","2","2022","7","40.123573","-75.015465","2350","6","0","0","0","0","0","0","0","0","","0","0","0","","","0","","1","","40 07:24.863","","0","75 00:55.673","9","0","0","0","67301","0","0","0","N","0","0","0","4","67301","0","","1.0","","1","N","N","N","1","","0","0","0","","2","","","2","0","0","0","0","0","1","2","0","2","","03","","N","","","","","","","","","",""
"2022048409","1655","0","0","0","0","0","0","0","0","0","7","0","","67","4","2022","5","39.905517","-75.240584","1654","6","0","0","0","0","0","0","0","0","","0","0","0","","","0","N","0","","39 54:19.862","","0","75 14:26.101","0","0","0","0","67301","0","0","0","N","0","0","0","1","67301","0","","3.0","","9","N","N","N","0","","0","0","1","","0","","","1","0","0","0","0","0","0","2","0","1","","07","","N","","","","","","","","","",""
"2022045498","1340","1","0","0","0","0","0","0","0","0","0","0","","67","3","2022","6","39.965408","-75.136761","1335","6","0","0","0","0","0","0","0","0","","0","0","0","","","0","N","0","","39 57:55.470","","0","75 08:12.339","0","0","0","0","67301","0","0","0","N","0","0","0","2","68K01","0","","1.0","","1","N","N","N","0","","0","0","0","","0","","","1","0","0","0","0","0","0","2","0","1","","","","N","","","","","","","","","",""
"2022029446","2005","3","0","0","0","0","0","0","0","0","4","0","","67","3","2022","3","39.947778","-75.227428","2000","6","0","0","0","0","0","0","0","0","","0","0","0","","","1","","5","","39 56:52.000","","0","75 13:38.740","3","0","0","0","67301","0","0","0","N","0","0","0","2","67301","0","","1.0","","1","N","N","N","0","","1","0","0","","2","","","3","1","1","0","0","0","0","2","0","3","","03","","N","","","","","","","","","",""
"2022039362","0113","1","0","0","0","0","0","0","0","0","7","0","","67","4","2022","4","39.958908","-75.180446","0109","6","0","0","0","0","0","0","0","0","","0","0","0","","","1","N","0","","39 57:32.070","","0","75 10:49.604","3","0","0","0","67301","0","0","0","N","0","0","0","1","68K01","0","","4.0","","9","N","N","N","0","","1","0","0","","0","","","1","1","0","0","0","0","0","2","0","1","","07","","N","","","","","","","","","",""
"2022053262","0534","0","0","0","0","0","0","0","0","0","7","0","","67","5","2022","7","39.942555","-75.142923","0525","6","0","0","0","0","0","0","0","0","","0","0","0","","","0","N","0","","39 56:33.198","","0","75 08:34.521","0","0","0","0","67301","0","0","0","N","0","0","0","1","68K01","0","","3.0","","9","N","N","N","0","","0","0","1","","0","","","1","0","0","0","0","0","0","2","0","1","","","","N","","","","","","","","","",""
"2022039747","0753","2","0","0","0","0","0","0","0","0","1","0","","67","4","2022","4","39.991581","-75.085946","0741","6","0","0","0","0","0","0","0","0","","0","0","0","","","3","N","0","","39 59:29.692","1","0","75 05:09.406","3","0","0","0","67301","0","0","0","N","0","0","0","4","68K01","0","","1.0","850.0","1","N","N","Y","0","","3","0","2","","0","N","","4","3","1","0","0","0","0","2","0","4","","03","","N","","","","","","","","","",""
"2022031229","2118","2","0","0","0","0","0","0","0","0","4","0","","67","3","2022","3","40.004199","-75.099379","2118","6","0","0","0","0","0","0","0","0","","0","0","0","","","0","","1","","40 00:15.118","","1","75 05:57.764","0","0","0","0","67301","0","0","0","N","0","0","0","2","67301","0","","1.0","","1","N","N","N","0","","0","0","0","","2","","","2","0","2","0","0","0","0","2","0","2","","03","","N","","","","","","","","","",""
"2022044096","2213","3","0","0","0","0","0","0","0","0","2","0","","67","5","2022","1","40.02086","-75.148605","2158","6","0","0","0","0","0","1","0","0","","0","0","0","","","2","N","0","","40 01:15.095","","0","75 08:54.978","3","0","0","0","67301","0","0","0","N","0","0","0","3","67301","0","","1.0","","1","N","N","N","0","","2","0","0","","0","","","3","2","3","0","0","0","0","2","0","3","","03","","N","","","","","","","","","",""
"2022020669","1744","1","0","0","0","0","0","0","0","0","4","0","","67","2","2022","6","40.024164","-75.095536","1734","6","0","0","0","0","0","1","0","0","","0","0","0","","","1","","1","","40 01:26.990","","0","75 05:43.929","3","0","0","0","67301","0","0","0","N","0","0","0","2","67301","0","","1.0","","1","N","N","N","0","","1","0","1","","2","","","2","1","0","0","0","0","0","2","0","2","","","","N","","","","","","","","","",""
"2022017261","1802","0","0","0","0","0","0","0","0","0","8","0","","67","2","2022","3","39.921894","-75.227703","1800","6","0","0","0","0","0","1","0","0","","0","0","0","","","1","","1","","39 55:18.818","","0","75 13:39.730","3","0","0","0","67301","1","0","0","N","1","0","0","2","67301","0","","1.0","","1","N","N","N","0","","1","0","1","","2","","","2","1","0","0","0","0","0","2","0","1","","","","N","","","","","","","","","",""
"2022044170","1810","2","0","0","0","0","0","0","0","0","6","0","","67","5","2022","1","40.028549","-75.057919","1809","6","0","0","0","0","0","0","0","0","","0","0","0","","","0","","1","","40 01:42.775","","0","75 03:28.507","9","0","0","0","67301","0","0","0","N","0","0","0","5","67301","0","","1.0","","1","N","N","N","0","","0","0","0","","2","","","2","0","0","0","0","0","1","2","0","2","","03","","N","","","","","","","","","",""
"2022019556","2015","0","0","0","0","0","0","0","0","0","8","0","","67","2","2022","2","39.91442","-75.15306","2000","6","0","0","0","0","0","1","0","0","","0","0","0","","","1","","2","","39 54:51.912","","0","75 09:11.017","3","0","0","0","67301","1","0","0","N","1","0","0","2","67301","0","","1.0","","1","N","N","N","0","","1","0","1","","2","","","2","1","0","0","0","0","0","2","0","1","","03","","N","","","","","","","","","",""
"2022013519","0100","1","0","0","0","0","0","0","0","0","7","0","","67","2","2022","6","39.960407","-75.181158","0049","6","0","0","0","0","0","0","0","0","","0","0","0","","","1","","7","","39 57:37.466","","8","75 10:52.167","4","0","0","0","67301","0","0","0","Y","0","0","0","1","68K01","1","","7.0","","9","N","N","N","0","","0","0","0","","0","","","1","1","1","0","0","0","0","2","0","1","","","","N","","","","","","","","","",""
"2022041038","0656","1","0","0","0","0","0","0","0","0","7","0","","67","4","2022","1","39.92374","-75.147521","0651","6","0","0","0","0","0","0","0","0","","0","0","0","","","1","N","0","","39 55:25.464","2","3","75 08:51.074","8","0","0","0","67301","0","0","0","N","0","0","0","1","68K01","0","","2.0","730.0","1","N","N","N","0","","0","0","0","","0","N","","1","1","0","0","0","1","0","2","0","1","","03","","N","","","","","","","","","",""
"2022038334","1235","1","0","0","0","0","0","0","0","0","7","0","","67","4","2022","7","39.912417","-75.173917","1230","6","0","0","0","0","0","0","0","0","","0","0","0","","","0","","7","","39 54:44.700","3","8","75 10:26.100","0","0","0","0","67301","0","0","0","N","0","0","0","1","67501","0","","4.0","1310.0","1","N","N","N","0","","0","0","0","","0","Y","","1","0","0","0","0","0","0","2","0","1","","03","","N","","","","","","","","","",""
"2022021930","0805","1","0","0","0","0","0","0","0","0","4","0","","67","3","2022","4","40.060926","-75.024171","0756","6","0","0","0","0","0","0","1","0","","0","0","0","","","2","","2","","40 03:39.335","5","0","75 01:27.017","8","0","0","0","67301","0","0","0","N","0","0","0","3","67301","0","","1.0","1000.0","1","N","N","N","0","","0","0","2","","0","Y","","3","2","0","0","0","2","0","2","0","3","","03","","N","","","","","","","","","",""
"2022045304","0316","1","0","0","0","0","0","0","0","0","1","0","","67","4","2022","6","39.989558","-75.170334","0300","6","0","0","0","0","0","0","0","0","","0","0","0","","","1","","2","","39 59:22.408","","0","75 10:13.202","3","0","0","0","67301","0","0","0","N","0","0","0","2","67301","0","","1.0","","8","N","N","N","0","","1","0","1","","3","","","2","1","1","0","0","0","0","2","0","2","","","","N","","","","","","","","","",""
"2022039730","2235","2","0","0","0","0","0","0","0","0","5","0","","67","4","2022","6","39.901283","-75.152411","2228","6","0","0","0","0","0","0","0","0","","0","0","0","","","2","N","0","","39 54:04.619","","0","75 09:08.678","4","0","0","0","67301","0","0","0","N","0","0","0","4","68K01","2","","1.0","","1","N","N","N","0","","0","0","0","","0","","","2","2","0","0","0","0","0","2","0","2","","03","","N","","","","","","","","","",""
"2022044013","2101","3","0","0","0","0","0","0","0","0","4","0","","67","2","2022","2","39.997342","-75.120319","2101","6","0","0","0","1","0","0","0","0","","0","0","0","","","0","","1","","39 59:50.432","","0","75 07:13.150","0","0","0","0","67301","0","0","0","N","0","0","0","5","67301","0","","1.0","","1","N","N","Y","0","","0","0","1","","0","","","4","0","0","0","0","0","0","2","0","4","","03","","N","","","","","","","","","",""
"2022014595","1001","0","0","0","0","0","0","0","0","0","4","0","","67","2","2022","2","40.062448","-75.042717","0952","6","0","0","0","0","0","0","1","0","","0","0","0","","","2","","2","","40 03:44.813","2","0","75 02:33.782","3","0","0","0","67301","0","0","0","N","0","0","0","3","67301","0","","1.0","1020.0","9","N","N","N","0","","2","0","1","","2","N","","2","2","0","0","0","0","0","2","1","2","","04","","N","","","","","","","","","",""
"2022016288","0115","1","0","0","0","0","0","0","0","0","7","0","","67","2","2022","7","39.905738","-75.193924","0115","6","0","0","0","0","0","0","0","0","","0","0","0","","","2","","1","","39 54:20.655","","0","75 11:38.126","3","0","0","0","67301","0","0","0","N","0","0","0","2","67301","0","","4.0","","1","N","N","N","0","","2","0","0","","1","","","1","2","2","0","0","0","0","2","0","1","","","","N","","","","","","","","","",""
"2022019586","1625","2","0","0","0","0","0","0","0","0","4","0","","67","2","2022","7","40.071537","-75.165423","1615","6","0","0","0","0","0","1","0","0","","0","0","0","","","0","","1","","40 04:17.533","","0","75 09:55.522","0","0","0","0","67301","0","0","0","N","0","0","0","2","67301","0","","1.0","","1","N","N","N","0","","0","0","0","","3","","","2","0","0","0","0","0","0","2","0","2","","03","","N","","","","","","","","","",""
"2022014766","1205","2","0","0","0","0","0","0","0","0","4","0","","67","2","2022","7","39.953994","-75.234313","1200","6","0","0","0","0","0","0","0","0","","0","0","0","","","0","","1","","39 57:14.378","2","0","75 14:03.526","0","0","0","0","67301","0","0","0","N","0","0","0","3","67301","0","","1.0","1250.0","1","N","N","N","0","","0","0","0","","3","N","","2","0","0","0","0","0","0","2","0","2","","03","","N","","","","","","","","","",""
"2022045909","0650","3","0","0","0","0","0","0","0","0","1","0","","67","4","2022","6","39.972948","-75.171029","0645","6","0","0","0","0","0","0","1","0","","0","0","0","","","0","N","0","","39 58:22.611","","0","75 10:15.703","0","0","0","0","67301","0","0","0","N","0","0","0","3","67301","0","","1.0","","1","N","N","Y","1","","0","0","0","","0","","","5","0","0","0","0","0","0","2","1","5","","03","","N","","","","","","","","","",""
"2022014868","1410","1","0","0","0","0","0","0","0","0","4","0","","67","2","2022","5","40.026037","-75.146678","1402","6","0","0","0","0","0","1","0","1","","0","0","0","","","1","","1","","40 01:33.733","","0","75 08:48.040","3","0","0","0","67301","0","0","0","N","0","0","0","2","67301","0","","1.0","","9","N","N","N","0","","1","0","1","","2","","","2","1","0","0","0","0","0","2","0","2","","07","","N","","","","","","","","","",""
"2022045615","0655","0","0","0","0","0","0","0","0","0","7","0","","67","5","2022","1","39.960338","-75.181298","0650","6","0","0","0","0","0","0","0","0","","0","0","0","","","3","N","0","","39 57:37.218","4","0","75 10:52.671","4","0","0","0","67301","0","0","0","N","0","0","0","4","68K01","2","","2.0","735.0","9","N","N","N","0","","0","0","1","","0","Y","","2","3","0","0","0","1","1","2","0","2","","03","","N","","","","","","","","","",""
"2022021466","1630","0","0","0","0","0","0","0","0","0","4","0","","67","2","2022","2","40.053112","-75.13777","1626","6","0","0","0","0","0","1","0","0","","0","0","0","","","2","","1","","40 03:11.203","","0","75 08:15.971","3","0","0","0","67301","0","0","0","N","0","0","0","4","67301","0","","1.0","","1","N","N","N","0","","2","0","1","","2","","","2","2","0","0","0","0","0","2","0","2","","03","","N","","","","","","","","","",""
"2022047926","2322","1","0","0","0","0","0","0","0","0","4","0","","67","5","2022","7","40.044086","-75.138131","2320","6","0","0","0","0","0","0","0","0","","0","0","0","","","1","N","0","","40 02:38.710","","0","75 08:17.270","3","0","0","0","67301","0","0","0","N","0","0","0","1","67301","0","","1.0","","1","N","N","N","0","","1","0","1","","0","","","2","1","0","0","0","0","0","2","0","2","","03","","N","","","","","","","","","",""
"2022015930","1215","1","0","0","0","0","0","0","0","0","1","0","","67","2","2022","4","40.042896","-75.143783","1214","6","0","0","0","1","0","1","1","0","","0","0","0","","","0","","1","","40 02:34.426","","0","75 08:37.618","0","0","0","0","67301","0","0","0","N","0","0","0","3","67301","0","","1.0","","1","N","N","N","0","","0","0","2","","2","","","3","0","0","0","0","0","0","2","0","3","","03","","N","","","","","","","","","",""
"2022014657","0220","1","0","0","0","0","0","0","0","0","5","0","","67","2","2022","1","39.913261","-75.245128","0211","6","0","0","0","0","0","0","0","0","","0","0","0","","","0","N","0","","39 54:47.740","4","0","75 14:42.460","0","0","0","0","67301","0","0","0","N","0","0","0","1","67301","0","","6.0","145.0","1","N","N","N","0","","0","0","1","","0","N","","2","0","0","0","0","0","0","2","0","2","","03","","N","","","","","","","","","",""
"2022021424","2313","2","0","0","0","0","0","0","0","0","5","0","","67","2","2022","7","39.926952","-75.195129","2311","6","0","0","0","0","0","0","0","0","","0","0","0","","","1","N","0","","39 55:37.026","6","0","75 11:42.464","3","0","0","0","67301","0","0","0","N","0","0","0","2","68K01","0","","1.0","2345.0","1","N","N","N","0","","1","0","0","","0","Y","","2","1","0","0","0","0","0","2","0","2","","03","","N","","","","","","","","","",""
"2022044908","0930","0","0","0","0","0","0","1","0","0","5","1","","67","4","2022","6","40.014433","-75.137344","0837","6","0","0","0","0","0","0","0","0","","0","0","0","","","0","N","0","","40 00:51.960","5","0","75 08:14.440","0","0","0","0","67301","0","0","0","N","0","0","0","15","67301","0","","1.0","1155.0","1","Y","Y","N","1","","0","0","0","","0","Y","","2","0","0","0","0","0","0","2","0","2","","03","","N","","","","","","","","","",""
"2022032614","0743","1","0","0","0","0","0","0","0","0","1","0","","67","3","2022","5","39.961499","-75.139819","0730","6","0","0","0","0","0","0","0","0","","0","0","0","","","0","N","0","","39 57:41.395","","0","75 08:23.349","0","0","0","0","67301","0","0","0","N","0","0","0","6","68T07","0","","1.0","","1","N","N","N","0","","0","0","2","","0","","","3","0","0","0","0","0","0","2","0","3","","03","","N","","","","","","","","","",""
"2022047100","0834","1","0","0","0","0","0","0","0","0","8","0","","67","5","2022","6","39.957764","-75.189097","0833","6","0","0","0","0","0","0","0","0","","0","0","0","","","1","N","0","","39 57:27.950","","0","75 11:20.749","3","0","0","0","67301","1","0","0","N","1","0","0","2","67507","0","","1.0","","1","N","N","N","0","","1","0","0","","0","","","2","1","0","0","0","0","0","2","0","1","","","","N","","","","","","","","","",""
"2022038547","1918","1","0","0","0","0","0","0","0","0","5","0","","67","4","2022","2","40.051144","-74.989364","1906","6","0","0","0","0","0","0","0","0","","0","0","0","","","0","N","0","","40 03:04.117","","0","74 59:21.711","0","0","0","0","67301","0","0","0","N","0","0","0","2","68K01","0","","1.0","","9","N","N","N","0","","0","0","1","","0","","","2","0","0","0","0","0","0","2","0","2","","","","N","","","","","","","","","",""
"2022043915","0325","2","0","0","0","0","0","0","0","0","4","0","","67","5","2022","1","40.0626","-75.17081","0315","6","0","0","0","0","0","0","0","0","","0","0","0","","","0","","1","","40 03:45.360","","0","75 10:14.916","9","0","0","0","67301","0","0","0","N","0","0","0","2","67301","0","","1.0","","9","N","N","N","0","","0","0","0","","2","","","2","0","1","0","0","0","1","2","0","2","","","","N","","","","","","","","","",""
"2022050584","1741","2","0","0","0","0","0","0","0","0","4","0","","67","5","2022","3","40.007022","-75.159892","1740","6","0","0","0","0","0","1","0","0","","0","0","0","","","1","N","0","","40 00:25.280","","0","75 09:35.610","8","0","0","0","67301","0","0","0","N","0","0","0","1","67301","0","","4.0","","1","N","N","N","0","","0","0","0","","0","","","2","1","0","0","0","1","0","2","0","2","","","","N","","","","","","","","","",""
"2022039423","2216","1","0","0","0","0","0","0","0","0","1","0","","67","4","2022","3","39.981566","-75.101773","2203","6","0","0","0","0","0","0","0","1","","0","0","0","","","0","N","0","","39 58:53.637","","0","75 06:06.384","0","0","0","0","67301","0","0","0","N","0","0","0","2","68K01","0","","1.0","","9","N","N","N","0","","0","0","1","","0","","","2","0","0","0","0","0","0","2","0","2","","03","","N","","","","","","","","","",""
"2022038575","1748","1","0","0","0","0","0","0","0","0","7","0","","67","1","2022","1","39.89902","-75.174681","1743","6","0","0","0","0","0","0","0","0","","0","0","0","","","0","N","0","","39 53:56.472","1","3","75 10:28.850","0","0","0","0","67301","0","0","0","N","0","0","0","1","68K01","0","","3.0","1845.0","7","N","N","N","0","","0","0","0","","0","N","","1","0","0","0","0","0","0","2","0","1","","","","N","","","","","","","","","",""
"2022024131","1633","2","0","0","0","0","0","0","0","0","4","0","","67","3","2022","4","39.941661","-75.22278","1631","6","0","0","0","0","0","0","0","0","","0","0","0","","","3","","1","","39 56:29.979","","0","75 13:22.008","3","0","0","0","67301","0","0","0","N","0","0","0","4","67301","0","","1.0","","1","N","N","N","0","","3","0","0","","2","","","2","3","0","0","0","0","0","2","0","2","","03","","N","","","","","","","","","",""
"2022047189","0750","0","0","0","0","0","0","0","0","0","8","0","","67","5","2022","5","39.938091","-75.168445","0739","6","0","0","0","0","0","0","0","0","","0","0","0","","","1","","1","","39 56:17.129","","0","75 10:06.401","3","0","0","0","67301","1","0","0","N","1","0","0","1","67301","0","","9.0","","9","N","N","N","0","","1","0","1","","2","","","2","1","0","0","0","0","0","2","0","1","","","","N","","","","","","","","","",""
"2022043539","1907","2","0","0","0","0","0","0","0","0","5","0","","67","3","2022","7","40.027105","-75.025265","1851","6","0","0","0","0","0","0","0","0","","0","0","0","","","0","N","0","","40 01:37.578","1","0","75 01:30.954","0","0","0","0","67301","0","0","0","N","0","0","0","4","68K01","0","","1.0","2000.0","1","N","N","N","0","","0","0","1","","0","N","","3","0","0","0","0","0","0","2","0","3","","","","N","","","","","","","","","",""
"2022029445","0610","1","0","0","0","0","0","0","0","0","4","0","","67","3","2022","4","39.892414","-75.222811","0558","6","0","0","0","0","0","0","0","0","","0","0","0","","","1","","1","","39 53:32.691","","2","75 13:22.119","3","0","0","0","67301","0","0","0","N","0","0","0","3","67301","0","","1.0","","1","N","N","N","1","","1","0","0","","2","","","2","1","0","0","0","0","0","2","0","2","","03","","N","","","","","","","","","",""
"2022029467","0111","1","0","0","0","0","0","0","0","0","5","0","","67","3","2022","4","40.057525","-75.089428","1259","6","0","0","0","0","0","0","0","0","","0","0","0","","","0","N","0","","40 03:27.090","","0","75 05:21.940","0","0","0","0","67301","0","0","0","N","0","0","0","1","67301","0","","6.0","","1","N","N","N","0","","0","0","1","","0","","","2","0","0","0","0","0","0","2","0","2","","","","N","","","","","","","","","",""
"2022044009","0934","1","0","0","0","0","0","0","0","0","8","0","","67","2","2022","6","39.996743","-75.115665","0934","6","0","0","0","0","0","0","0","0","","0","0","0","","","1","N","0","","39 59:48.276","","0","75 06:56.393","3","0","0","0","67301","1","0","0","N","1","0","0","2","67301","0","","1.0","","9","N","N","N","0","","1","0","0","","0","","","2","1","0","0","0","0","0","2","0","1","","04","","N","","","","","","","","","",""
"2022023985","0403","1","0","0","0","0","0","0","0","0","7","0","","67","3","2022","3","40.009222","-75.114306","0351","6","0","0","0","0","0","0","0","0","","0","0","0","","","0","N","0","","40 00:33.200","","0","75 06:51.500","0","0","0","0","67301","0","0","0","N","0","0","0","1","67301","0","","5.0","","1","N","N","N","0","","0","0","0","","0","","","1","0","1","0","0","0","0","2","0","1","","","","N","","","","","","","","","",""
"2022016055","0055","1","0","0","0","0","0","0","0","0","7","0","","67","2","2022","3","40.024187","-75.147985","0053","6","0","0","0","0","0","0","0","0","","0","0","0","","","1","N","0","","40 01:27.074","","0","75 08:52.747","3","0","0","0","67301","0","0","0","N","0","0","0","1","67301","0","","5.0","","9","N","N","N","0","","1","0","0","","0","","","1","1","0","0","0","0","0","2","0","1","","","","N","","","","","","","","","",""
"2022038543","1457","3","0","0","0","0","0","0","0","0","1","0","","67","4","2022","2","39.95991","-75.178086","1457","6","0","0","0","0","0","0","0","0","","0","0","0","","","0","N","0","","39 57:35.676","","0","75 10:41.108","0","0","0","0","67301","0","0","0","N","0","0","0","3","68K01","0","","1.0","","1","N","N","N","0","","0","0","0","","0","","","3","0","0","0","0","0","0","2","0","3","","","","N","","","","","","","","","",""