"CRN","ARRIVAL_TM","AUTOMOBILE_COUNT","BELTED_DEATH_COUNT","BELTED_SUSP_SERIOUS_INJ_COUNT","BICYCLE_COUNT","BICYCLE_DEATH_COUNT","BICYCLE_SUSP_SERIOUS_INJ_COUNT","BUS_COUNT","CHLDPAS_DEATH_COUNT","CHLDPAS_SUSP_SERIOUS_INJ_COUNT","COLLISION_TYPE","COMM_VEH_COUNT","CONS_ZONE_SPD_LIM","COUNTY","CRASH_MONTH","CRASH_YEAR","DAY_OF_WEEK","DEC_LATITUDE","DEC_LONGITUDE","DISPATCH_TM","DISTRICT","DRIVER_COUNT_16YR","DRIVER_COUNT_17YR","DRIVER_COUNT_18YR","DRIVER_COUNT_19YR","DRIVER_COUNT_20YR","DRIVER_COUNT_50_64YR","DRIVER_COUNT_65_74YR","DRIVER_COUNT_75PLUS","EST_HRS_CLOSED","FATAL_COUNT","HEAVY_TRUCK_COUNT","HORSE_BUGGY_COUNT","HOUR_OF_DAY","ILLUMINATION","INJURY_COUNT","INTERSECTION_RELATED","INTERSECT_TYPE","LANE_CLOSED","LATITUDE","LN_CLOSE_DIR","LOCATION_TYPE","LONGITUDE","MAX_SEVERITY_LEVEL","MCYCLE_DEATH_COUNT","MCYCLE_SUSP_SERIOUS_INJ_COUNT","MOTORCYCLE_COUNT","MUNICIPALITY","NONMOTR_COUNT","NONMOTR_DEATH_COUNT","NONMOTR_SUSP_SERIOUS_INJ_COUNT","NTFY_HIWY_MAINT","PED_COUNT","PED_DEATH_COUNT","PED_SUSP_SERIOUS_INJ_COUNT","PERSON_COUNT","POLICE_AGCY","POSSIBLE_INJ_COUNT","RDWY_SURF_TYPE_CD","RELATION_TO_ROAD","ROADWAY_CLEARED","ROAD_CONDITION","SCH_BUS_IND","SCH_ZONE_IND","SECONDARY_CRASH","SMALL_TRUCK_COUNT","SPEC_JURIS_CD","SUSP_MINOR_INJ_COUNT","SUSP_SERIOUS_INJ_COUNT","SUV_COUNT","TCD_FUNC_CD","TCD_TYPE","TFC_DETOUR_IND","TIME_OF_DAY","TOTAL_UNITS","TOT_INJ_COUNT","UNBELTED_OCC_COUNT","UNB_DEATH_COUNT","UNB_SUSP_SERIOUS_INJ_COUNT","UNK_INJ_DEG_COUNT","UNK_INJ_PER_COUNT","URBAN_RURAL","VAN_COUNT","VEHICLE_COUNT","WEATHER1","WEATHER2","WORKERS_PRES","WORK_ZONE_IND","WORK_ZONE_LOC","WORK_ZONE_TYPE","WZ_CLOSE_DETOUR","WZ_FLAGGER","WZ_LAW_OFFCR_IND","WZ_LN_CLOSURE","WZ_MOVING","WZ_OTHER","WZ_SHLDER_MDN","WZ_WORKERS_INJ_KILLED"
"2022036289","0902","0","0","0","0","0","0","0","0","0","7","0","","67","3","2022","5","40.042923","-75.003416","0841","6","0","0","0","0","0","0","0","0","","0","0","0","","","0","N","0","","40 02:34.522","","3","75 00:12.299","0","0","0","0","67301","0","0","0","N","0","0","0","2","68K01","0","","3.0","","8","N","N","N","1","","0","0","0","","0","","","1","0","0","0","0","0","0","2","0","1","","04","","N","","","","","","","","","",""
"2022044138","1400","1","0","0","0","0","0","0","0","0","4","0","","67","5","2022","3","40.010085","-75.164417","1355","6","0","0","0","0","0","0","0","0","","0","0","0","","","0","","1","","40 00:36.306","","0","75 09:51.901","9","0","0","0","67301","0","0","0","N","0","0","0","3","67301","0","","1.0","","1","N","N","N","1","","0","0","0","","3","","","2","0","0","0","0","0","2","2","0","2","","03","","N","","","","","","","","","",""
"2022013434","0151","1","0","0","0","0","0","0","0","0","2","0","","67","2","2022","7","39.956351","-75.148819","0151","6","0","0","0","0","0","0","0","0","","0","0","0","","","1","N","0","","39 57:22.862","","2","75 08:55.749","3","0","0","0","67301","0","0","0","N","0","0","0","2","67501","0","","1.0","","1","N","N","N","0","","1","0","1","","8","","","2","1","0","0","0","0","0","2","0","2","","","","N","","","","","","","","","",""
"2022032859","0057","1","0","0","0","0","0","0","0","0","4","0","","67","4","2022","1","39.957337","-75.144132","0048","6","0","0","0","0","0","0","0","0","","0","0","0","","","1","","5","","39 57:26.412","","2","75 08:38.875","3","0","0","0","67301","0","0","0","N","0","0","0","2","67301","0","","1.0","","1","N","N","N","0","","1","0","1","","2","","","2","1","0","0","0","0","0","2","0","2","","","","N","","","","","","","","","",""
"2022023764","1305","0","0","0","0","0","0","0","0","0","1","0","","67","3","2022","1","39.953154","-75.248748","1303","6","0","0","0","0","0","1","0","0","","0","0","0","","","1","","2","","39 57:11.353","","0","75 14:55.491","3","0","0","0","67301","0","0","0","N","0","0","0","4","67301","0","","1.0","","9","N","N","N","0","","1","0","2","","2","","","3","1","0","0","0","0","0","2","0","3","","","","N","","","","","","","","","",""
"2022014785","0400","2","0","0","0","0","0","0","0","0","4","0","","67","2","2022","6","39.97191","-75.23601","0350","6","0","0","0","0","0","0","0","0","","0","0","0","","","2","","1","","39 58:18.876","","0","75 14:09.635","4","0","0","0","67301","0","0","0","N","0","0","0","2","67301","2","","1.0","","9","N","N","N","0","","0","0","0","","3","","","2","2","0","0","0","0","0","2","0","2","","07","","N","","","","","","","","","",""
"2022030425","0843","1","0","0","0","0","0","0","0","0","2","0","","67","3","2022","1","39.952016","-75.234733","0836","6","0","0","0","0","0","1","0","0","","0","0","0","","","1","","2","","39 57:07.257","5","0","75 14:05.038","3","0","0","0","67301","0","0","0","N","0","0","0","2","67301","0","","1.0","930.0","1","N","N","N","0","","1","0","2","","0","N","","4","1","0","0","0","0","0","2","1","4","","03","","N","","","","","","","","","",""
"2022039405","2333","2","0","0","0","0","0","0","0","0","1","0","","67","4","2022","7","39.971539","-75.12308","2333","6","0","0","0","0","0","0","0","0","","0","0","0","","","1","N","0","","39 58:17.540","1","0","75 07:23.089","8","0","0","0","67301","0","0","0","N","0","0","0","3","68K01","0","","1.0","2345.0","1","N","N","N","0","","0","0","0","","0","N","","3","1","0","0","0","1","1","2","0","3","","","","N","","","","","","","","","",""
"2022029205","0936","1","0","0","0","0","0","0","0","0","4","0","","67","3","2022","3","39.917469","-75.244436","0936","6","0","0","0","0","0","0","0","0","","0","0","0","","","1","","1","","39 55:02.888","","0","75 14:39.969","4","0","0","0","67301","0","0","0","N","0","0","0","2","67301","1","","1.0","","1","N","N","N","0","","0","0","1","","3","","","2","1","1","0","0","0","0","2","0","2","","03","","N","","","","","","","","","",""
"2022041390","1535","1","0","0","0","0","0","0","0","0","5","0","","67","4","2022","7","39.891611","-75.237083","1514","6","0","0","0","0","0","1","0","0","","0","0","0","","","0","N","0","","39 53:29.799","","0","75 14:13.498","0","0","0","0","67301","0","0","0","N","0","0","0","2","68K01","0","","1.0","","1","N","N","N","0","","0","0","0","","0","","","2","0","0","0","0","0","0","2","1","2","","","","N","","","","","","","","","",""
"2022039361","2325","3","0","0","0","0","0","0","0","0","5","0","","67","4","2022","1","40.031793","-75.021429","2315","6","0","0","0","0","1","0","0","0","","0","0","0","","","0","N","0","","40 01:54.455","2","3","75 01:17.144","0","0","0","0","67301","0","0","0","N","0","0","0","4","68K01","0","","1.0","2330.0","1","N","N","N","0","","0","0","0","","0","N","","3","0","0","0","0","0","0","2","0","3","","03","","N","","","","","","","","","",""
"2022021025","2317","1","0","0","0","0","0","0","0","0","4","0","","67","2","2022","1","39.956244","-75.162674","2313","6","0","0","0","0","0","0","0","0","","0","0","0","","","5","","1","","39 57:22.480","1","0","75 09:45.628","3","0","0","0","67301","0","0","0","N","0","0","0","5","67301","0","","1.0","300.0","1","N","N","N","0","","1","0","1","","2","Y","","2","5","1","0","0","4","0","2","0","2","","03","","N","","","","","","","","","",""
"2022043805","1037","0","0","0","0","0","0","0","0","0","5","0","","67","5","2022","4","40.061777","-75.084388","1037","6","0","0","0","0","0","0","1","0","","0","0","0","","","0","N","0","","40 03:42.396","","0","75 05:03.796","0","0","0","0","67301","0","0","0","N","0","0","0","2","67301","0","","1.0","","9","N","N","N","0","","0","0","2","","0","","","2","0","0","0","0","0","0","2","0","2","","04","","N","","","","","","","","","",""
"2022038182","2215","0","0","0","0","0","0","1","0","0","5","1","","67","4","2022","7","40.016001","-75.153566","2150","6","0","0","0","0","0","0","0","0","","0","0","0","","","1","N","0","","40 00:57.602","","0","75 09:12.836","4","0","0","0","67301","0","0","0","N","0","0","0","3","67508","1","","1.0","","9","N","N","Y","1","","0","0","0","","0","","","2","1","0","0","0","0","0","2","0","2","","07","","N","","","","","","","","","",""
"2022043925","0005","2","0","0","0","0","0","0","0","0","4","0","","67","4","2022","1","40.01752","-75.065135","0000","6","0","0","0","0","0","0","0","0","","0","0","0","","","1","","1","","40 01:03.072","","0","75 03:54.486","3","0","0","0","67301","0","0","0","N","0","0","0","2","67301","0","","1.0","","1","N","N","N","0","","1","0","0","","2","","","2","1","0","0","0","0","0","2","0","2","","03","","N","","","","","","","","","",""
"2022045156","1610","0","0","0","0","0","0","1","0","0","5","1","","67","4","2022","6","39.948611","-75.145868","1536","6","0","0","0","0","0","0","0","0","","0","0","0","","","1","N","0","","39 56:55.000","","0","75 08:45.124","8","0","0","0","67301","0","0","0","N","0","0","0","2","67508","0","","1.0","","1","N","N","Y","0","","0","0","0","","0","","","2","1","0","0","0","1","0","2","0","2","","03","","N","","","","","","","","","",""
"2022015545","1700","1","0","0","0","0","0","0","0","0","8","0","","67","2","2022","6","39.939972","-75.213864","1650","6","0","0","0","0","0","0","0","0","","0","0","0","","","1","","1","","39 56:23.899","","0","75 12:49.910","8","0","0","0","67301","1","0","0","N","1","0","0","2","67301","0","","1.0","","2","N","N","N","0","","0","0","0","","2","","","2","1","0","0","0","1","0","2","0","1","","06","","N","","","","","","","","","",""
"2022043856","1715","0","0","0","0","0","0","0","0","0","7","0","","67","5","2022","5","40.091632","-74.982655","1707","6","0","0","0","0","0","0","0","0","","0","0","0","","","0","N","0","","40 05:29.876","","0","74 58:57.558","0","0","0","0","67301","0","0","0","N","0","0","0","0","67301","0","","4.0","","1","N","N","N","1","","0","0","0","","0","","","1","0","0","0","0","0","0","2","0","1","","03","","N","","","","","","","","","",""
"2022032881","2148","1","0","0","0","0","0","0","0","0","4","0","","67","4","2022","2","39.947236","-75.226833","2142","6","0","0","0","0","0","0","0","0","","0","0","0","","","0","","1","","39 56:50.048","","0","75 13:36.599","0","0","0","0","67301","0","0","0","N","0","0","0","1","67301","0","","1.0","","1","N","N","N","0","","0","0","3","","2","","","4","0","0","0","0","0","0","2","0","4","","03","","N","","","","","","","","","",""
"2022016174","0854","1","0","0","0","0","0","0","0","0","7","0","","67","2","2022","1","40.021711","-75.150367","0853","6","0","0","0","0","0","0","0","0","","0","0","0","","","2","N","0","","40 01:18.160","3","0","75 09:01.320","2","0","0","0","67301","0","0","0","N","0","0","0","2","67301","0","","4.0","1000.0","1","N","N","N","0","","0","2","0","","0","N","","1","2","2","0","2","0","0","2","0","1","","03","","N","","","","","","","","","",""
"2022021558","1312","1","0","0","0","0","0","0","0","0","5","0","","67","3","2022","3","40.045161","-75.124801","1311","6","0","0","0","0","0","0","0","0","","0","0","0","","","2","N","0","","40 02:42.580","4","0","75 07:29.284","3","0","0","0","67301","0","0","0","N","0","0","0","2","67301","0","","6.0","1430.0","1","N","N","N","0","","1","0","2","","0","Y","","4","2","1","0","0","1","0","2","1","4","","03","","N","","","","","","","","","",""
"2022051513","0832","2","0","0","0","0","0","0","0","0","5","0","","67","5","2022","2","39.936652","-75.234226","0820","6","0","0","0","0","0","0","0","0","","0","0","0","","","0","N","0","","39 56:11.946","","0","75 14:03.215","0","0","0","0","67301","0","0","0","N","0","0","0","1","67301","0","","1.0","","1","N","N","N","0","","0","0","0","","0","","","2","0","0","0","0","0","0","2","0","2","","03","","N","","","","","","","","","",""
"2022025432","0057","1","0","0","0","0","0","0","0","0","4","0","","67","3","2022","1","40.04099","-75.163704","0050","6","0","0","0","0","0","0","0","0","","0","0","0","","","0","","2","","40 02:27.564","","0","75 09:49.334","0","0","0","0","67301","0","0","0","N","0","0","0","1","67301","0","","1.0","","2","N","N","N","0","","0","0","2","","3","","","3","0","0","0","0","0","0","2","0","3","","02","","N","","","","","","","","","",""
"2022024367","2112","2","0","0","0","0","0","0","0","0","5","0","","67","3","2022","6","39.999933","-75.144053","2111","6","0","0","0","0","0","0","0","0","","0","0","0","","","0","N","0","","39 59:59.760","2","0","75 08:38.590","0","0","0","0","67301","0","0","0","N","0","0","0","1","67301","0","","6.0","2315.0","1","N","N","N","1","","0","0","1","","0","Y","","4","0","0","0","0","0","0","2","0","4","","03","","N","","","","","","","","","",""
"2022019553","1610","0","0","0","0","0","0","0","0","0","1","0","","67","2","2022","6","39.911472","-75.1705","1605","6","0","0","0","0","0","0","1","0","","0","0","0","","","0","N","0","","39 54:41.300","","0","75 10:13.800","0","0","0","0","67301","0","0","0","N","0","0","0","2","67301","0","","1.0","","1","N","N","N","0","","0","0","2","","0","","","2","0","0","0","0","0","0","2","0","2","","03","","N","","","","","","","","","",""
"2022016165","1406","1","0","0","0","0","0","0","0","0","1","0","","67","2","2022","2","40.051277","-75.149616","1354","6","0","0","0","0","0","1","0","0","","0","0","0","","","0","N","0","","40 03:04.597","","0","75 08:58.617","0","0","0","0","67301","0","0","0","N","0","0","0","2","67301","0","","1.0","","9","N","N","N","0","","0","0","1","","0","","","2","0","0","0","0","0","0","2","0","2","","04","","N","","","","","","","","","",""
"2022026058","1628","1","0","0","0","0","0","0","0","0","7","0","","67","3","2022","1","40.029929","-75.14123","1624","6","0","0","0","0","0","0","0","0","","0","0","0","","","1","","1","","40 01:47.744","","0","75 08:28.428","3","0","0","0","67301","0","0","0","N","0","0","0","1","67301","0","","4.0","","1","N","N","N","0","","1","0","0","","0","","","1","1","0","0","0","0","0","2","0","1","","03","","N","","","","","","","","","",""
"2022015920","0730","1","0","0","0","0","0","0","0","0","1","0","","67","2","2022","6","40.117007","-74.991338","0723","6","0","0","0","0","0","1","0","0","","0","0","0","","","0","","2","","40 07:01.226","","0","74 59:28.818","0","0","0","0","67301","0","0","0","N","0","0","0","2","67301","0","","1.0","","1","N","N","N","0","","0","0","1","","2","","","2","0","0","0","0","0","0","2","0","2","","","","N","","","","","","","","","",""
"2022016409","0230","0","0","0","0","0","0","0","0","0","8","0","","67","2","2022","1","39.950707","-75.150374","0228","6","0","0","0","0","0","1","0","0","","0","0","0","","","1","","1","","39 57:02.546","","0","75 09:01.347","3","0","0","0","67301","1","0","0","N","1","0","0","2","67301","0","","1.0","","9","N","N","N","0","","1","0","1","","2","","","2","1","0","0","0","0","0","2","0","1","","09","","N","","","","","","","","","",""
"2022016057","0025","2","0","0","0","0","0","0","0","0","4","0","","67","2","2022","3","40.047508","-75.142894","0014","6","0","0","0","0","0","1","0","0","","0","0","0","","","1","","1","","40 02:51.028","","0","75 08:34.417","3","0","0","0","67301","0","0","0","N","0","0","0","2","67301","0","","1.0","","1","N","N","N","0","","1","0","0","","2","","","2","1","0","0","0","0","0","2","0","2","","","","N","","","","","","","","","",""
"2022012321","0635","0","0","0","0","0","0","0","0","0","7","0","","67","2","2022","5","39.910389","-75.158389","0635","6","0","0","0","0","0","0","0","0","","0","0","0","","","0","N","0","","39 54:37.400","","3","75 09:30.200","0","0","0","0","67301","0","0","0","N","0","0","0","1","67501","0","","4.0","","9","N","N","N","0","","0","0","1","","8","","","1","0","0","0","0","0","0","2","0","1","","07","","N","","","","","","","","","",""
"2022014765","2058","3","0","1","0","0","0","0","0","0","4","0","","67","2","2022","6","39.955499","-75.24211","2058","6","0","0","0","0","0","1","0","0","","0","0","0","","","3","","1","","39 57:19.796","","0","75 14:31.596","2","0","0","0","67301","0","0","0","N","0","0","0","3","67301","0","","1.0","","1","N","N","N","0","","2","1","1","","3","","","4","3","2","0","0","0","0","2","0","4","","03","","N","","","","","","","","","",""
"2022044006","2341","1","0","0","0","0","0","0","0","0","4","0","","67","1","2022","6","40.013124","-75.107695","2340","6","0","0","0","0","0","0","0","0","","0","0","0","","","0","","1","","40 00:47.246","","0","75 06:27.701","0","0","0","0","67301","0","0","0","N","0","0","0","2","67301","0","","1.0","","7","N","N","N","0","","0","0","1","","3","","","2","0","1","0","0","0","0","2","0","2","","10","","N","","","","","","","","","",""
"2022043965","0605","0","0","0","0","0","0","0","0","0","8","0","","67","3","2022","3","39.95055","-75.214699","1605","6","0","0","0","0","0","0","0","0","","0","0","0","","","1","","1","","39 57:01.981","","0","75 12:52.916","2","0","0","0","67301","1","0","1","N","1","0","1","1","67301","0","","1.0","","1","N","N","N","0","","0","1","0","","3","","","2","1","0","0","0","0","0","2","0","1","","03","","N","","","","","","","","","",""
"2022025987","0920","1","0","0","0","0","0","0","0","0","7","0","","67","3","2022","1","39.991796","-75.068651","0857","6","0","0","0","0","0","0","0","0","","0","0","0","","","0","","11","","39 59:30.465","","0","75 04:07.142","0","0","0","0","67301","0","0","0","N","0","0","0","1","67301","0","","5.0","","1","N","N","N","0","","0","0","0","","3","","","1","0","0","0","0","0","0","2","0","1","","03","","N","","","","","","","","","",""
"2022047208","2358","3","0","0","0","0","0","0","0","0","2","0","","67","4","2022","6","39.997997","-75.125411","2356","6","0","0","0","0","1","0","0","0","","0","0","0","","","1","","1","","39 59:52.789","7","0","75 07:31.478","4","0","0","0","67301","0","0","0","N","0","0","0","9","67301","1","","1.0","300.0","1","N","N","N","0","","0","0","1","","2","Y","","4","1","1","0","0","0","2","2","0","4","","03","","N","","","","","","","","","",""
"2022016842","0908","1","0","0","0","0","0","0","0","0","5","0","","67","2","2022","3","40.035986","-75.186229","0902","6","0","0","0","0","0","1","0","0","","0","0","0","","","1","N","0","","40 02:09.549","","0","75 11:10.423","8","0","0","0","67301","0","0","0","N","0","0","0","3","67301","0","","1.0","","1","N","N","N","0","","0","0","0","","0","","","2","1","2","0","0","1","0","2","1","2","","03","","N","","","","","","","","","",""
"2022043681","2312","0","0","0","0","0","0","0","0","0","1","0","","67","4","2022","5","39.957098","-75.156037","2257","6","0","0","0","0","0","0","0","0","","0","0","0","","","0","N","0","","39 57:25.554","","0","75 09:21.732","0","0","0","0","67301","0","0","0","N","0","0","0","3","68K01","0","","1.0","","9","N","N","N","0","","0","0","3","","0","","","3","0","0","0","0","0","0","2","0","3","","07","","N","","","","","","","","","",""
"2022044030","0900","2","0","0","0","0","0","0","0","0","4","0","","67","4","2022","5","40.000514","-75.083374","0900","6","0","0","0","0","1","0","0","0","","0","0","0","","","1","","2","","40 00:01.851","","2","75 05:00.146","3","0","0","0","67301","0","0","0","N","0","0","0","2","67301","0","","1.0","","1","N","N","N","0","","1","0","0","","2","","","2","1","0","0","0","0","0","2","0","2","","03","","N","","","","","","","","","",""
"2022018172","1629","1","0","0","0","0","0","0","0","0","1","0","","67","2","2022","3","39.913861","-75.185778","1626","6","0","0","0","0","0","0","0","0","","0","0","0","","","2","N","0","","39 54:49.900","3","3","75 11:08.800","8","0","0","0","67301","0","0","0","N","0","0","0","3","67501","0","","1.0","1714.0","1","N","N","N","1","","0","0","1","","0","N","","3","2","0","0","0","2","0","2","0","3","","","","N","","","","","","","","","",""
"2022044070","2320","2","0","0","0","0","0","0","0","0","4","0","","67","4","2022","7","39.971819","-75.125928","2320","6","0","0","0","0","0","1","0","0","","0","0","0","","","0","","1","","39 58:18.550","","0","75 07:33.339","0","0","0","0","67301","0","0","0","N","0","0","0","2","67301","0","","1.0","","1","N","N","N","0","","0","0","0","","2","","","2","0","0","0","0","0","0","2","0","2","","03","","N","","","","","","","","","",""
"2022043845","0955","0","0","0","0","0","0","0","0","0","7","0","","67","4","2022","3","40.043422","-75.022559","0949","6","0","0","0","0","0","0","0","0","","0","0","0","","","0","N","0","","40 02:36.319","5","0","75 01:21.212","0","0","0","0","67301","0","0","0","N","0","0","0","1","67301","0","","4.0","900.0","1","N","N","N","0","","0","0","1","","0","Y","","1","0","0","0","0","0","0","2","0","1","","03","","N","","","","","","","","","",""
"2022019657","1431","1","0","0","0","0","0","0","0","0","4","0","","67","2","2022","3","39.970451","-75.150975","1431","6","0","0","0","0","0","0","0","0","","0","0","0","","","1","","1","","39 58:13.623","","1","75 09:03.509","3","0","0","0","67301","0","0","0","N","0","0","0","2","67301","0","","1.0","","9","N","N","N","0","","1","0","1","","3","","","2","1","0","0","0","0","0","2","0","2","","07","","N","","","","","","","","","",""
"2022039356","1843","2","0","0","0","0","0","0","0","0","5","0","","67","3","2022","5","39.959536","-75.180965","1843","6","0","0","0","0","0","0","0","0","","0","0","0","","","1","N","0","","39 57:34.330","3","0","75 10:51.474","4","0","0","0","67301","0","0","0","N","0","0","0","10","68K01","1","","1.0","1945.0","1","N","N","N","1","","0","0","1","","0","N","","5","1","0","0","0","0","1","2","1","5","","03","","N","","","","","","","","","",""
"2022039769","1549","1","0","0","0","0","0","0","0","0","1","0","","67","4","2022","1","40.024893","-75.029431","1523","6","0","0","0","0","0","0","0","0","","0","0","0","","","0","N","0","","40 01:29.613","2","0","75 01:45.951","0","0","0","0","67301","0","0","0","N","0","0","0","4","68K01","0","","1.0","1555.0","1","N","N","N","1","","0","0","0","","0","N","","2","0","0","0","0","0","0","2","0","2","","","","N","","","","","","","","","",""
"2022044010","2345","1","0","0","0","0","0","0","0","0","6","0","","67","2","2022","7","40.004199","-75.099379","2330","6","0","0","0","0","0","0","0","0","","0","0","0","","","1","","1","","40 00:15.118","","1","75 05:57.764","8","0","0","0","67301","0","0","0","N","0","0","0","2","67301","0","","1.0","","99","N","N","N","0","","0","0","1","","2","","","2","1","0","0","0","1","0","2","0","2","","98","","N","","","","","","","","","",""
"2022051737","1624","1","0","0","0","0","0","0","0","0","8","0","","67","6","2022","5","40.033737","-75.030462","1622","6","0","0","0","0","0","0","0","0","","0","0","0","","","1","","1","","40 02:01.453","2","0","75 01:49.663","3","0","0","0","67301","1","0","0","N","1","0","0","2","67301","0","","1.0","1651.0","1","N","N","N","0","","1","0","0","","3","N","","2","1","0","0","0","0","0","2","0","1","","04","","N","","","","","","","","","",""
"2022049749","0930","1","0","0","0","0","0","0","0","0","8","0","","67","5","2022","5","39.983018","-75.132547","0921","6","0","0","0","0","0","0","0","0","","0","0","0","","","1","","5","","39 58:58.864","","0","75 07:57.169","4","0","0","0","67301","1","0","0","N","1","0","0","1","67301","1","","1.0","","1","N","N","N","0","","0","0","0","","2","","","2","1","0","0","0","0","0","2","0","1","","03","","N","","","","","","","","","",""
"2022026826","1241","1","0","0","0","0","0","0","0","0","8","0","","67","3","2022","4","40.029956","-75.164975","1241","6","0","0","0","0","0","0","0","0","","0","0","0","","","1","","2","","40 01:47.842","","0","75 09:53.911","3","0","0","0","67301","1","0","0","N","1","0","0","2","67301","0","","1.0","","1","N","N","N","0","","1","0","0","","2","","","2","1","0","0","0","0","0","2","0","1","","03","","N","","","","","","","","","",""
"2022029166","1612","2","0","0","0","0","0","0","0","0","4","0","","67","3","2022","3","40.043134","-75.073804","1605","6","0","0","0","0","0","1","0","0","","0","0","0","","","2","","1","","40 02:35.284","","0","75 04:25.695","3","0","0","0","67301","0","0","0","N","0","0","0","3","67301","0","","1.0","","1","N","N","N","0","","2","0","0","","2","","","2","2","0","0","0","0","0","2","0","2","","","","N","","","","","","","","","",""
"2022023799","1813","1","0","0","0","0","0","0","0","0","4","0","","67","3","2022","5","40.002381","-75.171625","1813","6","0","0","0","1","0","1","0","0","","0","0","0","","","0","","1","","40 00:08.571","","0","75 10:17.849","0","0","0","0","67301","0","0","0","N","0","0","0","2","67301","0","","1.0","","1","N","N","N","0","","0","0","1","","3","","","2","0","0","0","0","0","0","2","0","2","","03","","N","","","","","","","","","",""
"2022016843","1418","1","0","0","0","0","0","0","0","0","2","0","","67","2","2022","2","39.994582","-75.159615","1418","6","0","0","0","0","0","0","0","0","","0","0","0","","","1","N","0","","39 59:40.496","","0","75 09:34.613","3","0","0","0","67301","0","0","0","N","0","0","0","2","67301","0","","1.0","","1","N","N","N","1","","1","0","1","","0","","","3","1","1","0","0","0","0","2","0","3","","03","","N","","","","","","","","","",""
"2022044103","1120","1","0","0","0","0","0","0","0","0","5","0","","67","5","2022","4","40.040989","-75.144199","1120","6","0","0","0","0","0","0","0","0","","0","1","0","","","1","N","0","","40 02:27.559","","0","75 08:39.116","4","0","0","0","67301","0","0","0","N","0","0","0","2","67301","1","","1.0","","99","N","N","N","0","","0","0","0","","0","","","2","1","1","0","0","0","1","2","0","2","","","","N","","","","","","","","","",""
"2022029443","2048","0","0","0","0","0","0","0","0","0","8","0","","67","3","2022","4","39.94275","-75.161876","2047","6","0","0","0","0","0","1","0","0","","0","0","0","","","1","","1","","39 56:33.899","","0","75 09:42.753","2","0","0","0","67301","1","0","1","N","1","0","1","2","67301","0","","1.0","","9","N","N","N","0","","0","1","1","","0","","","2","1","0","0","0","0","0","2","0","1","","07","","N","","","","","","","","","",""
"2022039748","0753","1","0","0","0","0","0","0","0","0","5","1","","67","4","2022","4","39.994675","-75.083757","0741","6","0","0","1","0","0","0","0","0","","0","0","0","","","1","N","0","","39 59:40.831","1","0","75 05:01.526","3","0","0","0","67301","0","0","0","N","0","0","0","3","68K01","0","","1.0","845.0","1","N","N","N","0","","1","0","1","","0","N","","3","1","0","0","0","0","0","2","0","3","","03","","N","","","","","","","","","",""
"2022026399","2020","0","0","0","0","0","0","0","0","0","8","0","","67","3","2022","2","39.962167","-75.191273","2009","6","0","0","0","0","0","0","1","0","","0","0","0","","","1","","1","","39 57:43.801","","0","75 11:28.582","3","0","0","0","67301","1","0","0","N","1","0","0","2","67301","0","","1.0","","1","N","N","Y","0","","1","0","1","","2","","","2","1","0","0","0","0","0","2","0","1","","","","N","","","","","","","","","",""
"2022048186","2027","3","0","0","0","0","0","0","0","0","5","0","","67","4","2022","3","40.043498","-75.003077","2013","6","0","0","0","0","0","0","0","0","","0","0","0","","","1","N","0","","40 02:36.594","","0","75 00:11.076","4","0","0","0","67301","0","0","0","N","0","0","0","3","68K01","1","","4.0","","9","N","N","N","0","","0","0","0","","0","","","3","1","0","0","0","0","1","2","0","3","","04","","N","","","","","","","","","",""
"2022030458","1029","0","0","0","0","0","0","0","0","0","4","0","","67","3","2022","2","40.034076","-75.12402","1024","6","0","0","0","0","0","1","0","1","","0","0","0","","","2","","1","","40 02:02.673","","0","75 07:26.472","3","0","0","0","67301","0","0","0","N","0","0","0","3","67301","0","","1.0","","1","N","N","N","0","","2","0","2","","3","","","2","2","0","0","0","0","0","2","0","2","","04","","N","","","","","","","","","",""
"2022029259","1200","3","0","0","0","0","0","0","0","0","5","0","","67","3","2022","6","39.978789","-75.121903","1140","6","0","0","0","0","0","1","0","0","","0","0","0","","","0","N","0","","39 58:43.640","","0","75 07:18.850","0","0","0","0","67301","0","0","0","N","0","0","0","1","67301","0","","6.0","","1","N","N","N","0","","0","0","0","","0","","","3","0","0","0","0","0","0","2","0","3","","","","N","","","","","","","","","",""
"2022023729","1930","1","0","0","0","0","0","0","0","0","4","0","","67","3","2022","6","40.094833","-74.9687","1920","6","0","1","0","0","0","0","0","0","","0","0","0","","","0","","1","","40 05:41.399","","0","74 58:07.319","0","0","0","0","67301","0","0","0","N","0","0","0","2","67301","0","","1.0","","1","N","N","N","0","","0","0","1","","1","","","2","0","0","0","0","0","0","2","0","2","","03","","N","","","","","","","","","",""
"2022044057","0505","0","0","0","0","0","0","0","0","0","2","1","","67","5","2022","6","40.012558","-75.115939","0545","6","0","0","0","0","0","2","0","0","","0","1","0","","","1","N","0","","40 00:45.210","6","0","75 06:57.380","2","0","0","0","67301","0","0","0","N","0","0","0","2","67301","0","","1.0","930.0","1","N","N","N","0","","0","1","1","","0","Y","","2","1","0","0","0","0","0","2","0","2","","04","","N","","","","","","","","","",""