"CRN","ARRIVAL_TM","AUTOMOBILE_COUNT","BELTED_DEATH_COUNT","BELTED_SUSP_SERIOUS_INJ_COUNT","BICYCLE_COUNT","BICYCLE_DEATH_COUNT","BICYCLE_SUSP_SERIOUS_INJ_COUNT","BUS_COUNT","CHLDPAS_DEATH_COUNT","CHLDPAS_SUSP_SERIOUS_INJ_COUNT","COLLISION_TYPE","COMM_VEH_COUNT","CONS_ZONE_SPD_LIM","COUNTY","CRASH_MONTH","CRASH_YEAR","DAY_OF_WEEK","DEC_LATITUDE","DEC_LONGITUDE","DISPATCH_TM","DISTRICT","DRIVER_COUNT_16YR","DRIVER_COUNT_17YR","DRIVER_COUNT_18YR","DRIVER_COUNT_19YR","DRIVER_COUNT_20YR","DRIVER_COUNT_50_64YR","DRIVER_COUNT_65_74YR","DRIVER_COUNT_75PLUS","EST_HRS_CLOSED","FATAL_COUNT","HEAVY_TRUCK_COUNT","HORSE_BUGGY_COUNT","HOUR_OF_DAY","ILLUMINATION","INJURY_COUNT","INTERSECTION_RELATED","INTERSECT_TYPE","LANE_CLOSED","LATITUDE","LN_CLOSE_DIR","LOCATION_TYPE","LONGITUDE","MAX_SEVERITY_LEVEL","MCYCLE_DEATH_COUNT","MCYCLE_SUSP_SERIOUS_INJ_COUNT","MOTORCYCLE_COUNT","MUNICIPALITY","NONMOTR_COUNT","NONMOTR_DEATH_COUNT","NONMOTR_SUSP_SERIOUS_INJ_COUNT","NTFY_HIWY_MAINT","PED_COUNT","PED_DEATH_COUNT","PED_SUSP_SERIOUS_INJ_COUNT","PERSON_COUNT","POLICE_AGCY","POSSIBLE_INJ_COUNT","RDWY_SURF_TYPE_CD","RELATION_TO_ROAD","ROADWAY_CLEARED","ROAD_CONDITION","SCH_BUS_IND","SCH_ZONE_IND","SECONDARY_CRASH","SMALL_TRUCK_COUNT","SPEC_JURIS_CD","SUSP_MINOR_INJ_COUNT","SUSP_SERIOUS_INJ_COUNT","SUV_COUNT","TCD_FUNC_CD","TCD_TYPE","TFC_DETOUR_IND","TIME_OF_DAY","TOTAL_UNITS","TOT_INJ_COUNT","UNBELTED_OCC_COUNT","UNB_DEATH_COUNT","UNB_SUSP_SERIOUS_INJ_COUNT","UNK_INJ_DEG_COUNT","UNK_INJ_PER_COUNT","URBAN_RURAL","VAN_COUNT","VEHICLE_COUNT","WEATHER1","WEATHER2","WORKERS_PRES","WORK_ZONE_IND","WORK_ZONE_LOC","WORK_ZONE_TYPE","WZ_CLOSE_DETOUR","WZ_FLAGGER","WZ_LAW_OFFCR_IND","WZ_LN_CLOSURE","WZ_MOVING","WZ_OTHER","WZ_SHLDER_MDN","WZ_WORKERS_INJ_KILLED"
"2022032921","1108","1","0","0","0","0","0","0","0","0","4","0","","67","3","2022","5","39.994196","-75.111355","1107","6","0","0","0","0","0","0","0","0","","0","0","0","","","1","","1","","39 59:39.104","","0","75 06:40.879","2","0","0","0","67301","0","0","0","N","0","0","0","3","67301","0","","1.0","","9","N","N","N","0","","0","1","0","","2","","","2","1","2","0","1","0","0","2","1","2","","07","","N","","","","","","","","","",""
"2022023790","0640","0","0","0","0","0","0","0","0","0","6","0","","67","2","2022","1","40.043792","-75.144794","0640","6","0","0","0","0","0","1","0","0","","0","0","0","","","1","N","0","","40 02:37.650","","0","75 08:41.260","8","0","0","0","67301","0","0","0","N","0","0","0","2","67301","0","","6.0","","1","N","N","N","0","","0","0","1","","0","","","2","1","0","0","0","1","0","2","0","2","","03","","N","","","","","","","","","",""
"2022050568","1325","1","0","0","0","0","0","0","0","0","4","1","","67","5","2022","1","40.01384","-75.12598","1322","6","0","0","0","0","0","1","0","0","","0","1","0","","","1","","1","","40 00:49.823","1","0","75 07:33.528","3","0","0","0","67301","0","0","0","N","0","0","0","6","67301","0","","1.0","1410.0","1","N","N","N","0","","1","0","0","","2","Y","","2","1","5","0","0","0","0","2","0","2","","03","","N","","","","","","","","","",""
"2022030172","1045","2","0","0","0","0","0","0","0","0","4","0","","67","3","2022","7","40.030001","-75.024086","1045","6","0","0","0","0","0","2","0","0","","0","0","0","","","1","N","0","","40 01:48.004","","7","75 01:26.710","3","0","0","0","67301","0","0","0","N","0","0","0","2","67301","0","","1.0","","1","N","N","N","0","","1","0","0","","0","","","2","1","2","0","0","0","0","2","0","2","","03","","N","","","","","","","","","",""
"2022047170","1517","1","0","0","0","0","0","0","0","0","1","1","","67","5","2022","5","40.070311","-75.01485","1512","6","0","0","0","0","0","0","0","1","","0","1","0","","","1","N","0","","40 04:13.120","","0","75 00:53.460","3","0","0","0","67301","0","0","0","N","0","0","0","1","67301","0","","6.0","","1","N","N","N","0","","1","0","1","","0","","","3","1","0","0","0","0","0","2","0","3","","","","N","","","","","","","","","",""
"2022032891","1901","1","0","0","0","0","0","0","0","0","1","0","","67","3","2022","3","40.032858","-75.063469","1852","6","0","0","0","0","0","0","1","0","","0","0","0","","","0","Y","0","","40 01:58.287","","0","75 03:48.490","0","0","0","0","67301","0","0","0","N","0","0","0","2","67301","0","","1.0","","1","N","N","N","0","","0","0","1","","2","","","2","0","0","0","0","0","0","2","0","2","","03","","N","","","","","","","","","",""
"2022019667","1620","1","0","0","0","0","0","0","0","0","8","0","","67","2","2022","6","40.044394","-75.143567","1615","6","0","0","0","0","0","0","0","0","","0","0","0","","","1","","1","","40 02:39.820","","0","75 08:36.842","3","0","0","0","67301","1","0","0","N","1","0","0","2","67301","0","","1.0","","1","N","N","N","0","","1","0","0","","2","","","2","1","0","0","0","0","0","2","0","1","","","","N","","","","","","","","","",""
"2022042346","1600","0","0","0","0","0","0","0","0","0","1","0","","67","4","2022","3","39.982752","-75.0992","1549","6","0","0","0","1","0","0","0","0","","0","0","0","","","0","N","0","","39 58:57.908","1","0","75 05:57.121","0","0","0","0","67301","0","0","0","N","0","0","0","3","68K01","0","","1.0","1635.0","1","N","N","N","1","","0","0","2","","0","N","","3","0","0","0","0","0","0","2","0","3","","","","N","","","","","","","","","",""
"2022020299","0733","2","0","0","0","0","0","0","0","0","4","0","","67","2","2022","6","39.972513","-75.242109","0733","6","0","0","0","0","0","0","0","0","","0","0","0","","","1","","1","","39 58:21.046","","0","75 14:31.592","3","0","0","0","67301","0","0","0","N","0","0","0","2","67301","0","","1.0","","9","N","N","N","0","","1","0","1","","3","","","3","1","0","0","0","0","0","2","0","3","","07","","N","","","","","","","","","",""
"2022016250","2145","0","0","0","0","0","0","0","0","0","8","0","","67","2","2022","7","39.917299","-75.154503","2134","6","0","0","0","0","0","1","0","0","","0","0","0","","","1","","1","","39 55:02.276","","0","75 09:16.210","3","0","0","0","67301","1","0","0","N","1","0","0","2","67301","0","","1.0","","1","N","N","N","0","","1","0","1","","3","","","2","1","0","0","0","0","0","2","0","1","","","","N","","","","","","","","","",""
"2022019587","0510","2","0","0","0","0","0","0","0","0","4","0","","67","2","2022","1","40.037778","-75.176416","0508","6","0","0","0","1","0","0","0","0","","0","0","0","","","1","","2","","40 02:15.999","","0","75 10:35.099","3","0","0","0","67301","0","0","0","N","0","0","0","3","67301","0","","1.0","","1","N","N","Y","0","","1","0","0","","0","","","2","1","0","0","0","0","0","2","0","2","","","","N","","","","","","","","","",""
"2022027259","1310","1","0","0","0","0","0","0","0","0","4","0","","67","3","2022","3","39.897531","-75.252476","1256","6","0","0","0","0","1","0","0","0","","0","0","0","","","1","","1","","39 53:51.111","","0","75 15:08.912","3","0","0","0","67301","0","0","0","N","0","0","0","2","67301","0","","1.0","","1","N","N","N","0","","1","0","1","","2","","","2","1","0","0","0","0","1","2","0","2","","03","","N","","","","","","","","","",""
"2022045954","0329","1","0","0","0","0","0","0","0","0","7","0","","67","2","2022","4","39.982398","-75.207645","0129","6","0","0","0","0","0","0","0","0","","0","0","0","","","1","N","0","","39 58:56.632","4","0","75 12:27.523","4","0","0","0","67301","0","0","0","N","0","0","0","1","68K01","1","","3.0","129.0","9","N","N","N","0","","0","0","0","","0","N","","1","1","0","0","0","0","0","2","0","1","","","","N","","","","","","","","","",""
"2022019983","0855","1","0","0","0","0","0","0","0","0","1","0","","67","2","2022","4","39.95424","-75.14158","0851","6","0","0","0","0","0","0","0","0","","0","0","0","","","0","N","0","","39 57:15.263","4","3","75 08:29.688","0","0","0","0","67301","0","0","0","N","0","0","0","4","67501","0","","1.0","930.0","1","N","N","N","1","","0","0","1","","8","N","","3","0","0","0","0","0","0","2","0","3","","03","","N","","","","","","","","","",""
"2022048472","0851","2","0","0","0","0","0","0","0","0","5","1","","67","5","2022","3","39.979464","-75.133317","0850","6","0","0","0","0","0","1","0","0","","0","1","0","","","0","N","0","","39 58:46.070","","0","75 07:59.940","0","0","0","0","67301","0","0","0","N","0","0","0","1","67301","0","","6.0","","1","N","N","N","0","","0","0","1","","0","","","4","0","0","0","0","0","0","2","0","4","","03","","N","","","","","","","","","",""
"2022043930","2050","1","0","0","0","0","0","0","0","0","8","0","","67","4","2022","3","40.030515","-75.055016","2044","6","0","0","0","0","0","0","0","0","","0","0","0","","","1","N","0","","40 01:49.853","2","0","75 03:18.057","3","0","0","0","67301","1","0","0","N","1","0","0","2","67301","0","","1.0","2110.0","9","N","N","N","0","","1","0","0","","0","N","","2","1","0","0","0","0","0","2","0","1","","","","N","","","","","","","","","",""
"2022040324","0040","0","0","0","0","0","0","0","0","0","7","1","","67","4","2022","3","40.031653","-75.021486","0018","6","0","0","0","0","0","0","0","0","","0","1","0","","","0","N","0","","40 01:53.951","2","0","75 01:17.350","0","0","0","0","67301","0","0","0","N","0","0","0","1","68K01","0","","4.0","145.0","9","N","N","N","0","","0","0","0","","0","N","","1","0","0","0","0","0","0","2","0","1","","07","","N","","","","","","","","","",""
"2022034289","1458","1","0","0","0","0","0","0","0","0","7","0","","67","4","2022","5","39.981213","-75.206836","1456","6","0","0","0","0","0","0","0","0","","0","0","0","","","0","N","0","","39 58:52.365","3","0","75 12:24.608","0","0","0","0","67301","0","0","0","N","0","0","0","2","68K01","0","","3.0","45.0","9","N","N","N","0","","0","0","0","","0","Y","","1","0","1","0","0","0","0","2","0","1","","07","","N","","","","","","","","","",""
"2022040707","0044","2","0","0","0","0","0","0","0","0","1","0","","67","4","2022","4","39.987209","-75.09058","0043","6","0","0","0","0","0","0","0","0","","0","0","0","","","0","N","0","","39 59:13.954","","0","75 05:26.088","0","0","0","0","67301","0","0","0","N","0","0","0","2","68K01","0","","1.0","","1","N","N","N","0","","0","0","0","","0","","","2","0","1","0","0","0","0","2","0","2","","","","N","","","","","","","","","",""
"2022015973","0642","1","0","0","0","0","0","0","0","0","1","0","","67","2","2022","7","40.007208","-75.160022","0636","6","0","0","0","0","0","0","0","0","","0","0","0","","","1","N","0","","40 00:25.950","","0","75 09:36.080","3","0","0","0","67301","0","0","0","N","0","0","0","2","67301","0","","6.0","","1","N","N","N","0","","1","0","1","","0","","","2","1","0","0","0","0","1","2","0","2","","","","N","","","","","","","","","",""
"2022024352","2057","2","0","0","0","0","0","0","0","0","4","0","","67","3","2022","3","40.045289","-75.06069","2043","6","0","0","1","0","0","0","0","0","","0","0","0","","","2","","1","","40 02:43.041","","0","75 03:38.484","8","0","0","0","67301","0","0","0","N","0","0","0","3","67301","0","","1.0","","1","N","N","N","0","","0","0","0","","2","","","2","2","1","0","0","2","0","2","0","2","","","","N","","","","","","","","","",""
"2022045157","0635","1","0","0","1","0","0","0","0","0","8","0","","67","4","2022","7","39.995051","-75.16318","0630","6","0","0","0","0","0","0","0","0","","0","0","0","","","1","","1","","39 59:42.182","","0","75 09:47.448","3","0","0","0","67301","1","0","0","N","0","0","0","2","67301","0","","1.0","","1","N","N","N","0","","1","0","0","","2","","","2","1","0","0","0","0","0","2","0","1","","03","","N","","","","","","","","","",""
"2022039425","","1","0","0","0","0","0","0","0","0","1","0","","67","1","2022","4","39.976344","-75.139412","","6","0","0","0","0","0","1","0","0","","0","0","0","","","1","","1","","39 58:34.838","","0","75 08:21.883","8","0","0","0","67301","0","0","0","N","0","0","0","2","00000","0","","1.0","","2","N","N","N","1","","0","0","0","","0","","","2","1","0","0","0","1","1","2","0","2","","","","N","","","","","","","","","",""
"2022022037","1720","1","0","0","0","0","0","0","0","0","8","0","","67","2","2022","1","39.975299","-75.245606","1701","6","0","0","0","0","0","0","0","0","","0","0","0","","","1","","1","","39 58:31.077","","0","75 14:44.180","3","0","0","0","67301","1","0","0","N","1","0","0","2","67301","0","","1.0","","1","N","N","N","0","","1","0","0","","2","","","2","1","0","0","0","0","0","2","0","1","","","","N","","","","","","","","","",""
"2022016192","1821","0","0","0","1","0","0","0","0","0","8","0","","67","2","2022","6","39.926083","-75.192839","1821","6","0","0","0","0","0","0","0","0","","0","0","0","","","1","","1","","39 55:33.898","1","0","75 11:34.220","3","0","0","0","67301","1","0","0","N","0","0","0","2","67301","0","","1.0","1915.0","1","N","N","N","0","","1","0","1","","3","N","","2","1","0","0","0","0","0","2","0","1","","03","","N","","","","","","","","","",""
"2022029221","1528","0","0","0","0","0","0","0","0","0","5","0","","67","3","2022","6","40.011671","-75.069854","1526","6","0","0","0","0","0","0","0","0","","0","0","0","","","0","","1","","40 00:42.017","","0","75 04:11.475","0","0","0","0","67301","0","0","0","N","0","0","0","3","67301","0","","1.0","","1","N","N","N","1","","0","0","2","","2","","","3","0","0","0","0","0","0","2","0","3","","","","N","","","","","","","","","",""
"2022038509","0203","2","0","0","0","0","0","0","0","0","3","0","","67","3","2022","1","39.956645","-75.153394","0149","6","0","0","0","0","0","0","0","0","","0","0","0","","","0","N","0","","39 57:23.923","","2","75 09:12.220","9","0","0","0","67301","0","0","0","N","0","0","0","3","68K01","0","","1.0","","1","N","N","N","0","","0","0","0","","0","","","2","0","0","0","0","0","1","2","0","2","","","","N","","","","","","","","","",""
"2022022947","1915","1","0","0","0","0","0","0","0","0","7","0","","67","2","2022","1","40.00632","-75.197217","1907","6","0","0","0","0","0","0","0","0","","0","0","0","","","0","N","0","","40 00:22.753","","0","75 11:49.982","0","0","0","0","67301","0","0","0","N","0","0","0","2","68K01","0","","3.0","","1","N","N","N","0","","0","0","0","","0","","","1","0","0","0","0","0","0","2","0","1","","","","N","","","","","","","","","",""
"2022044148","1346","1","0","0","0","0","0","0","0","0","4","0","","67","5","2022","2","39.975317","-75.191647","1346","6","0","0","0","0","0","0","0","0","","0","0","0","","","0","N","0","","39 58:31.142","1","7","75 11:29.928","0","0","0","0","67301","0","0","0","N","0","0","0","2","67301","0","","1.0","1500.0","1","N","N","N","0","","0","0","1","","0","N","","2","0","1","0","0","0","0","2","0","2","","03","","N","","","","","","","","","",""
"2022046920","1536","0","0","0","0","0","0","0","0","0","1","0","","67","4","2022","2","39.912555","-75.148436","1536","6","0","0","0","0","0","1","0","0","","0","0","0","","","2","N","0","","39 54:45.198","","3","75 08:54.371","4","0","0","0","67301","0","0","0","N","0","0","0","3","68K01","2","","1.0","","1","N","N","N","0","","0","0","2","","0","","","2","2","0","0","0","0","0","2","0","2","","","","N","","","","","","","","","",""
"2022015983","0753","3","0","0","0","0","0","0","0","0","1","0","","67","2","2022","6","40.053511","-74.986075","0734","6","0","0","0","0","0","2","1","0","","0","0","0","","","2","N","0","","40 03:12.641","","0","74 59:09.870","3","0","0","0","67301","0","0","0","N","0","0","0","7","68K01","0","","1.0","","1","N","N","N","1","","2","0","2","","0","","","6","2","0","0","0","0","0","2","0","6","","03","","N","","","","","","","","","",""
"2022017077","1716","0","0","0","0","0","0","0","0","0","4","0","","67","2","2022","1","39.983789","-75.257117","1455","6","0","0","0","0","0","1","1","0","","0","0","0","","","1","","1","","39 59:01.640","","0","75 15:25.621","3","0","0","0","67301","0","0","0","N","0","0","0","2","67301","0","","1.0","","9","N","N","N","0","","1","0","2","","3","","","2","1","0","0","0","0","0","2","0","2","","07","","N","","","","","","","","","",""
"2022039799","1520","0","0","0","0","0","0","1","0","0","8","1","","67","3","2022","6","39.994222","-75.117556","1505","6","0","0","0","0","0","0","0","0","","0","0","0","","","1","N","0","","39 59:39.200","","1","75 07:03.200","8","0","0","0","67301","1","0","0","N","1","0","0","2","67508","0","","1.0","","1","N","","N","0","","0","0","0","","0","","","2","1","0","0","0","1","0","2","0","1","","03","","N","","","","","","","","","",""
"2022044130","2130","1","0","0","0","0","0","0","0","0","1","0","","67","5","2022","5","40.012638","-75.160979","2130","6","0","0","0","0","0","1","0","0","","0","0","0","","","0","","1","","40 00:45.495","6","0","75 09:39.526","0","0","0","0","67301","0","0","0","N","0","0","0","3","67301","0","","1.0","2200.0","1","N","N","N","1","","0","0","0","","2","N","","2","0","0","0","0","0","0","2","0","2","","","","N","","","","","","","","","",""
"2022021509","1332","1","0","0","0","0","0","0","0","0","4","0","","67","2","2022","6","40.00674","-75.078026","1329","6","0","0","0","0","0","1","0","0","","0","0","0","","","1","","1","","40 00:24.264","1","0","75 04:40.893","3","0","0","0","67301","0","0","0","N","0","0","0","3","67301","0","","1.0","1403.0","1","N","N","N","0","","1","0","0","","3","N","","2","1","0","0","0","0","0","2","1","2","","","","N","","","","","","","","","",""
"2022050604","2346","1","0","0","0","0","0","0","0","0","1","0","","67","5","2022","4","40.009054","-75.149641","2340","6","0","0","0","0","0","0","0","0","","1","0","0","","","2","N","0","","40 00:32.593","","0","75 08:58.708","1","0","0","0","67301","0","0","0","N","0","0","0","3","67301","0","2","6.0","","1","N","N","Y","0","0","2","0","0","","0","","","2","2","1","1","0","0","0","2","1","2","","03","","N","","","","","","","","","",""
"2022046598","2359","1","0","0","0","0","0","0","0","0","1","0","","67","4","2022","3","39.950009","-75.183746","2351","6","0","0","0","0","1","0","0","0","","0","0","0","","","1","N","0","","39 57:00.034","","0","75 11:01.487","8","0","0","0","67301","0","0","0","N","0","0","0","3","68K01","0","","1.0","","9","N","N","N","0","","0","0","0","","0","","","2","1","0","0","0","1","1","2","0","2","","","","N","","","","","","","","","",""
"2022030313","1626","0","0","0","0","0","0","0","0","0","4","0","","67","3","2022","3","40.027205","-75.064523","1625","6","0","0","0","0","0","0","1","0","","0","0","0","","","0","N","0","","40 01:37.937","","7","75 03:52.284","0","0","0","0","67301","0","0","0","N","0","0","0","2","67301","0","","1.0","","1","N","N","N","0","","0","0","2","","0","","","2","0","1","0","0","0","0","2","0","2","","03","","N","","","","","","","","","",""
"2022030654","2344","2","0","0","0","0","0","0","0","0","5","0","","67","3","2022","2","39.973078","-75.133951","2339","6","0","0","0","0","0","0","0","0","","0","0","0","","","2","N","0","","39 58:23.082","","0","75 08:02.225","2","0","0","0","67301","1","0","1","N","1","0","1","2","67301","0","","6.0","","1","N","N","N","0","","0","1","1","","0","","","4","2","0","0","0","1","0","2","0","3","","","","N","","","","","","","","","",""
"2022016683","1540","1","0","0","0","0","0","0","0","0","4","0","","67","2","2022","3","39.951162","-75.207128","1539","6","0","0","0","0","1","0","1","0","","0","0","0","","","0","","1","","39 57:04.183","","0","75 12:25.660","0","0","0","0","67301","0","0","0","N","0","0","0","2","67504","0","","1.0","","1","N","N","N","0","","0","0","1","","3","","","2","0","0","0","0","0","0","2","0","2","","03","","N","","","","","","","","","",""
"2022016186","1702","0","0","0","0","0","0","0","0","0","4","0","","67","2","2022","1","39.980224","-75.157607","1700","6","0","0","0","0","0","1","0","0","","0","0","0","","","0","","1","","39 58:48.805","3","0","75 09:27.384","0","0","0","0","67301","0","0","0","Y","0","0","0","2","67505","0","","1.0","1735.0","9","N","N","N","0","","0","0","2","","2","Y","","2","0","0","0","0","0","0","2","0","2","","04","","N","","","","","","","","","",""
"2022030132","1233","0","0","0","0","0","0","0","0","0","7","0","","67","3","2022","6","39.9095","-75.154417","1230","6","0","0","0","0","0","0","0","0","","0","0","0","","","1","N","0","","39 54:34.200","","5","75 09:15.900","4","0","0","0","67301","0","0","0","N","0","0","0","1","67501","1","","4.0","","1","N","N","N","0","","0","0","1","","1","","","1","1","0","0","0","0","0","2","0","1","","03","","N","","","","","","","","","",""
"2022044065","1259","0","0","0","0","0","0","0","0","0","1","0","","67","4","2022","2","39.985492","-75.132008","1257","6","0","0","0","0","0","1","0","0","","0","0","0","","","1","N","0","","39 59:07.770","","1","75 07:55.230","8","0","0","1","67301","0","0","0","N","0","0","0","2","67301","0","","1.0","","1","N","N","N","0","","0","0","1","","0","","","2","1","0","0","0","1","0","2","0","2","","","","N","","","","","","","","","",""
"2022023756","0457","1","0","0","0","0","0","0","0","0","5","0","","67","3","2022","4","39.957078","-75.182475","0446","6","0","0","0","0","0","0","0","0","","0","0","0","","","0","N","0","","39 57:25.480","","0","75 10:56.909","0","0","0","0","67301","0","0","0","N","0","0","0","2","67301","0","","1.0","","1","N","N","N","0","","0","0","1","","0","","","2","0","0","0","0","0","0","2","0","2","","","","N","","","","","","","","","",""
"2022024552","1048","0","0","0","0","0","0","0","0","0","2","0","","67","3","2022","4","39.935039","-75.225169","1045","6","0","0","0","0","0","0","0","0","","0","0","0","","","1","N","0","","39 56:06.140","","0","75 13:30.610","3","0","0","0","67301","0","0","0","N","0","0","0","2","67301","0","","6.0","","9","N","N","N","1","","1","0","1","","0","","","2","1","0","0","0","0","0","2","0","2","","04","","N","","","","","","","","","",""
"2022031942","1613","1","0","0","0","0","0","0","0","0","1","0","","67","3","2022","5","39.959028","-75.171075","1551","6","0","0","0","0","0","0","0","0","","0","0","0","","","0","N","0","","39 57:32.500","4","0","75 10:15.870","0","0","0","0","67301","0","0","0","N","0","0","0","3","68T07","0","","1.0","1650.0","1","N","N","N","0","","0","0","0","","0","N","","2","0","0","0","0","0","0","2","1","2","","","","N","","","","","","","","","",""
"2022016257","1715","0","0","0","0","0","0","0","0","0","8","0","","67","2","2022","4","39.927278","-75.176139","1710","6","0","0","0","0","0","0","1","0","","0","0","0","","","1","N","0","","39 55:38.200","","0","75 10:34.100","4","0","0","0","67301","1","0","0","N","1","0","0","2","67301","1","","6.0","","1","N","N","N","0","","0","0","1","","0","","","2","1","0","0","0","0","0","2","0","1","","03","","N","","","","","","","","","",""
"2022033728","1734","2","0","0","0","0","0","0","0","0","5","0","","67","3","2022","4","39.976738","-75.19754","1659","6","0","0","0","0","0","0","0","1","","0","0","0","","","0","N","0","","39 58:36.258","","0","75 11:51.144","0","0","0","0","67301","0","0","0","N","0","0","0","6","68T07","0","","1.0","","1","N","N","N","0","","0","0","1","","0","","","4","0","0","0","0","0","0","2","1","4","","03","","N","","","","","","","","","",""
"2022039501","1603","1","0","0","0","0","0","0","0","0","5","1","","67","4","2022","4","39.979856","-75.157686","1602","6","0","0","0","0","0","0","0","0","","0","1","0","","","0","N","0","","39 58:47.481","2","0","75 09:27.671","0","0","0","0","67301","0","0","0","N","0","0","0","2","67505","0","","1.0","1650.0","1","N","N","N","0","","0","0","0","","0","Y","","2","0","0","0","0","0","0","2","0","2","","03","","N","","","","","","","","","",""
"2022043992","1405","1","0","0","0","0","0","0","0","0","8","0","","67","4","2022","4","39.982458","-75.174975","1359","6","0","0","0","0","0","0","0","0","","0","0","0","","","1","","1","","39 58:56.847","","0","75 10:29.911","3","0","0","0","67301","1","0","0","N","1","0","0","2","67301","0","","1.0","","1","N","N","N","0","","1","0","0","","2","","","2","1","0","0","0","0","0","2","0","1","","03","","N","","","","","","","","","",""
"2022039765","1522","0","0","0","0","0","0","0","0","0","0","0","","67","4","2022","7","39.958883","-75.169853","1514","6","0","0","0","0","0","0","0","0","","0","0","0","","","1","N","0","","39 57:31.980","4","0","75 10:11.470","8","0","0","1","67301","0","0","0","N","0","0","0","1","68K01","0","","1.0","1530.0","1","N","N","N","0","","0","0","0","","0","N","","1","1","0","0","0","1","0","2","0","1","","03","","N","","","","","","","","","",""
"2022043668","1627","2","0","0","0","0","0","0","0","0","1","0","","67","3","2022","3","39.991706","-75.202509","1625","6","0","0","0","0","0","0","1","0","","0","0","0","","","2","N","0","","39 59:30.142","4","0","75 12:09.034","8","0","0","0","67301","0","0","0","N","0","0","0","4","68K01","0","","1.0","1715.0","1","N","N","N","0","","0","0","2","","0","N","","4","2","0","0","0","2","0","2","0","4","","03","","N","","","","","","","","","",""
"2022042347","1824","0","0","0","0","0","0","0","0","0","7","0","","67","4","2022","3","39.901259","-75.152458","1824","6","0","0","0","0","0","0","0","0","","0","0","0","","","0","N","0","","39 54:04.531","","0","75 09:08.848","0","0","0","0","67301","0","0","0","N","0","0","0","1","68K01","0","","4.0","","9","N","N","N","1","","0","0","0","","0","","","1","0","0","0","0","0","0","2","0","1","","","","N","","","","","","","","","",""
"2022019621","0755","3","0","0","0","0","0","0","0","0","4","0","","67","2","2022","1","39.955258","-75.240146","0748","6","0","0","0","0","0","0","0","0","","0","0","0","","","2","","1","","39 57:18.928","","0","75 14:24.525","3","0","0","0","67301","0","0","0","N","0","0","0","2","67301","0","","1.0","","9","N","N","N","0","","2","0","0","","2","","","3","2","0","0","0","0","0","2","0","3","","10","","N","","","","","","","","","",""
"2022029281","0000","2","0","0","0","0","0","0","0","0","4","0","","67","3","2022","2","40.038972","-75.150035","0000","6","0","0","0","0","0","0","0","0","","0","0","0","","","0","","1","","40 02:20.299","","0","75 09:00.127","0","0","0","0","67301","0","0","0","N","0","0","0","3","67301","0","","1.0","","1","N","N","N","0","","0","0","1","","2","","","3","0","0","0","0","0","0","2","0","3","","03","","N","","","","","","","","","",""
"2022043679","0015","1","0","0","0","0","0","0","0","0","7","0","","67","4","2022","4","39.977951","-75.11107","0000","6","0","0","0","0","0","0","0","0","","0","0","0","","","0","N","0","","39 58:40.623","1","0","75 06:39.853","0","0","0","0","67301","0","0","0","N","0","0","0","1","68K01","0","","4.0","20.0","9","N","N","N","0","","0","0","0","","0","N","","1","0","0","0","0","0","0","2","0","1","","03","","N","","","","","","","","","",""
"2022026059","1750","2","0","0","0","0","0","0","0","0","4","0","","67","3","2022","1","40.04893","-75.15556","1746","6","0","0","0","0","0","0","0","0","","0","0","0","","","3","","1","","40 02:56.148","","0","75 09:20.015","8","0","0","0","67301","0","0","0","N","0","0","0","4","67301","0","","1.0","","1","N","N","N","0","","0","0","1","","3","","","3","3","3","0","0","3","0","2","0","3","","03","","N","","","","","","","","","",""
"2022014770","1115","0","0","0","1","0","0","0","0","0","8","0","","67","2","2022","2","39.953725","-75.209006","1115","6","0","0","0","0","0","0","0","0","","0","0","0","","","1","","1","","39 57:13.410","","0","75 12:32.421","8","0","0","0","67301","1","0","0","N","0","0","0","2","67301","0","","1.0","","9","N","N","N","0","","0","0","1","","2","","","2","1","0","0","0","1","0","2","0","1","","07","","N","","","","","","","","","",""
"2022023776","1950","1","0","0","0","0","0","0","0","0","8","0","","67","2","2022","4","39.999211","-75.111289","1945","6","0","0","0","0","0","0","0","0","","0","0","0","","","1","N","0","","39 59:57.160","","0","75 06:40.640","3","0","0","0","67301","1","0","0","N","1","0","0","2","67301","0","","1.0","","1","N","N","N","0","","1","0","0","","0","","","2","1","0","0","0","0","0","2","0","1","","03","","N","","","","","","","","","",""
"2022043898","2030","2","0","0","0","0","0","0","0","0","2","0","","67","4","2022","5","40.05843","-75.149239","2019","6","0","0","0","0","0","1","0","0","","0","0","0","","","1","","5","","40 03:30.348","","0","75 08:57.260","3","0","0","0","67301","0","0","0","N","0","0","0","3","67301","0","","1.0","","1","N","N","N","0","","1","0","0","","2","","","2","1","1","0","0","0","1","2","0","2","","98","","N","","","","","","","","","",""
"2022030744","2125","0","0","0","0","0","0","0","0","0","5","0","","67","3","2022","4","40.023044","-75.089078","2125","6","0","0","0","0","0","0","0","0","","0","0","0","","","0","N","0","","40 01:22.960","","0","75 05:20.680","0","0","0","0","67301","0","0","0","N","0","0","0","1","67301","0","","6.0","","9","N","N","N","0","","0","0","1","","0","","","2","0","0","0","0","0","0","2","0","2","","07","","N","","","","","","","","","",""