"CRN","ARRIVAL_TM","AUTOMOBILE_COUNT","BELTED_DEATH_COUNT","BELTED_SUSP_SERIOUS_INJ_COUNT","BICYCLE_COUNT","BICYCLE_DEATH_COUNT","BICYCLE_SUSP_SERIOUS_INJ_COUNT","BUS_COUNT","CHLDPAS_DEATH_COUNT","CHLDPAS_SUSP_SERIOUS_INJ_COUNT","COLLISION_TYPE","COMM_VEH_COUNT","CONS_ZONE_SPD_LIM","COUNTY","CRASH_MONTH","CRASH_YEAR","DAY_OF_WEEK","DEC_LATITUDE","DEC_LONGITUDE","DISPATCH_TM","DISTRICT","DRIVER_COUNT_16YR","DRIVER_COUNT_17YR","DRIVER_COUNT_18YR","DRIVER_COUNT_19YR","DRIVER_COUNT_20YR","DRIVER_COUNT_50_64YR","DRIVER_COUNT_65_74YR","DRIVER_COUNT_75PLUS","EST_HRS_CLOSED","FATAL_COUNT","HEAVY_TRUCK_COUNT","HORSE_BUGGY_COUNT","HOUR_OF_DAY","ILLUMINATION","INJURY_COUNT","INTERSECTION_RELATED","INTERSECT_TYPE","LANE_CLOSED","LATITUDE","LN_CLOSE_DIR","LOCATION_TYPE","LONGITUDE","MAX_SEVERITY_LEVEL","MCYCLE_DEATH_COUNT","MCYCLE_SUSP_SERIOUS_INJ_COUNT","MOTORCYCLE_COUNT","MUNICIPALITY","NONMOTR_COUNT","NONMOTR_DEATH_COUNT","NONMOTR_SUSP_SERIOUS_INJ_COUNT","NTFY_HIWY_MAINT","PED_COUNT","PED_DEATH_COUNT","PED_SUSP_SERIOUS_INJ_COUNT","PERSON_COUNT","POLICE_AGCY","POSSIBLE_INJ_COUNT","RDWY_SURF_TYPE_CD","RELATION_TO_ROAD","ROADWAY_CLEARED","ROAD_CONDITION","SCH_BUS_IND","SCH_ZONE_IND","SECONDARY_CRASH","SMALL_TRUCK_COUNT","SPEC_JURIS_CD","SUSP_MINOR_INJ_COUNT","SUSP_SERIOUS_INJ_COUNT","SUV_COUNT","TCD_FUNC_CD","TCD_TYPE","TFC_DETOUR_IND","TIME_OF_DAY","TOTAL_UNITS","TOT_INJ_COUNT","UNBELTED_OCC_COUNT","UNB_DEATH_COUNT","UNB_SUSP_SERIOUS_INJ_COUNT","UNK_INJ_DEG_COUNT","UNK_INJ_PER_COUNT","URBAN_RURAL","VAN_COUNT","VEHICLE_COUNT","WEATHER1","WEATHER2","WORKERS_PRES","WORK_ZONE_IND","WORK_ZONE_LOC","WORK_ZONE_TYPE","WZ_CLOSE_DETOUR","WZ_FLAGGER","WZ_LAW_OFFCR_IND","WZ_LN_CLOSURE","WZ_MOVING","WZ_OTHER","WZ_SHLDER_MDN","WZ_WORKERS_INJ_KILLED"
"2022019609","1658","2","0","0","0","0","0","0","0","0","4","0","","67","2","2022","6","40.027987","-75.057417","1648","6","0","0","0","0","0","1","0","0","","0","0","0","","","0","","1","","40 01:40.752","","0","75 03:26.701","0","0","0","0","67301","0","0","0","N","0","0","0","2","67301","0","","1.0","","1","N","N","N","0","","0","0","0","","2","","","2","0","0","0","0","0","0","2","0","2","","03","","N","","","","","","","","","",""
"2022048652","1240","0","0","0","0","0","0","0","0","0","1","0","","67","5","2022","2","39.959522","-75.175006","1240","6","0","0","0","0","0","0","0","0","","0","0","0","","","1","N","0","","39 57:34.279","4","0","75 10:30.021","3","0","0","0","67301","0","0","0","N","0","0","0","3","68K01","0","","1.0","1244.0","1","N","N","N","0","","1","0","1","","0","N","","2","1","0","0","0","0","0","2","1","2","","","","N","","","","","","","","","",""
"2022029858","2331","2","0","0","0","0","0","0","0","0","5","0","","67","3","2022","6","40.043999","-75.030251","2328","6","0","0","0","0","0","0","0","0","","0","0","0","","","0","N","0","","40 02:38.398","","0","75 01:48.904","0","0","0","0","67301","0","0","0","N","0","0","0","1","67301","0","","6.0","","1","N","N","N","0","","0","0","1","","0","","","3","0","0","0","0","0","0","2","0","3","","03","","N","","","","","","","","","",""
"2022042350","1939","1","0","0","0","0","0","0","0","0","1","0","","67","4","2022","4","39.972376","-75.193674","1933","6","0","0","0","0","0","0","0","0","","0","0","0","","","0","N","0","","39 58:20.554","3","0","75 11:37.225","0","0","0","0","67301","0","0","0","N","0","0","0","6","68K01","0","","1.0","1945.0","1","N","N","N","0","","0","0","2","","0","N","","3","0","0","0","0","0","0","2","0","3","","03","","N","","","","","","","","","",""
"2022024902","0905","0","0","0","0","0","0","0","0","0","4","0","","67","3","2022","1","40.015303","-75.137158","0902","6","0","0","0","0","0","0","1","0","","0","0","0","","","1","","1","","40 00:55.090","6","0","75 08:13.768","3","0","0","0","67301","0","0","0","N","0","0","0","3","67301","0","","1.0","45.0","9","N","N","N","0","","1","0","2","","2","Y","","3","1","0","0","0","0","0","2","0","3","","07","","N","","","","","","","","","",""
"2022023780","1900","2","0","0","0","0","0","0","0","0","4","0","","67","3","2022","1","40.011294","-75.106103","1855","6","0","0","0","0","1","0","0","0","","0","0","0","","","3","","1","","40 00:40.660","3","0","75 06:21.970","3","0","0","0","67301","0","0","0","N","0","0","0","3","67301","0","","1.0","2055.0","1","N","N","N","0","","3","0","0","","3","Y","","2","3","0","0","0","0","0","2","0","2","","03","","N","","","","","","","","","",""
"2022029158","0819","0","0","0","0","0","0","0","0","0","8","0","","67","3","2022","2","40.055323","-75.053787","0818","6","0","0","0","0","0","1","0","0","","0","0","0","","","1","N","0","","40 03:19.161","","0","75 03:13.632","3","0","0","0","67301","1","0","0","N","1","0","0","2","67301","0","","1.0","","1","N","N","N","0","","1","0","1","","0","","","2","1","0","0","0","0","0","2","0","1","","03","","N","","","","","","","","","",""
"2022030805","1700","0","0","0","0","0","0","0","0","0","8","0","","67","3","2022","2","40.067743","-75.1625","1653","6","0","0","0","0","0","0","0","0","","0","0","0","","","1","","1","","40 04:03.874","","0","75 09:44.999","8","0","0","0","67301","1","0","0","N","1","0","0","2","67301","0","","1.0","","1","N","N","N","0","","0","0","0","","3","","","2","1","0","0","0","1","0","2","0","1","","03","","N","","","","","","","","","",""
"2022045682","1710","0","0","0","1","1","0","0","0","0","8","0","","67","5","2022","5","39.919011","-75.241017","1703","6","0","0","0","0","0","0","0","0","","1","0","0","","","0","N","0","","39 55:08.440","","0","75 14:27.660","1","0","0","0","67301","1","1","0","N","0","0","0","2","67301","0","2","1.0","","1","N","N","N","0","0","0","0","1","","0","","","2","0","0","0","0","0","0","2","0","1","","03","","N","","","","","","","","","",""
"2022047751","0949","2","0","0","0","0","0","0","0","0","4","0","","67","1","2022","4","40.008839","-75.122359","0950","6","0","0","0","0","0","0","0","0","","0","0","0","","","0","N","0","","40 00:31.821","1","0","75 07:20.492","9","0","0","0","67301","0","0","0","N","0","0","0","1","67301","0","","6.0","1118.0","1","N","N","N","0","","0","0","1","","0","Y","","3","0","0","0","0","0","1","2","0","3","","03","","N","","","","","","","","","",""
"2022045600","1416","0","0","0","0","0","0","0","0","0","1","0","","67","4","2022","4","39.923298","-75.147618","1355","6","0","0","0","0","0","0","0","0","","0","0","0","","","3","N","0","","39 55:23.873","2","0","75 08:51.426","3","0","0","0","67301","0","0","0","N","0","0","0","3","68K01","0","","2.0","1500.0","1","N","N","N","0","","3","0","2","","0","N","","2","3","0","0","0","0","0","2","0","2","","","","N","","","","","","","","","",""
"2022029206","1518","0","0","0","0","0","0","0","0","0","8","0","","67","3","2022","3","39.937639","-75.223018","1518","6","0","0","1","0","0","0","0","0","","0","0","0","","","1","","1","","39 56:15.501","","0","75 13:22.863","3","0","0","0","67301","2","0","0","N","2","0","0","3","67301","0","","1.0","","1","N","N","N","0","","1","0","1","","2","","","3","1","1","0","0","0","0","2","0","1","","03","","N","","","","","","","","","",""
"2022043722","1728","1","0","0","0","0","0","0","0","0","1","0","","67","5","2022","5","39.991699","-75.202524","1715","6","0","0","0","0","0","0","0","0","","0","0","0","","","0","N","0","","39 59:30.115","","0","75 12:09.088","0","0","0","0","67301","0","0","0","N","0","0","0","2","68K01","0","","1.0","","1","N","N","N","0","","0","0","1","","8","","","2","0","0","0","0","0","0","2","0","2","","","","N","","","","","","","","","",""
"2022017600","","2","0","0","0","0","0","0","0","0","1","0","","67","1","2022","3","40.077412","-75.175518","","6","0","0","0","0","0","0","0","0","","0","0","0","","","1","","1","","40 04:38.684","","0","75 10:31.865","8","0","0","0","67301","0","0","0","N","0","0","0","2","00000","0","","1.0","","1","N","N","N","0","","0","0","0","","2","","","2","1","0","0","0","1","0","2","0","2","","","","N","","","","","","","","","",""
"2022014900","1809","1","0","0","0","0","0","0","0","0","1","0","","67","2","2022","4","40.020176","-75.15362","1808","6","0","0","0","0","1","0","0","0","","0","0","0","","","4","N","0","","40 01:12.632","","2","75 09:13.033","8","0","0","0","67301","1","0","0","N","1","0","0","5","67301","0","","1.0","","1","N","N","N","0","","0","0","1","","0","","","3","4","0","0","0","4","1","2","0","2","","","","N","","","","","","","","","",""
"2022044118","2320","2","0","0","0","0","0","0","0","0","6","0","","67","5","2022","1","40.015873","-75.153841","2318","6","0","0","0","0","0","0","0","0","","0","0","0","","","0","","1","","40 00:57.144","","0","75 09:13.828","0","0","0","0","67301","0","0","0","N","0","0","0","3","67301","0","","4.0","","1","N","N","N","0","","0","0","0","","2","","","2","0","0","0","0","0","0","2","0","2","","","","N","","","","","","","","","",""
"2022014897","2338","0","0","0","0","0","0","0","0","0","8","0","","67","1","2022","2","39.994894","-75.15905","2332","6","0","0","0","0","0","0","0","0","","0","0","0","","","1","N","0","","39 59:41.620","","0","75 09:32.580","3","0","0","0","67301","1","0","0","N","1","0","0","2","67301","0","","1.0","","9","N","N","N","0","","1","0","0","","0","","","2","1","0","0","0","0","0","2","1","1","","03","","N","","","","","","","","","",""
"2022037321","0426","0","0","0","0","0","0","0","0","0","5","0","","67","4","2022","1","39.958821","-75.170416","0421","6","0","0","0","0","0","1","0","0","","0","0","0","","","0","N","0","","39 57:31.757","3","0","75 10:13.496","9","0","0","0","67301","0","0","0","N","0","0","0","3","68Z99","0","","1.0","440.0","1","N","N","N","0","","0","0","1","","0","N","","2","0","0","0","0","0","1","2","0","2","","","","N","","","","","","","","","",""
"2022021522","0800","1","0","0","0","0","0","0","0","0","8","0","","67","3","2022","3","40.013611","-75.089139","0731","6","0","0","0","0","0","0","0","0","","0","0","0","","","1","N","0","","40 00:49.000","","0","75 05:20.900","3","0","0","0","67301","1","0","0","N","1","0","0","2","67301","0","","1.0","","1","N","N","N","0","","1","0","0","","0","","","2","1","0","0","0","0","1","2","0","1","","","","N","","","","","","","","","",""
"2022029248","0250","1","0","0","0","0","0","0","0","0","5","0","","67","2","2022","1","39.995","-75.139556","0245","6","0","0","0","0","0","0","0","0","","0","0","0","","","1","N","0","","39 59:42.000","","0","75 08:22.400","3","0","0","0","67301","0","0","0","N","0","0","0","2","67301","0","","1.0","","1","N","N","N","0","","1","0","0","","0","","","2","1","0","0","0","0","0","2","0","2","","03","","N","","","","","","","","","",""
"2022043970","2332","2","0","0","0","0","0","0","0","0","4","0","","67","4","2022","1","39.9577","-75.225346","2332","6","0","0","0","0","0","0","0","0","","0","0","0","","","0","","2","","39 57:27.720","","0","75 13:31.247","0","0","0","0","67301","0","0","0","N","0","0","0","3","67301","0","","1.0","","1","N","N","N","0","","0","0","0","","3","","","2","0","1","0","0","0","0","2","0","2","","03","","N","","","","","","","","","",""
"2022037716","1555","1","0","0","0","0","0","0","0","0","1","1","","67","4","2022","5","39.929373","-75.146046","1501","6","0","0","0","0","0","1","1","0","","0","1","0","","","0","N","0","","39 55:45.744","1","0","75 08:45.764","0","0","0","0","67301","0","0","0","N","0","0","0","3","68K01","0","","1.0","1700.0","1","N","N","N","0","","0","0","0","","0","N","","2","0","0","0","0","0","0","2","0","2","","03","","N","","","","","","","","","",""
"2022039370","2258","0","0","0","0","0","0","0","0","0","1","0","","67","4","2022","7","40.029794","-75.022014","2246","6","0","0","0","0","0","2","0","0","","0","0","0","","","1","N","0","","40 01:47.258","","0","75 01:19.249","8","0","0","0","67301","0","0","0","N","0","0","0","3","68K01","0","","1.0","","1","N","N","N","0","","0","0","2","","0","","","2","1","0","0","0","1","0","2","0","2","","","","N","","","","","","","","","",""
"2022032289","0724","0","0","0","0","0","0","0","0","0","7","0","","67","3","2022","7","39.960407","-75.181158","0713","6","0","0","0","0","0","0","0","0","","0","0","0","","","1","","7","","39 57:37.466","4","2","75 10:52.167","3","0","0","0","67301","0","0","0","Y","0","0","0","1","68K01","0","","7.0","15.0","9","N","N","N","0","","1","0","1","","0","N","","1","1","1","0","0","0","0","2","0","1","","05","","N","","","","","","","","","",""
"2022044382","0311","2","0","0","0","0","0","0","0","0","5","0","","67","4","2022","1","39.946586","-75.188943","0309","6","0","0","0","0","1","0","0","0","","0","0","0","","","1","N","0","","39 56:47.709","3","0","75 11:20.194","8","0","0","0","67301","0","0","0","N","0","0","0","3","68K01","0","","1.0","400.0","1","N","N","N","0","","0","0","1","","0","N","","3","1","1","0","0","1","0","2","0","3","","","","N","","","","","","","","","",""
"2022020016","1618","3","0","0","0","0","0","0","0","0","4","0","","67","2","2022","7","40.023633","-75.12192","1616","6","0","0","0","0","0","0","0","0","","0","0","0","","","1","","1","","40 01:25.078","","0","75 07:18.912","3","0","0","0","67301","0","0","0","N","0","0","0","3","67301","0","","1.0","","1","N","N","N","0","","1","0","1","","3","","","4","1","0","0","0","0","0","2","0","4","","03","","N","","","","","","","","","",""
"2022037452","0234","0","0","0","0","0","0","0","0","0","5","0","","67","3","2022","7","39.978476","-75.20273","0229","6","0","0","0","0","0","0","0","0","","0","0","0","","","0","N","0","","39 58:42.512","3","0","75 12:09.827","9","0","0","0","67301","0","0","0","N","0","0","0","2","68K01","0","","3.0","236.0","1","N","N","N","0","","0","0","1","","0","N","","2","0","0","0","0","0","1","2","0","2","","03","","N","","","","","","","","","",""
"2022018321","0346","1","0","0","0","0","0","0","0","0","5","0","","67","2","2022","2","40.031176","-75.02143","0346","6","0","0","0","1","0","0","0","0","","0","0","0","","","0","N","0","","40 01:52.233","1","3","75 01:17.147","0","0","0","0","67301","0","0","0","N","0","0","0","2","68K01","0","","1.0","358.0","9","N","N","Y","0","","0","0","1","","0","N","","2","0","0","0","0","0","0","2","0","2","","","","N","","","","","","","","","",""
"2022036652","2033","1","0","0","0","0","0","0","0","0","8","0","","67","4","2022","2","39.984681","-75.156494","2030","6","0","0","0","0","0","0","0","0","","0","0","0","","","1","N","1","","39 59:04.850","","0","75 09:23.377","8","0","0","0","67301","1","0","0","N","1","0","0","2","67505","0","","1.0","","9","N","N","N","0","","0","0","0","","2","","","2","1","0","0","0","1","1","2","0","1","","07","","N","","","","","","","","","",""
"2022014797","1840","1","0","0","0","0","0","0","0","0","4","0","","67","1","2022","2","39.977451","-75.181756","1825","6","0","0","0","0","0","1","0","0","","0","0","0","","","0","","1","","39 58:38.825","","0","75 10:54.321","0","0","0","0","67301","0","0","0","N","0","0","0","2","67301","0","","1.0","","7","N","N","N","0","","0","0","1","","3","","","2","0","0","0","0","0","0","2","0","2","","03","","N","","","","","","","","","",""
"2022014779","0130","0","0","0","0","0","0","0","0","0","5","0","","67","1","2022","6","39.985014","-75.238053","0120","6","0","0","0","0","0","0","0","0","","0","0","0","","","0","N","0","","39 59:06.050","","0","75 14:16.990","9","0","0","0","67301","0","0","0","N","0","0","0","1","67301","0","","6.0","","7","N","N","N","1","","0","0","1","","0","","","3","0","0","0","0","0","1","2","1","3","","10","","N","","","","","","","","","",""
"2022014856","1010","0","0","0","0","0","0","0","0","0","1","0","","67","1","2022","5","40.023816","-75.13365","0954","6","0","0","0","0","0","0","0","0","","0","0","0","","","0","N","0","","40 01:25.739","2","0","75 08:01.141","9","0","0","0","67301","0","0","0","N","0","0","0","2","67301","0","","1.0","1042.0","1","N","N","N","0","","0","0","1","","0","N","","2","0","0","0","0","0","1","2","0","2","","03","","N","","","","","","","","","",""
"2022026242","0055","3","0","0","0","0","0","0","0","0","4","0","","67","2","2022","4","39.954758","-75.236221","0045","6","0","0","0","0","0","0","0","0","","0","0","0","","","1","","1","","39 57:17.128","","0","75 14:10.395","8","0","0","0","67301","0","0","0","N","0","0","0","2","67301","0","","1.0","","2","N","N","N","0","","0","0","1","","2","","","4","1","0","0","0","1","0","2","0","4","","10","","N","","","","","","","","","",""
"2022037461","1706","1","0","0","0","0","0","0","0","0","7","0","","67","3","2022","4","39.958263","-75.165812","1644","6","0","0","0","0","0","0","0","0","","0","0","0","","","1","","7","","39 57:29.748","","2","75 09:56.922","8","0","0","0","67301","0","0","0","N","0","0","0","2","68K01","0","","2.0","","1","N","N","N","0","","0","0","0","","0","","","1","1","0","0","0","1","0","2","0","1","","03","","N","","","","","","","","","",""
"2022044016","0458","1","0","0","0","0","0","0","0","0","99","0","","67","3","2022","1","40.005844","-75.096417","0454","6","0","0","0","0","0","0","0","0","","0","0","0","","","1","","1","","40 00:21.038","","1","75 05:47.101","8","0","0","0","67301","0","0","0","N","0","0","0","2","67301","0","","1.0","","1","N","N","N","0","","0","0","0","","2","","","2","1","0","0","0","1","0","2","1","2","","03","","N","","","","","","","","","",""
"2022024494","2155","1","0","0","0","0","0","0","0","0","1","0","","67","3","2022","2","40.075311","-75.165103","2149","6","0","0","0","0","0","0","0","0","","0","0","0","","","0","N","0","","40 04:31.120","","0","75 09:54.370","0","0","0","0","67301","0","0","0","N","0","0","0","1","67301","0","","6.0","","9","N","N","N","0","","0","0","1","","0","","","2","0","0","0","0","0","0","2","0","2","","98","","N","","","","","","","","","",""
"2022014833","1140","1","0","0","0","0","0","0","0","0","4","0","","67","2","2022","3","39.979851","-75.142873","1140","6","0","0","0","0","0","0","1","0","","0","0","0","","","1","","1","","39 58:47.465","","0","75 08:34.342","2","0","0","0","67301","0","0","0","N","0","0","0","2","67301","0","","1.0","","99","N","N","N","0","","0","1","0","","2","","","2","1","0","0","0","0","0","2","1","2","","","","N","","","","","","","","","",""
"2022043927","0047","1","0","0","0","0","0","0","0","0","8","0","","67","4","2022","3","40.024054","-75.062976","0045","6","0","0","0","0","0","0","0","0","","1","0","0","","","0","N","0","","40 01:26.594","","0","75 03:46.715","1","0","0","0","67301","1","1","0","N","1","1","0","2","67301","0","2","1.0","","1","N","N","N","0","0","0","0","0","","0","","","2","0","0","0","0","0","0","2","0","1","","03","","N","","","","","","","","","",""
"2022040210","0812","2","0","0","0","0","0","0","0","0","1","0","","67","4","2022","6","40.02768","-75.024797","0737","6","0","0","0","0","0","0","0","0","","0","0","0","","","1","N","0","","40 01:39.649","","0","75 01:29.270","4","0","0","0","67301","0","0","0","N","0","0","0","3","68K01","1","","1.0","","1","N","N","N","0","","0","0","1","","8","","","3","1","0","0","0","0","0","2","0","3","","03","","N","","","","","","","","","",""
"2022052963","0032","0","0","0","0","0","0","0","0","0","8","0","","67","2","2022","6","40.017862","-75.149676","0023","6","0","0","0","0","0","0","0","0","","0","0","0","","","1","N","0","","40 01:04.303","6","0","75 08:58.834","2","0","0","0","67301","1","0","1","N","1","0","1","4","67301","0","","1.0","355.0","9","N","N","Y","0","","0","1","1","","0","Y","","2","1","0","0","0","0","0","2","0","1","","04","","N","","","","","","","","","",""
"2022031060","1002","0","0","0","1","0","0","0","0","0","8","0","","67","3","2022","2","39.927757","-75.157117","0959","6","0","0","0","0","0","0","0","0","","0","0","0","","","1","","1","","39 55:39.925","","0","75 09:25.621","3","0","0","0","67301","1","0","0","N","0","0","0","2","67301","0","","1.0","","1","N","N","N","0","","1","0","1","","3","","","2","1","0","0","0","0","0","2","0","1","","03","","N","","","","","","","","","",""
"2022014644","1331","1","0","1","0","0","0","0","0","0","4","0","","67","1","2022","4","39.916994","-75.246601","1331","6","0","0","0","0","0","1","0","0","","0","0","0","","","1","N","0","","39 55:01.178","","7","75 14:47.764","2","0","0","0","67301","0","0","0","N","0","0","0","2","67301","0","","1.0","","1","N","N","N","0","","0","1","1","","0","","","2","1","0","0","0","0","0","2","0","2","","","","N","","","","","","","","","",""
"2022040219","2321","2","0","0","0","0","0","0","0","0","5","0","","67","4","2022","6","39.899148","-75.166605","2320","6","0","0","0","0","0","0","0","0","","0","0","0","","","0","N","0","","39 53:56.933","","3","75 09:59.777","0","0","0","0","67301","0","0","0","N","0","0","0","2","68K01","0","","1.0","","1","N","N","N","0","","0","0","0","","0","","","2","0","0","0","0","0","0","2","0","2","","","","N","","","","","","","","","",""
"2022036819","1222","1","0","0","0","0","0","1","0","0","4","1","","67","3","2022","2","40.039076","-75.144733","1222","6","0","0","0","0","0","0","1","0","","0","0","0","","","3","","1","","40 02:20.672","2","0","75 08:41.040","4","0","0","0","67301","0","0","0","N","0","0","0","4","67508","1","","1.0","9999.0","1","","","N","0","","0","0","0","","2","Y","","2","3","0","0","0","2","0","2","0","2","","03","","N","","","","","","","","","",""
"2022010588","0658","1","0","0","0","0","0","0","0","0","1","0","45","67","1","2022","5","40.017632","-75.049238","0649","6","0","0","0","0","0","0","0","0","","0","0","0","","","1","N","0","","40 01:03.475","2","0","75 02:57.258","8","0","0","0","67301","0","0","0","N","0","0","0","3","68K01","0","","1.0","720.0","1","N","N","N","1","","0","0","1","","0","N","","3","1","1","0","0","1","0","2","0","3","","","Y","Y","4","1","N","N","N","Y","N","N","Y","N"
"2022014588","0810","2","0","0","0","0","0","0","0","0","1","0","","67","1","2022","2","40.076432","-75.047459","0804","6","0","0","0","0","0","0","0","0","","0","0","0","","","2","","2","","40 04:35.155","","0","75 02:50.852","3","0","0","0","67301","0","0","0","N","0","0","0","2","67301","0","","1.0","","2","N","N","N","0","","1","0","0","","0","","","2","2","0","0","0","1","0","2","0","2","","10","","N","","","","","","","","","",""
"2022026250","0234","2","0","0","0","0","0","0","0","0","6","0","","67","2","2022","1","39.954428","-75.233361","0234","6","0","0","0","0","0","0","0","0","","0","0","0","","","0","N","0","","39 57:15.940","","0","75 14:00.100","0","0","0","0","67301","0","0","0","N","0","0","0","1","67301","0","","6.0","","1","N","N","N","0","","0","0","1","","0","","","3","0","1","0","0","0","0","2","0","3","","03","","N","","","","","","","","","",""
"2022014584","2110","1","0","0","0","0","0","0","0","0","2","0","","67","1","2022","6","40.12839","-75.009821","2104","6","1","0","0","1","0","0","0","0","","0","0","0","","","0","","2","","40 07:42.204","","0","75 00:35.355","0","0","0","0","67301","0","0","0","N","0","0","0","2","67301","0","","1.0","","2","N","N","N","0","","0","0","1","","0","","","2","0","0","0","0","0","0","2","0","2","","10","","N","","","","","","","","","",""
"2022037464","2225","1","0","0","0","0","0","0","0","0","1","0","","67","3","2022","5","39.960005","-75.179783","2210","6","0","0","0","0","0","0","0","0","","0","0","0","","","0","","6","","39 57:36.017","","2","75 10:47.219","0","0","0","0","67301","0","0","0","N","0","0","0","2","68K01","0","","1.0","","9","N","N","N","0","","0","0","1","","0","","","2","0","0","0","0","0","0","2","0","2","","07","","N","","","","","","","","","",""
"2022030424","1054","1","0","0","0","0","0","0","0","0","4","0","","67","3","2022","7","39.956814","-75.243862","1052","6","0","0","0","0","0","1","0","0","","0","0","0","","","2","","1","","39 57:24.530","","0","75 14:37.903","3","0","0","0","67301","0","0","0","N","0","0","0","3","67301","1","","1.0","","1","N","N","N","0","","1","0","1","","2","","","2","2","2","0","0","0","0","2","0","2","","03","","N","","","","","","","","","",""
"2022043538","1907","1","0","0","0","0","0","0","0","0","1","0","","67","3","2022","7","40.027099","-75.025276","1851","6","0","0","0","0","0","0","1","0","","0","0","0","","","3","N","0","","40 01:37.556","1","0","75 01:30.992","8","0","0","0","67301","0","0","0","N","0","0","0","3","68K01","0","","1.0","2000.0","1","N","N","N","0","","0","0","1","","0","N","","2","3","0","0","0","3","0","2","0","2","","03","","N","","","","","","","","","",""
"2022029198","0355","2","0","0","0","0","0","0","0","0","1","0","","67","3","2022","1","39.962803","-75.164633","0344","6","0","0","0","0","0","1","0","0","","0","0","0","","","0","","1","","39 57:46.089","","0","75 09:52.678","0","0","0","0","67301","0","0","0","N","0","0","0","2","67301","0","","1.0","","1","N","N","N","0","","0","0","0","","2","","","2","0","0","0","0","0","0","2","0","2","","03","","N","","","","","","","","","",""
"2022037577","1405","1","0","0","0","0","0","0","0","0","8","0","","67","4","2022","5","39.982","-75.158889","1400","6","0","0","0","0","0","1","0","0","","0","0","0","","","1","N","0","","39 58:55.200","","0","75 09:32.000","3","0","0","0","67301","1","0","0","N","1","0","0","2","67505","0","","1.0","","1","N","N","N","0","","1","0","0","","3","","","2","1","0","0","0","0","0","2","0","1","","03","","N","","","","","","","","","",""
"2022029214","2030","1","0","0","0","0","0","0","0","0","4","0","","67","3","2022","2","40.026288","-75.097275","2026","6","0","0","0","0","0","1","0","0","","0","0","0","","","1","","1","","40 01:34.637","","0","75 05:50.189","4","0","0","0","67301","0","0","0","N","0","0","0","2","67301","1","","1.0","","1","N","N","N","0","","0","0","1","","2","","","2","1","0","0","0","0","0","2","0","2","","","","N","","","","","","","","","",""
"2022048407","1642","1","0","0","0","0","0","0","0","0","4","1","","67","5","2022","2","39.958058","-75.162286","1631","6","0","0","0","0","0","1","0","0","","0","1","0","","","0","","1","","39 57:29.007","4","0","75 09:44.230","0","0","0","0","67301","0","0","0","N","0","0","0","2","67301","0","","1.0","1655.0","1","N","N","N","0","","0","0","0","","2","N","","2","0","0","0","0","0","0","2","0","2","","03","","N","","","","","","","","","",""
"2022016163","2221","0","0","0","0","0","0","0","0","0","8","0","","67","2","2022","3","40.045706","-75.14317","2220","6","0","0","0","0","0","0","0","0","","0","0","0","","","1","","2","","40 02:44.541","","0","75 08:35.413","3","0","0","0","67301","1","0","0","N","1","0","0","2","67301","0","","1.0","","1","N","N","N","0","","1","0","1","","0","","","2","1","0","0","0","0","0","2","0","1","","03","","N","","","","","","","","","",""
"2022024574","2144","0","0","0","0","0","0","1","0","0","5","1","","67","2","2022","3","39.992957","-75.110258","2135","6","0","0","0","0","0","0","0","0","","0","0","0","","","1","","1","","39 59:34.645","","0","75 06:36.928","8","0","0","0","67301","0","0","0","N","0","0","0","3","67508","0","","1.0","","1","","","N","0","","0","0","1","","2","","","2","1","0","0","0","1","0","2","0","2","","03","","N","","","","","","","","","",""
"2022014860","1530","0","0","0","0","0","0","0","0","0","4","0","","67","1","2022","1","40.048403","-75.137645","1530","6","0","0","0","0","0","0","0","0","","0","0","0","","","1","","1","","40 02:54.250","","0","75 08:15.522","8","0","0","0","67301","0","0","0","N","0","0","0","2","67301","0","","1.0","","2","N","N","N","0","","0","0","1","","3","","","2","1","0","0","0","1","0","2","0","2","","","","N","","","","","","","","","",""
"2022037459","1124","1","0","0","0","0","0","0","0","0","1","0","","67","3","2022","1","39.94916","-75.184868","1118","6","0","0","0","0","0","0","0","0","","0","0","0","","","0","N","0","","39 56:56.975","3","0","75 11:05.524","0","0","0","0","67301","0","0","0","N","0","0","0","5","68K01","0","","1.0","1135.0","1","N","N","N","0","","0","0","2","","0","N","","3","0","1","0","0","0","0","2","0","3","","","","N","","","","","","","","","",""
"2022025770","0227","1","0","0","0","0","0","0","0","0","7","0","","67","3","2022","2","40.053311","-75.126789","0223","6","0","0","0","0","0","0","0","0","","0","0","0","","","2","","1","","40 03:11.919","","0","75 07:36.440","3","0","0","0","67301","0","0","0","N","0","0","0","2","67301","0","","4.0","","1","N","N","N","0","","2","0","0","","0","","","1","2","0","0","0","0","0","2","0","1","","","","N","","","","","","","","","",""
"2022020310","0835","2","0","0","0","0","0","0","0","0","4","0","","67","2","2022","6","39.977153","-75.146069","0833","6","0","0","0","1","0","0","1","0","","0","0","0","","","1","","1","","39 58:37.750","","0","75 08:45.848","4","0","0","0","67301","0","0","0","N","0","0","0","2","67301","1","","1.0","","9","N","N","N","0","","0","0","0","","3","","","2","1","0","0","0","0","0","2","0","2","","07","","N","","","","","","","","","",""