"CRN","ARRIVAL_TM","AUTOMOBILE_COUNT","BELTED_DEATH_COUNT","BELTED_SUSP_SERIOUS_INJ_COUNT","BICYCLE_COUNT","BICYCLE_DEATH_COUNT","BICYCLE_SUSP_SERIOUS_INJ_COUNT","BUS_COUNT","CHLDPAS_DEATH_COUNT","CHLDPAS_SUSP_SERIOUS_INJ_COUNT","COLLISION_TYPE","COMM_VEH_COUNT","CONS_ZONE_SPD_LIM","COUNTY","CRASH_MONTH","CRASH_YEAR","DAY_OF_WEEK","DEC_LATITUDE","DEC_LONGITUDE","DISPATCH_TM","DISTRICT","DRIVER_COUNT_16YR","DRIVER_COUNT_17YR","DRIVER_COUNT_18YR","DRIVER_COUNT_19YR","DRIVER_COUNT_20YR","DRIVER_COUNT_50_64YR","DRIVER_COUNT_65_74YR","DRIVER_COUNT_75PLUS","EST_HRS_CLOSED","FATAL_COUNT","HEAVY_TRUCK_COUNT","HORSE_BUGGY_COUNT","HOUR_OF_DAY","ILLUMINATION","INJURY_COUNT","INTERSECTION_RELATED","INTERSECT_TYPE","LANE_CLOSED","LATITUDE","LN_CLOSE_DIR","LOCATION_TYPE","LONGITUDE","MAX_SEVERITY_LEVEL","MCYCLE_DEATH_COUNT","MCYCLE_SUSP_SERIOUS_INJ_COUNT","MOTORCYCLE_COUNT","MUNICIPALITY","NONMOTR_COUNT","NONMOTR_DEATH_COUNT","NONMOTR_SUSP_SERIOUS_INJ_COUNT","NTFY_HIWY_MAINT","PED_COUNT","PED_DEATH_COUNT","PED_SUSP_SERIOUS_INJ_COUNT","PERSON_COUNT","POLICE_AGCY","POSSIBLE_INJ_COUNT","RDWY_SURF_TYPE_CD","RELATION_TO_ROAD","ROADWAY_CLEARED","ROAD_CONDITION","SCH_BUS_IND","SCH_ZONE_IND","SECONDARY_CRASH","SMALL_TRUCK_COUNT","SPEC_JURIS_CD","SUSP_MINOR_INJ_COUNT","SUSP_SERIOUS_INJ_COUNT","SUV_COUNT","TCD_FUNC_CD","TCD_TYPE","TFC_DETOUR_IND","TIME_OF_DAY","TOTAL_UNITS","TOT_INJ_COUNT","UNBELTED_OCC_COUNT","UNB_DEATH_COUNT","UNB_SUSP_SERIOUS_INJ_COUNT","UNK_INJ_DEG_COUNT","UNK_INJ_PER_COUNT","URBAN_RURAL","VAN_COUNT","VEHICLE_COUNT","WEATHER1","WEATHER2","WORKERS_PRES","WORK_ZONE_IND","WORK_ZONE_LOC","WORK_ZONE_TYPE","WZ_CLOSE_DETOUR","WZ_FLAGGER","WZ_LAW_OFFCR_IND","WZ_LN_CLOSURE","WZ_MOVING","WZ_OTHER","WZ_SHLDER_MDN","WZ_WORKERS_INJ_KILLED"
"2022014783","1547","1","0","0","0","0","0","0","0","0","8","0","","67","2","2022","3","39.969078","-75.245491","1545","6","0","0","0","0","0","0","0","0","","0","0","0","","","1","N","0","","39 58:08.680","","0","75 14:43.767","3","0","0","0","67301","1","0","0","N","1","0","0","2","67301","0","","1.0","","6","N","N","N","0","","1","0","0","","0","","","2","1","0","0","0","0","1","2","0","1","","","","N","","","","","","","","","",""
"2022030782","2000","1","0","0","0","0","0","0","0","0","5","0","","67","3","2022","7","40.014886","-75.147214","1956","6","0","0","0","0","0","1","0","0","","0","0","0","","","0","N","0","","40 00:53.590","","0","75 08:49.970","0","0","0","0","67301","0","0","0","N","0","0","0","2","67301","0","","6.0","","1","N","N","N","0","","0","0","1","","0","","","2","0","0","0","0","0","0","2","0","2","","03","","N","","","","","","","","","",""
"2022033959","1735","1","0","0","0","0","0","0","0","0","1","0","","67","4","2022","6","39.974332","-75.158891","1731","6","0","0","0","0","0","0","0","0","","0","0","0","","","0","N","0","","39 58:27.596","2","0","75 09:32.007","0","0","0","0","67301","0","0","0","N","0","0","0","2","67505","0","","1.0","1745.0","1","N","N","N","0","","0","0","1","","0","N","","2","0","1","0","0","0","0","2","0","2","","03","","N","","","","","","","","","",""
"2022053469","1812","1","0","0","0","0","0","0","0","0","5","0","","67","4","2022","3","40.019303","-75.045331","1801","6","0","0","0","0","0","0","0","0","","0","0","0","","","2","N","0","","40 01:09.491","1","0","75 02:43.192","3","0","0","0","67301","0","0","0","N","0","0","0","2","68K01","0","","1.0","1930.0","1","N","N","N","0","","1","0","1","","0","Y","","2","2","1","0","0","1","0","2","0","2","","","","N","","","","","","","","","",""
"2022036300","1309","0","0","0","0","0","0","0","0","0","1","1","","67","4","2022","2","39.949268","-75.184526","1253","6","0","0","0","0","0","1","0","0","","0","1","0","","","1","N","0","","39 56:57.363","4","0","75 11:04.293","3","0","0","0","67301","0","0","0","N","0","0","0","2","68K01","0","","1.0","1309.0","1","N","N","N","0","","1","0","1","","0","N","","2","1","0","0","0","0","0","2","0","2","","","","N","","","","","","","","","",""
"2022014626","1130","1","0","0","0","0","0","0","0","0","1","0","","67","1","2022","6","39.971556","-75.170417","1118","6","0","0","0","0","0","0","0","0","","0","0","0","","","0","N","0","","39 58:17.600","","0","75 10:13.500","0","0","0","0","67301","0","0","0","N","0","0","0","1","67301","0","","6.0","","6","N","Y","N","0","","0","0","1","","0","","","3","0","0","0","0","0","0","2","1","3","","10","","N","","","","","","","","","",""
"2022041826","0914","2","0","0","0","0","0","0","0","0","1","0","","67","3","2022","6","39.96762","-75.132129","0910","6","0","0","0","0","0","0","0","0","","0","0","0","","","0","N","0","","39 58:03.432","","0","75 07:55.664","0","0","0","0","67301","0","0","0","N","0","0","0","2","68K01","0","","1.0","","1","N","N","N","0","","0","0","0","","8","","","2","0","0","0","0","0","0","2","0","2","","","","N","","","","","","","","","",""
"2022043808","0215","1","0","0","0","0","0","0","0","0","1","0","","67","5","2022","7","40.046784","-75.070288","0207","6","0","0","0","0","0","0","0","0","","0","0","0","","","1","","1","","40 02:48.424","","0","75 04:13.037","4","0","0","0","67301","0","0","0","N","0","0","0","1","67301","1","","4.0","","9","N","N","N","1","","0","0","0","","0","","","2","1","0","0","0","0","0","2","0","2","","","","N","","","","","","","","","",""
"2022036991","1415","1","0","0","0","0","0","0","0","0","4","1","","67","4","2022","4","40.052384","-74.987374","1400","6","0","0","0","0","0","1","0","0","","0","1","0","","","0","N","0","","40 03:08.584","1","0","74 59:14.548","0","0","0","0","67301","0","0","0","N","0","0","0","4","68M03","0","","1.0","1500.0","1","N","N","N","0","","0","0","0","","0","Y","","2","0","0","0","0","0","0","2","0","2","","03","","N","","","","","","","","","",""
"2022047903","1655","2","0","0","0","0","0","0","0","0","6","0","","67","5","2022","6","40.039151","-75.110002","1647","6","0","0","0","0","0","0","0","0","","0","0","0","","","1","","1","","40 02:20.942","","0","75 06:36.006","3","0","0","0","67301","0","0","0","N","0","0","0","3","67301","0","","1.0","","9","N","N","N","0","","1","0","1","","2","","","3","1","3","0","0","0","0","2","0","3","","","","N","","","","","","","","","",""
"2022043723","1848","2","0","0","0","0","0","0","0","0","1","0","","67","5","2022","5","39.943899","-75.192074","1820","6","0","0","0","0","0","0","0","0","","0","0","0","","","3","N","0","","39 56:38.036","","0","75 11:31.467","8","0","0","0","67301","0","0","0","N","0","0","0","4","68K01","0","","1.0","","1","N","N","N","0","","0","0","0","","8","","","2","3","0","0","0","3","0","2","0","2","","","","N","","","","","","","","","",""
"2022033550","1508","0","0","0","0","0","0","0","0","0","0","0","","67","4","2022","3","39.952278","-75.141184","1449","6","0","0","0","0","0","1","0","0","","0","0","0","","","0","N","0","","39 57:08.202","1","2","75 08:28.262","0","0","0","0","67301","0","0","0","N","0","0","0","1","68K01","0","","1.0","1533.0","1","N","N","N","0","","0","0","1","","0","N","","1","0","0","0","0","0","0","2","0","1","","03","","N","","","","","","","","","",""
"2022037466","0246","1","0","0","0","0","0","0","0","0","7","0","","67","3","2022","6","40.034366","-75.019108","0230","6","0","0","0","0","0","0","0","0","","0","0","0","","","2","N","0","","40 02:03.716","2","0","75 01:08.788","4","0","0","0","67301","0","0","0","N","0","0","0","2","68K01","2","","2.0","257.0","9","N","N","N","1","","0","0","0","","0","N","","2","2","0","0","0","0","0","2","0","2","","","","N","","","","","","","","","",""
"2022027661","0230","3","0","0","0","0","0","0","0","0","1","0","","67","3","2022","7","39.983","-75.160278","0230","6","0","0","0","0","0","0","0","0","","0","0","0","","","0","N","0","","39 58:58.800","1","0","75 09:37.000","0","0","0","0","67301","0","0","0","N","0","0","0","3","67505","0","","6.0","245.0","1","N","N","Y","0","","0","0","1","","0","Y","","4","0","0","0","0","0","0","2","0","4","","03","","N","","","","","","","","","",""
"2022029349","1632","0","0","0","0","0","0","0","0","0","6","0","","67","3","2022","7","40.018061","-75.134042","1627","6","0","0","0","0","0","0","0","0","","0","0","0","","","0","N","0","","40 01:05.020","","0","75 08:02.550","9","0","0","1","67301","0","0","0","N","0","0","0","1","67301","0","","4.0","","1","N","N","N","0","","0","0","1","","0","","","2","0","0","0","0","0","1","2","0","2","","","","N","","","","","","","","","",""
"2022036288","0626","1","0","0","0","0","0","0","0","0","7","0","","67","3","2022","3","39.898782","-75.172676","0626","6","0","0","0","1","0","0","0","0","","0","0","0","","","0","N","0","","39 53:55.614","1","0","75 10:21.635","0","0","0","0","67301","0","0","0","N","0","0","0","1","68K01","0","","5.0","700.0","1","N","N","N","0","","0","0","0","","0","N","","1","0","0","0","0","0","0","2","0","1","","03","","N","","","","","","","","","",""
"2022020135","1550","0","0","0","0","0","0","0","0","0","4","0","","67","2","2022","5","39.914008","-75.149937","1550","6","0","0","0","0","0","0","0","0","","0","0","0","","","0","","1","","39 54:50.430","","7","75 08:59.773","0","0","0","0","67301","0","0","0","N","0","0","0","2","67301","0","","1.0","","1","N","N","N","0","","0","0","2","","2","","","2","0","0","0","0","0","0","2","0","2","","","","N","","","","","","","","","",""
"2022051025","1305","1","0","0","0","0","0","0","0","0","1","0","","67","5","2022","4","40.046432","-75.001425","1249","6","0","0","0","0","0","0","0","0","","0","0","0","","","0","N","0","","40 02:47.154","","0","75 00:05.129","0","0","0","0","67301","0","0","0","N","0","0","0","2","68K01","0","","1.0","","1","N","N","N","0","","0","0","1","","0","","","2","0","0","0","0","0","0","2","0","2","","","","N","","","","","","","","","",""
"2022034308","0804","2","0","0","0","0","0","0","0","0","5","0","","67","4","2022","1","39.960207","-75.190892","0755","6","0","0","0","0","0","0","0","0","","0","0","0","","","1","","1","","39 57:36.745","","0","75 11:27.211","8","0","0","0","67301","0","0","0","N","0","0","0","3","67507","0","","1.0","","1","N","N","N","0","","0","0","0","","2","","","2","1","0","0","0","1","0","2","0","2","","","","N","","","","","","","","","",""
"2022020772","1211","2","0","0","0","0","0","0","0","0","1","0","","67","2","2022","1","40.000889","-75.142953","1209","6","0","0","0","1","0","0","0","0","","0","0","0","","","3","N","0","","40 00:03.200","","0","75 08:34.630","3","0","0","0","67301","0","0","0","N","0","0","0","3","67301","1","","6.0","","1","N","N","N","0","","2","0","0","","0","","","3","3","0","0","0","0","0","2","0","2","","03","","N","","","","","","","","","",""
"2022043795","2155","1","0","0","0","0","0","0","0","0","4","0","","67","4","2022","4","39.90675","-75.183833","2154","6","0","0","0","0","0","1","0","0","","0","0","0","","","1","N","0","","39 54:24.300","","0","75 11:01.800","8","0","0","0","67301","0","0","0","N","0","0","0","3","67301","0","","1.0","","1","N","N","N","0","","0","0","0","","0","","","2","1","0","0","0","1","0","2","1","2","","","","N","","","","","","","","","",""
"2022025064","0910","0","0","0","1","0","1","0","0","0","8","0","","67","3","2022","2","39.963896","-75.203528","0909","6","0","0","0","0","0","0","0","0","","0","0","0","","","1","","1","","39 57:50.027","","0","75 12:12.700","2","0","0","0","67301","1","0","1","N","0","0","0","2","67301","0","","1.0","","1","N","N","N","0","","0","1","0","","0","","","2","1","0","0","0","0","0","2","1","1","","03","","N","","","","","","","","","",""
"2022024923","2026","1","0","0","0","0","0","0","0","0","1","0","","67","3","2022","2","39.97988","-75.1182","2018","6","0","0","0","0","0","0","0","0","","0","0","0","","","1","N","0","","39 58:47.568","","0","75 07:05.521","3","0","0","0","67301","0","0","0","N","0","0","0","2","67301","0","","6.0","","9","N","N","N","0","","1","0","1","","0","","","2","1","0","0","0","0","0","2","0","2","","","","N","","","","","","","","","",""
"2022014724","1836","1","0","0","0","0","0","0","0","0","5","0","","67","1","2022","6","40.026772","-75.058239","1824","6","0","0","0","0","0","0","0","0","","0","0","0","","","0","N","0","","40 01:36.380","3","0","75 03:29.660","0","0","0","0","67301","0","0","0","N","0","0","0","1","67301","0","","6.0","1950.0","7","N","N","N","2","","0","0","2","","0","Y","","5","0","0","0","0","0","0","2","0","5","","10","","N","","","","","","","","","",""
"2022014609","0848","1","0","0","0","0","0","0","0","0","4","0","","67","1","2022","4","40.094644","-75.015196","0843","6","0","0","0","0","0","2","0","0","","0","0","0","","","1","","1","","40 05:40.718","","0","75 00:54.707","3","0","0","0","67301","0","0","0","N","0","0","0","3","67301","0","","1.0","","1","N","N","N","0","","1","0","1","","2","","","2","1","0","0","0","0","0","2","0","2","","03","","N","","","","","","","","","",""
"2022017610","","0","0","0","0","0","0","0","0","0","4","1","","67","1","2022","4","40.026578","-75.068001","","6","0","0","0","0","0","0","0","0","","0","1","0","","","1","","3","","40 01:35.682","","0","75 04:04.802","3","0","0","0","67301","0","0","0","N","0","0","0","2","00000","0","","1.0","","1","N","N","N","0","","1","0","1","","2","","","2","1","0","0","0","0","0","2","0","2","","","","N","","","","","","","","","",""
"2022037292","2048","1","0","0","0","0","0","0","0","0","8","0","","67","4","2022","7","39.953653","-75.198763","2047","6","0","0","0","0","0","1","0","0","","0","0","0","","","1","","1","","39 57:13.151","","0","75 11:55.547","8","0","0","0","67301","1","0","0","N","1","0","0","2","67504","0","","1.0","","9","N","N","N","0","","0","0","0","","2","","","2","1","0","0","0","1","0","2","0","1","","","","N","","","","","","","","","",""
"2022020319","1200","0","0","0","0","0","0","0","0","0","1","0","","67","1","2022","1","40.09811","-75.035845","1158","6","0","0","0","0","0","1","0","0","","0","0","0","","","1","","1","","40 05:53.196","","0","75 02:09.041","3","0","0","0","67301","0","0","0","N","0","0","0","2","67301","0","","1.0","","7","N","N","N","0","","1","0","2","","3","","","2","1","0","0","0","0","0","2","0","2","","03","","N","","","","","","","","","",""
"2022036286","1613","1","0","0","0","0","0","0","0","0","1","0","","67","3","2022","3","39.889927","-75.201016","1552","6","0","0","0","0","0","0","0","0","","0","0","0","","","2","N","0","","39 53:23.738","2","0","75 12:03.656","3","0","0","0","67301","0","0","0","N","0","0","0","3","68K01","0","","1.0","1625.0","1","N","N","N","0","","2","0","1","","0","N","","2","2","0","0","0","0","0","2","0","2","","03","","N","","","","","","","","","",""
"2022021839","","1","0","0","0","0","0","0","0","0","1","0","","67","1","2022","2","40.130138","-75.012798","","6","0","0","0","0","0","0","0","0","","0","0","0","","","2","","2","","40 07:48.496","","0","75 00:46.074","8","0","0","0","67301","0","0","0","N","0","0","0","3","00000","0","","1.0","","1","N","N","N","0","","0","0","1","","0","","","2","2","0","0","0","2","0","2","0","2","","","","N","","","","","","","","","",""
"2022031049","","1","0","0","0","0","0","0","0","0","4","0","","67","1","2022","2","39.995414","-75.170878","","6","0","0","0","0","0","0","1","0","","0","0","0","","","4","","1","","39 59:43.490","","0","75 10:15.160","8","0","0","0","67301","0","0","0","N","0","0","0","5","00000","0","","1.0","","1","N","N","N","0","","0","0","1","","3","","","2","4","0","0","0","4","0","2","0","2","","","","N","","","","","","","","","",""
"2022014615","2150","0","0","1","0","0","0","0","0","0","2","0","","67","1","2022","7","40.072303","-75.013501","2147","6","0","0","0","0","0","0","0","0","","0","0","0","","","2","N","0","","40 04:20.290","","0","75 00:48.605","2","0","0","0","67301","0","0","0","N","0","0","0","2","67301","0","","1.0","","6","N","N","N","0","","1","1","2","","2","","","2","2","0","0","0","0","0","2","0","2","","10","","N","","","","","","","","","",""
"2022010123","0707","1","0","0","0","0","0","0","0","0","7","0","","67","1","2022","6","39.955123","-75.185834","0705","6","0","0","0","0","0","0","0","0","","0","0","0","","","0","N","0","","39 57:18.443","","0","75 11:09.002","9","0","0","0","67301","0","0","0","N","0","0","0","3","67507","0","","4.0","","1","N","N","N","0","","0","0","1","","0","","","2","0","0","0","0","0","1","2","0","2","","","","N","","","","","","","","","",""
"2022014858","1442","0","0","0","0","0","0","0","0","0","4","0","","67","1","2022","6","40.050773","-75.148714","1436","6","0","0","0","0","0","0","1","0","","0","0","0","","","1","","1","","40 03:02.783","","0","75 08:55.370","3","0","0","0","67301","0","0","0","N","0","0","0","2","67301","0","","1.0","","8","N","N","N","0","","1","0","2","","1","","","2","1","1","0","0","0","0","2","0","2","","10","","N","","","","","","","","","",""
"2022014889","1640","2","0","0","0","0","0","0","0","0","4","0","","67","1","2022","4","40.020198","-75.150541","1635","6","0","0","0","0","0","0","0","1","","0","0","0","","","1","","1","","40 01:12.714","","3","75 09:01.947","8","0","0","0","67301","0","0","0","N","0","0","0","3","67301","0","","1.0","","1","N","N","N","0","","0","0","0","","2","","","2","1","0","0","0","1","0","2","0","2","","","","N","","","","","","","","","",""
"2022014610","1420","0","0","0","0","0","0","0","0","0","1","0","","67","1","2022","4","40.079472","-75.029637","1415","6","0","0","0","0","0","0","0","0","","0","0","0","","","2","N","0","","40 04:46.098","","0","75 01:46.692","8","0","0","0","67301","0","0","0","N","0","0","0","3","67301","0","","1.0","","1","N","N","N","1","","0","0","1","","0","","","2","2","0","0","0","2","1","2","0","2","","03","","N","","","","","","","","","",""
"2022014563","1245","2","0","0","0","0","0","0","0","0","4","0","","67","1","2022","5","40.027678","-75.226185","1242","6","0","0","0","0","0","0","0","0","","0","0","0","","","0","","1","","40 01:39.640","","0","75 13:34.265","0","0","0","0","67301","0","0","0","N","0","0","0","3","67301","0","","1.0","","2","N","N","N","0","","0","0","0","","3","","","2","0","0","0","0","0","0","2","0","2","","","","N","","","","","","","","","",""
"2022016860","0506","2","0","0","0","0","0","0","0","0","4","0","","67","1","2022","5","39.996783","-75.115974","0505","6","0","0","0","0","0","0","0","0","","0","0","0","","","0","","2","","39 59:48.419","","0","75 06:57.506","9","0","0","0","67301","0","0","0","N","0","0","0","3","67301","0","","1.0","","1","N","N","N","0","","0","0","0","","0","","","2","0","3","0","0","0","1","2","0","2","","03","","N","","","","","","","","","",""
"2022026662","","0","0","0","0","0","0","0","0","0","4","0","","67","1","2022","5","40.128835","-75.013723","","6","0","0","0","0","0","0","1","0","","0","0","0","","","1","","1","","40 07:43.807","","0","75 00:49.401","8","0","0","0","67301","0","0","0","N","0","0","0","2","00000","0","","1.0","","1","N","N","N","0","","0","0","2","","2","","","2","1","1","0","0","1","0","2","0","2","","","","N","","","","","","","","","",""
"2022014763","1020","1","0","0","0","0","0","0","0","0","4","0","","67","1","2022","6","39.959472","-75.233175","1018","6","0","0","0","0","0","0","0","0","","0","0","0","","","1","","1","","39 57:34.098","","0","75 13:59.431","3","0","0","0","67301","0","0","0","N","0","0","0","2","67301","0","","1.0","","9","N","N","N","0","","1","0","0","","2","","","2","1","0","0","0","0","0","2","0","2","","03","","N","","","","","","","","","",""
"2022037465","0208","1","0","0","0","0","0","0","0","0","7","0","","67","3","2022","6","40.007373","-75.200726","0205","6","0","0","0","0","0","0","0","0","","0","0","0","","","0","N","0","","40 00:26.543","3","0","75 12:02.612","9","0","0","0","67301","0","0","0","Y","0","0","0","1","68K01","0","","4.0","300.0","9","N","N","N","0","","0","0","0","","0","Y","","1","0","0","0","0","0","1","2","0","1","","03","","N","","","","","","","","","",""
"2022015669","1052","0","0","0","0","0","0","0","0","0","7","0","","67","1","2022","6","40.039828","-75.006852","1049","6","0","0","0","0","1","0","0","0","","0","0","0","","","0","N","0","","40 02:23.382","2","0","75 00:24.666","0","0","0","0","67301","0","0","0","N","0","0","0","2","68K01","0","","2.0","1130.0","9","N","N","N","1","","0","0","0","","0","N","","1","0","0","0","0","0","0","2","0","1","","04","","N","","","","","","","","","",""
"2022013597","1615","2","0","0","0","0","0","0","0","0","1","0","","67","1","2022","4","40.00915","-75.209834","1608","6","0","0","0","0","0","0","0","0","","0","0","0","","","1","","2","","40 00:32.941","","2","75 12:35.404","4","0","0","0","67301","0","0","0","N","0","0","0","2","46104","1","","1.0","","1","N","N","N","0","","0","0","0","","2","","","2","1","0","0","0","0","0","2","0","2","","03","","N","","","","","","","","","",""
"2022014798","0825","0","0","0","0","0","0","0","0","0","8","0","","67","1","2022","2","39.993931","-75.154462","0802","6","0","0","0","0","0","0","0","0","","0","0","0","","","1","","1","","39 59:38.150","","0","75 09:16.063","3","0","0","0","67301","1","0","0","N","1","0","0","2","67301","0","","1.0","","1","N","N","N","0","","1","0","1","","2","","","2","1","1","0","0","0","1","2","0","1","","04","","N","","","","","","","","","",""
"2022021879","1420","1","0","0","0","0","0","1","0","0","1","1","","67","2","2022","3","40.032893","-75.177728","1355","6","0","0","0","0","0","1","0","0","","0","0","0","","","2","","2","","40 01:58.414","","0","75 10:39.820","8","0","0","0","67301","0","0","0","N","0","0","0","2","67508","0","","1.0","","1","","","N","0","","0","0","0","","2","","","2","2","1","0","0","2","0","2","0","2","","03","","N","","","","","","","","","",""
"2022014546","2045","2","0","0","0","0","0","0","0","0","5","0","","67","1","2022","2","40.038778","-75.101083","2044","6","0","0","0","0","0","0","0","0","","0","0","0","","","0","N","0","","40 02:19.600","5","0","75 06:03.900","9","0","0","0","67301","0","0","0","N","0","0","0","3","67301","0","","1.0","2115.0","2","N","N","N","0","","0","0","1","","0","Y","","3","0","0","0","0","0","3","2","0","3","","98","","N","","","","","","","","","",""
"2022037739","0635","1","0","0","0","0","0","0","0","0","5","0","","67","4","2022","3","40.021699","-75.039299","0635","6","0","0","0","0","0","0","0","0","","0","0","0","","","7","N","0","","40 01:18.115","1","0","75 02:21.477","3","0","0","0","67301","0","0","0","N","0","0","0","7","68K01","0","","1.0","655.0","9","N","N","Y","0","","7","0","1","","0","N","","2","7","0","0","0","0","0","2","0","2","","","","N","","","","","","","","","",""
"2022037687","1923","1","0","0","0","0","0","0","0","0","7","0","","67","3","2022","5","39.953888","-75.141583","1917","6","0","0","0","0","0","0","0","0","","0","0","0","","","0","N","0","","39 57:13.997","2","0","75 08:29.700","0","0","0","0","67301","0","0","0","N","0","0","0","1","68K01","0","","4.0","1935.0","9","N","N","N","0","","0","0","0","","0","N","","1","0","0","0","0","0","0","2","0","1","","","","N","","","","","","","","","",""
"2022014648","1841","1","0","0","0","0","0","0","0","0","8","0","","67","1","2022","2","39.908905","-75.232914","1839","6","0","0","0","0","0","0","0","0","","0","0","0","","","1","","1","","39 54:32.058","","0","75 13:58.490","3","0","0","0","67301","1","0","0","N","1","0","0","2","67301","0","","1.0","","2","N","N","N","0","","1","0","0","","2","","","2","1","1","0","0","0","1","2","0","1","","03","","N","","","","","","","","","",""
"2022037475","2348","1","0","0","0","0","0","0","0","0","7","0","","67","4","2022","1","39.897755","-75.186248","2338","6","0","0","0","0","1","0","0","0","","0","0","0","","","0","N","0","","39 53:51.918","","0","75 11:10.494","0","0","0","0","67301","0","0","0","N","0","0","0","1","68K01","0","","4.0","","1","N","N","N","0","","0","0","0","","0","","","1","0","0","0","0","0","0","2","0","1","","03","","N","","","","","","","","","",""
"2022023773","1621","1","0","0","0","0","0","0","0","0","8","0","","67","1","2022","4","39.993891","-75.114694","1620","6","0","0","0","0","0","0","1","0","","0","0","0","","","1","","1","","39 59:38.007","","0","75 06:52.898","3","0","0","0","67301","1","0","0","N","1","0","0","2","67301","0","","1.0","","1","N","Y","N","0","","1","0","0","","3","","","2","1","1","0","0","0","0","2","0","1","","","","N","","","","","","","","","",""
"2022014582","1514","1","0","0","0","0","0","0","0","0","5","0","","67","1","2022","5","40.078283","-75.036598","1512","6","0","0","0","0","0","0","0","1","","0","0","0","","","1","N","0","","40 04:41.818","","0","75 02:11.754","3","0","0","0","67301","0","0","0","N","0","0","0","2","67301","0","","1.0","","1","N","N","N","1","","1","0","1","","0","","","3","1","0","0","0","0","0","2","0","3","","03","","N","","","","","","","","","",""
"2022036298","0115","1","0","0","0","0","0","0","0","0","7","0","","67","4","2022","6","39.974644","-75.194183","0113","6","0","0","0","0","0","0","0","0","","0","0","0","","","0","N","0","","39 58:28.719","","0","75 11:39.060","0","0","0","0","67301","0","0","0","N","0","0","0","1","68K01","0","","5.0","","9","N","N","N","0","","0","0","0","","0","","","1","0","0","0","0","0","0","2","0","1","","07","","N","","","","","","","","","",""
"2022014793","1958","2","0","0","0","0","0","0","0","0","4","0","","67","1","2022","5","39.983458","-75.181532","1948","6","0","0","0","0","0","0","0","0","","0","0","0","","","1","","5","","39 59:00.448","6","0","75 10:53.514","2","0","0","0","67301","0","0","0","N","0","0","0","5","67301","0","","1.0","2048.0","1","N","N","N","0","","0","1","2","","2","Y","","4","1","0","0","0","0","0","2","0","4","","03","","N","","","","","","","","","",""
"2022014729","1721","1","0","0","0","0","0","0","0","0","4","0","","67","1","2022","1","40.018922","-75.049504","1707","6","0","0","0","0","0","0","0","0","","0","0","0","","","1","","1","","40 01:08.120","","0","75 02:58.216","3","0","0","0","67301","0","0","0","N","0","0","0","2","67301","0","","1.0","","9","N","N","N","0","","1","0","1","","3","","","2","1","0","0","0","0","1","2","0","2","","","","N","","","","","","","","","",""
"2022015195","1707","1","0","0","0","0","0","0","0","0","4","0","","67","2","2022","3","40.027537","-75.062373","1706","6","0","0","0","0","0","1","0","0","","0","0","0","","","1","","1","","40 01:39.133","","0","75 03:44.544","4","0","0","0","67301","0","0","0","N","0","0","0","2","67301","1","","1.0","","1","N","N","N","0","","0","0","1","","2","","","2","1","1","0","0","0","1","2","0","2","","03","","N","","","","","","","","","",""
"2022014823","0436","1","0","0","0","0","0","0","0","0","7","0","","67","1","2022","2","40.004314","-75.128004","0436","6","0","0","0","0","0","0","0","0","","0","0","0","","","0","","1","","40 00:15.530","","0","75 07:40.814","0","0","0","0","67301","0","0","0","N","0","0","0","1","67301","0","","5.0","","2","N","N","N","0","","0","0","0","","2","","","1","0","0","0","0","0","0","2","0","1","","98","","N","","","","","","","","","",""
"2022014435","0430","0","0","0","0","0","0","1","0","0","8","1","","67","2","2022","3","39.99299","-75.159725","0418","6","0","0","0","0","0","0","0","0","","0","0","0","","","1","","1","","39 59:34.764","","0","75 09:35.010","8","0","0","0","67301","1","0","0","N","1","0","0","2","67508","0","","1.0","","6","N","N","Y","0","","0","0","0","","2","","","2","1","0","0","0","1","0","2","0","1","","03","","N","","","","","","","","","",""
"2022037725","1219","1","0","0","0","0","0","0","0","0","1","0","","67","4","2022","2","39.956848","-75.153235","1201","6","0","0","0","0","0","0","0","0","","0","0","0","","","1","N","0","","39 57:24.654","","0","75 09:11.646","8","0","0","0","67301","0","0","0","N","0","0","0","2","68K01","0","","1.0","","1","N","N","N","0","","0","0","1","","0","","","2","1","0","0","0","1","0","2","0","2","","04","","N","","","","","","","","","",""
"2022035807","1345","1","0","0","0","0","0","1","0","0","1","1","","67","3","2022","1","39.975293","-75.189157","1330","6","0","0","0","0","0","0","1","0","","0","0","0","","","2","N","0","","39 58:31.056","","0","75 11:20.965","4","0","0","0","67301","0","0","0","N","0","0","0","4","67508","2","","1.0","","1","N","N","Y","0","","0","0","0","","0","","","3","2","0","0","0","0","0","2","0","3","","03","","N","","","","","","","","","",""
"2022014719","1215","2","0","0","0","0","0","0","0","0","4","0","","67","1","2022","4","40.018922","-75.049504","1209","6","0","0","0","0","1","0","0","0","","0","0","0","","","0","","1","","40 01:08.120","","0","75 02:58.216","0","0","0","0","67301","0","0","0","N","0","0","0","3","67301","0","","1.0","","1","N","N","N","0","","0","0","0","","0","","","2","0","0","0","0","0","0","2","0","2","","03","","N","","","","","","","","","",""