"CRN","ARRIVAL_TM","AUTOMOBILE_COUNT","BELTED_DEATH_COUNT","BELTED_SUSP_SERIOUS_INJ_COUNT","BICYCLE_COUNT","BICYCLE_DEATH_COUNT","BICYCLE_SUSP_SERIOUS_INJ_COUNT","BUS_COUNT","CHLDPAS_DEATH_COUNT","CHLDPAS_SUSP_SERIOUS_INJ_COUNT","COLLISION_TYPE","COMM_VEH_COUNT","CONS_ZONE_SPD_LIM","COUNTY","CRASH_MONTH","CRASH_YEAR","DAY_OF_WEEK","DEC_LATITUDE","DEC_LONGITUDE","DISPATCH_TM","DISTRICT","DRIVER_COUNT_16YR","DRIVER_COUNT_17YR","DRIVER_COUNT_18YR","DRIVER_COUNT_19YR","DRIVER_COUNT_20YR","DRIVER_COUNT_50_64YR","DRIVER_COUNT_65_74YR","DRIVER_COUNT_75PLUS","EST_HRS_CLOSED","FATAL_COUNT","HEAVY_TRUCK_COUNT","HORSE_BUGGY_COUNT","HOUR_OF_DAY","ILLUMINATION","INJURY_COUNT","INTERSECTION_RELATED","INTERSECT_TYPE","LANE_CLOSED","LATITUDE","LN_CLOSE_DIR","LOCATION_TYPE","LONGITUDE","MAX_SEVERITY_LEVEL","MCYCLE_DEATH_COUNT","MCYCLE_SUSP_SERIOUS_INJ_COUNT","MOTORCYCLE_COUNT","MUNICIPALITY","NONMOTR_COUNT","NONMOTR_DEATH_COUNT","NONMOTR_SUSP_SERIOUS_INJ_COUNT","NTFY_HIWY_MAINT","PED_COUNT","PED_DEATH_COUNT","PED_SUSP_SERIOUS_INJ_COUNT","PERSON_COUNT","POLICE_AGCY","POSSIBLE_INJ_COUNT","RDWY_SURF_TYPE_CD","RELATION_TO_ROAD","ROADWAY_CLEARED","ROAD_CONDITION","SCH_BUS_IND","SCH_ZONE_IND","SECONDARY_CRASH","SMALL_TRUCK_COUNT","SPEC_JURIS_CD","SUSP_MINOR_INJ_COUNT","SUSP_SERIOUS_INJ_COUNT","SUV_COUNT","TCD_FUNC_CD","TCD_TYPE","TFC_DETOUR_IND","TIME_OF_DAY","TOTAL_UNITS","TOT_INJ_COUNT","UNBELTED_OCC_COUNT","UNB_DEATH_COUNT","UNB_SUSP_SERIOUS_INJ_COUNT","UNK_INJ_DEG_COUNT","UNK_INJ_PER_COUNT","URBAN_RURAL","VAN_COUNT","VEHICLE_COUNT","WEATHER1","WEATHER2","WORKERS_PRES","WORK_ZONE_IND","WORK_ZONE_LOC","WORK_ZONE_TYPE","WZ_CLOSE_DETOUR","WZ_FLAGGER","WZ_LAW_OFFCR_IND","WZ_LN_CLOSURE","WZ_MOVING","WZ_OTHER","WZ_SHLDER_MDN","WZ_WORKERS_INJ_KILLED"
"2022019625","2157","2","0","0","0","0","0","0","0","0","5","0","","67","2","2022","4","39.955864","-75.21662","2157","6","0","0","0","0","0","1","0","0","","0","0","0","","","1","N","0","","39 57:21.111","4","0","75 12:59.831","3","0","0","0","67301","0","0","0","N","0","0","0","1","67301","0","","6.0","2359.0","1","N","N","N","0","","1","0","1","","0","N","","4","1","0","0","0","0","0","2","1","4","","03","","N","","","","","","","","","",""
"2022031228","1745","0","0","0","0","0","0","0","0","0","8","0","","67","3","2022","4","39.97449","-75.158856","1745","6","0","0","0","0","0","0","0","0","","0","0","0","","","1","","1","","39 58:28.164","","0","75 09:31.882","8","0","0","0","67301","1","0","0","N","1","0","0","2","67301","0","","1.0","","1","N","N","N","0","","0","0","0","","2","","","2","1","0","0","0","1","0","2","0","1","","03","","N","","","","","","","","","",""
"2022019510","1351","1","0","0","0","0","0","0","0","0","7","0","","67","2","2022","1","39.91175","-75.1685","1349","6","0","0","0","0","0","0","0","0","","0","0","0","","","0","N","0","","39 54:42.300","3","3","75 10:06.600","9","0","0","0","67301","0","0","0","N","0","0","0","2","67501","0","","4.0","1433.0","1","N","N","N","0","","0","0","0","","1","N","","1","0","2","0","0","0","2","2","0","1","","03","","N","","","","","","","","","",""
"2022020081","1455","2","0","0","0","0","0","0","0","0","8","0","","67","2","2022","3","39.992112","-75.140015","1452","6","0","0","0","0","0","0","0","0","","0","0","0","","","1","Y","0","","39 59:31.604","","0","75 08:24.053","3","0","0","0","67301","1","0","0","N","1","0","0","3","67301","0","","4.0","","1","N","N","N","0","","1","0","0","","2","","","3","1","0","0","0","0","0","2","0","2","","03","","N","","","","","","","","","",""
"2022013785","1642","0","0","0","0","0","0","0","0","0","1","0","","67","2","2022","1","39.947895","-75.186608","1635","6","0","0","0","0","0","2","0","0","","0","0","0","","","2","","6","","39 56:52.422","4","2","75 11:11.789","3","0","0","0","67301","0","0","0","N","0","0","0","4","68K01","0","","7.0","1715.0","1","N","N","N","0","","2","0","2","","0","N","","2","2","0","0","0","0","0","2","0","2","","03","","N","","","","","","","","","",""
"2022041578","0937","0","0","0","0","0","0","1","0","0","4","1","","67","4","2022","6","39.970498","-75.152339","0937","6","0","0","0","0","0","1","0","0","","0","0","0","","","2","N","0","","39 58:13.792","","7","75 09:08.419","4","0","0","0","67301","0","0","0","N","0","0","0","4","67508","2","","1.0","","1","N","N","N","0","","0","0","1","","0","","","2","2","1","0","0","0","0","2","0","2","","03","","N","","","","","","","","","",""
"2022041163","0554","1","0","0","0","0","0","0","0","0","7","0","","67","4","2022","1","39.955338","-75.180934","0550","6","0","0","0","0","0","0","0","0","","0","0","0","","","0","N","0","","39 57:19.217","3","0","75 10:51.364","0","0","0","0","67301","0","0","0","N","0","0","0","1","68K01","0","","4.0","630.0","1","N","N","N","0","","0","0","0","","0","N","","1","0","0","0","0","0","0","2","0","1","","","","N","","","","","","","","","",""
"2022045462","0900","1","0","0","0","0","0","0","0","0","5","0","","67","5","2022","1","40.000969","-75.157981","0848","6","0","0","0","0","0","0","0","0","","0","0","0","","","0","N","0","","40 00:03.490","","0","75 09:28.730","0","0","0","0","67301","0","0","0","N","0","0","0","1","67301","0","","1.0","","99","N","N","N","0","","0","0","2","","0","","","3","0","0","0","0","0","0","2","0","3","","","","N","","","","","","","","","",""
"2022025296","1530","2","0","0","0","0","0","0","0","0","4","0","","67","3","2022","1","39.995371","-75.140846","1528","6","0","0","0","1","0","0","0","0","","0","0","0","","","3","","1","","39 59:43.335","","0","75 08:27.045","3","0","0","0","67301","0","0","0","N","0","0","0","4","67301","1","","1.0","","1","N","N","N","0","","2","0","1","","3","","","3","3","0","0","0","0","1","2","0","3","","03","","N","","","","","","","","","",""
"2022043842","1320","0","0","0","0","0","0","0","0","0","4","0","","67","5","2022","1","40.085406","-75.037359","1302","6","0","0","0","0","0","0","0","0","","0","0","0","","","2","","1","","40 05:07.463","","0","75 02:14.492","8","0","0","0","67301","0","0","0","N","0","0","0","2","67301","0","","1.0","","1","N","N","N","0","","0","0","2","","2","","","2","2","0","0","0","2","0","2","0","2","","","","N","","","","","","","","","",""
"2022042348","2217","1","0","0","0","0","0","0","0","0","7","0","","67","4","2022","3","39.908248","-75.149519","2215","6","0","0","0","0","1","0","0","0","","0","0","0","","","2","N","0","","39 54:29.693","2","0","75 08:58.267","3","0","0","0","67301","0","0","0","N","0","0","0","2","68K01","1","","3.0","2230.0","1","N","N","N","0","","1","0","0","","0","N","","1","2","0","0","0","0","0","2","0","1","","03","","N","","","","","","","","","",""
"2022050874","0435","1","0","0","0","0","0","0","0","0","7","0","","67","2","2022","4","39.981269","-75.206898","0433","6","0","0","0","0","0","0","0","0","","0","0","0","","","0","N","0","","39 58:52.567","","0","75 12:24.834","9","0","0","0","67301","0","0","0","N","0","0","0","1","68K01","0","","4.0","","9","N","N","N","0","","0","0","0","","0","","","1","0","0","0","0","0","1","2","0","1","","03","","N","","","","","","","","","",""
"2022021175","1542","0","0","0","0","0","0","0","0","0","4","0","","67","2","2022","2","40.06524","-75.055366","1534","6","0","0","0","0","0","1","0","0","","0","0","0","","","1","","1","","40 03:54.863","","0","75 03:19.317","8","0","0","0","67301","0","0","0","N","0","0","0","2","67301","0","","1.0","","1","N","N","N","0","","0","0","1","","3","","","2","1","0","0","0","1","0","2","1","2","","03","","N","","","","","","","","","",""
"2022044032","0526","1","0","0","0","0","0","0","0","0","1","0","","67","4","2022","7","39.999161","-75.109481","0526","6","0","0","0","0","0","0","0","0","","0","0","0","","","0","N","0","","39 59:56.980","3","0","75 06:34.130","9","0","0","0","67301","0","0","0","N","0","0","0","1","67301","0","","6.0","600.0","1","N","N","N","0","","0","0","2","","0","Y","","3","0","0","0","0","0","1","2","0","3","","03","","N","","","","","","","","","",""
"2022023734","1943","1","0","0","0","0","0","0","0","0","4","0","","67","3","2022","5","39.942325","-75.233821","1943","6","0","0","0","0","0","0","0","0","","0","0","0","","","0","","1","","39 56:32.369","","0","75 14:01.754","0","0","0","0","67301","0","0","0","N","0","0","0","2","67301","0","","1.0","","1","N","N","N","0","","0","0","2","","2","","","4","0","1","0","0","0","0","2","1","4","","03","","N","","","","","","","","","",""
"2022041161","0932","1","0","0","0","0","0","0","0","0","4","0","","67","4","2022","7","40.033436","-75.020105","0932","6","0","0","0","0","0","0","0","0","","0","0","0","","","1","N","0","","40 02:00.370","1","0","75 01:12.377","3","0","0","0","67301","0","0","0","N","0","0","0","2","68K01","0","","1.0","1000.0","9","N","N","Y","0","","1","0","1","","0","Y","","2","1","0","0","0","0","0","2","0","2","","","","N","","","","","","","","","",""
"2022032873","0131","1","0","0","0","0","0","0","0","0","8","0","","67","4","2022","7","39.945561","-75.165024","0125","6","0","0","0","0","0","0","0","0","","0","0","0","","","1","","1","","39 56:44.019","","0","75 09:54.085","3","0","0","0","67301","1","0","0","N","1","0","0","2","67301","0","","1.0","","1","N","N","N","0","","1","0","0","","2","","","2","1","0","0","0","0","0","2","0","1","","03","","N","","","","","","","","","",""
"2022049172","1426","2","0","0","0","0","0","0","0","0","4","0","","67","5","2022","5","39.923927","-75.222089","1426","6","0","0","0","0","0","0","0","0","","0","0","0","","","1","","1","","39 55:26.137","","0","75 13:19.522","3","0","0","0","67301","0","0","0","N","0","0","0","2","67301","0","","1.0","","1","N","N","N","0","","1","0","0","","2","","","2","1","0","0","0","0","1","2","0","2","","03","","N","","","","","","","","","",""
"2022029245","1935","1","0","0","0","0","0","0","0","0","4","0","","67","3","2022","3","39.986614","-75.171234","1935","6","0","0","0","0","0","1","0","0","","1","0","0","","","0","","2","","39 59:11.810","7","0","75 10:16.442","1","1","0","1","67301","0","0","0","N","0","0","0","2","67301","0","2","1.0","2145.0","1","N","N","N","0","0","0","0","0","","2","Y","","2","0","1","0","0","0","0","2","0","2","","03","","N","","","","","","","","","",""
"2022029232","1300","1","0","0","0","0","0","0","0","0","4","0","","67","3","2022","4","39.955832","-75.235997","1257","6","0","0","0","0","0","1","0","0","","0","0","0","","","3","","1","","39 57:20.995","4","0","75 14:09.589","3","0","0","0","67301","0","0","0","N","0","0","0","3","67301","0","","1.0","1400.0","1","N","N","N","0","","3","0","1","","2","Y","","2","3","0","0","0","0","0","2","0","2","","03","","N","","","","","","","","","",""
"2022040195","1650","3","0","0","0","0","0","0","0","0","2","0","","67","3","2022","4","39.898169","-75.183796","1612","6","0","0","0","0","0","0","0","0","","0","0","0","","","1","N","0","","39 53:53.407","2","0","75 11:01.665","3","0","0","0","67301","0","0","0","N","0","0","0","4","68K01","0","","1.0","1724.0","9","N","N","N","0","","1","0","0","","0","N","","3","1","0","0","0","0","0","2","0","3","","07","","N","","","","","","","","","",""
"2022031226","1201","2","0","0","0","0","0","0","0","0","4","0","","67","3","2022","6","39.97198","-75.245891","1200","6","0","0","0","0","0","1","0","0","","0","0","0","","","1","","1","","39 58:19.129","","0","75 14:45.206","8","0","0","0","67301","0","0","0","N","0","0","0","2","67301","0","","1.0","","1","N","N","N","0","","0","0","0","","3","","","2","1","1","0","0","1","0","2","0","2","","03","","N","","","","","","","","","",""
"2022051138","2337","1","0","0","0","0","0","0","0","0","7","0","","67","5","2022","3","39.899786","-75.165608","2337","6","0","0","0","0","0","0","0","0","","0","0","0","","","0","N","0","","39 53:59.230","","0","75 09:56.190","0","0","0","0","67301","0","0","0","N","0","0","0","2","68Z99","0","","4.0","","1","N","N","N","0","","0","0","0","","0","","","1","0","0","0","0","0","0","2","0","1","","","","N","","","","","","","","","",""
"2022049762","1927","0","0","0","0","0","0","0","0","0","7","0","","67","5","2022","5","40.012721","-75.160799","1927","6","0","0","0","0","0","0","1","0","","0","0","0","","","1","N","0","","40 00:45.796","","0","75 09:38.876","3","0","0","0","67301","0","0","0","N","0","0","0","1","67301","0","","5.0","","1","N","N","N","0","","1","0","0","","0","","","1","1","0","0","0","0","0","2","1","1","","","","N","","","","","","","","","",""
"2022029269","0345","1","0","0","0","0","0","0","0","0","4","0","","67","3","2022","7","40.042896","-75.143783","0342","6","0","0","0","0","0","0","0","0","","0","0","0","","","0","","1","","40 02:34.426","","0","75 08:37.618","0","0","0","0","67301","0","0","0","N","0","0","0","3","67301","0","","1.0","","1","N","N","N","0","","0","0","1","","2","","","2","0","3","0","0","0","0","2","0","2","","03","","N","","","","","","","","","",""
"2022032855","1047","2","0","0","0","0","0","0","0","0","4","0","","67","4","2022","6","39.958503","-75.148724","1046","6","0","0","0","0","0","1","0","0","","0","0","0","","","0","","1","","39 57:30.611","","0","75 08:55.408","0","0","0","0","67301","0","0","0","N","0","0","0","2","67301","0","","1.0","","1","N","N","N","0","","0","0","0","","3","","","2","0","0","0","0","0","0","2","0","2","","04","","N","","","","","","","","","",""
"2022025806","0339","1","0","0","0","0","0","0","0","0","7","0","","67","3","2022","2","39.973702","-75.121798","0338","6","0","0","0","0","0","1","0","0","","0","0","0","","","1","N","0","","39 58:25.326","","0","75 07:18.474","2","0","0","0","67301","0","0","0","N","0","0","0","1","67301","0","","4.0","","1","N","N","N","0","","0","1","0","","0","","","1","1","0","0","0","0","0","2","0","1","","03","","N","","","","","","","","","",""
"2022031241","2116","0","0","0","0","0","0","0","0","0","8","0","","67","3","2022","3","40.015214","-75.1365","2114","6","0","0","0","0","0","0","0","0","","0","0","0","","","1","","1","","40 00:54.770","","0","75 08:11.399","8","0","0","0","67301","1","0","0","N","1","0","0","2","67301","0","","1.0","","1","N","N","N","0","","0","0","0","","0","","","2","1","0","0","0","1","0","2","0","1","","03","","N","","","","","","","","","",""
"2022043968","0245","1","0","0","0","0","0","0","0","0","5","0","","67","4","2022","7","39.953622","-75.239517","0240","6","0","0","0","0","0","0","0","0","","0","0","0","","","0","N","0","","39 57:13.040","","0","75 14:22.260","0","0","0","0","67301","0","0","0","N","0","0","0","1","67301","0","","6.0","","9","N","N","N","0","","0","0","1","","0","","","3","0","0","0","0","0","0","2","0","3","","07","","N","","","","","","","","","",""
"2022039771","2200","1","0","0","0","0","0","0","0","0","4","0","","67","4","2022","1","39.969946","-75.125451","2152","6","0","0","0","0","0","0","0","0","","0","0","0","","","1","","7","","39 58:11.804","1","2","75 07:31.625","3","0","0","0","67301","0","0","0","N","0","0","0","1","68K01","0","","7.0","2210.0","1","N","N","N","0","","1","0","0","","0","N","","1","1","1","0","0","0","0","2","0","1","","03","","N","","","","","","","","","",""
"2022044907","0930","2","0","0","0","0","0","0","0","0","4","1","","67","5","2022","3","40.000341","-75.0838","0900","6","0","0","0","0","0","0","0","0","","0","0","0","","","0","","2","","40 00:01.228","5","0","75 05:01.679","0","0","0","0","67301","0","0","0","N","0","0","0","2","67301","0","","1.0","1030.0","1","N","N","N","0","","0","0","0","","2","N","","2","0","0","0","0","0","0","2","0","2","","03","","N","","","","","","","","","",""
"2022015918","0603","2","0","0","0","0","0","0","0","0","4","0","","67","2","2022","6","39.954661","-75.149521","0558","6","0","0","0","0","0","0","0","0","","0","0","0","","","1","","5","","39 57:16.781","","2","75 08:58.276","8","0","0","0","67301","0","0","0","N","0","0","0","2","67301","0","","1.0","","1","N","N","N","0","","0","0","0","","2","","","2","1","0","0","0","1","0","2","0","2","","","","N","","","","","","","","","",""
"2022032919","2120","0","0","0","0","0","0","0","0","0","4","0","","67","3","2022","4","39.983436","-75.119145","2118","6","0","0","0","0","0","0","0","0","","0","0","0","","","1","","1","","39 59:00.370","","0","75 07:08.921","3","0","0","1","67301","0","0","0","N","0","0","0","2","67301","0","","1.0","","1","N","N","N","0","","1","0","0","","2","","","2","1","0","0","0","0","0","2","0","2","","03","","N","","","","","","","","","",""
"2022024133","1815","0","0","0","0","0","0","0","0","0","8","0","","67","3","2022","2","39.958928","-75.24139","1810","6","0","0","0","0","0","0","0","0","","0","0","0","","","1","","1","","39 57:32.141","","0","75 14:29.004","3","0","0","0","67301","1","0","0","N","1","0","0","2","67301","0","","1.0","","1","N","N","N","0","","1","0","1","","2","","","2","1","0","0","0","0","0","2","0","1","","04","","N","","","","","","","","","",""
"2022041389","1446","0","0","0","0","0","0","0","0","0","1","0","","67","4","2022","7","39.965421","-75.186045","1446","6","0","1","0","0","0","0","0","0","","0","0","0","","","2","N","0","","39 57:55.514","3","0","75 11:09.762","8","0","0","0","67301","0","0","0","N","0","0","0","4","68K01","0","","1.0","1450.0","1","N","N","N","0","","0","0","2","","8","N","","2","2","0","0","0","2","0","2","0","2","","","","N","","","","","","","","","",""
"2022026226","0354","1","0","0","0","0","0","0","0","0","7","0","","67","3","2022","7","40.134374","-75.009144","0346","6","0","0","0","0","0","0","0","0","","0","0","0","","","2","","1","","40 08:03.746","1","0","75 00:32.919","3","0","0","0","67301","0","0","0","N","0","0","0","3","67301","0","","4.0","430.0","9","N","N","N","0","","2","0","1","","2","N","","2","2","0","0","0","0","0","2","0","2","","05","","N","","","","","","","","","",""
"2022045264","2125","1","0","0","0","0","0","0","0","0","8","0","","67","5","2022","6","39.933934","-75.148144","2123","6","0","0","0","0","0","1","0","0","","0","0","0","","","2","","1","","39 56:02.162","","0","75 08:53.318","3","0","0","0","67301","2","0","0","N","2","0","0","3","67301","0","","1.0","","9","N","N","N","0","","2","0","0","","2","","","3","2","0","0","0","0","0","2","0","1","","","","N","","","","","","","","","",""
"2022031437","1854","0","0","0","0","0","0","0","0","0","4","0","","67","3","2022","5","40.060606","-75.150644","1844","6","0","0","0","0","0","0","1","0","","0","0","0","","","2","","2","","40 03:38.181","","0","75 09:02.318","3","0","0","0","67301","0","0","0","N","0","0","0","3","67301","0","","1.0","","1","N","N","N","0","","2","0","2","","0","","","2","2","0","0","0","0","0","2","0","2","","98","","N","","","","","","","","","",""
"2022021037","2335","1","0","0","0","0","0","0","0","0","4","0","","67","2","2022","1","39.945766","-75.166775","2251","6","0","0","0","0","0","0","0","0","","0","0","0","","","0","","1","","39 56:44.757","","0","75 10:00.390","0","0","0","0","67301","0","0","0","N","0","0","0","2","67301","0","","1.0","","1","N","N","N","0","","0","0","3","","2","","","4","0","0","0","0","0","0","2","0","4","","","","N","","","","","","","","","",""
"2022043874","1016","0","0","0","0","0","0","0","0","0","4","2","","67","4","2022","5","39.920211","-75.213308","0955","6","0","0","0","0","0","0","0","0","","0","2","0","","","0","N","0","","39 55:12.760","","7","75 12:47.910","0","0","0","0","67301","0","0","0","N","0","0","0","2","67301","0","","1.0","","1","N","N","N","0","","0","0","0","","0","","","2","0","0","0","0","0","0","2","0","2","","03","","N","","","","","","","","","",""
"2022052120","0035","0","0","0","0","0","0","0","0","0","8","0","","67","6","2022","1","40.014034","-75.157971","0010","6","0","0","0","0","0","0","0","0","","0","0","0","","","1","","1","","40 00:50.523","","99","75 09:28.694","3","0","0","0","67301","1","0","0","N","1","0","0","1","67301","0","","1.0","","1","N","N","N","0","","1","0","0","","3","","","2","1","0","0","0","0","0","2","0","1","","03","","N","","","","","","","","","",""
"2022045508","1324","1","0","0","0","0","0","0","0","0","1","0","","67","5","2022","3","39.958395","-75.166915","1311","6","0","0","0","0","0","1","0","0","","0","0","0","","","1","N","0","","39 57:30.223","","0","75 10:00.894","8","0","0","0","67301","0","0","0","N","0","0","0","2","68K01","0","","1.0","","1","N","N","N","0","","0","0","1","","0","","","2","1","0","0","0","1","0","2","0","2","","","","N","","","","","","","","","",""
"2022051826","1204","1","0","0","0","0","0","0","0","0","5","1","","67","5","2022","3","39.984584","-75.09564","1155","6","0","0","0","0","1","0","0","0","","0","1","0","","","0","N","0","","39 59:04.502","","3","75 05:44.305","0","0","0","0","67301","0","0","0","N","0","0","0","2","68K01","0","","1.0","","1","N","N","N","0","","0","0","0","","0","","","2","0","0","0","0","0","0","2","0","2","","03","","N","","","","","","","","","",""
"2022050866","1235","0","0","0","0","0","0","0","0","0","5","1","","67","5","2022","3","40.020705","-75.140454","1234","6","0","0","0","0","0","0","0","0","","0","1","0","","","1","N","0","","40 01:14.539","","0","75 08:25.635","3","0","0","0","67301","0","0","0","N","0","0","0","3","67301","0","","6.0","","1","N","N","N","0","","1","0","1","","0","","","2","1","1","0","0","0","0","2","0","2","","03","","N","","","","","","","","","",""
"2022032842","0930","1","0","0","0","0","0","0","0","0","4","0","","67","3","2022","5","40.056373","-75.074976","0930","6","0","0","0","0","0","0","0","0","","0","0","0","","","1","","1","","40 03:22.943","","0","75 04:29.915","8","0","0","0","67301","0","0","0","N","0","0","0","5","67301","0","","1.0","","1","N","N","N","0","","0","0","2","","2","","","3","1","0","0","0","1","4","2","0","3","","","","N","","","","","","","","","",""
"2022016076","0031","1","0","0","0","0","0","0","0","0","4","0","","67","2","2022","1","39.974163","-75.133327","0031","6","0","0","0","0","0","0","0","0","","0","0","0","","","0","","1","","39 58:26.987","","0","75 07:59.978","0","0","0","0","67301","0","0","0","N","0","0","0","2","67301","0","","1.0","","9","N","N","N","0","","0","0","1","","3","","","2","0","0","0","0","0","0","2","0","2","","","","N","","","","","","","","","",""
"2022043972","1555","1","0","0","0","0","0","0","0","0","1","0","","67","4","2022","6","39.956369","-75.217569","1555","6","0","0","0","0","0","0","0","0","","0","0","0","","","1","N","0","","39 57:22.930","","0","75 13:03.250","8","0","0","0","67301","0","0","0","N","0","0","0","1","67301","0","","1.0","","1","N","N","N","0","","0","0","0","","0","","","2","1","0","0","0","1","0","2","0","2","","03","","N","","","","","","","","","",""
"2022033137","0015","1","0","0","0","0","0","0","0","0","1","0","","67","4","2022","4","39.898563","-75.209953","0011","6","0","0","0","0","0","1","0","0","","0","0","0","","","1","N","0","","39 53:54.825","","3","75 12:35.831","3","0","0","0","67301","0","0","0","N","0","0","0","2","67301","0","","1.0","","9","N","N","N","0","","1","0","0","","0","","","2","1","0","0","0","0","0","2","1","2","","","","N","","","","","","","","","",""
"2022021508","1353","0","0","0","0","0","0","0","0","0","4","0","","67","2","2022","5","40.008621","-75.068836","1346","6","0","0","0","0","0","0","0","1","","0","0","0","","","1","","1","","40 00:31.034","","0","75 04:07.810","3","0","0","0","67301","0","0","0","N","0","0","0","3","67301","0","","1.0","","9","N","N","Y","1","","1","0","1","","2","","","3","1","0","0","0","0","0","2","1","3","","04","","N","","","","","","","","","",""
"2022048330","1305","0","0","0","0","0","0","0","0","0","8","0","","67","5","2022","6","39.984436","-75.132225","1257","6","0","0","0","0","0","1","0","0","","0","0","0","","","1","N","0","","39 59:03.970","","0","75 07:56.010","8","0","0","0","67301","1","0","0","N","1","0","0","2","67301","0","","1.0","","1","N","N","N","0","","0","0","1","","0","","","2","1","0","0","0","1","0","2","0","1","","03","","N","","","","","","","","","",""
"2022019575","1304","0","0","0","0","0","0","0","0","0","8","0","","67","2","2022","7","39.951945","-75.1726","1304","6","0","0","0","0","0","0","0","0","","0","0","0","","","1","N","0","","39 57:07.001","","0","75 10:21.359","2","0","0","0","67301","1","0","1","N","1","0","1","2","67301","0","","1.0","","1","N","N","N","0","","0","1","0","","0","","","2","1","0","0","0","0","0","2","0","1","","03","","N","","","","","","","","","",""
"2022043515","1125","2","0","0","0","0","0","0","0","0","5","0","","67","4","2022","7","39.95186","-75.184418","1120","6","0","0","0","0","0","0","0","0","","0","0","0","","","0","N","0","","39 57:06.695","","3","75 11:03.906","0","0","0","0","67301","0","0","0","N","0","0","0","2","67504","0","","1.0","","1","N","N","N","0","","0","0","0","","0","","","2","0","0","0","0","0","0","2","0","2","","","","N","","","","","","","","","",""
"2022048410","1124","0","0","0","0","0","0","0","0","0","7","1","","67","5","2022","3","39.903517","-75.242206","1122","6","0","0","0","0","0","0","0","1","","0","1","0","","","1","N","0","","39 54:12.660","","0","75 14:31.940","2","0","0","0","67301","0","0","0","N","0","0","0","1","67301","0","","4.0","","1","N","N","N","0","","0","1","0","","0","","","1","1","1","0","1","0","0","2","0","1","","03","","N","","","","","","","","","",""
"2022038487","0217","1","0","0","0","0","0","0","0","0","1","0","","67","4","2022","6","39.955152","-75.19832","0216","6","0","0","0","0","1","0","0","0","","0","0","0","","","0","","1","","39 57:18.548","","0","75 11:53.953","0","0","0","0","67301","0","0","0","N","0","0","0","4","67504","0","","1.0","","9","N","N","N","0","","0","0","1","","2","","","3","0","0","0","0","0","0","2","0","3","","07","","N","","","","","","","","","",""
"2022039842","1238","1","0","0","0","0","0","0","0","0","4","0","","67","4","2022","5","39.980819","-75.15034","1236","6","0","0","0","0","0","1","0","0","","0","0","0","","","0","","1","","39 58:50.948","3","0","75 09:01.224","9","0","0","0","67301","0","0","0","N","0","0","0","2","67505","0","","1.0","1330.0","1","N","N","N","0","","0","0","1","","2","Y","","2","0","0","0","0","0","1","2","0","2","","03","","N","","","","","","","","","",""
"2022016315","2006","1","0","0","0","0","0","0","0","0","4","0","","67","2","2022","7","40.011956","-75.176015","2005","6","0","0","0","0","0","0","0","0","","0","0","0","","","4","","1","","40 00:43.041","","0","75 10:33.654","3","0","0","0","67301","0","0","0","N","0","0","0","4","67301","0","","1.0","","1","N","N","N","0","","4","0","1","","2","","","2","4","0","0","0","0","0","2","0","2","","","","N","","","","","","","","","",""
"2022019644","2359","0","0","0","0","0","0","0","0","0","7","0","","67","2","2022","7","40.01934","-75.1194","2356","6","0","0","0","0","0","0","1","0","","0","0","0","","","1","","11","","40 01:09.623","","0","75 07:09.840","3","0","0","0","67301","0","0","0","N","0","0","0","1","67301","0","","5.0","","1","N","N","N","0","","1","0","1","","0","","","1","1","0","0","0","0","0","2","0","1","","03","","N","","","","","","","","","",""
"2022040203","1701","1","0","0","0","0","0","0","0","0","1","0","","67","3","2022","2","40.030283","-75.022069","1647","6","0","0","0","0","1","0","0","0","","0","0","0","","","1","N","0","","40 01:49.019","","3","75 01:19.448","3","0","0","0","67301","0","0","0","N","0","0","0","2","68K01","0","","1.0","","1","N","N","N","0","","1","0","1","","0","","","2","1","0","0","0","0","0","2","0","2","","03","","N","","","","","","","","","",""
"2022052696","1136","0","0","0","0","0","0","0","0","0","0","0","","67","5","2022","2","39.899302","-75.16535","1051","6","0","0","0","0","0","0","1","0","","0","0","0","","","1","N","0","","39 53:57.488","","0","75 09:55.261","8","0","0","0","67301","0","0","0","N","0","0","0","2","68K01","0","","1.0","","1","N","N","N","0","","0","0","1","","0","","","2","1","0","0","0","1","1","2","0","2","","03","","N","","","","","","","","","",""
"2022025804","1756","1","0","0","0","0","0","0","0","0","4","0","","67","3","2022","7","39.999837","-75.114796","1745","6","0","0","0","0","0","0","0","0","","0","0","0","","","1","","1","","39 59:59.413","","0","75 06:53.265","3","0","0","0","67301","0","0","0","N","0","0","0","2","67301","0","","1.0","","1","N","N","N","0","","1","0","1","","2","","","2","1","0","0","0","0","0","2","0","2","","98","","N","","","","","","","","","",""
"2022044131","0157","0","0","0","0","0","0","0","0","0","1","0","","67","5","2022","7","40.009633","-75.187518","0146","6","0","0","0","0","0","0","0","0","","0","0","0","","","1","N","0","","40 00:34.678","","0","75 11:15.065","3","0","0","0","67301","0","0","0","N","0","0","0","2","67301","0","","4.0","","9","N","N","N","0","","1","0","1","","0","","","2","1","0","0","0","0","0","2","0","1","","07","","N","","","","","","","","","",""