"CRN","ARRIVAL_TM","AUTOMOBILE_COUNT","BELTED_DEATH_COUNT","BELTED_SUSP_SERIOUS_INJ_COUNT","BICYCLE_COUNT","BICYCLE_DEATH_COUNT","BICYCLE_SUSP_SERIOUS_INJ_COUNT","BUS_COUNT","CHLDPAS_DEATH_COUNT","CHLDPAS_SUSP_SERIOUS_INJ_COUNT","COLLISION_TYPE","COMM_VEH_COUNT","CONS_ZONE_SPD_LIM","COUNTY","CRASH_MONTH","CRASH_YEAR","DAY_OF_WEEK","DEC_LATITUDE","DEC_LONGITUDE","DISPATCH_TM","DISTRICT","DRIVER_COUNT_16YR","DRIVER_COUNT_17YR","DRIVER_COUNT_18YR","DRIVER_COUNT_19YR","DRIVER_COUNT_20YR","DRIVER_COUNT_50_64YR","DRIVER_COUNT_65_74YR","DRIVER_COUNT_75PLUS","EST_HRS_CLOSED","FATAL_COUNT","HEAVY_TRUCK_COUNT","HORSE_BUGGY_COUNT","HOUR_OF_DAY","ILLUMINATION","INJURY_COUNT","INTERSECTION_RELATED","INTERSECT_TYPE","LANE_CLOSED","LATITUDE","LN_CLOSE_DIR","LOCATION_TYPE","LONGITUDE","MAX_SEVERITY_LEVEL","MCYCLE_DEATH_COUNT","MCYCLE_SUSP_SERIOUS_INJ_COUNT","MOTORCYCLE_COUNT","MUNICIPALITY","NONMOTR_COUNT","NONMOTR_DEATH_COUNT","NONMOTR_SUSP_SERIOUS_INJ_COUNT","NTFY_HIWY_MAINT","PED_COUNT","PED_DEATH_COUNT","PED_SUSP_SERIOUS_INJ_COUNT","PERSON_COUNT","POLICE_AGCY","POSSIBLE_INJ_COUNT","RDWY_SURF_TYPE_CD","RELATION_TO_ROAD","ROADWAY_CLEARED","ROAD_CONDITION","SCH_BUS_IND","SCH_ZONE_IND","SECONDARY_CRASH","SMALL_TRUCK_COUNT","SPEC_JURIS_CD","SUSP_MINOR_INJ_COUNT","SUSP_SERIOUS_INJ_COUNT","SUV_COUNT","TCD_FUNC_CD","TCD_TYPE","TFC_DETOUR_IND","TIME_OF_DAY","TOTAL_UNITS","TOT_INJ_COUNT","UNBELTED_OCC_COUNT","UNB_DEATH_COUNT","UNB_SUSP_SERIOUS_INJ_COUNT","UNK_INJ_DEG_COUNT","UNK_INJ_PER_COUNT","URBAN_RURAL","VAN_COUNT","VEHICLE_COUNT","WEATHER1","WEATHER2","WORKERS_PRES","WORK_ZONE_IND","WORK_ZONE_LOC","WORK_ZONE_TYPE","WZ_CLOSE_DETOUR","WZ_FLAGGER","WZ_LAW_OFFCR_IND","WZ_LN_CLOSURE","WZ_MOVING","WZ_OTHER","WZ_SHLDER_MDN","WZ_WORKERS_INJ_KILLED"
"2022043846","1430","1","0","0","0","0","0","0","0","0","4","0","","67","4","2022","3","40.069107","-75.007363","1415","6","0","0","0","0","1","0","0","0","","0","0","0","","","1","N","0","","40 04:08.785","","7","75 00:26.506","8","0","0","0","67301","0","0","0","N","0","0","0","2","67301","0","","1.0","","1","N","N","N","0","","0","0","1","","0","","","2","1","0","0","0","1","0","2","0","2","","03","","N","","","","","","","","","",""
"2022024079","1114","0","0","0","0","0","0","0","0","0","5","0","","67","3","2022","1","39.957928","-75.161262","1003","6","0","0","0","0","0","0","0","0","","0","0","0","","","0","N","0","","39 57:28.541","","99","75 09:40.544","0","0","0","0","67301","0","0","0","N","0","0","0","1","67301","0","","6.0","","1","N","N","N","0","","0","0","1","","0","","","2","0","0","0","0","0","0","2","0","2","","03","","N","","","","","","","","","",""
"2022044721","0805","2","0","0","0","0","0","0","0","0","1","1","","67","5","2022","4","40.047104","-75.004823","0800","6","0","0","0","0","0","1","0","0","","0","1","0","","","1","","1","","40 02:49.576","5","0","75 00:17.362","3","0","0","0","67301","0","0","0","N","0","0","0","3","67301","0","","1.0","915.0","1","N","N","N","0","","1","0","1","","2","Y","","4","1","0","0","0","0","0","2","0","4","","03","","N","","","","","","","","","",""
"2022038506","1905","2","0","0","0","0","0","0","0","0","1","0","","67","3","2022","4","39.90345","-75.150544","1900","6","0","0","0","0","0","2","0","0","","0","0","0","","","0","N","0","","39 54:12.419","2","0","75 09:01.960","9","0","0","0","67301","0","0","0","N","0","0","0","5","68K01","0","","1.0","2000.0","1","N","N","N","1","","0","0","1","","0","N","","5","0","0","0","0","0","1","2","0","5","","","","N","","","","","","","","","",""
"2022016519","2005","1","0","0","0","0","0","0","0","0","8","0","","67","2","2022","5","39.954145","-75.16101","2003","6","0","0","0","0","0","0","0","0","","0","0","0","","","1","","1","","39 57:14.923","","0","75 09:39.636","4","0","0","0","67301","1","0","0","N","1","0","0","2","67301","1","","1.0","","1","N","N","N","0","","0","0","0","","2","","","2","1","0","0","0","0","0","2","0","1","","03","","N","","","","","","","","","",""
"2022023775","1922","0","0","0","0","0","0","0","0","0","8","0","","67","2","2022","6","39.994956","-75.116225","1922","6","0","0","0","0","0","0","0","0","","0","0","0","","","1","N","0","","39 59:41.840","","1","75 06:58.410","3","0","0","0","67301","1","0","0","N","1","0","0","2","67301","0","","1.0","","1","N","N","N","0","","1","0","1","","0","","","2","1","0","0","0","0","0","2","0","1","","03","","N","","","","","","","","","",""
"2022029755","0850","2","0","0","0","0","0","0","0","0","4","0","","67","3","2022","3","39.965951","-75.24719","0844","6","0","0","0","1","0","1","0","0","","0","0","0","","","2","","1","","39 57:57.423","","0","75 14:49.883","4","0","0","0","67301","0","0","0","N","0","0","0","3","67301","2","","1.0","","1","N","N","N","0","","0","0","1","","3","","","3","2","3","0","0","0","0","2","0","3","","03","","N","","","","","","","","","",""
"2022016311","1207","0","0","0","0","0","0","0","0","0","8","0","","67","2","2022","7","40.03528","-75.043817","1159","6","0","0","0","0","0","0","1","0","","0","0","0","","","1","N","0","","40 02:07.009","","0","75 02:37.741","3","0","0","0","67301","1","0","0","N","1","0","0","3","67301","0","","1.0","","1","N","N","N","1","","1","0","0","","0","","","2","1","0","0","0","0","0","2","0","1","","","","N","","","","","","","","","",""
"2022021520","0920","1","0","0","0","0","0","0","0","0","3","0","","67","2","2022","4","40.009231","-75.071769","0919","6","0","0","0","0","0","0","0","0","","0","0","0","","","1","Y","0","","40 00:33.233","","0","75 04:18.367","3","0","0","0","67301","0","0","0","N","0","0","0","2","67301","0","","1.0","","1","N","N","N","0","","1","0","1","","2","","","2","1","0","0","0","0","0","2","0","2","","","","N","","","","","","","","","",""
"2022019551","2200","0","0","0","0","0","0","0","0","0","5","0","","67","2","2022","3","39.918419","-75.158636","2150","6","0","0","0","0","0","0","0","0","","0","0","0","","","0","N","0","","39 55:06.310","","0","75 09:31.090","0","0","0","0","67301","0","0","0","N","0","0","0","1","67301","0","","4.0","","1","N","N","N","1","","0","0","1","","0","","","2","0","0","0","0","0","0","2","0","2","","","","N","","","","","","","","","",""
"2022034606","1136","0","0","0","0","0","0","0","0","0","1","0","","67","3","2022","1","40.001201","-75.226387","1132","6","0","0","0","0","0","1","0","1","","0","0","0","","","1","","1","","40 00:04.324","","0","75 13:34.993","4","0","0","0","67301","0","0","0","N","0","0","0","2","46104","1","","1.0","","1","N","N","N","1","","0","0","1","","2","","","2","1","0","0","0","0","0","2","0","2","","","","N","","","","","","","","","",""
"2022021379","0109","2","0","0","0","0","0","0","0","0","1","0","","67","2","2022","3","39.931371","-75.199538","0109","6","0","0","0","0","0","0","0","0","","0","0","0","","","1","N","0","","39 55:52.936","3","0","75 11:58.336","8","0","0","0","67301","0","0","0","N","0","0","0","2","68K01","0","","1.0","100.0","1","N","N","Y","0","","0","0","0","","0","N","","2","1","0","0","0","1","0","2","0","2","","","","N","","","","","","","","","",""
"2022049795","0231","1","0","0","0","0","0","0","0","0","2","0","","67","5","2022","6","39.995755","-75.112752","0231","6","0","0","0","1","0","0","0","0","","1","0","0","","","1","N","0","","39 59:44.717","","0","75 06:45.908","1","1","0","1","67301","0","0","0","N","0","0","0","3","67301","0","2","1.0","","1","N","N","N","0","0","1","0","0","","0","","","2","1","0","0","0","0","0","2","0","2","","03","","N","","","","","","","","","",""
"2022052681","1920","1","0","0","0","0","0","0","0","0","7","0","","67","5","2022","3","39.968352","-75.128682","1905","6","0","0","0","0","0","0","0","0","","0","0","0","","","0","N","0","","39 58:06.068","1","0","75 07:43.255","0","0","0","0","67301","0","0","0","Y","0","0","0","1","68K01","0","","3.0","1905.0","1","N","N","N","0","","0","0","0","","0","N","","1","0","0","0","0","0","0","2","0","1","","","","N","","","","","","","","","",""
"2022032882","0200","2","0","0","0","0","0","0","0","0","5","0","","67","4","2022","3","39.935047","-75.229589","0143","6","0","0","0","0","0","0","0","0","","0","0","0","","","0","N","0","","39 56:06.170","","0","75 13:46.520","0","0","0","0","67301","0","0","0","N","0","0","0","1","67301","0","","6.0","","1","N","N","N","0","","0","0","1","","0","","","3","0","0","0","0","0","0","2","0","3","","03","","N","","","","","","","","","",""
"2022032907","1246","1","0","0","0","0","0","0","0","0","4","0","","67","4","2022","1","39.95726","-75.215317","1246","6","0","0","0","0","0","0","0","0","","0","0","0","","","1","","2","","39 57:26.135","","7","75 12:55.142","3","0","0","0","67301","0","0","0","N","0","0","0","3","67301","0","","1.0","","1","N","N","N","0","","1","0","1","","3","","","2","1","2","0","0","0","0","2","0","2","","03","","N","","","","","","","","","",""
"2022035904","1705","0","0","0","0","0","0","0","0","0","5","0","","67","4","2022","6","40.003472","-75.154806","1700","6","0","0","0","0","0","0","0","0","","0","0","0","","","0","N","0","","40 00:12.500","4","0","75 09:17.300","0","0","0","0","67301","0","0","0","N","0","0","0","1","67505","0","","6.0","40.0","1","N","N","N","0","","0","0","2","","0","Y","","2","0","0","0","0","0","0","2","0","2","","03","","N","","","","","","","","","",""
"2022049089","1805","2","0","0","0","0","0","0","0","0","4","0","","67","5","2022","4","40.086041","-75.211941","1756","6","0","0","0","0","0","0","1","0","","0","0","0","","","1","","1","","40 05:09.747","","0","75 12:42.989","4","0","0","0","67301","0","0","0","N","0","0","0","4","67301","1","","1.0","","1","N","N","N","0","","0","0","0","","2","","","2","1","0","0","0","0","0","2","0","2","","03","","N","","","","","","","","","",""
"2022029653","1952","0","0","0","0","0","0","0","0","0","4","0","","67","3","2022","1","39.913054","-75.172419","1952","6","0","0","0","0","0","2","0","0","","0","0","0","","","3","","1","","39 54:46.993","","0","75 10:20.708","3","0","0","0","67301","0","0","0","N","0","0","0","3","67301","0","","1.0","","1","N","N","N","0","","2","0","2","","2","","","2","3","2","0","0","1","0","2","0","2","","","","N","","","","","","","","","",""
"2022044020","0230","1","0","0","0","0","0","0","0","0","7","0","","67","3","2022","2","39.991669","-75.084528","0200","6","0","0","0","0","0","0","0","0","","0","0","0","","","0","N","0","","39 59:30.008","","0","75 05:04.302","9","0","0","0","67301","0","0","0","N","0","0","0","1","67301","0","","4.0","","1","N","N","N","0","","0","0","0","","0","","","1","0","0","0","0","0","1","2","0","1","","03","","N","","","","","","","","","",""
"2022043817","1624","0","0","0","0","0","0","1","0","0","5","1","","67","5","2022","3","39.913721","-75.147744","1612","6","0","0","0","0","0","1","0","0","","0","0","0","","","1","N","0","","39 54:49.395","","0","75 08:51.877","3","0","0","1","67301","0","0","0","N","0","0","0","2","67301","0","","1.0","","1","Y","N","N","0","","1","0","0","","0","","","2","1","0","0","0","0","0","2","0","2","","","","N","","","","","","","","","",""
"2022023806","0900","1","0","0","0","0","0","0","0","0","1","0","","67","3","2022","2","40.021268","-75.160231","0856","6","0","0","0","0","0","1","0","0","","0","0","0","","","2","","1","","40 01:16.566","","0","75 09:36.833","3","0","0","0","67301","0","0","0","N","0","0","0","3","67301","0","","1.0","","1","N","N","N","1","","2","0","1","","2","","","3","2","0","0","0","0","1","2","0","3","","","","N","","","","","","","","","",""
"2022040448","2049","2","0","0","0","0","0","0","0","0","1","0","","67","3","2022","1","39.996802","-75.082187","2036","6","0","0","0","0","0","0","0","0","","0","0","0","","","1","N","0","","39 59:48.488","1","0","75 04:55.874","4","0","0","0","67301","0","0","0","N","0","0","0","2","68K01","1","","1.0","2040.0","1","N","N","N","0","","0","0","0","","0","Y","","2","1","0","0","0","0","0","2","0","2","","","","N","","","","","","","","","",""
"2022031096","1016","1","0","0","0","0","0","0","0","0","4","0","","67","3","2022","3","39.956337","-75.195646","1016","6","0","0","0","0","0","0","0","0","","0","0","0","","","1","","2","","39 57:22.814","","0","75 11:44.324","3","0","0","0","67301","0","0","0","N","0","0","0","2","67301","0","","1.0","","1","N","N","N","0","","1","0","1","","2","","","2","1","0","0","0","0","0","2","0","2","","","","N","","","","","","","","","",""
"2022025200","1005","0","0","0","0","0","0","0","0","0","4","0","","67","3","2022","2","40.011802","-75.13432","1001","6","0","0","0","0","0","0","0","1","","0","0","0","","","2","","3","","40 00:42.487","","0","75 08:03.551","3","0","0","0","67301","0","0","0","N","0","0","0","2","67301","0","","1.0","","1","N","N","N","0","","2","0","1","","3","","","2","2","0","0","0","0","0","2","1","2","","03","","N","","","","","","","","","",""
"2022021538","1426","1","0","0","0","0","0","0","0","0","4","0","","67","2","2022","6","39.971811","-75.125954","1423","6","0","0","0","0","0","0","0","0","","0","0","0","","","1","","1","","39 58:18.518","3","0","75 07:33.433","8","0","0","0","67301","0","0","0","N","0","0","0","4","67301","0","","1.0","1530.0","9","N","N","N","0","","0","0","2","","2","N","","3","1","0","0","0","1","1","2","0","3","","03","","N","","","","","","","","","",""
"2022023781","2009","0","0","0","0","0","0","0","0","0","8","0","","67","2","2022","5","40.010987","-75.150754","2004","6","0","0","0","0","0","1","0","0","","0","0","0","","","1","N","0","","40 00:39.554","","0","75 09:02.714","8","0","0","0","67301","1","0","0","N","1","0","0","2","67301","0","","1.0","","1","N","N","N","0","","0","0","0","","0","","","2","1","0","0","0","1","0","2","1","1","","","","N","","","","","","","","","",""
"2022050733","2356","0","0","1","0","0","0","0","0","0","7","1","","67","5","2022","2","39.988714","-75.08808","2333","6","0","0","0","0","0","0","0","0","","0","1","0","","","2","N","0","","39 59:19.372","1","0","75 05:17.087","2","0","0","0","67301","0","0","0","N","0","0","0","2","67301","0","","2.0","52.0","1","N","N","N","0","","0","1","0","","0","N","","1","2","0","0","0","1","0","2","0","1","","03","","N","","","","","","","","","",""
"2022029354","0840","1","0","0","0","0","0","0","0","0","8","0","","67","3","2022","5","40.013666","-75.158758","0840","6","0","0","0","0","0","0","0","0","","0","0","0","","","1","","2","","40 00:49.197","","0","75 09:31.528","8","0","0","0","67301","1","0","0","N","1","0","0","2","67301","0","","1.0","","9","N","N","N","0","","0","0","0","","2","","","2","1","0","0","0","1","0","2","0","1","","07","","N","","","","","","","","","",""
"2022050945","2114","0","0","0","0","0","0","0","0","0","7","0","","67","5","2022","7","39.95751","-75.150536","2114","6","0","0","0","0","0","0","0","0","","0","0","0","","","0","N","0","","39 57:27.037","3","0","75 09:01.930","0","0","0","0","67301","0","0","0","N","0","0","0","1","68K01","0","","4.0","2140.0","9","N","N","N","0","","0","0","1","","0","N","","1","0","0","0","0","0","0","2","0","1","","","","N","","","","","","","","","",""
"2022023759","2345","0","0","0","0","0","0","0","0","0","4","0","","67","2","2022","2","39.96093","-75.245028","2338","6","0","0","0","0","0","0","0","0","","0","0","0","","","2","","1","","39 57:39.347","","0","75 14:42.100","3","0","0","0","67301","0","0","0","N","0","0","0","2","67301","0","","1.0","","9","N","N","N","0","","2","0","2","","2","","","2","2","0","0","0","0","0","2","0","2","","03","","N","","","","","","","","","",""
"2022051345","1241","1","0","0","0","0","0","0","0","0","1","0","","67","6","2022","5","40.006022","-75.151964","1240","6","0","0","0","0","0","0","1","0","","0","0","0","","","1","N","0","","40 00:21.679","","0","75 09:07.070","4","0","0","0","67301","0","0","0","N","0","0","0","2","67505","1","","1.0","","1","N","N","Y","1","","0","0","2","","0","","","4","1","0","0","0","0","0","2","0","4","","03","","N","","","","","","","","","",""
"2022024592","0854","2","0","0","0","0","0","0","0","0","6","0","","67","3","2022","2","39.972581","-75.229319","0854","6","0","0","0","0","0","0","0","0","","0","0","0","","","0","N","0","","39 58:21.290","","0","75 13:45.550","0","0","0","0","67301","0","0","0","N","0","0","0","1","67301","0","","6.0","","1","N","N","Y","1","","0","0","0","","0","","","3","0","0","0","0","0","0","2","0","3","","","","N","","","","","","","","","",""
"2022048888","0825","1","0","0","0","0","0","0","0","0","7","0","","67","5","2022","5","40.020418","-75.14133","0810","6","0","0","0","0","0","0","0","0","","0","0","0","","","1","N","0","","40 01:13.506","1","0","75 08:28.788","4","0","0","0","67301","0","0","0","N","0","0","0","1","67301","1","","4.0","845.0","9","N","N","N","0","","0","0","0","","0","N","","1","1","0","0","0","0","0","2","0","1","","07","","N","","","","","","","","","",""
"2022021422","1451","2","0","0","0","0","0","0","0","0","1","0","","67","2","2022","7","39.994723","-75.083722","1439","6","0","0","1","0","0","1","0","0","","0","0","0","","","1","N","0","","39 59:41.002","1","0","75 05:01.399","3","0","0","0","67301","0","0","0","N","0","0","0","4","68K01","0","","1.0","1501.0","1","N","N","N","0","","1","0","1","","0","N","","4","1","1","0","0","0","0","2","1","4","","","","N","","","","","","","","","",""
"2022023736","0347","1","0","0","0","0","0","0","0","0","7","0","","67","3","2022","6","39.923874","-75.245583","0347","6","0","0","0","0","0","0","0","0","","0","0","0","","","0","N","0","","39 55:25.946","","0","75 14:44.097","9","0","0","0","67301","0","0","0","N","0","0","0","1","67301","0","","9.0","","1","N","N","N","0","","0","0","0","","2","","","1","0","0","0","0","0","1","2","0","1","","03","","N","","","","","","","","","",""
"2022023745","0840","1","0","0","0","0","0","0","0","0","4","0","","67","3","2022","7","40.057603","-75.154898","0830","6","0","0","0","0","0","1","0","0","","0","0","0","","","1","","2","","40 03:27.370","","0","75 09:17.632","3","0","0","0","67301","0","0","0","N","0","0","0","2","67301","0","","1.0","","1","N","N","N","0","","1","0","1","","3","","","2","1","0","0","0","0","0","2","0","2","","","","N","","","","","","","","","",""
"2022017378","1312","0","0","0","0","0","0","0","0","0","8","0","","67","2","2022","5","39.928054","-75.178701","1308","6","0","0","0","0","0","0","1","0","","0","0","0","","","1","","1","","39 55:40.994","","0","75 10:43.323","8","0","0","0","67301","1","0","0","N","1","0","0","2","67301","0","","1.0","","1","N","N","N","0","","0","0","1","","3","","","2","1","0","0","0","1","0","2","0","1","","","","N","","","","","","","","","",""
"2022020439","0225","0","0","0","0","0","0","0","0","0","4","0","","67","2","2022","6","40.026801","-75.097355","0217","6","0","0","0","0","0","0","0","0","","0","0","0","","","0","","1","","40 01:36.484","","0","75 05:50.479","0","0","0","0","67301","0","0","0","N","0","0","0","2","67301","0","","1.0","","9","N","N","N","0","","0","0","2","","2","","","2","0","0","0","0","0","0","2","0","2","","07","","N","","","","","","","","","",""
"2022023735","0159","1","0","0","0","0","0","0","0","0","4","0","","67","3","2022","6","39.938719","-75.224301","0154","6","0","0","0","0","0","0","0","0","","0","0","0","","","1","","1","","39 56:19.388","","0","75 13:27.483","3","0","0","0","67301","0","0","0","N","0","0","0","2","67301","0","","1.0","","1","N","N","N","0","","1","0","1","","2","","","2","1","0","0","0","0","0","2","0","2","","","","N","","","","","","","","","",""
"2022030781","1836","0","0","0","0","0","0","0","0","0","7","0","","67","3","2022","6","39.993698","-75.139853","1820","6","0","0","0","0","0","0","0","0","","0","0","0","","","0","","1","","39 59:37.312","","0","75 08:23.470","0","0","0","0","67301","0","0","0","N","0","0","0","1","67301","0","","5.0","","1","N","N","N","0","","0","0","0","","2","","","1","0","1","0","0","0","0","2","1","1","","","","N","","","","","","","","","",""
"2022041158","0615","0","0","0","0","0","0","0","0","0","7","0","","67","4","2022","4","39.996524","-75.196911","0607","6","0","0","0","0","0","1","0","0","","0","0","0","","","0","N","0","","39 59:47.485","3","0","75 11:48.881","0","0","0","0","67301","0","0","0","N","0","0","0","1","68K01","0","","4.0","620.0","9","N","N","N","0","","0","0","0","","0","N","","1","0","0","0","0","0","0","2","1","1","","","","N","","","","","","","","","",""
"2022019622","1140","2","0","0","0","0","0","0","0","0","4","0","","67","2","2022","1","39.94814","-75.237599","1130","6","0","0","0","0","0","0","0","0","","0","0","0","","","1","","2","","39 56:53.304","","0","75 14:15.356","3","0","0","0","67301","0","0","0","N","0","0","0","2","67301","0","","1.0","","7","N","N","N","0","","1","0","0","","3","","","3","1","2","0","0","0","0","2","1","3","","10","","N","","","","","","","","","",""
"2022016148","1119","2","0","0","0","0","0","0","0","0","4","0","","67","2","2022","7","40.033146","-75.10696","1119","6","0","0","0","0","0","0","0","0","","0","0","0","","","1","","1","","40 01:59.326","","0","75 06:25.057","3","0","0","0","67301","0","0","0","N","0","0","0","4","67301","0","","1.0","","1","N","N","N","0","","1","0","1","","2","","","3","1","0","0","0","0","1","2","0","3","","","","N","","","","","","","","","",""
"2022031331","1301","1","0","0","0","0","0","0","0","0","4","0","","67","3","2022","4","40.080757","-75.028601","1301","6","0","0","0","0","0","0","1","0","","0","0","0","","","1","","1","","40 04:50.725","","0","75 01:42.964","3","0","0","0","67301","0","0","0","N","0","0","0","2","67301","0","","1.0","","1","N","N","N","0","","1","0","1","","2","","","2","1","0","0","0","0","0","2","0","2","","03","","N","","","","","","","","","",""
"2022038281","1832","1","0","0","0","0","0","0","0","0","1","0","45","67","4","2022","3","40.014387","-75.055323","1832","6","0","0","0","0","0","0","0","0","","0","0","0","","","0","N","0","","40 00:51.794","","0","75 03:19.161","0","0","0","1","67301","0","0","0","N","0","0","0","2","68K01","0","","1.0","","1","N","N","N","0","","0","0","0","","0","","","2","0","0","0","0","0","0","2","0","2","","03","N","Y","2","1","","","N","","","","Y","N"
"2022025238","0941","1","0","0","0","0","0","0","0","0","4","0","","67","3","2022","7","39.9435","-75.235244","0938","6","0","0","0","0","0","0","0","0","","0","0","0","","","1","","1","","39 56:36.600","","0","75 14:06.878","3","0","0","0","67301","0","0","0","N","0","0","0","2","67301","0","","1.0","","9","N","N","Y","0","","1","0","2","","3","","","3","1","0","0","0","0","0","2","0","3","","07","","N","","","","","","","","","",""
"2022044040","2300","1","0","0","0","0","0","0","0","0","5","0","","67","4","2022","5","40.0065","-75.095278","2300","6","0","0","0","0","0","0","0","0","","0","0","0","","","1","N","0","","40 00:23.400","","7","75 05:43.000","4","0","0","0","67301","0","0","0","N","0","0","0","2","67301","1","","1.0","","1","N","N","N","0","","0","0","1","","0","","","2","1","0","0","0","0","1","2","0","2","","","","N","","","","","","","","","",""
"2022038491","1526","3","0","0","0","0","0","0","0","0","5","0","","67","4","2022","7","39.961028","-75.188111","1457","6","0","0","0","1","0","0","0","0","","0","0","0","","","0","N","0","","39 57:39.700","","0","75 11:17.200","0","0","0","0","67301","0","0","0","N","0","0","0","1","67507","0","","6.0","","1","N","N","Y","0","","0","0","0","","0","","","3","0","0","0","0","0","0","2","0","3","","03","","N","","","","","","","","","",""
"2022023786","0313","1","0","0","0","0","0","0","0","0","0","0","","67","3","2022","5","39.971571","-75.146317","0310","6","0","0","0","0","0","1","0","0","","0","0","0","","","1","","1","","39 58:17.655","","0","75 08:46.741","8","0","0","0","67301","0","0","0","N","0","0","0","1","67301","0","","1.0","","1","N","N","N","0","","0","0","2","","2","","","3","1","0","0","0","1","0","2","0","3","","03","","N","","","","","","","","","",""
"2022032240","0958","1","0","0","0","0","0","0","0","0","7","0","","67","3","2022","2","39.912472","-75.174056","0953","6","0","0","0","0","0","0","0","0","","0","0","0","","","0","","7","","39 54:44.900","2","8","75 10:26.600","0","0","0","0","67301","0","0","0","N","0","0","0","2","67501","0","","7.0","1030.0","1","N","N","Y","0","","0","0","0","","0","Y","","1","0","0","0","0","0","0","2","0","1","","03","","N","","","","","","","","","",""
"2022046081","2234","0","0","0","0","0","0","0","0","0","4","0","","67","4","2022","4","39.984124","-75.188052","2234","6","0","0","0","0","0","0","0","0","","0","0","0","","","0","","2","","39 59:02.847","","0","75 11:16.987","0","0","0","0","67301","0","0","0","N","0","0","0","2","67301","0","","1.0","","1","N","N","N","0","","0","0","0","","2","","","2","0","0","0","0","0","0","2","2","2","","03","","N","","","","","","","","","",""
"2022044163","1835","1","0","0","0","0","0","0","0","0","7","0","","67","5","2022","3","39.962492","-75.176662","1830","6","0","0","0","0","0","0","0","0","","0","0","0","","","0","N","0","","39 57:44.971","3","0","75 10:35.983","0","0","0","0","67301","0","0","0","N","0","0","0","1","67301","0","","4.0","1930.0","1","N","N","N","0","","0","0","0","","0","N","","1","0","0","0","0","0","0","2","0","1","","","","N","","","","","","","","","",""
"2022030067","0539","1","0","0","0","0","0","0","0","0","7","0","","67","3","2022","5","40.057061","-75.129049","0538","6","0","0","0","0","0","0","0","0","","0","0","0","","","1","","1","","40 03:25.421","","0","75 07:44.576","3","0","0","0","67301","0","0","0","N","0","0","0","1","67301","0","","4.0","","8","N","N","N","0","","1","0","1","","2","","","2","1","0","0","0","0","0","2","0","2","","98","","N","","","","","","","","","",""
"2022047543","1050","0","0","0","0","0","0","0","0","0","8","0","","67","5","2022","4","39.946736","-75.159386","1050","6","0","0","0","0","0","0","0","0","","0","0","0","","","1","N","0","","39 56:48.250","","0","75 09:33.790","3","0","0","0","67301","1","0","0","N","1","0","0","1","67301","0","","1.0","","1","N","N","N","0","","1","0","0","","0","","","2","1","0","0","0","0","0","2","0","1","","03","","N","","","","","","","","","",""
"2022046184","0006","0","0","0","0","0","0","0","0","0","7","0","","67","2","2022","3","39.990022","-75.205456","2345","6","0","0","0","0","0","0","0","0","","1","0","0","","","0","N","0","","39 59:24.080","4","0","75 12:19.641","1","0","0","0","67301","0","0","0","N","0","0","0","1","68K01","0","2","3.0","400.0","1","N","N","N","0","0","0","0","1","","0","N","","1","0","1","1","0","0","0","2","0","1","","03","","N","","","","","","","","","",""
"2022016153","0013","0","0","0","0","0","0","0","0","0","4","0","","67","2","2022","1","39.942944","-75.226794","0007","6","0","0","0","0","0","0","0","0","","0","0","0","","","0","","1","","39 56:34.598","","0","75 13:36.458","9","0","0","0","67301","0","0","0","N","0","0","0","3","67301","0","","1.0","","99","N","N","N","1","","0","0","0","","2","","","2","0","0","0","0","0","2","2","1","2","","03","","N","","","","","","","","","",""
"2022023787","2142","1","0","0","0","0","0","0","0","0","2","0","","67","3","2022","5","39.975842","-75.133908","2140","6","0","0","0","0","0","1","0","0","","0","0","0","","","1","N","0","","39 58:33.030","","1","75 08:02.070","8","0","0","0","67301","0","0","0","N","0","0","0","1","67301","0","","6.0","","1","N","N","N","1","","0","0","1","","0","","","3","1","1","0","0","1","0","2","0","3","","","","N","","","","","","","","","",""
"2022029156","1701","1","0","0","1","0","0","0","0","0","8","0","","67","3","2022","7","39.926019","-75.182443","1700","6","0","0","0","0","0","0","0","0","","0","0","0","","","1","N","0","","39 55:33.668","","0","75 10:56.794","3","0","0","0","67301","1","0","0","N","0","0","0","2","67301","0","","1.0","","1","N","N","N","0","","1","0","0","","0","","","2","1","0","0","0","0","0","2","0","1","","03","","N","","","","","","","","","",""
"2022029850","1707","0","0","0","0","0","0","0","0","0","4","0","","67","3","2022","6","40.011111","-75.164141","1701","6","0","0","0","0","0","0","0","0","","0","0","0","","","0","","2","","40 00:39.998","4","0","75 09:50.907","0","0","0","0","67301","0","0","0","N","0","0","0","2","67301","0","","1.0","1817.0","1","N","N","N","0","","0","0","2","","2","Y","","2","0","2","0","0","0","0","2","0","2","","03","","N","","","","","","","","","",""
"2022044376","2318","0","0","0","0","0","0","0","0","0","0","0","","67","4","2022","7","40.029949","-75.022239","2257","6","0","0","0","0","0","0","0","0","","0","0","0","","","1","N","0","","40 01:47.816","","0","75 01:20.059","3","0","0","1","67301","0","0","0","N","0","0","0","1","68K01","0","","1.0","","1","N","N","N","0","","1","0","0","","0","","","2","1","0","0","0","0","0","2","0","1","","","","N","","","","","","","","","",""