"CRN","ARRIVAL_TM","AUTOMOBILE_COUNT","BELTED_DEATH_COUNT","BELTED_SUSP_SERIOUS_INJ_COUNT","BICYCLE_COUNT","BICYCLE_DEATH_COUNT","BICYCLE_SUSP_SERIOUS_INJ_COUNT","BUS_COUNT","CHLDPAS_DEATH_COUNT","CHLDPAS_SUSP_SERIOUS_INJ_COUNT","COLLISION_TYPE","COMM_VEH_COUNT","CONS_ZONE_SPD_LIM","COUNTY","CRASH_MONTH","CRASH_YEAR","DAY_OF_WEEK","DEC_LATITUDE","DEC_LONGITUDE","DISPATCH_TM","DISTRICT","DRIVER_COUNT_16YR","DRIVER_COUNT_17YR","DRIVER_COUNT_18YR","DRIVER_COUNT_19YR","DRIVER_COUNT_20YR","DRIVER_COUNT_50_64YR","DRIVER_COUNT_65_74YR","DRIVER_COUNT_75PLUS","EST_HRS_CLOSED","FATAL_COUNT","HEAVY_TRUCK_COUNT","HORSE_BUGGY_COUNT","HOUR_OF_DAY","ILLUMINATION","INJURY_COUNT","INTERSECTION_RELATED","INTERSECT_TYPE","LANE_CLOSED","LATITUDE","LN_CLOSE_DIR","LOCATION_TYPE","LONGITUDE","MAX_SEVERITY_LEVEL","MCYCLE_DEATH_COUNT","MCYCLE_SUSP_SERIOUS_INJ_COUNT","MOTORCYCLE_COUNT","MUNICIPALITY","NONMOTR_COUNT","NONMOTR_DEATH_COUNT","NONMOTR_SUSP_SERIOUS_INJ_COUNT","NTFY_HIWY_MAINT","PED_COUNT","PED_DEATH_COUNT","PED_SUSP_SERIOUS_INJ_COUNT","PERSON_COUNT","POLICE_AGCY","POSSIBLE_INJ_COUNT","RDWY_SURF_TYPE_CD","RELATION_TO_ROAD","ROADWAY_CLEARED","ROAD_CONDITION","SCH_BUS_IND","SCH_ZONE_IND","SECONDARY_CRASH","SMALL_TRUCK_COUNT","SPEC_JURIS_CD","SUSP_MINOR_INJ_COUNT","SUSP_SERIOUS_INJ_COUNT","SUV_COUNT","TCD_FUNC_CD","TCD_TYPE","TFC_DETOUR_IND","TIME_OF_DAY","TOTAL_UNITS","TOT_INJ_COUNT","UNBELTED_OCC_COUNT","UNB_DEATH_COUNT","UNB_SUSP_SERIOUS_INJ_COUNT","UNK_INJ_DEG_COUNT","UNK_INJ_PER_COUNT","URBAN_RURAL","VAN_COUNT","VEHICLE_COUNT","WEATHER1","WEATHER2","WORKERS_PRES","WORK_ZONE_IND","WORK_ZONE_LOC","WORK_ZONE_TYPE","WZ_CLOSE_DETOUR","WZ_FLAGGER","WZ_LAW_OFFCR_IND","WZ_LN_CLOSURE","WZ_MOVING","WZ_OTHER","WZ_SHLDER_MDN","WZ_WORKERS_INJ_KILLED"
"2022048040","1040","1","0","0","0","0","0","0","0","0","2","1","","67","5","2022","7","39.966394","-75.207559","1039","6","0","0","0","0","0","1","0","0","","0","0","0","","","0","","1","","39 57:59.017","","0","75 12:27.213","9","0","0","0","67301","0","0","0","N","0","0","0","2","67301","0","","1.0","","1","N","N","N","1","","0","0","1","","2","","","3","0","0","0","0","0","1","2","0","3","","03","","N","","","","","","","","","",""
"2022023697","0325","3","0","0","0","0","0","0","0","0","5","0","","67","2","2022","1","39.926238","-75.169331","0323","6","0","0","0","0","0","0","0","0","","0","0","0","","","0","N","0","","39 55:34.455","2","0","75 10:09.593","0","0","0","0","67301","0","0","0","N","0","0","0","2","67301","0","","6.0","30.0","1","N","N","N","0","","0","0","1","","0","N","","4","0","0","0","0","0","0","2","0","4","","03","","N","","","","","","","","","",""
"2022024154","2050","0","0","0","0","0","0","0","0","0","7","0","","67","3","2022","2","40.064554","-75.020559","2047","6","0","0","0","0","0","0","0","0","","0","0","0","","","0","","2","","40 03:52.394","","0","75 01:14.012","0","0","0","0","67301","0","0","0","N","0","0","0","1","67301","0","","5.0","","9","N","N","N","0","","0","0","0","","0","","","1","0","0","0","0","0","0","2","1","1","","07","","N","","","","","","","","","",""
"2022053252","1040","1","0","0","0","0","0","0","0","0","5","1","","67","5","2022","2","39.986419","-75.092096","1026","6","0","0","0","0","0","0","0","0","","0","0","0","","","0","N","0","","39 59:11.108","2","0","75 05:31.546","0","0","0","0","67301","0","0","0","N","0","0","0","2","68K01","0","","1.0","1115.0","1","N","N","N","0","","0","0","0","","0","N","","2","0","0","0","0","0","0","2","0","2","","03","","N","","","","","","","","","",""
"2022023796","0034","1","0","0","0","0","0","0","0","0","5","0","","67","3","2022","2","40.023668","-75.14799","0029","6","0","0","0","0","0","0","0","0","","0","0","0","","","0","N","0","","40 01:25.205","","0","75 08:52.764","0","0","0","0","67301","0","0","0","N","0","0","0","1","67301","0","","6.0","","1","N","N","N","0","","0","0","1","","0","","","2","0","0","0","0","0","0","2","0","2","","03","","N","","","","","","","","","",""
"2022045167","1114","1","0","0","0","0","0","0","0","0","4","0","","67","2","2022","6","39.959174","-75.243377","1114","6","0","0","0","0","0","0","0","0","","0","0","0","","","1","","1","","39 57:33.025","","0","75 14:36.157","3","0","0","0","67301","0","0","0","N","0","0","0","2","67301","0","","1.0","","1","N","N","N","0","","1","0","0","","2","","","2","1","0","0","0","0","0","2","0","2","","03","","N","","","","","","","","","",""
"2022043676","0946","2","0","0","0","0","0","0","0","0","1","0","","67","4","2022","2","39.97676","-75.197654","0940","6","0","0","0","0","0","0","1","0","","0","0","0","","","1","N","0","","39 58:36.335","","0","75 11:51.555","4","0","0","0","67301","0","0","0","N","0","0","0","2","68K01","1","","1.0","","1","N","N","N","0","","0","0","0","","0","","","2","1","0","0","0","0","0","2","0","2","","","","N","","","","","","","","","",""
"2022049121","1607","0","0","0","0","0","0","0","0","0","1","0","","67","5","2022","5","39.917989","-75.147884","1548","6","0","0","0","0","0","0","0","0","","0","0","0","","","1","N","0","","39 55:04.760","2","3","75 08:52.381","3","0","0","0","67301","0","0","0","N","0","0","0","3","68K01","0","","1.0","1700.0","1","N","N","N","0","","1","0","2","","0","N","","3","1","0","0","0","0","0","2","1","3","","","","N","","","","","","","","","",""
"2022036557","2115","2","0","0","0","0","0","0","0","0","5","0","","67","4","2022","1","39.961221","-75.182403","2110","6","0","1","0","0","0","0","0","0","","0","0","0","","","0","","3","","39 57:40.397","3","0","75 10:56.651","0","0","0","0","67301","0","0","0","N","0","0","0","2","68K01","0","","1.0","2130.0","1","N","N","N","0","","0","0","0","","0","N","","2","0","1","0","0","0","0","2","0","2","","03","","N","","","","","","","","","",""
"2022032886","2214","2","0","0","0","0","0","0","0","0","1","0","","67","4","2022","7","40.039231","-75.177615","2213","6","0","0","0","0","0","1","1","0","","0","0","0","","","1","","2","","40 02:21.230","","0","75 10:39.415","8","0","0","0","67301","0","0","0","N","0","0","0","2","67301","0","","1.0","","1","N","N","N","0","","0","0","0","","2","","","2","1","0","0","0","1","0","2","0","2","","","","N","","","","","","","","","",""
"2022024893","1112","1","0","0","0","0","0","0","0","0","1","0","","67","3","2022","4","39.959326","-75.225002","1105","6","0","0","0","0","0","1","0","0","","0","0","0","","","1","N","0","","39 57:33.575","","0","75 13:30.008","3","0","0","0","67301","0","0","0","N","0","0","0","3","67301","0","","1.0","","1","N","N","N","1","","1","0","0","","0","","","2","1","0","0","0","0","2","2","0","2","","","","N","","","","","","","","","",""
"2022023727","1305","2","0","0","0","0","0","0","0","0","4","0","","67","2","2022","2","40.086788","-74.971843","1255","6","0","0","0","0","0","2","0","0","","0","0","0","","","1","","1","","40 05:12.438","","0","74 58:18.635","4","0","0","0","67301","0","0","0","N","0","0","0","3","67301","1","","1.0","","1","N","N","N","0","","0","0","0","","2","","","2","1","0","0","0","0","0","2","0","2","","03","","N","","","","","","","","","",""
"2022043855","1216","1","0","0","0","0","0","0","0","0","8","0","","67","5","2022","5","40.095953","-74.976781","1212","6","0","0","0","0","0","0","0","0","","0","0","0","","","1","","2","","40 05:45.430","","0","74 58:36.413","3","0","0","0","67301","1","0","0","N","1","0","0","2","67301","0","","1.0","","1","N","N","N","0","","1","0","0","","0","","","2","1","0","0","0","0","0","2","0","1","","03","","N","","","","","","","","","",""
"2022021412","0245","0","0","0","0","0","0","0","0","0","7","0","","67","2","2022","6","39.9597","-75.140454","0243","6","0","0","0","0","0","0","0","0","","0","0","0","","","0","N","0","","39 57:34.920","1","0","75 08:25.634","9","0","0","0","67301","0","0","0","N","0","0","0","1","68K01","0","","3.0","254.0","9","N","N","N","0","","0","0","1","","0","N","","1","0","0","0","0","0","1","2","0","1","","","","N","","","","","","","","","",""
"2022044374","1106","2","0","0","0","0","0","0","0","0","5","0","","67","4","2022","7","39.945691","-75.189926","1045","6","0","0","0","0","1","1","0","0","","0","0","0","","","0","N","0","","39 56:44.487","4","0","75 11:23.732","0","0","0","0","67301","0","0","0","N","0","0","0","3","68K01","0","","1.0","1114.0","1","N","N","N","0","","0","0","0","","0","N","","2","0","0","0","0","0","0","2","0","2","","","","N","","","","","","","","","",""
"2022045913","2045","1","0","0","0","0","0","0","0","0","1","0","","67","5","2022","1","40.014862","-75.156845","2041","6","0","0","0","0","0","0","0","0","","0","0","0","","","0","N","0","","40 00:53.502","","0","75 09:24.643","9","0","0","0","67301","0","0","0","N","0","0","0","1","67301","0","","2.0","","1","N","N","N","0","","0","0","1","","0","","","2","0","0","0","0","0","1","2","0","2","","03","","N","","","","","","","","","",""
"2022044037","1617","1","0","0","0","0","0","0","0","0","4","0","","67","4","2022","2","40.00713","-75.094069","1614","6","0","0","0","0","0","1","0","0","","0","0","0","","","0","","1","","40 00:25.667","","0","75 05:38.650","9","0","0","0","67301","0","0","0","N","0","0","0","3","67301","0","","1.0","","1","N","N","N","0","","0","0","1","","2","","","2","0","0","0","0","0","1","2","0","2","","04","","N","","","","","","","","","",""
"2022026960","0550","1","0","0","0","0","0","0","0","0","5","0","","67","3","2022","5","39.916164","-75.159667","0548","6","0","0","0","0","0","0","0","0","","0","0","0","","","0","N","0","","39 54:58.190","","0","75 09:34.800","9","0","0","0","67301","0","0","0","N","0","0","0","1","67301","0","","6.0","","9","N","N","N","0","","0","0","0","","0","","","2","0","0","0","0","0","1","2","1","2","","07","","N","","","","","","","","","",""
"2022043799","1631","1","0","0","0","0","0","0","0","0","2","0","","67","4","2022","2","40.042424","-75.082666","1631","6","0","0","0","0","0","1","0","0","","0","0","0","","","0","","1","","40 02:32.725","","0","75 04:57.598","0","0","0","0","67301","0","0","0","N","0","0","0","2","67301","0","","1.0","","1","N","N","N","0","","0","0","1","","0","","","2","0","2","0","0","0","0","2","0","2","","03","","N","","","","","","","","","",""
"2022048360","1901","0","0","0","0","0","0","0","0","0","7","0","","67","5","2022","4","39.88036","-75.247513","1850","6","0","0","0","0","0","0","0","0","","0","0","0","","","1","N","0","","39 52:49.297","","0","75 14:51.046","8","0","0","0","67301","0","0","0","N","0","0","0","1","68K01","0","","2.0","","1","N","N","N","0","","0","0","1","","0","","","1","1","1","0","0","1","0","2","0","1","","03","","N","","","","","","","","","",""
"2022041511","1410","0","0","0","0","0","0","0","0","0","1","0","","67","3","2022","7","39.978834","-75.203276","1343","6","0","0","0","0","0","0","0","0","","0","0","0","","","2","N","0","","39 58:43.801","","0","75 12:11.795","4","0","0","0","67301","0","0","0","N","0","0","0","4","68K01","2","","1.0","","1","N","N","N","0","","0","0","2","","0","","","2","2","0","0","0","0","1","2","0","2","","","","N","","","","","","","","","",""
"2022045332","1114","1","0","0","0","0","0","0","0","0","1","0","","67","4","2022","2","39.941928","-75.194038","1101","6","0","0","0","0","0","0","0","0","","0","0","0","","","0","N","0","","39 56:30.939","4","0","75 11:38.538","0","0","0","0","67301","0","0","0","N","0","0","0","4","68K01","0","","1.0","1134.0","1","N","N","N","0","","0","0","1","","0","N","","2","0","1","0","0","0","0","2","0","2","","","","N","","","","","","","","","",""
"2022029180","1745","1","0","0","0","0","0","0","0","0","4","0","","67","3","2022","6","39.966594","-75.160423","1745","6","0","0","0","0","0","0","0","0","","0","0","0","","","2","","1","","39 57:59.738","","0","75 09:37.523","4","0","0","0","67301","0","0","0","N","0","0","0","3","67301","1","","1.0","","1","N","N","N","0","","0","0","1","","2","","","3","2","0","0","0","1","0","2","0","3","","03","","N","","","","","","","","","",""
"2022024968","1505","1","0","0","0","0","0","0","0","0","7","0","","67","3","2022","5","39.897205","-75.212758","1501","6","0","0","0","0","0","0","1","0","","0","0","0","","","1","N","0","","39 53:49.939","","3","75 12:45.930","3","0","0","0","67301","0","0","0","N","0","0","0","1","67301","0","","4.0","","1","N","N","N","0","","1","0","0","","0","","","1","1","1","0","0","0","0","2","0","1","","03","","N","","","","","","","","","",""
"2022025703","2115","1","0","0","0","0","0","0","0","0","8","0","","67","3","2022","4","39.924096","-75.157927","2100","6","0","0","0","0","0","0","0","0","","0","0","0","","","1","","1","","39 55:26.745","","0","75 09:28.537","3","0","0","0","67301","1","0","0","N","1","0","0","2","67301","0","","1.0","","1","N","N","N","0","","1","0","0","","3","","","2","1","0","0","0","0","0","2","0","1","","03","","N","","","","","","","","","",""
"2022032867","1736","0","0","0","0","0","0","0","0","0","4","0","","67","3","2022","4","40.058818","-75.044171","1731","6","0","0","0","0","0","0","0","0","","0","0","0","","","1","","1","","40 03:31.744","1","3","75 02:39.016","3","0","0","0","67301","0","0","0","N","0","0","0","3","67301","0","","1.0","1801.0","1","N","N","N","0","","1","0","2","","2","Y","","2","1","1","0","0","0","0","2","0","2","","","","N","","","","","","","","","",""
"2022033142","2346","0","0","0","0","0","0","0","0","0","4","0","","67","2","2022","3","40.061462","-75.05891","2344","6","0","0","0","0","0","0","0","0","","0","0","0","","","1","","1","","40 03:41.263","","0","75 03:32.076","4","0","0","0","67301","0","0","0","N","0","0","0","2","67301","1","","1.0","","9","N","N","N","0","","0","0","2","","3","","","3","1","0","0","0","0","0","2","1","3","","","","N","","","","","","","","","",""
"2022023713","2110","1","0","0","0","0","0","0","0","0","4","0","","67","2","2022","2","39.910347","-75.150855","2104","6","0","0","0","0","0","0","0","0","","0","0","0","","","2","","1","","39 54:37.249","","2","75 09:03.078","3","0","0","0","67301","0","0","0","N","0","0","0","3","67301","1","","1.0","","1","N","N","N","0","","1","0","0","","2","","","2","2","0","0","0","0","0","2","0","2","","03","","N","","","","","","","","","",""
"2022029459","1856","1","0","0","0","0","0","0","0","0","4","0","","67","3","2022","5","40.04308","-75.181026","1853","6","0","0","0","0","0","0","0","0","","0","0","0","","","1","N","0","","40 02:35.089","","7","75 10:51.693","4","0","0","0","67301","0","0","0","N","0","0","0","5","67301","1","","1.0","","9","N","N","N","0","","0","0","1","","0","","","2","1","0","0","0","0","0","2","0","2","","07","","N","","","","","","","","","",""
"2022024129","0900","0","0","0","0","0","0","0","0","0","8","0","","67","3","2022","2","40.060398","-74.990435","0847","6","0","0","0","0","0","0","0","0","","0","0","0","","","1","","1","","40 03:37.434","","0","74 59:25.565","3","0","0","0","67301","1","0","0","N","1","0","0","2","67301","0","","1.0","","1","N","Y","N","0","","1","0","0","","2","","","2","1","0","0","0","0","0","2","0","1","","03","","N","","","","","","","","","",""
"2022047176","1159","1","0","0","0","0","0","0","0","0","4","0","","67","5","2022","7","40.033507","-75.056514","1159","6","0","0","0","1","0","1","0","0","","0","0","0","","","0","","1","","40 02:00.625","","0","75 03:23.450","0","0","0","0","67301","0","0","0","N","0","0","0","2","67301","0","","1.0","","9","N","N","N","0","","0","0","1","","3","","","2","0","2","0","0","0","0","2","0","2","","","","N","","","","","","","","","",""
"2022040252","2315","1","0","0","0","0","0","0","0","0","7","0","","67","4","2022","4","39.959898","-75.178977","2308","6","0","0","0","0","0","0","0","0","","0","0","0","","","0","N","0","","39 57:35.631","3","0","75 10:44.318","0","0","0","0","67301","0","0","0","N","0","0","0","3","68K01","0","","4.0","1130.0","1","N","N","N","0","","0","0","0","","0","N","","1","0","0","0","0","0","0","2","0","1","","03","","N","","","","","","","","","",""
"2022015179","1815","2","0","0","0","0","0","0","0","0","4","0","","67","2","2022","4","39.903432","-75.243164","1815","6","0","0","0","0","0","0","0","0","","0","0","0","","","1","","1","","39 54:12.355","","0","75 14:35.390","3","0","0","0","67301","0","0","0","N","0","0","0","3","67301","0","","1.0","","1","N","N","N","0","","1","0","1","","2","","","3","1","0","0","0","0","0","2","0","3","","03","","N","","","","","","","","","",""
"2022043684","0832","1","0","0","0","0","0","0","0","0","5","0","","67","4","2022","7","40.051424","-74.989448","0817","6","0","0","0","0","0","0","0","0","","0","0","0","","","1","N","0","","40 03:05.128","2","0","74 59:22.011","4","0","0","0","67301","0","0","0","N","0","0","0","2","68K01","1","","1.0","840.0","9","N","N","N","0","","0","0","1","","0","N","","2","1","0","0","0","0","0","2","0","2","","","","N","","","","","","","","","",""
"2022016125","1548","1","0","0","0","0","0","0","0","0","1","0","","67","2","2022","7","39.9075","-75.142944","1545","6","0","0","0","0","0","0","1","0","","0","0","0","","","0","N","0","","39 54:27.000","","3","75 08:34.600","0","0","0","0","67301","0","0","0","N","0","0","0","3","67501","0","","1.0","","1","N","N","N","0","","0","0","1","","8","","","2","0","0","0","0","0","0","2","0","2","","03","","N","","","","","","","","","",""
"2022043928","1115","0","0","0","0","0","0","0","0","0","8","0","","67","2","2022","4","40.022351","-75.078135","1115","6","0","0","0","0","0","0","0","0","","0","0","0","","","1","","1","","40 01:20.463","","0","75 04:41.285","8","0","0","0","67301","1","0","0","N","1","0","0","2","67301","0","","4.0","","1","N","N","N","0","","0","0","0","","2","","","2","1","0","0","0","1","1","2","0","1","","03","","N","","","","","","","","","",""
"2022037571","1322","0","0","0","1","0","0","0","0","0","8","0","","67","4","2022","5","39.955608","-75.189481","1320","6","0","0","0","0","0","1","0","0","","0","0","0","","","1","","1","","39 57:20.190","","0","75 11:22.130","3","0","0","0","67301","1","0","0","N","0","0","0","2","67507","0","","1.0","","1","N","N","N","0","","1","0","1","","2","","","2","1","0","0","0","0","0","2","0","1","","","","N","","","","","","","","","",""
"2022038647","1118","0","0","0","0","0","0","0","0","0","7","0","","67","3","2022","4","39.959364","-75.140234","1059","6","0","0","0","0","0","0","0","0","","0","0","0","","","0","N","0","","39 57:33.711","","8","75 08:24.841","0","0","0","0","67301","0","0","0","N","0","0","0","1","68K01","0","","4.0","","1","N","N","N","0","","0","0","1","","0","","","1","0","0","0","0","0","0","2","0","1","","","","N","","","","","","","","","",""
"2022024249","2059","1","0","0","0","0","0","0","0","0","4","0","","67","3","2022","4","40.034186","-75.071389","2035","6","0","0","0","0","0","1","0","0","","0","0","0","","","0","","1","","40 02:03.071","","0","75 04:17.001","0","0","0","0","67301","0","0","0","N","0","0","0","2","67301","0","","1.0","","1","N","N","N","0","","0","0","1","","2","","","2","0","2","0","0","0","0","2","0","2","","03","","N","","","","","","","","","",""
"2022046201","0639","1","0","0","0","0","0","0","0","0","4","0","","67","4","2022","4","39.930816","-75.145942","0627","6","0","0","0","0","0","1","0","0","","0","0","0","","","2","N","0","","39 55:50.937","2","0","75 08:45.390","3","0","0","0","67301","0","0","0","N","0","0","0","4","68K01","0","","1.0","700.0","1","N","N","N","0","","2","0","2","","0","N","","3","2","0","0","0","0","0","2","0","3","","03","","N","","","","","","","","","",""
"2022031372","2145","2","0","0","0","0","0","0","0","0","2","0","","67","3","2022","4","40.041216","-75.106879","2145","6","0","0","0","0","0","0","0","0","","0","0","0","","","0","N","0","","40 02:28.377","1","0","75 06:24.766","0","0","0","0","67301","0","0","0","N","0","0","0","2","67301","0","","1.0","30.0","1","N","N","N","0","","0","0","0","","0","N","","2","0","2","0","0","0","0","2","0","2","","03","","N","","","","","","","","","",""
"2022049539","1535","0","0","0","0","0","0","0","0","0","7","1","","67","5","2022","5","39.991483","-75.225803","1516","6","0","0","0","0","0","0","0","0","","0","1","0","","","0","N","0","","39 59:29.340","3","1","75 13:32.890","0","0","0","0","67301","0","0","0","N","0","0","0","2","67301","0","","1.0","1800.0","1","N","N","N","0","","0","0","0","","8","N","","1","0","0","0","0","0","0","2","0","1","","04","","N","","","","","","","","","",""
"2022019673","1645","2","0","0","0","0","0","0","0","0","1","0","","67","2","2022","7","40.009649","-75.1803","1645","6","0","0","0","0","0","1","0","0","","0","0","0","","","1","","2","","40 00:34.737","1","0","75 10:49.079","3","0","0","0","67301","0","0","0","N","0","0","0","2","67301","0","","1.0","1715.0","1","N","Y","N","0","","1","0","0","","2","N","","2","1","0","0","0","0","0","2","0","2","","03","","N","","","","","","","","","",""
"2022050620","0516","1","0","0","0","0","0","0","0","0","7","0","","67","5","2022","1","40.036722","-75.190447","0514","6","0","0","0","0","0","0","0","0","","1","0","0","","","1","N","0","","40 02:12.200","","0","75 11:25.610","1","0","0","0","67301","0","0","0","N","0","0","0","2","67301","0","2","4.0","","1","N","N","N","0","0","0","1","0","","0","","","1","1","0","0","0","0","0","2","0","1","","","","N","","","","","","","","","",""
"2022044303","2137","3","0","0","0","0","0","0","0","0","2","0","","67","4","2022","1","39.924144","-75.152275","2131","6","0","0","0","0","0","0","0","0","","0","0","0","","","2","N","0","","39 55:26.920","","0","75 09:08.190","3","0","0","0","67301","0","0","0","N","0","0","0","3","67301","0","","1.0","","1","N","N","N","1","","2","0","4","","0","","","9","2","0","0","0","0","0","2","1","9","","","","N","","","","","","","","","",""
"2022031370","2008","0","0","0","0","0","0","0","0","0","4","0","","67","3","2022","1","40.039203","-75.06675","2008","6","0","0","0","0","0","1","0","0","","0","0","0","","","1","","1","","40 02:21.129","","0","75 04:00.301","3","0","0","0","67301","0","0","0","N","0","0","0","2","67301","0","","1.0","","1","N","N","N","0","","1","0","2","","2","","","2","1","2","0","0","0","0","2","0","2","","03","","N","","","","","","","","","",""
"2022025546","0342","1","0","0","0","0","0","0","0","0","1","0","","67","3","2022","1","39.904045","-75.240114","0339","6","0","0","0","0","0","0","0","0","","0","0","0","","","2","","5","","39 54:14.563","","0","75 14:24.409","3","0","0","0","67301","0","0","0","N","0","0","0","3","67301","0","","1.0","","1","N","N","N","0","","2","0","1","","2","","","2","2","0","0","0","0","0","2","0","2","","","","N","","","","","","","","","",""
"2022044083","1618","1","0","0","0","0","0","0","0","0","7","0","","67","5","2022","6","39.975006","-75.121316","1616","6","0","0","0","0","0","0","0","0","","0","0","0","","","1","N","0","","39 58:30.020","","0","75 07:16.739","3","0","0","0","67301","0","0","0","N","0","0","0","1","67301","0","","5.0","","9","N","N","N","0","","1","0","0","","0","","","1","1","0","0","0","0","0","2","0","1","","","","N","","","","","","","","","",""
"2022026783","1547","1","0","0","0","0","0","0","0","0","4","0","","67","3","2022","3","40.087534","-74.971328","1547","6","0","0","0","0","0","2","0","0","","0","0","0","","","2","","1","","40 05:15.121","","2","74 58:16.779","8","0","0","0","67301","0","0","0","N","0","0","0","3","67301","0","","1.0","","1","N","N","N","0","","0","0","1","","2","","","2","2","0","0","0","2","1","2","0","2","","03","","N","","","","","","","","","",""
"2022023719","1045","0","0","0","0","0","0","0","0","0","8","0","","67","3","2022","7","39.953354","-75.154714","1040","6","0","0","0","0","0","0","0","0","","0","0","0","","","1","","1","","39 57:12.074","","0","75 09:16.972","3","0","0","0","67301","1","0","0","N","1","0","0","2","67301","0","","1.0","","1","N","N","N","1","","1","0","0","","2","","","2","1","0","0","0","0","1","2","0","1","","03","","N","","","","","","","","","",""
"2022023480","1912","1","0","0","0","0","0","0","0","0","7","0","","67","3","2022","2","39.955903","-75.148439","1912","6","0","0","0","0","0","0","0","0","","0","0","0","","","0","N","0","","39 57:21.249","","2","75 08:54.382","0","0","0","0","67301","0","0","0","N","0","0","0","1","67501","0","","2.0","","1","N","N","N","0","","0","0","0","","0","","","1","0","0","0","0","0","0","2","0","1","","03","","N","","","","","","","","","",""
"2022032926","1843","1","0","0","0","0","0","0","0","0","4","0","","67","3","2022","3","39.996421","-75.12578","1843","6","0","0","0","0","0","1","0","0","","0","0","0","","","0","","1","","39 59:47.115","","0","75 07:32.807","0","0","0","0","67301","0","0","0","N","0","0","0","2","67301","0","","1.0","","1","N","N","N","0","","0","0","1","","3","","","2","0","0","0","0","0","0","2","0","2","","03","","N","","","","","","","","","",""
"2022027987","1147","1","0","0","0","0","0","0","0","0","1","0","","67","3","2022","1","39.958191","-75.165204","1141","6","0","0","0","0","0","0","0","0","","0","0","0","","","0","N","0","","39 57:29.489","","0","75 09:54.733","0","0","0","0","67301","0","0","0","N","0","0","0","2","68K01","0","","1.0","","9","N","N","N","0","","0","0","1","","0","","","2","0","0","0","0","0","0","2","0","2","","07","","N","","","","","","","","","",""
"2022040194","1254","1","0","0","0","0","0","0","0","0","1","0","","67","3","2022","7","39.967584","-75.132252","1247","6","0","0","0","0","0","1","0","0","","0","0","0","","","2","N","0","","39 58:03.304","","0","75 07:56.106","4","0","0","0","67301","0","0","0","N","0","0","0","3","68K01","2","","1.0","","1","N","N","N","0","","0","0","1","","8","","","2","2","0","0","0","0","0","2","0","2","","","","N","","","","","","","","","",""
"2022051779","1241","0","0","0","0","0","0","0","0","0","4","1","","67","6","2022","4","40.017041","-75.150419","1240","6","0","0","0","0","0","1","0","0","","0","1","0","","","2","","2","","40 01:01.347","","0","75 09:01.508","3","0","0","0","67301","0","0","0","N","0","0","0","3","67301","0","","1.0","","1","N","N","N","1","","2","0","1","","0","","","3","2","0","0","0","0","0","2","0","3","","03","","N","","","","","","","","","",""
"2022029181","0207","2","0","0","0","0","0","0","0","0","4","0","","67","3","2022","1","39.958132","-75.150458","0202","6","0","0","1","0","0","0","0","0","","0","0","0","","","0","","1","","39 57:29.275","4","0","75 09:01.648","0","0","0","0","67301","0","0","0","N","0","0","0","2","67301","0","","1.0","320.0","1","N","N","N","0","","0","0","0","","2","Y","","2","0","0","0","0","0","0","2","0","2","","","","N","","","","","","","","","",""
"2022037482","0056","2","0","0","0","0","0","0","0","0","1","0","","67","4","2022","7","39.947895","-75.186608","0050","6","0","0","0","0","0","0","0","0","","0","0","0","","","1","","6","","39 56:52.422","4","2","75 11:11.789","4","0","0","0","67301","0","0","0","N","0","0","0","3","68K01","1","","7.0","130.0","9","N","N","N","0","","0","0","0","","0","N","","2","1","0","0","0","0","0","2","0","2","","","","N","","","","","","","","","",""
"2022023962","2330","2","0","2","0","0","0","0","0","0","6","0","","67","3","2022","3","40.002001","-75.156063","2326","6","0","0","0","0","0","0","0","0","","0","0","0","","","2","","1","","40 00:07.205","","0","75 09:21.826","2","0","0","0","67301","0","0","0","N","0","0","0","3","67301","0","","1.0","","1","N","N","N","0","","0","2","0","","2","","","2","2","0","0","0","0","0","2","0","2","","","","N","","","","","","","","","",""
"2022019513","0845","1","0","0","0","0","0","0","0","0","4","0","","67","2","2022","4","39.960654","-75.192616","0840","6","0","0","0","0","0","0","0","0","","0","0","0","","","0","","1","","39 57:38.354","","0","75 11:33.417","0","0","0","0","67301","0","0","0","N","0","0","0","2","67507","0","","1.0","","9","N","N","N","0","","0","0","0","","3","","","2","0","0","0","0","0","0","2","1","2","","","","N","","","","","","","","","",""
"2022044050","2018","0","0","0","0","0","0","0","0","0","8","0","","67","4","2022","3","39.998567","-75.149197","2016","6","0","0","0","0","0","1","0","0","","0","0","0","","","1","N","0","","39 59:54.840","","0","75 08:57.110","2","0","0","0","67301","1","0","1","N","1","0","1","2","67301","0","","1.0","","9","N","N","N","0","","0","1","1","","2","","","2","1","0","0","0","0","0","2","0","1","","04","","N","","","","","","","","","",""
"2022041593","2027","0","0","0","0","0","0","1","0","0","8","1","","67","4","2022","2","40.020504","-75.19238","2017","6","0","0","0","0","0","0","0","0","","0","0","0","","","1","","1","","40 01:13.816","","0","75 11:32.569","8","0","0","0","67301","1","0","0","N","1","0","0","2","67508","0","","1.0","","1","N","N","Y","0","","0","0","0","","2","","","2","1","0","0","0","1","0","2","0","1","","03","","N","","","","","","","","","",""