"CRN","ARRIVAL_TM","AUTOMOBILE_COUNT","BELTED_DEATH_COUNT","BELTED_SUSP_SERIOUS_INJ_COUNT","BICYCLE_COUNT","BICYCLE_DEATH_COUNT","BICYCLE_SUSP_SERIOUS_INJ_COUNT","BUS_COUNT","CHLDPAS_DEATH_COUNT","CHLDPAS_SUSP_SERIOUS_INJ_COUNT","COLLISION_TYPE","COMM_VEH_COUNT","CONS_ZONE_SPD_LIM","COUNTY","CRASH_MONTH","CRASH_YEAR","DAY_OF_WEEK","DEC_LATITUDE","DEC_LONGITUDE","DISPATCH_TM","DISTRICT","DRIVER_COUNT_16YR","DRIVER_COUNT_17YR","DRIVER_COUNT_18YR","DRIVER_COUNT_19YR","DRIVER_COUNT_20YR","DRIVER_COUNT_50_64YR","DRIVER_COUNT_65_74YR","DRIVER_COUNT_75PLUS","EST_HRS_CLOSED","FATAL_COUNT","HEAVY_TRUCK_COUNT","HORSE_BUGGY_COUNT","HOUR_OF_DAY","ILLUMINATION","INJURY_COUNT","INTERSECTION_RELATED","INTERSECT_TYPE","LANE_CLOSED","LATITUDE","LN_CLOSE_DIR","LOCATION_TYPE","LONGITUDE","MAX_SEVERITY_LEVEL","MCYCLE_DEATH_COUNT","MCYCLE_SUSP_SERIOUS_INJ_COUNT","MOTORCYCLE_COUNT","MUNICIPALITY","NONMOTR_COUNT","NONMOTR_DEATH_COUNT","NONMOTR_SUSP_SERIOUS_INJ_COUNT","NTFY_HIWY_MAINT","PED_COUNT","PED_DEATH_COUNT","PED_SUSP_SERIOUS_INJ_COUNT","PERSON_COUNT","POLICE_AGCY","POSSIBLE_INJ_COUNT","RDWY_SURF_TYPE_CD","RELATION_TO_ROAD","ROADWAY_CLEARED","ROAD_CONDITION","SCH_BUS_IND","SCH_ZONE_IND","SECONDARY_CRASH","SMALL_TRUCK_COUNT","SPEC_JURIS_CD","SUSP_MINOR_INJ_COUNT","SUSP_SERIOUS_INJ_COUNT","SUV_COUNT","TCD_FUNC_CD","TCD_TYPE","TFC_DETOUR_IND","TIME_OF_DAY","TOTAL_UNITS","TOT_INJ_COUNT","UNBELTED_OCC_COUNT","UNB_DEATH_COUNT","UNB_SUSP_SERIOUS_INJ_COUNT","UNK_INJ_DEG_COUNT","UNK_INJ_PER_COUNT","URBAN_RURAL","VAN_COUNT","VEHICLE_COUNT","WEATHER1","WEATHER2","WORKERS_PRES","WORK_ZONE_IND","WORK_ZONE_LOC","WORK_ZONE_TYPE","WZ_CLOSE_DETOUR","WZ_FLAGGER","WZ_LAW_OFFCR_IND","WZ_LN_CLOSURE","WZ_MOVING","WZ_OTHER","WZ_SHLDER_MDN","WZ_WORKERS_INJ_KILLED"
"2022015354","0720","2","0","0","0","0","0","0","0","0","6","0","","67","2","2022","4","40.023053","-75.197344","0712","6","0","0","0","0","0","1","0","0","","0","0","0","","","0","N","0","","40 01:22.990","2","0","75 11:50.440","9","0","0","0","67301","0","0","0","N","0","0","0","2","67301","0","","1.0","15.0","2","N","N","N","0","","0","0","0","","0","N","","2","0","2","0","0","0","2","2","0","2","","","","N","","","","","","","","","",""
"2022030411","0942","0","0","0","0","0","0","0","0","0","1","0","","67","3","2022","1","40.018362","-75.167883","0937","6","0","0","0","0","0","2","0","0","","0","0","0","","","2","N","0","","40 01:06.104","","0","75 10:04.377","3","0","0","0","67301","0","0","0","N","0","0","0","2","67301","0","","1.0","","1","N","N","N","0","","2","0","2","","0","","","2","2","0","0","0","0","0","2","0","2","","","","N","","","","","","","","","",""
"2022032910","1050","1","0","0","0","0","0","0","0","0","4","0","","67","3","2022","1","39.989114","-75.243236","1037","6","0","0","0","0","0","1","0","1","","0","0","0","","","0","","1","","39 59:20.810","","0","75 14:35.649","0","0","0","0","67301","0","0","0","N","0","0","0","2","67301","0","","1.0","","1","N","N","N","0","","0","0","1","","3","","","2","0","0","0","0","0","0","2","0","2","","","","N","","","","","","","","","",""
"2022044060","1517","3","0","0","0","0","0","0","0","0","4","0","","67","4","2022","6","39.987805","-75.131566","1515","6","0","0","0","0","0","0","0","0","","1","0","0","","","1","","1","","39 59:16.097","","0","75 07:53.637","1","0","0","0","67301","0","0","0","N","0","0","0","2","67301","0","2","1.0","","1","N","N","N","0","0","1","0","0","","3","","","3","1","0","0","0","0","0","2","0","3","","","","N","","","","","","","","","",""
"2022029481","0232","1","0","0","0","0","0","0","0","0","1","0","","67","3","2022","3","39.907278","-75.141583","0232","6","0","0","0","0","0","0","0","0","","0","0","0","","","1","N","0","","39 54:26.200","3","3","75 08:29.700","8","0","0","0","67301","0","0","0","N","0","0","0","3","67501","0","","1.0","346.0","1","N","N","N","0","","0","0","2","","7","N","","3","1","0","0","0","1","0","2","0","3","","03","","N","","","","","","","","","",""
"2022023724","0932","1","0","0","0","0","0","0","0","0","1","0","","67","3","2022","4","40.105517","-75.000936","0928","6","0","0","0","0","0","1","0","0","","0","0","0","","","1","Y","0","","40 06:19.860","","0","75 00:03.368","3","0","0","0","67301","0","0","0","N","0","0","0","3","67301","0","","1.0","","1","N","N","N","1","","1","0","0","","2","","","3","1","2","0","0","0","1","2","1","3","","","","N","","","","","","","","","",""
"2022040192","0835","1","0","0","0","0","0","0","0","0","1","0","","67","3","2022","5","39.945659","-75.142312","0758","6","0","0","0","0","0","1","0","0","","0","0","0","","","0","N","0","","39 56:44.373","","0","75 08:32.324","0","0","0","0","67301","0","0","0","N","0","0","0","2","68K01","0","","1.0","","9","N","N","N","0","","0","0","1","","0","","","2","0","0","0","0","0","0","2","0","2","","07","","N","","","","","","","","","",""
"2022021605","0405","0","0","0","0","0","0","0","0","0","1","0","","67","2","2022","6","39.962374","-75.161469","0400","6","0","0","0","0","0","2","0","0","","0","0","0","","","2","","1","","39 57:44.547","","0","75 09:41.289","8","0","0","0","67301","0","0","0","N","0","0","0","2","67301","0","","1.0","","2","N","N","N","0","","0","0","2","","2","","","2","2","0","0","0","2","0","2","0","2","","06","","N","","","","","","","","","",""
"2022024526","1827","2","0","0","0","0","0","0","0","0","6","0","","67","3","2022","4","39.919755","-75.202482","1821","6","0","0","0","2","0","0","0","0","","0","0","0","","","0","N","0","","39 55:11.119","","3","75 12:08.935","9","0","0","0","67301","0","0","0","N","0","0","0","6","67301","0","","1.0","","9","N","N","N","0","","0","0","1","","0","","","3","0","0","0","0","0","4","2","0","3","","07","","N","","","","","","","","","",""
"2022022828","1550","0","0","0","0","0","0","0","0","0","8","0","","67","3","2022","7","39.9605","-75.188472","1545","6","0","0","0","1","0","0","0","0","","0","0","0","","","1","N","0","","39 57:37.800","","0","75 11:18.500","4","0","0","0","67301","1","0","0","N","1","0","0","2","67507","1","","1.0","","1","N","N","N","0","","0","0","1","","0","","","2","1","0","0","0","0","0","2","0","1","","","","N","","","","","","","","","",""
"2022029163","1000","1","0","0","0","0","0","0","0","0","4","0","","67","3","2022","3","40.077988","-75.086157","0950","6","0","0","0","0","0","1","1","0","","0","0","0","","","0","","2","","40 04:40.758","1","0","75 05:10.164","0","0","0","0","67301","0","0","0","N","0","0","0","2","67301","0","","1.0","1100.0","1","N","N","N","0","","0","0","1","","0","N","","2","0","0","0","0","0","0","2","0","2","","03","","N","","","","","","","","","",""
"2022040446","1346","1","0","0","0","0","0","0","0","0","1","0","","67","3","2022","1","40.021748","-75.040018","1320","6","0","0","0","0","0","0","0","0","","0","0","0","","","0","N","0","","40 01:18.294","2","0","75 02:24.065","0","0","0","0","67301","0","0","0","N","0","0","0","3","68K01","0","","1.0","1357.0","1","N","N","N","0","","0","0","1","","0","Y","","2","0","0","0","0","0","0","2","0","2","","","","N","","","","","","","","","",""
"2022029224","0915","2","0","1","0","0","0","0","0","0","5","0","","67","3","2022","3","40.029738","-75.08785","0912","6","0","0","0","1","0","1","0","1","","0","0","0","","","3","Y","0","","40 01:47.058","1","0","75 05:16.261","2","0","0","0","67301","0","0","0","N","0","0","0","3","67301","1","","1.0","1010.0","1","N","N","N","1","","1","1","0","","2","Y","","3","3","1","0","0","0","0","2","0","3","","03","","N","","","","","","","","","",""
"2022029195","0828","0","0","0","0","0","0","0","0","0","8","0","","67","3","2022","4","39.952667","-75.176972","0828","6","0","0","0","0","0","0","0","0","","0","0","0","","","1","N","0","","39 57:09.600","","0","75 10:37.100","3","0","0","0","67301","1","0","0","N","1","0","0","2","67301","0","","1.0","","1","N","N","N","0","","1","0","1","","0","","","2","1","0","0","0","0","0","2","0","1","","03","","N","","","","","","","","","",""
"2022015624","1720","0","0","0","0","0","0","0","0","0","8","0","","67","2","2022","6","39.985607","-75.156292","1718","6","0","0","0","0","1","0","0","0","","0","0","0","","","1","N","0","","39 59:08.184","","0","75 09:22.650","8","0","0","0","67301","2","0","0","N","2","0","0","3","67505","0","","1.0","","1","N","N","N","0","","0","0","1","","0","","","3","1","0","0","0","1","0","2","0","1","","03","","N","","","","","","","","","",""
"2022043811","0603","1","0","0","0","0","0","0","0","0","1","0","","67","4","2022","7","39.933434","-75.145697","0601","6","0","0","0","0","0","1","0","0","","0","0","0","","","2","","2","","39 56:00.364","","0","75 08:44.509","4","0","0","1","67301","0","0","0","N","0","0","0","5","67301","2","","1.0","","1","N","N","Y","0","","0","0","1","","2","","","3","2","0","0","0","0","0","2","0","3","","03","","N","","","","","","","","","",""
"2022052335","2000","1","0","0","0","0","0","0","0","0","4","0","","67","6","2022","7","39.964856","-75.195156","2000","6","0","0","0","0","0","0","0","0","","0","0","0","","","0","N","0","","39 57:53.480","","0","75 11:42.560","9","0","0","0","67301","0","0","0","N","0","0","0","2","67301","0","","6.0","","1","N","N","N","0","","0","0","1","","0","","","2","0","0","0","0","0","2","2","0","2","","03","","N","","","","","","","","","",""
"2022026501","0549","1","0","0","0","0","0","0","0","0","7","0","","67","3","2022","1","40.037204","-75.136434","0547","6","0","1","0","0","0","0","0","0","","0","0","0","","","3","","3","","40 02:13.933","","0","75 08:11.164","2","0","0","0","67301","0","0","0","N","0","0","0","3","67301","0","","4.0","","3","N","N","N","0","","1","2","0","","0","","","1","3","0","0","0","0","0","2","0","1","","98","","N","","","","","","","","","",""
"2022023276","2131","2","0","0","0","0","0","0","0","0","5","0","","67","2","2022","2","40.009345","-75.20949","2130","6","0","0","0","0","0","1","0","0","","0","0","0","","","2","","6","","40 00:33.642","2","2","75 12:34.165","3","0","0","0","67301","0","0","0","N","0","0","0","3","46104","0","","1.0","2232.0","1","N","N","N","0","","2","0","0","","2","N","","2","2","0","0","0","0","1","2","0","2","","","","N","","","","","","","","","",""
"2022019988","1732","0","0","0","0","0","0","0","0","0","7","0","","67","2","2022","4","39.964334","-75.19985","1726","6","0","0","1","0","0","0","0","0","","0","0","0","","","1","","1","","39 57:51.602","","0","75 11:59.459","8","0","0","0","67301","1","0","0","N","1","0","0","2","67301","0","","4.0","","1","N","N","N","0","","0","0","1","","3","","","2","1","1","0","0","1","0","2","0","1","","","","N","","","","","","","","","",""
"2022045512","1036","0","0","0","0","0","0","0","0","0","1","1","","67","5","2022","3","39.981552","-75.207188","1036","6","0","0","0","0","0","1","0","0","","0","1","0","","","1","N","0","","39 58:53.587","3","0","75 12:25.876","3","0","0","0","67301","0","0","0","N","0","0","0","3","68K01","0","","1.0","1100.0","1","N","N","N","0","","1","0","1","","0","N","","3","1","0","0","0","0","0","2","1","3","","","","N","","","","","","","","","",""
"2022020293","1011","0","0","0","0","0","0","0","0","0","4","0","","67","2","2022","2","39.981503","-75.226183","1009","6","0","0","0","0","0","0","0","1","","0","0","0","","","1","","1","","39 58:53.410","","0","75 13:34.260","4","0","0","0","67301","0","0","0","N","0","0","0","2","67301","1","","1.0","","1","N","N","N","0","","0","0","2","","0","","","2","1","0","0","0","0","0","2","0","2","","03","","N","","","","","","","","","",""
"2022044038","1935","1","0","0","1","0","0","0","0","0","8","0","","67","4","2022","2","40.010472","-75.09675","1930","6","0","0","0","0","0","0","0","0","","0","0","0","","","1","","1","","40 00:37.700","","0","75 05:48.300","4","0","0","0","67301","1","0","0","N","0","0","0","2","67301","1","","1.0","","1","N","N","N","0","","0","0","0","","0","","","2","1","1","0","0","0","0","2","0","1","","03","","N","","","","","","","","","",""
"2022032904","0143","2","0","0","0","0","0","0","0","0","2","0","","67","4","2022","6","39.949103","-75.228444","0143","6","0","0","0","0","0","0","0","0","","0","0","0","","","1","N","0","","39 56:56.770","6","0","75 13:42.400","3","0","0","0","67301","0","0","0","N","0","0","0","1","67301","0","","6.0","400.0","9","N","N","N","2","","1","0","0","","0","Y","","4","1","0","0","0","0","0","2","0","4","","07","","N","","","","","","","","","",""
"2022029251","1630","0","0","0","0","0","0","0","0","0","4","0","","67","3","2022","4","40.015043","-75.135168","1630","6","0","0","0","1","0","0","0","0","","0","0","0","","","1","","1","","40 00:54.154","","0","75 08:06.604","3","0","0","1","67301","0","0","0","N","0","0","0","2","67301","0","","1.0","","1","N","N","N","0","","1","0","0","","2","","","2","1","0","0","0","0","0","2","1","2","","03","","N","","","","","","","","","",""
"2022037959","1400","0","0","0","1","0","0","0","0","0","8","0","","67","4","2022","6","39.978511","-75.156685","1355","6","0","0","0","0","0","0","0","0","","0","0","0","","","1","","2","","39 58:42.639","","0","75 09:24.066","3","0","0","0","67301","1","0","0","N","0","0","0","2","67505","0","","1.0","","1","N","N","N","0","","1","0","1","","4","N","","2","1","0","0","0","0","0","2","0","1","","","","N","","","","","","","","","",""
"2022043876","1518","1","0","0","0","0","0","0","0","0","1","0","","67","4","2022","6","39.946838","-75.235681","1518","6","0","0","0","0","0","0","0","0","","0","0","0","","","0","N","0","","39 56:48.616","","0","75 14:08.452","0","0","0","0","67301","0","0","0","N","0","0","0","1","67301","0","","4.0","","1","N","N","N","1","","0","0","0","","7","","","2","0","1","0","0","0","0","2","0","2","","03","","N","","","","","","","","","",""
"2022027978","1616","0","0","0","0","0","0","0","0","0","1","0","","67","2","2022","6","40.004046","-75.076729","1540","6","0","0","0","0","0","1","0","0","","0","0","0","","","0","","6","","40 00:14.567","1","2","75 04:36.225","0","0","0","0","67301","0","0","0","N","0","0","0","2","68K01","0","","7.0","1616.0","1","N","N","N","1","","0","0","0","","4","Y","","2","0","0","0","0","0","0","2","1","2","","","","N","","","","","","","","","",""
"2022037860","1533","1","0","0","0","0","0","0","0","0","7","0","","67","4","2022","2","39.908556","-75.157194","1531","6","0","0","0","0","0","1","0","0","","0","0","0","","","0","N","0","","39 54:30.800","","2","75 09:25.900","0","0","0","0","67301","0","0","0","N","0","0","0","1","67501","0","","4.0","","9","N","N","N","0","","0","0","0","","8","","","1","0","0","0","0","0","0","2","0","1","","","","N","","","","","","","","","",""
"2022043999","2152","3","0","0","0","0","0","0","0","0","4","0","","67","5","2022","4","39.990614","-75.165214","2150","6","0","0","0","0","0","0","0","0","","0","0","0","","","0","N","0","","39 59:26.210","4","0","75 09:54.770","0","0","0","0","67301","0","0","0","N","0","0","0","1","67301","0","","1.0","2245.0","1","N","N","N","0","","0","0","0","","0","Y","","3","0","0","0","0","0","0","2","0","3","","","","N","","","","","","","","","",""
"2022029783","2256","1","0","0","0","0","0","0","0","0","8","0","","67","3","2022","5","39.969664","-75.211523","2256","6","0","0","0","0","0","0","0","0","","0","0","0","","","1","","1","","39 58:10.789","","0","75 12:41.484","3","0","0","0","67301","1","0","0","N","1","0","0","2","67301","0","","1.0","","9","N","N","N","0","","1","0","0","","2","","","2","1","0","0","0","0","0","2","0","1","","","","N","","","","","","","","","",""
"2022025048","2139","1","0","0","0","0","0","0","0","0","4","0","","67","3","2022","3","39.961265","-75.175095","2138","6","0","0","0","0","0","0","0","0","","0","0","0","","","0","","1","","39 57:40.553","4","0","75 10:30.342","9","0","0","0","67301","0","0","0","N","0","0","0","2","67301","0","","1.0","2200.0","1","N","N","N","0","","0","0","1","","2","N","","2","0","0","0","0","0","2","2","0","2","","03","","N","","","","","","","","","",""
"2022047212","2145","1","0","0","0","0","0","0","0","0","1","0","","67","4","2022","5","40.00678","-75.132143","2145","6","0","0","1","0","0","0","0","0","","0","0","0","","","3","","2","","40 00:24.409","","0","75 07:55.714","3","0","0","0","67301","0","0","0","N","0","0","0","3","67301","0","","1.0","","1","N","N","N","1","","3","0","0","","3","","","2","3","0","0","0","0","0","2","0","2","","03","","N","","","","","","","","","",""
"2022048293","0131","1","0","0","0","0","0","0","0","0","7","0","","67","5","2022","1","40.041319","-75.106723","0123","6","0","0","0","0","0","0","0","0","","0","0","0","","","0","","1","","40 02:28.749","","0","75 06:24.204","9","0","0","0","67301","0","0","0","N","0","0","0","1","67301","0","","2.0","","1","N","N","N","0","","0","0","0","","2","","","1","0","0","0","0","0","1","2","0","1","","","","N","","","","","","","","","",""
"2022032897","0439","2","0","0","0","0","0","0","0","0","4","0","","67","4","2022","7","40.028549","-75.057919","0434","6","0","0","0","0","0","1","0","0","","0","0","0","","","1","","1","","40 01:42.775","","0","75 03:28.507","3","0","0","0","67301","0","0","0","N","0","0","0","2","67301","0","","1.0","","1","N","N","N","0","","1","0","0","","2","","","2","1","0","0","0","0","0","2","0","2","","03","","N","","","","","","","","","",""
"2022045300","1840","2","0","0","0","0","0","0","0","0","2","0","","67","5","2022","7","40.070003","-75.162742","1822","6","0","0","0","0","0","0","0","0","","0","0","0","","","0","","1","","40 04:12.010","","0","75 09:45.872","0","0","0","0","67301","0","0","0","N","0","0","0","1","67301","0","","1.0","","9","N","N","N","0","","0","0","1","","2","","","3","0","1","0","0","0","0","2","0","3","","07","","N","","","","","","","","","",""
"2022038511","1736","1","0","0","0","0","0","0","0","0","1","0","","67","3","2022","4","39.94295","-75.193131","1729","6","0","0","0","0","0","2","0","0","","0","0","0","","","0","N","0","","39 56:34.620","3","3","75 11:35.270","0","0","0","0","67301","0","0","0","N","0","0","0","2","68K01","0","","1.0","1800.0","1","N","N","N","1","","0","0","0","","0","N","","2","0","0","0","0","0","0","2","0","2","","","","N","","","","","","","","","",""
"2022014837","1110","1","0","0","0","0","0","0","0","0","8","0","","67","2","2022","4","39.983269","-75.125828","1102","6","0","0","0","0","0","0","0","0","","0","0","0","","","1","","1","","39 58:59.767","","0","75 07:32.979","8","0","0","0","67301","1","0","0","N","1","0","0","2","67301","0","","1.0","","1","N","N","N","0","","0","0","0","","2","","","2","1","1","0","0","1","0","2","0","1","","03","","N","","","","","","","","","",""
"2022044099","1043","2","0","0","0","0","0","0","0","0","5","0","","67","5","2022","3","40.027322","-75.14719","1041","6","0","0","0","0","0","0","1","0","","0","0","0","","","1","N","0","","40 01:38.360","","0","75 08:49.884","3","0","0","0","67301","0","0","0","N","0","0","0","2","67301","0","","1.0","","1","N","N","N","0","","1","0","1","","0","","","3","1","0","0","0","0","0","2","0","3","","03","","N","","","","","","","","","",""
"2022019554","1855","0","0","0","0","0","0","0","0","0","4","0","","67","2","2022","6","39.915495","-75.161322","1852","6","0","0","0","1","0","1","0","0","","0","0","0","","","1","","1","","39 54:55.783","","0","75 09:40.760","3","0","0","0","67301","0","0","0","N","0","0","0","2","67301","0","","1.0","","1","N","N","N","0","","1","0","1","","2","","","2","1","0","0","0","0","1","2","1","2","","03","","N","","","","","","","","","",""
"2022015816","0046","2","0","0","0","0","0","0","0","0","1","0","","67","2","2022","7","39.995072","-75.138486","0044","6","0","0","0","0","0","0","0","0","","0","0","0","","","2","N","0","","39 59:42.260","","0","75 08:18.550","2","0","0","0","67301","0","0","0","N","0","0","0","2","67301","0","","6.0","","1","N","N","N","1","","1","1","0","","0","","","3","2","0","0","0","0","0","2","0","3","","03","","N","","","","","","","","","",""
"2022050552","0241","2","0","0","0","0","0","0","0","0","1","0","","67","5","2022","1","39.97758","-75.212933","0237","6","0","0","0","0","0","1","0","0","","0","0","0","","","0","","1","","39 58:39.289","","0","75 12:46.559","0","0","0","0","67301","0","0","0","N","0","0","0","2","67301","0","","1.0","","1","N","N","N","0","","0","0","0","","2","","","2","0","0","0","0","0","0","2","0","2","","03","","N","","","","","","","","","",""
"2022047382","0440","1","0","0","0","0","0","0","0","0","0","0","","67","4","2022","7","39.97319","-75.159004","0439","6","0","0","0","0","0","0","0","0","","0","0","0","","","0","","1","","39 58:23.483","1","0","75 09:32.415","0","0","0","0","67301","0","0","0","N","0","0","0","1","67301","0","","1.0","500.0","1","N","N","N","0","","0","0","0","","2","Y","","2","0","0","0","0","0","0","2","0","1","","04","","N","","","","","","","","","",""
"2022032935","0934","0","0","0","0","0","0","0","0","0","4","0","","67","3","2022","5","40.051992","-75.129109","0932","6","0","0","0","0","0","1","0","0","","0","0","0","","","2","","1","","40 03:07.171","","0","75 07:44.792","4","0","0","0","67301","0","0","0","N","0","0","0","2","67301","2","","1.0","","1","N","N","Y","0","","0","0","3","","0","","","3","2","0","0","0","0","0","2","0","3","","04","","N","","","","","","","","","",""
"2022040444","1443","2","0","0","0","0","0","0","0","0","1","0","","67","3","2022","7","40.005953","-75.074935","1422","6","0","0","0","0","0","1","0","0","","0","0","0","","","1","N","0","","40 00:21.431","","0","75 04:29.765","3","0","0","0","67301","0","0","0","N","0","0","0","2","68K01","0","","1.0","","1","N","N","N","0","","1","0","0","","0","","","2","1","0","0","0","0","0","2","0","2","","","","N","","","","","","","","","",""
"2022043897","1015","0","0","0","0","0","0","0","0","0","1","0","","67","4","2022","4","40.041056","-75.1875","1004","6","0","0","0","0","0","1","0","0","","0","0","0","","","1","N","0","","40 02:27.800","2","0","75 11:15.000","3","0","0","0","67301","0","0","0","N","0","0","0","2","67301","0","","1.0","1025.0","1","N","N","N","1","","1","0","1","","0","N","","2","1","0","0","0","0","0","2","0","2","","04","","N","","","","","","","","","",""
"2022023760","2112","0","0","0","0","0","0","0","0","0","4","0","","67","2","2022","2","39.95275","-75.232483","2112","6","0","0","0","0","0","0","0","0","","0","0","0","","","1","","1","","39 57:09.900","","0","75 13:56.938","4","0","0","0","67301","0","0","0","N","0","0","0","2","67301","1","","1.0","","1","N","N","N","0","","0","0","2","","3","","","2","1","2","0","0","0","1","2","0","2","","03","","N","","","","","","","","","",""
"2022031227","1625","0","0","0","0","0","0","0","0","0","4","0","","67","3","2022","1","39.964866","-75.22609","1621","6","0","0","0","0","0","0","0","0","","0","0","0","","","0","","5","","39 57:53.517","","0","75 13:33.924","9","0","0","0","67301","0","0","0","N","0","0","0","2","67301","0","","1.0","","1","N","N","N","0","","0","0","1","","2","","","2","0","0","0","0","0","1","2","1","2","","03","","N","","","","","","","","","",""
"2022032884","1709","2","0","0","0","0","0","0","0","0","4","0","","67","4","2022","6","40.046278","-75.192355","1707","6","0","1","0","0","0","0","1","0","","0","0","0","","","1","","1","","40 02:46.600","","0","75 11:32.477","3","0","0","0","67301","0","0","0","N","0","0","0","3","67301","0","","1.0","","1","N","N","N","0","","1","0","1","","2","","","3","1","1","0","0","0","0","2","0","3","","03","","N","","","","","","","","","",""
"2022047666","0050","2","0","0","0","0","0","0","0","0","4","0","","67","5","2022","6","40.026273","-75.11717","0042","6","0","0","1","0","0","0","0","0","","0","0","0","","","0","","1","","40 01:34.581","","0","75 07:01.811","0","0","0","0","67301","0","0","0","N","0","0","0","4","67301","0","","1.0","","1","N","N","N","0","","0","0","0","","2","","","2","0","0","0","0","0","0","2","0","2","","03","","N","","","","","","","","","",""
"2022023751","0854","1","0","0","0","0","0","0","0","0","6","0","","67","3","2022","2","40.070181","-75.180496","0848","6","0","0","0","0","0","0","1","0","","0","0","0","","","1","","1","","40 04:12.650","","0","75 10:49.787","4","0","0","0","67301","0","0","0","N","0","0","0","3","67301","1","","1.0","","1","N","N","N","0","","0","0","2","","2","","","3","1","0","0","0","0","0","2","0","3","","03","","N","","","","","","","","","",""
"2022044012","0223","2","0","0","0","0","0","0","0","0","4","0","","67","2","2022","1","40.001366","-75.114471","0223","6","0","0","0","0","0","0","0","0","","0","0","0","","","0","","1","","40 00:04.917","3","0","75 06:52.095","9","0","0","0","67301","0","0","0","N","0","0","0","2","67301","0","","1.0","226.0","9","N","N","N","0","","0","0","0","","2","N","","2","0","0","0","0","0","1","2","0","2","","07","","N","","","","","","","","","",""
"2022026777","2047","0","0","0","0","0","0","0","0","0","8","0","","67","3","2022","3","40.045603","-75.165033","2047","6","0","0","0","0","0","0","0","0","","0","0","0","","","1","N","0","","40 02:44.169","5","0","75 09:54.118","3","0","0","0","67301","1","0","0","N","1","0","0","2","67301","0","","1.0","2140.0","1","N","N","N","0","","1","0","1","","0","Y","","2","1","0","0","0","0","0","2","0","1","","03","","N","","","","","","","","","",""
"2022037090","0746","2","0","0","0","0","0","0","0","0","1","0","","67","3","2022","5","40.021726","-75.040556","0738","6","0","0","0","0","0","0","0","0","","0","0","0","","","1","N","0","","40 01:18.213","2","2","75 02:26.003","8","0","0","0","67301","0","0","0","N","0","0","0","3","68K01","0","","1.0","750.0","9","N","N","N","0","","0","0","1","","0","N","","3","1","0","0","0","1","1","2","0","3","","","","N","","","","","","","","","",""
"2022039315","2251","1","0","0","0","0","0","0","0","0","7","0","","67","4","2022","3","39.96233","-75.189802","2245","6","0","0","0","0","0","0","0","0","","0","0","0","","","0","","1","","39 57:44.387","","0","75 11:23.287","0","0","0","0","67301","0","0","0","N","0","0","0","1","67507","0","","5.0","","9","N","N","N","0","","0","0","0","","3","","","2","0","0","0","0","0","0","2","0","1","","07","","N","","","","","","","","","",""
"2022021351","0333","0","0","0","0","0","0","0","0","0","1","0","","67","2","2022","2","40.031831","-75.105601","0328","6","0","0","0","0","0","0","0","0","","0","0","0","","","1","","2","","40 01:54.593","7","0","75 06:20.165","3","0","0","0","67301","0","0","0","N","0","0","0","2","67301","0","","1.0","500.0","1","N","N","N","0","","1","0","2","","2","Y","","2","1","0","0","0","0","0","2","0","2","","03","","N","","","","","","","","","",""
"2022047238","0537","1","0","0","0","0","0","0","0","0","4","0","","67","5","2022","3","40.049044","-75.094661","0533","6","0","0","0","0","0","0","0","0","","0","0","0","","","2","","1","","40 02:56.557","","0","75 05:40.778","3","0","0","0","67301","0","0","0","N","0","0","0","3","67301","0","","1.0","","9","N","N","Y","1","","2","0","1","","3","","","3","2","0","0","0","0","0","2","0","3","","","","N","","","","","","","","","",""
"2022032694","2019","1","0","0","0","0","0","0","0","0","5","0","","67","3","2022","6","39.946304","-75.142174","2008","6","0","0","0","0","0","0","0","0","","0","0","0","","","0","N","0","","39 56:46.693","1","0","75 08:31.827","0","0","0","0","67301","0","0","0","N","0","0","0","2","68K01","0","","1.0","2040.0","1","N","N","N","0","","0","0","1","","0","N","","2","0","0","0","0","0","0","2","0","2","","03","","N","","","","","","","","","",""
"2022051972","2035","1","0","0","0","0","0","0","0","0","4","1","","67","6","2022","6","40.028579","-75.033945","2030","6","0","0","0","0","0","0","0","0","","0","1","0","","","0","","1","","40 01:42.885","","0","75 02:02.202","9","0","0","0","67301","0","0","0","N","0","0","0","2","67301","0","","1.0","","1","N","N","N","0","","0","0","0","","2","","","2","0","0","0","0","0","1","2","0","2","","03","","N","","","","","","","","","",""
"2022023747","1927","1","0","0","0","0","0","0","0","0","4","0","","67","3","2022","7","40.071424","-75.161269","1925","6","0","0","0","0","0","0","0","0","","0","0","0","","","0","","5","","40 04:17.125","","0","75 09:40.567","0","0","0","0","67301","0","0","0","N","0","0","0","5","67301","0","","1.0","","1","N","N","N","0","","0","0","1","","2","","","2","0","5","0","0","0","0","2","0","2","","03","","N","","","","","","","","","",""
"2022029229","1226","1","0","0","0","0","0","0","0","0","5","1","","67","3","2022","3","39.936792","-75.179289","1225","6","0","0","0","0","0","0","0","0","","0","1","0","","","1","N","0","","39 56:12.450","","0","75 10:45.440","3","0","0","0","67301","0","0","0","N","0","0","0","2","67301","0","","6.0","","1","N","N","N","0","","1","0","0","","0","","","2","1","0","0","0","0","0","2","0","2","","","","N","","","","","","","","","",""