"CRN","ARRIVAL_TM","AUTOMOBILE_COUNT","BELTED_DEATH_COUNT","BELTED_SUSP_SERIOUS_INJ_COUNT","BICYCLE_COUNT","BICYCLE_DEATH_COUNT","BICYCLE_SUSP_SERIOUS_INJ_COUNT","BUS_COUNT","CHLDPAS_DEATH_COUNT","CHLDPAS_SUSP_SERIOUS_INJ_COUNT","COLLISION_TYPE","COMM_VEH_COUNT","CONS_ZONE_SPD_LIM","COUNTY","CRASH_MONTH","CRASH_YEAR","DAY_OF_WEEK","DEC_LATITUDE","DEC_LONGITUDE","DISPATCH_TM","DISTRICT","DRIVER_COUNT_16YR","DRIVER_COUNT_17YR","DRIVER_COUNT_18YR","DRIVER_COUNT_19YR","DRIVER_COUNT_20YR","DRIVER_COUNT_50_64YR","DRIVER_COUNT_65_74YR","DRIVER_COUNT_75PLUS","EST_HRS_CLOSED","FATAL_COUNT","HEAVY_TRUCK_COUNT","HORSE_BUGGY_COUNT","HOUR_OF_DAY","ILLUMINATION","INJURY_COUNT","INTERSECTION_RELATED","INTERSECT_TYPE","LANE_CLOSED","LATITUDE","LN_CLOSE_DIR","LOCATION_TYPE","LONGITUDE","MAX_SEVERITY_LEVEL","MCYCLE_DEATH_COUNT","MCYCLE_SUSP_SERIOUS_INJ_COUNT","MOTORCYCLE_COUNT","MUNICIPALITY","NONMOTR_COUNT","NONMOTR_DEATH_COUNT","NONMOTR_SUSP_SERIOUS_INJ_COUNT","NTFY_HIWY_MAINT","PED_COUNT","PED_DEATH_COUNT","PED_SUSP_SERIOUS_INJ_COUNT","PERSON_COUNT","POLICE_AGCY","POSSIBLE_INJ_COUNT","RDWY_SURF_TYPE_CD","RELATION_TO_ROAD","ROADWAY_CLEARED","ROAD_CONDITION","SCH_BUS_IND","SCH_ZONE_IND","SECONDARY_CRASH","SMALL_TRUCK_COUNT","SPEC_JURIS_CD","SUSP_MINOR_INJ_COUNT","SUSP_SERIOUS_INJ_COUNT","SUV_COUNT","TCD_FUNC_CD","TCD_TYPE","TFC_DETOUR_IND","TIME_OF_DAY","TOTAL_UNITS","TOT_INJ_COUNT","UNBELTED_OCC_COUNT","UNB_DEATH_COUNT","UNB_SUSP_SERIOUS_INJ_COUNT","UNK_INJ_DEG_COUNT","UNK_INJ_PER_COUNT","URBAN_RURAL","VAN_COUNT","VEHICLE_COUNT","WEATHER1","WEATHER2","WORKERS_PRES","WORK_ZONE_IND","WORK_ZONE_LOC","WORK_ZONE_TYPE","WZ_CLOSE_DETOUR","WZ_FLAGGER","WZ_LAW_OFFCR_IND","WZ_LN_CLOSURE","WZ_MOVING","WZ_OTHER","WZ_SHLDER_MDN","WZ_WORKERS_INJ_KILLED"
"2022050703","1051","0","0","0","0","0","0","0","0","0","4","0","","67","6","2022","4","40.099205","-75.030173","1041","6","0","0","0","0","0","0","1","1","","0","0","0","","","1","N","0","","40 05:57.138","1","7","75 01:48.623","3","0","0","0","67301","0","0","0","N","0","0","0","2","67301","0","","1.0","1148.0","1","N","N","N","1","","1","0","1","","0","N","","2","1","0","0","0","0","0","2","0","2","","03","","N","","","","","","","","","",""
"2022045285","1530","1","0","0","0","0","0","0","0","0","4","0","","67","5","2022","7","39.915662","-75.161932","1525","6","0","0","0","0","0","1","1","0","","0","0","0","","","1","","2","","39 54:56.384","","0","75 09:42.956","3","0","0","0","67301","0","0","0","N","0","0","0","2","67301","0","","1.0","","9","N","N","N","0","","1","0","1","","3","","","2","1","0","0","0","0","0","2","0","2","","04","","N","","","","","","","","","",""
"2022026974","2330","1","0","0","0","0","0","0","0","0","8","0","","67","3","2022","3","40.024521","-75.16608","2327","6","0","0","0","0","0","0","0","0","","0","0","0","","","1","","2","","40 01:28.275","","0","75 09:57.888","8","0","0","0","67301","1","0","0","N","1","0","0","2","67301","0","","1.0","","1","N","N","N","0","","0","0","0","","2","","","2","1","0","0","0","1","0","2","0","1","","03","","N","","","","","","","","","",""
"2022024912","1302","0","0","0","0","0","0","0","0","0","4","0","","67","3","2022","1","39.917902","-75.179294","1259","6","0","0","0","0","0","1","0","0","","0","0","0","","","2","","1","","39 55:04.447","","0","75 10:45.458","2","0","0","0","67301","0","0","0","N","0","0","0","8","67301","0","","1.0","","9","N","N","N","0","","0","1","2","","2","","","2","2","0","0","0","1","0","2","0","2","","04","","N","","","","","","","","","",""
"2022044028","1504","1","0","0","0","0","0","0","0","0","4","0","","67","4","2022","2","40.014875","-75.109327","1504","6","0","0","0","0","1","0","0","0","","0","0","0","","","1","","1","","40 00:53.549","","0","75 06:33.577","3","0","0","0","67301","0","0","0","N","0","0","0","5","67301","0","","1.0","","1","N","N","N","0","","1","0","2","","3","","","3","1","0","0","0","0","1","2","0","3","","","","N","","","","","","","","","",""
"2022046312","1620","0","0","0","0","0","0","0","0","0","7","0","","67","5","2022","1","40.041342","-75.233939","1612","6","0","0","0","0","0","1","0","0","","0","0","0","","","1","N","0","","40 02:28.830","","0","75 14:02.180","3","0","0","0","67301","0","0","0","N","0","0","0","1","67301","0","","4.0","","1","N","N","N","0","","1","0","1","","0","","","1","1","0","0","0","0","0","2","0","1","","03","","N","","","","","","","","","",""
"2022026200","1705","0","0","0","1","0","0","0","0","0","5","0","","67","3","2022","5","39.938341","-75.166706","1700","6","0","0","0","0","0","0","0","0","","0","0","0","","","1","N","0","","39 56:18.027","","0","75 10:00.143","3","0","0","0","67301","1","0","0","N","0","0","0","3","67301","0","","1.0","","1","N","N","N","0","","1","0","1","","0","","","3","1","0","0","0","0","0","2","1","2","","03","","N","","","","","","","","","",""
"2022047306","0803","2","0","0","0","0","0","0","0","0","2","0","","67","5","2022","6","40.080757","-75.028601","0757","6","0","0","0","0","0","0","0","0","","0","0","0","","","2","","5","","40 04:50.725","1","0","75 01:42.964","3","0","0","0","67301","0","0","0","N","0","0","0","2","67301","0","","1.0","824.0","1","N","N","Y","0","","2","0","0","","2","Y","","2","2","0","0","0","0","0","2","0","2","","","","N","","","","","","","","","",""
"2022032900","2120","1","0","0","0","0","0","0","0","0","8","0","","67","3","2022","5","39.964959","-75.224574","2112","6","0","0","0","0","0","0","0","0","","0","0","0","","","1","","1","","39 57:53.852","","0","75 13:28.466","3","0","0","0","67301","1","0","0","N","1","0","0","2","67301","0","","1.0","","9","N","N","N","0","","1","0","0","","2","","","2","1","0","0","0","0","0","2","0","1","","07","","N","","","","","","","","","",""
"2022019613","2125","2","0","0","0","0","0","0","0","0","4","0","","67","2","2022","1","40.007912","-75.085214","2120","6","0","0","0","0","1","0","0","0","","0","0","0","","","1","","2","","40 00:28.484","","0","75 05:06.771","3","0","0","0","67301","0","0","0","N","0","0","0","2","67301","0","","1.0","","1","N","N","N","0","","1","0","1","","3","","","3","1","2","0","0","0","0","2","0","3","","03","","N","","","","","","","","","",""
"2022048597","0449","1","0","0","0","0","0","0","0","0","7","0","","67","4","2022","7","39.899053","-75.168371","0439","6","0","0","0","0","0","0","0","0","","0","0","0","","","1","N","0","","39 53:56.589","2","0","75 10:06.135","3","0","0","0","67301","0","0","0","N","0","0","0","2","68K02","0","","4.0","500.0","1","N","N","N","0","","1","0","0","","0","N","","1","1","0","0","0","0","0","2","0","1","","","","N","","","","","","","","","",""
"2022039359","1250","0","0","0","0","0","0","0","0","0","1","0","","67","3","2022","6","39.922654","-75.191066","1228","6","0","0","0","0","0","0","1","0","","0","0","0","","","0","N","0","","39 55:21.556","4","0","75 11:27.839","0","0","0","0","67301","0","0","0","N","0","0","0","4","68K01","0","","1.0","1315.0","1","N","N","N","0","","0","0","3","","0","N","","3","0","0","0","0","0","0","2","0","3","","03","","N","","","","","","","","","",""
"2022025397","0105","1","0","0","0","0","0","0","0","0","4","0","","67","3","2022","4","40.004698","-75.077573","0100","6","0","0","0","0","0","0","0","0","","0","0","0","","","0","","1","","40 00:16.912","","0","75 04:39.262","0","0","0","0","67301","0","0","0","N","0","0","0","2","67301","0","","1.0","","1","N","N","N","0","","0","0","0","","0","","","2","0","0","0","0","0","0","2","0","2","","","","N","","","","","","","","","",""
"2022015196","1005","0","0","0","0","0","0","0","0","0","4","0","","67","2","2022","3","40.008237","-75.090412","0947","6","0","0","0","0","0","1","0","0","","0","0","0","","","1","N","0","","40 00:29.653","5","0","75 05:25.482","4","0","0","0","67301","0","0","0","N","0","0","0","2","67301","1","","1.0","1145.0","1","N","N","N","1","","0","0","0","","0","N","","2","1","1","0","0","0","0","2","1","2","","03","","N","","","","","","","","","",""
"2022019627","2115","2","0","0","0","0","0","0","0","0","4","0","","67","2","2022","7","39.952989","-75.234525","2115","6","0","0","0","0","0","0","0","0","","0","0","0","","","0","","1","","39 57:10.760","","0","75 14:04.290","0","0","0","0","67301","0","0","0","N","0","0","0","1","67301","0","","1.0","","1","N","N","Y","0","","0","0","2","","3","","","4","0","0","0","0","0","0","2","0","4","","","","N","","","","","","","","","",""
"2022030978","1710","2","0","0","0","0","0","0","0","0","5","0","","67","3","2022","2","40.058267","-75.026888","1705","6","0","0","0","0","0","0","0","0","","0","0","0","","","1","","2","","40 03:29.761","","0","75 01:36.796","8","0","0","0","67301","0","0","0","N","0","0","0","2","67301","0","","1.0","","1","N","N","N","0","","0","0","0","","0","","","2","1","0","0","0","1","0","2","0","2","","04","","N","","","","","","","","","",""
"2022053204","0315","0","0","0","0","0","0","0","0","0","8","0","","67","4","2022","1","39.972373","-75.166494","0315","6","0","0","0","0","0","0","0","0","","0","0","0","","","1","","5","","39 58:20.544","","0","75 09:59.380","3","0","0","0","67301","1","0","0","N","1","0","0","2","67301","0","","1.0","","1","N","N","N","0","","1","0","0","","2","","","2","1","0","0","0","0","0","2","0","1","","03","","N","","","","","","","","","",""
"2022029188","2053","1","0","0","0","0","0","0","0","0","5","0","","67","3","2022","1","40.081131","-75.080792","2037","6","0","0","0","0","0","0","0","0","","0","0","0","","","0","N","0","","40 04:52.070","","0","75 04:50.850","0","0","0","0","67301","0","0","0","N","0","0","0","1","67301","0","","6.0","","1","N","N","N","0","","0","0","1","","0","","","2","0","0","0","0","0","0","2","0","2","","03","","N","","","","","","","","","",""
"2022032920","1156","0","0","0","0","0","0","0","0","0","8","0","","67","3","2022","6","40.006997","-75.098781","1151","6","0","0","0","0","0","1","0","0","","0","0","0","","","1","N","0","","40 00:25.190","","0","75 05:55.613","3","0","0","0","67301","1","0","0","N","1","0","0","2","67301","0","","6.0","","1","N","N","N","1","","1","0","0","","0","","","2","1","0","0","0","0","0","2","0","1","","03","","N","","","","","","","","","",""
"2022052199","1803","1","0","0","0","0","0","0","0","0","7","0","","67","5","2022","7","39.973899","-75.118095","1758","6","0","0","0","0","0","0","0","0","","0","0","0","","","0","N","0","","39 58:26.036","","0","75 07:05.143","9","0","0","0","67301","0","0","0","N","0","0","0","1","67301","0","","2.0","","1","N","N","N","0","","0","0","0","","0","","","1","0","0","0","0","0","1","2","0","1","","","","N","","","","","","","","","",""
"2022032896","1655","0","0","0","0","0","0","0","0","0","1","0","","67","4","2022","6","40.017731","-75.068408","1639","6","0","0","0","0","0","0","0","0","","0","0","0","","","0","N","0","","40 01:03.830","","0","75 04:06.270","0","0","0","0","67301","0","0","0","N","0","0","0","1","67301","0","","6.0","","1","N","N","N","0","","0","0","2","","0","","","2","0","0","0","0","0","0","2","0","2","","03","","N","","","","","","","","","",""
"2022016121","1620","1","0","0","0","0","0","0","0","0","8","0","","67","2","2022","6","39.925118","-75.165756","1620","6","0","0","0","0","0","0","0","1","","0","0","0","","","1","","1","","39 55:30.424","","0","75 09:56.723","3","0","0","0","67301","1","0","0","N","1","0","0","2","67301","0","","1.0","","1","N","N","N","0","","1","0","0","","3","","","2","1","0","0","0","0","0","2","0","1","","","","N","","","","","","","","","",""
"2022044544","2055","0","0","0","0","0","0","0","0","0","8","0","","67","4","2022","5","40.056697","-75.14081","2046","6","0","0","0","0","0","0","0","0","","1","0","0","","","0","","1","","40 03:24.109","","0","75 08:26.915","1","0","0","0","67301","1","1","0","N","1","1","0","5","67301","0","2","1.0","","9","N","N","N","0","0","0","0","2","","2","","","3","0","2","0","0","0","0","2","0","2","","07","","N","","","","","","","","","",""
"2022020836","1452","2","0","0","0","0","0","0","0","0","1","0","45","67","2","2022","6","40.001179","-75.078954","1429","6","0","0","0","0","0","2","0","0","","0","0","0","","","0","N","0","","40 00:04.246","1","0","75 04:44.233","0","0","0","0","67301","0","0","0","N","0","0","0","3","68K01","0","","1.0","1500.0","1","N","N","N","0","","0","0","1","","0","Y","","3","0","0","0","0","0","0","2","0","3","","","N","Y","4","1","","","N","","","Y","","N"
"2022022739","2233","1","0","0","0","0","0","0","0","0","4","0","","67","2","2022","7","39.952508","-75.209267","2233","6","0","0","0","1","0","0","0","0","","0","0","0","","","1","","1","","39 57:09.028","","0","75 12:33.361","3","0","0","0","67301","0","0","0","N","0","0","0","2","67504","0","","1.0","","1","N","N","Y","0","","1","0","2","","2","","","3","1","1","0","0","0","0","2","0","3","","03","","N","","","","","","","","","",""
"2022043942","0915","0","0","0","0","0","0","0","0","0","7","1","","67","5","2022","4","40.014626","-75.085709","0859","6","0","0","0","0","0","0","0","0","","0","1","0","","","2","N","0","","40 00:52.654","2","0","75 05:08.552","2","0","0","0","67301","0","0","0","N","0","0","0","3","67301","0","","5.0","1055.0","9","N","N","N","0","","1","1","0","","0","Y","","1","2","0","0","0","0","0","2","0","1","","07","","N","","","","","","","","","",""
"2022032861","1242","2","0","0","0","0","0","0","0","0","5","0","","67","4","2022","3","39.957068","-75.154544","1230","6","0","0","0","0","0","0","0","0","","0","0","0","","","0","","3","","39 57:25.444","","0","75 09:16.358","0","0","0","0","67301","0","0","0","N","0","0","0","2","67301","0","","1.0","","1","N","N","N","0","","0","0","0","","0","","","2","0","1","0","0","0","0","2","0","2","","04","","N","","","","","","","","","",""
"2022032903","0034","1","0","0","0","0","0","0","0","0","2","0","","67","3","2022","6","39.943602","-75.196444","0031","6","0","0","0","0","1","0","0","0","","0","0","0","","","1","","3","","39 56:36.966","3","2","75 11:47.200","8","0","0","0","67301","0","0","0","N","0","0","0","4","67301","0","","1.0","140.0","9","N","N","N","0","","0","0","1","","2","N","","2","1","3","0","0","1","0","2","0","2","","07","","N","","","","","","","","","",""
"2022019629","0850","1","0","0","0","0","0","0","0","0","4","0","","67","2","2022","2","39.979529","-75.240907","0848","6","0","0","0","0","0","0","0","0","","0","0","0","","","0","","1","","39 58:46.304","","0","75 14:27.265","0","0","0","0","67301","0","0","0","N","0","0","0","2","67301","0","","1.0","","1","N","N","N","0","","0","0","1","","3","","","2","0","0","0","0","0","0","2","0","2","","03","","N","","","","","","","","","",""
"2022043934","1426","0","0","0","0","0","0","0","0","0","1","0","","67","4","2022","7","40.011821","-75.069732","1422","6","0","0","0","0","0","0","0","0","","0","0","0","","","1","N","0","","40 00:42.557","","0","75 04:11.036","3","0","0","0","67301","0","0","0","N","0","0","0","1","67301","0","","1.0","","1","N","N","N","0","","1","0","2","","0","","","2","1","0","0","0","0","0","2","0","2","","03","","N","","","","","","","","","",""
"2022026225","2010","2","0","0","0","0","0","0","0","0","4","0","","67","3","2022","4","40.084453","-75.038374","2005","6","0","0","0","0","0","1","0","0","","0","0","0","","","4","","1","","40 05:04.029","","0","75 02:18.148","3","0","0","0","67301","0","0","0","N","0","0","0","5","67301","1","","1.0","","9","N","N","N","0","","1","0","1","","2","","","3","4","0","0","0","2","0","2","0","3","","07","","N","","","","","","","","","",""
"2022021858","0429","2","0","0","0","0","0","0","0","0","4","0","","67","2","2022","7","39.913093","-75.243302","0425","6","0","0","0","0","0","0","0","0","","0","0","0","","","3","","5","","39 54:47.133","","0","75 14:35.886","3","0","0","0","67301","0","0","0","N","0","0","0","4","67301","0","","1.0","","1","N","N","N","0","","3","0","0","","2","","","2","3","2","0","0","0","0","2","0","2","","03","","N","","","","","","","","","",""
"2022020534","2025","2","0","0","0","0","0","0","0","0","1","0","","67","2","2022","6","40.0365","-75.174028","2020","6","0","0","0","0","0","0","0","0","","0","0","0","","","0","Y","0","","40 02:11.400","3","0","75 10:26.500","0","0","0","0","67301","0","0","0","N","0","0","0","4","67301","0","","1.0","2059.0","1","N","N","N","0","","0","0","2","","2","Y","","4","0","1","0","0","0","0","2","0","4","","03","","N","","","","","","","","","",""
"2022044116","2035","1","0","0","0","0","0","0","0","0","4","0","","67","4","2022","7","40.014821","-75.151746","2035","6","0","0","0","0","0","1","0","0","","0","0","0","","","1","","2","","40 00:53.355","","0","75 09:06.285","3","0","0","1","67301","0","0","0","N","0","0","0","2","67301","0","","1.0","","1","N","N","N","0","","1","0","0","","0","","","2","1","0","0","0","0","0","2","0","2","","","","N","","","","","","","","","",""
"2022014750","0836","1","0","0","0","0","0","0","0","0","1","0","","67","2","2022","2","40.006728","-75.193992","0836","6","0","0","0","0","0","0","0","0","","0","0","0","","","0","N","0","","40 00:24.220","5","0","75 11:38.370","9","0","0","0","67301","0","0","0","N","0","0","0","3","67301","0","","1.0","200.0","2","N","N","N","0","","0","0","2","","0","Y","","3","0","3","0","0","0","3","2","0","3","","04","","N","","","","","","","","","",""
"2022019693","0104","2","0","0","0","0","0","0","0","0","5","0","","67","2","2022","2","40.054964","-75.149661","0059","6","0","0","0","0","0","0","0","0","","0","0","0","","","0","N","0","","40 03:17.870","","0","75 08:58.780","0","0","0","0","67301","0","0","0","N","0","0","0","1","67301","0","","6.0","","1","N","N","N","0","","0","0","2","","0","","","4","0","0","0","0","0","0","2","0","4","","03","","N","","","","","","","","","",""
"2022032719","0858","2","0","0","0","0","0","0","0","0","1","0","","67","3","2022","4","40.013498","-75.057117","0839","6","0","0","0","0","0","0","0","0","","0","0","0","","","0","N","0","","40 00:48.593","1","0","75 03:25.622","0","0","0","0","67301","0","0","0","N","0","0","0","4","68K01","0","","1.0","948.0","1","N","N","N","1","","0","0","0","","0","N","","3","0","0","0","0","0","0","2","0","3","","","","N","","","","","","","","","",""
"2022036290","1144","0","0","0","0","0","0","0","0","0","1","0","","67","3","2022","1","39.973762","-75.194093","1121","6","0","0","0","0","0","1","0","0","","0","0","0","","","1","N","0","","39 58:25.542","","0","75 11:38.736","3","0","0","0","67301","0","0","0","N","0","0","0","3","68K01","0","","1.0","","1","N","N","N","0","","1","0","2","","0","","","2","1","0","0","0","0","0","2","0","2","","03","","N","","","","","","","","","",""
"2022019563","0214","2","0","0","0","0","0","0","0","0","4","0","","67","2","2022","2","39.95892","-75.156737","0214","6","0","0","0","0","0","0","0","0","","0","0","0","","","0","","1","","39 57:32.111","","0","75 09:24.253","0","0","0","0","67301","0","0","0","N","0","0","0","2","67301","0","","1.0","","1","N","N","N","0","","0","0","0","","2","","","2","0","0","0","0","0","0","2","0","2","","03","","N","","","","","","","","","",""
"2022043849","0241","1","0","0","0","0","0","0","0","0","2","0","","67","4","2022","7","40.060488","-75.01932","0229","6","0","0","0","0","0","1","0","0","","0","1","0","","","0","N","0","","40 03:37.756","","0","75 01:09.553","9","0","0","0","67301","0","0","0","N","0","0","0","1","67301","0","","1.0","","1","N","N","N","0","","0","0","0","","0","","","3","0","1","0","0","0","1","2","0","2","","03","","N","","","","","","","","","",""
"2022029656","1600","1","0","0","0","0","0","0","0","0","8","0","","67","3","2022","2","40.013083","-75.156306","1600","6","0","0","0","0","0","0","0","0","","0","0","0","","","1","N","0","","40 00:47.100","","0","75 09:22.700","3","0","0","0","67301","1","0","0","N","1","0","0","2","67301","0","","1.0","","1","N","N","N","0","","1","0","0","","0","","","2","1","0","0","0","0","1","2","0","1","","","","N","","","","","","","","","",""
"2022047194","1728","1","0","0","0","0","0","0","0","0","8","0","","67","4","2022","4","39.963439","-75.239586","1722","6","0","0","0","0","0","0","0","0","","0","0","0","","","1","N","0","","39 57:48.380","","0","75 14:22.510","3","0","0","0","67301","1","0","0","N","1","0","0","2","67301","0","","1.0","","1","N","N","N","0","","1","0","0","","0","","","2","1","0","0","0","0","0","2","0","1","","","","N","","","","","","","","","",""
"2022029179","2010","1","0","0","0","0","0","0","0","0","8","0","","67","3","2022","5","39.951356","-75.155153","2010","6","0","0","0","0","0","0","0","0","","0","0","0","","","1","","1","","39 57:04.881","","0","75 09:18.550","3","0","0","0","67301","1","0","0","N","1","0","0","2","67301","0","","1.0","","9","N","N","N","0","","1","0","0","","2","","","2","1","0","0","0","0","0","2","0","1","","07","","N","","","","","","","","","",""
"2022029213","1750","2","0","0","0","0","0","0","0","0","4","0","","67","3","2022","1","40.009658","-75.090962","1737","6","0","0","1","0","0","0","0","0","","0","0","0","","","0","","1","","40 00:34.768","","0","75 05:27.463","0","0","0","0","67301","0","0","0","N","0","0","0","2","67301","0","","1.0","","1","N","N","Y","0","","0","0","1","","3","","","3","0","0","0","0","0","0","2","0","3","","03","","N","","","","","","","","","",""
"2022029167","1800","0","0","0","0","0","0","0","0","0","4","0","","67","3","2022","3","40.057354","-75.076833","1750","6","0","0","0","0","0","1","0","0","","0","0","0","","","1","","1","","40 03:26.473","","0","75 04:36.598","3","0","0","1","67301","0","0","0","N","0","0","0","2","67301","0","","1.0","","1","N","N","N","0","","1","0","1","","2","","","2","1","0","0","0","0","0","2","0","2","","03","","N","","","","","","","","","",""
"2022043951","1745","2","0","0","0","0","0","0","0","0","8","0","","67","5","2022","1","39.97509","-75.194944","1737","6","0","0","0","0","0","0","0","0","","0","0","0","","","1","N","0","","39 58:30.324","","7","75 11:41.797","3","0","0","0","67301","1","0","0","N","1","0","0","3","67301","0","","3.0","","9","N","N","N","0","","1","0","0","","0","","","3","1","0","0","0","0","0","2","0","2","","07","","N","","","","","","","","","",""
"2022043938","0225","1","0","0","0","0","0","0","0","0","8","0","","67","5","2022","1","40.013558","-75.068675","0222","6","0","0","0","0","0","0","0","0","","1","0","0","","","0","","5","","40 00:48.808","4","0","75 04:07.229","1","0","0","0","67301","1","1","0","N","1","1","0","2","67301","0","2","1.0","155.0","1","N","N","N","0","0","0","0","0","","2","Y","","2","0","0","0","0","0","0","2","0","1","","03","","N","","","","","","","","","",""
"2022016058","0020","2","0","0","0","0","0","0","0","0","6","0","","67","2","2022","7","40.050734","-75.148644","0018","6","0","0","0","0","0","1","0","0","","0","0","0","","","0","","1","","40 03:02.643","6","0","75 08:55.120","0","0","0","0","67301","0","0","0","N","0","0","0","3","67301","0","","1.0","200.0","1","N","N","N","0","","0","0","1","","2","Y","","3","0","0","0","0","0","0","2","0","3","","","","N","","","","","","","","","",""
"2022029849","0010","2","0","0","0","0","0","0","0","0","5","0","","67","3","2022","6","40.076861","-75.17604","2359","6","0","0","0","0","0","0","0","0","","0","0","0","","","0","N","0","","40 04:36.700","","0","75 10:33.745","9","0","0","0","67301","0","0","0","N","0","0","0","1","67301","0","","6.0","","1","N","N","N","0","","0","0","1","","0","","","3","0","0","0","0","0","1","2","0","3","","","","N","","","","","","","","","",""
"2022029847","0330","1","0","0","0","0","0","0","0","0","1","0","","67","3","2022","7","39.978939","-75.157885","0330","6","0","0","0","0","0","0","0","0","","0","0","0","","","0","N","0","","39 58:44.179","","0","75 09:28.385","0","0","0","0","67301","0","0","0","N","0","0","0","2","67505","0","","1.0","","1","N","N","N","0","","0","0","1","","0","","","2","0","0","0","0","0","0","2","0","2","","03","","N","","","","","","","","","",""
"2022015001","1715","1","0","0","0","0","0","0","0","0","4","0","","67","2","2022","4","40.004705","-75.152241","1715","6","0","0","0","0","0","0","1","0","","0","0","0","","","0","","1","","40 00:16.937","","0","75 09:08.069","0","0","0","0","67301","0","0","0","N","0","0","0","2","67505","0","","1.0","","1","N","N","N","0","","0","0","1","","2","","","2","0","1","0","0","0","0","2","0","2","","","","N","","","","","","","","","",""
"2022045384","2219","2","0","0","0","0","0","0","0","0","6","0","","67","4","2022","1","39.925139","-75.179333","2219","6","0","0","0","0","0","1","0","0","","0","0","0","","","0","N","0","","39 55:30.500","","0","75 10:45.600","0","0","0","0","67301","0","0","0","N","0","0","0","1","67301","0","","6.0","","1","N","N","N","0","","0","0","3","","0","","","6","0","0","0","0","0","0","2","1","6","","","","N","","","","","","","","","",""
"2022032865","0822","0","0","0","0","0","0","0","0","0","4","0","","67","4","2022","6","40.106194","-75.057891","0804","6","0","0","0","0","0","0","0","0","","0","0","0","","","0","","2","","40 06:22.298","","0","75 03:28.406","0","0","0","0","67301","0","0","0","N","0","0","0","2","67301","0","","1.0","","9","N","N","Y","0","","0","0","2","","3","","","2","0","0","0","0","0","0","2","0","2","","07","","N","","","","","","","","","",""
"2022045944","0245","0","0","0","0","0","0","0","0","0","1","0","","67","5","2022","2","39.956333","-75.157333","0241","6","0","0","0","0","0","0","0","0","","0","0","0","","","1","Y","0","","39 57:22.800","","0","75 09:26.400","3","0","0","0","67301","0","0","0","N","0","0","0","3","67301","0","","1.0","","1","N","N","N","2","","1","0","0","","2","","","2","1","2","0","0","0","0","2","0","2","","03","","N","","","","","","","","","",""
"2022016149","0850","2","0","0","0","0","0","0","0","0","1","0","","67","2","2022","6","40.081921","-75.030665","0842","6","0","0","0","0","1","1","0","1","","0","0","0","","","1","N","0","","40 04:54.916","3","0","75 01:50.395","3","0","0","0","67301","0","0","0","N","0","0","0","5","67301","0","","1.0","200.0","1","N","N","N","0","","1","0","2","","0","Y","","4","1","0","0","0","0","0","2","0","4","","","","N","","","","","","","","","",""
"2022019642","1134","0","0","0","0","0","0","0","0","0","8","0","","67","2","2022","5","39.998403","-75.117108","1132","6","0","0","0","0","0","0","0","0","","0","0","0","","","1","N","0","","39 59:54.250","","0","75 07:01.590","3","0","0","0","67301","1","0","0","N","1","0","0","2","67301","0","","1.0","","1","N","N","N","0","","1","0","1","","0","","","2","1","0","0","0","0","0","2","0","1","","03","","N","","","","","","","","","",""
"2022029940","1818","1","0","0","0","0","0","0","0","0","5","0","","67","3","2022","6","40.107237","-75.053563","1803","6","0","0","0","0","0","0","0","0","","0","0","0","","","0","N","0","","40 06:26.053","","0","75 03:12.827","0","0","0","0","67301","0","0","0","N","0","0","0","3","67301","0","","1.0","","1","N","N","N","0","","0","0","1","","0","","","2","0","0","0","0","0","0","2","0","2","","","","N","","","","","","","","","",""
"2022050942","1717","0","0","0","0","0","0","0","0","0","7","0","","67","5","2022","7","40.038606","-75.009728","1710","6","0","0","0","0","0","0","0","0","","0","1","0","","","0","N","0","","40 02:18.983","","0","75 00:35.021","0","0","0","0","67301","0","0","0","N","0","0","0","1","68K01","0","","4.0","","9","N","N","N","0","","0","0","0","","0","","","1","0","0","0","0","0","0","2","0","1","","","","N","","","","","","","","","",""
"2022041522","1841","1","0","0","0","0","0","0","0","0","1","0","","67","4","2022","3","39.958298","-75.166103","1831","6","0","0","0","0","0","1","0","0","","0","0","0","","","0","N","0","","39 57:29.874","3","1","75 09:57.972","0","0","0","0","67301","0","0","0","N","0","0","0","2","68K01","0","","1.0","30.0","1","N","N","N","0","","0","0","1","","0","N","","2","0","0","0","0","0","0","2","0","2","","","","N","","","","","","","","","",""
"2022044035","0735","3","0","0","0","0","0","0","0","0","1","0","","67","4","2022","1","40.001019","-75.100406","0735","6","0","0","0","0","0","0","0","0","","0","0","0","","","0","N","0","","40 00:03.670","","0","75 06:01.460","0","0","0","0","67301","0","0","0","N","0","0","0","1","67301","0","","6.0","","99","N","N","N","0","","0","0","0","","0","","","3","0","0","0","0","0","0","2","0","3","","98","","N","","","","","","","","","",""
"2022044025","1400","0","0","0","0","0","0","0","0","0","6","0","","67","3","2022","4","39.991762","-75.112747","1355","6","0","0","0","0","0","0","0","0","","0","0","0","","","1","","1","","39 59:30.342","","0","75 06:45.889","8","0","0","0","67301","0","0","0","N","0","0","0","3","67301","0","","1.0","","1","N","N","N","0","","0","0","1","","2","","","2","1","0","0","0","1","1","2","1","2","","03","","N","","","","","","","","","",""