"CRN","ARRIVAL_TM","AUTOMOBILE_COUNT","BELTED_DEATH_COUNT","BELTED_SUSP_SERIOUS_INJ_COUNT","BICYCLE_COUNT","BICYCLE_DEATH_COUNT","BICYCLE_SUSP_SERIOUS_INJ_COUNT","BUS_COUNT","CHLDPAS_DEATH_COUNT","CHLDPAS_SUSP_SERIOUS_INJ_COUNT","COLLISION_TYPE","COMM_VEH_COUNT","CONS_ZONE_SPD_LIM","COUNTY","CRASH_MONTH","CRASH_YEAR","DAY_OF_WEEK","DEC_LATITUDE","DEC_LONGITUDE","DISPATCH_TM","DISTRICT","DRIVER_COUNT_16YR","DRIVER_COUNT_17YR","DRIVER_COUNT_18YR","DRIVER_COUNT_19YR","DRIVER_COUNT_20YR","DRIVER_COUNT_50_64YR","DRIVER_COUNT_65_74YR","DRIVER_COUNT_75PLUS","EST_HRS_CLOSED","FATAL_COUNT","HEAVY_TRUCK_COUNT","HORSE_BUGGY_COUNT","HOUR_OF_DAY","ILLUMINATION","INJURY_COUNT","INTERSECTION_RELATED","INTERSECT_TYPE","LANE_CLOSED","LATITUDE","LN_CLOSE_DIR","LOCATION_TYPE","LONGITUDE","MAX_SEVERITY_LEVEL","MCYCLE_DEATH_COUNT","MCYCLE_SUSP_SERIOUS_INJ_COUNT","MOTORCYCLE_COUNT","MUNICIPALITY","NONMOTR_COUNT","NONMOTR_DEATH_COUNT","NONMOTR_SUSP_SERIOUS_INJ_COUNT","NTFY_HIWY_MAINT","PED_COUNT","PED_DEATH_COUNT","PED_SUSP_SERIOUS_INJ_COUNT","PERSON_COUNT","POLICE_AGCY","POSSIBLE_INJ_COUNT","RDWY_SURF_TYPE_CD","RELATION_TO_ROAD","ROADWAY_CLEARED","ROAD_CONDITION","SCH_BUS_IND","SCH_ZONE_IND","SECONDARY_CRASH","SMALL_TRUCK_COUNT","SPEC_JURIS_CD","SUSP_MINOR_INJ_COUNT","SUSP_SERIOUS_INJ_COUNT","SUV_COUNT","TCD_FUNC_CD","TCD_TYPE","TFC_DETOUR_IND","TIME_OF_DAY","TOTAL_UNITS","TOT_INJ_COUNT","UNBELTED_OCC_COUNT","UNB_DEATH_COUNT","UNB_SUSP_SERIOUS_INJ_COUNT","UNK_INJ_DEG_COUNT","UNK_INJ_PER_COUNT","URBAN_RURAL","VAN_COUNT","VEHICLE_COUNT","WEATHER1","WEATHER2","WORKERS_PRES","WORK_ZONE_IND","WORK_ZONE_LOC","WORK_ZONE_TYPE","WZ_CLOSE_DETOUR","WZ_FLAGGER","WZ_LAW_OFFCR_IND","WZ_LN_CLOSURE","WZ_MOVING","WZ_OTHER","WZ_SHLDER_MDN","WZ_WORKERS_INJ_KILLED"
"2022052561","1910","3","0","0","0","0","0","0","0","0","2","0","","67","6","2022","4","39.994431","-75.094915","1910","6","0","0","0","0","0","0","0","0","","0","0","0","","","2","N","0","","39 59:39.950","","0","75 05:41.693","8","0","0","0","67301","0","0","0","N","0","0","0","3","67301","0","","1.0","","1","N","N","N","0","","0","0","0","","0","","","3","2","1","0","0","2","0","2","0","3","","03","","N","","","","","","","","","",""
"2022030818","2027","1","0","0","0","0","0","0","0","0","4","0","","67","3","2022","2","39.986614","-75.171234","2021","6","0","0","0","0","0","1","0","0","","0","0","0","","","3","","1","","39 59:11.810","","0","75 10:16.442","3","0","0","0","67301","0","0","0","N","0","0","0","3","67301","0","","1.0","","1","N","N","Y","0","","3","0","1","","2","","","2","3","1","0","0","0","0","2","0","2","","","","N","","","","","","","","","",""
"2022032872","0010","0","0","0","0","0","0","0","0","0","1","1","","67","4","2022","7","39.968366","-75.190871","0005","6","0","0","0","0","0","1","0","0","","0","1","0","","","1","N","0","","39 58:06.118","4","0","75 11:27.134","8","0","0","0","67301","0","0","0","Y","0","0","0","4","67301","0","","2.0","45.0","99","N","N","N","0","","0","0","2","","0","N","","3","1","0","0","0","1","0","2","0","3","","03","","N","","","","","","","","","",""
"2022025297","2100","0","0","0","0","0","0","0","0","0","8","0","","67","3","2022","3","39.999028","-75.133251","1601","6","0","0","0","0","0","0","0","0","","0","0","0","","","1","","1","","39 59:56.501","","0","75 07:59.705","3","0","0","0","67301","1","0","0","N","1","0","0","2","67301","0","","1.0","","1","N","N","N","0","","1","0","1","","2","","","2","1","0","0","0","0","0","2","0","1","","03","","N","","","","","","","","","",""
"2022032407","0517","1","0","0","0","0","0","0","0","0","7","0","","67","3","2022","1","40.045258","-75.001895","0504","6","0","0","0","0","0","0","0","0","","0","0","0","","","0","","7","","40 02:42.930","","2","75 00:06.821","0","0","0","0","67301","0","0","0","Y","0","0","0","1","68K01","0","","7.0","","1","N","N","N","0","","0","0","0","","0","","","2","0","0","0","0","0","0","2","0","1","","","","N","","","","","","","","","",""
"2022043982","2215","1","0","0","0","0","0","0","0","0","8","0","","67","4","2022","6","39.988092","-75.229197","2209","6","0","0","0","0","0","1","0","0","","0","0","0","","","1","N","0","","39 59:17.130","","0","75 13:45.110","3","0","0","0","67301","1","0","0","N","1","0","0","2","67301","0","","1.0","","99","N","N","N","0","","1","0","0","","0","","","2","1","1","0","0","0","0","2","0","1","","03","","N","","","","","","","","","",""
"2022025418","1616","2","0","0","0","0","0","0","0","0","2","0","","67","3","2022","7","40.003066","-75.164297","1613","6","0","0","0","0","0","0","0","0","","0","0","0","","","2","","1","","40 00:11.036","","0","75 09:51.468","3","0","0","0","67301","0","0","0","N","0","0","0","3","67301","0","","1.0","","1","N","N","N","0","","2","0","0","","2","","","2","2","0","0","0","0","0","2","0","2","","07","","N","","","","","","","","","",""
"2022039561","1736","1","0","0","0","0","0","0","0","0","1","0","","67","4","2022","4","39.978245","-75.157892","1732","6","0","0","0","0","0","1","0","0","","0","0","0","","","1","Y","0","","39 58:41.682","1","0","75 09:28.411","4","0","0","0","67301","0","0","0","N","0","0","0","3","67505","1","","1.0","1815.0","1","N","N","N","0","","0","0","2","","2","N","","3","1","0","0","0","0","1","2","0","3","","03","","N","","","","","","","","","",""
"2022020667","2043","3","0","0","0","0","0","0","0","0","5","0","","67","2","2022","5","40.032584","-75.037111","2036","6","0","0","0","0","0","0","0","0","","0","0","0","","","0","N","0","","40 01:57.302","4","0","75 02:13.600","0","0","0","0","67301","0","0","0","N","0","0","0","1","67301","0","","6.0","2215.0","9","N","N","N","0","","0","0","1","","0","N","","5","0","0","0","0","0","0","2","1","5","","03","","N","","","","","","","","","",""
"2022032508","2345","2","0","0","0","0","0","0","0","0","1","0","","67","2","2022","6","40.02325","-75.076844","2345","6","0","0","0","0","0","1","0","0","","0","0","0","","","0","","1","","40 01:23.700","","0","75 04:36.637","9","0","0","0","67301","0","0","0","N","0","0","0","5","67508","0","","1.0","","1","","","Y","0","","0","0","0","","2","","","2","0","0","0","0","0","1","2","0","2","","03","","N","","","","","","","","","",""
"2022032912","2035","1","0","0","0","0","0","0","0","0","5","0","","67","3","2022","5","39.978154","-75.169893","2027","6","0","0","0","0","0","0","0","0","","0","0","0","","","1","N","0","","39 58:41.355","","0","75 10:11.615","3","0","0","0","67301","0","0","0","N","0","0","0","2","67301","0","","6.0","","9","N","N","N","0","","1","0","2","","0","","","3","1","2","0","0","0","1","2","0","3","","07","","N","","","","","","","","","",""
"2022023766","0855","2","0","0","0","0","0","0","0","0","5","0","","67","3","2022","7","39.965097","-75.228097","0845","6","0","0","0","0","0","0","0","0","","0","0","0","","","0","N","0","","39 57:54.350","","0","75 13:41.150","0","0","0","0","67301","0","0","0","N","0","0","0","1","67301","0","","6.0","","1","N","N","N","0","","0","0","1","","0","","","4","0","0","0","0","0","0","2","1","4","","03","","N","","","","","","","","","",""
"2022021382","2345","1","0","0","0","0","0","0","0","0","7","0","","67","2","2022","3","39.960407","-75.181158","2338","6","0","0","0","0","0","0","0","0","","0","0","0","","","0","","7","","39 57:37.466","4","8","75 10:52.167","0","0","0","0","67301","0","0","0","N","0","0","0","2","68K01","0","","7.0","15.0","1","N","N","N","0","","0","0","0","","0","Y","","1","0","0","0","0","0","0","2","0","1","","03","","N","","","","","","","","","",""
"2022043870","1535","0","0","0","0","0","0","0","0","0","4","0","","67","4","2022","3","39.924042","-75.227707","1527","6","0","0","0","0","0","1","0","0","","0","0","0","","","1","","1","","39 55:26.552","","0","75 13:39.745","4","0","0","0","67301","0","0","0","N","0","0","0","6","67301","1","","1.0","","1","N","N","N","0","","0","0","2","","2","","","2","1","6","0","0","0","0","2","0","2","","04","","N","","","","","","","","","",""
"2022032923","2006","1","0","0","0","0","0","0","0","0","8","0","","67","3","2022","2","40.01182","-75.097752","2005","6","0","0","0","0","0","0","0","0","","0","0","0","","","1","","1","","40 00:42.552","","0","75 05:51.907","8","0","0","0","67301","1","0","0","N","1","0","0","2","67301","0","","1.0","","1","N","N","N","0","","0","0","0","","2","","","2","1","0","0","0","1","1","2","0","1","","03","","N","","","","","","","","","",""
"2022025286","0835","1","0","0","0","0","0","0","0","0","5","0","","67","3","2022","7","40.02225","-75.164222","0833","6","0","0","0","0","0","1","0","0","","0","0","0","","","2","N","0","","40 01:20.100","","0","75 09:51.200","4","0","0","1","67301","0","0","0","N","0","0","0","2","67301","1","","6.0","","9","N","N","N","0","","0","0","2","","0","","","4","2","0","0","0","1","0","2","0","4","","04","","N","","","","","","","","","",""
"2022029275","0230","0","0","0","0","0","0","0","0","0","4","0","","67","3","2022","1","40.047508","-75.142894","0227","6","0","0","1","0","0","0","0","0","","0","0","0","","","2","","1","","40 02:51.028","","0","75 08:34.417","3","0","0","0","67301","0","0","0","N","0","0","0","2","67301","0","","1.0","","1","N","N","N","0","","2","0","2","","2","","","2","2","0","0","0","0","0","2","0","2","","","","N","","","","","","","","","",""
"2022050900","1949","1","0","1","0","0","0","1","0","0","4","1","","67","4","2022","2","39.98663","-75.091316","1939","6","0","0","0","0","0","0","0","0","","0","0","0","","","1","N","0","","39 59:11.867","1","0","75 05:28.737","2","0","0","0","67301","0","0","0","N","0","0","0","2","68K01","0","","1.0","2004.0","9","N","N","Y","0","","0","1","0","","0","N","","2","1","0","0","0","0","0","2","0","2","","","","N","","","","","","","","","",""
"2022042374","1006","1","0","0","0","0","0","0","0","0","7","0","","67","5","2022","4","39.952349","-75.140992","1003","6","0","0","0","0","1","0","0","0","","0","0","0","","","0","N","0","","39 57:08.457","1","0","75 08:27.572","0","0","0","0","67301","0","0","0","N","0","0","0","2","68K01","0","","3.0","1045.0","9","N","N","N","0","","0","0","0","","0","N","","1","0","0","0","0","0","0","2","0","1","","","","N","","","","","","","","","",""
"2022040465","1613","2","0","0","0","0","0","0","0","0","4","0","","67","4","2022","5","39.977421","-75.112711","1533","6","0","0","0","1","0","0","0","0","","0","0","0","","","0","N","0","","39 58:38.715","2","0","75 06:45.760","0","0","0","0","67301","0","0","0","N","0","0","0","2","68K01","0","","1.0","1630.0","1","N","N","N","0","","0","0","0","","0","N","","2","0","0","0","0","0","0","2","0","2","","03","","N","","","","","","","","","",""
"2022043957","1955","1","0","0","0","0","0","0","0","0","4","1","","67","4","2022","5","39.940204","-75.200688","1955","6","0","0","0","0","0","1","0","0","","0","1","0","","","2","","2","","39 56:24.735","","0","75 12:02.476","3","0","0","0","67301","0","0","0","N","0","0","0","4","67301","0","","1.0","","1","N","N","N","0","","2","0","0","","2","","","2","2","0","0","0","0","0","2","0","2","","","","N","","","","","","","","","",""
"2022045506","1004","1","0","0","0","0","0","0","0","0","1","0","","67","4","2022","6","40.027551","-75.025047","0950","6","0","0","0","0","0","1","0","0","","0","0","0","","","1","N","0","","40 01:39.184","2","0","75 01:30.169","8","0","0","0","67301","0","0","0","N","0","0","0","2","68K01","0","","1.0","1014.0","1","N","N","N","1","","0","0","0","","0","N","","2","1","0","0","0","1","0","2","0","2","","","","N","","","","","","","","","",""
"2022045683","0243","0","0","0","0","0","0","0","0","0","8","0","","67","5","2022","3","39.996367","-75.113329","0243","6","0","0","0","0","0","0","0","0","","3","0","0","","","1","Y","0","","39 59:46.921","","0","75 06:47.985","1","0","0","0","67301","3","2","1","N","3","2","1","4","67301","0","2","4.0","","1","N","N","N","0","0","0","1","1","","2","","","4","1","1","1","0","0","0","2","0","1","","03","","N","","","","","","","","","",""
"2022020701","0200","1","0","0","0","0","0","0","0","0","5","0","","67","2","2022","5","40.023311","-75.128047","0155","6","0","0","0","0","0","0","0","0","","0","0","0","","","0","N","0","","40 01:23.920","","0","75 07:40.970","0","0","0","0","67301","0","0","0","N","0","0","0","1","67301","0","","1.0","","1","N","N","N","0","","0","0","2","","0","","","3","0","0","0","0","0","0","2","0","3","","03","","N","","","","","","","","","",""
"2022039718","0012","1","0","0","0","0","0","0","0","0","7","0","","67","3","2022","3","39.895609","-75.193021","0006","6","0","0","0","1","0","0","0","0","","0","0","0","","","1","N","0","","39 53:44.191","2","3","75 11:34.876","3","0","0","0","67301","0","0","0","N","0","0","0","1","68K01","0","","2.0","120.0","1","N","N","N","0","","1","0","0","","0","N","","1","1","1","0","0","0","0","2","0","1","","","","N","","","","","","","","","",""
"2022025752","0620","2","0","0","0","0","0","0","0","0","5","0","","67","3","2022","1","40.039108","-75.083683","0617","6","0","0","0","0","0","0","0","0","","0","0","0","","","0","N","0","","40 02:20.790","","0","75 05:01.260","9","0","0","0","67301","0","0","0","N","0","0","0","1","67301","0","","6.0","","1","N","N","N","1","","0","0","2","","0","","","5","0","0","0","0","0","1","2","0","5","","","","N","","","","","","","","","",""
"2022043517","1103","1","0","0","0","0","0","0","0","0","1","0","","67","5","2022","7","39.952264","-75.183981","1103","6","0","0","0","0","0","0","0","0","","0","0","0","","","0","N","0","","39 57:08.150","","0","75 11:02.330","0","0","0","0","67301","0","0","0","N","0","0","0","2","67504","0","","1.0","","9","N","N","N","0","","0","0","1","","2","","","2","0","1","0","0","0","0","2","0","2","","07","","N","","","","","","","","","",""
"2022016164","1034","3","0","0","0","0","0","0","0","0","2","0","","67","2","2022","2","40.04125","-75.154889","1027","6","0","0","0","1","0","0","1","0","","0","0","0","","","3","N","0","","40 02:28.500","","0","75 09:17.600","3","0","0","0","67301","0","0","0","N","0","0","0","4","67301","0","","1.0","","2","N","N","N","0","","3","0","1","","0","","","4","3","0","0","0","0","0","2","0","4","","04","","N","","","","","","","","","",""
"2022030191","1212","1","0","0","0","0","0","0","0","0","1","0","","67","3","2022","4","40.050792","-75.164022","1212","6","0","0","0","0","0","0","0","0","","0","0","0","","","1","N","0","","40 03:02.850","","0","75 09:50.480","8","0","0","0","67301","0","0","0","N","0","0","0","1","67301","0","","6.0","","1","N","N","N","0","","0","0","1","","0","","","2","1","0","0","0","1","0","2","0","2","","03","","N","","","","","","","","","",""
"2022029192","2005","1","0","0","0","0","0","0","0","0","7","0","","67","3","2022","2","40.107024","-74.994928","1948","6","0","0","0","0","0","0","0","0","","0","0","0","","","0","N","0","","40 06:25.285","4","2","74 59:41.741","9","0","0","0","67301","0","0","0","N","0","0","0","1","67301","0","","4.0","2020.0","1","N","N","N","0","","0","0","0","","0","N","","1","0","0","0","0","0","1","2","0","1","","03","","N","","","","","","","","","",""
"2022029271","1636","1","0","0","0","0","0","0","0","0","1","0","","67","3","2022","7","40.038431","-75.123567","1631","6","0","0","0","0","1","0","0","0","","0","0","0","","","0","N","0","","40 02:18.350","","0","75 07:24.840","0","0","0","0","67301","0","0","0","N","0","0","0","2","67301","0","","6.0","","1","N","N","N","0","","0","0","0","","0","","","2","0","0","0","0","0","0","2","1","2","","03","","N","","","","","","","","","",""
"2022023772","0155","3","0","0","0","0","0","0","0","0","4","0","","67","3","2022","7","39.977255","-75.158096","0155","6","0","1","0","0","0","0","0","0","","0","0","0","","","2","","1","","39 58:38.118","4","0","75 09:29.146","3","0","0","0","67301","0","0","0","N","0","0","0","3","67301","1","","1.0","355.0","1","N","N","N","0","","1","0","1","","2","Y","","4","2","0","0","0","0","0","2","0","4","","03","","N","","","","","","","","","",""
"2022020877","1624","0","0","0","0","0","0","0","0","0","8","0","","67","2","2022","5","40.028241","-75.162121","1624","6","0","0","0","0","0","0","0","0","","0","0","0","","","1","","1","","40 01:41.669","","0","75 09:43.637","8","0","0","0","67301","1","0","0","N","1","0","0","2","67301","0","","1.0","","1","N","N","N","0","","0","0","1","","2","","","2","1","0","0","0","1","0","2","0","1","","03","","N","","","","","","","","","",""
"2022015458","0950","1","0","0","0","0","0","0","0","0","1","0","","67","2","2022","3","39.940832","-75.143506","0944","6","0","0","0","0","0","1","0","0","","0","0","0","","","1","","7","","39 56:26.994","2","2","75 08:36.622","8","0","0","0","67301","0","0","0","N","0","0","0","2","68K01","0","","7.0","1009.0","1","N","N","N","0","","0","0","0","","0","N","","2","1","1","0","0","1","0","2","1","2","","","","N","","","","","","","","","",""
"2022021474","1233","0","0","0","0","0","0","0","0","0","4","0","","67","2","2022","1","39.954882","-75.208686","1231","6","0","0","0","0","0","1","0","0","","0","0","0","","","1","","1","","39 57:17.575","1","0","75 12:31.268","2","0","0","0","67301","1","0","1","N","1","0","1","3","67301","0","","1.0","1330.0","1","N","N","N","0","","0","1","1","","2","Y","","3","1","0","0","0","0","0","2","1","2","","03","","N","","","","","","","","","",""
"2022052291","1630","2","0","0","0","0","0","0","0","0","5","1","","67","5","2022","2","39.953842","-75.156222","1622","6","0","0","0","0","0","1","0","0","","0","1","0","","","2","N","0","","39 57:13.830","","0","75 09:22.400","2","0","0","0","67301","0","0","0","N","0","0","0","6","67301","0","","1.0","","1","N","N","N","0","","1","1","0","","0","","","3","2","0","0","0","0","1","2","0","3","","03","","N","","","","","","","","","",""
"2022019594","1252","1","0","0","0","0","0","0","0","0","4","0","","67","2","2022","4","40.035968","-75.039876","1246","6","0","0","1","0","0","0","1","0","","0","0","0","","","1","N","0","","40 02:09.484","","7","75 02:23.554","8","0","0","0","67301","0","0","0","N","0","0","0","4","67301","0","","1.0","","1","N","N","N","0","","0","0","1","","0","","","2","1","4","0","0","1","0","2","0","2","","03","","N","","","","","","","","","",""
"2022033224","2043","1","0","0","0","0","0","0","0","0","4","0","","67","4","2022","2","39.940157","-75.164054","2032","6","0","0","0","0","1","0","0","0","","0","0","0","","","1","","1","","39 56:24.565","","0","75 09:50.594","3","0","0","0","67301","0","0","0","N","0","0","0","3","67301","0","","1.0","","1","N","N","N","0","","1","0","1","","3","","","2","1","0","0","0","0","2","2","0","2","","03","","N","","","","","","","","","",""
"2022046599","0123","1","0","0","0","0","0","0","0","0","7","0","","67","4","2022","3","39.878769","-75.249986","0114","6","0","0","0","0","0","0","0","0","","0","0","0","","","0","N","0","","39 52:43.567","1","0","75 14:59.950","0","0","0","0","67301","0","0","0","Y","0","0","0","1","68K01","0","","2.0","200.0","9","N","N","N","0","","0","0","0","","0","N","","1","0","0","0","0","0","0","2","0","1","","","","N","","","","","","","","","",""
"2022029276","2035","2","0","0","0","0","0","0","0","0","5","0","","67","3","2022","1","40.031801","-75.117119","2031","6","0","0","0","0","0","0","0","0","","0","0","0","","","0","N","0","","40 01:54.484","","0","75 07:01.630","0","0","0","0","67301","0","0","0","N","0","0","0","2","67301","0","","1.0","","1","N","N","N","0","","0","0","0","","0","","","2","0","0","0","0","0","0","2","0","2","","03","","N","","","","","","","","","",""
"2022029252","1820","0","0","0","0","0","0","0","0","0","4","0","","67","3","2022","4","40.0156","-75.139464","1820","6","0","0","0","0","0","0","0","0","","0","0","0","","","0","","1","","40 00:56.160","","0","75 08:22.070","0","0","0","0","67301","0","0","0","N","0","0","0","2","67301","0","","1.0","","1","N","N","N","1","","0","0","1","","3","","","2","0","0","0","0","0","0","2","0","2","","03","","N","","","","","","","","","",""
"2022032312","2019","2","0","0","0","0","0","0","0","0","1","0","","67","3","2022","7","39.957556","-75.147265","2014","6","0","0","0","0","0","0","0","0","","0","0","0","","","1","N","0","","39 57:27.203","4","3","75 08:50.153","3","0","0","0","67301","0","0","0","N","0","0","0","4","68K01","0","","1.0","2025.0","1","N","N","N","0","","1","0","0","","0","N","","3","1","0","0","0","0","1","2","0","3","","","","N","","","","","","","","","",""
"2022029655","2132","0","0","0","0","0","0","0","0","0","4","0","","67","2","2022","3","39.997997","-75.125411","2131","6","0","0","1","0","0","1","0","0","","0","0","0","","","1","","1","","39 59:52.789","","0","75 07:31.478","4","0","0","0","67301","0","0","0","N","0","0","0","2","67301","1","","1.0","","1","N","N","N","0","","0","0","2","","2","","","2","1","0","0","0","0","1","2","0","2","","03","","N","","","","","","","","","",""
"2022049166","2310","2","0","0","0","0","0","0","0","0","1","0","","67","4","2022","1","40.012414","-75.087626","2310","6","0","0","0","0","0","1","0","0","","0","0","0","","","2","","1","","40 00:44.691","1","1","75 05:15.453","4","0","0","0","67301","0","0","0","N","0","0","0","4","67508","2","","1.0","9999.0","1","","","N","0","","0","0","1","","0","N","","4","2","0","0","0","0","0","2","0","4","","03","","N","","","","","","","","","",""
"2022019653","0805","2","0","0","0","0","0","0","0","0","4","0","","67","2","2022","2","39.969979","-75.143001","0803","6","0","0","0","0","0","0","0","0","","0","0","0","","","0","","1","","39 58:11.924","","0","75 08:34.804","0","0","0","0","67301","0","0","0","N","0","0","0","2","67301","0","","1.0","","1","N","N","N","0","","0","0","0","","2","","","3","0","0","0","0","0","0","2","1","3","","03","","N","","","","","","","","","",""
"2022016001","1615","1","0","0","0","0","0","0","0","0","8","0","","67","2","2022","6","40.08044","-74.977146","1611","6","0","0","1","0","0","0","0","0","","0","0","0","","","1","","1","","40 04:49.584","","0","74 58:37.727","3","0","0","0","67301","1","0","0","N","1","0","0","2","67301","0","","1.0","","1","N","N","N","0","","1","0","0","","2","","","2","1","1","0","0","0","0","2","0","1","","03","","N","","","","","","","","","",""
"2022023761","1651","1","0","0","0","0","0","0","0","0","4","0","","67","3","2022","3","39.959446","-75.239265","1647","6","0","0","0","0","0","0","1","0","","0","0","0","","","1","","1","","39 57:34.005","","0","75 14:21.353","3","0","0","0","67301","0","0","0","N","0","0","0","2","67301","0","","1.0","","1","N","N","N","0","","1","0","1","","3","","","2","1","1","0","0","0","0","2","0","2","","03","","N","","","","","","","","","",""
"2022047173","1818","1","0","0","0","0","0","0","0","0","1","0","","67","5","2022","5","40.054323","-75.169498","1814","6","0","0","0","0","0","0","0","0","","0","0","0","","","0","N","0","","40 03:15.562","","0","75 10:10.193","9","0","0","0","67301","0","0","0","N","0","0","0","2","67301","0","","1.0","","1","N","N","N","0","","0","0","1","","2","","","2","0","0","0","0","0","2","2","0","2","","03","","N","","","","","","","","","",""
"2022045908","1408","1","0","0","0","0","0","0","0","0","1","0","","67","5","2022","6","39.940421","-75.187486","1406","6","0","0","0","0","0","0","0","1","","0","0","0","","","1","","2","","39 56:25.515","","0","75 11:14.948","8","0","0","0","67301","0","0","0","N","0","0","0","3","67301","0","","1.0","","1","N","N","N","1","","0","0","0","","2","","","2","1","0","0","0","1","0","2","0","2","","","","N","","","","","","","","","",""
"2022023740","2030","0","0","0","0","0","0","0","0","0","4","0","","67","3","2022","7","39.917658","-75.229613","2019","6","0","0","0","0","0","0","0","0","","0","0","0","","","1","","1","","39 55:03.569","","0","75 13:46.605","8","0","0","1","67301","0","0","0","N","0","0","0","2","67301","0","","1.0","","1","N","N","N","1","","0","0","0","","3","","","2","1","1","0","0","1","0","2","0","2","","03","","N","","","","","","","","","",""
"2022049645","1524","0","0","0","0","0","0","0","0","0","4","0","","67","5","2022","2","40.006581","-75.113353","1519","6","0","0","0","0","0","0","0","0","","0","0","0","","","1","N","0","","40 00:23.690","5","0","75 06:48.070","3","0","0","0","67301","0","0","0","N","0","0","0","1","67301","0","","1.0","1700.0","1","N","N","N","1","","1","0","1","","0","Y","","2","1","0","0","0","0","0","2","0","2","","03","","N","","","","","","","","","",""
"2022030630","1711","1","0","0","1","0","0","0","0","0","8","0","","67","3","2022","2","39.954192","-75.177812","1710","6","0","0","0","0","0","0","0","0","","0","0","0","","","1","","1","","39 57:15.091","","0","75 10:40.122","3","0","0","0","67301","1","0","0","N","0","0","0","2","67301","0","","1.0","","1","N","N","N","0","","1","0","0","","2","","","2","1","1","0","0","0","0","2","0","1","","04","","N","","","","","","","","","",""
"2022029305","1645","1","0","0","0","0","0","0","0","0","4","0","","67","3","2022","5","39.955058","-75.229782","1635","6","0","0","0","0","0","0","0","0","","0","0","0","","","1","","1","","39 57:18.208","","0","75 13:47.215","8","0","0","0","67301","0","0","0","N","0","0","0","3","67301","0","","1.0","","1","N","N","N","0","","0","0","1","","2","","","2","1","0","0","0","1","0","2","0","2","","03","","N","","","","","","","","","",""
"2022043989","1659","1","0","0","0","0","0","0","0","0","4","1","","67","5","2022","3","39.991523","-75.226567","1657","6","0","0","0","0","0","0","0","1","","0","1","0","","","1","","1","","39 59:29.482","","0","75 13:35.641","3","0","0","0","67301","0","0","0","N","0","0","0","2","67301","0","","1.0","","1","N","N","N","0","","1","0","0","","2","","","2","1","0","0","0","0","0","2","0","2","","03","","N","","","","","","","","","",""
"2022024644","1801","1","0","0","0","0","0","0","0","0","4","0","","67","3","2022","4","40.030905","-75.104328","1758","6","0","0","0","0","0","1","0","0","","0","0","0","","","0","N","0","","40 01:51.259","3","7","75 06:15.581","0","0","0","0","67301","0","0","0","N","0","0","0","2","67301","0","","1.0","1822.0","9","N","N","N","0","","0","0","1","","0","N","","2","0","0","0","0","0","0","2","0","2","","07","","N","","","","","","","","","",""
"2022029217","0435","0","0","0","0","0","0","0","0","0","4","0","","67","3","2022","5","40.02744","-75.062499","0433","6","0","0","0","0","0","0","0","0","","0","0","0","","","2","","1","","40 01:38.783","3","0","75 03:44.998","3","0","0","0","67301","0","0","0","N","0","0","0","2","67301","0","","1.0","500.0","9","N","N","N","0","","2","0","2","","2","N","","2","2","0","0","0","0","0","2","0","2","","07","","N","","","","","","","","","",""
"2022049231","0050","0","0","0","0","0","0","0","0","0","4","0","","67","5","2022","4","40.040323","-75.058538","0040","6","0","0","0","1","0","0","0","0","","0","0","0","","","0","","1","","40 02:25.164","","0","75 03:30.737","0","0","0","0","67301","0","0","0","N","0","0","0","2","67301","0","","1.0","","1","N","N","N","0","","0","0","2","","2","","","2","0","0","0","0","0","0","2","0","2","","03","","N","","","","","","","","","",""
"2022031937","0830","1","0","0","0","0","0","0","0","0","5","0","","67","3","2022","5","40.038689","-75.008795","0812","6","0","0","0","0","0","0","0","0","","0","0","0","","","1","N","0","","40 02:19.280","1","0","75 00:31.662","3","0","0","0","67301","0","0","0","N","0","0","0","2","68T07","0","","1.0","915.0","1","N","N","N","0","","1","0","1","","0","Y","","2","1","0","0","0","0","0","2","0","2","","03","","N","","","","","","","","","",""
"2022040690","0943","1","0","0","0","0","0","0","0","0","1","0","","67","4","2022","2","39.968501","-75.128227","0932","6","0","0","0","0","0","0","0","0","","0","0","0","","","1","N","0","","39 58:06.605","","0","75 07:41.618","8","0","0","0","67301","0","0","0","N","0","0","0","2","68K01","0","","1.0","","1","N","N","N","0","","0","0","0","","0","","","2","1","0","0","0","1","0","2","1","2","","03","","N","","","","","","","","","",""
"2022040445","1602","1","0","0","0","0","0","0","0","0","5","0","","67","3","2022","7","39.967545","-75.132385","1602","6","0","0","0","0","0","1","0","0","","0","0","0","","","0","N","0","","39 58:03.162","2","0","75 07:56.585","0","0","0","0","67301","0","0","0","N","0","0","0","2","68K01","0","","1.0","1650.0","1","N","N","N","0","","0","0","1","","0","Y","","2","0","0","0","0","0","0","2","0","2","","","","N","","","","","","","","","",""
"2022042340","0012","1","0","0","0","0","0","0","0","0","7","0","","67","4","2022","7","39.956647","-75.143386","0001","6","0","0","0","0","0","0","0","0","","0","0","0","","","1","N","0","","39 57:23.930","","0","75 08:36.188","8","0","0","0","67301","0","0","0","N","0","0","0","1","68K01","0","","4.0","","8","N","N","N","0","","0","0","0","","0","","","1","1","0","0","0","1","0","2","0","1","","03","","N","","","","","","","","","",""