"CRN","ARRIVAL_TM","AUTOMOBILE_COUNT","BELTED_DEATH_COUNT","BELTED_SUSP_SERIOUS_INJ_COUNT","BICYCLE_COUNT","BICYCLE_DEATH_COUNT","BICYCLE_SUSP_SERIOUS_INJ_COUNT","BUS_COUNT","CHLDPAS_DEATH_COUNT","CHLDPAS_SUSP_SERIOUS_INJ_COUNT","COLLISION_TYPE","COMM_VEH_COUNT","CONS_ZONE_SPD_LIM","COUNTY","CRASH_MONTH","CRASH_YEAR","DAY_OF_WEEK","DEC_LATITUDE","DEC_LONGITUDE","DISPATCH_TM","DISTRICT","DRIVER_COUNT_16YR","DRIVER_COUNT_17YR","DRIVER_COUNT_18YR","DRIVER_COUNT_19YR","DRIVER_COUNT_20YR","DRIVER_COUNT_50_64YR","DRIVER_COUNT_65_74YR","DRIVER_COUNT_75PLUS","EST_HRS_CLOSED","FATAL_COUNT","HEAVY_TRUCK_COUNT","HORSE_BUGGY_COUNT","HOUR_OF_DAY","ILLUMINATION","INJURY_COUNT","INTERSECTION_RELATED","INTERSECT_TYPE","LANE_CLOSED","LATITUDE","LN_CLOSE_DIR","LOCATION_TYPE","LONGITUDE","MAX_SEVERITY_LEVEL","MCYCLE_DEATH_COUNT","MCYCLE_SUSP_SERIOUS_INJ_COUNT","MOTORCYCLE_COUNT","MUNICIPALITY","NONMOTR_COUNT","NONMOTR_DEATH_COUNT","NONMOTR_SUSP_SERIOUS_INJ_COUNT","NTFY_HIWY_MAINT","PED_COUNT","PED_DEATH_COUNT","PED_SUSP_SERIOUS_INJ_COUNT","PERSON_COUNT","POLICE_AGCY","POSSIBLE_INJ_COUNT","RDWY_SURF_TYPE_CD","RELATION_TO_ROAD","ROADWAY_CLEARED","ROAD_CONDITION","SCH_BUS_IND","SCH_ZONE_IND","SECONDARY_CRASH","SMALL_TRUCK_COUNT","SPEC_JURIS_CD","SUSP_MINOR_INJ_COUNT","SUSP_SERIOUS_INJ_COUNT","SUV_COUNT","TCD_FUNC_CD","TCD_TYPE","TFC_DETOUR_IND","TIME_OF_DAY","TOTAL_UNITS","TOT_INJ_COUNT","UNBELTED_OCC_COUNT","UNB_DEATH_COUNT","UNB_SUSP_SERIOUS_INJ_COUNT","UNK_INJ_DEG_COUNT","UNK_INJ_PER_COUNT","URBAN_RURAL","VAN_COUNT","VEHICLE_COUNT","WEATHER1","WEATHER2","WORKERS_PRES","WORK_ZONE_IND","WORK_ZONE_LOC","WORK_ZONE_TYPE","WZ_CLOSE_DETOUR","WZ_FLAGGER","WZ_LAW_OFFCR_IND","WZ_LN_CLOSURE","WZ_MOVING","WZ_OTHER","WZ_SHLDER_MDN","WZ_WORKERS_INJ_KILLED"
"2022020221","1404","3","0","0","0","0","0","0","0","0","4","0","","67","2","2022","2","40.049041","-75.174913","1404","6","0","0","0","0","0","1","0","0","","0","0","0","","","0","","1","","40 02:56.546","5","0","75 10:29.688","9","0","0","0","67301","0","0","0","N","0","0","0","3","67301","0","","1.0","1500.0","1","N","N","N","1","","0","0","0","","2","N","","4","0","0","0","0","0","2","2","0","4","","","","N","","","","","","","","","",""
"2022019636","1810","0","0","0","0","0","0","0","0","0","1","0","","67","2","2022","1","39.989545","-75.104342","1804","6","0","0","0","0","0","2","0","0","","0","0","0","","","1","N","0","","39 59:22.363","","0","75 06:15.632","3","0","0","0","67301","0","0","0","N","0","0","0","4","67301","0","","1.0","","1","N","N","N","2","","1","0","1","","0","","","3","1","1","0","0","0","0","2","0","3","","03","","N","","","","","","","","","",""
"2022029756","1920","1","0","0","0","0","0","0","0","0","4","0","","67","3","2022","6","39.977065","-75.229834","1920","6","0","0","0","0","0","0","0","0","","0","0","0","","","1","","1","","39 58:37.434","","0","75 13:47.402","3","0","0","0","67301","0","0","0","N","0","0","0","2","67301","0","","1.0","","1","N","N","N","0","","1","0","1","","2","","","2","1","0","0","0","0","0","2","0","2","","03","","N","","","","","","","","","",""
"2022021449","2100","2","0","0","0","0","0","0","0","0","1","0","","67","2","2022","7","40.094773","-75.015326","2100","6","0","0","0","0","0","0","1","0","","0","0","0","","","3","","1","","40 05:41.184","","0","75 00:55.174","8","0","0","0","67301","0","0","0","N","0","0","0","4","67301","0","","1.0","","1","N","N","N","0","","0","0","0","","2","","","2","3","0","0","0","3","1","2","0","2","","03","","N","","","","","","","","","",""
"2022049724","0538","0","0","0","0","0","0","0","0","0","7","0","","67","5","2022","7","39.901531","-75.152251","0528","6","0","0","0","0","0","0","0","0","","0","0","0","","","1","N","0","","39 54:05.513","","0","75 09:08.103","3","0","0","0","67301","0","0","0","N","0","0","0","1","68K01","0","","4.0","","9","N","N","N","0","","1","0","1","","0","","","1","1","0","0","0","0","0","2","0","1","","05","","N","","","","","","","","","",""
"2022029178","0006","0","0","0","0","0","0","0","0","0","8","0","","67","3","2022","1","39.95768","-75.162367","0006","6","0","0","0","0","0","0","0","0","","0","0","0","","","1","","1","","39 57:27.649","","8","75 09:44.521","3","0","0","0","67301","1","0","0","N","1","0","0","2","67301","0","","1.0","","1","N","N","N","0","","1","0","0","","2","","","2","1","0","0","0","0","0","2","0","1","","04","","N","","","","","","","","","",""
"2022045639","1805","2","0","0","0","0","0","0","0","0","1","0","","67","5","2022","7","39.977084","-75.198671","1749","6","0","0","0","0","0","2","0","1","","0","0","0","","","1","N","0","","39 58:37.503","","0","75 11:55.215","8","0","0","0","67301","0","0","0","N","0","0","0","6","68K01","0","","3.0","","9","N","N","N","0","","0","0","2","","0","","","4","1","0","0","0","1","0","2","0","4","","","","N","","","","","","","","","",""
"2022014704","0836","2","0","0","0","0","0","0","0","0","4","0","","67","2","2022","3","40.034997","-75.188438","0836","6","0","0","0","0","0","0","0","1","","0","0","0","","","4","","2","","40 02:05.989","5","0","75 11:18.376","4","0","0","0","67301","0","0","0","N","0","0","0","4","67301","4","","1.0","30.0","1","N","N","N","0","","0","0","1","","0","Y","","3","4","4","0","0","0","0","2","0","3","","","","N","","","","","","","","","",""
"2022034197","0750","1","0","0","0","0","0","0","0","0","7","0","","67","3","2022","1","39.959374","-75.17381","0744","6","0","0","0","0","0","0","0","0","","0","0","0","","","1","","7","","39 57:33.745","4","2","75 10:25.715","8","0","0","0","67301","0","0","0","Y","0","0","0","1","68K01","0","","7.0","822.0","1","N","N","N","0","","0","0","0","","0","Y","","1","1","0","0","0","1","0","2","0","1","","","","N","","","","","","","","","",""
"2022016634","1637","0","0","0","0","0","0","0","0","0","8","0","","67","2","2022","6","39.940644","-75.221552","1633","6","0","0","0","0","0","0","0","0","","0","0","0","","","1","","1","","39 56:26.318","","0","75 13:17.587","8","0","0","0","67301","1","0","0","N","1","0","0","2","67301","0","","1.0","","1","N","N","N","0","","0","0","1","","3","","","2","1","0","0","0","1","0","2","0","1","","03","","N","","","","","","","","","",""
"2022048718","1832","1","0","0","0","0","0","0","0","0","1","0","","67","5","2022","2","40.082691","-74.992635","1828","6","0","0","0","0","0","0","1","0","","0","0","0","","","0","N","0","","40 04:57.687","1","0","74 59:33.487","9","0","0","0","67301","0","0","0","N","0","0","0","2","67301","0","","1.0","1945.0","1","N","N","N","0","","0","0","1","","0","N","","2","0","0","0","0","0","2","2","0","2","","03","","N","","","","","","","","","",""
"2022030338","1545","2","0","0","0","0","0","0","0","0","1","0","","67","2","2022","3","40.006863","-75.073706","1533","6","0","0","0","0","0","0","1","0","","0","0","0","","","0","N","0","","40 00:24.706","","2","75 04:25.343","0","0","0","0","67301","0","0","0","N","0","0","0","3","68K01","0","","1.0","","1","N","N","N","0","","0","0","0","","0","","","3","0","0","0","0","0","0","2","1","3","","","","N","","","","","","","","","",""
"2022042342","2323","1","0","0","0","0","0","0","0","0","7","0","","67","4","2022","2","39.957903","-75.162088","2311","6","0","0","0","1","0","0","0","0","","0","0","0","","","0","N","0","","39 57:28.451","","0","75 09:43.516","0","0","0","0","67301","0","0","0","N","0","0","0","1","68K01","0","","4.0","","8","N","N","N","0","","0","0","0","","0","","","1","0","0","0","0","0","0","2","0","1","","07","","N","","","","","","","","","",""
"2022019624","1811","1","0","0","0","0","0","0","0","0","8","0","","67","2","2022","2","39.950528","-75.193194","1802","6","0","0","0","0","0","0","0","0","","0","0","0","","","1","N","0","","39 57:01.900","","0","75 11:35.500","8","0","0","0","67301","1","0","0","N","1","0","0","2","67301","0","","6.0","","1","N","N","N","0","","0","0","0","","0","","","2","1","0","0","0","1","0","2","0","1","","03","","N","","","","","","","","","",""
"2022030807","0854","1","0","0","0","0","0","0","0","0","7","0","","67","3","2022","3","39.984917","-75.146806","0850","6","0","0","0","0","0","0","0","0","","0","0","0","","","0","N","0","","39 59:05.700","","0","75 08:48.500","0","0","0","0","67301","0","0","0","N","0","0","0","1","67301","0","","4.0","","1","N","N","N","0","","0","0","0","","0","","","1","0","1","0","0","0","0","2","0","1","","03","","N","","","","","","","","","",""
"2022021498","0041","1","0","0","0","0","0","0","0","0","1","0","","67","2","2022","1","39.97103","-75.155661","0037","6","0","0","0","0","0","1","0","0","","0","0","0","","","1","","1","","39 58:15.708","","0","75 09:20.380","3","0","0","1","67301","0","0","0","N","0","0","0","3","67301","0","","1.0","","1","N","N","N","0","","1","0","0","","2","","","2","1","0","0","0","0","0","2","0","2","","","","N","","","","","","","","","",""
"2022051921","0550","1","0","0","0","0","0","0","0","0","7","0","","67","5","2022","6","39.932877","-75.200035","0542","6","0","0","0","0","0","0","0","0","","0","0","0","","","1","N","0","","39 55:58.358","4","0","75 12:00.126","3","0","0","0","67301","0","0","0","N","0","0","0","1","68K01","0","","3.0","616.0","9","N","N","N","0","","1","0","0","","0","N","","1","1","0","0","0","0","0","2","0","1","","","","N","","","","","","","","","",""
"2022019580","2046","1","0","0","0","0","0","0","0","0","1","0","","67","2","2022","5","39.918044","-75.242881","2046","6","0","0","0","0","0","0","0","0","","0","0","0","","","0","N","0","","39 55:04.960","","0","75 14:34.370","9","0","0","0","67301","0","0","0","N","0","0","0","5","67301","0","","1.0","","1","N","N","N","0","","0","0","1","","0","","","2","0","0","0","0","0","3","2","0","2","","","","N","","","","","","","","","",""
"2022036116","2030","3","0","0","0","0","0","0","0","0","4","0","","67","4","2022","7","39.984711","-75.161527","2020","6","0","0","0","0","0","0","0","0","","0","0","0","","","0","","1","","39 59:04.959","2","0","75 09:41.497","0","0","0","0","67301","0","0","0","N","0","0","0","3","67505","0","","1.0","2115.0","9","N","N","N","0","","0","0","0","","3","N","","3","0","0","0","0","0","0","2","0","3","","07","","N","","","","","","","","","",""
"2022019652","0217","2","0","0","0","0","0","0","0","0","1","0","","67","2","2022","1","39.991073","-75.132738","0215","6","0","0","0","0","0","0","0","0","","0","0","0","","","0","N","0","","39 59:27.862","","0","75 07:57.858","9","0","0","0","67301","0","0","0","N","0","0","0","1","67301","0","","6.0","","1","N","N","N","0","","0","0","1","","0","","","3","0","0","0","0","0","1","2","0","3","","03","","N","","","","","","","","","",""
"2022046207","0543","1","0","0","0","0","0","0","0","0","6","0","","67","4","2022","6","40.047166","-75.000742","0521","6","0","0","0","0","0","1","0","0","","0","0","0","","","0","N","0","","40 02:49.799","","0","75 00:02.671","0","0","0","0","67301","0","0","0","N","0","0","0","2","68K01","0","","1.0","","1","N","N","N","0","","0","0","1","","0","","","2","0","0","0","0","0","0","2","0","2","","","","N","","","","","","","","","",""
"2022039766","1808","0","0","0","0","0","0","0","0","0","1","0","","67","4","2022","7","39.877347","-75.252731","1753","6","0","0","0","0","0","1","0","0","","0","0","0","","","2","N","0","","39 52:38.448","","0","75 15:09.831","8","0","0","0","67301","0","0","0","N","0","0","0","6","68K01","0","","1.0","","1","N","N","N","0","","0","0","2","","0","","","2","2","0","0","0","2","0","2","0","2","","03","","N","","","","","","","","","",""
"2022050592","0017","0","0","0","0","0","0","0","0","0","8","0","","67","5","2022","4","40.012604","-75.16091","0016","6","0","0","0","0","0","0","1","0","","1","0","0","","","0","","1","","40 00:45.376","7","0","75 09:39.277","1","0","0","0","67301","1","1","0","N","1","1","0","2","67301","0","2","1.0","224.0","1","N","N","N","0","0","0","0","1","","2","Y","","2","0","0","0","0","0","0","2","0","1","","03","","N","","","","","","","","","",""
"2022026201","1657","0","0","0","0","0","0","0","0","0","4","0","","67","3","2022","7","39.93613","-75.175329","1635","6","0","0","0","0","0","0","0","0","","0","0","0","","","1","","2","","39 56:10.068","","0","75 10:31.184","3","0","0","0","67301","0","0","0","N","0","0","0","3","67301","0","","1.0","","6","N","N","N","0","","1","0","2","","3","","","2","1","0","0","0","0","0","2","0","2","","02","","N","","","","","","","","","",""
"2022022036","2220","0","0","0","0","0","0","0","0","0","5","0","","67","2","2022","7","39.972519","-75.253864","2220","6","0","0","0","0","0","0","0","0","","0","0","0","","","0","N","0","","39 58:21.067","","0","75 15:13.911","9","0","0","0","67301","0","0","0","N","0","0","0","1","67301","0","","6.0","","1","N","N","N","0","","0","0","3","","0","","","3","0","0","0","0","0","1","2","0","3","","03","","N","","","","","","","","","",""
"2022023742","1332","1","0","0","0","0","0","0","0","0","4","0","","67","3","2022","4","40.038513","-75.15845","1325","6","1","0","0","0","0","0","0","0","","0","0","0","","","1","","2","","40 02:18.646","","0","75 09:30.419","4","0","0","0","67301","0","0","0","N","0","0","0","2","67301","1","","1.0","","1","N","N","N","0","","0","0","1","","3","","","2","1","2","0","0","0","0","2","0","2","","03","","N","","","","","","","","","",""
"2022026972","1753","1","0","0","0","0","0","0","0","0","7","0","","67","3","2022","1","39.920524","-75.198321","1745","6","0","0","0","0","0","0","0","0","","0","0","0","","","0","N","0","","39 55:13.886","","0","75 11:53.957","9","0","0","0","67301","0","0","0","N","0","0","0","1","67301","0","","3.0","","1","N","N","N","0","","0","0","0","","0","","","1","0","0","0","0","0","1","2","0","1","","","","N","","","","","","","","","",""
"2022048175","1224","0","0","0","0","0","0","0","0","0","1","1","","67","3","2022","5","39.934637","-75.199491","1159","6","0","0","1","0","0","0","0","0","","0","1","0","","","3","N","0","","39 56:04.694","3","2","75 11:58.168","8","0","0","0","67301","0","0","0","N","0","0","0","7","68Z99","0","","1.0","1250.0","1","N","N","N","0","","0","0","1","","0","Y","","2","3","0","0","0","3","2","2","0","2","","03","","N","","","","","","","","","",""
"2022050865","1750","1","0","0","0","0","0","0","0","0","8","0","","67","6","2022","4","40.036726","-75.187508","1734","6","0","0","0","0","0","0","0","1","","0","0","0","","","1","","2","","40 02:12.212","","0","75 11:15.028","3","0","0","0","67301","1","0","0","N","1","0","0","2","67301","0","","1.0","","1","N","N","N","0","","1","0","0","","2","","","2","1","1","0","0","0","0","2","0","1","","03","","N","","","","","","","","","",""
"2022031239","0127","1","0","0","0","0","0","0","0","0","7","0","","67","3","2022","6","40.006699","-75.123548","0126","6","0","0","0","0","0","0","0","0","","0","0","0","","","1","N","0","","40 00:24.117","","0","75 07:24.772","3","0","0","0","67301","0","0","0","N","0","0","0","1","67301","0","","4.0","","9","N","N","N","0","","1","0","0","","0","","","1","1","0","0","0","0","0","2","0","1","","07","","N","","","","","","","","","",""
"2022043690","1344","3","0","0","0","0","0","0","0","0","7","0","","67","4","2022","7","39.995968","-75.218503","1344","6","0","0","0","0","0","2","0","0","","0","0","0","","","1","N","0","","39 59:45.486","","0","75 13:06.609","3","0","0","0","67301","0","0","0","N","0","0","0","5","68K01","0","","4.0","","1","N","N","N","0","","1","0","0","","0","","","3","1","0","0","0","0","0","2","0","3","","","","N","","","","","","","","","",""
"2022050731","1222","2","0","0","0","0","0","0","0","0","4","0","","67","5","2022","2","40.039876","-75.045109","1219","6","0","0","0","0","0","1","0","0","","0","0","0","","","1","","2","","40 02:23.553","","0","75 02:42.392","4","0","0","0","67301","0","0","0","N","0","0","0","2","67301","1","","1.0","","1","N","N","N","0","","0","0","0","","3","","","2","1","0","0","0","0","0","2","0","2","","","","N","","","","","","","","","",""
"2022044915","0816","2","0","0","0","0","0","0","0","0","4","0","","67","5","2022","6","40.071705","-75.179209","0808","6","0","0","0","0","0","1","0","0","","0","0","0","","","2","N","0","","40 04:18.138","6","7","75 10:45.154","3","0","0","0","67301","0","0","0","N","0","0","0","2","67301","0","","6.0","30.0","9","N","N","N","0","","2","0","0","","0","Y","","2","2","0","0","0","0","0","2","0","2","","07","","N","","","","","","","","","",""
"2022020699","0310","2","0","0","0","0","0","0","0","0","1","0","","67","2","2022","1","40.007286","-75.135892","0300","6","0","0","0","0","0","0","0","0","","0","0","0","","","0","","1","","40 00:26.228","","0","75 08:09.211","0","0","0","0","67301","0","0","0","N","0","0","0","1","67301","0","","4.0","","1","N","N","N","1","","0","0","0","","0","","","3","0","1","0","0","0","0","2","0","3","","04","","N","","","","","","","","","",""
"2022024539","0537","1","0","0","0","0","0","0","0","0","4","0","","67","3","2022","4","40.022303","-75.162025","0537","6","0","0","0","0","0","0","0","0","","0","0","0","","","1","","1","","40 01:20.289","","0","75 09:43.290","4","0","0","0","67301","0","0","0","N","0","0","0","2","67301","1","","1.0","","1","N","N","N","0","","0","0","1","","2","","","2","1","0","0","0","0","1","2","0","2","","04","","N","","","","","","","","","",""
"2022043794","1630","1","0","0","0","0","0","0","0","0","4","0","","67","4","2022","7","39.926057","-75.182739","1630","6","0","0","0","0","0","0","0","0","","0","0","0","","","0","","1","","39 55:33.806","","0","75 10:57.862","0","0","0","0","67301","0","0","0","N","0","0","0","2","67301","0","","1.0","","1","N","N","N","0","","0","0","1","","2","","","2","0","0","0","0","0","0","2","0","2","","03","","N","","","","","","","","","",""
"2022053216","0033","1","0","0","0","0","0","0","0","0","4","0","","67","4","2022","3","39.985357","-75.161384","0032","6","0","0","0","0","0","0","0","0","","0","0","0","","","3","","1","","39 59:07.285","2","0","75 09:40.982","4","0","0","0","67301","0","0","0","N","0","0","0","4","67301","3","","1.0","105.0","9","N","N","N","0","","0","0","1","","2","N","","2","3","0","0","0","0","0","2","0","2","","07","","N","","","","","","","","","",""
"2022035417","2325","1","0","0","0","0","0","0","0","0","5","0","","67","4","2022","4","39.977806","-75.159806","2320","6","0","0","0","0","0","0","0","0","","0","0","0","","","0","N","0","","39 58:40.100","","0","75 09:35.300","0","0","0","0","67301","0","0","0","N","0","0","0","3","67505","0","","1.0","","1","N","N","N","0","","0","0","0","","0","","","2","0","0","0","0","0","0","2","0","2","","03","","N","","","","","","","","","",""
"2022019592","1950","1","0","0","0","0","0","0","0","0","4","0","","67","2","2022","2","40.037944","-75.078194","1945","6","0","0","0","0","1","0","0","0","","0","0","0","","","1","","1","","40 02:16.600","","0","75 04:41.500","4","0","0","0","67301","0","0","0","N","0","0","0","2","67301","1","","1.0","","9","N","N","N","0","","0","0","1","","0","","","2","1","0","0","0","0","1","2","0","2","","04","","N","","","","","","","","","",""
"2022043917","0133","4","0","0","0","0","0","0","0","0","4","0","","67","5","2022","2","40.078536","-75.173378","0128","6","0","0","0","0","0","0","0","0","","0","0","0","","","0","N","0","","40 04:42.730","5","0","75 10:24.160","0","0","0","0","67301","0","0","0","N","0","0","0","1","67301","0","","6.0","259.0","1","N","N","Y","0","","0","0","0","","0","Y","","4","0","0","0","0","0","0","2","0","4","","03","","N","","","","","","","","","",""
"2022045499","2105","1","0","0","0","0","0","0","0","0","7","0","55","67","3","2022","7","40.011134","-75.061798","2044","6","0","0","0","0","0","0","0","0","","0","0","0","","","0","N","0","","40 00:40.084","","0","75 03:42.474","0","0","0","0","67301","0","0","0","Y","0","0","0","1","68K01","0","","2.0","","1","N","N","N","0","","0","0","0","","0","","","1","0","0","0","0","0","0","2","0","1","","","N","Y","8","1","","","N","","","Y","","N"
"2022030012","0255","3","0","0","0","0","0","0","0","0","1","0","","67","3","2022","2","40.020202","-75.183588","0248","6","0","0","0","0","0","0","0","0","","0","0","0","","","0","N","0","","40 01:12.726","","0","75 11:00.918","9","0","0","0","67301","0","0","0","N","0","0","0","1","67301","0","","6.0","","1","N","N","N","0","","0","0","0","","0","","","3","0","0","0","0","0","1","2","0","3","","03","","N","","","","","","","","","",""
"2022044073","1728","1","0","0","0","0","0","0","0","0","1","0","","67","5","2022","2","39.976221","-75.119875","1728","6","0","0","0","0","0","1","0","0","","0","0","0","","","2","N","0","","39 58:34.395","","0","75 07:11.551","3","0","0","0","67301","0","0","0","N","0","0","0","2","67301","0","","1.0","","1","N","N","N","0","","2","0","1","","0","","","2","2","0","0","0","0","0","2","0","2","","03","","N","","","","","","","","","",""
"2022035801","1455","0","0","0","0","0","0","1","0","0","4","1","","67","3","2022","3","40.046964","-75.058761","1445","6","0","0","0","0","0","1","0","0","","0","0","0","","","1","N","0","","40 02:49.071","","7","75 03:31.539","4","0","0","0","67301","0","0","0","N","0","0","0","3","67508","1","","1.0","","1","N","N","N","1","","0","0","0","","0","","","2","1","0","0","0","0","2","2","0","2","","03","","N","","","","","","","","","",""
"2022044080","2220","1","0","0","0","0","0","0","0","0","5","0","","67","5","2022","5","39.969416","-75.139285","2220","6","0","0","0","0","0","0","0","0","","0","0","0","","","1","N","0","","39 58:09.898","","0","75 08:21.426","3","0","0","0","67301","0","0","0","N","0","0","0","1","67301","0","","1.0","","1","N","N","N","0","","1","0","1","","0","","","2","1","0","0","0","0","0","2","0","2","","03","","N","","","","","","","","","",""
"2022020695","0122","2","0","0","0","0","0","0","0","0","1","0","","67","2","2022","1","39.977746","-75.158143","0122","6","0","0","0","0","2","0","0","0","","0","0","0","","","1","N","0","","39 58:39.887","2","0","75 09:29.316","2","0","0","0","67301","0","0","0","N","0","0","0","6","67505","0","","1.0","200.0","1","N","N","N","1","","0","1","2","","0","Y","","5","1","1","0","1","0","0","2","0","5","","03","","N","","","","","","","","","",""
"2022048025","0552","1","0","0","0","0","0","0","0","0","4","0","","67","5","2022","2","39.915997","-75.164524","0549","6","0","0","0","0","0","2","0","0","","0","0","0","","","2","","1","","39 54:57.588","","0","75 09:52.288","3","0","0","0","67301","0","0","0","N","0","0","0","4","67301","0","","1.0","","1","N","N","N","1","","2","0","0","","2","","","2","2","0","0","0","0","0","2","0","2","","","","N","","","","","","","","","",""
"2022044062","1700","1","0","0","0","0","0","0","0","0","4","0","","67","4","2022","6","39.973137","-75.148382","1700","6","0","0","0","0","0","0","0","0","","0","0","0","","","1","","1","","39 58:23.293","","0","75 08:54.175","8","0","0","0","67301","0","0","0","N","0","0","0","2","67301","0","","1.0","","1","N","N","Y","0","","0","0","2","","0","","","3","1","0","0","0","1","0","2","0","3","","03","","N","","","","","","","","","",""
"2022019670","1402","0","0","0","0","0","0","0","0","0","4","0","","67","2","2022","3","40.052978","-75.136681","1357","6","0","0","0","0","0","1","0","0","","0","0","0","","","1","","1","","40 03:10.720","","0","75 08:12.051","3","0","0","0","67301","0","0","0","N","0","0","0","2","67301","0","","1.0","","9","N","N","N","0","","1","0","2","","2","","","2","1","0","0","0","0","0","2","0","2","","","","N","","","","","","","","","",""
"2022032871","1033","2","0","0","0","0","0","0","0","0","1","0","","67","3","2022","2","40.062448","-75.042717","1033","6","0","0","0","0","1","0","0","0","","0","0","0","","","1","","2","","40 03:44.813","","0","75 02:33.782","8","0","0","0","67301","0","0","0","N","0","0","0","2","67301","0","","1.0","","9","N","N","N","0","","0","0","0","","2","","","2","1","0","0","0","1","0","2","0","2","","07","","N","","","","","","","","","",""
"2022025396","0617","2","0","0","0","0","0","0","0","0","4","0","","67","3","2022","7","40.041689","-75.071222","0557","6","0","0","0","0","0","0","0","0","","0","0","0","","","1","","1","","40 02:30.080","7","0","75 04:16.399","3","0","0","0","67301","0","0","0","N","0","0","0","4","67301","0","","1.0","720.0","9","N","N","N","0","","1","0","0","","3","N","","2","1","0","0","0","0","0","2","0","2","","","","N","","","","","","","","","",""
"2022030412","1108","1","0","0","0","0","0","0","0","0","4","0","","67","3","2022","1","40.001585","-75.152798","1104","6","0","0","0","0","0","0","0","0","","0","0","0","","","0","","1","","40 00:05.705","","0","75 09:10.074","0","0","0","0","67301","0","0","0","N","0","0","0","3","67301","0","","1.0","","1","N","N","N","0","","0","0","1","","2","","","2","0","0","0","0","0","0","2","0","2","","03","","N","","","","","","","","","",""
"2022047178","0331","1","0","0","0","0","0","0","0","0","7","0","","67","5","2022","1","40.012406","-75.070131","0326","6","0","0","0","0","0","0","0","0","","0","0","0","","","0","N","0","","40 00:44.663","","0","75 04:12.470","0","0","0","0","67301","0","0","0","N","0","0","0","0","67301","0","","5.0","","1","N","N","N","0","","0","0","0","","0","","","1","0","0","0","0","0","0","2","0","1","","03","","N","","","","","","","","","",""
"2022020237","0644","1","0","0","0","0","0","0","0","0","1","0","","67","2","2022","5","39.994797","-75.083667","0644","6","0","0","0","0","0","0","0","0","","0","0","0","","","0","N","0","","39 59:41.268","","0","75 05:01.201","0","0","0","0","67301","0","0","0","N","0","0","0","3","68K01","0","","1.0","","1","N","N","N","0","","0","0","2","","0","","","3","0","0","0","0","0","0","2","0","3","","","","N","","","","","","","","","",""
"2022035756","0649","0","0","0","0","0","0","0","0","0","7","0","","67","3","2022","2","39.95806","-75.16573","0639","6","0","0","0","0","0","0","0","0","","0","0","0","","","0","N","0","","39 57:29.015","3","2","75 09:56.628","0","0","0","0","67301","0","0","0","N","0","0","0","1","68K01","0","","4.0","658.0","1","N","N","N","0","","0","0","1","","0","N","","1","0","1","0","0","0","0","2","0","1","","","","N","","","","","","","","","",""
"2022021497","1635","3","0","0","0","0","0","0","0","0","4","0","","67","2","2022","2","40.071476","-75.169018","1622","6","0","0","0","1","0","1","0","0","","0","0","0","","","1","","1","","40 04:17.313","","0","75 10:08.464","3","0","0","0","67301","0","0","0","N","0","0","0","2","67301","0","","1.0","","1","N","N","N","0","","1","0","0","","3","","","3","1","0","0","0","0","0","2","0","3","","","","N","","","","","","","","","",""
"2022043677","1258","2","0","0","0","0","0","0","0","0","1","1","","67","4","2022","2","40.021928","-75.039464","1240","6","0","0","0","0","0","1","0","0","","0","1","0","","","0","N","0","","40 01:18.942","","0","75 02:22.071","9","0","0","0","67301","0","0","0","N","0","0","0","4","68K01","0","","1.0","","1","N","N","N","0","","0","0","1","","0","","","4","0","0","0","0","0","1","2","0","4","","","","N","","","","","","","","","",""
"2022029719","1838","1","0","0","0","0","0","0","0","0","5","0","","67","3","2022","2","40.021864","-75.126881","1834","6","0","0","0","0","0","0","0","0","","0","0","0","","","0","N","0","","40 01:18.710","4","0","75 07:36.770","0","0","0","0","67301","0","0","0","N","0","0","0","2","67301","0","","1.0","1920.0","1","N","N","N","0","","0","0","1","","0","N","","2","0","2","0","0","0","0","2","0","2","","03","","N","","","","","","","","","",""
"2022032916","1747","1","0","0","0","0","0","0","0","0","6","0","","67","4","2022","2","39.995008","-75.18565","1745","6","0","0","0","0","0","0","0","0","","0","0","0","","","0","N","0","","39 59:42.030","","0","75 11:08.340","0","0","0","0","67301","0","0","0","N","0","0","0","1","67301","0","","6.0","","1","N","N","N","0","","0","0","1","","0","","","2","0","1","0","0","0","0","2","0","2","","03","","N","","","","","","","","","",""
"2022048197","1145","0","0","0","0","0","0","0","0","0","5","1","","67","5","2022","6","40.040278","-75.006114","1136","6","0","0","0","0","0","1","0","1","","0","1","0","","","0","N","0","","40 02:25.001","2","0","75 00:22.009","0","0","0","0","67301","0","0","0","N","0","0","0","2","68K01","0","","1.0","1200.0","8","N","N","N","0","","0","0","1","","0","N","","2","0","0","0","0","0","0","2","0","2","","04","","N","","","","","","","","","",""
"2022044039","2120","0","0","0","0","0","0","0","0","0","8","0","","67","4","2022","2","39.998041","-75.125401","2120","6","0","0","0","0","0","0","0","0","","0","0","0","","","1","","1","","39 59:52.946","","0","75 07:31.445","3","0","0","0","67301","1","0","0","N","1","0","0","1","67301","0","","1.0","","99","N","Y","N","0","","1","0","0","","2","","","2","1","0","0","0","0","0","2","0","1","","","","N","","","","","","","","","",""