"CRN","ARRIVAL_TM","AUTOMOBILE_COUNT","BELTED_DEATH_COUNT","BELTED_SUSP_SERIOUS_INJ_COUNT","BICYCLE_COUNT","BICYCLE_DEATH_COUNT","BICYCLE_SUSP_SERIOUS_INJ_COUNT","BUS_COUNT","CHLDPAS_DEATH_COUNT","CHLDPAS_SUSP_SERIOUS_INJ_COUNT","COLLISION_TYPE","COMM_VEH_COUNT","CONS_ZONE_SPD_LIM","COUNTY","CRASH_MONTH","CRASH_YEAR","DAY_OF_WEEK","DEC_LATITUDE","DEC_LONGITUDE","DISPATCH_TM","DISTRICT","DRIVER_COUNT_16YR","DRIVER_COUNT_17YR","DRIVER_COUNT_18YR","DRIVER_COUNT_19YR","DRIVER_COUNT_20YR","DRIVER_COUNT_50_64YR","DRIVER_COUNT_65_74YR","DRIVER_COUNT_75PLUS","EST_HRS_CLOSED","FATAL_COUNT","HEAVY_TRUCK_COUNT","HORSE_BUGGY_COUNT","HOUR_OF_DAY","ILLUMINATION","INJURY_COUNT","INTERSECTION_RELATED","INTERSECT_TYPE","LANE_CLOSED","LATITUDE","LN_CLOSE_DIR","LOCATION_TYPE","LONGITUDE","MAX_SEVERITY_LEVEL","MCYCLE_DEATH_COUNT","MCYCLE_SUSP_SERIOUS_INJ_COUNT","MOTORCYCLE_COUNT","MUNICIPALITY","NONMOTR_COUNT","NONMOTR_DEATH_COUNT","NONMOTR_SUSP_SERIOUS_INJ_COUNT","NTFY_HIWY_MAINT","PED_COUNT","PED_DEATH_COUNT","PED_SUSP_SERIOUS_INJ_COUNT","PERSON_COUNT","POLICE_AGCY","POSSIBLE_INJ_COUNT","RDWY_SURF_TYPE_CD","RELATION_TO_ROAD","ROADWAY_CLEARED","ROAD_CONDITION","SCH_BUS_IND","SCH_ZONE_IND","SECONDARY_CRASH","SMALL_TRUCK_COUNT","SPEC_JURIS_CD","SUSP_MINOR_INJ_COUNT","SUSP_SERIOUS_INJ_COUNT","SUV_COUNT","TCD_FUNC_CD","TCD_TYPE","TFC_DETOUR_IND","TIME_OF_DAY","TOTAL_UNITS","TOT_INJ_COUNT","UNBELTED_OCC_COUNT","UNB_DEATH_COUNT","UNB_SUSP_SERIOUS_INJ_COUNT","UNK_INJ_DEG_COUNT","UNK_INJ_PER_COUNT","URBAN_RURAL","VAN_COUNT","VEHICLE_COUNT","WEATHER1","WEATHER2","WORKERS_PRES","WORK_ZONE_IND","WORK_ZONE_LOC","WORK_ZONE_TYPE","WZ_CLOSE_DETOUR","WZ_FLAGGER","WZ_LAW_OFFCR_IND","WZ_LN_CLOSURE","WZ_MOVING","WZ_OTHER","WZ_SHLDER_MDN","WZ_WORKERS_INJ_KILLED"
"2022032889","1210","0","0","0","0","0","0","0","0","0","1","0","","67","4","2022","3","40.057125","-75.172672","1208","6","0","0","0","0","0","0","0","0","","0","0","0","","","0","N","0","","40 03:25.650","","0","75 10:21.620","0","0","0","0","67301","0","0","0","N","0","0","0","1","67301","0","","6.0","","1","N","N","N","0","","0","0","2","","0","","","2","0","0","0","0","0","0","2","0","2","","04","","N","","","","","","","","","",""
"2022024008","1331","1","0","0","0","0","0","0","0","0","1","0","","67","2","2022","2","40.002335","-75.078098","1324","6","0","0","0","0","0","0","0","0","","0","0","0","","","2","N","0","","40 00:08.407","1","3","75 04:41.154","3","0","0","0","67301","0","0","0","N","0","0","0","4","68K01","1","","1.0","1335.0","1","N","N","N","1","","1","0","1","","0","N","","3","2","0","0","0","0","0","2","0","3","","","","N","","","","","","","","","",""
"2022019574","0319","2","0","0","0","0","0","0","0","0","5","0","","67","2","2022","5","39.970858","-75.159646","0313","6","0","0","0","0","0","1","0","0","","0","0","0","","","1","N","0","","39 58:15.089","","0","75 09:34.727","8","0","0","0","67301","0","0","0","N","0","0","0","2","67301","0","","1.0","","1","N","N","N","0","","0","0","0","","0","","","2","1","0","0","0","1","1","2","0","2","","03","","N","","","","","","","","","",""
"2022043955","1522","1","0","0","0","0","0","0","0","0","4","0","","67","4","2022","7","39.934452","-75.179574","1522","6","0","0","0","0","0","0","0","0","","0","0","0","","","0","","1","","39 56:04.026","","0","75 10:46.467","0","0","0","0","67301","0","0","0","N","0","0","0","1","67301","0","","1.0","","99","N","N","N","0","","0","0","2","","0","","","3","0","1","0","0","0","0","2","0","3","","","","N","","","","","","","","","",""
"2022047221","0819","1","0","0","0","0","0","0","0","0","7","0","","67","5","2022","4","39.975069","-75.121251","0819","6","0","0","0","0","0","0","0","0","","0","0","0","","","1","N","0","","39 58:30.248","","0","75 07:16.504","3","0","0","0","67301","0","0","0","N","0","0","0","1","67301","0","","5.0","","1","N","N","N","0","","1","0","0","","2","","","1","1","0","0","0","0","0","2","0","1","","03","","N","","","","","","","","","",""
"2022029174","1343","2","0","0","0","0","0","0","0","0","1","0","","67","3","2022","4","40.057576","-75.233271","1338","6","0","0","0","0","0","0","0","0","","0","0","0","","","1","N","0","","40 03:27.274","1","0","75 13:59.774","3","0","0","0","67301","0","0","0","N","0","0","0","4","67301","0","","1.0","1415.0","1","N","N","N","0","","1","0","1","","0","N","","3","1","0","0","0","0","0","2","0","3","","03","","N","","","","","","","","","",""
"2022044029","1758","1","0","0","0","0","0","0","0","0","8","0","","67","4","2022","3","40.015171","-75.111501","1725","6","0","0","0","0","0","1","0","0","","0","0","0","","","2","","2","","40 00:54.615","","0","75 06:41.403","3","0","0","0","67301","2","0","0","N","2","0","0","3","67301","0","","1.0","","1","N","N","N","0","","2","0","0","","3","","","3","2","0","0","0","0","0","2","0","1","","04","","N","","","","","","","","","",""
"2022016143","1219","0","0","0","0","0","0","0","0","0","7","0","","67","2","2022","7","40.036472","-75.022877","1212","6","0","0","0","0","0","0","0","1","","0","0","0","","","1","N","0","","40 02:11.299","","0","75 01:22.356","3","0","0","1","67301","0","0","0","N","0","0","0","2","67301","0","","5.0","","1","N","N","N","0","","1","0","0","","0","","","1","1","0","0","0","0","0","2","0","1","","","","N","","","","","","","","","",""
"2022036842","2238","1","0","0","0","0","0","0","0","0","4","0","","67","4","2022","3","39.985547","-75.162945","2235","6","0","0","0","0","0","0","0","0","","0","0","0","","","3","","1","","39 59:07.969","1","0","75 09:46.601","3","0","0","0","67301","0","0","0","N","0","0","0","4","67505","0","","1.0","2255.0","9","N","N","N","0","","3","0","1","","2","Y","","2","3","0","0","0","0","0","2","0","2","","","","N","","","","","","","","","",""
"2022043966","0112","2","0","0","0","0","0","0","0","0","5","0","","67","3","2022","2","39.960863","-75.244485","0110","6","0","0","0","0","0","0","0","0","","0","0","0","","","1","N","0","","39 57:39.107","","0","75 14:40.147","3","0","0","0","67301","0","0","0","N","0","0","0","1","67301","0","","6.0","","1","N","N","N","0","","1","0","2","","0","","","4","1","0","0","0","0","0","2","0","4","","03","","N","","","","","","","","","",""
"2022043963","1600","0","0","0","0","0","0","1","0","0","5","1","","67","5","2022","4","39.938897","-75.195019","1421","6","0","0","0","0","0","1","0","0","","0","0","0","","","0","N","0","","39 56:20.030","","0","75 11:42.070","0","0","0","0","67301","0","0","0","N","0","0","0","3","67301","0","","1.0","","1","N","N","Y","0","","0","0","1","","0","","","2","0","0","0","0","0","0","2","0","2","","","","N","","","","","","","","","",""
"2022020791","1210","0","0","0","0","0","0","0","0","0","8","0","","67","2","2022","7","39.987754","-75.182046","1203","6","0","0","0","0","0","1","0","0","","0","0","0","","","1","N","0","","39 59:15.914","","0","75 10:55.366","3","0","0","0","67301","1","0","0","N","1","0","0","2","67301","0","","1.0","","1","N","N","N","0","","1","0","1","","0","","","2","1","0","0","0","0","0","2","0","1","","03","","N","","","","","","","","","",""
"2022029201","1847","2","0","0","0","0","0","0","0","0","4","0","","67","3","2022","6","39.923882","-75.245331","1845","6","0","0","0","0","1","0","0","0","","0","0","0","","","0","","1","","39 55:25.975","","0","75 14:43.191","0","0","0","0","67301","0","0","0","N","0","0","0","2","67301","0","","1.0","","1","N","N","N","0","","0","0","0","","3","","","2","0","0","0","0","0","0","2","0","2","","03","","N","","","","","","","","","",""
"2022019617","2247","2","0","0","0","0","0","0","0","0","5","0","","67","2","2022","6","39.937106","-75.176994","2240","6","0","0","0","0","0","0","0","0","","0","0","0","","","2","N","0","","39 56:13.580","2","0","75 10:37.180","3","0","0","0","67301","0","0","0","N","0","0","0","3","67301","0","","6.0","2337.0","1","N","N","N","0","","2","0","1","","0","N","","4","2","0","0","0","0","0","2","1","4","","","","N","","","","","","","","","",""
"2022019579","1910","1","0","0","0","0","0","0","0","0","7","0","","67","2","2022","5","39.887484","-75.247993","1908","6","0","0","0","0","0","0","0","0","","0","0","0","","","2","","2","","39 53:14.941","","0","75 14:52.776","8","0","0","0","67301","0","0","0","N","0","0","0","2","67301","0","","4.0","","1","N","N","N","0","","0","0","0","","2","","","2","2","0","0","0","2","0","2","0","1","","","","N","","","","","","","","","",""
"2022014906","2028","1","0","0","0","0","0","0","0","0","7","0","","67","2","2022","2","39.999174","-75.155134","2026","6","0","0","0","0","0","0","0","0","","0","0","0","","","1","","2","","39 59:57.026","","0","75 09:18.482","2","0","0","0","67301","0","0","0","N","0","0","0","1","67301","0","","5.0","","9","N","N","N","0","","0","1","0","","3","","","1","1","0","0","0","0","0","2","0","1","","","","N","","","","","","","","","",""
"2022016177","1225","2","0","0","0","0","0","0","0","0","1","0","","67","2","2022","5","40.019019","-75.147199","1225","6","0","0","0","0","0","1","0","0","","0","0","0","","","3","","1","","40 01:08.467","","0","75 08:49.916","4","0","0","0","67301","0","0","0","N","0","0","0","4","67301","3","","1.0","","99","N","N","N","0","","0","0","1","","2","","","3","3","4","0","0","0","1","2","0","3","","","","N","","","","","","","","","",""
"2022030048","1640","3","0","0","0","0","0","0","0","0","3","0","","67","3","2022","6","40.024386","-75.219775","1632","6","0","0","0","0","0","0","0","1","","0","0","0","","","0","N","0","","40 01:27.790","","7","75 13:11.190","0","0","0","0","67301","0","0","0","N","0","0","0","3","67301","0","","1.0","","1","N","N","N","0","","0","0","0","","0","","","3","0","0","0","0","0","0","2","0","3","","03","","N","","","","","","","","","",""
"2022032220","1940","1","0","0","0","0","0","0","0","0","5","0","","67","4","2022","1","39.962531","-75.194998","0935","6","0","0","0","0","0","0","0","0","","0","0","0","","","0","N","0","","39 57:45.113","","0","75 11:41.993","0","0","0","0","67301","0","0","0","N","0","0","0","1","67507","0","","6.0","","9","N","N","Y","0","","0","0","1","","0","","","2","0","1","0","0","0","0","2","0","2","","04","","N","","","","","","","","","",""
"2022032928","1642","1","0","0","0","0","0","0","0","0","4","0","","67","4","2022","1","40.026388","-75.117154","1629","6","0","0","0","0","0","1","0","0","","0","0","0","","","4","","1","","40 01:34.996","","0","75 07:01.756","4","0","0","0","67301","0","0","0","N","0","0","0","5","67301","1","","1.0","","1","N","N","N","1","","0","0","0","","2","","","2","4","0","0","0","3","0","2","0","2","","03","","N","","","","","","","","","",""
"2022043983","1800","2","0","0","0","0","0","0","0","0","4","0","","67","4","2022","4","39.961563","-75.224538","1800","6","0","0","0","0","0","0","0","0","","0","0","0","","","1","","1","","39 57:41.628","","0","75 13:28.335","8","0","0","0","67301","0","0","0","N","0","0","0","2","67301","0","","1.0","","1","N","N","N","0","","0","0","0","","2","","","2","1","0","0","0","1","1","2","0","2","","03","","N","","","","","","","","","",""
"2022026244","0110","0","0","0","0","0","0","0","0","0","4","0","","67","2","2022","1","39.953327","-75.183701","0100","6","0","0","0","0","0","0","0","0","","0","0","0","","","0","","1","","39 57:11.978","2","0","75 11:01.324","9","0","0","0","67301","0","0","0","N","0","0","0","2","67301","0","","1.0","215.0","1","N","N","N","0","","0","0","1","","2","N","","2","0","0","0","0","0","1","2","0","2","","03","","N","","","","","","","","","",""
"2022050729","1312","1","0","0","0","0","0","0","0","0","4","0","","67","5","2022","1","40.028261","-75.074422","1303","6","0","0","0","0","0","0","0","0","","0","0","0","","","0","","1","","40 01:41.740","1","0","75 04:27.919","9","0","0","0","67301","0","0","0","N","0","0","0","3","67301","0","","1.0","1409.0","1","N","N","N","0","","0","0","1","","3","N","","2","0","0","0","0","0","3","2","0","2","","03","","N","","","","","","","","","",""
"2022020138","0950","0","0","0","0","0","0","0","0","0","8","0","","67","2","2022","3","39.970235","-75.159775","0930","6","0","0","0","0","0","0","0","0","","0","0","0","","","1","","1","","39 58:12.846","","0","75 09:35.189","3","0","0","0","67301","1","0","0","N","1","0","0","2","67301","0","","1.0","","1","N","N","N","0","","1","0","1","","2","","","2","1","0","0","0","0","1","2","0","1","","03","","N","","","","","","","","","",""
"2022020657","1959","0","0","0","0","0","0","0","0","0","5","0","","67","2","2022","6","39.929847","-75.155575","1958","6","0","0","0","0","0","0","0","0","","0","0","0","","","3","N","0","","39 55:47.450","","0","75 09:20.070","3","0","0","0","67301","0","0","0","N","0","0","0","3","67301","0","","1.0","","1","N","N","N","0","","3","0","0","","0","","","2","3","0","0","0","0","0","2","2","2","","","","N","","","","","","","","","",""
"2022038129","2358","3","0","0","0","0","0","0","0","0","5","0","","67","4","2022","6","39.961306","-75.187056","2356","6","0","0","0","0","0","0","0","0","","0","0","0","","","0","N","0","","39 57:40.700","1","0","75 11:13.400","0","0","0","0","67301","0","0","0","N","0","0","0","1","67507","0","","6.0","137.0","1","N","N","N","0","","0","0","0","","0","Y","","3","0","0","0","0","0","0","2","0","3","","03","","N","","","","","","","","","",""
"2022025166","1418","1","0","0","0","0","0","0","0","0","4","0","","67","3","2022","6","40.066952","-75.158297","1414","6","0","0","0","0","0","0","0","0","","0","0","0","","","4","","5","","40 04:01.027","6","0","75 09:29.868","2","0","0","0","67301","0","0","0","N","0","0","0","4","67301","0","","1.0","1722.0","1","N","N","N","0","","2","2","1","","2","Y","","2","4","2","0","2","0","0","2","0","2","","03","","N","","","","","","","","","",""
"2022019584","2223","1","0","0","0","0","0","0","0","0","8","0","","67","2","2022","5","40.061913","-75.163162","2223","6","0","0","0","0","0","0","0","0","","0","0","0","","","1","","1","","40 03:42.886","","0","75 09:47.382","8","0","0","0","67301","1","0","0","N","1","0","0","2","67301","0","","1.0","","9","N","N","N","0","","0","0","0","","2","","","2","1","0","0","0","1","0","2","0","1","","07","","N","","","","","","","","","",""
"2022043994","1615","1","0","0","0","0","0","0","0","0","2","0","","67","5","2022","3","39.99178","-75.186379","1610","6","0","0","0","0","0","0","0","0","","0","0","0","","","1","","2","","39 59:30.408","","0","75 11:10.966","3","0","0","0","67301","0","0","0","N","0","0","0","2","67301","0","","1.0","","1","N","N","N","0","","1","0","1","","2","","","2","1","0","0","0","0","0","2","0","2","","03","","N","","","","","","","","","",""
"2022023788","1910","1","0","0","0","0","0","0","0","0","4","0","","67","3","2022","6","39.972346","-75.124101","1905","6","0","0","0","0","0","0","0","0","","0","0","0","","","0","N","0","","39 58:20.446","","0","75 07:26.765","0","0","0","0","67301","0","0","0","N","0","0","0","2","67301","0","","1.0","","1","N","N","N","0","","0","0","1","","0","","","2","0","0","0","0","0","0","2","0","2","","","","N","","","","","","","","","",""
"2022030729","0739","1","0","0","0","0","0","0","0","0","1","0","","67","3","2022","2","40.04274","-75.113559","0737","6","0","0","0","0","0","0","0","0","","0","0","0","","","1","","1","","40 02:33.864","","0","75 06:48.811","8","0","0","0","67301","0","0","0","N","0","0","0","3","67301","0","","1.0","","1","N","N","N","0","","0","0","2","","2","","","3","1","0","0","0","1","2","2","0","3","","03","","N","","","","","","","","","",""
"2022052137","0302","2","0","0","0","0","0","0","0","0","5","0","","67","6","2022","1","40.037175","-75.166142","0300","6","0","0","0","0","0","0","0","0","","0","0","0","","","1","N","0","","40 02:13.830","","0","75 09:58.110","3","0","0","0","67301","0","0","0","N","0","0","0","1","67301","0","","1.0","","1","N","N","N","1","","1","0","3","","0","","","6","1","1","0","0","0","0","2","0","6","","","","N","","","","","","","","","",""
"2022019569","1621","1","0","0","0","0","0","0","0","0","4","0","","67","2","2022","1","40.056616","-75.029043","1611","6","0","0","0","0","0","1","0","0","","0","0","0","","","1","","1","","40 03:23.816","","0","75 01:44.553","3","0","0","0","67301","0","0","0","N","0","0","0","2","67301","0","","1.0","","1","N","N","N","1","","1","0","0","","2","","","2","1","0","0","0","0","0","2","0","2","","","","N","","","","","","","","","",""
"2022043838","1711","0","0","0","0","0","0","0","0","0","8","0","","67","4","2022","5","40.111198","-75.024348","1656","6","0","0","0","0","0","0","0","0","","0","0","0","","","1","","1","","40 06:40.311","","0","75 01:27.652","8","0","0","0","67301","1","0","0","N","1","0","0","2","67301","0","","1.0","","1","N","N","N","0","","0","0","1","","2","","","2","1","0","0","0","1","0","2","0","1","","","","N","","","","","","","","","",""
"2022016146","1250","2","0","0","0","0","0","0","0","0","5","0","","67","2","2022","1","39.978469","-75.157986","1245","6","0","0","0","0","0","0","0","0","","0","0","0","","","0","N","0","","39 58:42.490","2","0","75 09:28.751","0","0","0","0","67301","0","0","0","N","0","0","0","3","67505","0","","6.0","1320.0","9","N","N","N","0","","0","0","0","","0","N","","2","0","0","0","0","0","0","2","0","2","","","","N","","","","","","","","","",""
"2022039993","1650","2","0","0","0","0","0","0","0","0","1","0","","67","3","2022","4","39.915008","-75.147772","1623","6","0","0","0","0","0","1","0","0","","0","0","0","","","1","N","0","","39 54:54.028","","0","75 08:51.978","3","0","0","0","67301","0","0","0","N","0","0","0","3","68K01","0","","1.0","","1","N","N","N","0","","1","0","0","","0","","","2","1","0","0","0","0","1","2","0","2","","","","N","","","","","","","","","",""
"2022029278","1645","1","0","0","0","0","0","0","0","0","8","0","","67","3","2022","2","40.037827","-75.142738","1642","6","0","0","0","0","0","1","0","0","","0","0","0","","","1","","2","","40 02:16.177","","0","75 08:33.856","3","0","0","0","67301","1","0","0","N","1","0","0","2","67301","0","","1.0","","1","N","N","N","0","","1","0","0","","3","","","2","1","0","0","0","0","0","2","0","1","","","","N","","","","","","","","","",""
"2022019663","0534","1","0","0","0","0","0","0","0","0","1","0","","67","2","2022","4","40.043734","-75.125962","0529","6","0","0","0","0","0","1","0","0","","0","0","0","","","2","","1","","40 02:37.443","","0","75 07:33.463","3","0","0","0","67301","0","0","0","N","0","0","0","3","67301","0","","1.0","","1","N","N","Y","0","","2","0","1","","3","","","3","2","0","0","0","0","0","2","1","3","","","","N","","","","","","","","","",""
"2022019583","1315","0","0","0","0","0","0","0","0","0","8","0","","67","2","2022","4","40.0584","-75.189424","1304","6","0","0","0","0","0","0","0","0","","0","0","0","","","1","","1","","40 03:30.240","","0","75 11:21.928","4","0","0","0","67301","1","0","0","N","1","0","0","2","67301","1","","1.0","","1","N","N","N","0","","0","0","1","","2","","","2","1","0","0","0","0","0","2","0","1","","03","","N","","","","","","","","","",""
"2022015604","1515","0","0","0","0","0","0","0","0","0","8","0","","67","2","2022","4","39.990408","-75.175531","1510","6","0","0","0","0","0","0","0","0","","0","0","0","","","1","N","0","","39 59:25.469","","0","75 10:31.913","8","0","0","0","67301","1","0","0","N","1","0","0","2","67301","0","","1.0","","1","N","N","N","0","","0","0","0","","0","","","2","1","0","0","0","1","0","2","1","1","","03","","N","","","","","","","","","",""
"2022040466","1847","1","0","0","0","0","0","0","0","0","1","0","","67","4","2022","5","39.887746","-75.203818","1835","6","0","0","0","0","0","1","0","0","","0","0","0","","","1","N","0","","39 53:15.886","","0","75 12:13.743","8","0","0","0","67301","0","0","0","N","0","0","0","4","68K01","0","","1.0","","1","N","N","N","1","","0","0","1","","0","","","3","1","0","0","0","1","1","2","0","3","","03","","N","","","","","","","","","",""
"2022043912","2348","2","0","0","0","0","0","0","0","0","2","0","","67","5","2022","6","40.065204","-75.168115","2343","6","0","0","0","0","0","1","0","0","","0","0","0","","","0","","1","","40 03:54.734","","0","75 10:05.214","0","0","0","0","67301","0","0","0","N","0","0","0","2","67301","0","","1.0","","9","N","N","N","0","","0","0","0","","2","","","2","0","0","0","0","0","0","2","0","2","","","","N","","","","","","","","","",""
"2022015809","2339","1","0","0","0","0","0","0","0","0","4","0","","67","2","2022","3","40.020026","-75.13727","2339","6","0","0","0","0","0","1","0","0","","0","0","0","","","0","","2","","40 01:12.095","","0","75 08:14.172","0","0","0","0","67301","0","0","0","N","0","0","0","2","67301","0","","1.0","","1","N","N","N","0","","0","0","1","","3","","","2","0","0","0","0","0","0","2","0","2","","03","","N","","","","","","","","","",""
"2022016140","2257","2","0","0","0","0","0","0","0","0","5","0","","67","2","2022","7","39.959987","-75.237363","2256","6","0","0","0","0","0","0","0","0","","0","0","0","","","1","N","0","","39 57:35.953","","0","75 14:14.508","3","0","0","0","67301","0","0","0","N","0","0","0","2","67301","0","","1.0","","1","N","N","N","0","","1","0","0","","0","","","2","1","0","0","0","0","0","2","0","2","","","","N","","","","","","","","","",""
"2022048411","1035","1","0","0","0","0","0","1","0","0","4","1","","67","5","2022","5","39.919733","-75.212153","1023","6","0","0","1","0","0","0","1","0","","0","0","0","","","3","N","0","","39 55:11.040","1","0","75 12:43.750","3","0","0","0","67301","0","0","0","N","0","0","0","10","67301","1","","1.0","1100.0","1","Y","N","N","0","","2","0","0","","0","N","","2","3","0","0","0","0","0","2","0","2","","03","","N","","","","","","","","","",""
"2022049750","1751","1","0","0","0","0","0","0","0","0","4","0","","67","5","2022","6","39.974744","-75.138429","1751","6","0","0","0","0","0","0","1","0","","0","0","0","","","0","","1","","39 58:29.078","","0","75 08:18.344","9","0","0","0","67301","0","0","0","N","0","0","0","2","67301","0","","1.0","","1","N","N","N","0","","0","0","1","","2","","","2","0","0","0","0","0","1","2","0","2","","","","N","","","","","","","","","",""
"2022015072","1440","1","0","0","0","0","0","0","0","0","8","0","","67","2","2022","2","39.985997","-75.172992","1440","6","0","0","0","0","0","0","0","0","","0","0","0","","","1","N","0","","39 59:09.590","","0","75 10:22.770","3","0","0","0","67301","1","0","0","N","1","0","0","2","67301","0","","1.0","","1","N","N","N","0","","1","0","0","","0","","","2","1","0","0","0","0","0","2","0","1","","","","N","","","","","","","","","",""
"2022015931","0945","1","0","0","0","0","0","0","0","0","4","0","","67","2","2022","7","40.021538","-75.139814","0945","6","0","0","0","0","0","0","0","0","","0","0","0","","","0","","1","","40 01:17.537","2","0","75 08:23.331","0","0","0","0","67301","0","0","0","N","0","0","0","2","67301","0","","1.0","1121.0","1","N","N","N","0","","0","0","1","","2","N","","2","0","0","0","0","0","0","2","0","2","","","","N","","","","","","","","","",""
"2022029247","0901","2","0","0","0","0","0","0","0","0","4","0","","67","3","2022","3","39.983546","-75.101944","0901","6","0","0","0","0","0","2","0","0","","0","0","0","","","0","","1","","39 59:00.766","","0","75 06:06.999","0","0","0","0","67301","0","0","0","N","0","0","0","5","67301","0","","1.0","","1","N","N","N","0","","0","0","3","","3","","","5","0","0","0","0","0","0","2","0","5","","03","","N","","","","","","","","","",""
"2022041596","1115","1","0","0","0","0","0","1","0","0","4","1","","67","4","2022","5","40.026794","-75.117262","1052","6","0","0","0","0","0","1","0","0","","0","0","0","","","1","","1","","40 01:36.458","","0","75 07:02.144","8","0","0","0","67301","0","0","0","N","0","0","0","2","67508","0","","1.0","","9","N","N","Y","0","","0","0","0","","2","","","2","1","0","0","0","1","0","2","0","2","","07","","N","","","","","","","","","",""
"2022029243","1216","1","0","0","0","0","0","0","0","0","5","0","","67","3","2022","2","39.987272","-75.163856","1216","6","0","0","1","0","0","0","0","1","","0","0","0","","","1","N","0","","39 59:14.180","","0","75 09:49.880","4","0","0","0","67301","0","0","0","N","0","0","0","2","67301","1","","1.0","","1","N","N","N","1","","0","0","2","","0","","","4","1","1","0","0","0","0","2","0","4","","03","","N","","","","","","","","","",""
"2022016858","0717","0","0","0","0","0","0","0","0","0","8","0","","67","2","2022","3","39.939051","-75.176312","0717","6","0","0","0","0","0","0","0","0","","0","0","0","","","1","","1","","39 56:20.584","","0","75 10:34.724","3","0","0","0","67301","1","0","0","N","1","0","0","2","67301","0","","1.0","","1","N","N","N","1","","1","0","0","","2","","","2","1","0","0","0","0","0","2","0","1","","03","","N","","","","","","","","","",""
"2022044724","1618","1","0","0","0","0","0","1","0","0","4","1","","67","5","2022","4","39.914008","-75.149937","1618","6","0","0","0","0","0","1","0","0","","0","0","0","","","2","","1","","39 54:50.430","","0","75 08:59.773","3","0","0","0","67301","0","0","0","N","0","0","0","2","67301","0","","1.0","","1","N","N","N","0","","2","0","0","","2","","","2","2","0","0","0","0","0","2","0","2","","04","","N","","","","","","","","","",""
"2022023597","0408","2","0","0","0","0","0","0","0","0","1","0","","67","3","2022","1","39.963284","-75.139161","0357","6","0","0","0","0","0","0","0","0","","0","0","0","","","2","N","0","","39 57:47.822","2","0","75 08:20.980","8","0","0","0","67301","0","0","0","N","0","0","0","2","68K01","0","","1.0","359.0","1","N","N","Y","0","","0","0","0","","0","N","","2","2","0","0","0","2","0","2","0","2","","","","N","","","","","","","","","",""
"2022019576","0842","1","0","0","0","0","0","0","0","0","4","0","","67","2","2022","5","39.950318","-75.177456","0842","6","0","0","0","0","0","1","0","0","","0","0","0","","","0","","2","","39 57:01.143","","0","75 10:38.840","0","0","0","0","67301","0","0","0","N","0","0","0","3","67301","0","","1.0","","1","N","N","Y","0","","0","0","2","","0","","","4","0","0","0","0","0","0","2","0","4","","04","","N","","","","","","","","","",""
"2022023714","1045","2","0","0","0","0","0","0","0","0","4","0","","67","3","2022","6","39.915602","-75.161467","1044","6","0","0","0","0","0","0","0","0","","0","0","0","","","2","","1","","39 54:56.168","7","0","75 09:41.282","3","0","0","0","67301","0","0","0","N","0","0","0","3","67301","0","","1.0","1200.0","1","N","N","N","0","","2","0","1","","2","Y","","3","2","0","0","0","0","0","2","0","3","","03","","N","","","","","","","","","",""
"2022024590","1907","2","0","0","0","0","0","0","0","0","4","0","","67","3","2022","4","40.077539","-75.043754","1855","6","0","0","0","1","0","0","0","0","","0","0","0","","","1","","2","","40 04:39.140","","0","75 02:37.514","8","0","0","0","67301","0","0","0","N","0","0","0","3","67301","0","","1.0","","9","N","N","N","0","","0","0","0","","2","","","2","1","0","0","0","1","0","2","0","2","","","","N","","","","","","","","","",""
"2022015506","2355","1","0","0","0","0","0","0","0","0","4","0","","67","2","2022","4","40.058119","-75.165773","2351","6","0","0","0","1","0","0","0","0","","0","0","0","","","0","N","0","","40 03:29.228","","6","75 09:56.782","9","0","0","0","67301","0","0","0","N","0","0","0","2","67301","0","","1.0","","1","N","N","N","1","","0","0","0","","3","","","2","0","0","0","0","0","1","2","0","2","","","","N","","","","","","","","","",""
"2022023710","2121","2","0","0","0","0","0","0","0","0","4","0","","67","3","2022","7","40.036904","-75.079806","2106","6","0","0","0","0","0","0","0","1","","0","0","0","","","1","","1","","40 02:12.854","","0","75 04:47.301","3","0","0","0","67301","0","0","0","N","0","0","0","2","67301","0","","1.0","","1","N","N","N","0","","1","0","0","","2","","","2","1","0","0","0","0","0","2","0","2","","","","N","","","","","","","","","",""
"2022040458","1929","2","0","0","0","0","0","0","0","0","1","0","","67","4","2022","1","39.959985","-75.178698","1806","6","0","0","0","0","0","1","0","0","","0","0","0","","","2","N","0","","39 57:35.945","4","0","75 10:43.311","8","0","0","0","67301","0","0","0","N","0","0","0","9","68K01","0","","1.0","1830.0","1","N","N","N","1","","0","0","0","","0","N","","3","2","0","0","0","2","0","2","0","3","","03","","N","","","","","","","","","",""
"2022030603","0220","2","0","0","0","0","0","0","0","0","5","0","","67","3","2022","1","39.951988","-75.141181","0211","6","0","0","0","0","1","0","0","0","","0","0","0","","","0","N","0","","39 57:07.158","1","2","75 08:28.252","0","0","0","0","67301","0","0","0","N","0","0","0","1","68K01","0","","1.0","245.0","1","N","N","N","0","","0","0","0","","0","N","","2","0","0","0","0","0","0","2","0","2","","03","","N","","","","","","","","","",""