"CRN","ARRIVAL_TM","AUTOMOBILE_COUNT","BELTED_DEATH_COUNT","BELTED_SUSP_SERIOUS_INJ_COUNT","BICYCLE_COUNT","BICYCLE_DEATH_COUNT","BICYCLE_SUSP_SERIOUS_INJ_COUNT","BUS_COUNT","CHLDPAS_DEATH_COUNT","CHLDPAS_SUSP_SERIOUS_INJ_COUNT","COLLISION_TYPE","COMM_VEH_COUNT","CONS_ZONE_SPD_LIM","COUNTY","CRASH_MONTH","CRASH_YEAR","DAY_OF_WEEK","DEC_LATITUDE","DEC_LONGITUDE","DISPATCH_TM","DISTRICT","DRIVER_COUNT_16YR","DRIVER_COUNT_17YR","DRIVER_COUNT_18YR","DRIVER_COUNT_19YR","DRIVER_COUNT_20YR","DRIVER_COUNT_50_64YR","DRIVER_COUNT_65_74YR","DRIVER_COUNT_75PLUS","EST_HRS_CLOSED","FATAL_COUNT","HEAVY_TRUCK_COUNT","HORSE_BUGGY_COUNT","HOUR_OF_DAY","ILLUMINATION","INJURY_COUNT","INTERSECTION_RELATED","INTERSECT_TYPE","LANE_CLOSED","LATITUDE","LN_CLOSE_DIR","LOCATION_TYPE","LONGITUDE","MAX_SEVERITY_LEVEL","MCYCLE_DEATH_COUNT","MCYCLE_SUSP_SERIOUS_INJ_COUNT","MOTORCYCLE_COUNT","MUNICIPALITY","NONMOTR_COUNT","NONMOTR_DEATH_COUNT","NONMOTR_SUSP_SERIOUS_INJ_COUNT","NTFY_HIWY_MAINT","PED_COUNT","PED_DEATH_COUNT","PED_SUSP_SERIOUS_INJ_COUNT","PERSON_COUNT","POLICE_AGCY","POSSIBLE_INJ_COUNT","RDWY_SURF_TYPE_CD","RELATION_TO_ROAD","ROADWAY_CLEARED","ROAD_CONDITION","SCH_BUS_IND","SCH_ZONE_IND","SECONDARY_CRASH","SMALL_TRUCK_COUNT","SPEC_JURIS_CD","SUSP_MINOR_INJ_COUNT","SUSP_SERIOUS_INJ_COUNT","SUV_COUNT","TCD_FUNC_CD","TCD_TYPE","TFC_DETOUR_IND","TIME_OF_DAY","TOTAL_UNITS","TOT_INJ_COUNT","UNBELTED_OCC_COUNT","UNB_DEATH_COUNT","UNB_SUSP_SERIOUS_INJ_COUNT","UNK_INJ_DEG_COUNT","UNK_INJ_PER_COUNT","URBAN_RURAL","VAN_COUNT","VEHICLE_COUNT","WEATHER1","WEATHER2","WORKERS_PRES","WORK_ZONE_IND","WORK_ZONE_LOC","WORK_ZONE_TYPE","WZ_CLOSE_DETOUR","WZ_FLAGGER","WZ_LAW_OFFCR_IND","WZ_LN_CLOSURE","WZ_MOVING","WZ_OTHER","WZ_SHLDER_MDN","WZ_WORKERS_INJ_KILLED"
"2022023794","1957","2","0","0","0","0","0","0","0","0","1","0","","67","3","2022","7","40.04365","-75.153884","1957","6","0","0","0","1","1","0","0","0","","0","0","0","","","1","","1","","40 02:37.140","","0","75 09:13.982","3","0","0","0","67301","0","0","0","N","0","0","0","5","67301","0","","1.0","","1","N","N","N","0","","1","0","1","","3","","","3","1","1","0","0","0","4","2","0","3","","03","","N","","","","","","","","","",""
"2022029190","1744","1","0","0","0","0","0","0","0","0","4","0","","67","3","2022","6","40.04004","-75.027574","1728","6","0","0","0","1","0","0","0","0","","0","0","0","","","3","","1","","40 02:24.144","","0","75 01:39.268","8","0","0","0","67301","0","0","0","N","0","0","0","4","67301","0","","1.0","","1","N","N","N","0","","0","0","3","","3","","","4","3","0","0","0","3","0","2","0","4","","03","","N","","","","","","","","","",""
"2022029182","1025","1","0","0","0","0","0","0","0","0","4","0","","67","3","2022","2","39.964566","-75.157115","1019","6","0","0","0","0","0","0","0","0","","0","0","0","","","0","","1","","39 57:52.437","2","0","75 09:25.614","0","0","0","0","67301","0","0","0","N","0","0","0","2","67301","0","","1.0","1130.0","1","N","Y","N","0","","0","0","0","","3","N","","2","0","1","0","0","0","0","2","1","2","","03","","N","","","","","","","","","",""
"2022026631","0244","0","0","0","0","0","0","0","0","0","7","0","","67","3","2022","2","40.026801","-75.097355","0238","6","0","0","0","0","0","0","0","0","","0","0","0","","","1","","1","","40 01:36.484","7","0","75 05:50.479","4","0","0","0","67301","0","0","0","N","0","0","0","1","67301","1","","3.0","337.0","1","N","N","N","0","","0","0","1","","2","N","","1","1","0","0","0","0","0","2","0","1","","03","","N","","","","","","","","","",""
"2022021519","1918","1","0","0","0","0","0","0","0","0","4","0","","67","2","2022","1","40.019228","-75.044921","1911","6","0","0","0","0","0","1","0","0","","0","0","0","","","2","","2","","40 01:09.219","2","0","75 02:41.715","3","0","0","0","67301","0","0","0","N","0","0","0","2","67301","0","","1.0","2015.0","1","N","N","N","0","","2","0","1","","2","Y","","2","2","0","0","0","0","0","2","0","2","","03","","N","","","","","","","","","",""
"2022019744","1705","1","0","0","0","0","0","0","0","0","4","0","","67","2","2022","1","39.991883","-75.233669","1703","6","0","0","0","0","0","0","1","0","","0","0","0","","","2","","1","","39 59:30.778","6","0","75 14:01.208","4","0","0","0","67301","0","0","0","N","0","0","0","3","67301","2","","1.0","1745.0","1","N","N","N","0","","0","0","1","","2","Y","","2","2","0","0","0","0","0","2","0","2","","03","","N","","","","","","","","","",""
"2022033760","1923","0","0","0","0","0","0","0","0","0","1","0","","67","4","2022","4","39.908056","-75.146667","1919","6","0","0","0","0","0","1","0","0","","0","0","0","","","0","N","0","","39 54:29.000","3","3","75 08:48.000","9","0","0","0","67301","0","0","0","N","0","0","0","2","67501","0","","1.0","2000.0","1","N","N","N","1","","0","0","1","","0","N","","2","0","0","0","0","0","2","2","0","2","","","","N","","","","","","","","","",""
"2022023715","1503","2","0","0","0","0","0","0","0","0","4","0","","67","3","2022","6","40.029272","-75.205993","1456","6","0","0","0","0","0","0","0","0","","0","0","0","","","0","","2","","40 01:45.378","","0","75 12:21.576","9","0","0","0","67301","0","0","0","N","0","0","0","2","67301","0","","1.0","","1","N","N","N","0","","0","0","0","","3","","","2","0","0","0","0","0","2","2","0","2","","03","","N","","","","","","","","","",""
"2022029425","1833","0","0","0","0","0","0","0","0","0","8","0","","67","3","2022","2","40.015406","-75.131556","1833","6","0","0","0","0","0","1","0","0","","0","0","0","","","1","N","0","","40 00:55.460","","0","75 07:53.600","2","0","0","0","67301","1","0","1","N","1","0","1","2","67301","0","","1.0","","1","N","N","N","0","","0","1","1","","0","","","2","1","0","0","0","0","0","2","0","1","","03","","N","","","","","","","","","",""
"2022044363","0103","0","0","0","0","0","0","0","0","0","5","0","","67","3","2022","2","39.899893","-75.16156","0055","6","0","0","0","0","0","0","0","0","","3","0","0","","","0","N","0","","39 53:59.615","5","3","75 09:41.615","1","0","0","0","67301","3","3","0","N","3","3","0","5","68K03","0","1","1.0","1151.0","1","N","N","N","0","0","0","0","2","","7","Y","","5","0","0","0","0","0","0","2","0","2","","","","N","","","","","","","","","",""
"2022020910","0030","2","0","0","0","0","0","0","0","0","5","0","","67","2","2022","1","39.979842","-75.133231","0025","6","0","0","0","0","0","1","0","0","","0","0","0","","","0","N","0","","39 58:47.430","","1","75 07:59.630","0","0","0","0","67301","0","0","0","N","0","0","0","1","67301","0","","6.0","","1","N","N","N","0","","0","0","0","","0","","","2","0","0","0","0","0","0","2","0","2","","03","","N","","","","","","","","","",""
"2022025295","2155","2","0","0","0","0","0","0","0","0","5","0","","67","3","2022","5","40.016183","-75.147183","2144","6","0","0","0","0","0","0","0","0","","0","0","0","","","2","N","0","","40 00:58.260","","0","75 08:49.860","3","0","0","0","67301","0","0","0","N","0","0","0","4","67301","0","","6.0","","1","N","N","N","0","","2","0","1","","0","","","3","2","0","0","0","0","0","2","0","3","","","","N","","","","","","","","","",""
"2022037161","","0","0","0","0","0","0","0","0","0","1","0","","67","1","2022","7","40.005699","-75.100387","","6","0","0","0","0","0","1","0","0","","0","0","0","","","1","N","0","","40 00:20.515","","0","75 06:01.394","8","0","0","0","67301","0","0","0","N","0","0","0","3","00000","0","","1.0","","7","N","N","N","1","","0","0","1","","0","","","2","1","0","0","0","1","2","2","0","2","","","","N","","","","","","","","","",""
"2022010854","1733","1","0","0","0","0","0","0","0","0","1","0","","67","1","2022","7","39.986693","-75.208025","1733","6","0","0","0","0","0","0","0","0","","0","0","0","","","0","N","0","","39 59:12.093","","1","75 12:28.890","0","0","0","0","67301","0","0","0","N","0","0","0","2","67301","0","","1.0","","1","N","N","N","0","","0","0","0","","0","","","2","0","0","0","0","0","0","2","0","2","","03","","N","","","","","","","","","",""
"2022019661","0207","2","0","0","0","0","0","0","0","0","1","0","","67","2","2022","4","40.030828","-75.146535","0207","6","0","0","0","0","0","0","0","0","","0","0","0","","","1","","3","","40 01:50.979","","0","75 08:47.526","3","0","0","0","67301","0","0","0","N","0","0","0","3","67301","0","","1.0","","1","N","N","N","0","","1","0","0","","2","","","2","1","0","0","0","0","0","2","0","2","","03","","N","","","","","","","","","",""
"2022014552","1045","2","0","0","0","0","0","0","0","0","4","0","","67","1","2022","6","39.911708","-75.172371","1045","6","0","0","0","0","0","0","0","0","","0","0","0","","","0","","1","","39 54:42.148","","0","75 10:20.534","9","0","0","0","67301","0","0","0","N","0","0","0","2","67301","0","","1.0","","1","N","N","N","0","","0","0","0","","2","","","2","0","1","0","0","0","1","2","0","2","","03","","N","","","","","","","","","",""
"2022005770","1439","2","0","0","0","0","0","0","0","0","1","0","","67","1","2022","3","40.007296","-75.072636","1425","6","0","0","0","1","0","2","0","0","","0","0","0","","","3","N","0","","40 00:26.267","1","0","75 04:21.491","3","0","0","0","67301","0","0","0","N","0","0","0","3","68K01","0","","1.0","1528.0","1","N","N","N","0","","3","0","1","","0","N","","3","3","0","0","0","0","0","2","0","3","","","","N","","","","","","","","","",""
"2022014845","1745","3","0","0","0","0","0","0","0","0","4","0","","67","1","2022","6","40.041499","-75.158367","1740","6","0","0","0","0","0","1","0","1","","0","0","0","","","2","","5","","40 02:29.398","","0","75 09:30.121","3","0","0","0","67301","0","0","0","N","0","0","0","5","67301","0","","1.0","","1","N","N","N","0","","2","0","1","","1","","","4","2","0","0","0","0","0","2","0","4","","03","","N","","","","","","","","","",""
"2022014883","1415","1","0","0","0","0","0","0","0","0","0","0","","67","1","2022","7","40.021361","-75.200167","1402","6","0","0","0","0","0","0","0","0","","0","0","0","","","1","N","0","","40 01:16.900","","0","75 12:00.600","4","0","0","0","67301","0","0","0","N","0","0","0","1","67301","1","","1.0","","1","N","N","N","0","","0","0","0","","0","","","1","1","0","0","0","0","0","2","0","1","","","","N","","","","","","","","","",""
"2022027314","0856","4","0","0","0","0","0","0","0","0","1","0","","67","3","2022","6","39.979153","-75.203764","0855","6","0","0","0","0","0","1","0","0","","0","0","0","","","2","N","0","","39 58:44.950","3","0","75 12:13.550","3","0","0","0","67301","0","0","0","N","0","0","0","6","68K01","0","","1.0","907.0","1","N","N","N","0","","1","0","1","","0","N","","5","2","0","0","0","1","0","2","0","5","","","","N","","","","","","","","","",""
"2022010828","1225","2","0","0","0","0","0","0","0","0","4","0","","67","1","2022","6","40.0523","-75.016408","1217","6","0","0","0","0","0","1","0","1","","0","0","0","","","0","","2","","40 03:08.280","","0","75 00:59.068","0","0","0","0","67301","0","0","0","N","0","0","0","4","67301","0","","1.0","","1","N","N","N","0","","0","0","0","","0","","","2","0","0","0","0","0","0","2","0","2","","","","N","","","","","","","","","",""
"2022004232","1100","1","0","0","0","0","0","0","0","0","4","0","","67","1","2022","2","40.043012","-75.183518","1100","6","0","0","0","0","0","1","0","0","","0","0","0","","","0","","1","","40 02:34.843","7","0","75 11:00.664","0","0","0","0","67301","0","0","0","N","0","0","0","2","67301","0","","1.0","1145.0","1","N","N","N","0","","0","0","2","","3","Y","","4","0","0","0","0","0","0","2","1","4","","03","","N","","","","","","","","","",""
"2022010902","2050","1","0","0","0","0","0","0","0","0","6","0","","67","1","2022","3","39.99835","-75.19081","2044","6","0","0","0","0","1","0","0","0","","0","0","0","","","0","N","0","","39 59:54.060","5","0","75 11:26.916","0","0","0","0","67301","0","0","0","N","0","0","0","2","67301","0","","1.0","2125.0","2","N","N","N","0","","0","0","0","","0","N","","2","0","0","0","0","0","0","2","1","2","","03","","N","","","","","","","","","",""
"2022010819","2136","2","0","0","0","0","0","0","0","0","4","0","","67","1","2022","3","39.944017","-75.159979","2133","6","0","0","0","0","0","0","0","0","","0","0","0","","","0","","1","","39 56:38.462","","0","75 09:35.926","0","0","0","0","67301","0","0","0","N","0","0","0","2","67301","0","","1.0","","1","N","N","N","0","","0","0","0","","2","","","2","0","0","0","0","0","0","2","0","2","","04","","N","","","","","","","","","",""
"2022004251","0010","3","0","0","0","0","0","0","0","0","4","0","","67","1","2022","3","39.961595","-75.199412","0010","6","0","0","0","0","0","0","0","0","","0","0","0","","","2","","3","","39 57:41.742","4","0","75 11:57.883","3","0","0","0","67301","0","0","0","N","0","0","0","3","67301","0","","1.0","50.0","1","N","N","N","1","","2","0","0","","3","N","","4","2","0","0","0","0","0","2","0","4","","","","N","","","","","","","","","",""
"2022029211","2300","0","0","0","0","0","0","0","0","0","4","0","","67","3","2022","3","40.058592","-75.152742","2300","6","0","0","0","0","0","0","0","0","","0","0","0","","","0","","5","","40 03:30.931","","0","75 09:09.871","0","0","0","0","67301","0","0","0","N","0","0","0","2","67301","0","","1.0","","1","N","N","N","0","","0","0","2","","2","","","2","0","0","0","0","0","0","2","0","2","","03","","N","","","","","","","","","",""
"2022014542","1845","0","0","0","0","0","0","0","0","0","4","0","","67","1","2022","3","40.036732","-75.064498","1835","6","0","0","0","0","0","0","0","0","","0","0","0","","","1","","1","","40 02:12.235","","0","75 03:52.193","8","0","0","0","67301","0","0","0","N","0","0","0","2","67301","0","","1.0","","1","N","N","N","0","","0","0","2","","2","","","2","1","0","0","0","1","0","2","0","2","","03","","N","","","","","","","","","",""
"2022043871","1145","0","0","0","0","0","0","0","0","0","4","0","","67","4","2022","3","39.918286","-75.209044","1140","6","0","0","0","0","0","0","1","0","","0","0","0","","","2","","2","","39 55:05.829","","7","75 12:32.558","8","0","0","0","67301","0","0","0","N","0","0","0","3","67301","0","","1.0","","1","N","N","Y","0","","0","0","1","","2","","","2","2","0","0","0","2","0","2","1","2","","98","","N","","","","","","","","","",""
"2022014773","0244","1","0","0","0","0","0","0","0","0","7","0","","67","1","2022","7","39.980966","-75.236153","0243","6","0","0","0","0","0","0","0","0","","0","0","0","","","1","","1","","39 58:51.478","6","0","75 14:10.152","8","0","0","0","67301","0","0","0","N","0","0","0","1","67301","0","","4.0","430.0","1","N","N","N","0","","0","0","0","","2","Y","","1","1","0","0","0","1","0","2","0","1","","03","","N","","","","","","","","","",""
"2022011650","0618","1","0","0","0","0","0","0","0","0","7","0","","67","1","2022","1","39.96491","-75.18545","0610","6","0","0","0","0","0","0","0","0","","0","0","0","","","0","N","0","","39 57:53.677","3","0","75 11:07.621","0","0","0","0","67301","0","0","0","N","0","0","0","1","68K01","0","","3.0","635.0","1","N","N","N","0","","0","0","0","","0","N","","1","0","0","0","0","0","0","2","0","1","","03","","N","","","","","","","","","",""
"2022014752","0804","2","0","0","0","0","0","0","0","0","5","0","","67","1","2022","1","39.931025","-75.192064","0804","6","0","0","0","0","0","0","0","0","","0","0","0","","","0","N","0","","39 55:51.690","","0","75 11:31.430","0","0","0","0","67301","0","0","0","N","0","0","0","1","67301","0","","6.0","","1","N","N","N","0","","0","0","0","","0","","","2","0","0","0","0","0","0","2","0","2","","03","","N","","","","","","","","","",""
"2022030093","0125","1","0","0","0","0","0","0","0","0","4","0","","67","3","2022","1","40.045586","-75.150083","0118","6","0","0","0","0","0","0","0","0","","0","0","0","","","4","N","0","","40 02:44.110","5","0","75 09:00.300","2","0","0","0","67301","0","0","0","N","0","0","0","4","67301","0","","1.0","530.0","1","N","N","N","0","","2","2","1","","0","Y","","2","4","0","0","0","0","0","2","0","2","","03","","N","","","","","","","","","",""
"2022014852","0130","1","0","0","0","0","0","0","0","0","5","0","","67","1","2022","1","40.033919","-75.128383","0126","6","0","0","0","0","0","0","0","0","","0","0","0","","","0","N","0","","40 02:02.110","4","0","75 07:42.180","0","0","0","0","67301","0","0","0","N","0","0","0","1","67301","0","","6.0","230.0","1","N","N","N","0","","0","0","1","","0","N","","2","0","0","0","0","0","0","2","0","2","","03","","N","","","","","","","","","",""
"2022014874","2145","2","0","0","0","0","0","0","0","0","1","0","","67","1","2022","5","40.01108","-75.164346","2145","6","0","0","0","0","0","1","0","0","","0","0","0","","","0","N","0","","40 00:39.888","4","7","75 09:51.645","0","0","0","0","67301","0","0","0","N","0","0","0","3","67301","0","","1.0","2155.0","1","N","N","N","0","","0","0","0","","0","N","","2","0","0","0","0","0","0","2","0","2","","","","N","","","","","","","","","",""
"2022014713","1845","1","0","0","0","0","0","0","0","0","4","0","","67","1","2022","1","40.01475","-75.06425","1842","6","1","0","0","0","0","0","0","0","","0","0","0","","","0","","1","","40 00:53.100","","0","75 03:51.300","0","0","0","0","67301","0","0","0","N","0","0","0","2","67301","0","","1.0","","1","N","N","N","0","","0","0","1","","0","","","2","0","0","0","0","0","0","2","0","2","","03","","N","","","","","","","","","",""
"2022036299","1014","0","0","0","0","0","0","0","0","0","1","0","","67","4","2022","2","39.94798","-75.142139","0955","6","0","0","0","0","0","2","0","0","","0","0","0","","","0","N","0","","39 56:52.729","","1","75 08:31.702","0","0","0","0","67301","0","0","0","N","0","0","0","3","68K01","0","","1.0","","1","N","N","N","0","","0","0","2","","0","","","2","0","0","0","0","0","0","2","0","2","","03","","N","","","","","","","","","",""
"2022014578","1242","1","0","0","0","0","0","0","0","0","1","0","","67","1","2022","7","40.086708","-75.036016","1230","6","0","0","0","0","0","0","0","1","","0","0","0","","","1","N","0","","40 05:12.150","","0","75 02:09.657","3","0","0","0","67301","0","0","0","N","0","0","0","1","67301","0","","6.0","","1","N","N","N","0","","1","0","1","","0","","","2","1","0","0","0","0","0","2","0","2","","","","N","","","","","","","","","",""
"2022010838","0943","1","0","1","0","0","0","0","0","0","6","0","","67","1","2022","6","40.048082","-75.158041","0938","6","0","0","0","0","0","0","0","0","","0","0","0","","","1","N","0","","40 02:53.094","6","0","75 09:28.949","2","0","0","0","67301","0","0","0","N","0","0","0","1","67301","0","","4.0","1232.0","1","N","N","N","0","","0","1","1","","0","Y","","2","1","0","0","0","0","0","2","0","2","","","","N","","","","","","","","","",""
"2022016424","0846","0","0","0","0","0","0","0","0","0","4","0","","67","1","2022","6","39.950707","-75.22886","0833","6","0","0","0","0","0","2","0","0","","0","0","0","","","2","","1","","39 57:02.545","","0","75 13:43.896","3","0","0","0","67301","0","0","0","N","0","0","0","3","67301","0","","1.0","","2","N","N","N","2","","2","0","1","","2","","","3","2","0","0","0","0","0","2","0","3","","03","","N","","","","","","","","","",""
"2022014668","1950","0","0","0","0","0","0","0","0","0","5","0","","67","1","2022","1","40.058535","-75.178098","1940","6","0","0","0","0","0","1","0","0","","0","0","0","","","0","","2","","40 03:30.726","","0","75 10:41.152","0","0","0","0","67301","0","0","0","N","0","0","0","2","67301","0","","1.0","","1","N","N","N","0","","0","0","3","","0","","","3","0","2","0","0","0","0","2","0","3","","","","N","","","","","","","","","",""
"2022010817","1921","1","0","0","0","0","0","0","0","0","4","0","","67","1","2022","3","40.055518","-75.06194","1904","6","0","0","0","0","0","0","0","0","","0","0","0","","","1","","1","","40 03:19.863","","0","75 03:42.983","4","0","0","0","67301","0","0","0","N","0","0","0","2","67301","1","","1.0","","1","N","N","N","0","","0","0","1","","3","","","2","1","0","0","0","0","1","2","0","2","","03","","N","","","","","","","","","",""
"2022050521","0426","0","0","0","0","0","0","0","0","0","4","0","","67","5","2022","3","39.915997","-75.164524","0423","6","0","0","0","0","0","0","0","0","","0","0","0","","","1","","1","","39 54:57.588","4","0","75 09:52.288","3","0","0","0","67301","0","0","0","N","0","0","0","1","67301","0","","1.0","440.0","1","N","N","N","0","","1","0","1","","2","Y","","2","1","0","0","0","0","0","2","0","2","","03","","N","","","","","","","","","",""
"2022014579","0127","1","0","0","0","0","0","0","0","0","6","0","","67","1","2022","2","40.0648","-75.054584","0123","6","0","0","0","0","0","0","0","0","","0","0","0","","","1","N","0","","40 03:53.281","","0","75 03:16.503","8","0","0","0","67301","0","0","0","N","0","0","0","1","67301","0","","6.0","","1","N","N","N","0","","0","0","0","","0","","","2","1","0","0","0","1","0","2","1","2","","03","","N","","","","","","","","","",""
"2022004233","1620","0","0","0","0","0","0","0","0","0","5","0","","67","1","2022","3","40.039228","-75.165342","1613","6","0","0","0","0","0","1","0","0","","0","0","0","","","1","N","0","","40 02:21.220","","0","75 09:55.230","4","0","0","0","67301","0","0","0","N","0","0","0","1","67301","1","","6.0","","1","N","N","N","1","","0","0","1","","0","","","2","1","0","0","0","0","0","2","0","2","","03","","N","","","","","","","","","",""
"2022015631","0121","1","0","0","0","0","0","0","0","0","7","0","","67","2","2022","6","40.078286","-75.053914","0113","6","0","0","0","0","0","0","0","0","","0","0","0","","","0","N","0","","40 04:41.830","","0","75 03:14.090","0","0","0","0","67301","0","0","0","N","0","0","0","1","67301","0","","4.0","","1","N","N","N","0","","0","0","0","","0","","","1","0","0","0","0","0","0","2","0","1","","","","N","","","","","","","","","",""
"2022012283","1037","1","0","0","0","0","0","0","0","0","7","0","","67","1","2022","5","40.002781","-75.07799","1018","6","0","0","0","0","0","0","0","1","","0","0","0","","","1","N","0","","40 00:10.013","2","3","75 04:40.765","3","0","0","0","67301","0","0","0","N","0","0","0","2","68K01","0","","3.0","1100.0","9","N","N","N","0","","1","0","1","","0","N","","2","1","0","0","0","0","0","2","0","2","","10","","N","","","","","","","","","",""
"2022006676","1843","1","0","0","0","0","0","0","0","0","5","0","","67","1","2022","4","39.975162","-75.188163","1843","6","0","0","0","0","0","0","0","0","","0","0","0","","","1","","1","","39 58:30.584","3","0","75 11:17.385","3","0","0","0","67301","0","0","0","N","0","0","0","4","68K01","0","","1.0","1930.0","1","N","N","N","0","","1","0","2","","2","N","","3","1","0","0","0","0","1","2","0","3","","","","N","","","","","","","","","",""
"2022012279","2148","1","0","0","0","0","0","0","0","0","7","0","","67","1","2022","4","40.001303","-75.079094","2142","6","0","0","0","0","0","0","0","0","","0","0","0","","","1","N","0","","40 00:04.692","","0","75 04:44.740","8","0","0","0","67301","0","0","0","N","0","0","0","1","68K01","0","","2.0","","1","N","N","N","0","","0","0","0","","0","","","1","1","0","0","0","1","0","2","0","1","","","","N","","","","","","","","","",""
"2022019588","0039","1","0","0","0","0","0","0","0","0","4","0","","67","1","2022","6","40.029898","-75.087801","0035","6","0","0","0","0","0","0","0","0","","0","0","0","","","2","","1","","40 01:47.633","","0","75 05:16.085","3","0","0","0","67301","0","0","0","N","0","0","0","2","67301","1","","1.0","","1","N","N","Y","0","","1","0","1","","2","","","2","2","0","0","0","0","0","2","0","2","","03","","N","","","","","","","","","",""
"2022014710","2001","1","0","0","0","0","0","0","0","0","4","0","","67","1","2022","7","40.032077","-75.081228","1927","6","0","0","0","0","0","0","0","0","","0","0","0","","","0","","1","","40 01:55.477","","0","75 04:52.420","9","0","0","0","67301","0","0","0","N","0","0","0","3","67301","0","","1.0","","1","N","N","N","0","","0","0","2","","3","","","4","0","1","0","0","0","1","2","1","4","","","","N","","","","","","","","","",""
"2022015178","1132","1","0","0","0","0","0","0","0","0","1","0","","67","2","2022","2","39.921289","-75.215994","1129","6","0","0","0","0","0","1","0","0","","0","0","0","","","0","N","0","","39 55:16.640","1","0","75 12:57.580","9","0","0","0","67301","0","0","0","N","0","0","0","2","67301","0","","1.0","1240.0","9","N","N","N","0","","0","0","0","","0","N","","2","0","0","0","0","0","1","2","1","2","","04","","N","","","","","","","","","",""
"2022014643","1830","1","0","0","0","0","0","0","0","0","6","0","","67","1","2022","3","39.935551","-75.223009","1830","6","0","0","0","0","0","0","0","1","","0","0","0","","","1","","1","","39 56:07.983","","0","75 13:22.832","4","0","0","0","67301","0","0","0","N","0","0","0","2","67301","1","","1.0","","1","N","N","N","0","","0","0","0","","3","","","2","1","0","0","0","0","0","2","0","2","","03","","N","","","","","","","","","",""
"2022004206","1710","2","0","0","0","0","0","0","0","0","4","0","","67","1","2022","3","40.069495","-74.981545","1708","6","0","0","0","0","0","0","1","0","","0","0","0","","","8","","2","","40 04:10.183","2","7","74 58:53.562","4","0","0","0","67301","0","0","0","N","0","0","0","8","67301","8","","1.0","100.0","1","N","N","N","0","","0","0","0","","2","N","","2","8","8","0","0","0","0","2","0","2","","03","","N","","","","","","","","","",""
"2022010881","0727","4","0","0","0","0","0","0","0","0","2","0","","67","1","2022","7","40.020872","-75.126294","0724","6","0","0","0","0","0","0","0","0","","0","0","0","","","1","N","0","","40 01:15.140","1","0","75 07:34.660","3","0","0","0","67301","0","0","0","N","0","0","0","3","67301","0","","1.0","815.0","1","N","N","N","0","","1","0","2","","0","N","","6","1","0","0","0","0","1","2","0","6","","03","","N","","","","","","","","","",""
"2022009101","1905","1","0","0","0","0","0","0","0","0","4","0","","67","1","2022","5","39.949907","-75.204057","1850","6","0","0","0","0","0","0","0","0","","0","0","0","","","0","N","0","","39 56:59.664","6","7","75 12:14.605","9","0","0","0","67301","0","0","0","N","0","0","0","2","67508","0","","1.0","9999.0","1","","","N","0","","0","0","0","","0","N","","2","0","0","0","0","0","1","2","0","2","","03","","N","","","","","","","","","",""
"2022013613","1255","1","0","0","0","0","0","0","0","0","1","0","","67","1","2022","6","39.984077","-75.156625","1245","6","0","0","0","1","0","1","0","0","","0","0","0","","","1","N","0","","39 59:02.677","","0","75 09:23.851","8","0","0","0","67301","0","0","0","N","0","0","0","3","67508","0","","1.0","","1","N","N","N","1","","0","0","1","","0","N","","3","1","0","0","0","1","0","2","0","3","","03","","N","","","","","","","","","",""
"2022014607","1202","1","0","0","0","0","0","0","0","0","2","0","","67","1","2022","1","40.079275","-75.02505","1200","6","0","0","0","0","0","1","0","0","","0","0","0","","","1","N","0","","40 04:45.390","1","0","75 01:30.180","3","0","0","0","67301","0","0","0","N","0","0","0","2","67301","0","","1.0","20.0","1","N","N","N","0","","1","0","1","","0","N","","2","1","1","0","0","0","1","2","0","2","","03","","N","","","","","","","","","",""
"2022014622","0245","0","0","0","0","0","0","0","0","0","7","0","","67","1","2022","7","39.953807","-75.166593","0245","6","0","0","0","0","0","0","0","0","","0","0","0","","","0","","1","","39 57:13.704","","0","75 09:59.736","0","0","0","0","67301","0","0","0","N","0","0","0","1","67301","0","","4.0","","1","N","N","N","0","","0","0","1","","2","","","1","0","1","0","0","0","0","2","0","1","","03","","N","","","","","","","","","",""
"2022044055","2136","0","0","0","0","0","0","0","0","0","1","1","","67","5","2022","2","40.025616","-75.121508","2131","6","0","0","0","0","0","0","0","0","","0","1","0","","","3","","2","","40 01:32.217","3","0","75 07:17.428","2","0","3","2","67301","0","0","0","N","0","0","0","3","67301","0","","1.0","30.0","1","N","N","N","0","","0","3","0","","3","Y","","4","3","0","0","0","0","0","2","0","3","","03","","N","","","","","","","","","",""
"2022017088","1435","1","0","0","0","0","0","0","0","0","6","0","","67","2","2022","3","40.062522","-75.042874","1430","6","0","0","0","0","0","0","1","0","","0","0","0","","","1","","1","","40 03:45.079","","0","75 02:34.348","3","0","0","0","67301","0","0","0","N","0","0","0","2","67301","0","","1.0","","1","N","N","N","0","","1","0","1","","2","","","2","1","1","0","0","0","0","2","0","2","","03","","N","","","","","","","","","",""
"2022043791","0715","0","0","0","0","0","0","0","0","0","4","0","","67","3","2022","6","39.927926","-75.187519","0715","6","0","0","0","0","0","0","0","0","","0","0","0","","","0","","1","","39 55:40.533","5","1","75 11:15.068","9","0","0","0","67301","0","0","0","N","0","0","0","3","67301","0","","1.0","830.0","9","N","N","N","0","","0","0","1","","3","Y","","2","0","0","0","0","0","2","2","1","2","","04","","N","","","","","","","","","",""