"CRN","ARRIVAL_TM","AUTOMOBILE_COUNT","BELTED_DEATH_COUNT","BELTED_SUSP_SERIOUS_INJ_COUNT","BICYCLE_COUNT","BICYCLE_DEATH_COUNT","BICYCLE_SUSP_SERIOUS_INJ_COUNT","BUS_COUNT","CHLDPAS_DEATH_COUNT","CHLDPAS_SUSP_SERIOUS_INJ_COUNT","COLLISION_TYPE","COMM_VEH_COUNT","CONS_ZONE_SPD_LIM","COUNTY","CRASH_MONTH","CRASH_YEAR","DAY_OF_WEEK","DEC_LATITUDE","DEC_LONGITUDE","DISPATCH_TM","DISTRICT","DRIVER_COUNT_16YR","DRIVER_COUNT_17YR","DRIVER_COUNT_18YR","DRIVER_COUNT_19YR","DRIVER_COUNT_20YR","DRIVER_COUNT_50_64YR","DRIVER_COUNT_65_74YR","DRIVER_COUNT_75PLUS","EST_HRS_CLOSED","FATAL_COUNT","HEAVY_TRUCK_COUNT","HORSE_BUGGY_COUNT","HOUR_OF_DAY","ILLUMINATION","INJURY_COUNT","INTERSECTION_RELATED","INTERSECT_TYPE","LANE_CLOSED","LATITUDE","LN_CLOSE_DIR","LOCATION_TYPE","LONGITUDE","MAX_SEVERITY_LEVEL","MCYCLE_DEATH_COUNT","MCYCLE_SUSP_SERIOUS_INJ_COUNT","MOTORCYCLE_COUNT","MUNICIPALITY","NONMOTR_COUNT","NONMOTR_DEATH_COUNT","NONMOTR_SUSP_SERIOUS_INJ_COUNT","NTFY_HIWY_MAINT","PED_COUNT","PED_DEATH_COUNT","PED_SUSP_SERIOUS_INJ_COUNT","PERSON_COUNT","POLICE_AGCY","POSSIBLE_INJ_COUNT","RDWY_SURF_TYPE_CD","RELATION_TO_ROAD","ROADWAY_CLEARED","ROAD_CONDITION","SCH_BUS_IND","SCH_ZONE_IND","SECONDARY_CRASH","SMALL_TRUCK_COUNT","SPEC_JURIS_CD","SUSP_MINOR_INJ_COUNT","SUSP_SERIOUS_INJ_COUNT","SUV_COUNT","TCD_FUNC_CD","TCD_TYPE","TFC_DETOUR_IND","TIME_OF_DAY","TOTAL_UNITS","TOT_INJ_COUNT","UNBELTED_OCC_COUNT","UNB_DEATH_COUNT","UNB_SUSP_SERIOUS_INJ_COUNT","UNK_INJ_DEG_COUNT","UNK_INJ_PER_COUNT","URBAN_RURAL","VAN_COUNT","VEHICLE_COUNT","WEATHER1","WEATHER2","WORKERS_PRES","WORK_ZONE_IND","WORK_ZONE_LOC","WORK_ZONE_TYPE","WZ_CLOSE_DETOUR","WZ_FLAGGER","WZ_LAW_OFFCR_IND","WZ_LN_CLOSURE","WZ_MOVING","WZ_OTHER","WZ_SHLDER_MDN","WZ_WORKERS_INJ_KILLED"
"2022016304","0048","2","0","0","0","0","0","0","0","0","5","0","","67","2","2022","2","39.979864","-75.116617","0044","6","0","0","0","0","0","0","0","0","","0","0","0","","","1","N","0","","39 58:47.510","2","0","75 06:59.820","3","0","0","0","67301","0","0","0","N","0","0","0","1","67301","0","","6.0","200.0","1","N","N","N","0","","1","0","2","","0","N","","4","1","0","0","0","0","0","2","0","4","","03","","N","","","","","","","","","",""
"2022014805","1357","0","0","0","0","0","0","0","0","0","4","0","","67","1","2022","6","39.987051","-75.122334","1352","6","0","0","0","0","0","0","0","0","","0","0","0","","","1","","5","","39 59:13.382","4","0","75 07:20.404","3","0","0","0","67301","0","0","0","N","0","0","0","2","67301","0","","1.0","1400.0","1","N","N","N","0","","1","0","0","","2","N","","2","1","0","0","0","0","0","2","2","2","","03","","N","","","","","","","","","",""
"2022022967","1953","3","0","0","0","0","0","0","0","0","5","0","","67","1","2022","5","39.981368","-75.207009","1947","6","0","0","0","0","0","1","0","0","","0","0","0","","","0","N","0","","39 58:52.926","","0","75 12:25.231","0","0","0","0","67301","0","0","0","N","0","0","0","3","68K01","0","","1.0","","1","N","N","Y","0","","0","0","0","","0","","","3","0","0","0","0","0","0","2","0","3","","03","","N","","","","","","","","","",""
"2022029285","2335","2","0","0","0","0","0","0","0","0","1","0","","67","3","2022","3","40.027928","-75.146356","2330","6","0","0","0","0","0","0","0","0","","0","0","0","","","2","N","0","","40 01:40.540","","0","75 08:46.880","3","0","0","0","67301","0","0","0","N","0","0","0","2","67301","0","","1.0","","1","N","N","N","0","","2","0","0","","0","","","4","2","0","0","0","0","0","2","2","4","","","","N","","","","","","","","","",""
"2022014759","0827","1","0","0","0","0","0","1","0","0","1","1","","67","1","2022","2","39.953527","-75.185301","0817","6","0","0","0","0","0","0","0","0","","0","0","0","","","1","","2","","39 57:12.696","","0","75 11:07.083","3","0","0","0","67301","0","0","0","N","0","0","0","5","67301","0","","1.0","","1","Y","N","N","0","","1","0","0","","2","","","2","1","0","0","0","0","0","2","0","2","","03","","N","","","","","","","","","",""
"2022004517","1812","2","0","0","0","0","0","0","0","0","1","0","","67","1","2022","3","40.011182","-75.205919","1807","6","0","0","0","0","0","2","0","0","","0","0","0","","","1","N","0","","40 00:40.254","1","3","75 12:21.307","3","0","0","0","67301","0","0","0","N","0","0","0","3","68K01","0","","1.0","1825.0","1","N","N","N","0","","1","0","1","","0","N","","3","1","0","0","0","0","0","2","0","3","","","","N","","","","","","","","","",""
"2022010853","0802","1","0","0","0","0","0","0","0","0","4","0","","67","1","2022","1","39.966345","-75.192025","0755","6","0","0","0","0","0","0","0","0","","0","0","0","","","1","","1","","39 57:58.841","","0","75 11:31.289","3","0","0","0","67301","0","0","0","N","0","0","0","2","67301","0","","1.0","","1","N","N","N","0","","1","0","2","","3","","","3","1","0","0","0","0","0","2","0","3","","03","","N","","","","","","","","","",""
"2022014580","0844","1","0","0","0","0","0","0","0","0","4","0","","67","1","2022","3","40.094773","-75.015326","0840","6","0","0","0","0","0","0","0","0","","0","0","0","","","4","","1","","40 05:41.184","","0","75 00:55.174","3","0","0","0","67301","0","0","0","N","0","0","0","4","67301","0","","1.0","","1","N","N","N","0","","4","0","1","","2","","","2","4","4","0","0","0","0","2","0","2","","03","","N","","","","","","","","","",""
"2022014665","1520","1","0","0","0","0","0","0","0","0","1","0","","67","1","2022","7","40.044361","-75.165972","1517","6","0","0","0","0","0","1","0","0","","0","0","0","","","2","N","0","","40 02:39.700","3","0","75 09:57.500","3","0","0","0","67301","0","0","0","N","0","0","0","5","67301","0","","1.0","1542.0","1","N","N","N","0","","2","0","1","","0","Y","","2","2","4","0","0","0","0","2","0","2","","03","","N","","","","","","","","","",""
"2022043682","0726","3","0","0","0","0","0","0","0","0","1","0","","67","4","2022","6","39.956955","-75.155663","0712","6","0","0","0","0","0","0","0","0","","0","0","0","","","1","N","0","","39 57:25.038","3","0","75 09:20.386","4","0","0","0","67301","0","0","0","N","0","0","0","3","68K01","1","","1.0","755.0","1","N","N","N","0","","0","0","0","","0","N","","3","1","0","0","0","0","0","2","0","3","","03","","N","","","","","","","","","",""
"2022043710","2305","1","0","0","0","0","0","0","0","0","5","0","","67","5","2022","2","39.973994","-75.118504","2255","6","0","0","0","0","0","1","0","0","","0","0","0","","","0","N","0","","39 58:26.377","","0","75 07:06.613","0","0","0","0","67301","0","0","0","N","0","0","0","2","68K01","0","","1.0","","1","N","N","N","0","","0","0","0","","0","","","2","0","0","0","0","0","0","2","0","2","","03","","N","","","","","","","","","",""
"2022004175","1516","1","0","0","0","0","0","0","0","0","5","0","","67","1","2022","3","40.052208","-75.050993","1454","6","0","0","0","0","0","2","0","0","","0","0","0","","","1","Y","0","","40 03:07.950","2","0","75 03:03.576","3","0","0","0","67301","0","0","0","N","0","0","0","6","67301","0","","1.0","1545.0","1","N","N","N","0","","1","0","2","","2","N","","4","1","0","0","0","0","0","2","1","4","","03","","N","","","","","","","","","",""
"2022014623","1935","2","0","0","0","0","0","0","0","0","4","0","","67","1","2022","5","39.967786","-75.163593","1927","6","0","0","0","0","0","0","0","0","","0","0","0","","","1","","1","","39 58:04.029","","0","75 09:48.934","3","0","0","0","67301","0","0","0","N","0","0","0","2","67301","0","","1.0","","1","N","N","N","0","","1","0","0","","3","","","2","1","0","0","0","0","0","2","0","2","","03","","N","","","","","","","","","",""
"2022014873","1720","2","0","0","0","0","0","0","0","0","4","0","","67","1","2022","5","40.009163","-75.196863","1711","6","0","0","0","0","0","0","1","0","","0","0","0","","","0","","1","","40 00:32.988","5","0","75 11:48.705","0","0","0","0","67301","0","0","0","N","0","0","0","3","67301","0","","1.0","1800.0","1","N","N","N","0","","0","0","1","","2","Y","","3","0","0","0","0","0","0","2","0","3","","","","N","","","","","","","","","",""
"2022014538","0015","0","0","0","0","0","0","0","0","0","1","0","","67","1","2022","7","40.043583","-75.078667","0008","6","0","0","0","0","0","0","0","0","","0","0","0","","","1","N","0","","40 02:36.900","","0","75 04:43.200","3","0","0","0","67301","0","0","0","N","0","0","0","1","67301","0","","6.0","","1","N","N","N","0","","1","0","2","","0","","","2","1","0","0","0","0","0","2","0","2","","03","","N","","","","","","","","","",""
"2022010300","1913","1","0","0","0","0","0","0","0","0","1","0","","67","1","2022","3","39.904489","-75.150265","1903","6","0","0","0","0","0","0","0","0","","0","0","0","","","1","N","0","","39 54:16.161","","0","75 09:00.953","4","0","0","1","67301","0","0","0","N","0","0","0","2","68K01","1","","1.0","","1","N","N","N","0","","0","0","0","","0","","","2","1","0","0","0","0","0","2","0","2","","","","N","","","","","","","","","",""
"2022029239","0950","0","0","0","0","0","0","0","0","0","8","0","","67","1","2022","4","40.000267","-75.228371","0945","6","0","0","0","0","0","0","0","0","","0","0","0","","","1","","2","","40 00:00.960","","0","75 13:42.137","3","0","0","0","67301","1","0","0","N","1","0","0","2","67301","0","","1.0","","1","N","N","N","0","","1","0","0","","3","","","2","1","0","0","0","0","0","2","1","1","","03","","N","","","","","","","","","",""
"2022034501","1832","1","0","0","0","0","0","0","0","0","1","0","","67","3","2022","6","39.881687","-75.246136","1818","6","0","0","0","0","0","0","1","0","","0","0","0","","","2","N","0","","39 52:54.072","2","0","75 14:46.090","8","0","0","0","67301","0","0","0","N","0","0","0","2","68K01","0","","1.0","1932.0","1","N","N","N","0","","0","0","1","","0","N","","2","2","0","0","0","2","0","2","0","2","","03","","N","","","","","","","","","",""
"2022004164","1533","3","0","0","0","0","0","0","0","0","1","0","","67","1","2022","2","39.928","-75.188206","1531","6","0","0","0","0","0","0","0","0","","0","0","0","","","1","N","0","","39 55:40.800","","0","75 11:17.540","3","0","0","0","67301","0","0","0","N","0","0","0","4","67301","0","","6.0","","1","N","N","N","0","","1","0","0","","0","","","3","1","2","0","0","0","3","2","0","3","","","","N","","","","","","","","","",""
"2022014829","2230","1","0","0","0","0","0","0","0","0","2","0","","67","1","2022","1","39.986631","-75.131283","2228","6","0","0","0","0","0","0","0","0","","0","0","0","","","0","N","0","","39 59:11.870","","1","75 07:52.620","0","0","0","0","67301","0","0","0","N","0","0","0","1","67301","0","","6.0","","6","N","N","N","0","","0","0","1","","0","","","2","0","0","0","0","0","0","2","0","2","","09","","N","","","","","","","","","",""
"2022014819","2022","1","0","0","0","0","0","0","0","0","4","0","","67","1","2022","1","39.998768","-75.131259","2007","6","0","1","0","0","0","0","0","0","","0","0","0","","","0","","1","","39 59:55.564","","0","75 07:52.533","0","0","0","0","67301","0","0","0","N","0","0","0","2","67301","0","","1.0","","1","N","N","N","0","","0","0","1","","2","","","2","0","0","0","0","0","0","2","0","2","","","","N","","","","","","","","","",""
"2022014527","1222","1","0","0","0","0","0","0","0","0","8","0","","67","1","2022","5","39.923246","-75.181873","1220","6","0","0","0","0","0","1","0","0","","0","0","0","","","1","","5","","39 55:23.686","3","0","75 10:54.742","3","0","0","0","67301","1","0","0","N","1","0","0","2","67301","0","","1.0","30.0","2","N","N","N","0","","1","0","0","","2","Y","","2","1","0","0","0","0","0","2","0","1","","07","","N","","","","","","","","","",""
"2022010866","1555","2","0","0","0","0","0","0","0","0","4","0","","67","1","2022","6","40.00853","-75.210732","1555","6","1","0","0","0","0","0","0","0","","0","0","0","","","0","","1","","40 00:30.708","1","0","75 12:38.635","0","0","0","0","67301","0","0","0","N","0","0","0","3","67301","0","","1.0","1944.0","1","N","N","N","0","","0","0","0","","2","N","","2","0","0","0","0","0","0","2","0","2","","03","","N","","","","","","","","","",""
"2022026856","0002","2","0","0","0","0","0","0","0","0","1","0","","67","2","2022","7","39.960088","-75.179578","2343","6","0","0","0","0","0","0","0","0","","0","0","0","","","3","N","0","","39 57:36.317","4","3","75 10:46.482","4","0","0","0","67301","0","0","0","N","0","0","0","6","68K01","3","","1.0","40.0","9","N","N","N","0","","0","0","1","","0","Y","","3","3","0","0","0","0","0","2","0","3","","","","N","","","","","","","","","",""
"2022005420","1142","1","0","0","0","0","0","0","0","0","1","0","","67","1","2022","6","39.945071","-75.190784","1134","6","0","0","0","0","0","0","1","0","","0","0","0","","","3","N","0","","39 56:42.254","4","3","75 11:26.821","3","0","0","0","67301","0","0","0","N","0","0","0","4","68K01","0","","1.0","1145.0","1","N","N","N","0","","3","0","0","","0","N","","2","3","1","0","0","0","0","2","1","2","","","","N","","","","","","","","","",""
"2022014709","0854","1","0","0","0","0","0","0","0","0","7","0","","67","1","2022","7","40.008372","-75.091814","0847","6","0","0","0","0","0","0","0","0","","0","0","0","","","1","N","0","","40 00:30.140","","1","75 05:30.530","8","0","0","0","67301","0","0","0","N","0","0","0","1","67301","0","","4.0","","1","N","N","N","0","","0","0","0","","0","","","1","1","0","0","0","1","0","2","0","1","","","","N","","","","","","","","","",""
"2022018424","0010","1","0","0","0","0","0","0","0","0","1","0","","67","1","2022","4","40.015978","-75.05257","0010","6","0","0","0","0","0","0","0","0","","0","0","0","","","0","N","0","","40 00:57.522","2","0","75 03:09.253","0","0","0","0","67301","0","0","0","N","0","0","0","2","68K01","0","","1.0","45.0","1","N","N","Y","0","","0","0","1","","0","Y","","2","0","0","0","0","0","0","2","0","2","","03","","N","","","","","","","","","",""
"2022015901","1118","1","0","0","0","0","0","0","0","0","4","0","","67","1","2022","3","40.012976","-75.119388","1116","6","0","0","0","0","0","0","0","0","","0","0","0","","","2","","1","","40 00:46.715","1","0","75 07:09.796","3","0","0","0","67301","0","0","0","N","0","0","0","2","67301","0","","1.0","1135.0","1","N","N","N","0","","2","0","1","","2","N","","2","2","0","0","0","0","0","2","0","2","","03","","N","","","","","","","","","",""
"2022014844","0911","2","0","0","0","0","0","0","0","0","4","0","","67","1","2022","5","40.030332","-75.131845","0858","6","0","0","0","0","0","0","0","0","","0","0","0","","","0","","1","","40 01:49.195","","0","75 07:54.642","0","0","0","0","67301","0","0","0","N","0","0","0","3","67301","0","","1.0","","9","N","N","N","0","","0","0","0","","2","","","2","0","0","0","0","0","0","2","0","2","","","","N","","","","","","","","","",""
"2022025078","2119","2","0","0","0","0","0","0","0","0","1","0","","67","1","2022","2","39.991836","-75.154924","2118","6","0","0","0","0","0","0","0","0","","0","0","0","","","0","N","0","","39 59:30.608","","0","75 09:17.726","9","0","0","0","67301","0","0","0","N","0","0","0","3","67301","0","","6.0","","1","N","N","N","0","","0","0","0","","0","","","2","0","0","0","0","0","3","2","0","2","","03","","N","","","","","","","","","",""
"2022014762","1643","1","0","0","0","0","0","0","0","0","4","0","","67","1","2022","3","39.955832","-75.235997","1638","6","0","0","0","0","0","0","0","1","","0","0","0","","","0","","1","","39 57:20.995","","0","75 14:09.589","0","0","0","0","67301","0","0","0","N","0","0","0","5","67301","0","","1.0","","1","N","N","N","0","","0","0","1","","2","","","2","0","2","0","0","0","0","2","0","2","","98","","N","","","","","","","","","",""
"2022049632","0023","3","0","0","0","0","0","0","0","0","5","0","","67","5","2022","5","40.123236","-74.998031","0019","6","0","0","0","0","0","0","0","0","","0","0","0","","","0","N","0","","40 07:23.650","","0","74 59:52.910","0","0","0","0","67301","0","0","0","N","0","0","0","0","67301","0","","1.0","","1","N","N","N","0","","0","0","0","","0","","","3","0","0","0","0","0","0","2","0","3","","03","","N","","","","","","","","","",""
"2022014877","2000","2","0","0","0","0","0","0","0","0","1","0","","67","1","2022","6","40.002836","-75.175242","1250","6","0","0","0","0","0","0","0","0","","0","0","0","","","3","N","0","","40 00:10.210","","0","75 10:30.870","3","0","0","0","67301","0","0","0","N","0","0","0","4","67301","0","","1.0","","99","N","N","N","0","","3","0","0","","0","","","2","3","0","0","0","0","0","2","0","2","","03","","N","","","","","","","","","",""
"2022010868","0940","1","0","0","0","0","0","0","0","0","8","0","","67","1","2022","3","39.991939","-75.236191","0924","6","0","0","0","0","0","0","0","0","","0","0","0","","","1","","1","","39 59:30.980","","0","75 14:10.287","3","0","0","0","67301","1","0","0","N","1","0","0","2","67301","0","","1.0","","1","N","N","N","0","","1","0","0","","3","","","2","1","0","0","0","0","1","2","0","1","","03","","N","","","","","","","","","",""
"2022025073","0343","4","0","0","0","0","0","0","0","0","4","0","","67","1","2022","7","39.976387","-75.151309","0341","6","0","0","0","0","0","0","0","0","","0","0","0","","","0","","1","","39 58:34.993","","0","75 09:04.712","9","0","0","0","67301","0","0","0","N","0","0","0","5","67301","0","","1.0","","1","N","N","N","0","","0","0","2","","2","","","6","0","0","0","0","0","1","2","0","6","","03","","N","","","","","","","","","",""
"2022014636","2325","2","0","0","0","0","0","0","0","0","4","0","","67","1","2022","6","39.928019","-75.219299","2324","6","0","0","0","0","0","1","0","0","","0","0","0","","","1","","1","","39 55:40.869","","0","75 13:09.477","3","0","0","0","67301","0","0","0","N","0","0","0","5","67301","0","","1.0","","1","N","N","N","0","","1","0","1","","2","","","3","1","0","0","0","0","0","2","0","3","","03","","N","","","","","","","","","",""
"2022047206","0545","1","0","0","0","0","0","0","0","0","4","0","","67","4","2022","5","39.992999","-75.134514","0530","6","0","0","0","0","0","0","1","0","","0","0","0","","","1","","1","","39 59:34.796","","0","75 08:04.250","3","0","0","0","67301","0","0","0","N","0","0","0","2","67301","0","","1.0","","1","N","N","N","0","","1","0","1","","2","","","2","1","0","0","0","0","1","2","0","2","","","","N","","","","","","","","","",""
"2022014880","0845","1","0","0","0","0","0","0","0","0","7","0","","67","1","2022","7","40.002128","-75.157054","0840","6","0","0","0","0","0","0","0","0","","0","0","0","","","1","N","0","","40 00:07.660","","0","75 09:25.396","3","0","0","0","67301","0","0","0","N","0","0","0","1","67301","0","","4.0","","1","N","N","N","0","","1","0","0","","0","","","1","1","1","0","0","0","0","2","0","1","","03","","N","","","","","","","","","",""
"2022014529","1833","1","0","0","0","0","0","0","0","0","1","0","","67","1","2022","3","39.905738","-75.193924","1820","6","0","0","0","0","0","0","0","0","","0","0","0","","","1","","1","","39 54:20.655","","0","75 11:38.126","3","0","0","0","67301","0","0","0","N","0","0","0","2","67301","0","","1.0","","1","N","N","N","0","","1","0","0","","2","","","2","1","0","0","0","0","1","2","0","2","","","","N","","","","","","","","","",""
"2022023934","1005","1","0","0","0","0","0","0","0","0","8","0","","67","3","2022","3","40.029954","-75.128984","1000","6","0","0","0","0","0","0","0","0","","0","0","0","","","1","","1","","40 01:47.834","","0","75 07:44.342","3","0","0","0","67301","1","0","0","N","1","0","0","2","67301","0","","1.0","","1","N","Y","N","0","","1","0","0","","3","","","2","1","0","0","0","0","0","2","0","1","","03","","N","","","","","","","","","",""
"2022014532","0435","2","0","0","0","0","0","0","0","0","4","0","","67","1","2022","7","40.059533","-75.084578","0406","6","0","0","0","0","0","0","0","0","","0","0","0","","","2","N","0","","40 03:34.317","","7","75 05:04.482","3","0","0","0","67301","0","0","0","N","0","0","0","2","67301","0","","1.0","","1","N","N","N","0","","2","0","1","","0","","","3","2","0","0","0","0","0","2","0","3","","","","N","","","","","","","","","",""
"2022014740","1535","1","0","0","0","0","0","0","0","0","6","0","","67","1","2022","5","39.989133","-75.203089","1524","6","0","0","0","0","0","1","0","0","","0","0","0","","","2","N","0","","39 59:20.880","5","0","75 12:11.120","2","0","0","0","67301","0","0","0","N","0","0","0","3","67301","0","","1.0","1640.0","1","N","N","N","1","","0","2","0","","0","Y","","2","2","1","0","1","0","0","2","0","2","","03","","N","","","","","","","","","",""
"2022014849","0826","1","0","0","0","0","0","0","0","0","4","0","","67","1","2022","7","40.044269","-75.142395","0826","6","0","0","0","0","0","0","1","0","","0","0","0","","","1","","1","","40 02:39.368","","0","75 08:32.621","8","0","0","0","67301","0","0","0","N","0","0","0","2","67301","0","","1.0","","1","N","N","N","0","","0","0","1","","3","","","3","1","0","0","0","1","1","2","0","3","","03","","N","","","","","","","","","",""
"2022034190","1732","2","0","0","0","0","0","0","0","0","1","0","","67","3","2022","2","39.996062","-75.083011","1723","6","0","0","0","0","0","0","1","0","","0","0","0","","","1","N","0","","39 59:45.823","2","0","75 04:58.840","4","0","0","0","67301","0","0","0","N","0","0","0","3","68K01","1","","1.0","1550.0","1","N","N","N","0","","0","0","1","","0","Y","","3","1","0","0","0","0","0","2","0","3","","","","N","","","","","","","","","",""
"2022014839","1954","1","0","0","0","0","0","0","0","0","5","0","","67","1","2022","7","40.025778","-75.123473","1954","6","0","0","0","0","0","0","0","0","","0","0","0","","","0","","1","","40 01:32.799","","0","75 07:24.504","9","0","0","0","67301","0","0","0","N","0","0","0","2","67301","0","","1.0","","1","N","N","N","1","","0","0","0","","2","","","2","0","0","0","0","0","2","2","0","2","","03","","N","","","","","","","","","",""
"2022027046","1920","1","0","0","0","0","0","0","0","0","1","0","","67","3","2022","5","39.966185","-75.13624","1909","6","0","0","0","0","0","0","0","0","","0","0","0","","","4","N","0","","39 57:58.267","","0","75 08:10.463","8","0","0","0","67301","0","0","0","N","0","0","0","8","68K01","0","","1.0","","1","N","N","N","0","","0","0","1","","0","","","3","4","4","0","0","4","0","2","1","3","","03","","N","","","","","","","","","",""
"2022043901","0306","1","0","0","0","0","0","0","0","0","7","0","","67","4","2022","6","40.028806","-75.16175","0255","6","0","0","0","0","0","0","0","0","","0","0","0","","","0","N","0","","40 01:43.700","","0","75 09:42.300","0","0","0","0","67301","0","0","0","N","0","0","0","1","67301","0","","5.0","","1","N","N","N","0","","0","0","0","","0","","","1","0","0","0","0","0","0","2","0","1","","03","","N","","","","","","","","","",""
"2022014879","0234","0","0","0","0","0","0","0","0","0","5","0","","67","1","2022","7","40.010929","-75.177934","0224","6","0","0","0","0","0","0","0","0","","0","0","0","","","1","N","0","","40 00:39.344","","7","75 10:40.564","3","0","0","0","67301","0","0","0","N","0","0","0","2","67301","0","","1.0","","1","N","N","N","0","","1","0","2","","1","","","2","1","1","0","0","0","1","2","0","2","","03","","N","","","","","","","","","",""
"2022019849","1645","1","0","0","0","0","0","0","0","0","5","0","","67","2","2022","3","39.952508","-75.209267","1636","6","0","0","0","0","0","0","0","0","","0","0","0","","","0","","1","","39 57:09.028","","0","75 12:33.361","0","0","0","0","67301","0","0","0","N","0","0","0","2","67301","0","","1.0","","9","N","N","N","0","","0","0","1","","2","","","2","0","1","0","0","0","0","2","0","2","","","","N","","","","","","","","","",""
"2022017149","2301","1","0","0","0","0","0","0","0","0","4","0","","67","1","2022","7","39.945858","-75.240283","2300","6","0","0","0","0","0","0","0","0","","0","0","0","","","2","","5","","39 56:45.089","","0","75 14:25.018","8","0","0","0","67301","0","0","0","N","0","0","0","3","67301","0","","1.0","","1","N","N","N","0","","0","0","1","","2","","","2","2","0","0","0","2","1","2","0","2","","03","","N","","","","","","","","","",""
"2022032850","0955","3","0","0","0","0","0","0","0","0","5","0","","67","4","2022","1","39.919583","-75.1645","0950","6","0","0","0","0","0","0","0","0","","0","0","0","","","0","N","0","","39 55:10.500","","0","75 09:52.200","0","0","0","0","67301","0","0","0","N","0","0","0","1","67301","0","","6.0","","9","N","N","Y","0","","0","0","1","","0","","","4","0","1","0","0","0","0","2","0","4","","","","N","","","","","","","","","",""
"2022010860","1644","1","0","0","0","0","0","0","0","0","1","0","","67","1","2022","6","39.954286","-75.203866","1642","6","0","0","0","0","0","0","0","0","","0","0","0","","","0","N","0","","39 57:15.428","","0","75 12:13.919","0","0","0","0","67301","0","0","0","N","0","0","0","2","67301","0","","1.0","","1","N","N","N","0","","0","0","1","","0","","","2","0","2","0","0","0","0","2","0","2","","03","","N","","","","","","","","","",""
"2022014642","1655","1","0","0","0","0","0","0","0","0","1","0","","67","1","2022","3","39.918149","-75.209686","1650","6","0","0","0","0","0","0","0","0","","0","0","0","","","0","N","0","","39 55:05.338","4","0","75 12:34.869","0","0","0","0","67301","0","0","0","N","0","0","0","2","67301","0","","1.0","1800.0","1","N","N","N","0","","0","0","0","","0","N","","2","0","1","0","0","0","0","2","1","2","","","","N","","","","","","","","","",""
"2022020649","1416","1","0","0","0","0","0","0","0","0","5","0","","67","1","2022","7","39.97216","-75.193608","1406","6","0","0","0","0","0","1","0","0","","0","0","0","","","0","N","0","","39 58:19.775","3","0","75 11:36.987","0","0","0","0","67301","0","0","0","N","0","0","0","5","68K01","0","","1.0","1400.0","1","N","N","N","0","","0","0","2","","0","Y","","3","0","0","0","0","0","0","2","0","3","","","","N","","","","","","","","","",""
"2022014881","0922","2","0","0","0","0","0","0","0","0","4","0","","67","1","2022","7","40.028505","-75.16708","0919","6","0","0","0","1","0","0","0","0","","0","0","0","","","0","","1","","40 01:42.618","","0","75 10:01.487","0","0","0","0","67301","0","0","0","N","0","0","0","2","67301","0","","1.0","","1","N","N","N","0","","0","0","0","","3","","","2","0","0","0","0","0","0","2","0","2","","03","","N","","","","","","","","","",""
"2022025077","0135","1","0","0","0","0","0","0","0","0","4","0","","67","1","2022","2","39.986343","-75.180236","0132","6","0","0","0","0","0","0","0","0","","0","0","0","","","1","","1","","39 59:10.834","","0","75 10:48.850","3","0","0","0","67301","0","0","0","N","0","0","0","2","67301","0","","1.0","","9","N","N","N","0","","1","0","1","","2","","","2","1","2","0","0","0","0","2","0","2","","07","","N","","","","","","","","","",""
"2022010901","0854","1","0","0","0","0","0","0","0","0","4","0","","67","1","2022","3","40.003661","-75.168915","0852","6","0","0","0","0","0","1","0","0","","0","0","0","","","0","","5","","40 00:13.178","","0","75 10:08.095","0","0","0","0","67301","0","0","0","N","0","0","0","2","67301","0","","1.0","","1","N","N","N","0","","0","0","0","","2","","","2","0","2","0","0","0","0","2","1","2","","03","","N","","","","","","","","","",""
"2022025065","0752","1","0","0","0","0","0","0","0","0","4","0","","67","3","2022","4","39.969513","-75.225371","0751","6","0","0","0","0","0","0","0","0","","0","0","0","","","1","","1","","39 58:10.246","","0","75 13:31.336","4","0","0","0","67301","0","0","0","N","0","0","0","2","67301","1","","1.0","","1","N","N","N","0","","0","0","1","","2","","","2","1","0","0","0","0","0","2","0","2","","03","","N","","","","","","","","","",""
"2022025072","0640","1","0","0","0","0","0","0","0","0","4","0","","67","1","2022","5","39.987505","-75.148886","0634","6","0","0","0","0","0","0","0","0","","0","0","0","","","1","","1","","39 59:15.018","","0","75 08:55.989","3","0","0","0","67301","0","0","0","N","0","0","0","3","67301","0","","1.0","","9","N","N","N","0","","1","0","1","","3","","","2","1","0","0","0","0","0","2","0","2","","","","N","","","","","","","","","",""
"2022034502","1306","1","0","0","0","0","0","0","0","0","1","0","","67","3","2022","1","40.030354","-75.022035","1244","6","0","0","0","0","0","0","0","0","","0","0","0","","","1","N","0","","40 01:49.275","","0","75 01:19.327","4","0","0","0","67301","0","0","0","N","0","0","0","7","68K01","1","","1.0","","1","N","N","N","0","","0","0","1","","0","","","2","1","0","0","0","0","4","2","0","2","","","","N","","","","","","","","","",""
"2022014568","0828","0","0","0","0","0","0","0","0","0","8","0","","67","1","2022","6","39.966339","-75.153503","0828","6","0","0","0","0","0","0","0","0","","0","0","0","","","1","N","0","","39 57:58.820","","0","75 09:12.610","3","0","0","0","67301","1","0","0","N","1","0","0","2","67301","0","","1.0","","1","N","N","N","0","","1","0","1","","0","","","2","1","0","0","0","0","0","2","0","1","","03","","N","","","","","","","","","",""