"CRN","ARRIVAL_TM","AUTOMOBILE_COUNT","BELTED_DEATH_COUNT","BELTED_SUSP_SERIOUS_INJ_COUNT","BICYCLE_COUNT","BICYCLE_DEATH_COUNT","BICYCLE_SUSP_SERIOUS_INJ_COUNT","BUS_COUNT","CHLDPAS_DEATH_COUNT","CHLDPAS_SUSP_SERIOUS_INJ_COUNT","COLLISION_TYPE","COMM_VEH_COUNT","CONS_ZONE_SPD_LIM","COUNTY","CRASH_MONTH","CRASH_YEAR","DAY_OF_WEEK","DEC_LATITUDE","DEC_LONGITUDE","DISPATCH_TM","DISTRICT","DRIVER_COUNT_16YR","DRIVER_COUNT_17YR","DRIVER_COUNT_18YR","DRIVER_COUNT_19YR","DRIVER_COUNT_20YR","DRIVER_COUNT_50_64YR","DRIVER_COUNT_65_74YR","DRIVER_COUNT_75PLUS","EST_HRS_CLOSED","FATAL_COUNT","HEAVY_TRUCK_COUNT","HORSE_BUGGY_COUNT","HOUR_OF_DAY","ILLUMINATION","INJURY_COUNT","INTERSECTION_RELATED","INTERSECT_TYPE","LANE_CLOSED","LATITUDE","LN_CLOSE_DIR","LOCATION_TYPE","LONGITUDE","MAX_SEVERITY_LEVEL","MCYCLE_DEATH_COUNT","MCYCLE_SUSP_SERIOUS_INJ_COUNT","MOTORCYCLE_COUNT","MUNICIPALITY","NONMOTR_COUNT","NONMOTR_DEATH_COUNT","NONMOTR_SUSP_SERIOUS_INJ_COUNT","NTFY_HIWY_MAINT","PED_COUNT","PED_DEATH_COUNT","PED_SUSP_SERIOUS_INJ_COUNT","PERSON_COUNT","POLICE_AGCY","POSSIBLE_INJ_COUNT","RDWY_SURF_TYPE_CD","RELATION_TO_ROAD","ROADWAY_CLEARED","ROAD_CONDITION","SCH_BUS_IND","SCH_ZONE_IND","SECONDARY_CRASH","SMALL_TRUCK_COUNT","SPEC_JURIS_CD","SUSP_MINOR_INJ_COUNT","SUSP_SERIOUS_INJ_COUNT","SUV_COUNT","TCD_FUNC_CD","TCD_TYPE","TFC_DETOUR_IND","TIME_OF_DAY","TOTAL_UNITS","TOT_INJ_COUNT","UNBELTED_OCC_COUNT","UNB_DEATH_COUNT","UNB_SUSP_SERIOUS_INJ_COUNT","UNK_INJ_DEG_COUNT","UNK_INJ_PER_COUNT","URBAN_RURAL","VAN_COUNT","VEHICLE_COUNT","WEATHER1","WEATHER2","WORKERS_PRES","WORK_ZONE_IND","WORK_ZONE_LOC","WORK_ZONE_TYPE","WZ_CLOSE_DETOUR","WZ_FLAGGER","WZ_LAW_OFFCR_IND","WZ_LN_CLOSURE","WZ_MOVING","WZ_OTHER","WZ_SHLDER_MDN","WZ_WORKERS_INJ_KILLED"
"2022014820","2121","2","0","0","0","0","0","0","0","0","5","0","","67","1","2022","2","40.022326","-75.137203","2119","6","0","0","0","0","0","0","0","0","","0","0","0","","","1","N","0","","40 01:20.372","","0","75 08:13.932","8","0","0","0","67301","0","0","0","N","0","0","0","2","67301","0","","6.0","","1","N","N","N","0","","0","0","1","","0","","","3","1","0","0","0","1","1","2","0","3","","03","","N","","","","","","","","","",""
"2022014540","1619","1","0","0","0","0","0","0","0","0","4","0","","67","1","2022","7","40.049362","-75.067901","1609","6","0","0","0","0","0","0","0","0","","0","0","0","","","1","","1","","40 02:57.703","","0","75 04:04.444","8","0","0","0","67301","0","0","0","N","0","0","0","7","67301","0","","1.0","","1","N","N","Y","0","","0","0","1","","2","","","3","1","0","0","0","1","2","2","1","3","","03","","N","","","","","","","","","",""
"2022016279","0315","1","0","0","0","0","0","0","0","0","7","0","","67","2","2022","1","40.027958","-75.190522","0311","6","0","0","0","0","0","0","0","0","","0","0","0","","","0","N","0","","40 01:40.650","","0","75 11:25.880","0","0","0","0","67301","0","0","0","N","0","0","0","1","67301","0","","4.0","","9","N","N","N","0","","0","0","0","","0","","","1","0","0","0","0","0","0","2","0","1","","09","","N","","","","","","","","","",""
"2022014711","2237","1","0","0","0","0","0","0","0","0","1","0","","67","1","2022","7","40.054093","-75.049043","2237","6","0","0","0","0","0","0","0","0","","0","0","0","","","0","","1","","40 03:14.733","","0","75 02:56.553","9","0","0","0","67301","0","0","0","N","0","0","0","4","67301","0","","1.0","","1","N","N","N","0","","0","0","1","","2","","","2","0","0","0","0","0","4","2","0","2","","","","N","","","","","","","","","",""
"2022004142","0823","2","0","0","0","0","0","0","0","0","4","0","","67","1","2022","3","40.021964","-75.083564","0817","6","0","0","0","0","0","0","0","0","","0","0","0","","","0","","1","","40 01:19.070","","0","75 05:00.831","0","0","0","0","67301","0","0","0","N","0","0","0","2","67301","0","","1.0","","1","N","N","Y","0","","0","0","1","","3","","","3","0","0","0","0","0","0","2","0","3","","","","N","","","","","","","","","",""
"2022008862","0542","0","0","0","0","0","0","0","0","0","1","0","","67","1","2022","3","39.946886","-75.142321","0534","6","0","0","0","1","0","1","0","0","","0","0","0","","","0","N","0","","39 56:48.791","2","0","75 08:32.357","0","0","0","0","67301","0","0","0","N","0","0","0","2","68K01","0","","1.0","630.0","1","N","N","N","1","","0","0","1","","0","N","","2","0","2","0","0","0","0","2","0","2","","03","","N","","","","","","","","","",""
"2022021825","0235","0","0","0","0","0","0","0","0","0","4","0","","67","3","2022","3","40.026801","-75.097355","0228","6","0","0","0","0","0","1","0","0","","0","0","0","","","1","","1","","40 01:36.484","","0","75 05:50.479","8","0","0","0","67301","0","0","0","N","0","0","0","2","67301","0","","1.0","","1","N","N","N","0","","0","0","1","","2","","","2","1","0","0","0","1","1","2","1","2","","04","","N","","","","","","","","","",""
"2022023767","0210","0","0","0","0","0","0","0","0","0","5","0","","67","1","2022","4","39.991975","-75.173247","0156","6","0","0","0","0","0","0","0","0","","0","0","0","","","0","N","0","","39 59:31.110","","0","75 10:23.690","9","0","0","0","67301","0","0","0","N","0","0","0","1","67301","0","","6.0","","1","N","N","N","0","","0","0","0","","0","","","2","0","0","0","0","0","1","2","1","2","","03","","N","","","","","","","","","",""
"2022035217","0846","2","0","0","0","0","0","0","0","0","4","0","","67","4","2022","4","40.00768","-75.15158","0844","6","0","0","0","0","0","0","0","0","","0","0","0","","","1","","1","","40 00:27.648","","0","75 09:05.687","8","0","0","0","67301","0","0","0","N","0","0","0","2","67505","0","","1.0","","1","N","N","N","0","","0","0","0","","2","N","","2","1","0","0","0","1","1","2","0","2","","03","","N","","","","","","","","","",""
"2022004186","2250","2","0","0","0","0","0","0","0","0","5","0","","67","1","2022","2","39.945675","-75.154286","2245","6","0","0","0","0","0","0","0","0","","0","0","0","","","0","N","0","","39 56:44.430","","0","75 09:15.430","0","0","0","0","67301","0","0","0","N","0","0","0","1","67301","0","","6.0","","9","N","N","N","0","","0","0","0","","0","","","2","0","0","0","0","0","0","2","0","2","","04","","N","","","","","","","","","",""
"2022014659","0954","1","0","0","0","0","0","0","0","0","4","0","","67","1","2022","2","40.086103","-75.211875","0954","6","0","0","0","0","0","0","0","0","","0","0","0","","","0","","1","","40 05:09.972","","0","75 12:42.750","0","0","0","0","67301","0","0","0","N","0","0","0","2","67301","0","","1.0","","9","N","N","N","0","","0","0","1","","2","","","2","0","0","0","0","0","0","2","0","2","","06","","N","","","","","","","","","",""
"2022014815","2235","1","0","0","0","0","0","0","0","0","4","0","","67","1","2022","4","40.016102","-75.130795","2235","6","0","0","0","0","0","0","0","0","","0","0","0","","","0","","1","","40 00:57.967","","0","75 07:50.861","0","0","0","0","67301","0","0","0","N","0","0","0","2","67301","0","","1.0","","1","N","N","N","0","","0","0","1","","3","","","2","0","0","0","0","0","0","2","0","2","","","","N","","","","","","","","","",""
"2022014761","2210","2","0","0","0","0","0","0","0","0","1","0","","67","1","2022","2","39.947951","-75.198855","2200","6","0","0","0","0","0","0","0","0","","0","0","0","","","1","Y","0","","39 56:52.622","2","0","75 11:55.877","4","0","0","0","67301","0","0","0","N","0","0","0","3","67301","1","","1.0","45.0","1","N","N","Y","0","","0","0","1","","2","N","","3","1","0","0","0","0","2","2","0","3","","","","N","","","","","","","","","",""
"2022008117","1741","0","0","0","0","0","0","0","0","0","7","0","","67","1","2022","3","39.958776","-75.164694","1731","6","0","0","0","0","0","0","0","0","","0","0","0","","","0","N","0","","39 57:31.592","1","2","75 09:52.899","9","0","0","0","67301","0","0","0","N","0","0","0","1","68K01","0","","4.0","30.0","1","N","N","N","0","","0","0","1","","0","N","","1","0","0","0","0","0","1","2","0","1","","03","","N","","","","","","","","","",""
"2022010894","1119","2","0","0","0","0","0","0","0","0","1","0","","67","1","2022","1","40.039076","-75.144733","1119","6","0","0","0","0","0","1","1","0","","0","0","0","","","2","","1","","40 02:20.672","","0","75 08:41.040","3","0","0","0","67301","0","0","0","N","0","0","0","3","67301","0","","1.0","","1","N","N","N","0","","2","0","1","","2","","","3","2","0","0","0","0","0","2","0","3","","","","N","","","","","","","","","",""
"2022010864","1918","0","0","0","0","0","0","0","0","0","8","0","","67","1","2022","3","39.990194","-75.220083","1917","6","0","0","0","0","0","0","0","0","","0","0","0","","","1","N","0","","39 59:24.700","","1","75 13:12.300","8","0","0","0","67301","1","0","0","N","1","0","0","2","67301","0","","2.0","","1","N","N","N","0","","0","0","0","","0","","","2","1","0","0","0","1","0","2","0","1","","03","","N","","","","","","","","","",""
"2022043728","1706","1","0","0","0","0","0","0","0","0","7","0","","67","5","2022","6","39.886754","-75.214235","1645","6","0","0","0","0","0","0","0","0","","0","0","0","","","0","N","0","","39 53:12.315","2","0","75 12:51.246","0","0","0","0","67301","0","0","0","N","0","0","0","1","68K01","0","","4.0","1718.0","9","N","N","N","0","","0","0","0","","0","Y","","1","0","0","0","0","0","0","2","0","1","","","","N","","","","","","","","","",""
"2022014577","2345","1","0","0","0","0","0","0","0","0","4","0","","67","1","2022","3","40.105294","-75.039937","2337","6","0","0","0","0","0","0","0","0","","0","0","0","","","0","","2","","40 06:19.058","6","0","75 02:23.773","0","0","0","0","67301","0","0","0","N","0","0","0","1","67301","0","","1.0","215.0","1","N","N","N","0","","0","0","0","","3","N","","2","0","0","0","0","0","0","2","1","2","","03","","N","","","","","","","","","",""
"2022014775","1159","0","0","0","0","0","0","0","0","0","1","0","","67","1","2022","3","39.982194","-75.238944","1151","6","0","0","0","0","0","1","0","0","","0","0","0","","","1","N","0","","39 58:55.900","","3","75 14:20.200","3","0","0","0","67301","0","0","0","N","0","0","0","2","67301","0","","1.0","","99","N","N","N","0","","1","0","1","","0","","","2","1","0","0","0","0","0","2","0","2","","","","N","","","","","","","","","",""
"2022004526","0902","3","0","0","0","0","0","0","0","0","4","0","","67","1","2022","4","40.066786","-75.160829","0900","6","0","0","0","0","0","0","0","0","","0","0","0","","","2","","1","","40 04:00.429","","0","75 09:38.984","3","0","0","0","67301","0","0","0","N","0","0","0","3","67301","0","","1.0","","1","N","N","N","0","","2","0","0","","3","","","4","2","0","0","0","0","0","2","1","4","","","","N","","","","","","","","","",""
"2022048107","1232","0","0","0","0","0","0","0","0","0","5","0","","67","5","2022","2","40.067312","-75.02824","1224","6","0","0","0","0","0","1","0","0","","0","0","0","","","1","","1","","40 04:02.323","","0","75 01:41.663","3","0","0","1","67301","0","0","0","N","0","0","0","1","67301","0","","5.0","","1","N","N","N","0","","1","0","1","","3","","","2","1","0","0","0","0","0","2","0","2","","","","N","","","","","","","","","",""
"2022014848","1652","1","0","0","0","0","0","0","0","0","4","0","","67","1","2022","7","40.043679","-75.149791","1652","6","0","0","0","0","0","0","0","0","","0","0","0","","","1","","1","","40 02:37.244","","0","75 08:59.247","3","0","0","0","67301","0","0","0","N","0","0","0","2","67301","0","","1.0","","1","N","N","N","0","","1","0","0","","1","","","2","1","0","0","0","0","0","2","0","2","","","","N","","","","","","","","","",""
"2022004205","0729","1","0","0","0","0","0","0","0","0","5","0","","67","1","2022","3","40.050934","-75.009756","0728","6","0","0","0","0","0","1","0","0","","0","0","0","","","0","N","0","","40 03:03.362","","0","75 00:35.122","0","0","0","0","67301","0","0","0","N","0","0","0","1","67301","0","","6.0","","1","N","N","N","0","","0","0","1","","0","","","2","0","1","0","0","0","0","2","0","2","","03","","N","","","","","","","","","",""
"2022011383","0003","1","0","0","0","0","0","0","0","0","5","0","","67","1","2022","3","40.006185","-75.074642","2348","6","0","0","0","1","0","0","0","0","","0","0","0","","","1","N","0","","40 00:22.265","","0","75 04:28.712","3","0","0","0","67301","0","0","0","N","0","0","0","3","68K01","0","","1.0","","1","N","N","N","0","","1","0","1","","0","","","2","1","0","0","0","0","0","2","0","2","","03","","N","","","","","","","","","",""
"2022034196","1246","1","0","0","0","0","0","0","0","0","5","0","","67","3","2022","3","39.92098","-75.147883","1233","6","0","0","0","0","0","1","0","0","","0","0","0","","","1","N","0","","39 55:15.527","1","0","75 08:52.378","3","0","0","0","67301","0","0","0","N","0","0","0","2","68K01","0","","1.0","1300.0","1","N","N","N","0","","1","0","0","","0","Y","","2","1","0","0","0","0","0","2","0","2","","","","N","","","","","","","","","",""
"2022014640","1712","1","0","0","0","0","0","0","0","0","4","0","","67","1","2022","2","39.881667","-75.253419","1706","6","0","0","0","0","0","0","0","0","","0","0","0","","","1","","3","","39 52:54.000","","2","75 15:12.310","3","0","0","0","67301","0","0","0","N","0","0","0","2","67301","0","","1.0","","1","N","N","N","0","","1","0","0","","2","","","2","1","0","0","0","0","1","2","0","2","","03","","N","","","","","","","","","",""
"2022041393","0053","1","0","0","0","0","0","0","0","0","7","0","","67","4","2022","1","40.031205","-75.021665","0053","6","0","0","1","0","0","0","0","0","","0","0","0","","","0","N","0","","40 01:52.338","2","0","75 01:17.994","0","0","0","0","67301","0","0","0","N","0","0","0","2","68K01","0","","4.0","110.0","9","N","N","N","0","","0","0","0","","0","Y","","1","0","0","0","0","0","0","2","0","1","","","","N","","","","","","","","","",""
"2022014539","1025","0","0","0","0","0","0","0","0","0","4","0","","67","1","2022","7","40.06149","-75.083805","1012","6","0","0","0","0","0","1","0","0","","0","0","0","","","1","","1","","40 03:41.363","","0","75 05:01.699","3","0","0","0","67301","0","0","0","N","0","0","0","2","67301","0","","1.0","","1","N","N","N","0","","1","0","2","","1","","","2","1","1","0","0","0","0","2","0","2","","03","","N","","","","","","","","","",""
"2022010298","1616","2","0","0","0","0","0","0","0","0","5","0","","67","1","2022","2","39.898782","-75.169717","1609","6","0","0","0","0","0","1","0","0","","0","0","0","","","2","N","0","","39 53:55.615","1","0","75 10:10.982","2","0","0","0","67301","0","0","0","N","0","0","0","4","68K01","0","","1.0","1650.0","1","N","N","N","0","","1","1","0","","0","N","","2","2","2","0","1","0","0","2","0","2","","","","N","","","","","","","","","",""
"2022014878","0002","1","0","0","0","0","0","0","0","0","1","0","","67","1","2022","6","40.009718","-75.187234","2347","6","0","0","0","0","0","0","1","0","","0","0","0","","","2","","7","","40 00:34.985","4","2","75 11:14.041","3","0","0","0","67301","0","0","0","N","0","0","0","3","67301","0","","1.0","140.0","1","N","N","N","0","","2","0","0","","0","N","","2","2","0","0","0","0","0","2","1","2","","03","","N","","","","","","","","","",""
"2022034499","0617","2","0","0","0","0","0","0","0","0","5","0","","67","3","2022","1","39.981546","-75.206998","0617","6","0","0","0","0","0","0","0","0","","0","0","0","","","3","N","0","","39 58:53.566","4","0","75 12:25.191","8","0","0","0","67301","0","0","0","N","0","0","0","3","68K01","0","","1.0","700.0","1","N","N","N","0","","0","0","0","","0","N","","2","3","1","0","0","3","0","2","0","2","","03","","N","","","","","","","","","",""
"2022005434","2312","0","0","0","0","0","0","0","0","0","7","0","","67","1","2022","6","39.912361","-75.173833","2309","6","0","0","0","0","0","0","0","0","","0","0","0","","","0","N","0","","39 54:44.500","3","2","75 10:25.800","0","0","0","0","67301","0","0","0","N","0","0","0","4","67501","0","","4.0","2343.0","1","N","N","N","0","","0","0","1","","8","Y","","1","0","0","0","0","0","0","2","0","1","","","","N","","","","","","","","","",""
"2022014535","0202","1","0","1","0","0","0","0","0","0","5","0","","67","1","2022","6","40.059784","-75.081034","0157","6","0","0","0","0","0","0","0","0","","0","0","0","","","1","N","0","","40 03:35.221","","0","75 04:51.721","2","0","0","0","67301","0","0","0","N","0","0","0","1","67301","0","","6.0","","1","N","N","N","0","","0","1","2","","0","","","3","1","0","0","0","0","0","2","0","3","","","","N","","","","","","","","","",""
"2022014637","0838","1","0","0","0","0","0","0","0","0","1","0","","67","1","2022","1","39.911148","-75.23051","0828","6","0","0","0","0","0","0","0","0","","0","0","0","","","1","","1","","39 54:40.132","","0","75 13:49.836","4","0","0","0","67301","0","0","0","N","0","0","0","2","67301","1","","1.0","","1","N","N","N","0","","0","0","1","","2","","","2","1","1","0","0","0","0","2","0","2","","03","","N","","","","","","","","","",""
"2022014843","1245","0","0","0","0","0","0","0","0","0","5","0","","67","1","2022","3","40.056739","-75.141153","1245","6","0","0","0","0","0","0","0","0","","0","0","0","","","0","N","0","","40 03:24.260","","0","75 08:28.150","9","0","0","0","67301","0","0","0","N","0","0","0","2","67301","0","","6.0","","99","N","N","N","0","","0","0","2","","0","","","2","0","1","0","0","0","2","2","0","2","","","","N","","","","","","","","","",""
"2022010830","1902","0","0","0","0","0","0","0","0","0","8","0","","67","1","2022","3","40.100596","-74.979703","1902","6","0","0","0","0","0","1","0","0","","0","0","0","","","1","","2","","40 06:02.145","3","0","74 58:46.930","2","0","0","0","67301","1","0","1","N","1","0","1","3","67301","0","","1.0","2130.0","1","N","N","N","0","","0","1","0","","3","Y","","2","1","0","0","0","0","0","2","1","1","","03","","N","","","","","","","","","",""
"2022014664","1000","1","0","0","0","0","0","0","0","0","8","0","","67","1","2022","6","40.053802","-75.160903","1000","6","0","0","0","0","0","0","0","0","","0","0","0","","","1","","2","","40 03:13.687","","0","75 09:39.250","4","0","0","0","67301","1","0","0","N","1","0","0","3","67301","1","","1.0","","99","N","N","N","0","","0","0","0","","3","","","2","1","2","0","0","0","2","2","0","1","","","","N","","","","","","","","","",""
"2022049708","0110","1","0","0","0","0","0","0","0","0","5","0","","67","5","2022","7","40.059017","-75.159611","0110","6","0","0","0","0","0","0","0","0","","0","0","0","","","0","N","0","","40 03:32.460","","0","75 09:34.600","9","0","0","0","67301","0","0","0","N","0","0","0","1","67301","0","","1.0","","9","N","N","N","0","","0","0","5","","0","","","6","0","1","0","0","0","1","2","0","6","","","","N","","","","","","","","","",""
"2022014536","0230","3","0","0","0","0","0","0","0","0","5","0","","67","1","2022","6","40.049703","-75.068508","0224","6","0","0","0","0","0","0","0","0","","0","0","0","","","0","N","0","","40 02:58.930","6","0","75 04:06.630","9","0","0","0","67301","0","0","0","N","0","0","0","1","67301","0","","6.0","200.0","1","N","N","N","0","","0","0","1","","0","N","","4","0","1","0","0","0","1","2","0","4","","","","N","","","","","","","","","",""
"2022025219","2127","1","0","0","0","0","0","0","0","0","5","0","","67","1","2022","3","39.948383","-75.219253","2127","6","0","0","0","0","0","0","0","0","","0","0","0","","","1","","5","","39 56:54.179","","0","75 13:09.311","3","0","0","0","67301","0","0","0","N","0","0","0","3","67301","0","","1.0","","1","N","N","N","0","","1","0","2","","2","","","3","1","1","0","0","0","2","2","0","3","","03","","N","","","","","","","","","",""
"2022004155","1310","1","0","0","0","0","0","0","0","0","8","0","","67","1","2022","3","39.975897","-75.185647","1253","6","0","0","0","0","0","0","0","0","","0","0","0","","","1","N","0","","39 58:33.230","","0","75 11:08.330","4","0","0","0","67301","1","0","0","N","1","0","0","2","67301","1","","1.0","","1","N","N","N","0","","0","0","0","","0","","","2","1","0","0","0","0","1","2","0","1","","03","","N","","","","","","","","","",""
"2022014828","1928","0","0","0","0","0","0","0","0","0","4","0","","67","1","2022","6","39.981018","-75.123882","1920","6","0","0","0","0","0","0","0","0","","0","0","0","","","1","","1","","39 58:51.664","","0","75 07:25.975","3","0","0","0","67301","0","0","0","N","0","0","0","2","67301","0","","1.0","","1","N","N","N","0","","1","0","1","","3","","","2","1","0","0","0","0","1","2","1","2","","03","","N","","","","","","","","","",""
"2022010887","2300","1","0","0","0","0","0","0","0","0","5","0","","67","1","2022","6","39.961734","-75.136493","2300","6","0","0","0","0","0","1","0","0","","0","0","0","","","2","","2","","39 57:42.244","","0","75 08:11.375","8","0","0","0","67301","0","0","0","N","0","0","0","4","67301","0","","1.0","","1","N","N","N","0","","0","0","2","","2","","","3","2","0","0","0","2","2","2","0","3","","","","N","","","","","","","","","",""
"2022035759","2313","0","0","0","0","0","0","0","0","0","1","0","","67","3","2022","7","39.965198","-75.185781","2308","6","0","0","1","0","0","0","0","0","","0","0","0","","","0","N","0","","39 57:54.712","3","0","75 11:08.810","0","0","0","0","67301","0","0","0","N","0","0","0","2","68K01","0","","1.0","1119.0","9","N","N","N","0","","0","0","1","","0","N","","2","0","0","0","0","0","0","2","1","2","","03","","N","","","","","","","","","",""
"2022005397","1826","1","0","0","0","0","0","0","0","0","5","0","","67","1","2022","7","39.982833","-75.158694","1826","6","0","0","0","0","1","0","0","0","","0","0","0","","","0","N","0","","39 58:58.200","2","0","75 09:31.300","0","0","0","0","67301","0","0","0","N","0","0","0","1","67505","0","","6.0","1835.0","1","N","N","N","1","","0","0","0","","0","Y","","2","0","0","0","0","0","0","2","0","2","","03","","N","","","","","","","","","",""
"2022010861","1040","0","0","0","0","0","0","0","0","0","8","0","","67","1","2022","5","39.954582","-75.215873","1034","6","0","0","0","0","0","0","0","0","","0","0","0","","","1","","1","","39 57:16.495","","0","75 12:57.142","2","0","0","0","67301","1","0","1","N","1","0","1","2","67301","0","","1.0","","1","N","N","N","0","","0","1","0","","2","","","2","1","0","0","0","0","1","2","1","1","","03","","N","","","","","","","","","",""
"2022023703","0312","1","0","0","0","0","0","0","0","0","4","0","","67","1","2022","1","40.047488","-75.091868","0312","6","0","0","0","0","0","0","0","0","","0","0","0","","","2","","1","","40 02:50.956","7","0","75 05:30.725","8","0","0","0","67301","0","0","0","N","0","0","0","3","67301","0","","1.0","312.0","2","N","N","Y","1","","0","0","0","","2","Y","","2","2","0","0","0","2","1","2","0","2","","03","","N","","","","","","","","","",""
"2022004150","1640","1","0","0","0","0","0","0","0","0","4","0","","67","1","2022","3","39.916765","-75.1563","1640","6","0","0","1","0","0","0","0","0","","0","0","0","","","0","","2","","39 55:00.354","1","0","75 09:22.680","0","0","0","0","67301","0","0","0","N","0","0","0","3","67301","0","","1.0","1705.0","1","N","N","N","0","","0","0","2","","3","Y","","3","0","0","0","0","0","0","2","0","3","","","","N","","","","","","","","","",""
"2022034302","1840","1","0","0","0","0","0","0","0","0","7","0","","67","1","2022","1","39.902291","-75.151301","1827","6","0","1","0","0","0","0","0","0","","0","0","0","","","0","N","0","","39 54:08.249","2","0","75 09:04.683","0","0","0","0","67301","0","0","0","N","0","0","0","1","68K01","0","","4.0","1900.0","7","N","N","N","0","","0","0","0","","0","N","","1","0","0","0","0","0","0","2","0","1","","","","N","","","","","","","","","",""
"2022010636","0749","4","0","0","0","0","0","0","0","0","1","0","","67","1","2022","4","39.997613","-75.081596","0749","6","0","0","0","1","0","1","0","0","","0","0","0","","","1","N","0","","39 59:51.406","1","3","75 04:53.745","4","0","0","0","67301","0","0","0","N","0","0","0","5","68K01","1","","1.0","840.0","1","N","N","N","0","","0","0","1","","0","N","","5","1","0","0","0","0","0","2","0","5","","03","","N","","","","","","","","","",""
"2022035035","0220","2","0","0","0","0","0","0","0","0","1","0","","67","4","2022","1","39.999068","-75.195328","0230","6","0","0","0","0","0","0","0","0","","0","0","0","","","0","N","0","","39 59:56.646","4","0","75 11:43.180","0","0","0","0","67301","0","0","0","N","0","0","0","4","68Z99","0","","1.0","30.0","1","N","N","Y","0","","0","0","0","","0","N","","2","0","0","0","0","0","0","2","0","2","","03","","N","","","","","","","","","",""
"2022010815","0218","1","0","0","0","0","0","0","0","0","6","0","","67","1","2022","6","40.033961","-75.089311","0201","6","0","0","0","0","0","0","0","0","","0","0","0","","","0","N","0","","40 02:02.260","4","0","75 05:21.520","0","0","0","0","67301","0","0","0","N","0","0","0","1","67301","0","","6.0","334.0","1","N","N","N","1","","0","0","0","","0","N","","2","0","0","0","0","0","0","2","0","2","","","","N","","","","","","","","","",""
"2022010874","0941","0","0","0","0","0","0","0","0","0","4","0","","67","1","2022","3","39.975288","-75.168278","0941","6","0","0","0","0","0","1","0","0","","0","0","0","","","2","","2","","39 58:31.037","","0","75 10:05.801","4","0","0","0","67301","0","0","0","N","0","0","0","2","67301","2","","1.0","","1","N","N","N","0","","0","0","2","","3","","","2","2","0","0","0","0","0","2","0","2","","03","","N","","","","","","","","","",""
"2022024065","0842","2","0","0","0","0","0","0","0","0","1","0","","67","1","2022","3","39.970918","-75.124634","0836","6","0","0","0","0","0","0","1","0","","0","0","0","","","1","N","0","","39 58:15.303","","0","75 07:28.682","3","0","0","0","67301","0","0","0","N","0","0","0","2","68K01","0","","1.0","","1","N","N","N","0","","1","0","0","","0","","","2","1","0","0","0","0","0","2","0","2","","","","N","","","","","","","","","",""
"2022023158","2248","0","0","0","0","0","0","0","0","0","0","0","","67","1","2022","3","39.92234","-75.147833","2240","6","0","0","0","0","0","0","0","0","","0","0","0","","","1","N","0","","39 55:20.423","2","3","75 08:52.197","8","0","0","0","67301","0","0","0","N","0","0","0","1","68K01","0","","1.0","2325.0","1","N","N","N","0","","0","0","1","","0","N","","1","1","0","0","0","1","0","2","0","1","","","","N","","","","","","","","","",""
"2022014812","1850","1","0","0","0","0","0","0","0","0","3","0","","67","1","2022","5","39.995263","-75.152048","1850","6","0","0","0","1","0","0","0","0","","0","0","0","","","1","","1","","39 59:42.946","","0","75 09:07.372","8","0","0","1","67301","0","0","0","N","0","0","0","2","67301","0","","1.0","","1","N","N","N","0","","0","0","0","","3","","","2","1","0","0","0","1","0","2","0","2","","03","","N","","","","","","","","","",""
"2022010897","1545","1","0","0","0","0","0","0","0","0","1","0","","67","1","2022","6","40.013421","-75.159287","1531","6","0","0","0","0","0","0","0","0","","0","0","0","","","1","N","0","","40 00:48.315","","0","75 09:33.433","8","0","0","0","67301","0","0","0","N","0","0","0","2","67301","0","","1.0","","1","N","N","N","1","","0","0","0","","0","","","2","1","0","0","0","1","0","2","0","2","","03","","N","","","","","","","","","",""
"2022014790","1628","2","0","0","0","0","0","0","0","0","4","0","","67","1","2022","3","39.987694","-75.166981","1622","6","0","0","0","0","0","0","0","0","","0","0","0","","","2","","1","","39 59:15.698","","0","75 10:01.131","4","0","0","0","67301","0","0","0","N","0","0","0","5","67301","1","","1.0","","1","N","N","N","0","","0","0","1","","3","","","3","2","2","0","0","1","1","2","0","3","","03","","N","","","","","","","","","",""
"2022014817","2155","2","0","0","0","0","0","0","0","0","4","0","","67","1","2022","6","40.015043","-75.135168","2155","6","0","0","0","0","0","0","0","0","","0","0","0","","","1","","1","","40 00:54.154","","0","75 08:06.604","8","0","0","0","67301","0","0","0","N","0","0","0","2","67301","0","","1.0","","1","N","N","N","0","","0","0","0","","2","","","2","1","0","0","0","1","1","2","0","2","","03","","N","","","","","","","","","",""
"2022012637","2146","1","0","0","0","0","0","0","0","0","8","0","","67","1","2022","6","39.949789","-75.207142","2145","6","0","0","0","0","0","0","0","0","","0","0","0","","","1","","1","","39 56:59.241","1","0","75 12:25.710","3","0","0","0","67301","1","0","0","N","1","0","0","2","67504","0","","1.0","2225.0","1","N","N","N","0","","1","0","0","","2","Y","","2","1","0","0","0","0","1","2","0","1","","","","N","","","","","","","","","",""
"2022004921","2348","1","0","0","0","0","0","0","0","0","5","0","","67","1","2022","5","39.983189","-75.156819","2348","6","0","0","0","0","0","1","0","0","","0","0","0","","","2","","1","","39 58:59.480","1","0","75 09:24.548","2","0","0","0","67301","0","0","0","N","0","0","0","2","67505","0","","1.0","230.0","1","N","N","N","0","","0","1","1","","2","Y","","2","2","0","0","0","1","0","2","0","2","","03","","N","","","","","","","","","",""