"CRN","ARRIVAL_TM","AUTOMOBILE_COUNT","BELTED_DEATH_COUNT","BELTED_SUSP_SERIOUS_INJ_COUNT","BICYCLE_COUNT","BICYCLE_DEATH_COUNT","BICYCLE_SUSP_SERIOUS_INJ_COUNT","BUS_COUNT","CHLDPAS_DEATH_COUNT","CHLDPAS_SUSP_SERIOUS_INJ_COUNT","COLLISION_TYPE","COMM_VEH_COUNT","CONS_ZONE_SPD_LIM","COUNTY","CRASH_MONTH","CRASH_YEAR","DAY_OF_WEEK","DEC_LATITUDE","DEC_LONGITUDE","DISPATCH_TM","DISTRICT","DRIVER_COUNT_16YR","DRIVER_COUNT_17YR","DRIVER_COUNT_18YR","DRIVER_COUNT_19YR","DRIVER_COUNT_20YR","DRIVER_COUNT_50_64YR","DRIVER_COUNT_65_74YR","DRIVER_COUNT_75PLUS","EST_HRS_CLOSED","FATAL_COUNT","HEAVY_TRUCK_COUNT","HORSE_BUGGY_COUNT","HOUR_OF_DAY","ILLUMINATION","INJURY_COUNT","INTERSECTION_RELATED","INTERSECT_TYPE","LANE_CLOSED","LATITUDE","LN_CLOSE_DIR","LOCATION_TYPE","LONGITUDE","MAX_SEVERITY_LEVEL","MCYCLE_DEATH_COUNT","MCYCLE_SUSP_SERIOUS_INJ_COUNT","MOTORCYCLE_COUNT","MUNICIPALITY","NONMOTR_COUNT","NONMOTR_DEATH_COUNT","NONMOTR_SUSP_SERIOUS_INJ_COUNT","NTFY_HIWY_MAINT","PED_COUNT","PED_DEATH_COUNT","PED_SUSP_SERIOUS_INJ_COUNT","PERSON_COUNT","POLICE_AGCY","POSSIBLE_INJ_COUNT","RDWY_SURF_TYPE_CD","RELATION_TO_ROAD","ROADWAY_CLEARED","ROAD_CONDITION","SCH_BUS_IND","SCH_ZONE_IND","SECONDARY_CRASH","SMALL_TRUCK_COUNT","SPEC_JURIS_CD","SUSP_MINOR_INJ_COUNT","SUSP_SERIOUS_INJ_COUNT","SUV_COUNT","TCD_FUNC_CD","TCD_TYPE","TFC_DETOUR_IND","TIME_OF_DAY","TOTAL_UNITS","TOT_INJ_COUNT","UNBELTED_OCC_COUNT","UNB_DEATH_COUNT","UNB_SUSP_SERIOUS_INJ_COUNT","UNK_INJ_DEG_COUNT","UNK_INJ_PER_COUNT","URBAN_RURAL","VAN_COUNT","VEHICLE_COUNT","WEATHER1","WEATHER2","WORKERS_PRES","WORK_ZONE_IND","WORK_ZONE_LOC","WORK_ZONE_TYPE","WZ_CLOSE_DETOUR","WZ_FLAGGER","WZ_LAW_OFFCR_IND","WZ_LN_CLOSURE","WZ_MOVING","WZ_OTHER","WZ_SHLDER_MDN","WZ_WORKERS_INJ_KILLED"
"2022005735","0132","1","0","0","0","0","0","0","0","0","1","0","","67","1","2022","6","39.956358","-75.208075","0130","6","0","0","0","0","0","0","0","0","","0","0","0","","","0","N","0","","39 57:22.888","3","0","75 12:29.071","0","0","0","0","67301","0","0","0","N","0","0","0","3","67504","0","","1.0","100.0","1","N","N","N","0","","0","0","1","","0","Y","","3","0","0","0","0","0","0","2","1","3","","03","","N","","","","","","","","","",""
"2022005136","1705","2","0","0","0","0","0","0","0","0","4","0","","67","1","2022","6","40.004705","-75.152241","1700","6","0","0","0","0","1","0","0","0","","0","0","0","","","0","","1","","40 00:16.937","","0","75 09:08.069","0","0","0","0","67301","0","0","0","N","0","0","0","2","67505","0","","1.0","","1","N","N","N","0","","0","0","0","","2","","","2","0","0","0","0","0","0","2","0","2","","","","N","","","","","","","","","",""
"2022041394","1545","0","0","0","0","0","0","0","0","0","7","0","","67","4","2022","1","39.959087","-75.180678","1533","6","0","0","0","0","0","0","0","0","","0","0","0","","","2","N","0","","39 57:32.713","3","0","75 10:50.440","4","0","0","0","67301","0","0","0","N","0","0","0","2","68K01","1","","4.0","1600.0","1","N","N","N","0","","0","0","0","","0","Y","","1","2","0","0","0","1","0","2","1","1","","03","","N","","","","","","","","","",""
"2022014811","1026","1","0","0","0","0","0","0","0","0","8","0","","67","1","2022","3","40.002626","-75.124413","1021","6","0","0","0","0","0","0","0","0","","0","0","0","","","1","","1","","40 00:09.455","","0","75 07:27.886","8","0","0","0","67301","1","0","0","N","1","0","0","2","67301","0","","1.0","","1","N","N","N","0","","0","0","0","","2","","","2","1","0","0","0","1","0","2","0","1","","","","N","","","","","","","","","",""
"2022010827","0725","1","0","0","0","0","0","0","0","0","4","0","","67","1","2022","3","40.063099","-75.051637","0720","6","0","0","0","0","0","0","0","0","","0","0","0","","","0","","5","","40 03:47.155","","0","75 03:05.894","0","0","0","0","67301","0","0","0","N","0","0","0","2","67301","0","","1.0","","1","N","N","N","0","","0","0","1","","2","","","2","0","0","0","0","0","0","2","0","2","","03","","N","","","","","","","","","",""
"2022014661","1241","1","0","0","0","0","0","0","0","0","4","0","","67","1","2022","5","40.061286","-75.172063","1241","6","0","0","0","0","0","0","0","0","","0","0","0","","","2","","1","","40 03:40.629","","0","75 10:19.427","3","0","0","0","67301","0","0","0","N","0","0","0","3","67301","0","","1.0","","1","N","N","N","0","","2","0","1","","3","","","3","2","0","0","0","0","0","2","0","3","","","","N","","","","","","","","","",""
"2022010888","1240","1","0","0","0","0","0","0","0","0","5","0","","67","1","2022","4","39.969067","-75.139644","1235","6","0","0","0","0","0","0","0","0","","0","0","0","","","0","N","0","","39 58:08.640","1","0","75 08:22.720","0","0","0","0","67301","0","0","0","N","0","0","0","1","67301","0","","6.0","1334.0","1","N","N","N","0","","0","0","0","","0","Y","","3","0","0","0","0","0","0","2","2","3","","03","","N","","","","","","","","","",""
"2022014717","1935","1","0","0","1","0","0","0","0","0","8","0","","67","1","2022","3","40.034485","-75.048146","1930","6","0","0","0","0","0","0","0","0","","0","0","0","","","1","","1","","40 02:04.146","","0","75 02:53.325","8","0","0","0","67301","1","0","0","N","0","0","0","2","67301","0","","1.0","","1","N","N","N","0","","0","0","0","","3","","","2","1","0","0","0","1","0","2","0","1","","03","","N","","","","","","","","","",""
"2022014528","0808","2","0","0","0","0","0","0","0","0","2","0","","67","1","2022","1","39.913826","-75.172061","0805","6","0","0","0","0","0","1","0","0","","0","0","0","","","0","N","0","","39 54:49.775","","0","75 10:19.420","0","0","0","0","67301","0","0","0","N","0","0","0","2","67301","0","","1.0","","1","N","N","N","0","","0","0","0","","0","","","2","0","2","0","0","0","0","2","0","2","","03","","N","","","","","","","","","",""
"2022014760","1023","2","0","0","0","0","0","0","0","0","4","0","","67","1","2022","2","39.958177","-75.229104","1021","6","0","0","0","0","0","0","0","0","","0","0","0","","","1","","1","","39 57:29.437","","0","75 13:44.774","3","0","0","0","67301","0","0","0","N","0","0","0","3","67301","0","","1.0","","1","N","N","N","0","","1","0","1","","3","","","3","1","0","0","0","0","0","2","0","3","","","","N","","","","","","","","","",""
"2022034296","1552","1","0","0","0","0","0","0","0","0","1","0","","67","4","2022","6","40.013042","-75.057987","1514","6","0","0","0","0","0","0","0","0","","0","0","0","","","1","N","0","","40 00:46.952","","0","75 03:28.753","3","0","0","0","67301","0","0","0","N","0","0","0","2","68K01","0","","1.0","","1","N","N","N","1","","1","0","0","","0","","","2","1","1","0","0","0","0","2","0","2","","","","N","","","","","","","","","",""
"2022034191","1810","0","0","0","0","0","0","0","0","0","1","0","","67","3","2022","2","39.995732","-75.083256","1810","6","0","0","0","0","0","1","0","0","","0","0","0","","","1","N","0","","39 59:44.635","2","0","75 04:59.723","4","0","0","0","67301","0","0","0","N","0","0","0","2","68K01","1","","1.0","1550.0","1","N","N","Y","1","","0","0","1","","0","Y","","2","1","0","0","0","0","0","2","0","2","","","","N","","","","","","","","","",""
"2022010898","1730","0","0","0","0","0","0","0","0","0","4","0","","67","1","2022","6","40.024521","-75.16608","1729","6","0","0","0","0","0","0","0","0","","0","0","0","","","2","","2","","40 01:28.275","","0","75 09:57.888","3","0","0","0","67301","0","0","0","N","0","0","0","2","67301","0","","1.0","","1","N","N","N","0","","2","0","2","","2","","","2","2","1","0","0","0","0","2","0","2","","","","N","","","","","","","","","",""
"2022008119","1900","1","0","0","0","0","0","0","0","0","1","1","","67","1","2022","6","39.900344","-75.157915","1855","6","0","0","0","0","0","1","0","0","","0","1","0","","","1","N","0","","39 54:01.237","","3","75 09:28.494","4","0","0","0","67301","0","0","0","N","0","0","0","4","68K01","1","","1.0","","1","N","N","N","0","","0","0","0","","0","","","2","1","0","0","0","0","2","2","0","2","","03","","N","","","","","","","","","",""
"2022014631","1600","1","0","0","0","0","0","0","0","0","4","0","","67","1","2022","6","39.890466","-75.245024","1555","6","0","0","0","0","0","1","0","0","","0","0","0","","","0","","2","","39 53:25.676","","0","75 14:42.086","0","0","0","0","67301","0","0","0","N","0","0","0","2","67301","0","","1.0","","1","N","N","N","0","","0","0","1","","0","","","2","0","0","0","0","0","0","2","0","2","","03","","N","","","","","","","","","",""
"2022007959","1645","2","0","0","0","0","0","0","0","0","4","0","","67","1","2022","1","39.985946","-75.161254","1643","6","0","0","0","0","0","0","0","0","","0","0","0","","","0","","1","","39 59:09.405","2","0","75 09:40.514","0","0","0","0","67301","0","0","0","N","0","0","0","4","67505","0","","1.0","1715.0","1","N","N","N","0","","0","0","0","","3","Y","","2","0","0","0","0","0","0","2","0","2","","04","","N","","","","","","","","","",""
"2022004174","0330","1","0","0","0","0","0","0","0","0","6","0","","67","1","2022","2","40.0484","-75.069628","0328","6","0","0","0","0","0","0","0","0","","0","0","0","","","0","N","0","","40 02:54.240","","0","75 04:10.660","0","0","0","0","67301","0","0","0","N","0","0","0","1","67301","0","","6.0","","1","N","N","N","0","","0","0","1","","0","","","2","0","0","0","0","0","0","2","0","2","","03","","N","","","","","","","","","",""
"2022032933","1143","2","0","0","0","0","0","0","0","0","5","0","","67","1","2022","4","40.044306","-75.12875","1142","6","0","0","0","0","0","0","1","0","","0","0","0","","","0","N","0","","40 02:39.500","","0","75 07:43.500","0","0","0","0","67301","0","0","0","N","0","0","0","1","67301","0","","6.0","","1","N","N","N","0","","0","0","1","","0","","","3","0","0","0","0","0","0","2","0","3","","03","","N","","","","","","","","","",""
"2022016103","1452","0","0","0","0","0","0","0","0","0","7","0","","67","1","2022","1","39.957186","-75.156691","1452","6","0","0","0","0","0","0","0","0","","0","0","0","","","0","N","0","","39 57:25.868","4","0","75 09:24.087","0","0","0","0","67301","0","0","0","N","0","0","0","2","68K01","0","","4.0","1520.0","1","N","N","N","0","","0","0","1","","0","N","","1","0","0","0","0","0","0","2","0","1","","03","","N","","","","","","","","","",""
"2022014875","0844","1","0","0","0","0","0","0","0","0","1","0","","67","1","2022","6","40.018117","-75.169991","0835","6","0","0","0","0","0","0","0","0","","0","0","0","","","1","N","0","","40 01:05.220","1","0","75 10:11.968","2","0","0","0","67301","0","0","0","N","0","0","0","2","67301","0","","1.0","900.0","1","N","N","N","0","","0","1","1","","0","Y","","2","1","0","0","0","0","0","2","0","2","","03","","N","","","","","","","","","",""
"2022014600","2305","1","0","0","0","0","0","0","0","0","4","0","","67","1","2022","6","40.072048","-75.013029","2300","6","0","0","0","0","0","0","0","0","","0","0","0","","","0","","1","","40 04:19.373","","0","75 00:46.904","9","0","0","0","67301","0","0","0","N","0","0","0","2","67301","0","","1.0","","1","N","N","N","0","","0","0","1","","2","","","2","0","0","0","0","0","2","2","0","2","","03","","N","","","","","","","","","",""
"2022014876","1416","0","0","0","0","0","0","0","0","0","2","0","","67","1","2022","6","40.002474","-75.184579","1413","6","0","0","0","0","0","0","0","0","","0","0","0","","","3","N","0","","40 00:08.908","6","0","75 11:04.484","3","0","0","0","67301","0","0","0","N","0","0","0","4","67301","1","","1.0","100.0","1","N","N","N","0","","2","0","3","","0","Y","","3","3","0","0","0","0","0","2","0","3","","","","N","","","","","","","","","",""
"2022014885","1638","0","0","0","0","0","0","0","0","0","8","0","","67","1","2022","3","40.031278","-75.179361","1638","6","0","0","0","0","0","0","0","0","","0","0","0","","","1","N","0","","40 01:52.600","","0","75 10:45.700","8","0","0","0","67301","1","0","0","N","1","0","0","2","67301","0","","1.0","","99","N","N","N","0","","0","0","0","","0","","","2","1","0","0","0","1","0","2","1","1","","","","N","","","","","","","","","",""
"2022010832","0238","1","0","0","0","0","0","0","0","0","4","0","","67","1","2022","1","39.945766","-75.166775","0234","6","0","0","0","1","0","0","0","0","","0","0","0","","","2","","1","","39 56:44.757","7","0","75 10:00.390","8","0","0","0","67301","0","0","0","N","0","0","0","5","67301","0","","1.0","320.0","1","N","N","N","0","","0","0","0","","2","Y","","2","2","0","0","0","2","0","2","1","2","","03","","N","","","","","","","","","",""
"2022014576","0805","0","0","0","0","0","0","0","0","0","4","0","","67","1","2022","6","40.063974","-75.059602","0753","6","0","0","0","0","0","0","0","0","","0","0","0","","","4","","1","","40 03:50.306","","0","75 03:34.568","3","0","0","0","67301","0","0","0","N","0","0","0","5","67301","0","","1.0","","1","N","N","N","1","","4","0","2","","3","","","3","4","0","0","0","0","0","2","0","3","","03","","N","","","","","","","","","",""
"2022016520","1834","1","0","0","0","0","0","0","0","0","4","0","","67","2","2022","1","39.95237","-75.1468","1815","6","0","0","0","0","0","0","0","0","","0","0","0","","","2","","1","","39 57:08.532","","0","75 08:48.479","3","0","0","0","67301","0","0","0","N","0","0","0","3","67301","0","","1.0","","9","N","N","N","1","","2","0","0","","2","","","2","2","2","0","0","0","0","2","0","2","","10","","N","","","","","","","","","",""
"2022014816","2340","1","0","0","0","0","0","0","0","0","5","0","","67","1","2022","6","40.026862","-75.116912","2330","6","0","0","0","0","0","0","0","0","","0","0","0","","","0","Y","0","","40 01:36.702","","0","75 07:00.882","0","0","0","0","67301","0","0","0","N","0","0","0","2","67301","0","","1.0","","1","N","N","N","0","","0","0","1","","2","","","2","0","0","0","0","0","0","2","0","2","","03","","N","","","","","","","","","",""
"2022010831","1144","2","0","0","0","0","0","0","0","0","7","0","","67","1","2022","4","40.093335","-74.962074","1136","6","0","0","0","0","0","0","0","0","","0","0","0","","","1","","2","","40 05:36.005","","7","74 57:43.465","8","0","0","0","67301","0","0","0","N","0","0","0","2","67301","0","","3.0","","1","N","N","N","0","","0","0","0","","2","","","2","1","0","0","0","1","0","2","0","2","","03","","N","","","","","","","","","",""
"2022014630","0150","2","0","0","0","0","0","0","0","0","4","0","","67","1","2022","6","39.937729","-75.228353","0141","6","0","0","0","0","0","0","0","0","","0","0","0","","","0","","1","","39 56:15.824","","0","75 13:42.070","9","0","0","0","67301","0","0","0","N","0","0","0","2","67301","0","","1.0","","1","N","N","N","0","","0","0","0","","2","","","2","0","0","0","0","0","1","2","0","2","","03","","N","","","","","","","","","",""
"2022014846","0738","0","0","0","0","0","0","0","0","0","7","0","","67","1","2022","7","40.033108","-75.139181","0738","6","0","0","0","0","0","0","0","0","","0","0","0","","","0","N","0","","40 01:59.190","","0","75 08:21.050","9","0","0","0","67301","0","0","0","N","0","0","0","1","67301","0","","4.0","","99","N","N","N","0","","0","0","1","","0","","","2","0","0","0","0","0","1","2","0","2","","98","","N","","","","","","","","","",""
"2022044004","0129","1","0","0","0","0","0","0","0","0","2","0","","67","1","2022","2","39.998147","-75.110428","0129","6","0","0","0","0","0","0","0","0","","0","0","0","","","0","","2","","39 59:53.329","","1","75 06:37.540","0","0","0","0","67301","0","0","0","N","0","0","0","1","67301","0","","1.0","","9","N","N","N","0","","0","0","1","","0","","","2","0","0","0","0","0","0","2","0","2","","07","","N","","","","","","","","","",""
"2022014715","1856","1","0","0","0","0","0","0","0","0","4","0","","67","1","2022","2","40.053209","-75.044106","1845","6","0","1","0","0","0","0","0","0","","0","0","0","","","0","","1","","40 03:11.552","","0","75 02:38.781","0","0","0","0","67301","0","0","0","N","0","0","0","2","67301","0","","1.0","","1","N","N","N","0","","0","0","1","","3","","","2","0","0","0","0","0","0","2","0","2","","","","N","","","","","","","","","",""
"2022014831","1135","0","0","0","0","0","0","0","0","0","3","0","","67","1","2022","2","39.987882","-75.143994","1135","6","0","0","0","0","0","1","0","0","","0","0","0","","","1","","1","","39 59:16.375","","0","75 08:38.378","3","0","0","0","67301","0","0","0","N","0","0","0","2","67301","0","","1.0","","99","N","N","N","0","","1","0","1","","3","","","2","1","0","0","0","0","0","2","1","2","","04","","N","","","","","","","","","",""
"2022014814","1116","2","0","0","0","0","0","0","0","0","1","0","","67","1","2022","4","39.997997","-75.125411","1116","6","0","0","0","0","0","0","1","0","","0","0","0","","","1","","1","","39 59:52.789","2","0","75 07:31.478","3","0","0","0","67301","0","0","0","N","0","0","0","3","67301","0","","1.0","1220.0","1","N","N","N","0","","1","0","0","","2","N","","2","1","1","0","0","0","0","2","0","2","","03","","N","","","","","","","","","",""
"2022010891","0159","0","0","0","0","0","0","0","0","0","4","0","","67","1","2022","7","40.027194","-75.151242","0154","6","0","0","0","0","0","0","0","0","","0","0","0","","","3","","1","","40 01:37.898","3","0","75 09:04.471","3","0","0","0","67301","0","0","0","N","0","0","0","3","67301","0","","1.0","241.0","1","N","N","N","0","","3","0","2","","2","N","","2","3","0","0","0","0","0","2","0","2","","03","","N","","","","","","","","","",""
"2022014537","1811","0","0","0","0","0","0","0","0","0","8","0","","67","1","2022","6","40.066133","-75.089508","1808","6","0","0","0","0","0","0","0","0","","0","0","0","","","2","N","0","","40 03:58.080","5","0","75 05:22.230","2","0","0","0","67301","2","0","2","N","2","0","2","3","67301","0","","1.0","1811.0","1","N","N","N","0","","0","2","1","","0","Y","","4","2","0","0","0","0","0","2","1","2","","","","N","","","","","","","","","",""
"2022020147","0112","1","0","0","0","0","0","0","0","0","8","0","","67","1","2022","4","39.986175","-75.180024","0050","6","0","0","0","0","0","0","0","0","","0","0","0","","","1","N","0","","39 59:10.230","","0","75 10:48.086","3","0","0","0","67301","1","0","0","N","1","0","0","2","67301","0","","1.0","","1","N","N","N","0","","1","0","0","","0","","","2","1","0","0","0","0","0","2","0","1","","03","","N","","","","","","","","","",""
"2022014543","0845","0","0","0","0","0","0","0","0","0","6","0","","67","1","2022","4","40.04828","-75.065948","0829","6","0","0","0","0","0","0","0","0","","0","0","0","","","2","","1","","40 02:53.808","","0","75 03:57.412","3","0","0","0","67301","0","0","0","N","0","0","0","3","67301","0","","1.0","","1","N","N","N","0","","2","0","2","","3","","","3","2","0","0","0","0","1","2","1","3","","","","N","","","","","","","","","",""
"2022014635","0204","0","0","0","0","0","0","0","0","0","1","0","","67","1","2022","5","39.887484","-75.247993","0151","6","0","0","0","0","0","1","0","0","","0","0","0","","","2","","2","","39 53:14.941","","0","75 14:52.776","3","0","0","0","67301","0","0","0","N","0","0","0","2","67301","0","","1.0","","9","N","N","N","0","","2","0","1","","2","","","2","2","0","0","0","0","0","2","1","2","","07","","N","","","","","","","","","",""
"2022014841","1058","1","0","0","0","0","0","0","0","0","1","0","","67","1","2022","3","40.024333","-75.133161","1058","6","0","0","0","0","0","0","0","0","","0","0","0","","","1","","5","","40 01:27.600","","0","75 07:59.380","8","0","0","0","67301","0","0","0","N","0","0","0","3","67301","0","","1.0","","1","N","N","N","0","","0","0","0","","2","","","2","1","0","0","0","1","1","2","1","2","","","","N","","","","","","","","","",""
"2022025599","1712","1","0","0","0","0","0","0","0","0","4","0","","67","3","2022","6","39.967336","-75.245842","1710","6","0","0","0","0","0","2","0","0","","0","0","0","","","0","","1","","39 58:02.410","","0","75 14:45.030","0","0","0","0","67301","0","0","0","N","0","0","0","3","67301","0","","1.0","","1","N","N","N","0","","0","0","1","","2","","","3","0","0","0","0","0","0","2","1","3","","03","","N","","","","","","","","","",""
"2022039715","0612","0","0","0","0","0","0","0","0","0","7","1","","67","4","2022","4","39.909722","-75.154306","0612","6","0","0","0","0","0","0","1","0","","0","1","0","","","1","N","0","","39 54:35.000","","5","75 09:15.500","3","0","0","0","67301","0","0","0","N","0","0","0","1","67501","0","","4.0","","1","N","N","N","0","","1","0","0","","8","","","1","1","0","0","0","0","0","2","0","1","","03","","N","","","","","","","","","",""
"2022010834","1605","1","0","0","0","0","0","0","0","0","4","0","","67","1","2022","3","39.959487","-75.162091","1559","6","0","0","0","0","0","1","0","1","","0","0","0","","","3","","1","","39 57:34.154","2","0","75 09:43.529","3","0","0","0","67301","0","0","0","N","0","0","0","4","67301","0","","1.0","30.0","1","N","N","Y","0","","3","0","2","","3","Y","","3","3","0","0","0","0","0","2","0","3","","","","N","","","","","","","","","",""
"2022010882","0347","1","0","0","0","0","0","0","0","0","4","0","","67","1","2022","1","39.999745","-75.138532","0338","6","0","0","0","0","0","1","0","0","","0","0","0","","","1","","1","","39 59:59.082","","0","75 08:18.715","3","0","0","0","67301","0","0","0","N","0","0","0","2","67301","0","","1.0","","1","N","N","N","0","","1","0","1","","2","","","2","1","0","0","0","0","0","2","0","2","","03","","N","","","","","","","","","",""
"2022014842","1436","1","0","0","0","0","0","0","0","0","4","0","","67","1","2022","3","40.030737","-75.112002","1422","6","0","0","0","0","0","0","0","0","","0","0","0","","","1","","1","","40 01:50.653","","0","75 06:43.207","8","0","0","0","67301","0","0","0","N","0","0","0","2","67301","0","","1.0","","1","N","N","N","0","","0","0","1","","2","","","2","1","0","0","0","1","0","2","0","2","","","","N","","","","","","","","","",""
"2022010856","1112","1","0","0","0","0","0","0","0","0","4","0","","67","1","2022","3","39.957865","-75.201833","1110","6","0","0","0","0","0","1","0","0","","0","0","0","","","1","","1","","39 57:28.313","","0","75 12:06.598","3","0","0","0","67301","0","0","0","N","0","0","0","3","67301","0","","1.0","","1","N","N","N","0","","1","0","1","","3","","","2","1","0","0","0","0","0","2","0","2","","03","","N","","","","","","","","","",""
"2022005990","2016","1","0","0","0","0","0","0","0","0","1","0","45","67","1","2022","6","39.994018","-75.084529","1944","6","0","0","0","0","0","0","0","0","","0","0","0","","","0","N","0","","39 59:38.466","2","0","75 05:04.305","0","0","0","0","67301","0","0","0","N","0","0","0","6","68K01","0","","1.0","2057.0","1","N","N","N","0","","0","0","2","","0","N","","3","0","0","0","0","0","0","2","0","3","","","Y","Y","4","1","N","N","N","N","Y","N","N","N"
"2022014604","0751","1","0","0","0","0","0","0","0","0","4","0","","67","1","2022","4","40.064873","-75.009421","0750","6","0","0","0","0","0","0","0","0","","0","0","0","","","1","","2","","40 03:53.543","","7","75 00:33.914","3","0","0","0","67301","0","0","0","N","0","0","0","2","67301","0","","1.0","","1","N","N","N","0","","1","0","1","","3","","","2","1","0","0","0","0","0","2","0","2","","03","","N","","","","","","","","","",""
"2022007436","1448","1","0","0","0","0","0","0","0","0","7","0","","67","1","2022","7","39.910361","-75.151194","1447","6","0","0","0","0","0","1","0","0","","0","0","0","","","1","","3","","39 54:37.300","3","2","75 09:04.300","3","0","0","0","67301","0","0","0","N","0","0","0","3","68K01","0","","4.0","1528.0","1","N","N","N","0","","1","0","1","","2","Y","","2","1","1","0","0","0","0","2","0","2","","","","N","","","","","","","","","",""
"2022005296","1530","2","0","0","0","0","0","0","0","0","1","0","","67","1","2022","5","39.958026","-75.163815","1514","6","0","0","0","0","0","0","0","0","","0","0","0","","","0","N","0","","39 57:28.895","3","0","75 09:49.734","0","0","0","0","67301","0","0","0","N","0","0","0","3","68K01","0","","1.0","1535.0","1","N","N","N","0","","0","0","0","","0","N","","3","0","1","0","0","0","0","2","1","3","","","","N","","","","","","","","","",""
"2022014632","0230","0","0","0","0","0","0","0","0","0","7","0","","67","1","2022","1","39.930986","-75.242954","0225","6","0","0","0","0","0","0","0","0","","0","0","0","","","0","","3","","39 55:51.548","","2","75 14:34.635","9","0","0","0","67301","0","0","0","N","0","0","0","1","67301","0","","5.0","","1","N","N","N","0","","0","0","0","","0","","","1","0","0","0","0","0","1","2","1","1","","03","","N","","","","","","","","","",""
"2022044101","0840","1","0","0","0","0","0","0","0","0","1","0","","67","5","2022","4","40.023844","-75.133523","0840","6","0","0","0","0","0","0","0","0","","0","0","0","","","6","N","0","","40 01:25.840","","3","75 08:00.684","4","0","0","0","67301","0","0","0","N","0","0","0","6","67301","6","","1.0","","9","N","N","N","0","","0","0","2","","0","","","4","6","6","0","0","0","0","2","1","4","","07","","N","","","","","","","","","",""
"2022047196","1415","0","0","0","0","0","0","0","0","0","3","0","","67","5","2022","4","39.964222","-75.233592","1415","6","0","0","0","0","0","0","1","0","","0","0","0","","","1","N","0","","39 57:51.200","","0","75 14:00.930","8","0","0","0","67301","0","0","0","N","0","0","0","3","67301","0","","1.0","","1","N","N","N","1","","0","0","1","","0","","","2","1","0","0","0","1","1","2","0","2","","03","","N","","","","","","","","","",""
"2022010858","1329","1","0","0","0","0","0","0","0","0","4","0","","67","1","2022","4","39.950209","-75.237177","1323","6","0","0","0","0","0","0","1","0","","0","0","0","","","0","","1","","39 57:00.752","","0","75 14:13.837","0","0","0","0","67301","0","0","0","N","0","0","0","2","67301","0","","1.0","","1","N","N","N","0","","0","0","1","","2","","","2","0","0","0","0","0","0","2","0","2","","03","","N","","","","","","","","","",""
"2022039720","0659","1","0","0","0","0","0","0","0","0","7","0","","67","3","2022","1","39.943614","-75.143004","0659","6","0","0","0","0","0","0","0","0","","0","0","0","","","1","N","0","","39 56:37.011","","0","75 08:34.816","3","0","0","0","67301","0","0","0","N","0","0","0","1","68K01","0","","4.0","","1","N","N","N","0","","1","0","0","","0","","","1","1","0","0","0","0","0","2","0","1","","03","","N","","","","","","","","","",""
"2022050554","1946","3","0","0","0","0","0","0","0","0","1","0","","67","5","2022","1","39.955306","-75.227889","1944","6","0","0","0","0","0","0","0","0","","0","0","0","","","1","N","0","","39 57:19.100","","0","75 13:40.400","3","0","0","0","67301","0","0","0","N","0","0","0","2","67301","0","","1.0","","1","N","N","Y","0","","1","0","2","","0","","","5","1","1","0","0","0","1","2","0","5","","04","","N","","","","","","","","","",""
"2022038100","0957","1","0","0","0","0","0","0","0","0","1","0","","67","4","2022","5","39.958491","-75.167717","0950","6","0","0","0","0","0","0","0","0","","0","0","0","","","0","N","0","","39 57:30.567","","0","75 10:03.782","0","0","0","0","67301","0","0","0","N","0","0","0","2","68K01","0","","1.0","","1","N","N","N","0","","0","0","1","","0","","","2","0","0","0","0","0","0","2","0","2","","03","","N","","","","","","","","","",""
"2022043879","0824","0","0","0","0","0","0","0","0","0","4","0","","67","5","2022","1","39.886717","-75.232156","0820","6","0","0","0","0","0","0","0","0","","0","0","0","","","1","N","0","","39 53:12.180","","0","75 13:55.760","3","0","0","1","67301","0","0","0","N","0","0","0","2","67301","0","","1.0","","1","N","N","N","0","","1","0","1","","0","","","2","1","0","0","0","0","0","2","0","2","","03","","N","","","","","","","","","",""
"2022044077","2113","0","0","0","0","0","0","0","0","0","4","0","","67","5","2022","3","39.98962","-75.13367","2108","6","0","0","0","0","0","1","0","0","","0","0","0","","","0","","1","","39 59:22.631","","0","75 08:01.211","9","0","0","0","67301","0","0","0","N","0","0","0","2","67301","0","","1.0","","1","N","N","N","0","","0","0","0","","3","","","2","0","0","0","0","0","1","2","1","2","","","","N","","","","","","","","","",""
"2022032908","2224","1","0","0","0","0","0","0","0","0","4","0","","67","4","2022","2","39.955751","-75.244092","2220","6","0","0","0","0","0","0","0","0","","0","0","0","","","1","","1","","39 57:20.703","","0","75 14:38.731","8","0","0","0","67301","0","0","0","N","0","0","0","2","67301","0","","1.0","","1","N","N","N","1","","0","0","0","","3","","","2","1","0","0","0","1","0","2","0","2","","03","","N","","","","","","","","","",""
"2022043995","1845","0","0","0","0","0","0","0","0","0","4","0","","67","5","2022","3","39.982006","-75.183702","1840","6","0","0","0","0","0","0","1","0","","0","0","0","","","1","","5","","39 58:55.221","","0","75 11:01.327","8","0","0","0","67301","0","0","0","N","0","0","0","1","67301","0","","1.0","","1","N","N","N","0","","0","0","2","","2","","","2","1","0","0","0","1","0","2","0","2","","03","","N","","","","","","","","","",""