"CRN","ARRIVAL_TM","AUTOMOBILE_COUNT","BELTED_DEATH_COUNT","BELTED_SUSP_SERIOUS_INJ_COUNT","BICYCLE_COUNT","BICYCLE_DEATH_COUNT","BICYCLE_SUSP_SERIOUS_INJ_COUNT","BUS_COUNT","CHLDPAS_DEATH_COUNT","CHLDPAS_SUSP_SERIOUS_INJ_COUNT","COLLISION_TYPE","COMM_VEH_COUNT","CONS_ZONE_SPD_LIM","COUNTY","CRASH_MONTH","CRASH_YEAR","DAY_OF_WEEK","DEC_LATITUDE","DEC_LONGITUDE","DISPATCH_TM","DISTRICT","DRIVER_COUNT_16YR","DRIVER_COUNT_17YR","DRIVER_COUNT_18YR","DRIVER_COUNT_19YR","DRIVER_COUNT_20YR","DRIVER_COUNT_50_64YR","DRIVER_COUNT_65_74YR","DRIVER_COUNT_75PLUS","EST_HRS_CLOSED","FATAL_COUNT","HEAVY_TRUCK_COUNT","HORSE_BUGGY_COUNT","HOUR_OF_DAY","ILLUMINATION","INJURY_COUNT","INTERSECTION_RELATED","INTERSECT_TYPE","LANE_CLOSED","LATITUDE","LN_CLOSE_DIR","LOCATION_TYPE","LONGITUDE","MAX_SEVERITY_LEVEL","MCYCLE_DEATH_COUNT","MCYCLE_SUSP_SERIOUS_INJ_COUNT","MOTORCYCLE_COUNT","MUNICIPALITY","NONMOTR_COUNT","NONMOTR_DEATH_COUNT","NONMOTR_SUSP_SERIOUS_INJ_COUNT","NTFY_HIWY_MAINT","PED_COUNT","PED_DEATH_COUNT","PED_SUSP_SERIOUS_INJ_COUNT","PERSON_COUNT","POLICE_AGCY","POSSIBLE_INJ_COUNT","RDWY_SURF_TYPE_CD","RELATION_TO_ROAD","ROADWAY_CLEARED","ROAD_CONDITION","SCH_BUS_IND","SCH_ZONE_IND","SECONDARY_CRASH","SMALL_TRUCK_COUNT","SPEC_JURIS_CD","SUSP_MINOR_INJ_COUNT","SUSP_SERIOUS_INJ_COUNT","SUV_COUNT","TCD_FUNC_CD","TCD_TYPE","TFC_DETOUR_IND","TIME_OF_DAY","TOTAL_UNITS","TOT_INJ_COUNT","UNBELTED_OCC_COUNT","UNB_DEATH_COUNT","UNB_SUSP_SERIOUS_INJ_COUNT","UNK_INJ_DEG_COUNT","UNK_INJ_PER_COUNT","URBAN_RURAL","VAN_COUNT","VEHICLE_COUNT","WEATHER1","WEATHER2","WORKERS_PRES","WORK_ZONE_IND","WORK_ZONE_LOC","WORK_ZONE_TYPE","WZ_CLOSE_DETOUR","WZ_FLAGGER","WZ_LAW_OFFCR_IND","WZ_LN_CLOSURE","WZ_MOVING","WZ_OTHER","WZ_SHLDER_MDN","WZ_WORKERS_INJ_KILLED"
"2022055578","1852","2","0","0","0","0","0","0","0","0","4","0","","67","6","2022","4","40.087993","-74.965763","1849","6","0","1","0","0","0","0","1","0","","0","0","0","","","0","","1","","40 05:16.773","","0","74 57:56.746","9","0","0","0","67301","0","0","0","N","0","0","0","3","67301","0","","1.0","","1","N","N","N","0","","0","0","0","","2","","","2","0","0","0","0","0","1","2","0","2","","03","","N","","","","","","","","","",""
"2022004244","1000","2","0","0","0","0","0","0","0","0","4","0","","67","1","2022","3","40.029789","-75.05578","0957","6","0","0","0","0","0","0","0","0","","0","0","0","","","1","N","0","","40 01:47.239","","7","75 03:20.809","3","0","0","0","67301","0","0","0","N","0","0","0","2","67301","0","","1.0","","1","N","N","N","0","","1","0","0","","0","","","2","1","0","0","0","0","0","2","0","2","","","","N","","","","","","","","","",""
"2022043945","2000","0","0","0","0","0","0","0","0","0","8","0","","67","5","2022","4","40.034953","-75.052244","1950","6","0","0","0","0","0","0","1","0","","0","0","0","","","1","N","0","","40 02:05.830","","0","75 03:08.080","4","0","0","0","67301","1","0","0","N","1","0","0","2","67301","1","","1.0","","1","N","N","N","0","","0","0","1","","0","","","2","1","0","0","0","0","0","2","0","1","","03","","N","","","","","","","","","",""
"2022055684","1407","1","0","0","0","0","0","0","0","0","4","1","","67","3","2022","5","40.017029","-75.171665","1407","6","0","0","0","0","0","0","0","0","","0","1","0","","","1","N","0","","40 01:01.305","","0","75 10:17.993","8","0","0","0","67301","0","0","0","N","0","0","0","2","67301","0","","1.0","","99","N","N","N","0","","0","0","0","","0","","","2","1","0","0","0","1","0","2","0","2","","","","N","","","","","","","","","",""
"2022014854","1845","1","0","0","0","0","0","0","0","0","8","0","","67","1","2022","3","40.050579","-75.142107","1845","6","0","0","0","0","0","0","1","0","","0","0","0","","","1","","1","","40 03:02.085","","0","75 08:31.586","8","0","0","0","67301","1","0","0","N","1","0","0","2","67301","0","","1.0","","99","N","N","N","0","","0","0","0","","2","","","2","1","0","0","0","1","0","2","0","1","","","","N","","","","","","","","","",""
"2022010839","0135","1","0","0","0","0","0","0","0","0","4","0","","67","1","2022","6","40.077412","-75.175518","0135","6","0","0","0","0","0","1","0","0","","0","0","0","","","0","","1","","40 04:38.684","","0","75 10:31.865","0","0","0","0","67301","0","0","0","N","0","0","0","2","67301","0","","1.0","","1","N","N","N","1","","0","0","0","","2","","","2","0","2","0","0","0","0","2","0","2","","03","","N","","","","","","","","","",""
"2022041519","1848","1","0","0","0","0","0","0","0","0","1","0","","67","4","2022","1","39.937234","-75.198806","1831","6","0","0","0","0","0","0","0","0","","0","0","0","","","1","","6","","39 56:14.042","4","8","75 11:55.702","3","0","0","0","67301","0","0","0","N","0","0","0","3","68K01","0","","1.0","45.0","1","N","N","N","0","","1","0","0","","0","N","","2","1","0","0","0","0","0","2","1","2","","","","N","","","","","","","","","",""
"2022055602","1549","2","0","0","0","0","0","0","0","0","4","0","","67","6","2022","7","40.086041","-75.211941","1530","6","0","0","0","0","0","1","0","0","","0","0","0","","","1","","1","","40 05:09.747","","0","75 12:42.989","3","0","0","0","67301","0","0","0","N","0","0","0","3","67301","0","","1.0","","1","N","N","N","0","","1","0","0","","1","","","2","1","3","0","0","0","0","2","0","2","","","","N","","","","","","","","","",""
"2022044115","1300","0","0","0","0","0","0","0","0","0","0","0","","67","4","2022","7","40.007018","-75.191882","1250","6","0","0","0","0","0","0","0","0","","0","0","0","","","1","","2","","40 00:25.263","","0","75 11:30.776","2","0","1","1","67301","0","0","0","N","0","0","0","1","67301","0","","1.0","","3","N","N","N","0","","0","1","0","","0","","","1","1","0","0","0","0","0","2","0","1","","03","","N","","","","","","","","","",""
"2022032929","0303","4","0","0","0","0","0","0","0","0","4","0","","67","4","2022","6","39.983399","-75.129351","0303","6","0","0","0","0","0","0","0","0","","0","0","0","","","0","","1","","39 59:00.236","","0","75 07:45.663","0","0","0","0","67301","0","0","0","N","0","0","0","2","67301","0","","1.0","","9","N","N","N","0","","0","0","3","","3","","","7","0","0","0","0","0","0","2","0","7","","07","","N","","","","","","","","","",""
"2022014608","1315","1","0","0","0","0","0","0","0","0","4","0","","67","1","2022","3","40.078112","-75.023623","1304","6","0","0","0","0","0","0","0","0","","0","0","0","","","1","","2","","40 04:41.204","","0","75 01:25.042","8","0","0","0","67301","0","0","0","N","0","0","0","2","67301","0","","1.0","","1","N","N","N","0","","0","0","1","","2","","","2","1","0","0","0","1","0","2","0","2","","04","","N","","","","","","","","","",""
"2022055550","0055","1","0","0","0","0","0","0","0","0","8","0","","67","6","2022","7","39.942012","-75.152332","0050","6","0","0","0","0","0","0","0","0","","0","0","0","","","1","","1","","39 56:31.243","","0","75 09:08.396","3","0","0","0","67301","1","0","0","N","1","0","0","1","67301","0","","4.0","","1","N","N","N","0","","1","0","0","","2","","","2","1","0","0","0","0","0","2","0","1","","","","N","","","","","","","","","",""
"2022014638","1435","1","0","0","0","0","0","0","0","0","8","0","","67","1","2022","1","39.916116","-75.238978","1435","6","0","0","0","0","0","0","0","0","","0","0","0","","","1","","1","","39 54:58.016","","0","75 14:20.319","3","0","0","0","67301","1","0","0","N","1","0","0","2","67301","0","","1.0","","1","N","N","N","0","","1","0","0","","2","","","2","1","1","0","0","0","0","2","0","1","","03","","N","","","","","","","","","",""
"2022017627","","1","0","0","0","0","0","0","0","0","4","0","","67","2","2022","1","39.891942","-75.241906","","6","0","0","0","0","0","2","0","0","","0","0","0","","","1","","2","","39 53:30.990","","0","75 14:30.862","3","0","0","0","67301","0","0","0","N","0","0","0","2","00000","0","","1.0","","1","","","N","0","","1","0","0","","2","","","2","1","0","0","0","0","0","2","0","2","","","","N","","","","","","","","","",""
"2022056500","1516","2","0","0","0","0","0","0","0","0","1","0","","67","5","2022","6","39.904008","-75.150377","1508","6","0","0","1","0","0","1","0","0","","0","0","0","","","4","N","0","","39 54:14.430","2","0","75 09:01.358","4","0","0","0","67301","0","0","0","N","0","0","0","4","68K01","3","","1.0","1550.0","1","N","N","N","0","","0","0","0","","0","N","","2","4","0","0","0","1","0","2","0","2","","04","","N","","","","","","","","","",""
"2022044068","0422","2","0","0","0","0","0","0","0","0","5","0","","67","4","2022","6","39.977111","-75.126889","0422","6","0","0","0","0","0","0","0","0","","0","0","0","","","0","N","0","","39 58:37.600","7","0","75 07:36.800","9","0","0","0","67301","0","0","0","N","0","0","0","4","67301","0","","6.0","529.0","1","N","N","N","0","","0","0","3","","0","N","","5","0","0","0","0","0","4","2","0","5","","","","N","","","","","","","","","",""
"2022044120","1945","0","0","0","0","0","0","0","0","0","4","0","","67","5","2022","3","40.015296","-75.155233","1945","6","0","0","0","1","0","1","0","0","","0","0","0","","","0","","2","","40 00:55.067","6","0","75 09:18.839","0","0","0","0","67301","0","0","0","N","0","0","0","3","67301","0","","1.0","2100.0","1","N","Y","N","0","","0","0","2","","2","Y","","2","0","0","0","0","0","0","2","0","2","","","","N","","","","","","","","","",""
"2022043937","1603","0","0","0","0","0","0","0","0","0","4","0","","67","4","2022","7","40.039639","-75.057389","1426","6","0","0","0","0","0","0","0","0","","0","0","0","","","1","N","0","","40 02:22.700","","7","75 03:26.600","3","0","0","1","67301","0","0","0","N","0","0","0","2","67301","0","","1.0","","1","N","N","N","0","","1","0","0","","3","","","2","1","0","0","0","0","0","2","0","2","","03","","N","","","","","","","","","",""
"2022041083","1652","2","0","0","0","0","0","0","0","0","5","0","","67","4","2022","7","39.967351","-75.13304","1652","6","0","0","0","1","0","0","1","0","","0","0","0","","","0","N","0","","39 58:02.464","","0","75 07:58.944","0","0","0","0","67301","0","0","0","N","0","0","0","2","68K01","0","","1.0","","1","N","N","N","0","","0","0","0","","0","","","2","0","0","0","0","0","0","2","0","2","","03","","N","","","","","","","","","",""
"2022055873","2210","1","0","0","0","0","0","0","0","0","7","0","","67","6","2022","7","40.015234","-75.177086","2200","6","0","0","0","0","0","0","0","0","","0","0","0","","","1","","5","","40 00:54.842","1","0","75 10:37.508","8","0","0","0","67301","0","0","0","N","0","0","0","1","67301","0","","2.0","2220.0","1","N","N","N","0","","0","0","0","","0","N","","1","1","0","0","0","1","0","2","0","1","","03","","N","","","","","","","","","",""
"2022044104","1304","0","0","0","0","0","0","0","0","0","1","0","","67","4","2022","2","40.038972","-75.15005","1304","6","0","0","0","0","0","0","0","0","","0","0","0","","","1","","1","","40 02:20.300","","0","75 09:00.181","4","0","0","0","67301","0","0","0","N","0","0","0","2","67301","1","","1.0","","99","N","N","N","0","","0","0","2","","2","","","2","1","1","0","0","0","1","2","0","2","","","","N","","","","","","","","","",""
"2022014756","0921","2","0","0","0","0","0","0","0","0","4","0","","67","1","2022","3","39.960442","-75.241062","0912","6","0","0","0","0","0","1","0","0","","0","0","0","","","0","","1","","39 57:37.591","","0","75 14:27.822","9","0","0","0","67301","0","0","0","N","0","0","0","2","67301","0","","1.0","","1","N","N","N","0","","0","0","0","","2","","","2","0","0","0","0","0","2","2","0","2","","","","N","","","","","","","","","",""
"2022043935","1508","1","0","0","0","0","0","0","0","0","7","0","","67","4","2022","7","40.01176","-75.088241","1508","6","0","0","0","0","0","0","0","0","","0","0","0","","","1","N","0","","40 00:42.337","","1","75 05:17.667","3","0","0","0","67301","0","0","0","N","0","0","0","1","67301","0","","3.0","","1","N","N","N","0","","1","0","0","","0","","","1","1","0","0","0","0","0","2","0","1","","03","","N","","","","","","","","","",""
"2022045597","1504","2","0","0","0","0","0","0","0","0","5","0","","67","4","2022","3","39.899264","-75.177121","1436","6","0","0","0","0","0","0","0","0","","0","0","0","","","2","N","0","","39 53:57.351","2","0","75 10:37.637","3","0","0","0","67301","0","0","0","N","0","0","0","3","68K01","0","","1.0","1550.0","1","N","N","N","0","","2","0","0","","0","N","","2","2","0","0","0","0","0","2","0","2","","03","","N","","","","","","","","","",""
"2022055688","0515","1","0","0","0","0","0","0","0","0","7","0","","67","6","2022","1","40.015553","-75.176726","0456","6","0","0","0","0","0","0","0","0","","0","0","0","","","1","N","0","","40 00:55.991","","0","75 10:36.214","2","0","0","0","67301","0","0","0","N","0","0","0","1","67301","0","","4.0","","9","N","N","N","0","","0","1","0","","0","","","1","1","0","0","0","0","0","2","0","1","","03","","N","","","","","","","","","",""
"2022051788","0144","1","0","0","0","0","0","0","0","0","7","0","","67","4","2022","5","39.951398","-75.182656","0128","6","0","0","0","0","1","0","0","0","","0","0","0","","","0","","7","","39 57:05.031","","2","75 10:57.560","0","0","0","0","67301","0","0","0","N","0","0","0","1","68K01","0","","7.0","","1","N","N","N","0","","0","0","0","","0","","","1","0","0","0","0","0","0","2","0","1","","03","","N","","","","","","","","","",""
"2022024885","0140","3","0","0","0","0","0","0","0","0","4","0","","67","3","2022","6","39.92165","-75.242695","0138","6","0","0","0","0","0","1","0","0","","0","0","0","","","1","","1","","39 55:17.939","1","0","75 14:33.701","4","0","0","0","67301","0","0","0","N","0","0","0","5","67301","1","","1.0","420.0","1","N","N","N","0","","0","0","1","","1","N","","4","1","5","0","0","0","2","2","0","4","","03","","N","","","","","","","","","",""
"2022032940","1149","1","0","0","0","0","0","0","0","0","4","0","","67","4","2022","1","40.037211","-75.136476","1144","6","0","0","0","0","0","0","0","0","","0","0","0","","","3","","3","","40 02:13.959","","0","75 08:11.315","2","0","0","0","67301","0","0","0","N","0","0","0","3","67301","0","","1.0","","9","N","N","N","0","","2","1","1","","0","","","2","3","1","0","1","0","0","2","0","2","","","","N","","","","","","","","","",""
"2022024892","1315","1","0","0","0","0","0","0","0","0","4","0","","67","3","2022","7","39.943652","-75.165445","1310","6","0","0","0","0","0","0","0","0","","0","0","0","","","0","","1","","39 56:37.148","","0","75 09:55.602","0","0","0","1","67301","0","0","0","N","0","0","0","3","67301","0","","1.0","","1","N","N","N","0","","0","0","0","","2","","","2","0","0","0","0","0","0","2","0","2","","03","","N","","","","","","","","","",""
"2022044530","1555","1","0","0","0","0","0","0","0","0","8","0","","67","5","2022","3","39.954581","-75.226004","1552","6","0","0","0","0","0","0","0","0","","0","0","0","","","1","","1","","39 57:16.492","","0","75 13:33.613","3","0","0","0","67301","1","0","0","N","1","0","0","2","67301","0","","1.0","","1","N","N","N","0","","1","0","0","","2","","","2","1","0","0","0","0","0","2","0","1","","03","","N","","","","","","","","","",""
"2022032612","1628","1","0","0","0","0","0","0","0","0","1","0","","67","3","2022","4","39.962521","-75.183328","1622","6","0","0","0","0","0","1","0","0","","0","0","0","","","1","N","0","","39 57:45.077","3","0","75 10:59.981","8","0","0","0","67301","0","0","0","N","0","0","0","5","68T07","0","","1.0","100.0","1","N","N","N","1","","0","0","2","","0","N","","4","1","0","0","0","1","1","2","0","4","","03","","N","","","","","","","","","",""
"2022043812","1959","4","0","0","0","0","0","0","0","0","5","0","","67","5","2022","1","39.920461","-75.159006","1959","6","0","0","0","0","0","1","0","0","","0","0","0","","","2","N","0","","39 55:13.660","3","0","75 09:32.420","2","0","0","0","67301","0","0","0","N","0","0","0","3","67301","0","","1.0","2130.0","1","N","N","Y","0","","1","1","0","","0","Y","","5","2","2","0","1","0","0","2","1","5","","","","N","","","","","","","","","",""
"2022008891","2237","0","0","0","0","0","0","0","0","0","1","0","","67","1","2022","6","39.98732","-75.207777","2234","6","0","0","0","0","0","0","0","0","","0","0","0","","","1","N","0","","39 59:14.352","","0","75 12:27.997","3","0","0","0","67301","0","0","0","N","0","0","0","3","68K01","0","","1.0","","1","N","N","N","0","","1","0","1","","0","","","2","1","0","0","0","0","1","2","0","2","","","","N","","","","","","","","","",""
"2022017626","","0","0","0","0","0","0","0","0","0","4","0","","67","2","2022","1","39.935101","-75.157081","","6","0","0","0","0","0","0","0","0","","0","0","0","","","1","","1","","39 56:06.363","","0","75 09:25.491","8","0","0","0","67301","0","0","0","N","0","0","0","2","00000","0","","1.0","","1","","","N","0","","0","0","1","","2","","","2","1","0","0","0","1","0","2","0","2","","","","N","","","","","","","","","",""
"2022044079","2304","1","0","0","0","0","0","0","0","0","5","0","","67","5","2022","4","39.966199","-75.131153","2301","6","0","0","0","0","0","1","0","0","","0","0","0","","","1","N","0","","39 57:58.318","","7","75 07:52.150","4","0","0","0","67301","0","0","0","N","0","0","0","2","67301","1","","1.0","","1","N","N","N","0","","0","0","1","","2","","","2","1","0","0","0","0","1","2","0","2","","","","N","","","","","","","","","",""
"2022043512","0727","0","0","0","0","0","0","0","0","0","8","0","","67","5","2022","3","39.951249","-75.199138","0726","6","0","0","0","0","0","1","0","0","","0","0","0","","","1","","1","","39 57:04.496","","0","75 11:56.898","8","0","0","0","67301","1","0","0","N","1","0","0","2","67504","0","","1.0","","1","N","N","N","0","","0","0","1","","2","","","2","1","0","0","0","1","0","2","0","1","","","","N","","","","","","","","","",""
"2022055628","1005","0","0","0","0","0","0","0","0","0","4","1","","67","6","2022","3","39.934452","-75.179574","1005","6","0","0","0","0","0","0","0","0","","0","0","0","","","1","","1","","39 56:04.026","","0","75 10:46.467","8","0","0","0","67301","0","0","0","N","0","0","0","2","67301","0","","1.0","","1","N","N","N","1","","0","0","1","","2","","","2","1","0","0","0","1","0","2","0","2","","03","","N","","","","","","","","","",""
"2022044092","1400","1","0","0","0","0","0","0","0","0","4","0","","67","4","2022","7","40.053112","-75.13777","1355","6","0","0","0","0","0","0","1","0","","0","0","0","","","1","","1","","40 03:11.203","","0","75 08:15.971","2","0","0","0","67301","0","0","0","N","0","0","0","2","67301","0","","1.0","","1","N","N","N","0","","0","1","1","","2","","","2","1","0","0","0","0","0","2","0","2","","","","N","","","","","","","","","",""
"2022043882","1440","1","0","0","0","0","0","0","0","0","8","0","","67","5","2022","2","39.937097","-75.226661","1434","6","0","0","0","0","0","0","0","0","","0","0","0","","","1","","1","","39 56:13.549","","0","75 13:35.979","8","0","0","0","67301","1","0","0","N","1","0","0","2","67301","0","","1.0","","1","N","N","N","0","","0","0","0","","0","","","2","1","0","0","0","1","0","2","0","1","","03","","N","","","","","","","","","",""
"2022041566","","1","0","0","0","0","0","0","0","0","5","0","","67","1","2022","1","40.043823","-75.08526","","6","0","0","0","0","0","0","0","0","","0","0","0","","","1","N","0","","40 02:37.762","","0","75 05:06.936","8","0","0","0","67301","0","0","0","N","0","0","0","4","00000","0","","1.0","","1","N","N","N","0","","0","0","1","","0","","","2","1","0","0","0","1","0","2","0","2","","","","N","","","","","","","","","",""
"2022021537","0757","1","0","0","0","0","0","0","0","0","4","0","","67","2","2022","4","40.089892","-74.984238","0756","6","0","0","0","0","0","0","0","0","","0","0","0","","","2","","1","","40 05:23.612","3","0","74 59:03.258","3","0","0","0","67301","0","0","0","N","0","0","0","2","67301","0","","1.0","910.0","9","N","N","N","0","","2","0","1","","2","Y","","2","2","0","0","0","0","0","2","0","2","","04","","N","","","","","","","","","",""
"2022044105","1353","2","0","0","0","0","0","0","0","0","4","0","","67","5","2022","2","40.024156","-75.1449","1353","6","0","0","0","0","0","0","0","0","","0","0","0","","","1","","1","","40 01:26.961","","0","75 08:41.640","4","0","0","0","67301","0","0","0","N","0","0","0","2","67301","1","","1.0","","99","N","N","N","0","","0","0","0","","3","","","2","1","2","0","0","0","1","2","0","2","","","","N","","","","","","","","","",""
"2022044114","0226","0","0","0","0","0","0","0","0","0","8","0","","67","4","2022","7","40.003273","-75.165898","0224","6","0","0","0","0","0","0","0","0","","0","0","0","","","1","","1","","40 00:11.783","2","0","75 09:57.234","2","0","0","0","67301","1","0","1","N","1","0","1","2","67301","0","","1.0","330.0","1","N","N","N","0","","0","1","1","","2","Y","","2","1","0","0","0","0","0","2","0","1","","03","","N","","","","","","","","","",""
"2022043883","1737","1","0","0","0","0","0","0","0","0","8","0","","67","5","2022","2","39.919481","-75.231842","1733","6","0","0","0","0","0","0","0","0","","0","0","0","","","1","N","0","","39 55:10.130","","0","75 13:54.630","3","0","0","0","67301","1","0","0","N","1","0","0","2","67301","0","","1.0","","1","N","N","N","0","","1","0","0","","0","","","2","1","0","0","0","0","0","2","0","1","","03","","N","","","","","","","","","",""
"2022047786","2115","2","0","0","0","0","0","0","0","0","1","0","","67","4","2022","6","40.010456","-75.123892","2110","6","0","0","0","0","0","1","0","0","","0","0","0","","","1","N","0","","40 00:37.640","","0","75 07:26.010","8","0","0","0","67301","0","0","0","N","0","0","0","2","67301","0","","1.0","","1","N","N","N","0","","0","0","0","","0","","","2","1","1","0","0","1","0","2","0","2","","03","","N","","","","","","","","","",""
"2022055698","2251","2","0","0","0","0","0","0","0","0","4","0","","67","6","2022","3","40.045516","-75.088316","2247","6","0","1","1","0","0","0","0","0","","0","0","0","","","3","","1","","40 02:43.859","","0","75 05:17.937","8","0","0","0","67301","0","0","0","N","0","0","0","4","67301","0","","1.0","","9","N","N","N","1","","0","0","0","","2","","","3","3","0","0","0","3","1","2","0","3","","","","N","","","","","","","","","",""
"2022014850","2337","3","0","0","0","0","0","0","0","0","4","0","","67","1","2022","7","40.03148","-75.140864","2336","6","0","0","0","0","0","0","0","0","","0","0","0","","","0","","1","","40 01:53.328","","0","75 08:27.110","9","0","0","0","67301","0","0","0","N","0","0","0","2","67301","0","","1.0","","1","N","N","N","0","","0","0","0","","3","","","3","0","0","0","0","0","1","2","0","3","","03","","N","","","","","","","","","",""
"2022055634","1651","2","0","0","0","0","0","0","0","0","4","0","","67","6","2022","3","39.953514","-75.232319","1649","6","0","0","0","0","0","0","0","0","","0","0","0","","","1","N","0","","39 57:12.650","","0","75 13:56.350","3","0","0","0","67301","0","0","0","N","0","0","0","1","67301","0","","1.0","","1","N","N","N","0","","1","0","0","","0","","","2","1","0","0","0","0","0","2","0","2","","","","N","","","","","","","","","",""
"2022039580","1530","0","0","0","0","0","0","0","0","0","7","0","","67","3","2022","5","39.946886","-75.142321","1515","6","0","0","0","0","0","1","0","0","","0","0","0","","","0","N","0","","39 56:48.791","","0","75 08:32.357","0","0","0","0","67301","0","0","0","N","0","0","0","1","68Z99","0","","2.0","","1","N","N","N","1","","0","0","0","","0","","","1","0","0","0","0","0","0","2","0","1","","03","","N","","","","","","","","","",""
"2022014712","0425","1","0","0","0","0","0","0","0","0","5","0","","67","1","2022","1","40.035121","-75.039184","0400","6","0","0","0","0","0","0","0","0","","0","0","0","","","0","N","0","","40 02:06.436","","0","75 02:21.063","0","0","0","0","67301","0","0","0","N","0","0","0","2","67301","0","","1.0","","1","N","N","N","0","","0","0","1","","0","","","3","0","0","0","0","0","0","2","1","3","","03","","N","","","","","","","","","",""
"2022044094","0751","2","0","0","0","0","0","0","0","0","4","0","","67","5","2022","1","40.034389","-75.150753","0739","6","0","0","0","0","0","0","0","0","","0","0","0","","","0","N","0","","40 02:03.800","","0","75 09:02.710","9","0","0","0","67301","0","0","0","N","0","0","0","2","67301","0","","1.0","","1","N","N","N","0","","0","0","0","","0","","","2","0","0","0","0","0","2","2","0","2","","","","N","","","","","","","","","",""
"2022055571","1315","1","0","0","0","0","0","0","0","0","8","0","","67","6","2022","5","40.102297","-75.028286","1308","6","0","0","0","0","0","0","0","0","","0","0","0","","","1","N","0","","40 06:08.270","","0","75 01:41.830","3","0","0","0","67301","1","0","0","N","1","0","0","2","67301","0","","1.0","","1","N","N","N","0","","1","0","0","","0","","","2","1","0","0","0","0","0","2","0","1","","","","N","","","","","","","","","",""
"2022056509","1048","1","0","0","0","0","0","0","0","0","7","0","","67","5","2022","4","39.899068","-75.167258","1048","6","0","0","1","0","0","0","0","0","","0","0","0","","","0","N","0","","39 53:56.644","1","0","75 10:02.129","0","0","0","0","67301","0","0","0","N","0","0","0","1","68K01","0","","4.0","1123.0","1","N","N","Y","0","","0","0","0","","0","N","","1","0","0","0","0","0","0","2","0","1","","","","N","","","","","","","","","",""
"2022043822","1523","2","0","0","0","0","0","0","0","0","4","0","","67","5","2022","3","40.030808","-75.226778","1519","6","0","0","1","0","0","0","0","0","","0","0","0","","","1","","1","","40 01:50.908","","0","75 13:36.400","3","0","0","0","67301","0","0","0","N","0","0","0","2","67301","0","","1.0","","1","N","N","N","0","","1","0","0","","3","","","2","1","0","0","0","0","0","2","0","2","","03","","N","","","","","","","","","",""
"2022046467","1020","0","0","0","0","0","0","0","0","0","4","0","","67","4","2022","6","39.951163","-75.153585","1020","6","0","0","0","0","0","0","1","0","","0","0","0","","","1","","1","","39 57:04.188","","0","75 09:12.905","4","0","0","0","67301","0","0","0","N","0","0","0","2","67508","1","","1.0","","9","N","N","Y","0","","0","0","2","","2","","","2","1","1","0","0","0","0","2","0","2","","03","","N","","","","","","","","","",""
"2022010857","2149","2","0","0","0","0","0","0","0","0","4","0","","67","1","2022","3","39.954999","-75.238168","2148","6","0","0","0","0","0","0","0","0","","0","0","0","","","2","","1","","39 57:17.996","","0","75 14:17.404","3","0","0","0","67301","0","0","0","N","0","0","0","3","67301","0","","1.0","","1","N","N","N","0","","1","0","1","","2","","","3","2","0","0","0","1","1","2","0","3","","","","N","","","","","","","","","",""
"2022014624","0320","1","0","0","0","0","0","0","0","0","7","0","","67","1","2022","6","39.944968","-75.167754","0320","6","0","0","0","0","0","0","0","0","","0","0","0","","","0","","2","","39 56:41.884","","0","75 10:03.914","0","0","0","0","67301","0","0","0","N","0","0","0","1","67301","0","","4.0","","1","N","N","N","0","","0","0","0","","0","","","1","0","0","0","0","0","0","2","0","1","","","","N","","","","","","","","","",""
"2022044098","2127","1","0","0","0","0","0","0","0","0","8","0","","67","5","2022","2","40.023447","-75.145069","2125","6","0","0","0","0","0","0","0","0","","0","0","0","","","1","N","0","","40 01:24.410","","0","75 08:42.250","3","0","0","0","67301","1","0","0","N","1","0","0","2","67301","0","","4.0","","1","N","N","N","0","","1","0","0","","0","","","2","1","0","0","0","0","0","2","0","1","","","","N","","","","","","","","","",""
"2022044545","0529","1","0","0","0","0","0","0","0","0","4","0","","67","4","2022","5","40.123541","-75.015353","0528","6","0","0","0","0","0","0","1","0","","1","0","0","","","0","","1","","40 07:24.748","7","0","75 00:55.269","1","0","0","0","67301","0","0","0","N","0","0","0","2","67301","0","2","1.0","744.0","1","N","N","N","1","0","0","0","0","","2","Y","","2","0","0","0","0","0","0","2","0","2","","03","","N","","","","","","","","","",""
"2022010892","0541","0","0","0","0","0","0","0","0","0","4","0","","67","1","2022","7","40.045003","-75.123562","0540","6","0","0","0","0","0","0","1","0","","0","0","0","","","0","","1","","40 02:42.011","","0","75 07:24.823","0","0","0","0","67301","0","0","0","N","0","0","0","3","67301","0","","1.0","","1","N","N","N","1","","0","0","1","","2","","","2","0","0","0","0","0","0","2","0","2","","03","","N","","","","","","","","","",""
"2022043804","2350","2","0","0","0","0","0","0","0","0","5","0","","67","5","2022","2","40.044575","-75.076397","2348","6","0","0","0","0","0","0","0","0","","0","0","0","","","0","N","0","","40 02:40.470","","0","75 04:35.030","0","0","0","0","67301","0","0","0","N","0","0","0","1","67301","0","","6.0","","1","N","N","N","0","","0","0","1","","0","","","3","0","0","0","0","0","0","2","0","3","","","","N","","","","","","","","","",""