"CRN","ARRIVAL_TM","AUTOMOBILE_COUNT","BELTED_DEATH_COUNT","BELTED_SUSP_SERIOUS_INJ_COUNT","BICYCLE_COUNT","BICYCLE_DEATH_COUNT","BICYCLE_SUSP_SERIOUS_INJ_COUNT","BUS_COUNT","CHLDPAS_DEATH_COUNT","CHLDPAS_SUSP_SERIOUS_INJ_COUNT","COLLISION_TYPE","COMM_VEH_COUNT","CONS_ZONE_SPD_LIM","COUNTY","CRASH_MONTH","CRASH_YEAR","DAY_OF_WEEK","DEC_LATITUDE","DEC_LONGITUDE","DISPATCH_TM","DISTRICT","DRIVER_COUNT_16YR","DRIVER_COUNT_17YR","DRIVER_COUNT_18YR","DRIVER_COUNT_19YR","DRIVER_COUNT_20YR","DRIVER_COUNT_50_64YR","DRIVER_COUNT_65_74YR","DRIVER_COUNT_75PLUS","EST_HRS_CLOSED","FATAL_COUNT","HEAVY_TRUCK_COUNT","HORSE_BUGGY_COUNT","HOUR_OF_DAY","ILLUMINATION","INJURY_COUNT","INTERSECTION_RELATED","INTERSECT_TYPE","LANE_CLOSED","LATITUDE","LN_CLOSE_DIR","LOCATION_TYPE","LONGITUDE","MAX_SEVERITY_LEVEL","MCYCLE_DEATH_COUNT","MCYCLE_SUSP_SERIOUS_INJ_COUNT","MOTORCYCLE_COUNT","MUNICIPALITY","NONMOTR_COUNT","NONMOTR_DEATH_COUNT","NONMOTR_SUSP_SERIOUS_INJ_COUNT","NTFY_HIWY_MAINT","PED_COUNT","PED_DEATH_COUNT","PED_SUSP_SERIOUS_INJ_COUNT","PERSON_COUNT","POLICE_AGCY","POSSIBLE_INJ_COUNT","RDWY_SURF_TYPE_CD","RELATION_TO_ROAD","ROADWAY_CLEARED","ROAD_CONDITION","SCH_BUS_IND","SCH_ZONE_IND","SECONDARY_CRASH","SMALL_TRUCK_COUNT","SPEC_JURIS_CD","SUSP_MINOR_INJ_COUNT","SUSP_SERIOUS_INJ_COUNT","SUV_COUNT","TCD_FUNC_CD","TCD_TYPE","TFC_DETOUR_IND","TIME_OF_DAY","TOTAL_UNITS","TOT_INJ_COUNT","UNBELTED_OCC_COUNT","UNB_DEATH_COUNT","UNB_SUSP_SERIOUS_INJ_COUNT","UNK_INJ_DEG_COUNT","UNK_INJ_PER_COUNT","URBAN_RURAL","VAN_COUNT","VEHICLE_COUNT","WEATHER1","WEATHER2","WORKERS_PRES","WORK_ZONE_IND","WORK_ZONE_LOC","WORK_ZONE_TYPE","WZ_CLOSE_DETOUR","WZ_FLAGGER","WZ_LAW_OFFCR_IND","WZ_LN_CLOSURE","WZ_MOVING","WZ_OTHER","WZ_SHLDER_MDN","WZ_WORKERS_INJ_KILLED"
"2022055633","0800","0","0","0","0","0","0","1","0","0","4","1","","67","6","2022","3","39.952925","-75.246703","0747","6","0","0","0","0","0","0","0","1","","0","0","0","","","2","","1","","39 57:10.530","3","0","75 14:48.130","3","0","0","0","67301","0","0","0","N","0","0","0","10","67301","0","","1.0","1000.0","1","Y","N","N","0","","2","0","2","","2","N","","3","2","0","0","0","0","0","2","0","3","","03","","N","","","","","","","","","",""
"2022055611","1500","1","0","0","0","0","0","0","0","0","8","0","","67","6","2022","5","40.033547","-75.035958","1440","6","0","0","0","0","0","0","1","0","","0","0","0","","","1","N","0","","40 02:00.770","","0","75 02:09.450","3","0","0","0","67301","1","0","0","N","1","0","0","2","67301","0","","1.0","","1","N","N","N","0","","1","0","0","","0","","","2","1","0","0","0","0","0","2","0","1","","03","","N","","","","","","","","","",""
"2022014599","1548","1","0","0","0","0","0","0","0","0","4","0","","67","1","2022","6","40.076444","-75.032562","1540","6","0","0","0","0","0","1","0","0","","0","0","0","","","1","","1","","40 04:35.200","","0","75 01:57.222","3","0","0","0","67301","0","0","0","N","0","0","0","4","67301","0","","1.0","","1","N","N","N","0","","1","0","1","","2","","","2","1","0","0","0","0","0","2","0","2","","03","","N","","","","","","","","","",""
"2022043906","1818","0","0","0","0","0","0","0","0","0","4","0","","67","5","2022","3","40.054847","-75.168958","1811","6","0","0","0","0","0","0","0","1","","0","0","0","","","2","","1","","40 03:17.448","6","0","75 10:08.248","3","0","0","0","67301","0","0","0","N","0","0","0","5","67301","0","","1.0","1824.0","1","N","N","N","0","","2","0","2","","2","Y","","2","2","0","0","0","0","0","2","0","2","","98","","N","","","","","","","","","",""
"2022043975","2318","2","0","0","0","0","0","0","0","0","4","0","","67","4","2022","6","39.955499","-75.24211","2315","6","0","0","0","0","0","1","0","0","","0","0","0","","","0","","1","","39 57:19.796","","0","75 14:31.596","9","0","0","0","67301","0","0","0","N","0","0","0","2","67301","0","","1.0","","1","N","N","N","0","","0","0","0","","3","","","2","0","0","0","0","0","1","2","0","2","","03","","N","","","","","","","","","",""
"2022043198","2059","1","0","0","0","0","0","0","0","0","5","0","","67","5","2022","3","40.001444","-75.194667","2058","6","0","0","0","0","0","2","0","0","","0","0","0","","","0","","7","","40 00:05.200","4","2","75 11:40.800","0","0","0","0","67301","0","0","0","N","0","0","0","2","68K01","0","","7.0","100.0","1","N","N","N","0","","0","0","1","","0","Y","","2","0","0","0","0","0","0","2","0","2","","03","","N","","","","","","","","","",""
"2022055650","0745","1","0","0","0","0","0","0","0","0","1","1","","67","6","2022","3","39.985463","-75.100078","0730","6","0","0","0","0","1","0","0","0","","0","1","0","","","1","","1","","39 59:07.668","","0","75 06:00.282","3","0","0","0","67301","0","0","0","N","0","0","0","2","67301","0","","1.0","","1","N","N","N","0","","1","0","0","","3","","","2","1","1","0","0","0","0","2","0","2","","","","N","","","","","","","","","",""
"2022048828","","1","0","0","0","0","0","0","0","0","4","0","","67","1","2022","2","40.019732","-75.061131","","6","0","0","0","0","0","0","0","0","","0","0","0","","","1","","1","","40 01:11.035","","0","75 03:40.071","8","0","0","0","67301","0","0","0","N","0","0","0","2","00000","0","","1.0","","1","N","N","N","0","","0","0","1","","3","","","2","1","0","0","0","1","0","2","0","2","","","","N","","","","","","","","","",""
"2022043852","1834","0","0","0","0","0","0","0","0","0","8","0","","67","5","2022","3","40.082572","-74.987236","1822","6","0","0","0","0","0","0","0","0","","0","0","0","","","1","N","0","","40 04:57.260","","0","74 59:14.050","4","0","0","0","67301","1","0","0","N","1","0","0","2","67301","1","","1.0","","1","N","N","N","0","","0","0","1","","0","","","2","1","1","0","0","0","0","2","0","1","","03","","N","","","","","","","","","",""
"2022044058","1530","1","0","0","0","0","0","0","0","0","8","0","","67","5","2022","4","39.997452","-75.145106","1530","6","0","0","0","0","0","0","0","0","","0","0","0","","","1","","1","","39 59:50.827","","0","75 08:42.381","2","0","0","0","67301","1","0","1","N","1","0","1","2","67301","0","","1.0","","1","N","N","N","0","","0","1","0","","3","","","2","1","0","0","0","0","0","2","0","1","","03","","N","","","","","","","","","",""
"2022043939","2208","1","0","0","0","0","0","0","0","0","4","0","","67","5","2022","1","40.009369","-75.078607","2208","6","0","0","0","0","0","0","0","0","","0","0","0","","","1","","1","","40 00:33.728","","0","75 04:42.985","3","0","0","1","67301","0","0","0","N","0","0","0","4","67301","0","","1.0","","1","N","N","N","0","","1","0","0","","3","","","2","1","0","0","0","0","0","2","0","2","","03","","N","","","","","","","","","",""
"2022044127","2000","0","0","0","0","0","0","0","0","0","8","0","","67","5","2022","4","40.000204","-75.158143","1953","6","0","0","0","0","0","0","0","0","","0","0","0","","","1","","2","","40 00:00.734","","0","75 09:29.314","8","0","0","0","67301","1","0","0","N","1","0","0","2","67301","0","","1.0","","1","N","N","N","0","","0","0","0","","0","","","2","1","0","0","0","1","0","2","0","1","","03","","N","","","","","","","","","",""
"2022043987","1815","2","0","0","0","0","0","0","0","0","5","0","","67","4","2022","6","39.99218","-75.233706","1804","6","0","0","0","0","0","1","0","0","","0","0","0","","","1","","1","","39 59:31.848","1","0","75 14:01.341","3","0","0","0","67301","0","0","0","N","0","0","0","3","67301","0","","1.0","1928.0","1","N","N","N","0","","1","0","1","","2","Y","","3","1","0","0","0","0","0","2","0","3","","03","","N","","","","","","","","","",""
"2022055598","0900","0","0","0","0","0","0","1","0","0","6","2","","67","6","2022","6","40.058492","-75.165755","0840","6","0","0","0","0","0","0","0","0","","0","1","0","","","1","N","0","","40 03:30.571","3","0","75 09:56.717","3","0","0","0","67301","0","0","0","N","0","0","0","3","67301","0","","1.0","1000.0","1","Y","N","N","1","","1","0","0","","0","N","","3","1","0","0","0","0","0","2","0","3","","03","","N","","","","","","","","","",""
"2022043977","0416","2","0","0","0","0","0","0","0","0","4","0","","67","5","2022","1","39.955253","-75.211681","0416","6","0","0","0","0","0","0","0","0","","0","0","0","","","0","","1","","39 57:18.911","","0","75 12:42.053","0","0","0","0","67301","0","0","0","N","0","0","0","2","67301","0","","1.0","","1","N","N","N","0","","0","0","0","","2","","","2","0","0","0","0","0","0","2","0","2","","03","","N","","","","","","","","","",""
"2022029757","1735","1","0","0","0","0","0","0","0","0","8","0","","67","3","2022","2","39.971449","-75.241818","1733","6","0","0","0","0","0","0","0","1","","0","0","0","","","1","","2","","39 58:17.218","","0","75 14:30.546","3","0","0","0","67301","1","0","0","N","1","0","0","2","67301","0","","1.0","","1","N","N","N","0","","1","0","0","","0","","","2","1","0","0","0","0","0","2","0","1","","03","","N","","","","","","","","","",""
"2022044100","0050","2","0","0","0","0","0","0","0","0","4","0","","67","5","2022","3","40.027579","-75.147244","0047","6","0","0","0","0","0","0","0","0","","0","0","0","","","2","","1","","40 01:39.286","","0","75 08:50.079","3","0","0","0","67301","0","0","0","N","0","0","0","4","67301","0","","1.0","","1","N","N","N","0","","2","0","0","","2","","","2","2","1","0","0","0","1","2","0","2","","03","","N","","","","","","","","","",""
"2022023570","1738","2","0","0","0","0","0","0","0","0","1","0","","67","3","2022","4","39.98503","-75.208098","1738","6","0","0","0","1","0","0","0","0","","0","0","0","","","0","N","0","","39 59:06.107","","2","75 12:29.153","0","0","0","0","67301","0","0","0","N","0","0","0","2","68K01","0","","1.0","","1","N","N","N","0","","0","0","0","","0","","","2","0","0","0","0","0","0","2","0","2","","","","N","","","","","","","","","",""
"2022043801","0140","1","0","0","0","0","0","0","0","0","5","0","","67","4","2022","6","40.052203","-75.0916","0136","6","0","0","0","0","0","0","0","0","","0","0","0","","","1","N","0","","40 03:07.930","3","0","75 05:29.760","4","0","0","0","67301","0","0","0","N","0","0","0","1","67301","1","","6.0","330.0","1","N","N","N","2","","0","0","2","","0","Y","","5","1","0","0","0","0","0","2","0","5","","03","","N","","","","","","","","","",""
"2022014855","1122","2","0","0","0","0","0","0","0","0","4","0","","67","1","2022","3","40.030714","-75.1224","1122","6","0","0","0","0","0","0","0","0","","0","0","0","","","2","","1","","40 01:50.570","","0","75 07:20.640","8","0","0","0","67301","0","0","0","N","0","0","0","3","67301","0","","1.0","","1","N","N","N","0","","0","0","0","","2","","","2","2","0","0","0","2","1","2","0","2","","03","","N","","","","","","","","","",""
"2022043993","2226","2","0","0","0","0","0","0","0","0","4","0","","67","5","2022","2","39.991699","-75.185608","2225","6","0","0","0","1","0","0","0","0","","0","0","0","","","3","","1","","39 59:30.115","","0","75 11:08.190","3","0","0","0","67301","0","0","0","N","0","0","0","3","67301","0","","1.0","","1","N","N","N","0","","3","0","0","","2","","","2","3","1","0","0","0","0","2","0","2","","03","","N","","","","","","","","","",""
"2022044095","1240","0","0","0","0","0","0","0","0","0","4","0","","67","5","2022","1","40.05218","-75.142647","1240","6","0","0","0","0","0","0","0","0","","0","0","0","","","1","","1","","40 03:07.847","","0","75 08:33.529","4","0","0","0","67301","0","0","0","N","0","0","0","2","67301","1","","1.0","","1","N","N","N","0","","0","0","2","","3","","","2","1","0","0","0","0","1","2","0","2","","","","N","","","","","","","","","",""
"2022014634","1909","0","0","0","0","0","0","0","0","0","7","0","","67","1","2022","3","39.894612","-75.236717","1909","6","0","0","0","0","0","0","0","0","","0","0","0","","","1","","1","","39 53:40.603","","0","75 14:12.181","8","0","0","0","67301","0","0","0","N","0","0","0","2","67301","0","","3.0","","1","N","N","N","0","","0","0","2","","2","","","2","1","0","0","0","1","0","2","0","2","","","","N","","","","","","","","","",""
"2022010899","1110","2","0","0","0","0","0","0","0","0","1","0","","67","1","2022","7","40.017526","-75.172696","1100","6","0","0","0","0","0","2","0","0","","0","0","0","","","0","N","0","","40 01:03.093","","0","75 10:21.706","0","0","0","0","67301","0","0","0","N","0","0","0","5","67301","0","","1.0","","1","N","N","N","0","","0","0","2","","0","","","5","0","0","0","0","0","0","2","1","5","","03","","N","","","","","","","","","",""
"2022014803","1029","1","0","0","0","0","0","0","0","0","5","0","","67","1","2022","1","40.000828","-75.105547","1029","6","0","0","0","0","0","0","0","1","","0","0","0","","","0","N","0","","40 00:02.980","2","1","75 06:19.970","9","0","0","0","67301","0","0","0","N","0","0","0","2","67301","0","","1.0","1200.0","1","N","N","N","0","","0","0","0","","0","Y","","2","0","0","0","0","0","2","2","1","2","","04","","N","","","","","","","","","",""
"2022027439","2322","1","0","0","0","0","0","0","0","0","4","0","","67","2","2022","5","39.951273","-75.199133","2322","6","0","0","0","0","0","0","0","0","","0","0","0","","","1","","1","","39 57:04.584","2","0","75 11:56.878","3","0","0","0","67301","0","0","0","N","0","0","0","2","67504","0","","1.0","2345.0","9","N","N","N","0","","1","0","1","","2","N","","2","1","0","0","0","0","0","2","0","2","","","","N","","","","","","","","","",""
"2022055612","1648","1","0","0","0","0","0","0","0","0","8","0","","67","6","2022","5","40.03594","-75.042382","1646","6","0","0","0","0","0","1","0","0","","0","0","0","","","2","","1","","40 02:09.385","","0","75 02:32.575","3","0","0","0","67301","2","0","0","N","2","0","0","3","67301","0","","1.0","","1","N","N","N","0","","2","0","0","","2","","","3","2","1","0","0","0","0","2","0","1","","03","","N","","","","","","","","","",""
"2022043952","1810","0","0","0","0","0","0","0","0","0","4","0","","67","5","2022","2","39.992979","-75.217594","1805","6","0","0","0","0","0","0","0","0","","0","0","0","","","0","","1","","39 59:34.723","","0","75 13:03.338","0","0","0","0","67301","0","0","0","N","0","0","0","2","67301","0","","1.0","","1","N","N","N","0","","0","0","2","","2","","","2","0","0","0","0","0","0","2","0","2","","","","N","","","","","","","","","",""
"2022050550","1256","1","0","0","0","0","0","0","0","0","7","0","","67","5","2022","3","39.97096","-75.215004","1250","6","0","0","0","0","0","0","0","0","","0","0","0","","","0","","2","","39 58:15.456","","0","75 12:54.013","0","0","0","0","67301","0","0","0","N","0","0","0","1","67301","0","","5.0","","1","N","Y","N","0","","0","0","0","","0","","","1","0","0","0","0","0","0","2","0","1","","04","","N","","","","","","","","","",""
"2022048834","1239","0","0","0","0","0","0","0","0","0","8","1","","67","5","2022","2","39.944711","-75.158224","1236","6","0","0","0","0","0","0","0","0","","0","1","0","","","1","","1","","39 56:40.959","","0","75 09:29.607","3","0","0","0","67301","1","0","0","N","1","0","0","2","67301","0","","1.0","","1","N","N","N","0","","1","0","0","","2","","","2","1","1","0","0","0","0","2","0","1","","03","","N","","","","","","","","","",""
"2022044093","0830","1","0","0","0","0","0","0","0","0","8","0","","67","5","2022","1","40.039826","-75.144452","0830","6","0","0","0","0","0","0","0","0","","0","0","0","","","1","","1","","40 02:23.374","","0","75 08:40.028","3","0","0","0","67301","1","0","0","N","1","0","0","2","67301","0","","1.0","","1","N","N","N","0","","1","0","0","","2","","","2","1","0","0","0","0","0","2","0","1","","03","","N","","","","","","","","","",""
"2022044054","0442","1","0","0","0","0","0","0","0","0","4","0","","67","5","2022","1","40.003111","-75.128286","0434","6","0","0","0","0","0","1","0","0","","0","0","0","","","1","","1","","40 00:11.199","","0","75 07:41.829","3","0","0","0","67301","0","0","0","N","0","0","0","2","67301","0","","1.0","","1","N","N","N","1","","1","0","0","","2","","","2","1","0","0","0","0","0","2","0","2","","03","","N","","","","","","","","","",""
"2022066279","1636","1","0","0","0","0","0","0","0","0","4","0","","67","7","2022","3","40.097156","-75.018134","1636","6","0","0","0","0","0","0","0","0","","0","0","0","","","2","","1","","40 05:49.760","","0","75 01:05.283","8","0","0","0","67301","0","0","0","N","0","0","0","2","67301","0","","1.0","","1","N","N","N","0","","0","0","1","","2","","","2","2","0","0","0","2","0","2","0","2","","","","N","","","","","","","","","",""
"2022056489","0926","1","0","0","0","0","0","0","0","0","7","0","","67","2","2022","7","39.891924","-75.223218","0915","6","0","0","0","0","0","0","0","0","","0","0","0","","","0","N","0","","39 53:30.926","","0","75 13:23.586","0","0","0","0","67301","0","0","0","N","0","0","0","1","68K01","0","","4.0","","1","N","N","N","0","","0","0","0","","0","","","1","0","0","0","0","0","0","2","0","1","","","","N","","","","","","","","","",""
"2022021813","","1","0","0","0","0","0","0","0","0","4","0","","67","2","2022","6","39.999101","-75.230871","","6","0","0","0","0","0","0","0","0","","0","0","0","","","0","","1","","39 59:56.764","","0","75 13:51.134","0","0","0","0","67301","0","0","0","N","0","0","0","2","00000","0","","1.0","","1","","","N","0","","0","0","1","","0","","","2","0","0","0","0","0","0","2","0","2","","","","N","","","","","","","","","",""
"2022043796","0150","1","0","0","0","0","0","0","0","0","1","0","","67","5","2022","2","39.921144","-75.193801","0147","6","0","0","0","0","0","1","0","0","","0","0","0","","","2","","1","","39 55:16.119","","0","75 11:37.683","3","0","0","0","67301","0","0","0","N","0","0","0","3","67301","0","","1.0","","1","N","N","N","0","","2","0","1","","2","","","2","2","1","0","0","0","0","2","0","2","","03","","N","","","","","","","","","",""
"2022025294","0129","2","0","0","0","0","0","0","0","0","4","0","","67","3","2022","7","39.946999","-75.164828","0129","6","0","0","0","0","0","0","0","0","","0","0","0","","","0","","1","","39 56:49.197","7","0","75 09:53.381","0","0","0","0","67301","0","0","0","N","0","0","0","2","67301","0","","1.0","300.0","1","N","N","N","0","","0","0","0","","2","Y","","2","0","0","0","0","0","0","2","0","2","","03","","N","","","","","","","","","",""
"2022055568","2020","0","0","0","0","0","0","0","0","0","7","1","","67","6","2022","2","39.959056","-75.157528","1945","6","0","0","0","0","0","1","0","0","","0","1","0","","","0","N","0","","39 57:32.600","4","1","75 09:27.100","0","0","0","0","67301","0","0","0","N","0","0","0","1","67301","0","","1.0","0.0","1","N","N","N","0","","0","0","0","","8","Y","","1","0","0","0","0","0","0","2","0","1","","03","","N","","","","","","","","","",""
"2022055584","2108","1","0","0","0","0","0","0","0","0","8","0","","67","6","2022","3","39.96724","-75.170159","2103","6","0","0","0","0","0","0","0","0","","0","0","0","","","1","","1","","39 58:02.064","","0","75 10:12.572","3","0","0","0","67301","1","0","0","N","1","0","0","2","67301","0","","1.0","","9","N","N","N","0","","1","0","0","","1","","","2","1","0","0","0","0","0","2","0","1","","03","","N","","","","","","","","","",""
"2022043848","1240","1","0","0","0","0","0","0","0","0","4","0","","67","4","2022","6","40.066401","-74.982159","1236","6","0","0","0","0","0","1","1","0","","0","0","0","","","2","","2","","40 03:59.042","","0","74 58:55.772","3","0","0","0","67301","0","0","0","N","0","0","0","3","67301","0","","1.0","","1","N","N","N","0","","2","0","1","","0","","","2","2","0","0","0","0","0","2","0","2","","03","","N","","","","","","","","","",""
"2022051262","1757","0","0","0","0","0","0","0","0","0","1","0","","67","5","2022","7","39.957829","-75.162195","1738","6","0","0","0","0","1","0","0","0","","0","0","0","","","1","N","0","","39 57:28.185","3","0","75 09:43.903","3","0","0","0","67301","0","0","0","N","0","0","0","6","68K01","0","","1.0","1849.0","1","N","N","N","0","","1","0","3","","0","Y","","4","1","1","0","0","0","1","2","0","4","","","","N","","","","","","","","","",""
"2022047935","1902","0","0","0","0","0","0","0","0","0","7","0","","67","5","2022","1","40.082374","-74.964469","1848","6","0","0","0","0","0","0","0","0","","0","0","0","","","2","N","0","","40 04:56.547","","0","74 57:52.088","3","0","0","0","67301","0","0","0","N","0","0","0","3","67301","0","","5.0","","9","N","N","N","0","","2","0","1","","0","","","1","2","0","0","0","0","0","2","0","1","","","","N","","","","","","","","","",""
"2022043820","0316","2","0","0","0","0","0","0","0","0","4","0","","67","5","2022","1","40.021314","-75.213268","0315","6","0","0","0","0","0","0","0","0","","0","0","0","","","2","","1","","40 01:16.730","","0","75 12:47.764","3","0","0","0","67301","0","0","0","N","0","0","0","4","67301","0","","1.0","","1","N","N","N","0","","2","0","1","","3","","","3","2","0","0","0","0","1","2","0","3","","03","","N","","","","","","","","","",""
"2022043878","0400","0","0","0","0","0","0","0","0","0","99","0","","67","4","2022","7","39.897531","-75.252476","0356","6","0","0","0","0","0","0","0","0","","0","0","0","","","1","","1","","39 53:51.111","","0","75 15:08.912","2","0","1","1","67301","0","0","0","N","0","0","0","2","67301","0","","1.0","","1","N","N","N","0","","0","1","0","","2","","","2","1","0","0","0","0","1","2","0","2","","03","","N","","","","","","","","","",""
"2022043932","0851","3","0","0","0","0","0","0","0","0","4","0","","67","4","2022","6","40.033779","-75.058719","0847","6","0","0","0","0","0","0","0","0","","0","0","0","","","0","","1","","40 02:01.604","","0","75 03:31.388","0","0","0","0","67301","0","0","0","N","0","0","0","2","67301","0","","1.0","","1","N","N","N","0","","0","0","1","","3","","","4","0","0","0","0","0","0","2","0","4","","03","","N","","","","","","","","","",""
"2022043905","1617","0","0","0","0","0","0","0","0","0","4","0","","67","5","2022","2","40.044239","-75.166097","1610","6","0","0","0","0","0","1","0","0","","0","0","0","","","2","","1","","40 02:39.260","","0","75 09:57.949","3","0","0","0","67301","0","0","0","N","0","0","0","3","67301","0","","1.0","","1","N","N","N","0","","2","0","2","","3","","","2","2","0","0","0","0","0","2","0","2","","98","","N","","","","","","","","","",""
"2022043923","0044","1","0","0","0","0","0","0","0","0","4","0","","67","4","2022","3","40.009319","-75.081844","0038","6","0","0","0","0","0","0","0","0","","0","0","0","","","1","","1","","40 00:33.547","","0","75 04:54.638","3","0","0","0","67301","0","0","0","N","0","0","0","3","67301","0","","1.0","","9","N","N","N","0","","1","0","1","","0","","","2","1","0","0","0","0","1","2","0","2","","04","","N","","","","","","","","","",""
"2022063343","2305","0","0","0","0","0","0","0","0","0","4","1","","67","7","2022","6","39.955776","-75.180698","2303","6","0","0","0","0","0","1","0","0","","0","1","0","","","0","","3","","39 57:20.795","","3","75 10:50.512","0","0","0","0","67301","0","0","0","N","0","0","0","2","67301","0","","1.0","","1","N","N","N","0","","0","0","1","","2","","","2","0","0","0","0","0","0","2","0","2","","","","N","","","","","","","","","",""
"2022042351","1647","1","0","0","0","0","0","0","0","0","7","0","","67","4","2022","5","40.019021","-75.045916","1628","6","0","0","0","0","0","1","0","0","","0","0","0","","","1","N","0","","40 01:08.476","","0","75 02:45.296","3","0","0","0","67301","0","0","0","N","0","0","0","1","68K01","0","","1.0","","1","N","N","N","0","","1","0","0","","0","","","1","1","0","0","0","0","0","2","0","1","","03","","N","","","","","","","","","",""
"2022056484","1603","0","0","0","0","0","0","0","0","0","4","0","","67","6","2022","4","40.045111","-75.087584","1558","6","0","0","0","0","0","0","1","0","","0","0","0","","","1","N","0","","40 02:42.398","","7","75 05:15.301","2","0","1","1","67301","0","0","0","N","0","0","0","4","67301","0","","2.0","","1","N","N","N","0","","0","1","1","","0","","","2","1","0","0","0","0","1","2","0","2","","03","","N","","","","","","","","","",""
"2022054584","0041","2","0","0","0","0","0","0","0","0","1","0","","67","5","2022","7","40.037968","-75.010809","0032","6","0","0","0","0","0","0","0","0","","0","0","0","","","1","N","0","","40 02:16.685","1","0","75 00:38.914","3","0","0","0","67301","0","0","0","N","0","0","0","2","68K01","0","","2.0","125.0","9","N","N","N","0","","1","0","0","","0","N","","2","1","0","0","0","0","0","2","0","2","","","","N","","","","","","","","","",""
"2022044125","1655","0","0","0","0","0","0","0","0","0","4","0","","67","5","2022","4","40.01224","-75.150481","1655","6","0","0","0","0","0","1","1","0","","0","0","0","","","1","","5","","40 00:44.064","2","0","75 09:01.733","3","0","0","1","67301","0","0","0","N","0","0","0","2","67301","0","","1.0","1745.0","1","N","N","N","0","","1","0","1","","2","N","","2","1","0","0","0","0","0","2","0","2","","04","","N","","","","","","","","","",""
"2022041704","1825","1","0","0","0","0","0","0","0","0","4","0","","67","4","2022","6","39.952922","-75.183919","1825","6","0","0","0","0","0","0","0","0","","0","0","0","","","0","N","0","","39 57:10.520","2","7","75 11:02.110","0","0","0","0","67301","0","0","0","N","0","0","0","2","67504","0","","1.0","1900.0","1","N","N","N","0","","0","0","1","","0","N","","2","0","0","0","0","0","0","2","0","2","","03","","N","","","","","","","","","",""
"2022032917","1631","0","0","0","0","0","0","0","0","0","7","0","","67","2","2022","3","39.988786","-75.124433","1631","6","0","0","0","0","0","0","0","0","","0","0","0","","","0","","2","","39 59:19.628","","0","75 07:27.958","0","0","0","0","67301","0","0","0","N","0","0","0","3","67301","0","","4.0","","9","N","N","N","0","","0","0","1","","0","","","1","0","0","0","0","0","0","2","0","1","","07","","N","","","","","","","","","",""
"2022049900","1708","0","0","0","0","0","0","0","0","0","8","0","","67","5","2022","7","40.001392","-75.118953","1704","6","0","0","0","0","0","0","0","0","","0","0","0","","","1","N","0","","40 00:05.010","","0","75 07:08.230","2","0","0","0","67301","1","0","1","N","1","0","1","2","67301","0","","1.0","","1","N","N","N","0","","0","1","1","","0","","","2","1","0","0","0","0","0","2","0","1","","","","N","","","","","","","","","",""
"2022026537","1625","1","0","0","0","0","0","0","0","0","1","0","","67","3","2022","6","39.999811","-75.080203","1600","6","0","0","0","1","0","0","0","0","","0","0","0","","","0","N","0","","39 59:59.320","","3","75 04:48.729","0","0","0","0","67301","0","0","0","N","0","0","0","2","68K01","0","","1.0","","1","N","N","N","0","","0","0","1","","0","","","2","0","0","0","0","0","0","2","0","2","","","","N","","","","","","","","","",""
"2022066278","1125","1","0","0","0","0","0","0","0","0","8","0","","67","7","2022","3","40.108016","-75.02679","1125","6","0","0","0","0","0","0","0","1","","0","0","0","","","1","","3","","40 06:28.859","","0","75 01:36.445","3","0","0","0","67301","1","0","0","N","1","0","0","2","67301","0","","1.0","","1","N","N","N","0","","1","0","0","","2","","","2","1","0","0","0","0","0","2","0","1","","03","","N","","","","","","","","","",""
"2022026251","0504","0","0","0","0","0","0","0","0","0","6","0","","67","2","2022","7","39.949842","-75.234286","0504","6","0","0","0","0","0","0","0","0","","0","0","0","","","0","N","0","","39 56:59.430","","0","75 14:03.430","0","0","0","0","67301","0","0","0","N","0","0","0","1","67301","0","","6.0","","1","N","N","N","0","","0","0","1","","0","","","2","0","0","0","0","0","0","2","1","2","","03","","N","","","","","","","","","",""
"2022045162","1556","1","0","0","0","0","0","0","0","0","4","0","","67","4","2022","7","40.039078","-75.144753","1546","6","0","0","0","0","0","0","0","0","","0","0","0","","","1","","1","","40 02:20.682","","0","75 08:41.109","8","0","0","0","67301","0","0","0","N","0","0","0","2","67508","0","","1.0","","1","N","N","Y","0","","0","0","1","","2","","","2","1","0","0","0","1","0","2","0","2","","03","","N","","","","","","","","","",""
"2022044072","2131","1","0","0","0","0","0","0","0","0","4","0","","67","5","2022","1","39.970586","-75.150888","2131","6","0","0","0","0","0","0","0","0","","0","0","0","","","2","","1","","39 58:14.110","","1","75 09:03.197","3","0","0","0","67301","0","0","0","N","0","0","0","2","67301","0","","1.0","","1","N","N","N","0","","1","0","1","","3","","","2","2","1","0","0","1","0","2","0","2","","","","N","","","","","","","","","",""
"2022047209","0925","0","0","0","0","0","0","0","0","0","5","0","","67","4","2022","7","40.002525","-75.133781","0920","6","0","0","0","0","0","0","0","0","","0","0","0","","","0","N","0","","40 00:09.090","","0","75 08:01.610","9","0","0","0","67301","0","0","0","N","0","0","0","1","67301","0","","6.0","","1","N","N","N","0","","0","0","2","","0","","","2","0","1","0","0","0","1","2","0","2","","","","N","","","","","","","","","",""