"CRN","ARRIVAL_TM","AUTOMOBILE_COUNT","BELTED_DEATH_COUNT","BELTED_SUSP_SERIOUS_INJ_COUNT","BICYCLE_COUNT","BICYCLE_DEATH_COUNT","BICYCLE_SUSP_SERIOUS_INJ_COUNT","BUS_COUNT","CHLDPAS_DEATH_COUNT","CHLDPAS_SUSP_SERIOUS_INJ_COUNT","COLLISION_TYPE","COMM_VEH_COUNT","CONS_ZONE_SPD_LIM","COUNTY","CRASH_MONTH","CRASH_YEAR","DAY_OF_WEEK","DEC_LATITUDE","DEC_LONGITUDE","DISPATCH_TM","DISTRICT","DRIVER_COUNT_16YR","DRIVER_COUNT_17YR","DRIVER_COUNT_18YR","DRIVER_COUNT_19YR","DRIVER_COUNT_20YR","DRIVER_COUNT_50_64YR","DRIVER_COUNT_65_74YR","DRIVER_COUNT_75PLUS","EST_HRS_CLOSED","FATAL_COUNT","HEAVY_TRUCK_COUNT","HORSE_BUGGY_COUNT","HOUR_OF_DAY","ILLUMINATION","INJURY_COUNT","INTERSECTION_RELATED","INTERSECT_TYPE","LANE_CLOSED","LATITUDE","LN_CLOSE_DIR","LOCATION_TYPE","LONGITUDE","MAX_SEVERITY_LEVEL","MCYCLE_DEATH_COUNT","MCYCLE_SUSP_SERIOUS_INJ_COUNT","MOTORCYCLE_COUNT","MUNICIPALITY","NONMOTR_COUNT","NONMOTR_DEATH_COUNT","NONMOTR_SUSP_SERIOUS_INJ_COUNT","NTFY_HIWY_MAINT","PED_COUNT","PED_DEATH_COUNT","PED_SUSP_SERIOUS_INJ_COUNT","PERSON_COUNT","POLICE_AGCY","POSSIBLE_INJ_COUNT","RDWY_SURF_TYPE_CD","RELATION_TO_ROAD","ROADWAY_CLEARED","ROAD_CONDITION","SCH_BUS_IND","SCH_ZONE_IND","SECONDARY_CRASH","SMALL_TRUCK_COUNT","SPEC_JURIS_CD","SUSP_MINOR_INJ_COUNT","SUSP_SERIOUS_INJ_COUNT","SUV_COUNT","TCD_FUNC_CD","TCD_TYPE","TFC_DETOUR_IND","TIME_OF_DAY","TOTAL_UNITS","TOT_INJ_COUNT","UNBELTED_OCC_COUNT","UNB_DEATH_COUNT","UNB_SUSP_SERIOUS_INJ_COUNT","UNK_INJ_DEG_COUNT","UNK_INJ_PER_COUNT","URBAN_RURAL","VAN_COUNT","VEHICLE_COUNT","WEATHER1","WEATHER2","WORKERS_PRES","WORK_ZONE_IND","WORK_ZONE_LOC","WORK_ZONE_TYPE","WZ_CLOSE_DETOUR","WZ_FLAGGER","WZ_LAW_OFFCR_IND","WZ_LN_CLOSURE","WZ_MOVING","WZ_OTHER","WZ_SHLDER_MDN","WZ_WORKERS_INJ_KILLED"
"2022043828","0330","1","0","0","0","0","0","0","0","0","1","0","","67","4","2022","7","39.965525","-75.151056","0322","6","0","0","0","1","0","1","0","0","","0","0","0","","","0","","1","","39 57:55.890","","0","75 09:03.801","0","0","0","0","67301","0","0","0","N","0","0","0","2","67301","0","","1.0","","1","N","N","N","0","","0","0","1","","3","","","2","0","0","0","0","0","0","2","0","2","","","","N","","","","","","","","","",""
"2022043976","2357","0","0","0","0","0","0","0","0","0","4","0","","67","4","2022","6","39.956071","-75.227708","2357","6","0","0","0","0","0","0","1","0","","0","0","0","","","0","","1","","39 57:21.855","","0","75 13:39.748","0","0","0","0","67301","0","0","0","N","0","0","0","4","67301","0","","1.0","","1","N","N","N","0","","0","0","1","","3","","","2","0","4","0","0","0","0","2","1","2","","03","","N","","","","","","","","","",""
"2022055583","0315","0","0","0","0","0","0","0","0","0","8","0","","67","4","2022","7","39.94822","-75.164563","0257","6","0","0","0","0","0","0","0","0","","1","0","0","","","0","","1","","39 56:53.591","","0","75 09:52.428","1","0","0","0","67301","1","1","0","N","1","1","0","2","67301","0","2","1.0","","1","N","N","N","0","0","0","0","1","","2","","","2","0","1","0","0","0","0","2","0","1","","03","","N","","","","","","","","","",""
"2022043839","1307","1","0","0","0","0","0","0","0","0","4","0","","67","5","2022","3","40.063013","-75.055012","1256","6","0","0","0","0","0","1","0","1","","0","0","0","","","1","","1","","40 03:46.848","","0","75 03:18.044","3","0","0","0","67301","0","0","0","N","0","0","0","2","67301","0","","1.0","","1","N","N","N","1","","1","0","0","","3","","","2","1","0","0","0","0","0","2","0","2","","","","N","","","","","","","","","",""
"2022044074","2340","2","0","0","0","0","0","0","0","0","7","0","","67","5","2022","2","39.971037","-75.121654","2333","6","0","0","0","1","0","0","0","0","","0","0","0","","","2","Y","0","","39 58:15.733","","0","75 07:17.956","3","0","0","0","67301","0","0","0","N","0","0","0","4","67301","0","","3.0","","1","N","N","N","0","","2","0","1","","2","","","3","2","0","0","0","0","0","2","0","3","","03","","N","","","","","","","","","",""
"2022020763","1153","0","0","0","0","0","0","0","0","0","6","0","","67","2","2022","4","40.013517","-75.141636","1149","6","0","0","0","0","0","0","0","0","","0","0","0","","","1","N","0","","40 00:48.660","","0","75 08:29.890","3","0","0","0","67301","0","0","0","N","0","0","0","3","67301","0","","1.0","","1","N","N","N","1","","1","0","1","","0","","","3","1","1","0","0","0","0","2","1","3","","04","","N","","","","","","","","","",""
"2022055621","1346","0","0","0","0","0","0","0","0","0","4","1","","67","6","2022","2","40.012552","-75.073222","1346","6","0","0","0","0","0","0","0","0","","0","1","0","","","0","","1","","40 00:45.188","1","0","75 04:23.599","0","0","0","0","67301","0","0","0","N","0","0","0","2","67301","0","","1.0","1348.0","1","N","N","N","0","","0","0","1","","2","N","","2","0","0","0","0","0","0","2","0","2","","","","N","","","","","","","","","",""
"2022044126","1840","2","0","0","0","0","0","0","0","0","1","0","","67","5","2022","4","40.001417","-75.152965","1823","6","0","0","0","0","0","0","0","0","","0","0","0","","","1","N","0","","40 00:05.101","2","0","75 09:10.673","3","0","0","0","67301","0","0","0","N","0","0","0","1","67301","0","","6.0","30.0","1","N","N","Y","0","","1","0","0","","0","N","","3","1","0","0","0","0","0","2","1","3","","03","","N","","","","","","","","","",""
"2022063122","0036","1","0","0","0","0","0","0","0","0","5","1","","67","5","2022","7","39.932391","-75.200151","0027","6","0","0","0","0","0","1","0","0","","0","1","0","","","0","N","0","","39 55:56.607","3","0","75 12:00.544","0","0","0","0","67301","0","0","0","N","0","0","0","2","68K01","0","","1.0","100.0","9","N","N","N","0","","0","0","0","","0","Y","","2","0","0","0","0","0","0","2","0","2","","","","N","","","","","","","","","",""
"2022047218","2211","1","0","0","0","0","0","0","0","0","8","0","","67","5","2022","4","39.991071","-75.132721","2209","6","0","0","0","0","0","0","0","0","","0","0","0","","","1","N","0","","39 59:27.854","","0","75 07:57.795","3","0","0","0","67301","1","0","0","N","1","0","0","2","67301","0","","1.0","","1","N","N","N","0","","1","0","0","","0","","","2","1","0","0","0","0","1","2","0","1","","03","","N","","","","","","","","","",""
"2022046408","","2","0","0","0","0","0","0","0","0","4","0","","67","2","2022","4","40.058467","-75.084218","","6","0","0","0","0","0","0","0","0","","0","0","0","","","1","","1","","40 03:30.481","","0","75 05:03.184","8","0","0","0","67301","0","0","0","N","0","0","0","2","00000","0","","1.0","","1","","","N","0","","0","0","0","","3","","","2","1","0","0","0","1","0","2","0","2","","","","N","","","","","","","","","",""
"2022065867","2156","2","0","0","0","0","0","0","0","0","4","0","","67","7","2022","1","40.055324","-75.073194","2152","6","0","0","0","1","0","1","0","0","","0","0","0","","","1","","1","","40 03:19.168","","0","75 04:23.497","3","0","0","0","67301","0","0","0","N","0","0","0","2","67301","0","","1.0","","1","N","N","N","0","","1","0","0","","2","","","2","1","1","0","0","0","1","2","0","2","","","","N","","","","","","","","","",""
"2022044042","2102","2","0","0","0","0","0","0","0","0","5","0","","67","4","2022","6","39.982794","-75.106656","2047","6","0","0","0","0","0","0","0","0","","0","0","0","","","0","N","0","","39 58:58.060","1","0","75 06:23.960","0","0","0","0","67301","0","0","0","N","0","0","0","1","67301","0","","6.0","100.0","1","N","N","N","0","","0","0","2","","0","N","","5","0","1","0","0","0","0","2","1","5","","03","","N","","","","","","","","","",""
"2022047161","2228","2","0","0","0","0","0","0","0","0","5","0","","67","4","2022","6","39.94535","-75.163456","2228","6","0","0","0","0","0","0","0","0","","0","0","0","","","0","N","0","","39 56:43.260","","0","75 09:48.440","0","0","0","0","67301","0","0","0","N","0","0","0","1","67301","0","","6.0","","1","N","N","N","0","","0","0","0","","0","","","2","0","0","0","0","0","0","2","0","2","","03","","N","","","","","","","","","",""
"2022043865","0132","1","0","0","0","0","0","0","0","0","5","0","","67","5","2022","3","39.947672","-75.17035","0130","6","0","0","0","0","0","0","0","0","","0","0","0","","","0","N","0","","39 56:51.620","","0","75 10:13.260","0","0","0","0","67301","0","0","0","N","0","0","0","1","67301","0","","6.0","","1","N","N","N","0","","0","0","2","","0","","","3","0","0","0","0","0","0","2","0","3","","03","","N","","","","","","","","","",""
"2022043797","0536","1","0","0","0","0","0","0","0","0","7","0","","67","5","2022","2","39.906812","-75.193655","0530","6","0","0","0","0","0","0","0","0","","0","0","0","","","2","N","0","","39 54:24.524","","0","75 11:37.159","3","0","0","0","67301","0","0","0","N","0","0","0","2","67301","0","","3.0","","1","N","N","N","0","","1","0","0","","0","","","1","2","0","0","0","1","0","2","0","1","","03","","N","","","","","","","","","",""
"2022055908","0837","2","0","0","0","0","0","0","0","0","1","0","","67","5","2022","6","39.979341","-75.204055","0830","6","0","0","0","0","0","1","0","0","","0","0","0","","","1","N","0","","39 58:45.628","3","0","75 12:14.598","3","0","0","0","67301","0","0","0","N","0","0","0","3","68K01","0","","1.0","920.0","1","N","N","N","0","","1","0","1","","0","N","","3","1","0","0","0","0","0","2","0","3","","","","N","","","","","","","","","",""
"2022019529","","1","0","0","0","0","0","0","0","0","4","0","","67","2","2022","4","39.885164","-75.250086","","6","0","0","0","0","0","1","0","0","","0","0","0","","","1","","2","","39 53:06.592","","0","75 15:00.311","8","0","0","0","67301","0","0","0","N","0","0","0","2","00000","0","","1.0","","1","N","N","N","0","","0","0","0","","1","","","2","1","0","0","0","1","0","2","0","2","","","","N","","","","","","","","","",""
"2022043997","1603","3","0","0","0","0","0","0","0","0","1","0","","67","5","2022","4","39.988543","-75.182945","1559","6","0","0","0","0","0","1","0","0","","0","0","0","","","1","N","0","","39 59:18.754","6","0","75 10:58.602","8","0","0","0","67301","0","0","0","N","0","0","0","3","67301","0","","1.0","1800.0","1","N","N","N","0","","0","0","0","","0","Y","","3","1","2","0","0","1","0","2","0","3","","04","","N","","","","","","","","","",""
"2022043902","2028","1","0","0","0","0","0","0","0","0","4","0","","67","4","2022","7","40.051422","-75.16338","2028","6","0","0","0","0","0","0","0","0","","0","0","0","","","2","","1","","40 03:05.119","","0","75 09:48.167","4","0","0","0","67301","0","0","0","N","0","0","0","5","67301","2","","1.0","","1","N","N","N","1","","0","0","0","","2","","","2","2","0","0","0","0","0","2","0","2","","","","N","","","","","","","","","",""
"2022055742","0918","2","0","0","0","0","0","0","0","0","1","1","","67","6","2022","2","40.050026","-75.086169","0915","6","0","0","0","0","0","1","0","1","","0","1","0","","","1","","2","","40 03:00.094","","0","75 05:10.208","8","0","0","0","67301","0","0","0","N","0","0","0","4","67301","0","","1.0","","1","N","N","N","1","","0","0","0","","2","","","4","1","0","0","0","1","0","2","0","4","","","","N","","","","","","","","","",""
"2022044117","1730","0","0","0","0","0","0","0","0","0","7","0","","67","5","2022","1","40.001572","-75.185481","1723","6","0","0","0","0","0","0","0","0","","0","0","0","","","1","N","0","","40 00:05.659","","0","75 11:07.730","3","0","0","0","67301","0","0","0","N","0","0","0","1","67301","0","","4.0","","9","N","N","N","0","","1","0","1","","0","","","1","1","0","0","0","0","0","2","0","1","","07","","N","","","","","","","","","",""
"2022055594","1800","1","0","0","0","0","0","0","0","0","4","0","","67","6","2022","3","39.947508","-75.223353","1753","6","0","0","0","0","0","1","0","0","","0","0","0","","","0","N","0","","39 56:51.030","","0","75 13:24.070","0","0","0","0","67301","0","0","0","N","0","0","0","2","67301","0","","1.0","","1","N","N","N","1","","0","0","1","","0","","","3","0","1","0","0","0","0","2","0","3","","","","N","","","","","","","","","",""
"2022053885","0016","2","0","0","0","0","0","0","0","0","5","0","","67","4","2022","1","39.979496","-75.106777","0007","6","0","0","0","0","0","0","0","0","","0","0","0","","","0","N","0","","39 58:46.185","1","0","75 06:24.398","0","0","0","0","67301","0","0","0","N","0","0","0","3","68K02","0","","1.0","100.0","1","N","N","N","0","","0","0","1","","0","N","","4","0","0","0","0","0","0","2","0","3","","","","N","","","","","","","","","",""
"2022049673","0750","3","0","0","0","0","0","0","0","0","5","0","","67","5","2022","5","39.949992","-75.223044","0744","6","0","0","0","0","0","0","0","0","","0","0","0","","","0","N","0","","39 56:59.970","","0","75 13:22.960","0","0","0","0","67301","0","0","0","N","0","0","0","1","67301","0","","6.0","","1","N","N","N","0","","0","0","0","","0","","","3","0","0","0","0","0","0","2","0","3","","03","","N","","","","","","","","","",""
"2022043850","2140","2","0","0","0","0","0","0","0","0","4","0","","67","5","2022","1","40.095744","-74.959369","2132","6","0","0","0","0","0","0","0","0","","0","0","0","","","0","N","0","","40 05:44.680","","0","74 57:33.728","0","0","0","0","67301","0","0","0","N","0","0","0","2","67301","0","","1.0","","1","N","N","N","0","","0","0","0","","0","","","2","0","0","0","0","0","0","2","0","2","","03","","N","","","","","","","","","",""
"2022044053","2020","1","0","0","0","0","0","0","0","0","8","0","","67","4","2022","7","40.014361","-75.14625","2018","6","0","0","0","0","0","1","0","0","","0","0","0","","","1","N","0","","40 00:51.700","","0","75 08:46.500","3","0","0","0","67301","1","0","0","N","1","0","0","2","67301","0","","1.0","","1","N","N","N","0","","1","0","0","","0","","","2","1","0","0","0","0","0","2","0","1","","03","","N","","","","","","","","","",""
"2022040475","0405","0","0","0","0","0","0","0","0","0","1","0","35","67","4","2022","7","39.9875","-75.071667","0405","6","0","0","0","0","0","0","0","0","","0","0","0","","","1","N","0","","39 59:15.000","4","3","75 04:18.000","3","0","0","0","67301","0","0","0","N","0","0","0","5","67501","0","","1.0","0.0","1","N","N","N","1","","1","0","1","","0","N","","2","1","0","0","0","0","0","2","0","2","","","N","Y","4","1","","","N","Y","","","","N"
"2022055563","1225","1","0","0","0","0","0","1","0","0","4","1","","67","6","2022","5","39.954472","-75.148417","1220","6","0","0","0","0","0","0","1","0","","0","0","0","","","0","N","0","","39 57:16.100","","7","75 08:54.300","0","0","0","0","67301","0","0","0","N","0","0","0","2","67301","0","","1.0","","1","N","N","N","0","","0","0","0","","0","","","2","0","0","0","0","0","0","2","0","2","","03","","N","","","","","","","","","",""
"2022041149","0544","0","0","0","0","0","0","0","0","0","4","0","","67","5","2022","3","40.005998","-75.151969","0543","6","0","0","0","0","0","2","0","0","","0","0","0","","","1","N","0","","40 00:21.591","","0","75 09:07.089","3","0","0","0","67301","0","0","0","N","0","0","0","4","67505","0","","1.0","","1","N","N","N","0","","1","0","2","","0","","","2","1","0","0","0","0","0","2","0","2","","","","N","","","","","","","","","",""
"2022066296","0309","0","0","0","0","0","0","0","0","0","7","0","","67","6","2022","1","39.936808","-75.199181","0258","6","0","0","0","0","0","0","0","0","","0","0","0","","","1","N","0","","39 56:12.508","","0","75 11:57.051","3","0","0","0","67301","0","0","0","N","0","0","0","1","68K01","0","","4.0","","1","N","N","N","0","","1","0","1","","0","","","1","1","1","0","0","0","0","2","0","1","","03","","N","","","","","","","","","",""
"2022044123","0124","0","0","0","0","0","0","0","0","0","7","0","","67","5","2022","4","40.003693","-75.181291","0119","6","0","0","0","0","0","0","0","0","","0","0","0","","","0","","5","","40 00:13.296","","0","75 10:52.648","9","0","0","0","67301","0","0","0","N","0","0","0","1","67301","0","","4.0","","1","N","N","N","0","","0","0","1","","2","","","1","0","0","0","0","0","1","2","0","1","","03","","N","","","","","","","","","",""
"2022055664","2347","1","0","0","1","0","0","0","0","0","8","0","","67","6","2022","4","39.979156","-75.13749","2337","6","0","0","0","0","0","0","0","0","","0","0","0","","","1","","1","","39 58:44.962","","0","75 08:14.965","3","0","0","0","67301","1","0","0","N","0","0","0","1","67301","0","","1.0","","1","N","N","N","0","","1","0","0","","0","","","2","1","0","0","0","0","0","2","0","1","","03","","N","","","","","","","","","",""
"2022043819","","1","0","0","0","0","0","0","0","0","4","0","","67","2","2022","7","40.045003","-75.123562","","6","0","0","0","0","0","1","0","0","","0","0","0","","","2","","1","","40 02:42.011","","0","75 07:24.823","8","0","0","0","67301","0","0","0","N","0","0","0","2","00000","0","","1.0","","1","","","N","1","","0","0","0","","2","","","2","2","0","0","0","2","0","2","0","2","","","","N","","","","","","","","","",""
"2022056511","0134","2","0","0","0","0","0","0","0","0","1","0","","67","5","2022","7","40.003517","-75.077188","0134","6","0","0","0","0","0","0","0","0","","0","0","0","","","0","N","0","","40 00:12.661","","0","75 04:37.877","0","0","0","0","67301","0","0","0","Y","0","0","0","2","68K01","0","","1.0","","9","N","N","N","0","","0","0","0","","0","","","2","0","0","0","0","0","0","2","0","2","","07","","N","","","","","","","","","",""
"2022056359","2105","1","0","0","0","0","0","0","0","0","5","0","","67","6","2022","2","39.996649","-75.175534","2057","6","0","0","0","0","0","0","0","1","","0","0","0","","","2","","1","","39 59:47.935","","0","75 10:31.923","3","0","0","0","67301","0","0","0","N","0","0","0","3","67301","0","","2.0","","1","N","N","N","0","","2","0","0","","2","","","2","2","0","0","0","0","1","2","1","2","","","","N","","","","","","","","","",""
"2022037147","","1","0","0","0","0","0","0","0","0","4","0","","67","2","2022","6","39.982517","-75.151592","","6","0","0","0","0","0","0","0","0","","0","0","0","","","2","","1","","39 58:57.061","","0","75 09:05.731","8","0","0","0","67301","0","0","0","N","0","0","0","3","00000","0","","1.0","","1","N","N","N","0","","0","0","0","","2","","","2","2","0","0","0","2","0","2","1","2","","","","N","","","","","","","","","",""
"2022055617","0920","1","0","0","0","0","0","1","0","0","5","1","","67","6","2022","6","40.018087","-75.047113","0845","6","0","0","0","0","0","0","0","0","","0","0","0","","","0","","3","","40 01:05.113","2","0","75 02:49.606","0","0","0","0","67301","0","0","0","N","0","0","0","7","67301","0","","1.0","1025.0","1","Y","N","N","0","","0","0","0","","2","N","","2","0","0","0","0","0","0","2","0","2","","03","","N","","","","","","","","","",""
"2022054451","0220","1","0","0","0","0","0","0","0","0","7","0","","67","4","2022","7","39.960006","-75.178881","0217","6","0","0","0","0","0","0","0","0","","0","0","0","","","1","N","0","","39 57:36.022","4","0","75 10:43.970","4","0","0","0","67301","0","0","0","N","0","0","0","2","68K01","1","","4.0","232.0","1","N","N","N","0","","0","0","0","","0","N","","1","1","0","0","0","0","0","2","0","1","","","","N","","","","","","","","","",""
"2022055545","0435","2","0","0","0","0","0","0","0","0","4","0","","67","6","2022","7","40.02958","-75.103989","0435","6","0","0","0","0","0","0","0","0","","0","0","0","","","0","","5","","40 01:46.488","5","0","75 06:14.359","0","0","0","0","67301","0","0","0","N","0","0","0","2","67301","0","","1.0","520.0","1","N","N","N","0","","0","0","0","","2","N","","2","0","0","0","0","0","0","2","0","2","","","","N","","","","","","","","","",""
"2022055951","1903","1","0","0","0","0","0","0","0","0","1","0","","67","6","2022","7","39.958274","-75.165008","1855","6","0","0","0","0","0","2","0","0","","0","0","0","","","0","N","0","","39 57:29.786","","0","75 09:54.029","0","0","0","0","67301","0","0","0","N","0","0","0","15","68K01","0","","1.0","","1","N","N","N","1","","0","0","2","","0","","","4","0","0","0","0","0","0","2","0","4","","03","","N","","","","","","","","","",""
"2022054592","2344","1","0","0","0","0","0","0","0","0","7","0","","67","5","2022","1","39.956888","-75.155197","2335","6","0","0","0","0","0","0","0","0","","0","0","0","","","1","N","0","","39 57:24.795","3","0","75 09:18.708","4","0","0","0","67301","0","0","0","N","0","0","0","2","68K01","1","","4.0","1208.0","1","N","N","N","0","","0","0","0","","0","N","","1","1","0","0","0","0","0","2","0","1","","","","N","","","","","","","","","",""
"2022044091","0901","1","0","0","0","0","0","0","0","0","4","0","","67","4","2022","6","40.051184","-75.147006","0900","6","0","0","0","0","0","0","0","0","","0","0","0","","","0","","2","","40 03:04.262","","0","75 08:49.221","0","0","0","0","67301","0","0","0","N","0","0","0","2","67301","0","","1.0","","1","N","N","N","0","","0","0","1","","3","","","2","0","0","0","0","0","0","2","0","2","","03","","N","","","","","","","","","",""
"2022019687","2110","2","0","0","0","0","0","0","0","0","5","0","","67","2","2022","2","39.976772","-75.160028","2057","6","0","0","0","0","0","0","0","0","","0","0","0","","","0","N","0","","39 58:36.380","2","0","75 09:36.100","0","0","0","0","67301","0","0","0","N","0","0","0","1","67301","0","","6.0","2322.0","1","N","N","Y","0","","0","0","1","","0","Y","","3","0","0","0","0","0","0","2","0","3","","03","","N","","","","","","","","","",""
"2022056058","1758","0","0","0","0","0","0","0","0","0","7","0","","67","6","2022","4","40.05423","-74.983796","1752","6","0","0","0","0","0","1","0","0","","0","0","0","","","1","","2","","40 03:15.228","","3","74 59:01.665","3","0","0","0","67301","0","0","0","N","0","0","0","1","67301","0","","4.0","","1","N","N","N","0","","1","0","1","","0","","","1","1","0","0","0","0","0","2","0","1","","03","","N","","","","","","","","","",""
"2022024069","","0","0","0","0","0","0","0","0","0","4","0","","67","2","2022","6","40.010726","-75.15081","","6","0","0","0","0","0","0","0","0","","0","0","0","","","1","","1","","40 00:38.613","","0","75 09:02.915","8","0","0","0","67301","0","0","0","N","0","0","0","2","00000","0","","1.0","","1","","","N","0","","0","0","2","","2","","","2","1","0","0","0","1","0","2","0","2","","","","N","","","","","","","","","",""
"2022043988","1341","1","0","0","0","0","0","0","0","0","4","0","","67","5","2022","2","39.973888","-75.224067","1334","6","0","0","0","0","0","0","2","0","","0","0","0","","","1","","1","","39 58:25.996","","0","75 13:26.641","3","0","0","0","67301","0","0","0","N","0","0","0","2","67301","0","","1.0","","99","N","N","N","0","","1","0","0","","3","","","2","1","1","0","0","0","1","2","1","2","","","","N","","","","","","","","","",""
"2022043974","2138","1","0","0","0","0","0","0","0","0","4","0","","67","4","2022","6","39.954461","-75.238278","2138","6","0","0","0","0","0","1","0","0","","0","0","0","","","1","","1","","39 57:16.059","","0","75 14:17.800","3","0","0","0","67301","0","0","0","N","0","0","0","3","67301","0","","1.0","","1","N","N","N","0","","1","0","1","","3","","","2","1","0","0","0","0","0","2","0","2","","","","N","","","","","","","","","",""
"2022055588","0220","1","0","0","0","0","0","0","0","0","1","1","","67","6","2022","5","39.892714","-75.222848","0208","6","0","0","0","0","0","0","1","0","","0","1","0","","","0","","2","","39 53:33.770","3","0","75 13:22.252","0","0","0","0","67301","0","0","0","N","0","0","0","3","67301","0","","1.0","400.0","9","N","N","N","0","","0","0","0","","2","Y","","2","0","0","0","0","0","0","2","0","2","","07","","N","","","","","","","","","",""
"2022049518","1415","1","0","0","0","0","0","0","0","0","4","1","","67","5","2022","4","39.991898","-75.109332","1355","6","0","0","0","1","0","1","0","0","","0","1","0","","","1","","2","","39 59:30.833","","0","75 06:33.594","4","0","0","0","67301","0","0","0","N","0","0","0","2","67508","1","","1.0","","1","N","N","Y","0","","0","0","0","","3","","","2","1","0","0","0","0","0","2","0","2","","03","","N","","","","","","","","","",""
"2022050551","1356","2","0","0","0","0","0","0","0","0","2","0","","67","5","2022","7","39.956629","-75.198022","1352","6","0","0","0","0","0","0","0","0","","0","0","0","","","1","","1","","39 57:23.865","","0","75 11:52.879","8","0","0","0","67301","0","0","0","N","0","0","0","2","67301","0","","1.0","","1","N","N","N","0","","0","0","0","","2","","","2","1","0","0","0","1","1","2","0","2","","04","","N","","","","","","","","","",""
"2022054610","0223","1","0","0","0","0","0","0","0","0","7","0","","67","6","2022","5","39.986062","-75.208202","0222","6","0","0","0","0","0","0","0","0","","0","0","0","","","0","N","0","","39 59:09.823","","0","75 12:29.527","0","0","0","0","67301","0","0","0","N","0","0","0","2","68K01","0","","4.0","","9","N","N","N","0","","0","0","0","","0","","","1","0","0","0","0","0","0","2","0","1","","","","N","","","","","","","","","",""
"2022043940","2237","1","0","0","0","0","0","0","0","0","5","0","","67","5","2022","2","40.039919","-75.046332","2235","6","0","1","0","0","0","0","0","0","","0","0","0","","","0","N","0","","40 02:23.709","","0","75 02:46.796","0","0","0","0","67301","0","0","0","N","0","0","0","4","67301","0","","1.0","","1","N","N","N","0","","0","0","2","","0","","","3","0","3","0","0","0","0","2","0","3","","03","","N","","","","","","","","","",""
"2022043958","1600","0","0","0","0","0","0","0","0","0","1","0","","67","5","2022","1","39.937869","-75.166816","1600","6","0","0","0","0","0","1","0","0","","0","0","0","","","1","","1","","39 56:16.329","","0","75 10:00.536","3","0","0","0","67301","0","0","0","N","0","0","0","2","67301","0","","1.0","","99","N","N","N","0","","1","0","2","","2","","","2","1","0","0","0","0","0","2","0","2","","","","N","","","","","","","","","",""
"2022043703","1055","1","0","0","0","0","0","0","0","0","1","0","","67","5","2022","1","39.941575","-75.194381","1029","6","0","0","0","0","0","1","0","0","","0","0","0","","","0","N","0","","39 56:29.671","4","3","75 11:39.771","0","0","0","0","67301","0","0","0","N","0","0","0","5","68K01","0","","1.0","1100.0","1","N","N","N","0","","0","0","2","","8","N","","3","0","0","0","0","0","0","2","0","3","","","","N","","","","","","","","","",""
"2022055283","1523","1","0","0","0","0","0","0","0","0","5","0","","67","5","2022","6","39.894028","-75.195282","1450","6","0","0","0","0","0","0","0","0","","0","0","0","","","0","N","0","","39 53:38.499","","0","75 11:43.014","0","0","0","0","67301","0","0","0","N","0","0","0","2","68K01","0","","1.0","","8","N","N","N","0","","0","0","1","","0","","","2","0","0","0","0","0","0","2","0","2","","07","","N","","","","","","","","","",""
"2022063052","0234","1","0","0","0","0","0","0","0","0","1","0","","67","3","2022","1","39.975554","-75.22321","0234","6","0","0","0","0","0","1","0","0","","0","0","0","","","2","N","0","","39 58:31.996","6","0","75 13:23.555","8","0","0","0","67301","0","0","0","N","0","0","0","3","67301","0","","1.0","30.0","1","N","N","N","0","","0","0","1","","0","Y","","2","2","0","0","0","2","0","2","0","2","","03","","N","","","","","","","","","",""
"2022055635","2024","1","0","0","0","0","0","0","0","0","4","0","","67","6","2022","3","39.953993","-75.229997","2024","6","0","0","0","1","0","0","0","0","","0","0","0","","","0","","1","","39 57:14.376","","0","75 13:47.990","0","0","0","0","67301","0","0","0","N","0","0","0","2","67301","0","","1.0","","1","N","N","N","0","","0","0","1","","2","","","2","0","0","0","0","0","0","2","0","2","","","","N","","","","","","","","","",""
"2022043998","1933","1","0","0","0","0","0","0","0","0","8","0","","67","5","2022","4","39.9837","-75.184783","1918","6","0","0","0","0","0","0","0","0","","0","0","0","","","1","","1","","39 59:01.320","","0","75 11:05.218","8","0","0","0","67301","1","0","0","N","1","0","0","2","67301","0","","1.0","","1","N","N","N","0","","0","0","0","","3","","","2","1","0","0","0","1","0","2","0","1","","","","N","","","","","","","","","",""
"2022055644","1322","0","0","0","0","0","0","0","0","0","5","1","","67","6","2022","5","39.978729","-75.158224","1321","6","0","0","0","0","0","1","0","0","","0","1","0","","","1","N","0","","39 58:43.426","","0","75 09:29.608","4","0","0","0","67301","0","0","0","N","0","0","0","2","67301","1","","6.0","","1","N","N","N","0","","0","0","1","","0","","","2","1","0","0","0","0","0","2","0","2","","03","","N","","","","","","","","","",""
"2022032878","1241","2","0","0","0","0","0","0","0","0","4","0","","67","4","2022","6","39.907198","-75.228147","1239","6","0","0","0","0","0","0","0","0","","0","0","0","","","2","","2","","39 54:25.912","2","0","75 13:41.329","3","0","0","0","67301","0","0","0","N","0","0","0","3","67301","0","","1.0","1300.0","1","N","N","N","0","","2","0","1","","0","N","","3","2","0","0","0","0","0","2","0","3","","","","N","","","","","","","","","",""
"2022048643","1411","0","0","0","0","0","0","0","0","0","1","0","","67","5","2022","1","40.014483","-75.055131","1355","6","0","0","0","0","0","1","0","0","","0","0","0","","","3","N","0","","40 00:52.139","","0","75 03:18.470","3","0","0","0","67301","0","0","0","N","0","0","0","4","68K01","0","","1.0","","1","N","N","N","0","","1","0","2","","0","","","2","3","0","0","0","2","0","2","0","2","","03","","N","","","","","","","","","",""