"CRN","ARRIVAL_TM","AUTOMOBILE_COUNT","BELTED_DEATH_COUNT","BELTED_SUSP_SERIOUS_INJ_COUNT","BICYCLE_COUNT","BICYCLE_DEATH_COUNT","BICYCLE_SUSP_SERIOUS_INJ_COUNT","BUS_COUNT","CHLDPAS_DEATH_COUNT","CHLDPAS_SUSP_SERIOUS_INJ_COUNT","COLLISION_TYPE","COMM_VEH_COUNT","CONS_ZONE_SPD_LIM","COUNTY","CRASH_MONTH","CRASH_YEAR","DAY_OF_WEEK","DEC_LATITUDE","DEC_LONGITUDE","DISPATCH_TM","DISTRICT","DRIVER_COUNT_16YR","DRIVER_COUNT_17YR","DRIVER_COUNT_18YR","DRIVER_COUNT_19YR","DRIVER_COUNT_20YR","DRIVER_COUNT_50_64YR","DRIVER_COUNT_65_74YR","DRIVER_COUNT_75PLUS","EST_HRS_CLOSED","FATAL_COUNT","HEAVY_TRUCK_COUNT","HORSE_BUGGY_COUNT","HOUR_OF_DAY","ILLUMINATION","INJURY_COUNT","INTERSECTION_RELATED","INTERSECT_TYPE","LANE_CLOSED","LATITUDE","LN_CLOSE_DIR","LOCATION_TYPE","LONGITUDE","MAX_SEVERITY_LEVEL","MCYCLE_DEATH_COUNT","MCYCLE_SUSP_SERIOUS_INJ_COUNT","MOTORCYCLE_COUNT","MUNICIPALITY","NONMOTR_COUNT","NONMOTR_DEATH_COUNT","NONMOTR_SUSP_SERIOUS_INJ_COUNT","NTFY_HIWY_MAINT","PED_COUNT","PED_DEATH_COUNT","PED_SUSP_SERIOUS_INJ_COUNT","PERSON_COUNT","POLICE_AGCY","POSSIBLE_INJ_COUNT","RDWY_SURF_TYPE_CD","RELATION_TO_ROAD","ROADWAY_CLEARED","ROAD_CONDITION","SCH_BUS_IND","SCH_ZONE_IND","SECONDARY_CRASH","SMALL_TRUCK_COUNT","SPEC_JURIS_CD","SUSP_MINOR_INJ_COUNT","SUSP_SERIOUS_INJ_COUNT","SUV_COUNT","TCD_FUNC_CD","TCD_TYPE","TFC_DETOUR_IND","TIME_OF_DAY","TOTAL_UNITS","TOT_INJ_COUNT","UNBELTED_OCC_COUNT","UNB_DEATH_COUNT","UNB_SUSP_SERIOUS_INJ_COUNT","UNK_INJ_DEG_COUNT","UNK_INJ_PER_COUNT","URBAN_RURAL","VAN_COUNT","VEHICLE_COUNT","WEATHER1","WEATHER2","WORKERS_PRES","WORK_ZONE_IND","WORK_ZONE_LOC","WORK_ZONE_TYPE","WZ_CLOSE_DETOUR","WZ_FLAGGER","WZ_LAW_OFFCR_IND","WZ_LN_CLOSURE","WZ_MOVING","WZ_OTHER","WZ_SHLDER_MDN","WZ_WORKERS_INJ_KILLED"
"2022044051","0041","1","0","0","0","0","0","0","0","0","5","0","","67","4","2022","6","40.01384","-75.12598","0041","6","0","0","0","0","0","0","0","0","","0","0","0","","","2","","1","","40 00:49.823","6","0","75 07:33.528","2","0","1","1","67301","0","0","0","N","0","0","0","2","67301","0","","1.0","127.0","1","N","N","N","0","","1","1","0","","2","Y","","2","2","1","0","0","0","0","2","0","2","","03","","N","","","","","","","","","",""
"2022024873","0104","2","0","0","0","0","0","0","0","0","4","0","","67","3","2022","6","40.003681","-75.169078","0100","6","0","0","0","0","0","0","0","0","","0","0","0","","","1","","5","","40 00:13.253","","0","75 10:08.679","3","0","0","0","67301","0","0","0","N","0","0","0","2","67301","0","","1.0","","1","N","N","N","0","","1","0","0","","2","","","2","1","0","0","0","0","0","2","0","2","","03","","N","","","","","","","","","",""
"2022043978","1952","0","0","0","0","0","0","0","0","0","5","0","","67","5","2022","3","39.949472","-75.243556","1950","6","0","0","0","0","0","0","0","0","","0","0","0","","","0","N","0","","39 56:58.100","","0","75 14:36.800","0","0","0","0","67301","0","0","0","N","0","0","0","1","67301","0","","6.0","","1","N","N","N","0","","0","0","3","","0","","","3","0","0","0","0","0","0","2","0","3","","","","N","","","","","","","","","",""
"2022065090","1806","1","0","0","1","0","0","0","0","0","8","0","","67","6","2022","3","39.947188","-75.164787","1802","6","0","0","0","0","0","0","1","0","","0","0","0","","","1","N","0","","39 56:49.878","","0","75 09:53.233","3","0","0","0","67301","1","0","0","N","0","0","0","2","67301","0","","1.0","","1","N","N","N","0","","1","0","0","","0","","","2","1","0","0","0","0","0","2","0","1","","","","N","","","","","","","","","",""
"2022048174","0744","1","0","0","0","0","0","0","0","0","1","0","","67","3","2022","5","39.957572","-75.15021","0725","6","0","0","0","0","0","0","0","0","","0","0","0","","","0","N","0","","39 57:27.260","","0","75 09:00.755","0","0","0","0","67301","0","0","0","N","0","0","0","3","68Z99","0","","1.0","","9","N","N","N","0","","0","0","1","","0","","","2","0","0","0","0","0","0","2","0","2","","03","","N","","","","","","","","","",""
"2022050572","0420","2","0","0","0","0","0","0","0","0","5","0","","67","4","2022","4","40.052661","-75.141654","0420","6","0","0","0","0","0","0","0","0","","0","0","0","","","0","N","0","","40 03:09.581","","0","75 08:29.953","9","0","0","0","67301","0","0","0","N","0","0","0","1","67301","0","","6.0","","1","N","N","N","0","","0","0","1","","0","","","3","0","0","0","0","0","1","2","0","3","","03","","N","","","","","","","","","",""
"2022043810","0915","0","0","0","0","0","0","0","0","0","4","0","","67","4","2022","5","39.915392","-75.15984","0910","6","0","0","0","0","0","0","0","0","","0","0","0","","","1","","1","","39 54:55.412","","0","75 09:35.425","3","0","0","0","67301","0","0","0","N","0","0","0","3","67301","0","","1.0","","1","N","N","N","0","","1","0","1","","2","","","2","1","0","0","0","0","0","2","1","2","","","","N","","","","","","","","","",""
"2022051789","0521","0","0","0","0","0","0","0","0","0","7","0","","67","4","2022","5","39.932707","-75.200184","0513","6","0","0","0","0","0","0","0","0","","0","0","0","","","1","N","0","","39 55:57.746","3","0","75 12:00.663","4","0","0","0","67301","0","0","0","N","0","0","0","1","68K01","1","","4.0","600.0","1","N","N","N","0","","0","0","1","","0","Y","","1","1","0","0","0","0","0","2","0","1","","","","N","","","","","","","","","",""
"2022050483","","1","0","0","0","0","0","0","0","0","4","0","","67","2","2022","5","40.038586","-75.142576","","6","0","0","0","0","0","0","0","0","","0","0","0","","","1","","1","","40 02:18.911","","0","75 08:33.275","8","0","0","0","67301","0","0","0","N","0","0","0","2","00000","0","","1.0","","9","N","N","N","0","","0","0","1","","2","","","2","1","0","0","0","1","0","2","0","2","","","","N","","","","","","","","","",""
"2022063045","0000","3","0","0","0","0","0","0","0","0","5","0","","67","5","2022","7","39.950558","-75.214786","2358","6","0","0","0","0","0","0","0","0","","0","0","0","","","1","N","0","","39 57:02.010","","0","75 12:53.230","8","0","0","0","67301","0","0","0","N","0","0","0","2","67301","0","","6.0","","1","N","N","N","0","","0","0","0","","0","","","3","1","0","0","0","1","0","2","0","3","","03","","N","","","","","","","","","",""
"2022057681","","0","0","0","0","0","0","0","0","0","5","0","","67","3","2022","4","40.06115","-75.083271","","6","0","0","0","0","0","0","0","0","","0","0","0","","","1","N","0","","40 03:40.139","","0","75 04:59.776","8","0","0","0","67301","0","0","0","N","0","0","0","2","00000","0","","1.0","","1","","","N","0","","0","0","1","","0","","","2","1","0","0","0","1","0","2","1","2","","","","N","","","","","","","","","",""
"2022055909","0942","0","0","0","0","0","0","0","0","0","7","0","","67","5","2022","7","39.957142","-75.144361","0942","6","0","0","0","0","0","0","0","0","","0","0","0","","","0","","7","","39 57:25.710","4","2","75 08:39.698","0","0","0","0","67301","0","0","0","N","0","0","0","1","68K01","0","","4.0","955.0","1","N","N","N","0","","0","0","1","","0","N","","1","0","0","0","0","0","0","2","0","1","","03","","N","","","","","","","","","",""
"2022024247","1841","1","0","0","0","0","0","0","0","0","1","0","","67","3","2022","3","40.009184","-75.071642","1825","6","0","0","0","0","0","1","0","0","","0","0","0","","","0","N","0","","40 00:33.061","1","0","75 04:17.911","0","0","0","0","67301","0","0","0","N","0","0","0","3","67301","0","","1.0","1900.0","1","N","N","N","0","","0","0","1","","0","N","","3","0","0","0","0","0","0","2","1","3","","","","N","","","","","","","","","",""
"2022043709","2250","1","0","0","0","0","0","0","0","0","1","0","","67","5","2022","2","39.969091","-75.126797","2247","6","0","0","0","0","0","1","0","0","","0","0","0","","","2","N","0","","39 58:08.727","","3","75 07:36.468","8","0","0","0","67301","0","0","0","N","0","0","0","2","68K01","0","","2.0","","1","N","N","N","1","","0","0","0","","0","","","2","2","2","0","0","2","0","2","0","2","","","","N","","","","","","","","","",""
"2022043959","2106","0","0","0","0","0","0","0","0","0","8","0","","67","5","2022","1","39.936227","-75.170447","2105","6","0","0","0","0","0","0","0","0","","0","0","0","","","1","","1","","39 56:10.417","","0","75 10:13.609","4","0","0","0","67301","1","0","0","N","1","0","0","2","67301","1","","1.0","","99","N","N","N","0","","0","0","1","","3","","","2","1","0","0","0","0","0","2","0","1","","","","N","","","","","","","","","",""
"2022064021","2110","0","0","0","0","0","0","0","0","0","98","0","","67","7","2022","1","39.87666","-75.261136","2110","6","0","0","0","0","0","0","0","0","","0","0","0","","","1","N","0","","39 52:35.975","","0","75 15:40.090","3","0","0","1","67301","0","0","0","N","0","0","0","1","67301","0","","1.0","","1","N","N","N","0","","1","0","0","","0","","","1","1","0","0","0","0","0","2","0","1","","03","","N","","","","","","","","","",""
"2022050526","1903","2","0","0","0","0","0","0","0","0","4","0","","67","5","2022","7","39.941575","-75.142138","1856","6","0","0","0","0","0","0","0","0","","0","0","0","","","0","","2","","39 56:29.671","","2","75 08:31.695","0","0","0","0","67301","0","0","0","N","0","0","0","3","67301","0","","1.0","","1","N","N","N","0","","0","0","0","","2","","","2","0","0","0","0","0","0","2","0","2","","03","","N","","","","","","","","","",""
"2022063159","1612","2","0","0","0","0","0","0","0","0","1","0","","67","7","2022","2","39.966362","-75.187187","1612","6","0","0","0","0","0","0","0","0","","0","0","0","","","0","N","0","","39 57:58.902","","0","75 11:13.874","0","0","0","0","67301","0","0","0","N","0","0","0","3","68K01","0","","1.0","","1","N","N","N","0","","0","0","0","","0","","","2","0","0","0","0","0","0","2","0","2","","","","N","","","","","","","","","",""
"2022049898","1620","0","0","0","0","0","0","0","0","0","7","0","","67","5","2022","7","40.015828","-75.141244","1620","6","0","0","0","0","0","0","0","0","","0","0","0","","","0","N","0","","40 00:56.980","4","0","75 08:28.480","0","0","0","1","67301","0","0","0","N","0","0","0","1","67301","0","","4.0","1800.0","1","N","N","N","0","","0","0","0","","0","Y","","1","0","0","0","0","0","0","2","0","1","","03","","N","","","","","","","","","",""
"2022050522","1616","1","0","0","0","0","0","0","0","0","1","0","","67","5","2022","4","39.963325","-75.149475","1614","6","0","0","0","0","0","0","0","0","","0","0","0","","","4","N","0","","39 57:47.970","","0","75 08:58.110","4","0","0","0","67301","0","0","0","N","0","0","0","5","67301","4","","1.0","","1","N","N","N","0","","0","0","1","","0","","","2","4","0","0","0","0","0","2","0","2","","03","","N","","","","","","","","","",""
"2022063844","1108","0","0","0","0","0","0","0","0","0","3","1","","67","7","2022","3","39.972591","-75.193421","1100","6","0","0","0","0","0","1","0","0","","0","1","0","","","0","N","0","","39 58:21.329","4","2","75 11:36.314","0","0","0","0","67301","0","0","0","N","0","0","0","2","68K01","0","","1.0","45.0","1","N","N","N","0","","0","0","0","","0","Y","","2","0","0","0","0","0","0","2","1","2","","03","","N","","","","","","","","","",""
"2022046394","","0","0","0","0","0","0","0","0","0","1","0","","67","3","2022","1","","","","6","0","0","0","0","0","2","0","0","","0","0","0","","","1","N","0","","","","0","","8","0","0","0","67301","0","0","0","N","0","0","0","2","00000","0","","1.0","","1","","","N","0","","0","0","1","","0","","","2","1","0","0","0","1","0","1","1","2","","","","N","","","","","","","","","",""
"2022033166","","1","0","0","0","0","0","0","0","0","5","0","","67","3","2022","1","39.952734","-75.191504","","6","0","0","0","0","0","0","0","0","","0","0","0","","","0","N","0","","39 57:09.841","","0","75 11:29.414","0","0","0","0","67301","0","0","0","N","0","0","0","2","00000","0","","1.0","","1","","","N","0","","0","0","1","","0","","","2","0","0","0","0","0","0","2","0","2","","","","N","","","","","","","","","",""
"2022063956","0114","1","0","0","0","0","0","0","0","0","1","0","","67","6","2022","1","39.982489","-75.207701","0107","6","0","0","0","0","0","1","0","0","","0","0","0","","","0","N","0","","39 58:56.961","4","0","75 12:27.723","0","0","0","0","67301","0","0","0","N","0","0","0","2","68K01","0","","1.0","130.0","1","N","N","N","0","","0","0","0","","0","N","","2","0","0","0","0","0","0","2","1","2","","","","N","","","","","","","","","",""
"2022037162","","1","0","0","0","0","0","0","0","0","1","0","","67","4","2022","2","40.028662","-75.20553","","6","0","0","0","0","0","0","0","0","","0","0","0","","","1","","1","","40 01:43.183","","0","75 12:19.909","8","0","0","0","67301","0","0","0","N","0","0","0","2","00000","0","","1.0","","1","","","N","0","","0","0","0","","2","","","2","1","0","0","0","1","0","2","0","2","","","","N","","","","","","","","","",""
"2022063028","1750","2","0","0","0","0","0","0","0","0","2","0","","67","7","2022","6","40.058997","-75.044079","1744","6","0","0","0","0","0","2","0","0","","0","0","0","","","0","","5","","40 03:32.389","1","0","75 02:38.685","0","0","0","0","67301","0","0","0","N","0","0","0","3","67301","0","","1.0","1907.0","1","N","N","N","0","","0","0","0","","2","N","","2","0","0","0","0","0","0","2","0","2","","","","N","","","","","","","","","",""
"2022063025","1110","1","0","0","0","0","0","0","0","0","7","0","","67","5","2022","7","40.054013","-75.231604","1104","6","0","0","0","0","0","1","0","0","","0","0","0","","","0","Y","0","","40 03:14.445","","0","75 13:53.775","9","0","0","0","67301","0","0","0","N","0","0","0","1","67301","0","","5.0","","1","N","N","N","0","","0","0","0","","0","","","1","0","0","0","0","0","1","2","0","1","","03","","N","","","","","","","","","",""
"2022064630","0330","1","0","0","0","0","0","0","0","0","2","0","","67","7","2022","4","40.036061","-75.087866","0311","6","0","0","0","1","0","0","0","0","","0","0","0","","","1","","1","","40 02:09.819","","0","75 05:16.319","4","0","0","0","67301","0","0","0","N","0","0","0","1","67301","1","","1.0","","1","N","N","N","0","","0","0","2","","2","","","3","1","0","0","0","0","0","2","0","3","","","","N","","","","","","","","","",""
"2022063152","0020","3","0","0","0","0","0","0","0","0","5","0","","67","5","2022","7","40.03811","-75.010413","0014","6","0","0","0","0","0","0","0","0","","0","0","0","","","2","N","0","","40 02:17.196","1","0","75 00:37.487","8","0","0","0","67301","0","0","0","N","0","0","0","4","68K01","0","","1.0","150.0","9","N","N","Y","0","","0","0","0","","0","N","","3","2","0","0","0","2","0","2","0","3","","04","","N","","","","","","","","","",""
"2022039426","","2","0","0","0","0","0","0","0","0","4","0","","67","3","2022","5","40.044332","-75.14849","","6","0","0","0","0","0","0","0","0","","0","0","0","","","1","","1","","40 02:39.595","","0","75 08:54.564","8","0","0","0","67301","0","0","0","N","0","0","0","2","00000","0","","1.0","","1","","","N","0","","0","0","0","","3","","","2","1","0","0","0","1","0","2","0","2","","","","N","","","","","","","","","",""
"2022049537","1654","1","0","0","0","0","0","0","0","0","8","0","","67","5","2022","5","39.930638","-75.218339","1649","6","0","0","0","0","0","0","0","0","","0","0","0","","","1","","2","","39 55:50.295","","0","75 13:06.020","3","0","0","0","67301","1","0","0","N","1","0","0","2","67301","0","","1.0","","1","N","N","N","0","","1","0","0","","0","","","2","1","0","0","0","0","0","2","0","1","","03","","N","","","","","","","","","",""
"2022063066","2105","3","0","0","0","0","0","0","0","0","5","0","","67","5","2022","6","39.977456","-75.236931","2103","6","0","0","0","0","0","1","0","0","","0","0","0","","","1","N","0","","39 58:38.840","","0","75 14:12.950","3","0","0","0","67301","0","0","0","N","0","0","0","3","67301","0","","6.0","","1","N","N","N","0","","1","0","1","","0","","","4","1","0","0","0","0","0","2","0","4","","03","","N","","","","","","","","","",""
"2022048833","1000","1","0","0","0","0","0","0","0","0","4","0","","67","5","2022","3","40.030758","-75.104284","0957","6","0","0","0","0","0","0","0","0","","0","0","0","","","0","N","0","","40 01:50.728","","7","75 06:15.424","0","0","0","0","67301","0","0","0","N","0","0","0","2","67301","0","","1.0","","1","N","N","N","0","","0","0","1","","0","","","2","0","0","0","0","0","0","2","0","2","","03","","N","","","","","","","","","",""
"2022048716","1925","1","0","0","0","0","0","0","0","0","1","0","","67","5","2022","3","40.093282","-74.966942","1910","6","0","0","0","0","0","0","0","0","","0","0","0","","","1","N","0","","40 05:35.814","","7","74 58:00.992","3","0","0","0","67301","0","0","0","N","0","0","0","2","67301","0","","1.0","","1","N","N","N","1","","1","0","0","","0","","","2","1","0","0","0","0","0","2","0","2","","04","","N","","","","","","","","","",""
"2022066020","1010","1","0","1","0","0","0","0","0","0","7","0","","67","7","2022","2","39.921078","-75.144157","1010","6","0","0","0","0","0","0","0","1","","0","0","0","","","1","N","0","","39 55:15.880","","0","75 08:38.964","2","0","0","0","67301","0","0","0","N","0","0","0","1","67301","0","","5.0","","1","N","N","N","0","","0","1","0","","0","","","1","1","0","0","0","0","0","2","0","1","","03","","N","","","","","","","","","",""
"2022050728","0745","1","0","0","0","0","0","0","0","0","4","0","","67","5","2022","7","40.033296","-75.037693","0744","6","0","0","0","0","0","0","0","0","","0","0","0","","","2","","1","","40 01:59.865","","0","75 02:15.694","4","0","0","0","67301","0","0","0","N","0","0","0","2","67301","2","","1.0","","9","N","N","N","0","","0","0","1","","2","","","2","2","0","0","0","0","0","2","0","2","","","","N","","","","","","","","","",""
"2022033231","","1","0","0","0","0","0","0","0","0","7","0","","67","3","2022","1","39.993148","-75.085404","","6","0","0","0","0","0","0","0","0","","0","0","0","","","0","N","0","","39 59:35.334","","2","75 05:07.453","0","0","0","0","67301","0","0","0","N","0","0","0","1","00000","0","","4.0","","1","","","N","0","","0","0","0","","0","","","1","0","0","0","0","0","0","2","0","1","","","","N","","","","","","","","","",""
"2022049747","1036","1","0","0","0","0","0","0","0","0","5","0","","67","5","2022","6","40.033942","-75.04631","1033","6","0","0","0","0","0","0","0","0","","0","0","0","","","0","N","0","","40 02:02.190","","0","75 02:46.716","0","0","0","0","67301","0","0","0","N","0","0","0","1","67301","0","","6.0","","1","N","N","N","0","","0","0","1","","0","","","2","0","0","0","0","0","0","2","0","2","","","","N","","","","","","","","","",""
"2022063051","0130","1","0","0","0","0","0","0","0","0","7","0","","67","3","2022","7","39.987993","-75.237486","0129","6","0","0","0","0","0","0","0","0","","0","0","0","","","0","","1","","39 59:16.774","","0","75 14:14.949","9","0","0","0","67301","0","0","0","N","0","0","0","1","67301","0","","4.0","","1","N","N","N","0","","0","0","0","","2","","","1","0","0","0","0","0","1","2","0","1","","03","","N","","","","","","","","","",""
"2022053378","","1","0","0","0","0","0","0","0","0","4","0","","67","3","2022","5","39.921658","-75.190201","","6","0","0","0","0","0","1","0","0","","0","0","0","","","1","","1","","39 55:17.970","","2","75 11:24.724","8","0","0","0","67301","0","0","0","N","0","0","0","2","00000","0","","1.0","","1","","","N","0","","0","0","0","","2","","","2","1","0","0","0","1","0","2","0","2","","","","N","","","","","","","","","",""
"2022053184","1235","2","0","0","0","0","0","0","0","0","4","0","","67","5","2022","6","40.011294","-75.106103","1230","6","0","0","0","0","0","0","0","0","","0","0","0","","","4","","1","","40 00:40.660","","0","75 06:21.970","3","0","0","0","67301","0","0","0","N","0","0","0","5","67301","2","","1.0","","1","N","N","N","0","","2","0","1","","2","","","3","4","0","0","0","0","0","2","0","3","","04","","N","","","","","","","","","",""
"2022049633","0830","2","0","0","0","0","0","0","0","0","4","0","","67","5","2022","6","39.95872","-75.162257","0825","6","0","0","0","0","0","0","0","0","","0","0","0","","","1","","1","","39 57:31.392","2","0","75 09:44.125","3","0","0","0","67301","0","0","0","N","0","0","0","3","67301","0","","1.0","925.0","1","N","N","N","0","","1","0","0","","0","N","","2","1","0","0","0","0","0","2","0","2","","04","","N","","","","","","","","","",""
"2022059100","0016","1","0","0","0","0","0","0","0","0","5","0","","67","5","2022","4","40.003832","-75.194586","0008","6","0","0","0","0","0","0","0","0","","0","0","0","","","0","N","0","","40 00:13.795","","0","75 11:40.510","0","0","0","0","67301","0","0","0","N","0","0","0","2","68K01","0","","1.0","","1","N","N","N","0","","0","0","1","","0","","","2","0","0","0","0","0","0","2","0","2","","03","","N","","","","","","","","","",""
"2022031045","","1","0","0","0","0","0","0","0","0","1","0","","67","3","2022","1","","","","6","0","0","0","0","0","0","0","0","","0","0","0","","","1","N","0","","","","0","","8","0","0","0","67301","0","0","0","N","0","0","0","3","00000","0","","1.0","","1","","","N","0","","0","0","0","","0","","","3","1","0","0","0","1","0","1","0","3","","","","N","","","","","","","","","",""
"2022065799","0018","0","0","0","0","0","0","0","0","0","8","0","","67","7","2022","1","40.033136","-75.17061","0018","6","0","0","0","0","0","0","0","0","","1","0","0","","","0","","1","","40 01:59.289","5","0","75 10:14.197","1","0","0","0","67301","1","1","0","N","1","1","0","2","67301","0","1","1.0","203.0","1","N","N","N","0","0","0","0","1","","2","Y","","2","0","0","0","0","0","1","2","0","1","","04","","N","","","","","","","","","",""
"2022064866","1423","0","0","0","0","0","0","0","0","0","8","0","","67","7","2022","4","40.086942","-75.045444","1417","6","0","0","0","0","0","0","0","1","","0","0","0","","","1","N","0","","40 05:12.990","","0","75 02:43.600","3","0","0","0","67301","1","0","0","N","1","0","0","2","67301","0","","5.0","","1","N","N","N","1","","1","0","0","","0","","","2","1","0","0","0","0","0","2","0","1","","03","","N","","","","","","","","","",""
"2022064488","0100","1","0","0","0","0","0","0","0","0","7","0","","67","7","2022","6","40.099932","-74.986888","0124","6","0","0","0","0","1","0","0","0","","0","0","0","","","1","N","0","","40 05:59.754","","0","74 59:12.798","3","0","0","0","67301","0","0","0","N","0","0","0","1","67301","0","","5.0","","9","N","N","N","0","","1","0","0","","0","","","1","1","0","0","0","0","0","2","0","1","","07","","N","","","","","","","","","",""
"2022064675","1939","2","0","0","0","0","0","0","0","0","1","0","","67","6","2022","3","39.897823","-75.185866","1938","6","0","0","0","0","0","0","0","0","","0","0","0","","","2","N","0","","39 53:52.164","2","0","75 11:09.119","3","0","0","0","67301","0","0","0","N","0","0","0","2","68K01","0","","1.0","2021.0","1","N","N","N","0","","2","0","0","","0","Y","","2","2","0","0","0","0","0","2","0","2","","03","","N","","","","","","","","","",""
"2022065788","1149","1","0","0","0","0","0","0","0","0","5","1","","67","7","2022","4","40.021983","-75.127872","1149","6","0","0","0","0","0","1","0","1","","0","1","0","","","1","N","0","","40 01:19.140","","0","75 07:40.340","8","0","0","0","67301","0","0","0","N","0","0","0","2","67301","0","","1.0","","99","N","N","N","0","","0","0","0","","0","","","2","1","1","0","0","1","1","2","0","2","","","","N","","","","","","","","","",""
"2022037139","","0","0","0","0","0","0","0","0","0","5","0","","67","3","2022","1","40.052167","-75.157972","","6","0","0","0","0","0","0","0","0","","0","0","0","","","1","N","0","","40 03:07.800","","0","75 09:28.700","8","0","0","0","67301","0","0","0","N","0","0","0","2","00000","0","","1.0","","1","","","N","0","","0","0","1","","0","","","2","1","0","0","0","1","0","2","0","2","","","","N","","","","","","","","","",""
"2022050546","2304","1","0","0","0","0","0","0","0","0","5","0","","67","5","2022","6","40.051809","-75.050778","2257","6","0","0","0","0","0","0","1","0","","0","0","0","","","0","N","0","","40 03:06.514","","0","75 03:02.801","0","0","0","0","67301","0","0","0","N","0","0","0","3","67301","0","","1.0","","9","N","N","N","0","","0","0","1","","0","","","2","0","0","0","0","0","0","2","0","2","","07","","N","","","","","","","","","",""
"2022065505","1755","0","0","0","0","0","0","0","0","0","2","0","","67","7","2022","7","40.041412","-75.120105","1750","6","0","0","0","0","0","0","0","0","","0","0","0","","","1","","1","","40 02:29.083","","0","75 07:12.377","3","0","0","0","67301","0","0","0","N","0","0","0","3","67301","0","","1.0","","1","N","N","N","0","","1","0","2","","2","","","2","1","0","0","0","0","0","2","0","2","","","","N","","","","","","","","","",""
"2022063033","1735","2","0","0","0","0","0","0","0","0","5","1","","67","7","2022","5","39.897783","-75.211471","1706","6","0","0","0","1","0","1","0","0","","0","1","0","","","3","N","0","","39 53:52.018","6","3","75 12:41.295","2","0","0","0","67301","0","0","0","N","0","0","0","4","67301","0","","1.0","1800.0","99","N","N","N","0","","2","1","0","","0","Y","","3","3","0","0","0","0","0","2","0","3","","","","N","","","","","","","","","",""
"2022064953","2112","2","0","0","0","0","0","0","0","0","4","0","","67","7","2022","2","39.904045","-75.240114","2112","6","0","0","0","0","0","0","0","0","","0","0","0","","","1","","1","","39 54:14.563","","0","75 14:24.409","3","0","0","0","67301","0","0","0","N","0","0","0","1","67301","0","","1.0","","1","N","N","N","0","","1","0","0","","2","","","2","1","0","0","0","0","0","2","0","2","","","","N","","","","","","","","","",""
"2022060340","1809","1","0","0","0","0","0","0","0","0","4","0","","67","6","2022","4","40.05025","-75.159928","1802","6","0","0","0","0","0","0","0","0","","1","0","0","","","0","N","0","","40 03:00.900","6","0","75 09:35.740","1","1","0","1","67301","0","0","0","N","0","0","0","6","67301","0","2","1.0","2034.0","1","N","N","Y","0","0","0","0","0","","0","N","","3","0","0","0","0","0","0","2","1","3","","03","","N","","","","","","","","","",""
"2022063067","0023","1","0","0","0","0","0","0","0","0","8","0","","67","5","2022","3","39.972632","-75.217776","2230","6","0","0","0","0","0","0","0","0","","0","0","0","","","1","","3","","39 58:21.476","","0","75 13:03.992","8","0","0","0","67301","1","0","0","N","1","0","0","2","67301","0","","1.0","","1","N","N","N","0","","0","0","0","","2","","","2","1","0","0","0","1","0","2","0","1","","03","","N","","","","","","","","","",""
"2022064533","1452","1","0","0","0","0","0","0","0","0","5","0","","67","3","2022","3","39.967543","-75.131484","1441","6","0","0","0","0","0","0","0","0","","0","0","0","","","0","N","0","","39 58:03.154","","0","75 07:53.342","9","0","0","0","67301","0","0","0","N","0","0","0","2","68K03","0","","1.0","","1","N","N","N","0","","0","0","1","","0","","","2","0","0","0","0","0","1","2","0","2","","","","N","","","","","","","","","",""
"2022056986","1617","0","0","0","0","0","0","0","0","0","1","0","","67","5","2022","6","39.966708","-75.187688","1602","6","0","0","0","0","0","1","0","0","","0","0","0","","","0","N","0","","39 58:00.148","","0","75 11:15.676","0","0","0","0","67301","0","0","0","N","0","0","0","4","68K01","0","","1.0","","9","N","N","N","0","","0","0","2","","0","","","2","0","0","0","0","0","0","2","0","2","","04","","N","","","","","","","","","",""
"2022066276","0032","0","0","0","0","0","0","0","0","1","7","0","","67","4","2022","7","39.988503","-75.088318","0024","6","0","0","0","0","0","0","0","0","","0","0","0","","","4","N","0","","39 59:18.610","1","0","75 05:17.945","2","0","0","0","67301","0","0","0","N","0","0","0","4","68K01","0","","4.0","112.0","1","N","N","N","0","","2","2","1","","0","N","","1","4","3","0","2","0","0","2","0","1","","","","N","","","","","","","","","",""
"2022064379","1533","0","0","0","0","0","0","0","0","0","7","0","","67","7","2022","7","39.957918","-75.140751","1524","6","0","0","0","0","0","0","0","0","","0","0","0","","","0","N","0","","39 57:28.504","1","0","75 08:26.704","0","0","0","0","67301","0","0","0","N","0","0","0","1","68K03","0","","2.0","1600.0","1","N","N","N","0","","0","0","0","","0","N","","1","0","0","0","0","0","0","2","1","1","","04","","N","","","","","","","","","",""
"2022062287","2305","1","0","0","0","0","0","0","0","0","4","0","","67","5","2022","7","39.953636","-75.198619","2303","6","0","0","0","1","0","1","0","0","","0","0","0","","","2","","1","","39 57:13.089","","0","75 11:55.030","3","0","0","0","67301","0","0","0","N","0","0","0","3","67504","0","","1.0","","1","N","N","N","0","","2","0","0","","2","","","2","2","0","0","0","0","0","2","1","2","","03","","N","","","","","","","","","",""