"CRN","ARRIVAL_TM","AUTOMOBILE_COUNT","BELTED_DEATH_COUNT","BELTED_SUSP_SERIOUS_INJ_COUNT","BICYCLE_COUNT","BICYCLE_DEATH_COUNT","BICYCLE_SUSP_SERIOUS_INJ_COUNT","BUS_COUNT","CHLDPAS_DEATH_COUNT","CHLDPAS_SUSP_SERIOUS_INJ_COUNT","COLLISION_TYPE","COMM_VEH_COUNT","CONS_ZONE_SPD_LIM","COUNTY","CRASH_MONTH","CRASH_YEAR","DAY_OF_WEEK","DEC_LATITUDE","DEC_LONGITUDE","DISPATCH_TM","DISTRICT","DRIVER_COUNT_16YR","DRIVER_COUNT_17YR","DRIVER_COUNT_18YR","DRIVER_COUNT_19YR","DRIVER_COUNT_20YR","DRIVER_COUNT_50_64YR","DRIVER_COUNT_65_74YR","DRIVER_COUNT_75PLUS","EST_HRS_CLOSED","FATAL_COUNT","HEAVY_TRUCK_COUNT","HORSE_BUGGY_COUNT","HOUR_OF_DAY","ILLUMINATION","INJURY_COUNT","INTERSECTION_RELATED","INTERSECT_TYPE","LANE_CLOSED","LATITUDE","LN_CLOSE_DIR","LOCATION_TYPE","LONGITUDE","MAX_SEVERITY_LEVEL","MCYCLE_DEATH_COUNT","MCYCLE_SUSP_SERIOUS_INJ_COUNT","MOTORCYCLE_COUNT","MUNICIPALITY","NONMOTR_COUNT","NONMOTR_DEATH_COUNT","NONMOTR_SUSP_SERIOUS_INJ_COUNT","NTFY_HIWY_MAINT","PED_COUNT","PED_DEATH_COUNT","PED_SUSP_SERIOUS_INJ_COUNT","PERSON_COUNT","POLICE_AGCY","POSSIBLE_INJ_COUNT","RDWY_SURF_TYPE_CD","RELATION_TO_ROAD","ROADWAY_CLEARED","ROAD_CONDITION","SCH_BUS_IND","SCH_ZONE_IND","SECONDARY_CRASH","SMALL_TRUCK_COUNT","SPEC_JURIS_CD","SUSP_MINOR_INJ_COUNT","SUSP_SERIOUS_INJ_COUNT","SUV_COUNT","TCD_FUNC_CD","TCD_TYPE","TFC_DETOUR_IND","TIME_OF_DAY","TOTAL_UNITS","TOT_INJ_COUNT","UNBELTED_OCC_COUNT","UNB_DEATH_COUNT","UNB_SUSP_SERIOUS_INJ_COUNT","UNK_INJ_DEG_COUNT","UNK_INJ_PER_COUNT","URBAN_RURAL","VAN_COUNT","VEHICLE_COUNT","WEATHER1","WEATHER2","WORKERS_PRES","WORK_ZONE_IND","WORK_ZONE_LOC","WORK_ZONE_TYPE","WZ_CLOSE_DETOUR","WZ_FLAGGER","WZ_LAW_OFFCR_IND","WZ_LN_CLOSURE","WZ_MOVING","WZ_OTHER","WZ_SHLDER_MDN","WZ_WORKERS_INJ_KILLED"
"2022050523","1747","2","0","0","0","0","0","0","0","0","4","0","","67","5","2022","6","39.944756","-75.146876","1741","6","0","0","0","0","1","1","0","0","","0","0","0","","","0","","1","","39 56:41.121","1","0","75 08:48.753","0","0","0","0","67301","0","0","0","N","0","0","0","2","67301","0","","1.0","100.0","9","N","N","Y","0","","0","0","0","","2","N","","2","0","2","0","0","0","0","2","0","2","","","","N","","","","","","","","","",""
"2022050819","1820","1","0","0","0","0","0","0","0","0","1","0","","67","5","2022","7","40.012032","-75.097707","1820","6","0","0","0","0","0","0","0","0","","0","0","0","","","0","N","0","","40 00:43.316","","0","75 05:51.745","0","0","0","0","67301","0","0","0","N","0","0","0","1","67301","0","","6.0","","9","N","N","N","0","","0","0","0","","0","","","2","0","0","0","0","0","0","2","0","2","","","","N","","","","","","","","","",""
"2022063064","0130","0","0","0","0","0","0","0","0","0","6","0","","67","5","2022","7","39.986798","-75.250899","0130","6","0","0","0","0","0","0","0","0","","0","0","0","","","1","N","0","","39 59:12.472","","0","75 15:03.235","3","0","0","0","67301","0","0","0","N","0","0","0","1","67301","0","","6.0","","9","N","N","N","0","","1","0","2","","0","","","2","1","1","0","0","0","0","2","0","2","","07","","N","","","","","","","","","",""
"2022063063","0301","1","0","0","0","0","0","0","0","0","5","0","","67","5","2022","4","39.973683","-75.231561","0253","6","0","0","0","0","0","0","0","0","","0","0","0","","","0","N","0","","39 58:25.260","","0","75 13:53.620","9","0","0","0","67301","0","0","0","N","0","0","0","1","67301","0","","6.0","","1","N","N","N","0","","0","0","2","","0","","","3","0","0","0","0","0","1","2","0","3","","03","","N","","","","","","","","","",""
"2022063925","0023","1","1","0","0","0","0","0","0","0","98","0","","67","4","2022","6","39.899166","-75.176536","0015","6","0","0","0","0","0","1","0","0","","1","0","0","","","0","N","0","","39 53:56.999","2","3","75 10:35.529","1","0","0","0","67301","0","0","0","N","0","0","0","2","68K01","0","1","1.0","334.0","9","N","N","N","1","0","0","0","0","","0","N","","2","0","0","0","0","0","0","2","0","2","","","","N","","","","","","","","","",""
"2022051987","1815","1","0","0","0","0","0","0","0","0","4","0","","67","5","2022","2","39.957796","-75.160214","1809","6","0","0","0","0","0","0","0","0","","0","0","0","","","6","","1","","39 57:28.064","","3","75 09:36.770","8","0","0","0","67301","0","0","0","N","0","0","0","7","67301","0","","1.0","","1","N","N","N","0","","0","0","2","","2","","","3","6","0","0","0","6","0","2","0","3","","03","","N","","","","","","","","","",""
"2022051224","1742","1","0","0","0","0","0","0","0","0","7","0","","67","5","2022","6","39.929383","-75.197549","1727","6","0","0","0","0","0","0","0","0","","0","0","0","","","1","","6","","39 55:45.779","3","2","75 11:51.176","4","0","0","0","67301","0","0","0","N","0","0","0","1","68K01","1","","7.0","1810.0","9","N","N","N","0","","0","0","0","","3","Y","","1","1","0","0","0","0","0","2","0","1","","","","N","","","","","","","","","",""
"2022063147","1005","1","0","0","0","0","0","0","0","0","7","0","","67","6","2022","1","39.982523","-75.100137","0953","6","0","0","0","1","0","0","0","0","","0","0","0","","","1","N","0","","39 58:57.083","4","0","75 06:00.492","8","0","0","0","67301","0","0","0","N","0","0","0","1","68K01","0","","2.0","45.0","1","N","N","N","0","","0","0","0","","0","Y","","1","1","0","0","0","1","0","2","0","1","","","","N","","","","","","","","","",""
"2022063950","0303","1","0","0","0","0","0","0","0","0","7","0","","67","6","2022","7","39.948746","-75.185325","0259","6","0","0","0","0","0","0","0","0","","0","0","0","","","0","N","0","","39 56:55.484","4","0","75 11:07.169","0","0","0","0","67301","0","0","0","N","0","0","0","1","68K01","0","","4.0","315.0","1","N","N","N","0","","0","0","0","","0","N","","1","0","0","0","0","0","0","2","0","1","","03","","N","","","","","","","","","",""
"2022050524","2028","0","0","0","0","0","0","0","0","0","8","0","","67","5","2022","6","39.960679","-75.141393","2021","6","0","0","0","0","0","0","0","0","","0","0","0","","","1","","1","","39 57:38.443","","0","75 08:29.016","8","0","0","0","67301","1","0","0","N","1","0","0","2","67301","0","","1.0","","1","N","N","N","0","","0","0","0","","2","","","2","1","0","0","0","1","0","2","1","1","","03","","N","","","","","","","","","",""
"2022051515","1222","0","0","0","0","0","0","0","0","0","4","0","","67","5","2022","5","39.916919","-75.21597","1215","6","0","0","0","0","0","0","0","0","","0","0","0","","","1","","2","","39 55:00.909","","0","75 12:57.493","8","0","0","1","67301","0","0","0","N","0","0","0","2","67301","0","","1.0","","1","N","N","N","1","","0","0","0","","1","","","2","1","0","0","0","1","0","2","0","2","","","","N","","","","","","","","","",""
"2022066073","2019","0","0","0","0","0","0","0","0","0","1","0","","67","6","2022","1","39.957811","-75.161396","2019","6","0","0","0","0","0","0","0","0","","0","0","0","","","0","N","0","","39 57:28.120","","0","75 09:41.024","0","0","0","0","67301","0","0","0","N","0","0","0","3","68K01","0","","1.0","","1","N","N","N","0","","0","0","2","","0","","","2","0","0","0","0","0","0","2","0","2","","","","N","","","","","","","","","",""
"2022050547","0040","1","0","0","0","0","0","1","0","0","4","1","","67","5","2022","1","40.006004","-75.091851","0040","6","0","0","0","0","0","0","0","0","","0","0","0","","","4","","5","","40 00:21.613","","0","75 05:30.664","3","0","0","0","67301","0","0","0","N","0","0","0","6","67301","0","","1.0","","1","N","N","N","0","","4","0","1","","2","","","4","4","1","0","0","0","1","2","0","4","","","","N","","","","","","","","","",""
"2022035450","","1","0","0","0","0","0","0","0","0","1","0","","67","3","2022","4","40.016468","-75.066939","","6","0","0","0","0","0","1","0","0","","0","0","0","","","2","Y","0","","40 00:59.285","","0","75 04:00.979","8","0","0","0","67301","0","0","0","N","0","0","0","3","00000","0","","1.0","","1","","","N","0","","0","0","1","","2","","","2","2","1","0","0","2","0","2","0","2","","","","N","","","","","","","","","",""
"2022063050","0005","2","0","0","0","0","0","0","0","0","2","0","","67","3","2022","5","39.966583","-75.240806","0005","6","0","0","0","0","0","0","0","0","","0","0","0","","","0","N","0","","39 57:59.700","","0","75 14:26.900","0","0","0","0","67301","0","0","0","N","0","0","0","1","67301","0","","6.0","","1","N","N","N","0","","0","0","0","","0","","","2","0","0","0","0","0","0","2","0","2","","03","","N","","","","","","","","","",""
"2022063660","0840","1","0","0","0","0","0","0","0","0","5","1","","67","6","2022","6","39.967856","-75.134418","0840","6","0","0","0","0","0","0","0","0","","0","1","0","","","0","N","0","","39 58:04.281","","0","75 08:03.904","0","0","0","0","67301","0","0","0","N","0","0","0","1","67301","0","","6.0","","1","N","N","N","0","","0","0","0","","0","","","2","0","1","0","0","0","0","2","0","2","","","","N","","","","","","","","","",""
"2022049778","0804","0","0","0","0","0","0","0","0","0","8","0","","67","5","2022","5","40.054295","-75.071557","0801","6","0","0","0","0","0","1","0","0","","0","0","0","","","1","","1","","40 03:15.462","","0","75 04:17.606","8","0","0","0","67301","1","0","0","N","1","0","0","2","67301","0","","1.0","","1","N","Y","N","0","","0","0","0","","2","","","2","1","0","0","0","1","0","2","1","1","","03","","N","","","","","","","","","",""
"2022048870","2339","1","0","0","0","0","0","0","0","0","4","0","","67","5","2022","4","40.058141","-75.174302","2329","6","0","0","0","0","0","0","0","0","","0","0","0","","","0","","1","","40 03:29.309","","0","75 10:27.487","0","0","0","0","67301","0","0","0","N","0","0","0","2","67301","0","","1.0","","1","N","N","N","0","","0","0","1","","2","","","2","0","0","0","0","0","0","2","0","2","","03","","N","","","","","","","","","",""
"2022061565","2130","1","0","0","0","0","0","0","0","0","5","0","","67","6","2022","5","39.989639","-75.125861","2130","6","0","0","0","0","0","0","0","0","","0","0","0","","","2","N","0","","39 59:22.700","","1","75 07:33.100","3","0","0","0","67301","0","0","0","N","0","0","0","3","67301","0","","1.0","","1","N","N","N","1","","2","0","0","","0","","","2","2","0","0","0","0","1","2","0","2","","03","","N","","","","","","","","","",""
"2022050532","2321","1","0","0","0","0","0","0","0","0","4","0","","67","5","2022","1","40.111551","-75.023988","2319","6","0","0","0","0","0","0","0","0","","0","0","0","","","0","N","0","","40 06:41.583","","7","75 01:26.356","9","0","0","0","67301","0","0","0","N","0","0","0","2","67301","0","","1.0","","1","N","N","N","0","","0","0","1","","0","","","2","0","0","0","0","0","2","2","0","2","","","","N","","","","","","","","","",""
"2022064679","0231","1","0","0","0","0","0","0","0","0","7","0","","67","6","2022","5","39.983783","-75.208284","0230","6","0","0","0","0","1","0","0","0","","0","0","0","","","1","N","0","","39 59:01.619","4","0","75 12:29.823","3","0","0","0","67301","0","0","0","N","0","0","0","1","68K01","0","","4.0","300.0","9","N","N","N","0","","1","0","0","","0","N","","1","1","0","0","0","0","0","2","0","1","","","","N","","","","","","","","","",""
"2022063926","0623","0","1","0","0","0","0","0","0","0","1","0","","67","4","2022","1","39.890949","-75.199489","0611","6","0","0","0","0","0","1","0","0","","1","0","0","","","2","N","0","","39 53:27.417","1","3","75 11:58.162","1","0","0","0","67301","0","0","0","N","0","0","0","3","68K01","0","1","1.0","835.0","1","N","N","N","0","0","0","1","2","","0","N","","2","2","1","0","1","1","0","2","0","2","","","","N","","","","","","","","","",""
"2022062309","1111","0","0","0","0","0","0","0","0","0","1","1","","67","5","2022","2","39.962634","-75.183291","1108","6","0","0","0","0","0","3","0","0","","0","1","0","","","1","N","0","","39 57:45.483","4","0","75 10:59.849","3","0","0","0","67301","0","0","0","N","0","0","0","8","68K01","0","","1.0","1200.0","1","N","N","N","0","","1","0","5","","0","N","","6","1","0","0","0","0","0","2","0","6","","03","","N","","","","","","","","","",""
"2022058306","1919","2","0","0","0","0","0","0","0","0","0","0","","67","5","2022","4","40.023108","-75.034655","1915","6","0","0","1","1","0","0","0","0","","0","0","0","","","0","N","0","","40 01:23.187","","3","75 02:04.758","0","0","0","0","67301","0","0","0","N","0","0","0","5","68K01","0","","1.0","","1","N","N","N","3","","0","0","0","","0","","","5","0","0","0","0","0","0","2","0","5","","03","","N","","","","","","","","","",""
"2022063061","0119","1","0","0","0","0","0","0","0","0","1","0","","67","5","2022","1","39.974044","-75.220106","0119","6","0","0","0","0","0","0","0","0","","0","0","0","","","0","N","0","","39 58:26.559","","0","75 13:12.382","0","0","0","0","67301","0","0","0","N","0","0","0","3","67301","0","","1.0","","1","N","N","N","0","","0","0","1","","0","","","2","0","3","0","0","0","0","2","0","2","","03","","N","","","","","","","","","",""
"2022039424","","1","0","0","0","0","0","0","0","0","4","0","","67","3","2022","1","39.979611","-75.234417","","6","0","0","0","0","0","0","1","0","","0","0","0","","","1","","1","","39 58:46.600","","7","75 14:03.900","8","0","0","0","67301","0","0","0","N","0","0","0","2","00000","0","","1.0","","1","","","N","0","","0","0","1","","3","","","2","1","0","0","0","1","0","2","0","2","","","","N","","","","","","","","","",""
"2022063060","2355","2","0","0","0","0","0","0","0","0","4","0","","67","4","2022","3","39.99704","-75.235258","2355","6","0","0","0","0","0","0","0","0","","0","0","0","","","1","","1","","39 59:49.345","","0","75 14:06.930","3","0","0","0","67301","0","0","0","N","0","0","0","2","67301","0","","1.0","","1","N","N","N","0","","1","0","0","","2","","","2","1","0","0","0","0","1","2","0","2","","04","","N","","","","","","","","","",""
"2022062085","1545","0","0","0","0","0","0","1","0","0","4","1","","67","6","2022","2","40.02546","-75.084711","1535","6","0","0","0","0","0","0","0","0","","0","0","0","","","9","","1","","40 01:31.655","","0","75 05:04.959","4","0","0","0","67301","0","0","0","N","0","0","0","9","67508","9","","1.0","","9","N","N","N","1","","0","0","0","","3","","","2","9","0","0","0","0","0","2","0","2","","07","","N","","","","","","","","","",""
"2022063154","1450","1","0","0","0","0","0","0","0","0","1","0","","67","6","2022","5","39.996873","-75.196683","1447","6","0","0","0","0","0","0","0","0","","0","0","0","","","1","N","0","","39 59:48.743","3","0","75 11:48.060","8","0","0","0","67301","0","0","0","N","0","0","0","3","68K01","0","","1.0","100.0","1","N","N","N","1","","0","0","0","","0","Y","","2","1","0","0","0","1","0","2","0","2","","","","N","","","","","","","","","",""
"2022056857","0208","1","0","0","0","0","0","0","0","0","5","0","","67","5","2022","7","39.996036","-75.082749","0155","6","0","0","0","0","0","0","0","0","","0","0","0","","","0","N","0","","39 59:45.728","1","3","75 04:57.898","0","0","0","0","67301","0","0","0","N","0","0","0","2","68K01","0","","1.0","218.0","8","N","N","N","0","","0","0","1","","0","N","","2","0","0","0","0","0","0","2","0","2","","07","","N","","","","","","","","","",""
"2022063659","1645","0","0","0","0","0","0","0","0","0","4","0","","67","5","2022","4","39.9789","-75.147327","1641","6","0","0","0","0","0","0","0","0","","0","0","0","","","1","","1","","39 58:44.040","","0","75 08:50.377","4","0","0","0","67301","0","0","0","N","0","0","0","2","67301","1","","1.0","","1","N","N","N","0","","0","0","2","","3","","","2","1","0","0","0","0","0","2","0","2","","03","","N","","","","","","","","","",""
"2022050657","2225","1","0","0","0","0","0","0","0","0","4","0","","67","5","2022","1","40.027789","-75.060077","2214","6","0","0","0","0","0","0","0","0","","0","0","0","","","1","","1","","40 01:40.042","","0","75 03:36.277","3","0","0","1","67301","0","0","0","N","0","0","0","2","67301","0","","1.0","","1","N","N","N","0","","1","0","0","","2","","","2","1","0","0","0","0","0","2","0","2","","03","","N","","","","","","","","","",""
"2022065636","1956","1","0","0","0","0","0","0","0","0","8","0","","67","7","2022","1","39.949567","-75.153517","1955","6","0","0","0","0","0","0","0","0","","0","0","0","","","1","N","0","","39 56:58.440","","0","75 09:12.662","3","0","0","0","67301","1","0","0","N","1","0","0","2","67301","0","","1.0","","1","N","N","N","0","","1","0","0","","0","","","2","1","0","0","0","0","1","2","0","1","","03","","N","","","","","","","","","",""
"2022063943","1224","2","0","0","0","0","0","0","0","0","1","0","","67","6","2022","2","39.978289","-75.202439","1216","6","0","0","0","0","1","1","0","0","","0","0","0","","","0","N","0","","39 58:41.840","3","0","75 12:08.780","0","0","0","0","67301","0","0","0","N","0","0","0","2","68K01","0","","1.0","1245.0","1","N","N","N","0","","0","0","0","","0","N","","2","0","0","0","0","0","0","2","0","2","","","","N","","","","","","","","","",""
"2022053022","1350","1","0","0","0","0","0","0","0","0","4","0","","67","5","2022","1","39.938133","-75.228855","1346","6","0","0","0","0","0","0","0","0","","0","0","0","","","1","","1","","39 56:17.278","","0","75 13:43.878","8","0","0","0","67301","0","0","0","N","0","0","0","4","67301","0","","1.0","","1","N","N","N","0","","0","0","2","","3","","","3","1","0","0","0","1","1","2","0","3","","","","N","","","","","","","","","",""
"2022065627","2001","0","0","0","0","0","0","0","0","0","7","0","","67","7","2022","1","40.057241","-75.008528","2000","6","0","0","0","0","0","0","0","0","","0","1","0","","","0","N","0","","40 03:26.068","","0","75 00:30.701","9","0","0","0","67301","0","0","0","N","0","0","0","1","67301","0","","4.0","","1","N","N","N","0","","0","0","0","","0","","","1","0","0","0","0","0","1","2","0","1","","03","","N","","","","","","","","","",""
"2022065945","1023","1","0","0","0","0","0","0","0","0","1","0","","67","7","2022","3","39.983685","-75.097574","1004","6","0","0","0","1","0","1","0","0","","0","0","0","","","4","N","0","","39 59:01.267","","0","75 05:51.265","4","0","0","0","67301","0","0","0","N","0","0","0","6","68K01","4","","1.0","","1","N","N","N","0","","0","0","2","","0","","","3","4","0","0","0","0","0","2","0","3","","03","","N","","","","","","","","","",""
"2022049760","1815","1","0","0","0","0","0","0","0","0","8","0","","67","5","2022","5","39.937436","-75.152167","1807","6","0","0","0","0","0","0","0","0","","0","0","0","","","1","N","0","","39 56:14.770","","0","75 09:07.800","3","0","0","0","67301","1","0","0","N","1","0","0","2","67301","0","","1.0","","1","N","N","N","0","","1","0","0","","0","","","2","1","0","0","0","0","0","2","0","1","","03","","N","","","","","","","","","",""
"2022063054","0320","2","0","0","0","0","0","0","0","0","1","0","","67","3","2022","6","39.987194","-75.244306","0312","6","0","0","0","0","0","0","0","0","","0","0","0","","","0","N","0","","39 59:13.900","3","0","75 14:39.500","0","0","0","0","67301","0","0","0","N","0","0","0","1","67301","0","","6.0","400.0","1","N","N","N","0","","0","0","1","","0","Y","","3","0","0","0","0","0","0","2","0","3","","","","N","","","","","","","","","",""
"2022049221","0845","1","0","0","0","0","0","0","0","0","7","0","","67","5","2022","5","39.911148","-75.23051","0837","6","0","0","0","0","0","0","0","0","","0","0","0","","","1","","1","","39 54:40.132","2","0","75 13:49.836","3","0","0","0","67301","0","0","0","N","0","0","0","1","67301","0","","3.0","100.0","1","N","N","N","0","","1","0","0","","3","N","","1","1","0","0","0","0","0","2","0","1","","03","","N","","","","","","","","","",""
"2022062303","1717","2","0","0","0","0","0","0","0","0","5","0","","67","5","2022","3","40.042249","-75.003612","1708","6","0","0","0","0","0","0","0","0","","0","0","0","","","0","N","0","","40 02:32.096","","0","75 00:13.004","9","0","0","0","67301","0","0","0","N","0","0","0","4","68K01","0","","1.0","","1","N","N","N","0","","0","0","0","","0","","","2","0","0","0","0","0","1","2","0","2","","03","","N","","","","","","","","","",""
"2022049250","0942","2","0","0","0","0","0","0","0","0","1","0","","67","5","2022","5","40.067373","-75.179102","0939","6","0","0","0","1","0","1","0","0","","0","0","0","","","1","N","0","","40 04:02.541","","0","75 10:44.767","3","0","0","0","67301","0","0","0","N","0","0","0","2","67301","0","","1.0","","1","N","N","N","0","","1","0","1","","0","","","3","1","0","0","0","0","0","2","0","3","","03","","N","","","","","","","","","",""
"2022049173","1834","1","0","0","0","0","0","0","0","0","1","0","","67","5","2022","4","39.934519","-75.221797","1833","6","0","0","0","0","0","0","0","0","","0","0","0","","","1","N","0","","39 56:04.270","","0","75 13:18.470","8","0","0","0","67301","0","0","0","N","0","0","0","1","67301","0","","6.0","","1","N","N","N","0","","0","0","1","","0","","","2","1","0","0","0","1","0","2","0","2","","","","N","","","","","","","","","",""
"2022064088","0315","2","0","0","0","0","0","0","0","0","4","0","","67","7","2022","1","39.938311","-75.155383","0310","6","0","0","0","0","0","0","0","0","","0","0","0","","","0","N","0","","39 56:17.920","","0","75 09:19.380","0","0","0","0","67301","0","0","0","N","0","0","0","0","67301","0","","1.0","","1","N","N","N","0","","0","0","1","","0","","","3","0","0","0","0","0","0","2","0","3","","03","","N","","","","","","","","","",""
"2022063057","2200","1","0","0","0","0","0","0","0","0","4","0","","67","4","2022","6","39.972194","-75.244888","2200","6","0","0","0","0","0","1","0","0","","0","0","0","","","0","","1","","39 58:19.899","","0","75 14:41.596","0","0","0","0","67301","0","0","0","N","0","0","0","2","67301","0","","1.0","","1","N","N","N","0","","0","0","1","","2","","","2","0","0","0","0","0","0","2","0","2","","03","","N","","","","","","","","","",""
"2022055657","0521","2","0","0","0","0","0","0","0","0","4","0","","67","5","2022","2","40.024577","-75.123187","0514","6","0","0","0","0","0","0","0","0","","0","0","0","","","1","","1","","40 01:28.477","","0","75 07:23.473","3","0","0","0","67301","0","0","0","N","0","0","0","2","67301","0","","1.0","","1","N","N","N","0","","1","0","0","","1","","","2","1","0","0","0","0","0","2","0","2","","03","","N","","","","","","","","","",""
"2022033235","","1","0","0","0","0","0","0","0","0","1","0","","67","3","2022","7","39.913972","-75.238975","","6","0","0","0","0","0","0","0","0","","0","0","0","","","0","","1","","39 54:50.299","","0","75 14:20.310","0","0","0","0","67301","0","0","0","N","0","0","0","2","00000","0","","1.0","","1","","","N","0","","0","0","0","","3","","","2","0","1","0","0","0","0","2","1","2","","","","N","","","","","","","","","",""
"2022065926","0324","0","0","0","0","0","0","0","0","0","7","0","","67","7","2022","4","39.97679","-75.197817","0315","6","0","0","0","0","0","0","0","0","","0","0","0","","","0","N","0","","39 58:36.445","3","0","75 11:52.140","0","0","0","0","67301","0","0","0","N","0","0","0","2","68K01","0","","2.0","350.0","1","N","N","N","1","","0","0","0","","0","N","","1","0","0","0","0","0","0","2","0","1","","","","N","","","","","","","","","",""
"2022049536","1636","0","0","0","0","0","0","0","0","0","4","0","","67","5","2022","5","39.914098","-75.233718","1636","6","0","0","0","0","0","1","0","0","","0","0","0","","","2","","3","","39 54:50.752","","0","75 14:01.384","3","0","0","0","67301","0","0","0","N","0","0","0","3","67301","0","","1.0","","1","N","N","N","0","","2","0","2","","3","","","2","2","0","0","0","0","0","2","0","2","","03","","N","","","","","","","","","",""
"2022049751","0409","1","0","0","0","0","0","0","0","0","5","0","","67","5","2022","7","40.025342","-75.1946","0401","6","0","0","0","0","0","0","0","0","","0","0","0","","","0","N","0","","40 01:31.230","","0","75 11:40.560","9","0","0","0","67301","0","0","0","N","0","0","0","2","67301","0","","1.0","","8","N","N","N","0","","0","0","1","","0","","","2","0","0","0","0","0","1","2","0","2","","04","","N","","","","","","","","","",""
"2022065774","1830","1","0","0","0","0","0","0","0","0","4","0","","67","7","2022","6","40.103531","-75.028291","1817","6","0","0","0","0","0","0","0","0","","1","0","0","","","1","","2","","40 06:12.711","","0","75 01:41.848","1","1","0","1","67301","0","0","0","N","0","0","0","2","67301","1","2","1.0","","1","N","N","N","0","0","0","0","0","","3","","","2","1","0","0","0","0","0","2","0","2","","03","","N","","","","","","","","","",""
"2022063023","1236","0","0","0","0","0","0","0","0","0","4","0","","67","7","2022","4","39.930783","-75.161264","1234","6","0","0","0","0","0","1","0","0","","0","0","0","","","1","","1","","39 55:50.818","","0","75 09:40.550","3","0","0","0","67301","0","0","0","N","0","0","0","4","67301","0","","1.0","","1","N","N","N","0","","1","0","1","","3","","","2","1","0","0","0","0","0","2","1","2","","03","","N","","","","","","","","","",""
"2022062937","2226","1","0","0","1","0","0","0","0","0","8","0","","67","5","2022","4","39.950291","-75.19941","2224","6","0","0","0","0","0","0","0","0","","0","0","0","","","1","N","0","","39 57:01.047","1","0","75 11:57.876","3","0","0","0","67301","1","0","0","N","0","0","0","2","67504","0","","1.0","2250.0","1","N","N","N","0","","1","0","0","","2","N","","2","1","0","0","0","0","0","2","0","1","","","","N","","","","","","","","","",""
"2022066297","0024","0","0","0","0","0","0","0","0","0","0","1","","67","6","2022","3","40.011075","-75.061904","0024","6","0","0","0","0","0","0","0","0","","0","0","0","","","1","N","0","","40 00:39.869","2","0","75 03:42.856","3","0","0","0","67301","0","0","0","N","0","0","0","1","68K01","0","","1.0","433.0","1","N","N","N","1","","1","0","0","","0","N","","1","1","0","0","0","0","0","2","0","1","","","","N","","","","","","","","","",""
"2022063610","1557","2","0","0","0","0","0","0","0","0","7","0","","67","7","2022","5","39.880275","-75.247617","1503","6","0","0","0","0","1","0","0","0","","0","0","0","","","0","N","0","","39 52:48.991","","0","75 14:51.421","0","0","0","0","67301","0","0","0","N","0","0","0","2","68K03","0","","2.0","","1","N","N","N","0","","0","0","0","","0","","","2","0","0","0","0","0","0","2","0","2","","03","","N","","","","","","","","","",""
"2022064489","1130","0","0","0","0","0","0","0","0","0","4","1","","67","7","2022","3","40.099877","-75.008179","1123","6","0","0","0","0","0","2","0","0","","0","1","0","","","1","","2","","40 05:59.558","1","0","75 00:29.443","2","0","1","1","67301","0","0","0","N","0","0","0","2","67301","0","","1.0","1330.0","1","N","N","N","0","","0","1","0","","2","Y","","2","1","0","0","0","0","0","2","0","2","","03","","N","","","","","","","","","",""
"2022041565","","1","0","0","0","0","0","0","0","0","1","0","","67","3","2022","1","","","","6","0","0","1","0","0","0","0","0","","0","0","0","","","2","N","0","","","","3","","8","0","0","0","67301","0","0","0","N","0","0","0","3","00000","0","","1.0","","1","","","N","0","","0","0","0","","0","","","2","2","0","0","0","2","0","1","0","2","","","","N","","","","","","","","","",""
"2022049082","0214","2","0","0","0","0","0","0","0","0","4","0","","67","5","2022","5","40.039151","-75.110002","0212","6","0","0","0","0","0","0","0","0","","0","0","0","","","1","","1","","40 02:20.942","","0","75 06:36.006","3","0","0","0","67301","0","0","0","N","0","0","0","3","67301","0","","1.0","","1","N","N","Y","0","","1","0","1","","2","","","3","1","0","0","0","0","0","2","0","3","","","","N","","","","","","","","","",""
"2022035454","","2","0","0","0","0","0","0","0","0","4","0","","67","4","2022","6","39.943837","-75.237835","","6","0","0","0","0","0","0","0","0","","0","0","0","","","2","","1","","39 56:37.812","","0","75 14:16.207","8","0","0","0","67301","0","0","0","N","0","0","0","3","00000","0","","1.0","","1","","","N","0","","0","0","0","","2","","","2","2","0","0","0","2","0","2","0","2","","","","N","","","","","","","","","",""
"2022063598","1335","2","0","0","0","0","0","0","0","0","5","0","","67","6","2022","6","39.999917","-75.07989","1327","6","0","0","0","0","0","3","0","0","","0","0","0","","","2","N","0","","39 59:59.701","1","3","75 04:47.603","3","0","0","0","67301","0","0","0","N","0","0","0","10","68K01","0","","1.0","1430.0","1","N","N","N","0","","1","0","3","","0","Y","","7","2","1","0","0","1","0","2","2","7","","","","N","","","","","","","","","",""
"2022064338","0726","0","0","0","0","0","0","0","0","0","7","0","","67","6","2022","5","39.994797","-75.083667","0726","6","0","0","0","0","0","0","0","0","","0","0","0","","","0","N","0","","39 59:41.268","","0","75 05:01.201","0","0","0","0","67301","0","0","0","N","0","0","0","1","68K01","0","","2.0","","9","N","N","N","0","","0","0","0","","0","","","1","0","0","0","0","0","0","2","1","1","","07","","N","","","","","","","","","",""