"CRN","ARRIVAL_TM","AUTOMOBILE_COUNT","BELTED_DEATH_COUNT","BELTED_SUSP_SERIOUS_INJ_COUNT","BICYCLE_COUNT","BICYCLE_DEATH_COUNT","BICYCLE_SUSP_SERIOUS_INJ_COUNT","BUS_COUNT","CHLDPAS_DEATH_COUNT","CHLDPAS_SUSP_SERIOUS_INJ_COUNT","COLLISION_TYPE","COMM_VEH_COUNT","CONS_ZONE_SPD_LIM","COUNTY","CRASH_MONTH","CRASH_YEAR","DAY_OF_WEEK","DEC_LATITUDE","DEC_LONGITUDE","DISPATCH_TM","DISTRICT","DRIVER_COUNT_16YR","DRIVER_COUNT_17YR","DRIVER_COUNT_18YR","DRIVER_COUNT_19YR","DRIVER_COUNT_20YR","DRIVER_COUNT_50_64YR","DRIVER_COUNT_65_74YR","DRIVER_COUNT_75PLUS","EST_HRS_CLOSED","FATAL_COUNT","HEAVY_TRUCK_COUNT","HORSE_BUGGY_COUNT","HOUR_OF_DAY","ILLUMINATION","INJURY_COUNT","INTERSECTION_RELATED","INTERSECT_TYPE","LANE_CLOSED","LATITUDE","LN_CLOSE_DIR","LOCATION_TYPE","LONGITUDE","MAX_SEVERITY_LEVEL","MCYCLE_DEATH_COUNT","MCYCLE_SUSP_SERIOUS_INJ_COUNT","MOTORCYCLE_COUNT","MUNICIPALITY","NONMOTR_COUNT","NONMOTR_DEATH_COUNT","NONMOTR_SUSP_SERIOUS_INJ_COUNT","NTFY_HIWY_MAINT","PED_COUNT","PED_DEATH_COUNT","PED_SUSP_SERIOUS_INJ_COUNT","PERSON_COUNT","POLICE_AGCY","POSSIBLE_INJ_COUNT","RDWY_SURF_TYPE_CD","RELATION_TO_ROAD","ROADWAY_CLEARED","ROAD_CONDITION","SCH_BUS_IND","SCH_ZONE_IND","SECONDARY_CRASH","SMALL_TRUCK_COUNT","SPEC_JURIS_CD","SUSP_MINOR_INJ_COUNT","SUSP_SERIOUS_INJ_COUNT","SUV_COUNT","TCD_FUNC_CD","TCD_TYPE","TFC_DETOUR_IND","TIME_OF_DAY","TOTAL_UNITS","TOT_INJ_COUNT","UNBELTED_OCC_COUNT","UNB_DEATH_COUNT","UNB_SUSP_SERIOUS_INJ_COUNT","UNK_INJ_DEG_COUNT","UNK_INJ_PER_COUNT","URBAN_RURAL","VAN_COUNT","VEHICLE_COUNT","WEATHER1","WEATHER2","WORKERS_PRES","WORK_ZONE_IND","WORK_ZONE_LOC","WORK_ZONE_TYPE","WZ_CLOSE_DETOUR","WZ_FLAGGER","WZ_LAW_OFFCR_IND","WZ_LN_CLOSURE","WZ_MOVING","WZ_OTHER","WZ_SHLDER_MDN","WZ_WORKERS_INJ_KILLED"
"2022063096","0013","2","0","0","0","0","0","0","0","0","1","0","","67","4","2022","6","39.992667","-75.154917","0006","6","0","0","0","0","0","0","0","0","","0","0","0","","","2","N","0","","39 59:33.600","","0","75 09:17.700","3","0","0","0","67301","0","0","0","N","0","0","0","2","67301","0","","6.0","","1","N","N","N","0","","1","0","0","","0","","","2","2","0","0","0","1","0","2","0","2","","03","","N","","","","","","","","","",""
"2022049676","1743","0","0","0","0","0","0","0","0","0","8","0","","67","5","2022","3","39.998509","-75.129281","1733","6","0","0","0","0","0","0","0","0","","0","0","0","","","1","","1","","39 59:54.633","","0","75 07:45.412","3","0","0","0","67301","1","0","0","N","1","0","0","2","67301","0","","1.0","","1","N","N","N","1","","1","0","0","","2","","","2","1","0","0","0","0","0","2","0","1","","03","","N","","","","","","","","","",""
"2022054320","1700","0","0","0","0","0","0","0","0","0","4","0","","67","5","2022","5","39.924369","-75.169611","1700","6","0","0","0","0","0","0","0","0","","0","0","0","","","2","","1","","39 55:27.728","","0","75 10:10.600","4","0","0","0","67301","0","0","0","N","0","0","0","3","67508","1","","1.0","","1","N","N","N","0","","0","0","2","","2","","","2","2","0","0","0","1","0","2","0","2","","03","","N","","","","","","","","","",""
"2022050576","1859","1","0","0","0","0","0","0","0","0","8","0","","67","5","2022","1","40.042597","-75.156878","1858","6","0","0","0","0","0","0","0","0","","0","0","0","","","1","N","0","","40 02:33.350","","0","75 09:24.760","3","0","0","0","67301","1","0","0","N","1","0","0","2","67301","0","","1.0","","1","N","N","N","0","","1","0","0","","0","","","2","1","1","0","0","0","0","2","0","1","","03","","N","","","","","","","","","",""
"2022065132","2152","1","0","0","0","0","0","0","0","0","7","0","","67","7","2022","5","40.028142","-75.225464","2147","6","0","0","0","0","0","0","0","0","","0","0","0","","","0","","1","","40 01:41.311","","0","75 13:31.670","0","0","0","0","67301","0","0","0","N","0","0","0","2","67301","0","","4.0","","1","N","N","N","0","","0","0","0","","3","","","1","0","1","0","0","0","0","2","0","1","","03","","N","","","","","","","","","",""
"2022039791","","2","0","0","0","0","0","0","0","0","1","0","","67","3","2022","5","39.957388","-75.16032","","6","0","0","0","0","0","1","0","0","","0","0","0","","","1","","1","","39 57:26.596","","0","75 09:37.151","8","0","0","0","67301","0","0","0","N","0","0","0","2","00000","0","","1.0","","1","","","N","0","","0","0","0","","0","","","2","1","0","0","0","1","0","2","0","2","","","","N","","","","","","","","","",""
"2022050573","0629","0","0","0","0","0","0","0","0","0","1","0","","67","5","2022","4","40.033856","-75.140736","0616","6","0","0","0","0","0","0","0","0","","0","0","0","","","0","N","0","","40 02:01.880","","0","75 08:26.650","9","0","0","0","67301","0","0","0","N","0","0","0","1","67301","0","","6.0","","1","N","N","N","0","","0","0","2","","0","","","2","0","0","0","0","0","1","2","0","2","","03","","N","","","","","","","","","",""
"2022052926","1145","1","0","0","0","0","0","0","0","0","4","0","","67","6","2022","1","40.000118","-75.177903","1140","6","0","0","0","0","0","1","0","0","","0","0","0","","","6","","2","","40 00:00.424","","0","75 10:40.450","3","0","0","0","67301","0","0","0","N","0","0","0","6","67301","3","","1.0","","1","N","N","N","0","","3","0","2","","2","","","3","6","0","0","0","0","0","2","0","3","","03","","N","","","","","","","","","",""
"2022063364","1914","2","0","0","0","0","0","0","0","0","1","0","","67","5","2022","6","39.937638","-75.198406","1909","6","0","0","0","0","0","2","0","0","","0","0","0","","","2","N","0","","39 56:15.498","4","0","75 11:54.261","3","0","0","0","67301","0","0","0","N","0","0","0","4","68K01","1","","1.0","2002.0","1","N","N","N","0","","1","0","2","","0","N","","4","2","0","0","0","0","0","2","0","4","","","","N","","","","","","","","","",""
"2022063448","0500","3","0","0","0","0","0","0","0","0","4","0","","67","7","2022","6","40.071953","-75.03935","0457","6","0","0","0","0","0","0","0","0","","0","0","0","","","1","N","0","","40 04:19.030","","0","75 02:21.660","8","0","0","0","67301","0","0","0","N","0","0","0","1","67301","0","","6.0","","1","N","N","N","0","","0","0","0","","3","","","3","1","0","0","0","1","0","2","0","3","","","","N","","","","","","","","","",""
"2022063030","1530","2","0","1","0","0","0","0","0","0","4","0","","67","5","2022","3","39.904045","-75.240114","1524","6","0","0","0","0","0","1","0","0","","0","0","0","","","1","","1","","39 54:14.563","","0","75 14:24.409","2","0","0","0","67301","0","0","0","N","0","0","0","3","67301","0","","1.0","","1","N","N","N","0","","0","1","0","","2","","","2","1","0","0","0","0","0","2","0","2","","03","","N","","","","","","","","","",""
"2022039427","","2","0","0","0","0","0","0","0","0","4","0","","67","4","2022","3","39.918889","-75.210139","","6","0","0","0","1","0","0","0","0","","0","0","0","","","2","N","0","","39 55:08.000","","7","75 12:36.500","8","0","0","0","67301","0","0","0","N","0","0","0","3","00000","0","","1.0","","1","","","N","0","","0","0","0","","0","","","4","2","0","0","0","2","0","2","0","4","","","","N","","","","","","","","","",""
"2022064467","1645","0","0","0","0","0","0","0","0","0","4","0","","67","6","2022","5","39.98976","-75.117702","1645","6","0","0","0","0","1","0","0","0","","0","0","0","","","1","","1","","39 59:23.135","","0","75 07:03.727","8","0","0","1","67301","0","0","0","N","0","0","0","2","67301","0","","1.0","","1","N","N","N","0","","0","0","1","","2","","","2","1","0","0","0","1","0","2","0","2","","03","","N","","","","","","","","","",""
"2022050537","1506","0","0","0","0","0","0","0","0","0","1","0","","67","5","2022","4","40.038025","-75.181192","1502","6","0","0","0","0","0","0","0","0","","0","0","0","","","1","N","0","","40 02:16.890","","0","75 10:52.290","8","0","0","0","67301","0","0","0","N","0","0","0","1","67301","0","","6.0","","1","N","N","N","1","","0","0","1","","0","","","2","1","0","0","0","1","0","2","0","2","","03","","N","","","","","","","","","",""
"2022049672","0240","1","0","0","0","0","0","0","0","0","4","0","","67","5","2022","5","39.957054","-75.235742","0237","6","0","0","0","0","0","0","0","0","","0","0","0","","","0","","1","","39 57:25.394","","0","75 14:08.671","9","0","0","0","67301","0","0","0","N","0","0","0","3","67301","0","","1.0","","1","N","N","N","0","","0","0","0","","3","","","2","0","0","0","0","0","2","2","0","2","","03","","N","","","","","","","","","",""
"2022061759","2050","2","0","0","0","0","0","0","0","0","1","0","","67","5","2022","1","40.033416","-75.020479","2033","6","0","0","0","0","0","1","0","0","","0","0","0","","","1","N","0","","40 02:00.297","2","3","75 01:13.724","8","0","0","0","67301","0","0","0","N","0","0","0","3","68K01","0","","1.0","2140.0","1","N","N","N","0","","0","0","0","","0","N","","3","1","0","0","0","1","0","2","1","3","","","","N","","","","","","","","","",""
"2022061057","1737","1","0","0","0","0","0","0","0","0","1","0","","67","6","2022","1","40.027214","-75.114526","1725","6","0","0","0","0","0","2","0","0","","0","0","0","","","1","","1","","40 01:37.970","","0","75 06:52.293","8","0","0","0","67301","0","0","0","N","0","0","0","2","67301","0","","1.0","","99","N","N","N","0","","0","0","1","","3","","","2","1","0","0","0","1","1","2","0","2","","03","","N","","","","","","","","","",""
"2022068592","2150","0","0","0","0","0","0","0","0","0","7","0","","67","7","2022","4","39.939866","-75.211417","2140","6","0","0","0","0","0","0","0","0","","0","0","0","","","1","","2","","39 56:23.517","","0","75 12:41.102","3","0","0","0","67301","0","0","0","N","0","0","0","1","67301","0","","4.0","","1","N","N","N","0","","1","0","1","","0","","","1","1","0","0","0","0","0","2","0","1","","","","N","","","","","","","","","",""
"2022063071","0319","0","0","0","0","0","0","0","0","0","7","0","","67","5","2022","5","39.982104","-75.223731","0317","6","0","0","0","0","0","0","0","0","","0","0","0","","","0","","2","","39 58:55.574","","0","75 13:25.431","0","0","0","0","67301","0","0","0","N","0","0","0","1","67301","0","","4.0","","1","N","N","N","0","","0","0","1","","3","","","1","0","0","0","0","0","0","2","0","1","","","","N","","","","","","","","","",""
"2022064366","1341","2","0","0","0","0","0","0","0","0","1","0","","67","7","2022","6","39.970638","-75.125052","1321","6","0","0","0","0","1","0","0","0","","0","0","0","","","1","N","0","","39 58:14.298","2","0","75 07:30.187","3","0","0","0","67301","0","0","0","N","0","0","0","2","68K01","0","","1.0","1350.0","1","N","N","N","0","","1","0","0","","0","N","","2","1","0","0","0","0","0","2","0","2","","","","N","","","","","","","","","",""
"2022050574","0901","2","0","0","0","0","0","0","0","0","1","0","","67","5","2022","6","40.0367","-75.149253","0900","6","0","0","0","0","0","0","0","0","","0","0","0","","","1","N","0","","40 02:12.120","","0","75 08:57.310","3","0","0","0","67301","0","0","0","N","0","0","0","2","67301","0","","6.0","","1","N","Y","N","0","","1","0","1","","0","","","3","1","0","0","0","0","0","2","0","3","","04","","N","","","","","","","","","",""
"2022050740","1705","0","0","0","1","0","0","0","0","0","8","0","","67","5","2022","7","39.945901","-75.183689","1704","6","0","0","0","0","0","0","0","0","","0","0","0","","","1","","1","","39 56:45.243","","0","75 11:01.280","3","0","0","0","67301","1","0","0","N","0","0","0","2","67301","0","","1.0","","1","N","N","N","0","","1","0","1","","0","","","2","1","0","0","0","0","0","2","0","1","","04","","N","","","","","","","","","",""
"2022065460","2000","0","0","0","0","0","0","0","0","0","7","0","","67","7","2022","7","39.913697","-75.148138","1957","6","0","0","0","0","0","1","0","0","","0","0","0","","","1","N","0","","39 54:49.309","1","7","75 08:53.295","3","0","0","1","67301","0","0","0","N","0","0","0","1","67301","0","","5.0","2100.0","1","N","N","N","0","","1","0","0","","0","N","","1","1","0","0","0","0","0","2","0","1","","04","","N","","","","","","","","","",""
"2022046407","","0","0","0","0","0","0","0","0","0","5","0","","67","4","2022","2","39.964667","-75.234167","","6","0","0","0","0","0","0","0","0","","0","0","0","","","1","N","0","","39 57:52.800","","0","75 14:03.000","8","0","0","0","67301","0","0","0","N","0","0","0","2","00000","0","","1.0","","1","","","N","0","","0","0","2","","0","","","2","1","0","0","0","1","0","2","0","2","","","","N","","","","","","","","","",""
"2022064052","0817","2","0","0","0","0","0","0","0","0","4","0","","67","7","2022","3","40.05295","-75.170924","0817","6","0","0","0","0","0","0","0","0","","0","0","0","","","0","N","0","","40 03:10.621","","0","75 10:15.327","0","0","0","0","67301","0","0","0","N","0","0","0","2","67301","0","","2.0","","1","N","N","N","0","","0","0","0","","0","","","2","0","0","0","0","0","0","2","0","2","","","","N","","","","","","","","","",""
"2022064306","1718","1","0","0","0","0","0","0","0","0","4","0","","67","7","2022","3","40.043783","-75.012708","1713","6","0","0","0","0","0","0","2","0","","0","0","0","","","4","","1","","40 02:37.620","7","0","75 00:45.749","2","0","0","0","67301","0","0","0","N","0","0","0","4","67301","1","","1.0","200.0","1","N","N","N","0","","0","3","2","","3","Y","","3","4","4","0","3","0","0","2","0","3","","03","","N","","","","","","","","","",""
"2022054105","1650","2","0","0","0","0","0","0","0","0","4","0","","67","6","2022","6","39.960654","-75.192616","1646","6","0","0","0","0","0","1","0","0","","0","0","0","","","3","","1","","39 57:38.354","","0","75 11:33.417","8","0","0","0","67301","0","0","0","N","0","0","0","3","67507","0","","1.0","","1","N","N","N","0","","0","0","0","","3","","","2","3","0","0","0","3","0","2","0","2","","","","N","","","","","","","","","",""
"2022063058","0122","1","0","0","0","0","0","0","0","0","1","0","","67","4","2022","7","40.007511","-75.204831","0119","6","0","0","0","0","1","0","0","0","","0","0","0","","","0","N","0","","40 00:27.040","","0","75 12:17.390","0","0","0","0","67301","0","0","0","N","0","0","0","2","67301","0","","1.0","","9","N","N","N","0","","0","0","1","","0","","","2","0","0","0","0","0","0","2","0","2","","07","","N","","","","","","","","","",""
"2022050570","1950","0","0","0","0","0","0","0","0","0","1","0","","67","5","2022","1","40.025178","-75.125421","1940","6","0","0","0","0","0","0","0","0","","0","0","0","","","2","","1","","40 01:30.639","1","0","75 07:31.514","3","0","0","0","67301","0","0","0","N","0","0","0","6","67301","0","","1.0","2010.0","1","N","N","N","0","","2","0","2","","2","Y","","2","2","0","0","0","0","0","2","0","2","","03","","N","","","","","","","","","",""
"2022068551","2215","2","0","0","0","0","0","0","0","0","4","0","","67","7","2022","5","40.059513","-75.05199","2215","6","0","0","0","0","0","0","0","0","","0","0","0","","","1","","1","","40 03:34.246","","0","75 03:07.165","3","0","0","0","67301","0","0","0","N","0","0","0","3","67301","0","","1.0","","99","N","N","N","0","","1","0","0","","2","","","2","1","0","0","0","0","1","2","0","2","","","","N","","","","","","","","","",""
"2022049233","1400","3","0","0","0","0","0","0","0","0","5","0","","67","5","2022","4","39.982608","-75.181716","1438","6","0","0","0","0","0","0","0","0","","0","0","0","","","0","N","0","","39 58:57.390","6","0","75 10:54.179","0","0","0","0","67301","0","0","0","N","0","0","0","1","67301","0","","6.0","1557.0","1","N","N","Y","0","","0","0","2","","0","Y","","5","0","0","0","0","0","0","2","0","5","","03","","N","","","","","","","","","",""
"2022061803","0814","1","0","0","0","0","0","0","0","0","7","0","","67","6","2022","1","39.958634","-75.16891","0808","6","0","0","0","0","0","0","0","0","","0","0","0","","","0","N","0","","39 57:31.081","","0","75 10:08.077","0","0","0","0","67301","0","0","0","N","0","0","0","2","68K01","0","","4.0","","9","N","N","N","0","","0","0","0","","0","","","1","0","0","0","0","0","0","2","0","1","","","","N","","","","","","","","","",""
"2022068254","1425","1","0","0","0","0","0","0","0","0","7","0","","67","7","2022","1","39.981229","-75.102438","1425","6","0","0","0","0","0","0","0","0","","0","0","0","","","0","N","0","","39 58:52.426","1","0","75 06:08.778","0","0","0","0","67301","0","0","0","N","0","0","0","1","68K01","0","","3.0","235.0","1","N","N","N","0","","0","0","0","","0","N","","1","0","0","0","0","0","0","2","0","1","","03","","N","","","","","","","","","",""
"2022068762","0730","1","0","0","0","0","0","0","0","0","7","0","","67","5","2022","2","39.889958","-75.230599","0707","6","0","0","0","0","0","0","0","0","","0","0","0","","","2","","3","","39 53:23.848","","0","75 13:50.157","8","0","0","0","67301","0","0","0","N","0","0","0","2","67301","0","","9.0","","1","N","N","N","0","","0","0","0","","0","","","1","2","0","0","0","2","0","2","0","1","","03","","N","","","","","","","","","",""
"2022063142","1652","1","0","0","0","0","0","0","0","0","5","1","","67","6","2022","6","39.931684","-75.145532","1631","6","0","0","0","0","0","1","0","1","","0","1","0","","","1","N","0","","39 55:54.061","1","0","75 08:43.915","8","0","0","0","67301","0","0","0","N","0","0","0","3","68K01","0","","1.0","1720.0","1","N","N","N","0","","0","0","1","","0","Y","","3","1","0","0","0","1","0","2","0","3","","","","N","","","","","","","","","",""
"2022065789","1151","1","0","0","0","0","0","0","0","0","99","0","","67","7","2022","6","40.012297","-75.138428","1150","6","0","0","1","0","0","0","0","0","","0","0","0","","","1","N","0","","40 00:44.270","","0","75 08:18.340","3","0","0","0","67301","0","0","0","N","0","0","0","1","67301","0","","1.0","","1","N","N","N","0","","1","0","0","","0","","","2","1","1","0","0","0","0","2","0","2","","03","","N","","","","","","","","","",""
"2022053411","1429","0","0","0","0","0","0","0","0","0","5","0","","67","6","2022","4","39.959056","-75.190861","1426","6","0","0","0","1","0","0","0","0","","0","0","0","","","0","N","0","","39 57:32.600","","0","75 11:27.100","0","0","0","0","67301","0","0","0","N","0","0","0","2","67507","0","","1.0","","1","N","N","N","1","","0","0","1","","0","","","2","0","0","0","0","0","0","2","0","2","","02","","N","","","","","","","","","",""
"2022065987","1927","0","0","0","0","0","0","0","0","0","1","0","","67","7","2022","7","39.959055","-75.171308","1913","6","0","0","0","0","0","1","0","0","","0","0","0","","","0","N","0","","39 57:32.597","4","0","75 10:16.709","0","0","0","0","67301","0","0","0","N","0","0","0","2","68K01","0","","1.0","1948.0","1","N","N","N","0","","0","0","2","","0","N","","2","0","0","0","0","0","0","2","0","2","","03","","N","","","","","","","","","",""
"2022063048","1616","0","0","0","0","0","0","0","0","0","5","0","","67","2","2022","2","39.964056","-75.231833","1616","6","0","0","0","0","0","0","0","0","","0","0","0","","","0","N","0","","39 57:50.600","4","0","75 13:54.600","9","0","0","0","67301","0","0","0","N","0","0","0","1","67301","0","","6.0","1854.0","1","N","N","N","0","","0","0","2","","0","Y","","2","0","0","0","0","0","1","2","0","2","","03","","N","","","","","","","","","",""
"2022043784","","1","0","0","0","0","0","0","0","0","4","0","","67","4","2022","5","39.957292","-75.247874","","6","0","0","0","0","0","0","0","0","","0","0","0","","","1","","1","","39 57:26.251","","0","75 14:52.347","8","0","0","0","67301","0","0","0","N","0","0","0","2","00000","0","","1.0","","1","","","N","0","","0","0","1","","2","","","2","1","1","0","0","1","0","2","0","2","","","","N","","","","","","","","","",""
"2022052227","1009","0","0","0","0","0","0","0","0","0","5","0","","67","6","2022","1","40.066878","-75.17824","0959","6","0","0","0","0","0","0","0","0","","0","0","0","","","0","N","0","","40 04:00.759","","0","75 10:41.663","9","0","0","0","67301","0","0","0","N","0","0","0","1","67301","0","","6.0","","1","N","N","N","0","","0","0","1","","0","","","2","0","0","0","0","0","1","2","1","2","","","","N","","","","","","","","","",""
"2022063372","0819","1","0","0","0","0","0","0","0","0","4","0","","67","6","2022","3","39.928271","-75.146293","0810","6","0","0","0","0","0","1","0","0","","0","0","0","","","1","N","0","","39 55:41.774","","0","75 08:46.655","3","0","0","0","67301","0","0","0","N","0","0","0","2","68K01","0","","1.0","","1","N","N","N","2","","1","0","0","","0","","","3","1","0","0","0","0","0","2","0","3","","03","","N","","","","","","","","","",""
"2022063994","0318","1","0","0","0","0","0","0","0","0","7","0","","67","7","2022","7","39.983417","-75.208063","0317","6","0","0","0","0","0","0","0","0","","0","0","0","","","1","N","0","","39 59:00.301","4","0","75 12:29.027","3","0","0","0","67301","0","0","0","N","0","0","0","1","68K01","0","","4.0","400.0","9","N","N","N","0","","1","0","0","","0","N","","1","1","0","0","0","0","0","2","0","1","","07","","N","","","","","","","","","",""
"2022063236","1639","1","0","0","0","0","0","0","0","0","1","0","","67","7","2022","3","40.042566","-75.113363","1639","6","0","0","0","0","0","0","0","0","","0","0","0","","","0","","1","","40 02:33.239","","0","75 06:48.108","9","0","0","0","67301","0","0","0","N","0","0","0","3","67301","0","","1.0","","99","N","N","N","1","","0","0","0","","2","","","2","0","1","0","0","0","3","2","0","2","","","","N","","","","","","","","","",""
"2022067180","0833","1","0","0","0","0","0","0","0","0","7","0","","67","7","2022","5","40.046752","-75.000763","0831","6","0","0","0","0","0","0","0","0","","0","0","0","","","0","","7","","40 02:48.306","","2","75 00:02.745","0","0","0","0","67301","0","0","0","N","0","0","0","1","68K01","0","","2.0","","9","N","N","N","0","","0","0","0","","0","","","1","0","0","0","0","0","0","2","0","1","","","","N","","","","","","","","","",""
"2022058180","0100","0","0","0","0","0","0","1","0","0","5","1","","67","6","2022","4","40.063639","-75.083306","1240","6","0","0","0","0","0","0","0","0","","0","0","0","","","1","N","0","","40 03:49.100","","0","75 04:59.900","8","0","0","0","67301","0","0","0","N","0","0","0","3","67508","0","","1.0","","1","N","N","N","0","","0","0","0","","0","","","2","1","0","0","0","1","1","2","0","2","","","","N","","","","","","","","","",""
"2022062300","1315","1","0","0","0","0","0","0","0","0","1","1","20","67","5","2022","5","39.986063","-75.092264","1255","6","0","0","0","0","0","0","0","0","","0","1","0","","","2","N","0","","39 59:09.828","1","2","75 05:32.149","3","0","0","0","67301","0","0","0","Y","0","0","0","2","68K01","0","","1.0","1410.0","1","N","N","N","0","","2","0","0","","8","N","","2","2","0","0","0","0","0","2","0","2","","03","Y","Y","4","2","N","N","N","Y","N","N","N","Y"
"2022068591","2135","0","0","0","1","0","0","0","0","0","8","0","","67","7","2022","3","39.959016","-75.217342","2128","6","0","0","0","0","0","0","0","0","","0","0","0","","","1","N","0","","39 57:32.457","","0","75 13:02.431","3","0","0","0","67301","1","0","0","N","0","0","0","1","67301","0","","1.0","","1","N","N","N","0","","1","0","0","","0","","","2","1","0","0","0","0","0","2","0","1","","03","","N","","","","","","","","","",""
"2022063204","0819","0","0","0","0","0","0","1","0","0","6","1","","67","7","2022","6","40.042984","-75.160782","0819","6","0","0","0","0","0","0","0","0","","0","0","0","","","0","N","0","","40 02:34.743","","0","75 09:38.816","0","0","0","0","67301","0","0","0","N","0","0","0","1","67301","0","","6.0","","99","Y","N","N","0","","0","0","1","","0","","","2","0","0","0","0","0","0","2","0","2","","","","N","","","","","","","","","",""
"2022063935","0549","0","0","0","0","0","0","0","0","0","7","0","","67","6","2022","5","39.99483","-75.083642","0543","6","0","0","0","0","0","0","0","0","","0","0","0","","","0","N","0","","39 59:41.388","","0","75 05:01.112","0","0","0","0","67301","0","0","0","N","0","0","0","1","68K01","0","","2.0","","9","N","N","N","0","","0","0","1","","0","","","1","0","0","0","0","0","0","2","0","1","","07","","N","","","","","","","","","",""
"2022033221","","0","0","0","0","0","0","0","0","0","7","0","","67","3","2022","2","39.911099","-75.149892","","6","0","0","0","0","0","0","0","0","","0","0","0","","","0","N","0","","39 54:39.957","","8","75 08:59.611","0","0","0","0","67301","0","0","0","N","0","0","0","1","00000","0","","4.0","","1","","","N","0","","0","0","1","","0","","","1","0","0","0","0","0","0","2","0","1","","","","N","","","","","","","","","",""
"2022053206","0019","1","0","0","0","0","0","0","0","0","8","0","","67","5","2022","2","39.995052","-75.163187","0017","6","0","0","0","0","0","0","0","0","","0","0","0","","","2","","1","","39 59:42.186","","0","75 09:47.473","2","0","0","0","67301","1","0","1","N","1","0","1","3","67301","0","","1.0","","1","N","N","N","0","","1","1","0","","1","","","2","2","0","0","0","0","1","2","0","1","","03","","N","","","","","","","","","",""
"2022051166","2059","1","0","0","0","0","0","0","0","0","5","0","","67","5","2022","4","39.98131","-75.102829","2046","6","0","0","0","0","0","0","0","0","","0","0","0","","","0","N","0","","39 58:52.715","","0","75 06:10.185","0","0","0","0","67301","0","0","0","N","0","0","0","2","68K01","0","","1.0","","1","N","N","N","1","","0","0","0","","0","","","2","0","0","0","0","0","0","2","0","2","","","","N","","","","","","","","","",""
"2022064347","1754","2","0","0","0","0","0","0","0","0","5","1","","67","6","2022","4","39.998938","-75.195409","1741","6","0","0","0","0","0","0","1","0","","0","1","0","","","0","N","0","","39 59:56.178","","0","75 11:43.472","0","0","0","0","67301","0","0","0","N","0","0","0","3","68K01","0","","1.0","","1","N","N","N","0","","0","0","0","","0","","","3","0","0","0","0","0","0","2","0","3","","","","N","","","","","","","","","",""
"2022063133","0310","2","0","0","0","0","0","0","0","0","5","0","","67","6","2022","2","39.932151","-75.200075","0256","6","0","0","0","0","1","0","0","0","","0","0","0","","","1","N","0","","39 55:55.744","","0","75 12:00.271","8","0","0","0","67301","0","0","0","N","0","0","0","2","68K01","0","","1.0","","1","N","N","N","0","","0","0","0","","0","","","2","1","0","0","0","1","0","2","0","2","","","","N","","","","","","","","","",""
"2022054586","0346","0","0","0","0","0","0","0","0","0","1","0","","67","5","2022","7","40.008653","-75.203614","0342","6","0","0","0","0","0","0","0","0","","0","0","0","","","1","N","0","","40 00:31.150","4","2","75 12:13.012","8","0","0","0","67301","0","0","0","N","0","0","0","2","68K01","0","","1.0","440.0","9","N","N","N","0","","0","0","1","","0","N","","2","1","0","0","0","1","0","2","1","2","","","","N","","","","","","","","","",""
"2022059993","","1","0","0","0","0","0","0","0","0","1","0","","67","2","2022","1","40.026789","-75.097993","","6","0","0","0","0","0","0","0","0","","0","0","0","","","1","Y","0","","40 01:36.440","","0","75 05:52.773","8","0","0","0","67301","0","0","0","N","0","0","0","3","00000","0","","1.0","","1","","","N","0","","0","0","1","","2","","","3","1","0","0","0","1","0","2","0","3","","","","N","","","","","","","","","",""
"2022063056","0123","1","0","0","0","0","0","1","0","0","1","1","","67","3","2022","5","39.96166","-75.238099","0123","6","0","0","0","0","0","0","0","0","","0","0","0","","","1","N","0","","39 57:41.977","4","0","75 14:17.155","8","0","0","0","67301","0","0","0","N","0","0","0","1","67301","0","","6.0","140.0","1","N","N","N","0","","0","0","0","","0","Y","","2","1","0","0","0","1","0","2","0","2","","","","N","","","","","","","","","",""
"2022053366","","1","0","0","0","0","0","0","0","0","4","0","","67","2","2022","3","40.029849","-75.104298","","6","0","0","0","0","0","0","0","0","","0","0","0","","","1","","1","","40 01:47.456","","0","75 06:15.471","8","0","0","0","67301","0","0","0","N","0","0","0","3","00000","0","","1.0","","1","","","N","0","","0","0","0","","2","","","2","1","1","0","0","1","0","2","0","2","","","","N","","","","","","","","","",""
"2022064681","0917","0","0","0","0","0","0","0","0","0","7","0","","67","6","2022","1","40.043382","-75.003132","0843","6","0","0","0","0","0","0","0","0","","0","0","0","","","0","N","0","","40 02:36.175","","0","75 00:11.276","0","0","0","0","67301","0","0","0","Y","0","0","0","1","68K01","0","","4.0","","8","N","N","N","1","","0","0","0","","0","","","1","0","0","0","0","0","0","2","0","1","","","","N","","","","","","","","","",""
"2022049424","2343","1","0","0","0","0","0","0","0","0","1","0","","67","5","2022","5","40.064954","-75.168371","2338","6","0","0","0","0","0","0","0","0","","0","0","0","","","1","Y","0","","40 03:53.833","","0","75 10:06.136","4","0","0","0","67301","0","0","0","N","0","0","0","4","67301","1","","1.0","","9","N","N","N","0","","0","0","1","","0","","","2","1","1","0","0","0","0","2","0","2","","","","N","","","","","","","","","",""
"2022066283","2251","0","0","0","0","0","0","0","0","0","5","0","","67","6","2022","1","39.979643","-75.106251","2241","6","0","0","0","0","0","0","0","0","","0","0","0","","","1","N","0","","39 58:46.716","","0","75 06:22.503","3","0","0","0","67301","0","0","0","N","0","0","0","2","68K01","0","","1.0","","1","N","N","N","0","","1","0","0","","0","","","2","1","0","0","0","0","1","2","1","2","","","","N","","","","","","","","","",""