"CRN","ARRIVAL_TM","AUTOMOBILE_COUNT","BELTED_DEATH_COUNT","BELTED_SUSP_SERIOUS_INJ_COUNT","BICYCLE_COUNT","BICYCLE_DEATH_COUNT","BICYCLE_SUSP_SERIOUS_INJ_COUNT","BUS_COUNT","CHLDPAS_DEATH_COUNT","CHLDPAS_SUSP_SERIOUS_INJ_COUNT","COLLISION_TYPE","COMM_VEH_COUNT","CONS_ZONE_SPD_LIM","COUNTY","CRASH_MONTH","CRASH_YEAR","DAY_OF_WEEK","DEC_LATITUDE","DEC_LONGITUDE","DISPATCH_TM","DISTRICT","DRIVER_COUNT_16YR","DRIVER_COUNT_17YR","DRIVER_COUNT_18YR","DRIVER_COUNT_19YR","DRIVER_COUNT_20YR","DRIVER_COUNT_50_64YR","DRIVER_COUNT_65_74YR","DRIVER_COUNT_75PLUS","EST_HRS_CLOSED","FATAL_COUNT","HEAVY_TRUCK_COUNT","HORSE_BUGGY_COUNT","HOUR_OF_DAY","ILLUMINATION","INJURY_COUNT","INTERSECTION_RELATED","INTERSECT_TYPE","LANE_CLOSED","LATITUDE","LN_CLOSE_DIR","LOCATION_TYPE","LONGITUDE","MAX_SEVERITY_LEVEL","MCYCLE_DEATH_COUNT","MCYCLE_SUSP_SERIOUS_INJ_COUNT","MOTORCYCLE_COUNT","MUNICIPALITY","NONMOTR_COUNT","NONMOTR_DEATH_COUNT","NONMOTR_SUSP_SERIOUS_INJ_COUNT","NTFY_HIWY_MAINT","PED_COUNT","PED_DEATH_COUNT","PED_SUSP_SERIOUS_INJ_COUNT","PERSON_COUNT","POLICE_AGCY","POSSIBLE_INJ_COUNT","RDWY_SURF_TYPE_CD","RELATION_TO_ROAD","ROADWAY_CLEARED","ROAD_CONDITION","SCH_BUS_IND","SCH_ZONE_IND","SECONDARY_CRASH","SMALL_TRUCK_COUNT","SPEC_JURIS_CD","SUSP_MINOR_INJ_COUNT","SUSP_SERIOUS_INJ_COUNT","SUV_COUNT","TCD_FUNC_CD","TCD_TYPE","TFC_DETOUR_IND","TIME_OF_DAY","TOTAL_UNITS","TOT_INJ_COUNT","UNBELTED_OCC_COUNT","UNB_DEATH_COUNT","UNB_SUSP_SERIOUS_INJ_COUNT","UNK_INJ_DEG_COUNT","UNK_INJ_PER_COUNT","URBAN_RURAL","VAN_COUNT","VEHICLE_COUNT","WEATHER1","WEATHER2","WORKERS_PRES","WORK_ZONE_IND","WORK_ZONE_LOC","WORK_ZONE_TYPE","WZ_CLOSE_DETOUR","WZ_FLAGGER","WZ_LAW_OFFCR_IND","WZ_LN_CLOSURE","WZ_MOVING","WZ_OTHER","WZ_SHLDER_MDN","WZ_WORKERS_INJ_KILLED"
"2022058786","1705","0","0","0","0","0","0","1","0","0","4","1","","67","6","2022","3","40.009832","-75.166871","1650","6","0","0","0","0","0","0","0","0","","0","0","0","","","4","N","1","","40 00:35.396","","0","75 10:00.737","4","0","0","0","67301","0","0","0","N","0","0","0","6","67508","4","","1.0","","1","N","N","Y","0","","0","0","0","","2","N","","2","4","0","0","0","0","0","2","0","2","","03","","N","","","","","","","","","",""
"2022064868","1606","2","0","0","0","0","0","0","0","0","4","0","","67","7","2022","4","39.986802","-75.176076","1605","6","0","0","0","0","0","0","0","0","","0","0","0","","","1","","2","","39 59:12.487","","0","75 10:33.873","4","0","0","0","67301","0","0","0","N","0","0","0","2","67301","1","","1.0","","1","N","N","N","0","","0","0","0","","3","","","2","1","1","0","0","0","0","2","0","2","","03","","N","","","","","","","","","",""
"2022063059","0440","1","0","0","0","0","0","0","0","0","6","0","","67","4","2022","2","39.967906","-75.2272","0431","6","0","0","0","0","0","0","0","0","","0","0","0","","","0","N","0","","39 58:04.460","","0","75 13:37.920","0","0","0","0","67301","0","0","0","N","0","0","0","2","67301","0","","6.0","","1","N","N","N","0","","0","0","0","","0","","","2","0","0","0","0","0","0","2","0","2","","03","","N","","","","","","","","","",""
"2022049051","1625","1","0","0","0","0","0","0","0","0","4","0","","67","5","2022","3","40.060092","-75.054781","1619","6","0","0","0","0","1","0","1","0","","0","0","0","","","1","","1","","40 03:36.331","","0","75 03:17.211","4","0","0","0","67301","0","0","0","N","0","0","0","2","67301","1","","1.0","","1","N","N","Y","0","","0","0","1","","3","","","2","1","0","0","0","0","0","2","0","2","","","","N","","","","","","","","","",""
"2022067225","1920","0","0","0","0","0","0","1","0","0","1","1","","67","7","2022","4","40.005674","-75.101062","1908","6","0","0","0","0","0","1","0","0","","0","0","0","","","3","","1","","40 00:20.425","3","0","75 06:03.822","4","0","0","0","67301","0","0","0","N","0","0","0","3","67508","3","","1.0","9999.0","1","N","N","Y","0","","0","0","0","","2","N","","2","3","0","0","0","0","0","2","1","2","","03","","N","","","","","","","","","",""
"2022049361","0349","0","0","0","0","0","0","0","0","0","4","0","","67","5","2022","5","39.985822","-75.181018","0347","6","0","0","1","0","0","0","0","1","","0","0","0","","","4","","1","","39 59:08.960","","0","75 10:51.665","2","0","0","0","67301","0","0","0","N","0","0","0","4","67301","0","","1.0","","1","Y","Y","N","0","","2","2","1","","2","","","2","4","3","0","2","0","0","2","1","2","","04","","N","","","","","","","","","",""
"2022063208","0238","2","0","0","0","0","0","0","0","0","4","0","","67","7","2022","1","40.011228","-75.182992","0234","6","0","0","0","0","0","0","0","0","","0","0","0","","","1","N","0","","40 00:40.422","2","0","75 10:58.770","3","0","0","0","67301","0","0","0","N","0","0","0","2","67301","0","","1.0","430.0","1","N","N","N","0","","1","0","0","","0","Y","","2","1","1","0","0","0","0","2","0","2","","04","","N","","","","","","","","","",""
"2022054582","0030","2","0","0","0","0","0","0","0","0","1","0","","67","5","2022","6","39.970831","-75.124763","0024","6","0","0","0","0","0","0","0","0","","0","0","0","","","3","N","0","","39 58:14.992","2","3","75 07:29.147","3","0","0","0","67301","0","0","0","N","0","0","0","3","68K01","0","","1.0","1250.0","1","N","N","N","0","","3","0","0","","0","N","","2","3","0","0","0","0","0","2","0","2","","","","N","","","","","","","","","",""
"2022049433","1406","2","0","0","0","0","0","0","0","0","1","0","","67","5","2022","5","39.991699","-75.185608","1404","6","0","0","0","0","0","0","0","0","","0","0","0","","","1","","1","","39 59:30.115","","0","75 11:08.190","8","0","0","0","67301","0","0","0","N","0","0","0","2","67301","0","","1.0","","1","N","N","N","0","","0","0","0","","2","","","2","1","2","0","0","1","0","2","0","2","","03","","N","","","","","","","","","",""
"2022063141","1857","0","0","0","0","0","0","0","0","0","5","1","","67","6","2022","4","40.012487","-75.059361","1837","6","0","0","0","0","0","0","0","0","","0","1","0","","","2","N","0","","40 00:44.954","2","0","75 03:33.699","3","0","0","0","67301","0","0","0","N","0","0","0","3","68K01","0","","1.0","1850.0","1","N","N","N","0","","2","0","1","","0","N","","2","2","0","0","0","0","0","2","0","2","","03","","N","","","","","","","","","",""
"2022061054","2233","2","0","0","0","0","0","0","0","0","1","0","","67","6","2022","2","40.032806","-75.13875","2233","6","0","0","0","0","0","0","0","0","","0","0","0","","","1","N","0","","40 01:58.100","","0","75 08:19.500","8","0","0","0","67301","0","0","0","N","0","0","0","1","67301","0","","6.0","","1","N","N","N","0","","0","0","1","","0","","","3","1","0","0","0","1","0","2","0","3","","","","N","","","","","","","","","",""
"2022064941","0647","1","0","0","0","0","0","0","0","0","1","0","","67","7","2022","5","39.960123","-75.179876","0640","6","0","0","0","0","0","0","0","0","","0","0","0","","","0","N","0","","39 57:36.441","","0","75 10:47.553","0","0","0","0","67301","0","0","0","N","0","0","0","2","68K01","0","","1.0","","1","N","N","N","0","","0","0","0","","0","","","2","0","0","0","0","0","0","2","1","2","","03","","N","","","","","","","","","",""
"2022049171","1245","1","0","0","1","0","0","0","0","0","8","0","","67","5","2022","4","39.952564","-75.156507","1205","6","0","0","0","0","0","0","0","0","","0","0","0","","","1","","1","","39 57:09.230","","0","75 09:23.425","3","0","0","0","67301","1","0","0","N","0","0","0","2","67301","0","","1.0","","1","N","N","N","0","","1","0","0","","2","","","2","1","0","0","0","0","0","2","0","1","","","","N","","","","","","","","","",""
"2022063097","0845","2","0","0","0","0","0","0","0","0","2","0","","67","7","2022","3","39.989374","-75.155607","0841","6","0","0","0","0","0","2","0","0","","0","0","0","","","1","","1","","39 59:21.748","2","0","75 09:20.186","3","0","0","0","67301","0","0","0","N","0","0","0","2","67301","0","","1.0","920.0","1","N","N","N","0","","1","0","0","","2","N","","2","1","0","0","0","0","0","2","0","2","","03","","N","","","","","","","","","",""
"2022065775","2120","1","0","0","0","0","0","0","0","0","4","0","","67","6","2022","6","39.945123","-75.242315","2100","6","0","0","0","0","0","0","0","0","","0","0","0","","","1","N","0","","39 56:42.441","","0","75 14:32.335","3","0","0","0","67301","0","0","0","N","0","0","0","1","67301","0","","1.0","","1","N","N","N","0","","1","0","0","","3","","","2","1","0","0","0","0","0","2","0","2","","03","","N","","","","","","","","","",""
"2022049061","0730","1","0","0","0","0","0","0","0","0","4","0","","67","5","2022","3","39.95478","-75.232064","0728","6","0","0","0","0","0","0","0","0","","0","0","0","","","2","","1","","39 57:17.208","","0","75 13:55.430","3","0","0","0","67301","0","0","0","N","0","0","0","3","67301","0","","1.0","","1","N","N","N","0","","2","0","1","","3","","","2","2","0","0","0","0","0","2","0","2","","04","","N","","","","","","","","","",""
"2022049638","1738","1","0","0","0","0","0","0","0","0","4","0","","67","5","2022","4","39.944661","-75.165335","1732","6","0","0","0","0","0","0","0","0","","0","0","0","","","3","","1","","39 56:40.780","2","0","75 09:55.207","4","0","0","0","67301","1","0","0","N","1","0","0","4","67301","1","","1.0","1830.0","1","N","N","N","0","","0","0","0","","2","N","","3","3","0","0","0","2","0","2","1","2","","","","N","","","","","","","","","",""
"2022061143","2142","1","0","0","0","0","0","0","0","0","7","0","","67","5","2022","1","39.900602","-75.155827","2131","6","0","0","0","0","0","0","0","0","","0","0","0","","","2","N","0","","39 54:02.166","","3","75 09:20.976","3","0","0","0","67301","0","0","0","N","0","0","0","2","68K01","0","","3.0","","1","N","N","N","0","","2","0","0","","0","","","1","2","0","0","0","0","0","2","0","1","","03","","N","","","","","","","","","",""
"2022055675","1415","1","0","0","0","0","0","0","0","0","8","0","","67","6","2022","6","40.029046","-75.146157","1410","6","0","0","0","0","0","0","0","0","","0","0","0","","","1","","1","","40 01:44.565","","0","75 08:46.165","3","0","0","0","67301","1","0","0","N","1","0","0","2","67301","0","","1.0","","1","N","N","N","0","","1","0","0","","2","","","2","1","1","0","0","0","1","2","0","1","","03","","N","","","","","","","","","",""
"2022044274","1740","0","0","0","0","0","0","1","0","0","5","1","","67","5","2022","4","39.961667","-75.191167","1739","6","0","0","0","0","1","0","0","0","","0","0","0","","","1","N","0","","39 57:42.000","","0","75 11:28.200","4","0","0","0","67301","0","0","0","N","0","0","0","2","67507","1","","1.0","","1","Y","Y","N","0","","0","0","1","","0","","","2","1","0","0","0","0","0","2","0","2","","03","","N","","","","","","","","","",""
"2022050567","0224","1","0","0","0","0","0","0","0","0","8","0","","67","5","2022","1","40.006696","-75.143074","0212","6","0","0","0","0","0","0","0","0","","0","0","0","","","1","","5","","40 00:24.105","","0","75 08:35.066","2","0","0","0","67301","1","0","1","N","1","0","1","2","67301","0","","1.0","","1","N","N","N","0","","0","1","0","","0","","","2","1","0","0","0","0","0","2","0","1","","03","","N","","","","","","","","","",""
"2022063047","1222","1","0","0","0","0","0","0","0","0","1","0","","67","1","2022","3","39.978141","-75.267019","1218","6","0","0","0","0","0","1","0","0","","0","0","0","","","2","","1","","39 58:41.307","","0","75 16:01.268","3","0","0","0","67301","0","0","0","N","0","0","0","3","67301","0","","1.0","","1","N","N","Y","0","","2","0","1","","2","","","3","2","0","0","0","0","0","2","1","3","","03","","N","","","","","","","","","",""
"2022062835","1610","1","0","0","0","0","0","1","0","0","1","1","","67","6","2022","4","39.954573","-75.200104","1605","6","0","0","0","0","0","1","0","0","","0","0","0","","","1","","1","","39 57:16.462","5","0","75 12:00.374","4","0","0","0","67301","0","0","0","N","0","0","0","3","67508","1","","1.0","9999.0","1","N","N","N","0","","0","0","1","","0","Y","","3","1","0","0","0","0","1","2","0","3","","03","","N","","","","","","","","","",""
"2022039417","","0","0","0","0","0","0","0","0","0","5","0","","67","4","2022","7","39.958352","-75.224144","","6","0","0","0","1","0","0","0","0","","0","0","0","","","1","N","0","","39 57:30.068","","0","75 13:26.917","8","0","0","0","67301","0","0","0","N","0","0","0","2","00000","0","","1.0","","1","","","N","0","","0","0","1","","0","","","2","1","0","0","0","1","0","2","0","2","","","","N","","","","","","","","","",""
"2022064682","2005","3","0","0","0","0","0","0","0","0","1","0","","67","6","2022","1","39.968917","-75.21575","2005","6","0","0","0","0","0","0","0","0","","0","0","0","","","1","N","0","","39 58:08.100","4","0","75 12:56.700","4","0","0","0","67301","0","0","0","N","0","0","0","1","68K01","1","","6.0","2130.0","1","N","N","N","0","","0","0","2","","0","Y","","5","1","0","0","0","0","0","2","0","5","","","","N","","","","","","","","","",""
"2022049232","1257","0","0","0","0","0","0","0","0","0","4","0","","67","5","2022","3","39.993948","-75.154613","1257","6","0","0","0","0","0","0","0","0","","0","0","0","","","1","","1","","39 59:38.214","","0","75 09:16.608","8","0","0","0","67301","0","0","0","N","0","0","0","2","67301","0","","1.0","","99","N","N","N","0","","0","0","2","","2","","","2","1","0","0","0","1","1","2","0","2","","98","","N","","","","","","","","","",""
"2022063070","0340","1","0","0","0","0","0","0","0","0","5","0","","67","5","2022","2","39.972972","-75.227556","0330","6","0","0","1","0","0","0","0","0","","0","0","0","","","0","N","0","","39 58:22.700","","99","75 13:39.200","0","0","0","0","67301","0","0","0","N","0","0","0","1","67301","0","","6.0","","1","N","N","N","0","","0","0","1","","0","","","2","0","1","0","0","0","0","2","0","2","","","","N","","","","","","","","","",""
"2022049538","0850","0","0","0","1","0","0","0","0","0","8","0","","67","5","2022","5","39.941053","-75.175875","0845","6","0","0","0","0","0","0","0","0","","0","0","0","","","1","N","0","","39 56:27.790","","0","75 10:33.150","3","0","0","0","67301","1","0","0","N","0","0","0","2","67301","0","","1.0","","1","N","N","N","0","","1","0","1","","0","","","2","1","0","0","0","0","1","2","0","1","","03","","N","","","","","","","","","",""
"2022049761","2201","2","0","0","0","0","0","0","0","0","4","0","","67","5","2022","4","40.019666","-75.158645","2200","6","0","0","0","0","0","1","0","0","","0","0","0","","","2","","1","","40 01:10.797","","0","75 09:31.122","3","0","0","0","67301","0","0","0","N","0","0","0","3","67301","0","","1.0","","1","N","N","N","0","","2","0","0","","3","","","2","2","0","0","0","0","0","2","0","2","","03","","N","","","","","","","","","",""
"2022049781","1036","0","0","0","0","0","0","0","0","0","1","0","","67","5","2022","7","39.989794","-75.142736","1036","6","0","0","0","0","0","0","0","0","","1","0","0","","","0","N","0","","39 59:23.260","","0","75 08:33.850","1","0","0","0","67301","0","0","0","N","0","0","0","1","67301","0","2","6.0","","1","N","N","N","0","0","0","0","0","","0","","","2","0","0","0","0","0","0","2","1","2","","","","N","","","","","","","","","",""
"2022063046","1010","1","0","0","0","0","0","0","0","0","1","1","","67","6","2022","5","39.955427","-75.200572","0948","6","0","0","0","0","0","0","0","0","","0","1","0","","","0","N","0","","39 57:19.538","","0","75 12:02.059","0","0","0","0","67301","0","0","0","N","0","0","0","3","67301","0","","1.0","","1","N","N","N","0","","0","0","1","","0","","","3","0","1","0","0","0","0","2","0","3","","03","","N","","","","","","","","","",""
"2022064466","2059","1","0","0","0","0","0","0","0","0","4","0","","67","7","2022","2","40.031897","-75.108644","2059","6","0","0","0","0","0","0","0","1","","0","0","0","","","0","N","0","","40 01:54.830","","7","75 06:31.120","9","0","0","0","67301","0","0","0","N","0","0","0","1","67301","0","","6.0","","1","N","N","N","0","","0","0","1","","2","","","2","0","0","0","0","0","1","2","0","2","","03","","N","","","","","","","","","",""
"2022062289","0937","0","0","0","0","0","0","0","0","0","8","0","","67","5","2022","4","39.947782","-75.193854","0935","6","0","0","0","0","0","0","0","0","","0","0","0","","","1","","2","","39 56:52.016","3","0","75 11:37.876","3","0","0","0","67301","1","0","0","N","1","0","0","2","67504","0","","1.0","1019.0","1","N","N","N","1","","1","0","0","","2","Y","","2","1","0","0","0","0","0","2","0","1","","03","","N","","","","","","","","","",""
"2022065501","2034","2","0","0","0","0","0","0","0","0","4","0","","67","7","2022","6","40.040647","-75.2247","2032","6","0","0","0","0","0","0","0","0","","0","0","0","","","1","N","0","","40 02:26.330","","7","75 13:28.920","3","0","0","0","67301","0","0","0","N","0","0","0","3","67301","0","","1.0","","1","N","N","N","0","","1","0","0","","0","","","2","1","0","0","0","0","0","2","0","2","","03","","N","","","","","","","","","",""
"2022048869","1835","0","0","0","0","0","0","0","0","0","8","0","","67","5","2022","3","40.047268","-75.167742","1833","6","0","0","0","0","0","1","0","0","","0","0","0","","","1","","1","","40 02:50.166","","0","75 10:03.872","3","0","0","0","67301","1","0","0","N","1","0","0","2","67301","0","","1.0","","1","N","N","N","1","","1","0","0","","2","","","2","1","0","0","0","0","0","2","0","1","","03","","N","","","","","","","","","",""
"2022063384","1548","1","0","0","0","0","0","0","0","0","1","0","","67","7","2022","7","39.962728","-75.183498","1534","6","0","0","0","0","0","0","0","0","","0","0","0","","","1","N","0","","39 57:45.819","","0","75 11:00.593","3","0","0","0","67301","0","0","0","N","0","0","0","2","68K01","0","","1.0","","1","N","N","N","0","","1","0","1","","0","","","2","1","0","0","0","0","0","2","0","2","","","","N","","","","","","","","","",""
"2022050580","1411","1","0","0","0","0","0","0","0","0","1","0","","67","5","2022","7","40.014086","-75.177883","1411","6","0","0","0","0","0","0","0","0","","0","0","0","","","0","N","0","","40 00:50.710","","7","75 10:40.380","0","0","0","0","67301","0","0","0","N","0","0","0","2","67301","0","","1.0","","1","N","N","N","0","","0","0","1","","0","","","2","0","0","0","0","0","0","2","0","2","","03","","N","","","","","","","","","",""
"2022063138","0749","0","0","0","0","0","0","0","0","0","7","0","","67","6","2022","1","40.010261","-75.063082","0749","6","0","0","0","0","0","0","0","0","","0","0","0","","","0","N","0","","40 00:36.940","","0","75 03:47.095","0","0","0","0","67301","0","0","0","N","0","0","0","1","68K01","0","","3.0","","9","N","N","N","0","","0","0","1","","0","","","1","0","0","0","0","0","0","2","0","1","","07","","N","","","","","","","","","",""
"2022050518","1610","2","0","0","0","0","0","0","0","0","5","0","","67","5","2022","6","39.91525","-75.164678","1603","6","0","0","0","0","0","0","0","0","","0","0","0","","","1","N","0","","39 54:54.900","","0","75 09:52.840","3","0","0","0","67301","0","0","0","N","0","0","0","1","67301","0","","6.0","","1","N","N","Y","0","","1","0","1","","0","","","3","1","0","0","0","0","0","2","0","3","","","","N","","","","","","","","","",""
"2022064059","0740","3","0","0","0","0","0","0","0","0","1","0","","67","7","2022","2","40.020421","-75.154384","0740","6","0","0","0","0","0","2","0","0","","0","0","0","","","4","","7","","40 01:13.514","1","3","75 09:15.784","3","0","0","0","67301","0","0","0","N","0","0","0","7","67301","0","","1.0","845.0","1","N","N","N","0","","4","0","1","","0","N","","4","4","0","0","0","0","0","2","0","4","","03","","N","","","","","","","","","",""
"2022050528","0227","0","0","0","0","0","0","0","0","0","8","0","","67","5","2022","1","39.951932","-75.143299","0224","6","0","0","0","0","0","0","0","0","","0","0","0","","","1","","1","","39 57:06.954","4","0","75 08:35.878","2","0","0","0","67301","1","0","1","N","1","0","1","2","67301","0","","1.0","330.0","1","N","N","N","0","","0","1","0","","2","Y","","2","1","0","0","0","0","0","2","0","1","","03","","N","","","","","","","","","",""
"2022063022","0515","0","0","0","0","0","0","0","0","0","5","1","","67","7","2022","6","40.054599","-75.054081","0510","6","0","0","0","0","0","0","0","0","","0","1","0","","","0","N","0","","40 03:16.555","","0","75 03:14.690","0","0","0","0","67301","0","0","0","N","0","0","0","1","67301","0","","6.0","","1","N","N","N","0","","0","0","2","","0","","","3","0","0","0","0","0","0","2","0","3","","03","","N","","","","","","","","","",""
"2022049635","1707","0","0","0","0","0","0","0","0","0","4","0","","67","5","2022","3","39.935638","-75.17902","1706","6","0","0","0","0","0","1","0","0","","0","0","0","","","0","","1","","39 56:08.298","","0","75 10:44.471","0","0","0","0","67301","0","0","0","N","0","0","0","2","67301","0","","1.0","","1","N","N","N","0","","0","0","2","","2","","","2","0","0","0","0","0","0","2","0","2","","03","","N","","","","","","","","","",""
"2022049360","1530","2","0","0","0","0","0","0","0","0","4","0","","67","5","2022","5","40.063107","-75.051719","1525","6","0","0","0","0","0","1","0","0","","0","0","0","","","1","","5","","40 03:47.184","","0","75 03:06.187","3","0","0","0","67301","0","0","0","N","0","0","0","2","67301","0","","1.0","","1","N","N","N","0","","1","0","0","","2","","","2","1","0","0","0","0","0","2","0","2","","03","","N","","","","","","","","","",""
"2022055605","1151","2","0","0","0","0","0","0","0","0","4","0","","67","6","2022","2","40.060757","-75.181775","1141","6","0","0","0","0","0","0","0","0","","0","0","0","","","1","","1","","40 03:38.725","","0","75 10:54.390","3","0","0","0","67301","0","0","0","N","0","0","0","2","67301","0","","1.0","","1","N","N","N","0","","1","0","0","","3","","","2","1","0","0","0","0","0","2","0","2","","","","N","","","","","","","","","",""
"2022050586","1944","1","0","0","0","0","0","0","0","0","4","0","","67","5","2022","3","40.017439","-75.172212","1944","6","0","0","0","0","0","0","0","0","","0","0","0","","","0","","2","","40 01:02.780","","0","75 10:19.963","0","0","0","0","67301","0","0","0","N","0","0","0","6","67301","0","","1.0","","1","N","N","N","1","","0","0","0","","3","","","2","0","0","0","0","0","0","2","0","2","","","","N","","","","","","","","","",""
"2022063065","0208","2","0","0","0","0","0","0","0","0","1","0","","67","5","2022","2","39.965683","-75.224703","0206","6","0","0","0","0","0","0","1","0","","0","0","0","","","1","N","0","","39 57:56.460","2","0","75 13:28.932","3","0","0","0","67301","0","0","0","N","0","0","0","1","67301","0","","6.0","300.0","1","N","N","N","0","","1","0","0","","0","N","","2","1","0","0","0","0","0","2","0","2","","","","N","","","","","","","","","",""
"2022063081","1358","2","0","0","0","0","0","0","0","0","4","0","","67","6","2022","6","39.978974","-75.213729","1358","6","0","0","0","1","0","0","0","0","","0","0","0","","","3","N","0","","39 58:44.305","","0","75 12:49.424","8","0","0","0","67301","0","0","0","N","0","0","0","3","67301","0","","1.0","","1","N","N","N","0","","0","0","0","","0","","","2","3","0","0","0","3","0","2","0","2","","","","N","","","","","","","","","",""
"2022064805","1423","1","0","0","0","0","0","0","0","0","8","0","","67","7","2022","4","39.964998","-75.205305","1403","6","0","0","0","0","0","0","0","0","","0","0","0","","","1","N","0","","39 57:53.991","1","0","75 12:19.099","3","0","0","0","67301","1","0","0","N","1","0","0","4","67301","0","","1.0","1541.0","1","N","N","N","0","","1","0","1","","2","Y","","3","1","1","0","0","0","1","2","0","2","","03","","N","","","","","","","","","",""
"2022063055","0915","2","0","0","0","0","0","0","0","0","4","0","","67","3","2022","4","39.985457","-75.248163","0915","6","0","0","0","0","0","0","0","0","","0","0","0","","","0","","1","","39 59:07.645","","0","75 14:53.387","0","0","0","0","67301","0","0","0","N","0","0","0","2","67301","0","","1.0","","1","N","Y","N","0","","0","0","0","","2","","","2","0","1","0","0","0","0","2","0","2","","03","","N","","","","","","","","","",""
"2022055597","0051","0","0","0","0","0","0","0","0","0","0","0","","67","6","2022","5","40.050494","-75.164328","0048","6","0","0","0","0","0","0","0","0","","0","0","0","","","0","N","0","","40 03:01.780","","0","75 09:51.580","0","0","0","0","67301","0","0","0","N","0","0","0","1","67301","0","","1.0","","9","N","N","N","0","","0","0","1","","0","","","1","0","0","0","0","0","0","2","0","1","","07","","N","","","","","","","","","",""
"2022050520","1733","0","0","0","0","0","0","0","0","0","5","0","","67","5","2022","2","39.903542","-75.173868","1733","6","0","0","0","0","0","0","0","0","","0","0","0","","","0","N","0","","39 54:12.751","1","0","75 10:25.924","0","0","0","0","67301","0","0","0","N","0","0","0","7","67301","0","","1.0","1800.0","1","N","N","N","0","","0","0","2","","0","Y","","2","0","0","0","0","0","0","2","0","2","","03","","N","","","","","","","","","",""
"2022063062","0305","1","0","1","0","0","0","0","0","0","4","0","","67","5","2022","1","39.983583","-75.247044","0259","6","0","0","0","0","0","0","0","0","","0","0","0","","","3","","1","","39 59:00.899","","0","75 14:49.359","2","0","0","0","67301","0","0","0","N","0","0","0","3","67301","0","","1.0","","1","N","N","N","0","","2","1","1","","2","","","2","3","2","0","0","0","0","2","0","2","","","","N","","","","","","","","","",""
"2022049748","1351","1","0","0","0","0","0","0","0","0","8","0","","67","5","2022","6","40.00627","-75.089967","1333","6","0","0","0","0","0","0","0","0","","0","0","0","","","1","","2","","40 00:22.571","","0","75 05:23.882","3","0","0","0","67301","1","0","0","N","1","0","0","2","67301","0","","1.0","","1","N","N","N","0","","1","0","0","","3","","","2","1","0","0","0","0","1","2","0","1","","04","","N","","","","","","","","","",""
"2022050545","0147","2","0","0","0","0","0","0","0","0","1","0","","67","5","2022","5","40.031652","-75.084053","0135","6","0","0","0","0","0","0","0","0","","0","0","0","","","1","","1","","40 01:53.948","1","0","75 05:02.590","2","0","0","0","67301","0","0","0","N","0","0","0","2","67301","0","","1.0","215.0","1","N","N","N","0","","0","1","0","","2","Y","","2","1","1","0","1","0","0","2","0","2","","03","","N","","","","","","","","","",""
"2022063188","2340","3","0","0","0","0","0","0","0","0","4","0","","67","7","2022","4","40.113469","-75.025164","2340","6","1","0","0","0","0","0","0","0","","0","0","0","","","0","N","0","","40 06:48.490","","0","75 01:30.590","0","0","0","0","67301","0","0","0","N","0","0","0","1","67301","0","","1.0","","1","N","N","N","0","","0","0","2","","0","","","5","0","0","0","0","0","0","2","0","5","","03","","N","","","","","","","","","",""
"2022060076","1741","1","0","0","0","0","0","0","0","0","4","0","","67","5","2022","5","39.99999","-75.153145","1730","6","0","0","0","0","0","0","1","0","","0","0","0","","","1","","1","","39 59:59.964","","0","75 09:11.322","3","0","0","0","67301","0","0","0","N","0","0","0","2","67301","0","","1.0","","1","N","N","N","0","","1","0","0","","2","","","2","1","0","0","0","0","0","2","0","2","","","","N","","","","","","","","","",""
"2022049779","1801","1","0","0","0","0","0","0","0","0","5","0","","67","5","2022","6","39.911428","-75.230706","1755","6","0","0","0","0","1","1","0","0","","0","0","0","","","1","N","0","","39 54:41.140","","0","75 13:50.540","2","0","0","0","67301","0","0","0","N","0","0","0","3","67301","0","","1.0","","9","N","N","N","0","","0","1","0","","0","","","2","1","2","0","1","0","0","2","1","2","","03","","N","","","","","","","","","",""
"2022050543","1920","1","0","0","0","0","0","0","0","0","4","0","","67","5","2022","3","40.022351","-75.078135","1910","6","0","0","0","0","0","0","0","0","","0","0","0","","","2","","1","","40 01:20.463","","0","75 04:41.285","3","0","0","0","67301","0","0","0","N","0","0","0","3","67301","0","","1.0","","1","N","N","N","0","","2","0","1","","2","","","2","2","0","0","0","0","0","2","0","2","","","","N","","","","","","","","","",""
"2022055663","0845","1","0","0","0","0","0","0","0","0","5","0","","67","6","2022","5","39.969922","-75.142541","0842","6","0","0","0","0","0","0","0","0","","0","0","0","","","0","N","0","","39 58:11.719","","0","75 08:33.148","0","0","0","0","67301","0","0","0","N","0","0","0","1","67301","0","","6.0","","1","N","N","N","0","","0","0","1","","0","","","2","0","0","0","0","0","0","2","0","2","","03","","N","","","","","","","","","",""
"2022051571","1403","1","0","0","0","0","0","0","0","0","1","0","","67","5","2022","3","39.908278","-75.146861","1403","6","0","0","0","0","0","0","0","0","","0","0","0","","","2","N","0","","39 54:29.800","4","3","75 08:48.700","4","0","0","0","67301","0","0","0","N","0","0","0","6","67501","1","","1.0","1412.0","1","N","N","N","0","","0","0","1","","8","N","","2","2","0","0","0","1","0","2","0","2","","03","","N","","","","","","","","","",""