"CRN","ARRIVAL_TM","AUTOMOBILE_COUNT","BELTED_DEATH_COUNT","BELTED_SUSP_SERIOUS_INJ_COUNT","BICYCLE_COUNT","BICYCLE_DEATH_COUNT","BICYCLE_SUSP_SERIOUS_INJ_COUNT","BUS_COUNT","CHLDPAS_DEATH_COUNT","CHLDPAS_SUSP_SERIOUS_INJ_COUNT","COLLISION_TYPE","COMM_VEH_COUNT","CONS_ZONE_SPD_LIM","COUNTY","CRASH_MONTH","CRASH_YEAR","DAY_OF_WEEK","DEC_LATITUDE","DEC_LONGITUDE","DISPATCH_TM","DISTRICT","DRIVER_COUNT_16YR","DRIVER_COUNT_17YR","DRIVER_COUNT_18YR","DRIVER_COUNT_19YR","DRIVER_COUNT_20YR","DRIVER_COUNT_50_64YR","DRIVER_COUNT_65_74YR","DRIVER_COUNT_75PLUS","EST_HRS_CLOSED","FATAL_COUNT","HEAVY_TRUCK_COUNT","HORSE_BUGGY_COUNT","HOUR_OF_DAY","ILLUMINATION","INJURY_COUNT","INTERSECTION_RELATED","INTERSECT_TYPE","LANE_CLOSED","LATITUDE","LN_CLOSE_DIR","LOCATION_TYPE","LONGITUDE","MAX_SEVERITY_LEVEL","MCYCLE_DEATH_COUNT","MCYCLE_SUSP_SERIOUS_INJ_COUNT","MOTORCYCLE_COUNT","MUNICIPALITY","NONMOTR_COUNT","NONMOTR_DEATH_COUNT","NONMOTR_SUSP_SERIOUS_INJ_COUNT","NTFY_HIWY_MAINT","PED_COUNT","PED_DEATH_COUNT","PED_SUSP_SERIOUS_INJ_COUNT","PERSON_COUNT","POLICE_AGCY","POSSIBLE_INJ_COUNT","RDWY_SURF_TYPE_CD","RELATION_TO_ROAD","ROADWAY_CLEARED","ROAD_CONDITION","SCH_BUS_IND","SCH_ZONE_IND","SECONDARY_CRASH","SMALL_TRUCK_COUNT","SPEC_JURIS_CD","SUSP_MINOR_INJ_COUNT","SUSP_SERIOUS_INJ_COUNT","SUV_COUNT","TCD_FUNC_CD","TCD_TYPE","TFC_DETOUR_IND","TIME_OF_DAY","TOTAL_UNITS","TOT_INJ_COUNT","UNBELTED_OCC_COUNT","UNB_DEATH_COUNT","UNB_SUSP_SERIOUS_INJ_COUNT","UNK_INJ_DEG_COUNT","UNK_INJ_PER_COUNT","URBAN_RURAL","VAN_COUNT","VEHICLE_COUNT","WEATHER1","WEATHER2","WORKERS_PRES","WORK_ZONE_IND","WORK_ZONE_LOC","WORK_ZONE_TYPE","WZ_CLOSE_DETOUR","WZ_FLAGGER","WZ_LAW_OFFCR_IND","WZ_LN_CLOSURE","WZ_MOVING","WZ_OTHER","WZ_SHLDER_MDN","WZ_WORKERS_INJ_KILLED"
"2022051713","1700","1","0","0","0","0","0","0","0","0","4","0","","67","6","2022","5","40.003165","-75.152455","1700","6","0","0","0","0","0","1","0","0","","0","0","0","","","1","","5","","40 00:11.393","","0","75 09:08.837","2","0","1","1","67301","0","0","0","N","0","0","0","2","67505","0","","1.0","","1","N","N","N","0","","0","1","0","","2","","","2","1","0","0","0","0","0","2","0","2","","03","","N","","","","","","","","","",""
"2022063079","2008","2","0","0","0","0","0","0","0","0","2","0","","67","6","2022","7","39.988153","-75.253664","2005","6","0","0","0","1","0","0","0","0","","0","0","0","","","1","N","0","","39 59:17.352","","0","75 15:13.190","3","0","0","0","67301","0","0","0","N","0","0","0","2","67301","0","","1.0","","1","N","N","Y","0","","1","0","0","","0","","","2","1","0","0","0","0","0","2","0","2","","03","","N","","","","","","","","","",""
"2022067083","1726","1","0","0","0","0","0","0","0","0","1","0","","67","7","2022","2","40.04253","-75.143863","1726","6","0","0","0","0","0","0","0","0","","0","0","0","","","0","N","0","","40 02:33.109","","0","75 08:37.906","9","0","0","0","67301","0","0","0","N","0","0","0","2","67301","0","","1.0","","9","N","N","N","0","","0","0","1","","2","","","2","0","0","0","0","0","2","2","0","2","","07","","N","","","","","","","","","",""
"2022051387","1148","2","0","0","0","0","0","0","0","0","4","0","","67","6","2022","5","40.030254","-75.145952","1145","6","0","0","0","0","0","1","0","0","","0","0","0","","","1","","1","","40 01:48.914","","0","75 08:45.427","4","0","0","0","67301","0","0","0","N","0","0","0","2","67301","1","","1.0","","1","N","N","N","0","","0","0","0","","2","","","2","1","1","0","0","0","1","2","0","2","","03","","N","","","","","","","","","",""
"2022064450","1017","2","0","0","0","0","0","0","0","0","5","0","","67","7","2022","4","40.060549","-75.191352","1006","6","1","0","0","0","0","0","0","0","","0","0","0","","","0","N","0","","40 03:37.977","1","0","75 11:28.866","0","0","0","0","67301","0","0","0","N","0","0","0","2","67301","0","","1.0","1056.0","1","N","N","N","0","","0","0","0","","0","N","","2","0","0","0","0","0","0","2","0","2","","03","","N","","","","","","","","","",""
"2022052524","1225","2","0","0","0","0","0","0","0","0","5","0","","67","6","2022","1","40.043908","-75.158275","1220","6","0","0","0","0","0","0","0","0","","0","0","0","","","1","N","0","","40 02:38.070","","0","75 09:29.790","3","0","0","0","67301","1","0","0","N","1","0","0","2","67301","0","","6.0","","1","N","N","N","0","","1","0","0","","0","","","3","1","0","0","0","0","0","2","0","2","","","","N","","","","","","","","","",""
"2022053354","","2","0","0","0","0","0","0","0","0","1","0","","67","4","2022","3","40.027797","-75.085229","","6","0","0","0","0","0","0","0","0","","0","0","0","","","0","","1","","40 01:40.069","","0","75 05:06.824","0","0","0","0","67301","0","0","0","N","0","0","0","2","00000","0","","1.0","","1","","","N","0","","0","0","0","","2","","","2","0","1","0","0","0","0","2","0","2","","","","N","","","","","","","","","",""
"2022051514","1307","0","0","0","0","0","0","0","0","0","8","0","","67","5","2022","2","39.891942","-75.241906","1307","6","0","0","0","0","0","1","0","0","","0","0","0","","","1","","2","","39 53:30.990","","0","75 14:30.862","3","0","0","0","67301","1","0","0","N","1","0","0","2","67301","0","","1.0","","1","N","N","N","0","","1","0","1","","4","","","2","1","0","0","0","0","0","2","0","1","","03","","N","","","","","","","","","",""
"2022051459","1321","0","0","0","1","0","0","0","0","0","8","0","","67","6","2022","5","40.01529","-75.149927","1321","6","0","0","0","0","0","0","0","0","","0","0","0","","","1","","1","","40 00:55.044","","0","75 08:59.736","3","0","0","0","67301","1","0","0","N","0","0","0","2","67301","0","","1.0","","1","N","N","N","0","","1","0","0","","2","","","2","1","0","0","0","0","0","2","0","1","","","","N","","","","","","","","","",""
"2022063229","0416","0","0","0","0","0","0","0","0","0","4","0","","67","5","2022","3","40.045894","-75.130474","0410","6","0","0","1","0","0","0","1","0","","0","0","0","","","1","","1","","40 02:45.217","","0","75 07:49.707","3","0","0","0","67301","0","0","0","N","0","0","0","2","67301","0","","1.0","","1","N","N","N","0","","1","0","2","","3","","","2","1","0","0","0","0","1","2","0","2","","03","","N","","","","","","","","","",""
"2022051465","0855","2","0","0","0","0","0","0","0","0","4","0","","67","6","2022","5","40.011956","-75.176015","0848","6","0","0","0","0","0","1","0","0","","0","0","0","","","1","","1","","40 00:43.041","","0","75 10:33.654","3","0","0","0","67301","0","0","0","N","0","0","0","2","67301","0","","1.0","","1","N","N","N","0","","1","0","0","","2","","","2","1","0","0","0","0","0","2","0","2","","03","","N","","","","","","","","","",""
"2022050854","1134","2","0","0","0","0","0","0","0","0","4","0","","67","6","2022","5","39.962167","-75.191273","1132","6","0","0","0","0","0","1","0","0","","0","0","0","","","0","","1","","39 57:43.801","","0","75 11:28.582","0","0","0","0","67301","0","0","0","N","0","0","0","2","67507","0","","1.0","","1","","","N","0","","0","0","0","","2","","","2","0","0","0","0","0","0","2","0","2","","","","N","","","","","","","","","",""
"2022052102","1635","2","0","0","0","0","0","0","0","0","4","0","","67","6","2022","7","39.998695","-75.190733","1621","6","0","0","0","0","1","0","0","1","","0","0","0","","","2","N","0","","39 59:55.303","","0","75 11:26.638","3","0","0","0","67301","0","0","0","N","0","0","0","3","67301","0","","1.0","","1","N","N","N","0","","2","0","0","","0","","","2","2","0","0","0","0","0","2","0","2","","03","","N","","","","","","","","","",""
"2022051518","2032","1","0","0","0","0","0","0","0","0","8","0","","67","6","2022","4","39.913164","-75.236017","2031","6","0","0","0","0","0","0","0","0","","0","0","0","","","1","N","0","","39 54:47.390","","0","75 14:09.660","8","0","0","0","67301","1","0","0","N","1","0","0","2","67301","0","","1.0","","1","N","N","N","0","","0","0","0","","0","","","2","1","0","0","0","1","0","2","0","1","","03","","N","","","","","","","","","",""
"2022051867","1830","1","0","0","0","0","0","0","0","0","8","0","","67","6","2022","6","40.048489","-75.171639","1825","6","0","0","0","1","0","0","0","0","","0","0","0","","","1","N","0","","40 02:54.560","","0","75 10:17.900","2","0","0","0","67301","1","0","1","N","1","0","1","2","67301","0","","1.0","","1","N","N","N","0","","0","1","0","","0","","","2","1","0","0","0","0","0","2","0","1","","03","","N","","","","","","","","","",""
"2022054609","0041","1","0","0","0","0","0","0","0","0","1","0","","67","6","2022","5","40.049385","-74.995121","0018","6","0","0","0","0","0","0","0","0","","0","0","0","","","2","N","0","","40 02:57.787","","0","74 59:42.437","3","0","0","0","67301","0","0","0","N","0","0","0","3","68K01","0","","1.0","","9","N","N","N","0","","2","0","1","","0","","","2","2","0","0","0","0","0","2","0","2","","","","N","","","","","","","","","",""
"2022052116","2226","2","0","0","0","0","0","0","0","0","1","0","","67","6","2022","7","39.988483","-75.136813","2225","6","0","0","0","0","0","0","0","0","","0","0","0","","","0","","1","","39 59:18.538","","0","75 08:12.526","0","0","0","0","67301","0","0","0","N","0","0","0","2","67301","0","","1.0","","1","N","N","N","0","","0","0","0","","3","","","2","0","1","0","0","0","0","2","0","2","","03","","N","","","","","","","","","",""
"2022057543","0927","2","0","0","0","0","0","0","0","0","5","0","","67","6","2022","6","39.976053","-75.255547","0834","6","0","0","0","0","0","1","0","0","","0","0","0","","","0","N","0","","39 58:33.790","","0","75 15:19.970","0","0","0","0","67301","0","0","0","N","0","0","0","1","67301","0","","6.0","","1","N","N","N","0","","0","0","2","","0","","","4","0","0","0","0","0","0","2","0","4","","04","","N","","","","","","","","","",""
"2022053021","1246","1","0","0","0","0","0","0","0","0","4","0","","67","5","2022","4","39.935423","-75.220353","1245","6","0","0","0","0","0","2","0","0","","0","0","0","","","0","","1","","39 56:07.522","","0","75 13:13.270","0","0","0","0","67301","0","0","0","N","0","0","0","2","67301","0","","1.0","","1","N","N","N","0","","0","0","1","","2","","","2","0","0","0","0","0","0","2","0","2","","03","","N","","","","","","","","","",""
"2022055648","1726","1","0","0","0","0","0","0","0","0","4","0","","67","6","2022","1","40.001536","-75.104258","1726","6","0","0","0","0","0","0","0","0","","0","0","0","","","1","","5","","40 00:05.531","","1","75 06:15.328","3","0","0","1","67301","0","0","0","N","0","0","0","2","67301","0","","1.0","","1","N","N","N","0","","1","0","0","","2","","","2","1","1","0","0","0","0","2","0","2","","03","","N","","","","","","","","","",""
"2022057731","","1","0","0","0","0","0","0","0","0","4","0","","67","4","2022","1","","","","6","0","0","0","0","0","0","0","0","","0","0","0","","","1","","1","","","","0","","8","0","0","0","67301","0","0","0","N","0","0","0","2","00000","0","","1.0","","1","","","N","0","","0","0","0","","3","","","2","1","0","0","0","1","0","1","0","2","","","","N","","","","","","","","","",""
"2022068777","1600","2","0","0","0","0","0","0","0","0","1","0","","67","6","2022","5","39.971446","-75.159371","1600","6","0","0","0","0","0","0","0","0","","0","0","0","","","1","","1","","39 58:17.205","","0","75 09:33.736","4","0","0","0","67301","0","0","0","N","0","0","0","3","67301","1","","1.0","","1","N","N","N","0","","0","0","1","","2","","","3","1","0","0","0","0","1","2","0","3","","03","","N","","","","","","","","","",""
"2022055560","1230","1","0","0","0","0","0","0","0","0","5","0","","67","6","2022","2","39.945556","-75.141731","1221","6","0","0","0","0","0","0","0","0","","0","0","0","","","0","Y","0","","39 56:44.002","1","0","75 08:30.231","0","0","0","0","67301","0","0","0","N","0","0","0","2","67301","0","","1.0","100.0","1","N","N","N","1","","0","0","0","","2","N","","2","0","2","0","0","0","0","2","0","2","","03","","N","","","","","","","","","",""
"2022055581","1817","2","0","0","0","0","0","0","0","0","1","0","","67","6","2022","7","40.043573","-75.019794","1816","6","0","0","0","0","0","0","0","0","","0","0","0","","","1","N","0","","40 02:36.863","","0","75 01:11.258","3","0","0","0","67301","0","0","0","N","0","0","0","3","67301","0","","1.0","","1","N","N","Y","0","","1","0","0","","0","","","2","1","0","0","0","0","1","2","0","2","","03","","N","","","","","","","","","",""
"2022068634","1800","1","0","0","0","0","0","0","0","0","8","0","","67","4","2022","4","40.021489","-75.074954","1748","6","0","0","0","0","0","0","0","0","","0","0","0","","","1","","2","","40 01:17.359","","0","75 04:29.836","2","0","0","0","67301","1","0","1","N","1","0","1","2","67301","0","","1.0","","1","N","N","N","0","","0","1","0","","3","","","2","1","1","0","0","0","0","2","0","1","","04","","N","","","","","","","","","",""
"2022052944","1355","2","0","0","0","0","0","0","0","0","4","0","","67","6","2022","1","40.061325","-75.151142","1349","6","0","0","0","0","0","0","0","0","","0","0","0","","","3","","1","","40 03:40.769","5","0","75 09:04.111","3","0","0","0","67301","0","0","0","N","0","0","0","3","67301","1","","1.0","1600.0","1","N","N","N","0","","2","0","0","","2","Y","","2","3","0","0","0","0","0","2","0","2","","98","","N","","","","","","","","","",""
"2022055606","0258","0","0","0","0","0","0","0","0","0","4","0","","67","6","2022","1","40.018698","-75.060235","0253","6","0","0","0","1","0","0","0","0","","0","0","0","","","1","","1","","40 01:07.312","","0","75 03:36.845","3","0","0","0","67301","0","0","0","N","0","0","0","2","67301","0","","1.0","","1","N","N","N","0","","1","0","2","","3","","","2","1","0","0","0","0","0","2","0","2","","","","N","","","","","","","","","",""
"2022055544","0135","2","0","0","0","0","0","0","0","0","4","0","","67","6","2022","6","40.041688","-75.064376","0132","6","0","0","0","1","0","0","0","0","","0","0","0","","","2","","1","","40 02:30.078","","0","75 03:51.754","8","0","0","0","67301","0","0","0","N","0","0","0","2","67301","0","","1.0","","1","N","N","N","0","","0","0","0","","2","","","2","2","0","0","0","2","0","2","0","2","","","","N","","","","","","","","","",""
"2022053027","1840","0","0","0","0","0","0","0","0","0","4","0","","67","6","2022","2","40.029719","-75.054003","1837","6","0","0","0","0","0","1","0","0","","0","0","0","","","0","","1","","40 01:46.988","1","0","75 03:14.410","0","0","0","0","67301","0","0","0","N","0","0","0","4","67301","0","","1.0","2033.0","1","N","N","N","0","","0","0","2","","3","Y","","2","0","0","0","0","0","0","2","0","2","","03","","N","","","","","","","","","",""
"2022059217","1508","0","0","0","0","0","0","0","0","0","1","0","","67","6","2022","6","40.013016","-75.058035","1446","6","0","0","0","0","0","1","0","0","","0","0","0","","","0","N","0","","40 00:46.858","1","3","75 03:28.926","0","0","0","0","67301","0","0","0","N","0","0","0","4","68K01","0","","1.0","1508.0","1","N","N","N","0","","0","0","2","","0","N","","2","0","0","0","0","0","0","2","0","2","","03","","N","","","","","","","","","",""
"2022055555","1501","0","0","0","0","0","0","0","0","0","4","0","","67","6","2022","6","39.899041","-75.17486","1500","6","0","0","0","0","0","2","0","0","","0","0","0","","","0","","1","","39 53:56.549","","2","75 10:29.495","9","0","0","0","67301","0","0","0","N","0","0","0","2","67301","0","","1.0","","1","N","N","N","0","","0","0","2","","2","","","2","0","0","0","0","0","1","2","0","2","","","","N","","","","","","","","","",""
"2022068200","0052","1","0","0","0","0","0","0","0","0","7","0","","67","5","2022","1","39.994848","-75.082103","0027","6","0","0","0","0","0","0","0","0","","0","0","0","","","0","N","0","","39 59:41.454","1","8","75 04:55.571","0","0","0","0","67301","0","0","0","N","0","0","0","2","68K01","0","","4.0","133.0","1","N","N","N","0","","0","0","0","","0","N","","1","0","0","0","0","0","0","2","0","1","","","","N","","","","","","","","","",""
"2022052984","2132","4","0","0","0","0","0","0","0","0","5","0","","67","6","2022","6","39.999658","-75.105894","2130","6","0","0","0","0","0","0","0","0","","0","0","0","","","2","N","0","","39 59:58.770","","0","75 06:21.220","3","0","0","0","67301","0","0","0","N","0","0","0","2","67301","0","","6.0","","1","N","N","N","0","","2","0","0","","0","","","4","2","1","0","0","0","0","2","0","4","","03","","N","","","","","","","","","",""
"2022055618","0945","0","0","0","0","0","0","0","0","0","4","0","","67","6","2022","6","40.02653","-75.097542","0939","6","0","0","0","0","0","2","0","0","","0","0","0","","","1","","1","","40 01:35.508","","0","75 05:51.151","8","0","0","0","67301","0","0","0","N","0","0","0","2","67301","0","","1.0","","1","N","N","N","0","","0","0","1","","2","","","2","1","0","0","0","1","0","2","1","2","","03","","N","","","","","","","","","",""
"2022068251","1821","1","0","0","0","0","0","0","0","0","1","0","","67","7","2022","7","39.957223","-75.156975","1811","6","0","0","0","0","0","1","1","0","","0","0","0","","","2","N","0","","39 57:26.004","4","0","75 09:25.109","3","0","0","0","67301","0","0","0","N","0","0","0","10","68K01","0","","1.0","1900.0","1","N","N","N","0","","2","0","3","","0","N","","4","2","0","0","0","0","0","2","0","4","","","","N","","","","","","","","","",""
"2022052525","0132","1","0","0","0","0","0","0","0","0","7","0","","67","6","2022","2","39.955859","-75.191456","0130","6","0","0","0","0","0","0","0","0","","0","0","0","","","1","","1","","39 57:21.092","","0","75 11:29.243","3","0","0","0","67301","0","0","0","N","0","0","0","1","67507","0","","5.0","","1","N","N","N","0","","1","0","0","","2","","","1","1","0","0","0","0","0","2","0","1","","","","N","","","","","","","","","",""
"2022068569","1419","0","0","0","0","0","0","0","0","0","4","1","","67","7","2022","6","39.92558","-75.234331","1344","6","0","0","0","0","0","0","0","0","","0","1","0","","","0","","1","","39 55:32.089","7","0","75 14:03.592","0","0","0","0","67301","0","0","0","N","0","0","0","2","67301","0","","1.0","1505.0","1","N","N","N","0","","0","0","2","","2","Y","","3","0","0","0","0","0","0","2","0","3","","03","","N","","","","","","","","","",""
"2022050730","0924","1","0","0","0","0","0","0","0","0","6","0","","67","5","2022","2","40.030014","-75.040512","0920","6","0","0","0","0","0","0","1","0","","0","0","0","","","0","N","0","","40 01:48.052","3","0","75 02:25.843","0","0","0","0","67301","0","0","0","N","0","0","0","1","67301","0","","6.0","958.0","1","N","N","N","1","","0","0","2","","0","N","","4","0","0","0","0","0","0","2","0","4","","","","N","","","","","","","","","",""
"2022061266","1549","2","0","0","0","0","0","0","0","0","4","0","","67","6","2022","1","39.956486","-75.215481","1545","6","0","0","0","1","0","0","0","0","","0","0","0","","","1","","1","","39 57:23.349","","0","75 12:55.731","3","0","0","0","67301","0","0","0","N","0","0","0","4","67301","0","","1.0","","1","N","N","N","0","","1","0","0","","3","","","2","1","4","0","0","0","1","2","0","2","","","","N","","","","","","","","","",""
"2022055614","1800","1","0","0","0","0","0","0","0","0","8","0","","67","6","2022","5","39.995044","-75.077911","1752","6","0","0","0","0","0","0","0","0","","0","0","0","","","1","N","0","","39 59:42.158","1","0","75 04:40.480","3","0","0","0","67301","1","0","0","N","1","0","0","2","67301","0","","1.0","1811.0","1","N","N","N","0","","1","0","0","","0","N","","2","1","0","0","0","0","0","2","0","1","","03","","N","","","","","","","","","",""
"2022051861","1619","0","0","0","0","0","0","0","0","0","1","0","","67","6","2022","6","39.916829","-75.171324","1608","6","0","0","0","0","0","0","0","0","","0","0","0","","","2","","1","","39 55:00.583","","0","75 10:16.768","3","0","0","0","67301","0","0","0","N","0","0","0","4","67301","0","","1.0","","1","N","N","N","1","","2","0","1","","2","","","2","2","0","0","0","0","0","2","0","2","","03","","N","","","","","","","","","",""
"2022067352","1829","2","0","0","0","0","0","0","0","0","4","0","","67","6","2022","1","39.992924","-75.200666","1824","6","0","0","0","0","0","1","0","0","","0","0","0","","","3","N","0","","39 59:34.527","","0","75 12:02.396","3","0","0","0","67301","0","0","0","N","0","0","0","3","68K01","0","","1.0","","1","N","N","N","0","","2","0","0","","0","","","2","3","1","0","0","1","0","2","0","2","","","","N","","","","","","","","","",""
"2022050583","0020","0","0","0","0","0","0","0","0","0","7","0","","67","5","2022","3","40.004572","-75.165622","0020","6","0","0","0","0","0","0","0","0","","0","0","0","","","0","N","0","","40 00:16.460","","0","75 09:56.240","9","0","0","0","67301","0","0","0","N","0","0","0","1","67301","0","","4.0","","1","N","N","N","0","","0","0","1","","0","","","1","0","0","0","0","0","1","2","0","1","","03","","N","","","","","","","","","",""
"2022057157","2139","1","0","0","0","0","0","0","0","0","4","0","","67","5","2022","3","40.024169","-75.030133","2134","6","0","0","1","0","0","0","0","0","","0","0","0","","","0","N","0","","40 01:27.007","1","2","75 01:48.479","0","0","0","0","67301","0","0","0","N","0","0","0","2","68K01","0","","1.0","2217.0","1","N","N","N","1","","0","0","0","","0","N","","2","0","0","0","0","0","0","2","0","2","","03","","N","","","","","","","","","",""
"2022066386","2007","1","0","0","0","0","0","0","0","0","8","0","","67","7","2022","5","39.996967","-75.117401","2001","6","0","0","0","0","0","0","0","0","","0","0","0","","","1","","2","","39 59:49.080","","0","75 07:02.645","3","0","0","0","67301","1","0","0","N","1","0","0","2","67301","0","","1.0","","1","N","N","N","0","","1","0","0","","0","","","2","1","0","0","0","0","0","2","0","1","","03","","N","","","","","","","","","",""
"2022069406","2220","1","0","0","0","0","0","0","0","0","7","0","","67","7","2022","7","39.980502","-75.205845","2218","6","0","0","0","0","0","0","0","0","","0","0","0","","","0","N","0","","39 58:49.807","3","0","75 12:21.043","0","0","0","0","67301","0","0","0","N","0","0","0","1","68K01","0","","5.0","10.0","1","N","N","N","0","","0","0","0","","0","Y","","1","0","1","0","0","0","0","2","0","1","","","","N","","","","","","","","","",""
"2022050848","0104","2","0","0","0","0","0","0","0","0","4","0","","67","6","2022","5","40.001107","-75.124741","0105","6","0","0","0","0","0","0","0","0","","0","0","0","","","1","","1","","40 00:03.985","3","0","75 07:29.066","8","0","0","0","67301","0","0","0","N","0","0","0","4","67301","0","","1.0","140.0","1","N","N","N","0","","0","0","1","","2","Y","","3","1","0","0","0","1","0","2","0","3","","","","N","","","","","","","","","",""
"2022062311","1308","0","0","0","0","0","0","0","0","0","1","0","","67","5","2022","2","39.958643","-75.168981","1304","6","0","0","0","0","0","0","0","0","","0","0","0","","","0","N","0","","39 57:31.113","","0","75 10:08.330","0","0","0","0","67301","0","0","0","N","0","0","0","5","68K01","0","","1.0","","1","N","N","N","0","","0","0","2","","0","","","2","0","0","0","0","0","0","2","0","2","","","","N","","","","","","","","","",""
"2022041557","","0","0","0","0","0","0","0","0","0","5","0","","67","4","2022","6","","","","6","0","0","0","0","0","2","0","0","","0","0","0","","","2","N","0","","","","0","","8","0","0","0","67301","0","0","0","N","0","0","0","3","00000","0","","1.0","","1","","","N","1","","0","0","1","","0","","","2","2","1","0","0","2","0","1","0","2","","","","N","","","","","","","","","",""
"2022055542","1435","1","0","0","0","0","0","0","0","0","6","0","","67","6","2022","4","40.041622","-75.064336","1430","6","0","0","0","0","0","1","0","0","","0","0","0","","","1","","1","","40 02:29.839","","0","75 03:51.611","3","0","0","0","67301","0","0","0","N","0","0","0","2","67301","0","","1.0","","1","N","N","N","0","","1","0","1","","2","","","2","1","0","0","0","0","0","2","0","2","","","","N","","","","","","","","","",""
"2022051778","1808","0","0","0","0","0","0","0","0","0","5","0","","67","6","2022","5","40.024722","-75.046972","1805","6","0","0","0","0","0","0","0","0","","0","0","0","","","0","N","0","","40 01:29.000","","0","75 02:49.100","0","0","0","0","67301","0","0","0","N","0","0","0","0","67301","0","","6.0","","9","N","N","N","0","","0","0","2","","0","","","2","0","0","0","0","0","0","2","0","2","","","","N","","","","","","","","","",""
"2022055591","2220","2","0","0","0","0","0","0","0","0","4","0","","67","6","2022","6","39.941865","-75.225534","2151","6","0","0","0","0","1","1","0","0","","0","0","0","","","1","","1","","39 56:30.714","","0","75 13:31.922","3","0","0","0","67301","0","0","0","N","0","0","0","2","67301","0","","1.0","","1","N","N","N","0","","1","0","0","","2","","","2","1","2","0","0","0","0","2","0","2","","03","","N","","","","","","","","","",""
"2022055619","2100","1","0","0","0","0","0","0","0","0","1","0","","67","6","2022","6","40.016136","-75.082303","2100","6","0","0","0","0","0","0","0","0","","0","0","0","","","0","N","0","","40 00:58.090","","0","75 04:56.290","0","0","0","0","67301","0","0","0","N","0","0","0","1","67301","0","","6.0","","1","N","N","N","0","","0","0","1","","0","","","2","0","0","0","0","0","0","2","0","2","","","","N","","","","","","","","","",""
"2022066496","1130","1","0","0","0","0","0","0","0","0","8","0","","67","7","2022","3","39.940049","-75.166226","1126","6","0","0","0","0","0","0","0","0","","0","0","0","","","1","","1","","39 56:24.176","","0","75 09:58.414","8","0","0","0","67301","1","0","0","N","1","0","0","2","67301","0","","1.0","","1","N","Y","N","0","","0","0","0","","2","","","2","1","0","0","0","1","0","2","0","1","","","","N","","","","","","","","","",""
"2022063938","0224","1","0","0","0","0","0","0","0","0","1","0","","67","6","2022","1","39.953905","-75.181492","0219","6","0","0","0","0","0","0","0","0","","0","0","0","","","0","N","0","","39 57:14.058","","0","75 10:53.371","0","0","0","0","67301","0","0","0","N","0","0","0","2","68K01","0","","1.0","","1","N","N","N","0","","0","0","1","","0","","","2","0","0","0","0","0","0","2","0","2","","","","N","","","","","","","","","",""
"2022050578","0326","2","0","0","0","0","0","0","0","0","6","0","","67","5","2022","3","40.024136","-75.147996","0324","6","0","0","0","0","0","0","0","0","","0","0","0","","","0","N","0","","40 01:26.889","","0","75 08:52.787","9","0","0","0","67301","0","0","0","N","0","0","0","2","67301","0","","6.0","","1","N","N","Y","0","","0","0","0","","2","","","3","0","0","0","0","0","1","2","1","3","","03","","N","","","","","","","","","",""
"2022053197","0045","1","0","0","0","0","0","0","0","0","4","0","","67","6","2022","5","39.992347","-75.154811","0039","6","0","0","0","0","0","0","0","0","","0","0","0","","","1","","2","","39 59:32.449","","0","75 09:17.320","8","0","0","1","67301","0","0","0","N","0","0","0","2","67301","0","","1.0","","1","N","N","N","0","","0","0","0","","0","","","2","1","0","0","0","1","0","2","0","2","","03","","N","","","","","","","","","",""
"2022068803","2120","1","0","0","0","0","0","0","0","0","7","0","","67","5","2022","7","39.988778","-75.159","2115","6","0","0","0","0","0","0","0","0","","0","0","0","","","1","N","0","","39 59:19.600","","0","75 09:32.400","3","0","0","0","67301","0","0","0","N","0","0","0","1","67301","0","","5.0","","1","N","N","N","0","","1","0","0","","0","","","1","1","1","0","0","0","0","2","0","1","","","","N","","","","","","","","","",""
"2022068623","1730","0","0","0","0","0","0","0","0","0","7","1","","67","7","2022","2","40.000017","-75.189273","1720","6","0","0","0","0","0","1","0","0","","0","1","0","","","0","N","0","","40 00:00.060","6","1","75 11:21.384","0","0","0","0","67301","0","0","0","N","0","0","0","1","67301","0","","1.0","20.0","1","N","N","N","0","","0","0","0","","0","Y","","1","0","0","0","0","0","0","2","0","1","","03","","N","","","","","","","","","",""
"2022055629","2223","1","0","0","0","0","0","0","0","0","5","0","","67","6","2022","1","39.935389","-75.173889","2223","6","0","0","0","0","0","0","0","0","","0","0","0","","","2","N","0","","39 56:07.400","","0","75 10:26.000","2","0","2","1","67301","0","0","0","N","0","0","0","2","67301","0","","6.0","","1","N","N","N","0","","0","2","1","","0","","","3","2","0","0","0","0","0","2","0","3","","03","","N","","","","","","","","","",""
"2022052925","0157","3","0","0","0","0","0","0","0","0","5","0","","67","6","2022","7","40.021111","-75.164111","0155","6","0","0","0","0","0","0","0","0","","0","0","0","","","2","N","0","","40 01:16.000","","0","75 09:50.800","3","0","0","0","67301","0","0","0","N","0","0","0","3","67301","0","","1.0","","1","N","N","N","0","","2","0","0","","0","","","3","2","0","0","0","0","1","2","0","3","","03","","N","","","","","","","","","",""