"CRN","ARRIVAL_TM","AUTOMOBILE_COUNT","BELTED_DEATH_COUNT","BELTED_SUSP_SERIOUS_INJ_COUNT","BICYCLE_COUNT","BICYCLE_DEATH_COUNT","BICYCLE_SUSP_SERIOUS_INJ_COUNT","BUS_COUNT","CHLDPAS_DEATH_COUNT","CHLDPAS_SUSP_SERIOUS_INJ_COUNT","COLLISION_TYPE","COMM_VEH_COUNT","CONS_ZONE_SPD_LIM","COUNTY","CRASH_MONTH","CRASH_YEAR","DAY_OF_WEEK","DEC_LATITUDE","DEC_LONGITUDE","DISPATCH_TM","DISTRICT","DRIVER_COUNT_16YR","DRIVER_COUNT_17YR","DRIVER_COUNT_18YR","DRIVER_COUNT_19YR","DRIVER_COUNT_20YR","DRIVER_COUNT_50_64YR","DRIVER_COUNT_65_74YR","DRIVER_COUNT_75PLUS","EST_HRS_CLOSED","FATAL_COUNT","HEAVY_TRUCK_COUNT","HORSE_BUGGY_COUNT","HOUR_OF_DAY","ILLUMINATION","INJURY_COUNT","INTERSECTION_RELATED","INTERSECT_TYPE","LANE_CLOSED","LATITUDE","LN_CLOSE_DIR","LOCATION_TYPE","LONGITUDE","MAX_SEVERITY_LEVEL","MCYCLE_DEATH_COUNT","MCYCLE_SUSP_SERIOUS_INJ_COUNT","MOTORCYCLE_COUNT","MUNICIPALITY","NONMOTR_COUNT","NONMOTR_DEATH_COUNT","NONMOTR_SUSP_SERIOUS_INJ_COUNT","NTFY_HIWY_MAINT","PED_COUNT","PED_DEATH_COUNT","PED_SUSP_SERIOUS_INJ_COUNT","PERSON_COUNT","POLICE_AGCY","POSSIBLE_INJ_COUNT","RDWY_SURF_TYPE_CD","RELATION_TO_ROAD","ROADWAY_CLEARED","ROAD_CONDITION","SCH_BUS_IND","SCH_ZONE_IND","SECONDARY_CRASH","SMALL_TRUCK_COUNT","SPEC_JURIS_CD","SUSP_MINOR_INJ_COUNT","SUSP_SERIOUS_INJ_COUNT","SUV_COUNT","TCD_FUNC_CD","TCD_TYPE","TFC_DETOUR_IND","TIME_OF_DAY","TOTAL_UNITS","TOT_INJ_COUNT","UNBELTED_OCC_COUNT","UNB_DEATH_COUNT","UNB_SUSP_SERIOUS_INJ_COUNT","UNK_INJ_DEG_COUNT","UNK_INJ_PER_COUNT","URBAN_RURAL","VAN_COUNT","VEHICLE_COUNT","WEATHER1","WEATHER2","WORKERS_PRES","WORK_ZONE_IND","WORK_ZONE_LOC","WORK_ZONE_TYPE","WZ_CLOSE_DETOUR","WZ_FLAGGER","WZ_LAW_OFFCR_IND","WZ_LN_CLOSURE","WZ_MOVING","WZ_OTHER","WZ_SHLDER_MDN","WZ_WORKERS_INJ_KILLED"
"2022055625","0059","0","0","0","0","0","0","0","0","0","4","0","","67","6","2022","7","39.959556","-75.19717","0047","6","0","0","0","0","0","1","0","0","","0","0","0","","","2","","1","","39 57:34.403","1","0","75 11:49.811","8","0","0","0","67301","0","0","0","N","0","0","0","5","67301","0","","1.0","400.0","1","N","N","N","0","","0","0","3","","2","Y","","3","2","0","0","0","2","0","2","0","3","","03","","N","","","","","","","","","",""
"2022055670","2305","1","0","0","0","0","0","0","0","0","8","0","","67","6","2022","1","39.981456","-75.127606","2300","6","0","0","0","0","0","0","0","0","","0","0","0","","","1","","13","","39 58:53.240","","0","75 07:39.380","3","0","0","0","67301","1","0","0","N","1","0","0","2","67301","0","","1.0","","1","N","N","N","0","","1","0","0","","4","","","2","1","0","0","0","0","0","2","0","1","","03","","N","","","","","","","","","",""
"2022063132","1346","1","0","0","0","0","0","0","0","0","1","0","","67","6","2022","1","39.934126","-75.199926","1136","6","0","0","0","0","0","1","0","0","","0","0","0","","","4","N","0","","39 56:02.854","4","0","75 11:59.732","8","0","0","0","67301","0","0","0","N","0","0","0","4","68K01","0","","1.0","100.0","1","N","N","N","1","","0","0","1","","0","Y","","3","4","0","0","0","4","0","2","0","3","","","","N","","","","","","","","","",""
"2022068609","1415","1","0","0","0","0","0","0","0","0","4","1","","67","7","2022","6","40.047188","-75.128149","1415","6","0","0","0","0","0","0","0","0","","0","1","0","","","3","","1","","40 02:49.876","","0","75 07:41.336","3","0","0","0","67301","0","0","0","N","0","0","0","4","67301","0","","1.0","","1","N","N","N","0","","1","0","0","","2","","","2","3","1","0","0","2","1","2","0","2","","","","N","","","","","","","","","",""
"2022055585","0125","0","0","0","0","0","0","0","0","0","7","0","","67","6","2022","4","39.939786","-75.238586","0122","6","0","0","0","0","0","0","0","0","","0","0","0","","","1","N","0","","39 56:23.230","","0","75 14:18.910","8","0","0","0","67301","0","0","0","N","0","0","0","1","67301","0","","4.0","","9","N","N","N","0","","0","0","1","","0","","","1","1","0","0","0","1","0","2","0","1","","07","","N","","","","","","","","","",""
"2022067167","2216","1","0","0","0","0","0","0","0","0","7","0","","67","6","2022","5","39.937436","-75.143968","2206","6","0","0","0","0","1","0","0","0","","0","0","0","","","0","N","0","","39 56:14.769","1","0","75 08:38.283","0","0","0","0","67301","0","0","0","N","0","0","0","1","68K01","0","","3.0","1045.0","1","N","N","N","0","","0","0","0","","0","N","","1","0","0","0","0","0","0","2","0","1","","03","","N","","","","","","","","","",""
"2022055672","2139","2","0","0","0","0","0","0","0","0","6","0","","67","6","2022","2","40.044974","-75.14344","2139","6","0","0","0","0","0","0","0","0","","0","0","0","","","2","N","0","","40 02:41.906","5","0","75 08:36.383","3","0","0","0","67301","0","0","0","N","0","0","0","3","67301","0","","1.0","2300.0","1","N","N","N","0","","1","0","1","","0","Y","","4","2","3","0","0","1","0","2","1","4","","","","N","","","","","","","","","",""
"2022056552","1828","3","0","0","0","0","0","0","0","0","4","0","","67","6","2022","6","39.93259","-75.184711","1813","6","0","0","0","0","0","0","0","0","","0","0","0","","","1","","1","","39 55:57.323","2","0","75 11:04.959","8","0","0","0","67301","0","0","0","N","0","0","0","2","67301","0","","1.0","1828.0","1","N","N","Y","0","","0","0","0","","3","Y","","3","1","0","0","0","1","1","2","0","3","","03","","N","","","","","","","","","",""
"2022052280","1847","2","0","0","0","0","0","0","0","0","4","0","","67","6","2022","7","39.985822","-75.181018","1847","6","0","0","0","0","0","0","0","0","","0","0","0","","","2","","1","","39 59:08.960","","0","75 10:51.665","2","0","0","0","67301","0","0","0","N","0","0","0","3","67301","0","","1.0","","1","N","N","N","0","","1","1","0","","2","","","2","2","0","0","0","0","0","2","0","2","","03","","N","","","","","","","","","",""
"2022037164","","1","0","0","0","0","0","0","0","0","4","0","","67","4","2022","6","39.913799","-75.236199","","6","0","0","0","0","0","0","0","0","","0","0","0","","","1","","1","","39 54:49.676","","0","75 14:10.316","8","0","0","0","67301","0","0","0","N","0","0","0","2","00000","0","","1.0","","1","","","N","0","","0","0","1","","3","","","2","1","0","0","0","1","0","2","0","2","","","","N","","","","","","","","","",""
"2022066913","1225","2","0","0","0","0","0","0","0","0","1","0","","67","7","2022","4","40.00362","-75.181211","1221","6","0","0","0","0","0","0","0","1","","0","0","0","","","2","N","0","","40 00:13.031","","0","75 10:52.358","3","0","0","0","67301","0","0","0","N","0","0","0","5","67301","0","","1.0","","1","N","N","N","0","","2","0","2","","0","","","4","2","0","0","0","0","0","2","0","4","","03","","N","","","","","","","","","",""
"2022055579","1540","0","0","0","0","0","0","0","0","0","1","0","","67","6","2022","5","40.092447","-74.991367","1538","6","0","0","0","0","0","0","0","0","","0","0","0","","","1","Y","0","","40 05:32.810","","0","74 59:28.920","8","0","0","0","67301","0","0","0","N","0","0","0","3","67301","0","","1.0","","1","N","N","N","0","","0","0","2","","2","","","2","1","0","0","0","1","0","2","0","2","","03","","N","","","","","","","","","",""
"2022055649","0908","1","0","0","0","0","0","0","0","0","5","0","","67","6","2022","1","39.990944","-75.126333","0908","6","0","0","0","1","0","0","0","0","","0","0","0","","","0","N","0","","39 59:27.400","","0","75 07:34.800","0","0","0","0","67301","0","0","0","N","0","0","0","1","67301","0","","6.0","","99","N","N","N","0","","0","0","0","","0","","","2","0","0","0","0","0","0","2","1","2","","","","N","","","","","","","","","",""
"2022050536","2153","1","0","0","0","0","0","0","0","0","4","0","","67","5","2022","1","39.900102","-75.250391","2149","6","0","0","0","0","0","0","0","0","","0","0","0","","","2","","1","","39 54:00.367","4","0","75 15:01.407","4","0","0","1","67301","0","0","0","N","0","0","0","4","67301","1","","1.0","100.0","1","N","N","N","0","","0","0","0","","2","N","","2","2","0","0","0","1","0","2","0","2","","03","","N","","","","","","","","","",""
"2022055620","0235","1","0","0","0","0","0","0","0","0","4","0","","67","6","2022","6","40.020533","-75.050906","0235","6","0","0","0","0","0","0","0","0","","0","0","0","","","0","","1","","40 01:13.918","","0","75 03:03.260","9","0","0","0","67301","0","0","0","N","0","0","0","2","67301","0","","1.0","","1","N","N","N","0","","0","0","0","","3","","","2","0","0","0","0","0","1","2","1","2","","","","N","","","","","","","","","",""
"2022052343","1635","0","0","0","0","0","0","0","0","0","2","0","","67","6","2022","5","39.972969","-75.233025","1630","6","0","0","0","0","0","0","0","0","","0","0","0","","","0","N","0","","39 58:22.690","","0","75 13:58.890","0","0","0","0","67301","0","0","0","N","0","0","0","1","67301","0","","6.0","","1","N","N","N","0","","0","0","1","","0","","","2","0","0","0","0","0","0","2","0","2","","03","","N","","","","","","","","","",""
"2022064058","0335","1","0","0","0","0","0","0","0","0","5","0","","67","6","2022","1","39.998593","-75.098032","0335","6","0","0","0","0","0","0","0","0","","0","0","0","","","0","N","0","","39 59:54.933","","0","75 05:52.916","9","0","0","0","67301","0","0","0","N","0","0","0","3","67301","0","","1.0","","1","N","N","N","0","","0","0","1","","0","","","2","0","0","0","0","0","2","2","0","2","","03","","N","","","","","","","","","",""
"2022068598","1040","1","0","0","0","0","0","0","0","0","7","0","","67","7","2022","5","39.981614","-75.167061","1034","6","0","0","1","0","0","0","0","0","","0","0","0","","","1","N","0","","39 58:53.810","","0","75 10:01.420","3","0","0","0","67301","0","0","0","N","0","0","0","1","67301","0","","5.0","","1","N","N","N","0","","1","0","0","","0","","","1","1","0","0","0","0","0","2","0","1","","03","","N","","","","","","","","","",""
"2022055573","1925","0","0","0","1","0","0","0","0","0","8","0","","67","6","2022","6","40.042217","-75.025894","1922","6","0","0","0","0","0","0","0","0","","0","0","0","","","1","N","0","","40 02:31.980","","7","75 01:33.217","3","0","0","0","67301","1","0","0","N","0","0","0","2","67301","0","","1.0","","1","N","N","N","0","","1","0","0","","0","","","2","1","0","0","0","0","1","2","0","1","","03","","N","","","","","","","","","",""
"2022068775","0154","2","0","0","0","0","0","0","0","0","5","0","","67","4","2022","7","39.9719","-75.159425","0150","6","0","0","1","0","0","0","0","0","","0","0","0","","","3","Y","0","","39 58:18.839","2","0","75 09:33.930","8","0","0","0","67301","0","0","0","N","0","0","0","4","67301","0","","1.0","220.0","1","N","N","N","0","","0","0","0","","2","N","","2","3","0","0","0","3","0","2","0","2","","03","","N","","","","","","","","","",""
"2022052279","1827","1","0","0","0","0","0","0","0","0","7","0","","67","6","2022","7","39.991974","-75.178012","1827","6","0","0","0","0","0","0","1","0","","0","0","0","","","1","","11","","39 59:31.106","","0","75 10:40.843","2","0","0","0","67301","0","0","0","N","0","0","0","1","67301","0","","4.0","","1","N","N","N","0","","0","1","0","","0","","","1","1","1","0","1","0","0","2","0","1","","03","","N","","","","","","","","","",""
"2022050538","1745","1","0","0","0","0","0","0","0","0","4","0","","67","5","2022","2","40.053245","-75.157694","1743","6","0","0","0","0","0","0","0","0","","0","0","0","","","1","","1","","40 03:11.681","","0","75 09:27.698","4","0","0","0","67301","0","0","0","N","0","0","0","3","67301","1","","1.0","","1","N","N","N","0","","0","0","2","","3","","","3","1","0","0","0","0","1","2","0","3","","03","","N","","","","","","","","","",""
"2022052923","1112","1","0","0","0","0","0","0","0","0","7","0","","67","5","2022","1","39.909361","-75.153167","1112","6","0","0","0","0","1","0","0","0","","0","0","0","","","1","N","0","","39 54:33.700","4","5","75 09:11.400","4","0","0","0","67301","0","0","0","N","0","0","0","3","67501","1","","3.0","1130.0","1","N","N","N","0","","0","0","1","","0","N","","2","1","0","0","0","0","0","2","0","2","","03","","N","","","","","","","","","",""
"2022052127","0011","0","0","0","0","0","0","0","0","0","4","0","","67","6","2022","7","39.974066","-75.117882","0006","6","0","0","0","0","0","0","0","0","","0","0","0","","","1","","1","","39 58:26.639","","0","75 07:04.374","3","0","0","1","67301","0","0","0","N","0","0","0","2","67301","0","","1.0","","1","N","N","N","0","","1","0","1","","2","","","2","1","0","0","0","0","0","2","0","2","","03","","N","","","","","","","","","",""
"2022066832","0201","1","0","0","0","0","0","0","0","0","7","0","","67","6","2022","1","39.962741","-75.183509","0154","6","0","0","0","0","0","0","0","0","","0","0","0","","","0","N","0","","39 57:45.869","3","0","75 11:00.633","0","0","0","0","67301","0","0","0","N","0","0","0","1","68K01","0","","3.0","220.0","1","N","N","N","0","","0","0","0","","0","N","","1","0","0","0","0","0","0","2","0","1","","03","","N","","","","","","","","","",""
"2022055554","2325","1","0","0","0","0","0","0","0","0","4","0","","67","6","2022","6","39.910729","-75.165661","2315","6","0","0","0","0","0","1","0","0","","0","0","0","","","1","","1","","39 54:38.625","","0","75 09:56.378","3","0","0","0","67301","0","0","0","N","0","0","0","3","67301","0","","1.0","","1","N","N","N","0","","1","0","2","","2","","","3","1","0","0","0","0","0","2","0","3","","03","","N","","","","","","","","","",""
"2022041553","","0","0","0","0","0","0","0","0","0","4","0","","67","4","2022","7","39.883695","-75.251582","","6","0","0","0","0","0","0","0","0","","0","0","0","","","1","","2","","39 53:01.302","","2","75 15:05.694","8","0","0","0","67301","0","0","0","N","0","0","0","2","00000","0","","1.0","","1","","","N","0","","0","0","1","","3","","","2","1","0","0","0","1","0","2","0","2","","","","N","","","","","","","","","",""
"2022062116","0139","2","0","0","0","0","0","0","0","0","5","0","","67","6","2022","1","39.983482","-75.20823","0135","6","0","0","0","0","0","0","0","0","","0","0","0","","","4","N","0","","39 59:00.536","3","0","75 12:29.628","3","0","0","0","67301","0","0","0","N","0","0","0","5","68K01","0","","1.0","30.0","1","N","N","N","0","","4","0","2","","0","N","","4","4","0","0","0","0","0","2","0","4","","03","","N","","","","","","","","","",""
"2022050639","1627","2","0","0","0","0","0","0","0","0","4","0","","67","5","2022","2","39.938875","-75.221262","1622","6","0","0","0","0","0","0","0","0","","0","0","0","","","1","N","0","","39 56:19.950","","0","75 13:16.543","3","0","0","0","67301","0","0","0","N","0","0","0","3","67301","0","","1.0","","1","N","N","Y","0","","1","0","1","","0","","","3","1","1","0","0","0","0","2","0","3","","03","","N","","","","","","","","","",""
"2022067142","1655","1","0","0","0","0","0","1","0","0","4","1","","67","7","2022","5","40.005925","-75.18648","1655","6","0","0","0","0","0","0","0","0","","0","0","0","","","0","","1","","40 00:21.331","","0","75 11:11.329","0","0","0","0","67301","0","0","0","N","0","0","0","2","67301","0","","1.0","","1","N","N","N","0","","0","0","0","","3","","","2","0","0","0","0","0","0","2","0","2","","","","N","","","","","","","","","",""
"2022060028","2335","1","0","0","0","0","0","0","0","0","4","0","","67","6","2022","7","39.92558","-75.234331","2333","6","0","0","0","1","0","0","0","0","","0","0","0","","","1","","1","","39 55:32.089","","0","75 14:03.592","3","0","0","1","67301","0","0","0","N","0","0","0","2","67301","0","","1.0","","1","N","N","N","0","","1","0","0","","1","","","2","1","1","0","0","0","1","2","0","2","","03","","N","","","","","","","","","",""
"2022067188","1100","1","0","0","0","0","0","0","0","0","1","0","","67","7","2022","5","39.942583","-75.193392","1038","6","0","0","0","0","0","0","0","0","","0","0","0","","","1","N","0","","39 56:33.297","","0","75 11:36.210","8","0","0","0","67301","0","0","0","N","0","0","0","2","68K01","0","","1.0","","1","N","N","N","0","","0","0","1","","0","","","2","1","1","0","0","1","0","2","0","2","","","","N","","","","","","","","","",""
"2022051385","1528","2","0","0","0","0","0","0","0","0","1","0","","67","6","2022","4","40.027676","-75.09933","1524","6","0","0","0","0","0","0","1","0","","0","0","0","","","1","Y","0","","40 01:39.632","","0","75 05:57.589","3","0","0","0","67301","0","0","0","N","0","0","0","2","67301","0","","1.0","","1","N","N","N","0","","1","0","0","","2","","","2","1","0","0","0","0","0","2","0","2","","03","","N","","","","","","","","","",""
"2022052058","1933","1","0","0","0","0","0","0","0","0","5","0","","67","6","2022","5","39.925051","-75.221493","1926","6","0","0","0","0","0","1","1","0","","0","0","0","","","0","N","0","","39 55:30.182","","0","75 13:17.376","0","0","0","0","67301","0","0","0","N","0","0","0","2","67301","0","","1.0","","8","N","N","N","0","","0","0","1","","0","","","2","0","0","0","0","0","0","2","0","2","","04","","N","","","","","","","","","",""
"2022063073","0630","1","0","0","0","0","0","0","0","0","4","0","","67","6","2022","3","39.971858","-75.244883","0627","6","0","0","0","0","0","0","0","0","","0","0","0","","","2","","1","","39 58:18.687","","0","75 14:41.580","4","0","0","0","67301","0","0","0","N","0","0","0","2","67301","2","","1.0","","1","N","N","N","0","","0","0","1","","2","","","2","2","0","0","0","0","0","2","0","2","","03","","N","","","","","","","","","",""
"2022051868","1720","1","0","0","0","0","0","0","0","0","5","0","","67","6","2022","6","39.974708","-75.178686","1656","6","0","0","0","0","0","0","1","0","","0","0","0","","","0","N","0","","39 58:28.950","2","0","75 10:43.270","0","0","0","0","67301","0","0","0","N","0","0","0","1","67301","0","","6.0","1833.0","1","N","N","N","0","","0","0","1","","0","Y","","2","0","0","0","0","0","0","2","0","2","","03","","N","","","","","","","","","",""
"2022064765","2208","1","0","0","0","0","0","0","0","0","4","0","","67","6","2022","5","39.954826","-75.217894","2206","6","0","0","0","0","1","0","0","0","","0","0","0","","","3","","1","","39 57:17.373","","0","75 13:04.418","3","0","0","0","67301","0","0","0","N","0","0","0","3","67301","0","","1.0","","1","N","N","N","0","","3","0","1","","2","","","2","3","2","0","0","0","0","2","0","2","","","","N","","","","","","","","","",""
"2022055624","2030","0","0","0","0","0","0","0","0","0","1","0","","67","6","2022","1","39.974059","-75.205229","2028","6","0","0","0","0","0","0","0","0","","0","0","0","","","1","N","0","","39 58:26.614","","0","75 12:18.824","4","0","0","0","67301","0","0","0","N","0","0","0","2","67301","1","","1.0","","1","N","N","N","0","","0","0","1","","0","","","2","1","1","0","0","0","1","2","0","2","","03","","N","","","","","","","","","",""
"2022052237","1316","1","0","0","0","0","0","0","0","0","4","0","","67","6","2022","7","40.033146","-75.10696","1308","6","0","0","0","0","0","1","0","1","","0","0","0","","","1","","1","","40 01:59.326","","0","75 06:25.057","4","0","0","0","67301","0","0","0","N","0","0","0","3","67301","1","","1.0","","1","N","N","N","0","","0","0","1","","2","","","2","1","0","0","0","0","0","2","0","2","","03","","N","","","","","","","","","",""
"2022063078","1921","1","0","0","0","0","0","0","0","0","1","0","","67","6","2022","7","39.974819","-75.245391","1919","6","0","0","0","0","0","0","0","1","","0","0","0","","","1","N","0","","39 58:29.349","5","0","75 14:43.408","3","0","0","0","67301","0","0","0","N","0","0","0","5","67301","0","","1.0","2000.0","1","N","N","N","0","","1","0","1","","0","Y","","2","1","4","0","0","0","0","2","0","2","","","","N","","","","","","","","","",""
"2022066404","2300","2","0","0","0","0","0","0","0","0","1","0","","67","6","2022","5","39.906091","-75.193361","2300","6","0","0","0","0","0","0","0","0","","0","0","0","","","1","","1","","39 54:21.927","","0","75 11:36.099","3","0","0","0","67301","0","0","0","N","0","0","0","3","67301","0","","1.0","","1","N","N","N","1","","1","0","0","","2","","","3","1","0","0","0","0","0","2","0","3","","03","","N","","","","","","","","","",""
"2022050571","0155","2","0","0","0","0","0","0","0","0","4","0","","67","5","2022","2","40.015951","-75.117379","0155","6","0","0","0","0","0","0","0","0","","0","0","0","","","1","","5","","40 00:57.425","","0","75 07:02.566","3","0","0","0","67301","0","0","0","N","0","0","0","2","67301","0","","1.0","","1","N","N","N","0","","1","0","0","","0","","","2","1","0","0","0","0","1","2","0","2","","","","N","","","","","","","","","",""
"2022054644","2056","0","0","0","0","0","0","0","0","0","7","0","","67","6","2022","6","39.912444","-75.173972","2052","6","0","0","0","0","0","0","0","0","","0","0","0","","","1","","7","","39 54:44.800","2","8","75 10:26.300","8","0","0","0","67301","0","0","0","N","0","0","0","4","67501","0","","4.0","2113.0","1","N","N","N","0","","0","0","0","","0","Y","","1","1","0","0","0","1","0","2","1","1","","03","","N","","","","","","","","","",""
"2022055540","1845","2","0","0","0","0","0","0","0","0","5","0","","67","6","2022","4","40.048653","-75.101464","1825","6","0","0","0","0","0","1","0","0","","0","0","0","","","1","N","0","","40 02:55.150","","0","75 06:05.270","8","0","0","0","67301","0","0","0","N","0","0","0","1","67301","0","","6.0","","1","N","N","N","0","","0","0","1","","0","","","3","1","0","0","0","1","0","2","0","3","","","","N","","","","","","","","","",""
"2022055557","1338","1","0","0","0","0","0","0","0","0","5","0","","67","6","2022","1","40.035706","-75.23575","1336","6","0","0","0","0","0","1","0","0","","0","0","0","","","3","N","0","","40 02:08.540","","0","75 14:08.700","4","0","0","0","67301","0","0","0","N","0","0","0","4","67301","3","","1.0","","1","N","N","N","0","","0","0","1","","0","","","2","3","0","0","0","0","0","2","0","2","","03","","N","","","","","","","","","",""
"2022052401","2122","2","0","0","0","0","0","0","0","0","4","0","","67","6","2022","5","40.021553","-75.05463","2114","6","0","0","0","0","0","0","0","0","","0","0","0","","","1","","1","","40 01:17.591","1","0","75 03:16.669","3","0","0","0","67301","0","0","0","N","0","0","0","2","67301","0","","1.0","2245.0","1","N","N","N","0","","1","0","1","","2","N","","4","1","0","0","0","0","0","2","1","4","","03","","N","","","","","","","","","",""
"2022052764","1445","1","0","0","0","0","0","0","0","0","4","0","","67","6","2022","7","40.02666","-75.146579","1445","6","0","0","0","0","0","1","0","0","","0","0","0","","","1","","2","","40 01:35.976","","0","75 08:47.684","8","0","0","0","67301","0","0","0","N","0","0","0","2","67301","0","","1.0","","99","N","N","N","0","","0","0","1","","0","","","2","1","1","0","0","1","1","2","0","2","","","","N","","","","","","","","","",""
"2022063068","1956","0","0","0","0","0","0","0","0","0","6","0","","67","5","2022","6","39.975975","-75.231617","1955","6","0","0","0","0","0","0","0","0","","0","0","0","","","1","N","0","","39 58:33.510","5","0","75 13:53.820","3","0","0","1","67301","0","0","0","N","0","0","0","2","67301","0","","1.0","2147.0","1","N","N","N","1","","1","0","1","","0","Y","","3","1","0","0","0","0","0","2","0","3","","03","","N","","","","","","","","","",""
"2022063131","1050","2","0","0","0","0","0","0","0","0","1","0","","67","6","2022","1","40.007199","-75.200233","1030","6","0","0","0","0","0","0","0","0","","0","0","0","","","0","","7","","40 00:25.917","","2","75 12:00.838","0","0","0","0","67301","0","0","0","N","0","0","0","3","68K01","0","","7.0","","1","N","N","N","0","","0","0","0","","0","","","2","0","0","0","0","0","0","2","0","2","","","","N","","","","","","","","","",""
"2022067114","1502","1","0","0","0","0","0","0","0","0","4","0","","67","7","2022","5","40.014217","-75.128789","1451","6","0","0","0","0","0","0","0","0","","0","0","0","","","2","N","0","","40 00:51.180","","0","75 07:43.640","3","0","0","0","67301","0","0","0","N","0","0","0","3","67301","0","","1.0","","1","N","N","N","0","","2","0","1","","0","","","2","2","0","0","0","0","0","2","0","2","","03","","N","","","","","","","","","",""
"2022055057","2324","2","0","0","0","0","0","0","0","0","5","0","","67","6","2022","1","39.984043","-75.208168","2309","6","0","0","0","1","0","1","0","0","","0","0","0","","","1","N","0","","39 59:02.556","4","0","75 12:29.406","3","0","0","0","67301","0","0","0","N","0","0","0","4","68K01","0","","1.0","2342.0","1","N","N","N","0","","1","0","0","","0","N","","2","1","0","0","0","0","0","2","0","2","","03","","N","","","","","","","","","",""
"2022053023","1220","1","0","0","0","0","0","0","0","0","4","0","","67","6","2022","1","39.943372","-75.232331","1208","6","0","0","0","0","0","0","0","0","","0","0","0","","","2","","1","","39 56:36.138","","0","75 13:56.392","8","0","0","0","67301","0","0","0","N","0","0","0","3","67301","0","","1.0","","1","N","N","N","0","","0","0","1","","2","","","2","2","3","0","0","2","1","2","0","2","","03","","N","","","","","","","","","",""
"2022066471","0748","1","0","0","0","0","0","1","0","0","4","1","","67","7","2022","6","39.891942","-75.241906","0741","6","0","0","0","0","0","0","0","0","","0","0","0","","","1","","2","","39 53:30.990","","0","75 14:30.862","8","0","0","0","67301","0","0","0","N","0","0","0","3","67508","0","","1.0","","1","N","N","Y","0","","0","0","0","","2","","","2","1","1","0","0","1","0","2","0","2","","03","","N","","","","","","","","","",""
"2022055659","1243","2","0","0","0","0","0","0","0","0","4","0","","67","6","2022","4","40.021125","-75.139925","1241","6","0","0","0","0","0","0","1","1","","0","0","0","","","4","","1","","40 01:16.051","","0","75 08:23.731","4","0","0","0","67301","0","0","0","N","0","0","0","4","67301","4","","1.0","","1","N","N","N","0","","0","0","0","","2","","","2","4","0","0","0","0","0","2","0","2","","03","","N","","","","","","","","","",""
"2022053669","1644","1","0","0","0","0","0","0","0","0","7","0","","67","6","2022","7","39.96233","-75.139761","1631","6","0","0","0","0","0","0","0","0","","0","0","0","","","0","N","0","","39 57:44.389","2","0","75 08:23.141","0","0","0","0","67301","0","0","0","N","0","0","0","1","68K01","0","","3.0","1700.0","1","N","N","N","0","","0","0","0","","0","N","","1","0","0","0","0","0","0","2","0","1","","03","","N","","","","","","","","","",""
"2022052593","2246","1","0","0","0","0","0","0","0","0","5","0","","67","5","2022","3","39.927747","-75.176333","2245","6","0","0","0","0","0","0","0","0","","0","0","0","","","0","N","0","","39 55:39.890","3","0","75 10:34.800","9","0","0","0","67301","0","0","0","N","0","0","0","2","67301","0","","6.0","2300.0","1","N","N","N","0","","0","0","0","","0","Y","","3","0","1","0","0","0","1","2","2","3","","","","N","","","","","","","","","",""
"2022056017","1718","1","0","0","0","0","0","0","0","0","7","0","","67","6","2022","6","40.008481","-75.137631","1718","6","0","0","0","0","0","0","0","0","","0","0","0","","","0","N","0","","40 00:30.530","","0","75 08:15.470","0","0","0","0","67301","0","0","0","N","0","0","0","1","67301","0","","5.0","","1","N","N","N","0","","0","0","0","","0","","","1","0","1","0","0","0","0","2","0","1","","03","","N","","","","","","","","","",""
"2022051519","0218","2","0","0","0","0","0","0","0","0","1","0","","67","6","2022","5","39.935453","-75.223147","0208","6","0","0","0","0","0","0","0","0","","0","0","0","","","0","N","0","","39 56:07.630","","0","75 13:23.330","9","0","0","0","67301","0","0","0","N","0","0","0","2","67301","0","","1.0","","1","N","N","N","0","","0","0","0","","0","","","3","0","0","0","0","0","2","2","0","3","","03","","N","","","","","","","","","",""
"2022033211","","1","0","0","0","0","0","0","0","0","1","0","","67","3","2022","5","39.911148","-75.23051","","6","0","0","0","0","0","0","1","0","","0","0","0","","","1","","1","","39 54:40.132","","0","75 13:49.836","8","0","0","0","67301","0","0","0","N","0","0","0","2","00000","0","","1.0","","1","","","N","0","","0","0","0","","2","","","2","1","0","0","0","1","0","2","0","2","","","","N","","","","","","","","","",""
"2022067885","2300","0","0","0","0","0","0","0","0","0","1","0","","67","7","2022","5","39.966188","-75.186781","2254","6","0","0","0","0","1","0","0","0","","0","0","0","","","0","N","0","","39 57:58.275","","0","75 11:12.411","9","0","0","0","67301","0","0","0","N","0","0","0","4","68K01","0","","1.0","","1","N","N","N","0","","0","0","1","","0","","","2","0","0","0","0","0","1","2","0","2","","","","N","","","","","","","","","",""
"2022056936","2151","2","0","0","0","0","0","0","0","0","4","0","","67","6","2022","7","39.948689","-75.237495","2149","6","0","0","0","0","0","0","0","0","","0","0","0","","","2","","1","","39 56:55.280","","0","75 14:14.982","3","0","0","0","67301","0","0","0","N","0","0","0","3","67301","0","","1.0","","1","N","N","N","0","","2","0","0","","2","","","3","2","0","0","0","0","0","2","1","3","","03","","N","","","","","","","","","",""