"CRN","ARRIVAL_TM","AUTOMOBILE_COUNT","BELTED_DEATH_COUNT","BELTED_SUSP_SERIOUS_INJ_COUNT","BICYCLE_COUNT","BICYCLE_DEATH_COUNT","BICYCLE_SUSP_SERIOUS_INJ_COUNT","BUS_COUNT","CHLDPAS_DEATH_COUNT","CHLDPAS_SUSP_SERIOUS_INJ_COUNT","COLLISION_TYPE","COMM_VEH_COUNT","CONS_ZONE_SPD_LIM","COUNTY","CRASH_MONTH","CRASH_YEAR","DAY_OF_WEEK","DEC_LATITUDE","DEC_LONGITUDE","DISPATCH_TM","DISTRICT","DRIVER_COUNT_16YR","DRIVER_COUNT_17YR","DRIVER_COUNT_18YR","DRIVER_COUNT_19YR","DRIVER_COUNT_20YR","DRIVER_COUNT_50_64YR","DRIVER_COUNT_65_74YR","DRIVER_COUNT_75PLUS","EST_HRS_CLOSED","FATAL_COUNT","HEAVY_TRUCK_COUNT","HORSE_BUGGY_COUNT","HOUR_OF_DAY","ILLUMINATION","INJURY_COUNT","INTERSECTION_RELATED","INTERSECT_TYPE","LANE_CLOSED","LATITUDE","LN_CLOSE_DIR","LOCATION_TYPE","LONGITUDE","MAX_SEVERITY_LEVEL","MCYCLE_DEATH_COUNT","MCYCLE_SUSP_SERIOUS_INJ_COUNT","MOTORCYCLE_COUNT","MUNICIPALITY","NONMOTR_COUNT","NONMOTR_DEATH_COUNT","NONMOTR_SUSP_SERIOUS_INJ_COUNT","NTFY_HIWY_MAINT","PED_COUNT","PED_DEATH_COUNT","PED_SUSP_SERIOUS_INJ_COUNT","PERSON_COUNT","POLICE_AGCY","POSSIBLE_INJ_COUNT","RDWY_SURF_TYPE_CD","RELATION_TO_ROAD","ROADWAY_CLEARED","ROAD_CONDITION","SCH_BUS_IND","SCH_ZONE_IND","SECONDARY_CRASH","SMALL_TRUCK_COUNT","SPEC_JURIS_CD","SUSP_MINOR_INJ_COUNT","SUSP_SERIOUS_INJ_COUNT","SUV_COUNT","TCD_FUNC_CD","TCD_TYPE","TFC_DETOUR_IND","TIME_OF_DAY","TOTAL_UNITS","TOT_INJ_COUNT","UNBELTED_OCC_COUNT","UNB_DEATH_COUNT","UNB_SUSP_SERIOUS_INJ_COUNT","UNK_INJ_DEG_COUNT","UNK_INJ_PER_COUNT","URBAN_RURAL","VAN_COUNT","VEHICLE_COUNT","WEATHER1","WEATHER2","WORKERS_PRES","WORK_ZONE_IND","WORK_ZONE_LOC","WORK_ZONE_TYPE","WZ_CLOSE_DETOUR","WZ_FLAGGER","WZ_LAW_OFFCR_IND","WZ_LN_CLOSURE","WZ_MOVING","WZ_OTHER","WZ_SHLDER_MDN","WZ_WORKERS_INJ_KILLED"
"2022050516","0056","1","0","0","0","0","0","0","0","0","4","0","","67","5","2022","2","40.042782","-75.076571","0054","6","0","0","0","0","0","0","0","0","","0","0","0","","","2","","5","","40 02:34.015","","0","75 04:35.655","3","0","0","0","67301","0","0","0","N","0","0","0","3","67301","0","","1.0","","1","N","N","N","0","","2","0","1","","2","","","2","2","0","0","0","0","0","2","0","2","","","","N","","","","","","","","","",""
"2022054466","1502","0","0","0","0","0","0","0","0","0","7","0","","67","6","2022","7","39.972428","-75.121322","1502","6","0","0","0","0","0","0","0","0","","0","0","0","","","1","N","0","","39 58:20.742","","8","75 07:16.758","3","0","0","0","67301","0","0","0","N","0","0","0","1","68K01","0","","2.0","","9","N","N","N","0","","1","0","1","","0","","","1","1","0","0","0","0","0","2","0","1","","07","","N","","","","","","","","","",""
"2022053625","1609","0","0","0","0","0","0","0","0","0","5","0","","67","6","2022","7","39.906889","-75.139444","1609","6","0","0","0","0","0","0","0","0","","0","0","0","","","0","N","0","","39 54:24.800","3","3","75 08:22.000","0","0","0","0","67301","0","0","0","N","0","0","0","4","67501","0","","1.0","1702.0","1","N","N","N","0","","0","0","2","","8","N","","2","0","0","0","0","0","0","2","0","2","","03","","N","","","","","","","","","",""
"2022055631","0610","1","0","0","0","0","0","0","0","0","6","0","","67","6","2022","1","39.948355","-75.210504","0605","6","0","0","0","0","0","0","0","0","","0","0","0","","","0","N","0","","39 56:54.077","3","0","75 12:37.814","0","0","0","0","67301","0","0","0","N","0","0","0","2","67301","0","","1.0","640.0","1","N","N","N","0","","0","0","1","","0","N","","2","0","0","0","0","0","0","2","0","2","","03","","N","","","","","","","","","",""
"2022055596","1639","1","0","0","0","0","0","0","0","0","4","0","","67","6","2022","4","40.059851","-75.15013","1638","6","0","0","0","0","0","0","0","0","","0","0","0","","","3","","1","","40 03:35.463","6","0","75 09:00.467","3","0","0","0","67301","0","0","0","N","0","0","0","5","67301","0","","1.0","1733.0","1","N","N","N","0","","3","0","1","","2","Y","","2","3","2","0","0","0","0","2","0","2","","03","","N","","","","","","","","","",""
"2022055607","1303","0","0","0","0","0","0","0","0","0","0","0","","67","6","2022","1","39.990303","-75.072317","1303","6","0","0","0","0","0","1","0","0","","0","0","0","","","0","N","0","","39 59:25.090","","0","75 04:20.340","0","0","0","0","67301","0","0","0","N","0","0","0","1","67301","0","","1.0","","1","N","N","N","0","","0","0","1","","0","","","1","0","0","0","0","0","0","2","0","1","","","","N","","","","","","","","","",""
"2022068605","0825","1","0","0","0","0","0","0","0","0","4","0","","67","7","2022","6","39.97687","-75.143527","0810","6","0","0","0","0","0","0","0","1","","0","0","0","","","0","","1","","39 58:36.732","","0","75 08:36.697","0","0","0","0","67301","0","0","0","N","0","0","0","2","67301","0","","1.0","","1","N","N","N","0","","0","0","1","","2","","","2","0","0","0","0","0","0","2","0","2","","","","N","","","","","","","","","",""
"2022068258","1833","1","0","0","0","0","0","0","0","0","1","1","","67","7","2022","1","39.966858","-75.134677","1828","6","0","0","0","0","0","0","0","0","","0","1","0","","","5","N","0","","39 58:00.690","2","0","75 08:04.838","8","0","0","0","67301","0","0","0","N","0","0","0","9","68K01","0","","1.0","1900.0","1","N","N","N","0","","0","0","1","","0","N","","3","5","0","0","0","5","1","2","0","3","","03","","N","","","","","","","","","",""
"2022066280","0337","0","0","0","0","0","0","0","0","0","5","1","","67","6","2022","3","39.930803","-75.198996","0335","6","0","0","0","0","0","0","0","0","","0","1","0","","","1","N","0","","39 55:50.892","3","0","75 11:56.386","8","0","0","0","67301","0","0","0","N","0","0","0","2","68K01","0","","1.0","400.0","1","N","N","N","0","","0","0","1","","0","N","","2","1","1","0","0","1","0","2","0","2","","","","N","","","","","","","","","",""
"2022051644","2100","4","0","0","0","0","0","0","0","0","4","0","","67","5","2022","2","40.036295","-75.071755","2052","6","0","1","0","0","0","0","0","0","","0","0","0","","","1","","1","","40 02:10.662","","0","75 04:18.319","3","0","0","0","67301","0","0","0","N","0","0","0","2","67301","0","","1.0","","1","N","N","N","0","","1","0","1","","2","","","5","1","0","0","0","0","0","2","0","5","","03","","N","","","","","","","","","",""
"2022044071","","1","0","0","0","0","0","0","0","0","4","0","","67","5","2022","1","39.903694","-75.243194","","6","0","0","0","0","0","0","1","1","","0","0","0","","","0","","1","","39 54:13.300","","0","75 14:35.500","0","0","0","0","67301","0","0","0","N","0","0","0","2","00000","0","","1.0","","1","","","N","0","","0","0","1","","2","","","2","0","0","0","0","0","0","2","0","2","","","","N","","","","","","","","","",""
"2022069340","1924","1","0","0","0","0","0","0","0","0","1","0","","67","7","2022","3","40.037024","-75.219735","1918","6","0","0","0","0","0","0","0","0","","0","0","0","","","0","N","0","","40 02:13.287","","0","75 13:11.047","0","0","0","0","67301","0","0","0","N","0","0","0","2","67301","0","","6.0","","1","N","N","N","0","","0","0","1","","0","","","2","0","0","0","0","0","0","2","0","2","","03","","N","","","","","","","","","",""
"2022055898","1115","2","0","0","0","0","0","0","0","0","1","0","","67","6","2022","1","40.045499","-75.164866","1114","6","0","0","0","0","1","1","0","0","","0","0","0","","","1","","1","","40 02:43.798","","0","75 09:53.516","3","0","0","0","67301","0","0","0","N","0","0","0","2","67301","0","","1.0","","9","N","N","N","0","","1","0","0","","2","","","2","1","0","0","0","0","0","2","0","2","","","","N","","","","","","","","","",""
"2022048068","0838","2","0","0","0","0","0","0","0","0","4","0","","67","5","2022","2","40.074892","-75.169927","0835","6","0","0","0","0","0","0","0","0","","0","0","0","","","5","","1","","40 04:29.611","7","0","75 10:11.737","3","0","0","0","67301","0","0","0","N","0","0","0","5","67301","4","","1.0","913.0","1","N","N","N","0","","1","0","1","","3","Y","","3","5","0","0","0","0","0","2","0","3","","04","","N","","","","","","","","","",""
"2022060012","1042","0","0","0","1","0","0","0","0","0","8","0","","67","6","2022","4","39.958503","-75.148724","1030","6","0","0","0","0","0","0","0","0","","0","0","0","","","1","","1","","39 57:30.611","","0","75 08:55.408","4","0","0","0","67301","1","0","0","N","0","0","0","2","67301","1","","1.0","","1","N","N","N","0","","0","0","0","","3","","","2","1","1","0","0","0","0","2","1","1","","04","","N","","","","","","","","","",""
"2022061825","1503","2","0","0","0","0","0","0","0","0","1","0","","67","6","2022","5","39.887389","-75.204318","1445","6","0","0","0","1","0","0","0","0","","0","0","0","","","1","N","0","","39 53:14.599","","0","75 12:15.544","8","0","0","0","67301","0","0","0","N","0","0","0","2","68K01","0","","1.0","","1","N","N","N","0","","0","0","0","","0","","","2","1","0","0","0","1","0","2","0","2","","","","N","","","","","","","","","",""
"2022050534","1033","0","0","0","0","0","0","0","0","0","4","0","","67","5","2022","2","40.099146","-74.986864","1022","6","0","0","0","0","1","1","0","0","","0","0","0","","","2","","1","","40 05:56.927","","2","74 59:12.712","3","0","0","0","67301","0","0","0","N","0","0","0","3","67301","0","","1.0","","1","N","N","N","1","","2","0","1","","2","","","2","2","0","0","0","0","0","2","0","2","","03","","N","","","","","","","","","",""
"2022068804","1543","1","0","0","0","0","0","0","0","0","4","0","","67","5","2022","3","39.97552","-75.166764","1532","6","0","0","0","0","0","0","0","1","","0","0","0","","","0","","1","","39 58:31.871","","0","75 10:00.351","9","0","0","0","67301","0","0","0","N","0","0","0","2","67301","0","","1.0","","1","N","N","N","0","","0","0","0","","2","","","2","0","2","0","0","0","1","2","1","2","","03","","N","","","","","","","","","",""
"2022065991","2312","1","0","0","0","0","0","0","0","0","7","0","","67","7","2022","7","39.956987","-75.152569","2302","6","0","0","0","0","0","0","0","0","","0","0","0","","","0","N","0","","39 57:25.154","","0","75 09:09.249","0","0","0","0","67301","0","0","0","N","0","0","0","1","68K01","0","","4.0","","9","N","N","N","0","","0","0","0","","0","","","1","0","0","0","0","0","0","2","0","1","","07","","N","","","","","","","","","",""
"2022051900","0245","1","0","0","0","0","0","0","0","0","5","0","","67","6","2022","7","40.039461","-75.063281","0226","6","0","0","0","0","0","0","0","0","","0","0","0","","","0","N","0","","40 02:22.060","","0","75 03:47.810","0","0","0","0","67301","0","0","0","N","0","0","0","1","67301","0","","6.0","","1","N","N","N","2","","0","0","1","","0","","","4","0","0","0","0","0","0","2","0","4","","","","N","","","","","","","","","",""
"2022066837","1512","1","0","0","0","0","0","0","0","0","5","0","","67","6","2022","6","40.026826","-75.025765","1430","6","0","0","0","0","0","1","0","0","","0","0","0","","","1","N","0","","40 01:36.573","","0","75 01:32.753","3","0","0","0","67301","0","0","0","N","0","0","0","3","68K01","0","","1.0","","1","N","N","N","0","","1","0","1","","0","","","2","1","0","0","0","0","0","2","0","2","","","","N","","","","","","","","","",""
"2022056747","0745","0","0","0","0","0","0","0","0","0","5","0","","67","6","2022","7","40.060004","-75.009229","0741","6","0","0","0","0","0","1","0","0","","0","0","0","","","1","N","0","","40 03:36.016","","0","75 00:33.223","3","0","0","0","67301","0","0","0","N","0","0","0","1","67301","0","","6.0","","1","N","N","N","0","","1","0","1","","0","","","2","1","0","0","0","0","0","2","1","2","","03","","N","","","","","","","","","",""
"2022061760","1506","2","0","0","0","0","0","0","0","0","1","0","","67","5","2022","2","39.992147","-75.085861","1446","6","0","0","1","0","0","0","0","0","","0","0","0","","","0","N","0","","39 59:31.729","","0","75 05:09.099","0","0","0","0","67301","0","0","0","N","0","0","0","4","68K01","0","","1.0","","1","N","N","N","0","","0","0","0","","0","","","2","0","0","0","0","0","0","2","0","2","","","","N","","","","","","","","","",""
"2022068296","1220","1","0","0","0","0","0","1","0","0","1","1","","67","7","2022","5","40.004293","-75.149298","1215","6","0","0","0","0","0","0","1","0","","0","0","0","","","1","","1","","40 00:15.454","2","0","75 08:57.472","8","0","0","0","67301","0","0","0","N","0","0","0","2","67508","0","","1.0","9999.0","1","N","N","Y","0","","0","0","0","","2","N","","2","1","0","0","0","1","0","2","0","2","","03","","N","","","","","","","","","",""
"2022069387","2338","3","0","0","0","0","0","0","0","0","1","0","","67","5","2022","3","40.018195","-75.048154","2326","6","0","0","0","0","0","0","0","0","","0","0","0","","","1","N","0","","40 01:05.501","","0","75 02:53.356","3","0","0","0","67301","0","0","0","N","0","0","0","4","68K01","0","","1.0","","1","N","N","N","0","","1","0","0","","0","","","3","1","0","0","0","0","0","2","0","3","","03","","N","","","","","","","","","",""
"2022047522","1139","1","0","0","0","0","0","0","0","0","4","0","","67","5","2022","7","40.041499","-75.158367","1138","6","0","0","0","0","0","0","0","0","","0","0","0","","","0","","5","","40 02:29.397","5","0","75 09:30.120","0","0","0","0","67301","0","0","0","N","0","0","0","2","67301","0","","1.0","1157.0","1","N","N","N","0","","0","0","1","","2","Y","","2","0","0","0","0","0","0","2","0","2","","03","","N","","","","","","","","","",""
"2022070347","0952","1","0","0","0","0","0","0","0","0","5","1","","67","6","2022","4","40.038058","-75.010559","0937","6","0","0","0","0","1","1","0","0","","1","1","0","","","0","N","0","","40 02:17.008","1","0","75 00:38.012","1","1","0","1","67301","0","0","0","N","0","0","0","3","68K01","0","1","1.0","1231.0","1","N","N","N","0","0","0","0","0","","0","N","","3","0","0","0","0","0","0","2","0","3","","03","","N","","","","","","","","","",""
"2022055587","2125","1","0","0","0","0","0","0","0","0","1","1","","67","6","2022","4","39.946633","-75.230039","2125","6","0","0","0","0","0","0","0","0","","0","1","0","","","0","N","0","","39 56:47.880","","0","75 13:48.140","0","0","0","0","67301","0","0","0","N","0","0","0","1","67301","0","","6.0","","1","N","N","N","0","","0","0","0","","0","","","2","0","0","0","0","0","0","2","0","2","","","","N","","","","","","","","","",""
"2022066382","0009","2","0","0","0","0","0","0","0","0","4","0","","67","6","2022","6","39.999511","-75.125084","0009","6","0","0","0","0","0","0","0","0","","0","0","0","","","0","N","0","","39 59:58.240","","0","75 07:30.304","0","0","0","0","67301","0","0","0","N","0","0","0","1","67301","0","","1.0","","1","N","N","N","0","","0","0","0","","2","","","2","0","1","0","0","0","0","2","0","2","","03","","N","","","","","","","","","",""
"2022055541","0003","2","0","0","0","0","0","0","0","0","6","0","","67","6","2022","7","40.044359","-75.06172","0001","6","0","0","0","0","0","0","0","0","","0","0","0","","","0","N","0","","40 02:39.691","1","0","75 03:42.193","9","0","0","0","67301","0","0","0","N","0","0","0","1","67301","0","","6.0","40.0","1","N","N","N","0","","0","0","0","","0","N","","3","0","0","0","0","0","1","2","1","3","","03","","N","","","","","","","","","",""
"2022067442","1424","2","0","0","0","0","0","0","0","0","1","0","","67","6","2022","1","40.043604","-75.002734","1356","6","0","0","0","0","0","0","0","0","","0","0","0","","","0","N","0","","40 02:36.974","","0","75 00:09.842","0","0","0","0","67301","0","0","0","N","0","0","0","2","68K01","0","","1.0","","1","N","N","N","0","","0","0","0","","0","","","2","0","0","0","0","0","0","2","0","2","","03","","N","","","","","","","","","",""
"2022068057","0727","1","0","0","0","0","0","0","0","0","5","0","","67","6","2022","1","39.914805","-75.147829","0713","6","0","0","0","0","0","1","0","0","","0","0","0","","","0","N","0","","39 54:53.298","","3","75 08:52.185","0","0","0","0","67301","0","0","0","N","0","0","0","2","68K01","0","","1.0","","1","N","N","N","0","","0","0","1","","0","","","2","0","0","0","0","0","0","2","0","2","","","","N","","","","","","","","","",""
"2022051517","1500","2","0","0","0","0","0","0","0","0","1","0","","67","5","2022","3","39.942061","-75.234201","1322","6","0","0","0","0","0","0","0","0","","0","0","0","","","0","N","0","","39 56:31.421","","0","75 14:03.122","0","0","0","0","67301","0","0","0","N","0","0","0","1","67301","0","","6.0","","1","N","N","N","0","","0","0","1","","0","","","3","0","0","0","0","0","0","2","0","3","","03","","N","","","","","","","","","",""
"2022049897","2012","0","0","0","0","0","0","0","0","0","7","0","","67","5","2022","5","39.980581","-75.197943","2009","6","0","0","0","0","0","0","0","0","","0","0","0","","","1","","2","","39 58:50.093","","0","75 11:52.595","2","0","1","1","67301","0","0","0","N","0","0","0","1","67301","0","","4.0","","1","N","N","N","0","","0","1","0","","2","","","1","1","0","0","0","0","0","2","0","1","","04","","N","","","","","","","","","",""
"2022068805","2349","2","0","0","0","0","0","0","0","0","1","0","","67","6","2022","1","39.984949","-75.158241","2346","6","0","0","0","0","0","0","0","0","","0","0","0","","","1","","1","","39 59:05.816","","0","75 09:29.666","8","0","0","0","67301","0","0","0","N","0","0","0","3","67301","0","","1.0","","1","N","N","N","0","","0","0","0","","2","","","2","1","0","0","0","1","1","2","0","2","","03","","N","","","","","","","","","",""
"2022066170","1032","1","0","0","0","0","0","0","0","0","8","0","","67","7","2022","4","40.000341","-75.0838","1025","6","0","0","0","0","0","0","0","0","","1","0","0","","","0","","2","","40 00:01.227","5","2","75 05:01.681","1","0","0","0","67301","1","1","0","N","1","1","0","2","67301","0","2","1.0","1228.0","1","N","N","Y","0","0","0","0","0","","2","Y","","2","0","0","0","0","0","0","2","0","1","","03","","N","","","","","","","","","",""
"2022055593","1257","1","0","0","0","0","0","0","0","0","4","0","","67","6","2022","2","39.917847","-75.224206","1253","6","0","0","0","0","0","0","1","0","","0","0","0","","","1","","2","","39 55:04.249","","0","75 13:27.141","3","0","0","0","67301","0","0","0","N","0","0","0","2","67301","0","","1.0","","8","N","N","N","0","","1","0","1","","3","","","2","1","0","0","0","0","0","2","0","2","","04","","N","","","","","","","","","",""
"2022057912","0352","1","0","0","0","0","0","0","0","0","7","0","","67","5","2022","1","40.006387","-75.193977","0342","6","0","0","0","0","0","0","0","0","","0","0","0","","","0","","7","","40 00:22.992","3","8","75 11:38.316","0","0","0","0","67301","0","0","0","N","0","0","0","1","68K01","0","","7.0","445.0","1","N","N","N","0","","0","0","0","","0","N","","1","0","0","0","0","0","0","2","0","1","","","","N","","","","","","","","","",""
"2022063077","0325","2","0","0","0","0","0","0","0","0","1","0","","67","6","2022","1","39.979669","-75.240931","0323","6","0","0","0","0","0","0","0","0","","0","0","0","","","0","N","0","","39 58:46.810","","0","75 14:27.350","0","0","0","0","67301","0","0","0","N","0","0","0","1","67301","0","","6.0","","1","N","N","N","0","","0","0","0","","3","","","2","0","0","0","0","0","0","2","0","2","","03","","N","","","","","","","","","",""
"2022064060","2239","0","0","0","0","0","0","0","0","0","0","0","","67","7","2022","2","40.025457","-75.167791","2239","6","0","0","0","1","0","0","0","0","","0","0","0","","","1","N","0","","40 01:31.644","","0","75 10:04.047","3","0","0","0","67301","0","0","0","N","0","0","0","1","67301","0","","1.0","","98","N","N","N","0","","1","0","0","","0","","","1","1","0","0","0","0","0","2","0","1","","03","","N","","","","","","","","","",""
"2022063383","1850","2","0","0","0","0","0","0","0","0","1","0","","67","7","2022","6","40.030075","-75.022166","1834","6","0","0","0","0","0","0","0","0","","0","0","0","","","1","N","0","","40 01:48.270","2","0","75 01:19.797","8","0","0","0","67301","0","0","0","N","0","0","0","5","68K01","0","","1.0","1900.0","1","N","N","N","0","","0","0","0","","0","N","","3","1","0","0","0","1","0","2","1","3","","03","","N","","","","","","","","","",""
"2022055589","1509","1","0","0","0","0","0","0","0","0","7","0","","67","6","2022","6","39.946582","-75.227763","1506","6","0","0","0","0","0","0","0","0","","0","0","0","","","1","N","0","","39 56:47.696","","0","75 13:39.946","3","0","0","0","67301","0","0","0","N","0","0","0","2","67301","0","","6.0","","1","N","N","N","0","","1","0","0","","0","","","1","1","0","0","0","0","1","2","0","1","","03","","N","","","","","","","","","",""
"2022063075","1725","2","0","0","0","0","0","0","0","0","4","0","","67","6","2022","4","39.987304","-75.241788","1720","6","0","0","0","0","0","1","0","0","","0","0","0","","","1","","2","","39 59:14.293","","0","75 14:30.436","3","0","0","0","67301","0","0","0","N","0","0","0","2","67301","0","","1.0","","1","N","N","N","0","","1","0","0","","3","","","2","1","0","0","0","0","0","2","0","2","","03","","N","","","","","","","","","",""
"2022056028","1838","1","0","0","0","0","0","0","0","0","1","0","","67","6","2022","6","39.939995","-75.199684","1836","6","0","0","0","0","0","0","1","1","","0","0","0","","","2","","2","","39 56:23.981","","0","75 11:58.862","3","0","0","0","67301","0","0","0","N","0","0","0","6","67301","0","","1.0","","1","N","N","N","0","","2","0","1","","2","","","3","2","2","0","0","0","0","2","1","3","","03","","N","","","","","","","","","",""
"2022048026","1233","0","0","0","0","0","0","0","0","0","4","0","","67","5","2022","7","39.94507","-75.168539","1230","6","0","0","0","0","0","0","0","0","","0","0","0","","","1","","1","","39 56:42.251","","0","75 10:06.740","3","0","0","0","67301","0","0","0","N","0","0","0","2","67301","0","","1.0","","1","N","N","N","0","","1","0","1","","2","","","2","1","0","0","0","0","0","2","1","2","","03","","N","","","","","","","","","",""
"2022035453","","1","0","0","0","0","0","0","0","0","1","0","","67","3","2022","4","39.988495","-75.160727","","6","0","0","0","0","0","0","0","0","","0","0","0","","","1","","1","","39 59:18.582","","0","75 09:38.617","8","0","0","0","67301","0","0","0","N","0","0","0","2","00000","0","","1.0","","1","","","N","0","","0","0","0","","2","","","2","1","0","0","0","1","0","2","0","2","","","","N","","","","","","","","","",""
"2022055854","1640","1","0","0","0","0","0","0","0","0","8","0","","67","5","2022","2","39.948613","-75.217112","1638","6","0","0","0","0","0","0","0","0","","0","0","0","","","1","","1","","39 56:55.007","","0","75 13:01.602","2","0","0","0","67301","1","0","1","N","1","0","1","2","67301","0","","1.0","","1","N","N","N","0","","0","1","0","","2","","","2","1","0","0","0","0","1","2","0","1","","03","","N","","","","","","","","","",""
"2022060119","1005","1","0","0","0","0","0","0","0","0","1","0","","67","6","2022","4","40.009744","-75.155058","1005","6","0","0","0","0","1","0","0","0","","0","0","0","","","1","N","0","","40 00:35.080","","0","75 09:18.210","3","0","0","0","67301","0","0","0","N","0","0","0","4","67301","0","","1.0","","1","N","N","N","0","","1","0","2","","0","","","3","1","0","0","0","0","2","2","0","3","","04","","N","","","","","","","","","",""
"2022055586","1407","1","0","0","0","0","0","0","0","0","4","0","","67","6","2022","4","39.93482","-75.229938","1404","6","0","0","0","0","0","1","0","0","","0","0","0","","","1","","2","","39 56:05.351","","0","75 13:47.776","3","0","0","0","67301","0","0","0","N","0","0","0","3","67301","0","","1.0","","1","N","N","N","0","","1","0","1","","3","","","2","1","0","0","0","0","0","2","0","2","","03","","N","","","","","","","","","",""
"2022061777","0543","1","0","0","0","0","0","0","0","0","5","0","","67","6","2022","3","39.977163","-75.199761","0535","6","0","0","0","0","0","0","0","0","","0","0","0","","","0","N","0","","39 58:37.786","","0","75 11:59.138","0","0","0","0","67301","0","0","0","N","0","0","0","2","68K01","0","","1.0","","1","N","N","Y","1","","0","0","0","","0","","","2","0","0","0","0","0","0","2","0","2","","03","","N","","","","","","","","","",""
"2022061796","0717","0","0","0","0","0","0","0","0","0","7","0","","67","6","2022","7","40.033076","-75.020747","0700","6","0","0","0","0","0","0","0","0","","0","0","0","","","0","N","0","","40 01:59.075","","3","75 01:14.690","0","0","0","0","67301","0","0","0","N","0","0","0","1","68K01","0","","2.0","","1","N","N","N","0","","0","0","1","","0","","","1","0","0","0","0","0","0","2","0","1","","03","","N","","","","","","","","","",""
"2022071060","0858","1","0","0","0","0","0","0","0","0","1","1","","67","8","2022","2","39.968524","-75.129078","0845","6","0","0","0","0","0","0","0","0","","0","1","0","","","0","N","0","","39 58:06.687","","0","75 07:44.679","0","0","0","0","67301","0","0","0","N","0","0","0","2","68K01","0","","1.0","","9","N","N","N","0","","0","0","0","","0","","","2","0","0","0","0","0","0","2","0","2","","","","N","","","","","","","","","",""
"2022055872","1732","1","0","0","0","0","0","0","0","0","8","0","","67","6","2022","5","40.034107","-75.176519","1718","6","0","0","0","0","0","0","0","0","","0","0","0","","","1","","1","","40 02:02.785","","0","75 10:35.468","3","0","0","0","67301","1","0","0","N","1","0","0","2","67301","0","","1.0","","1","N","N","N","0","","1","0","0","","2","","","2","1","0","0","0","0","0","2","0","1","","03","","N","","","","","","","","","",""
"2022057149","0015","1","0","0","0","0","0","0","0","0","5","0","","67","6","2022","3","39.970208","-75.134864","0012","6","0","0","0","0","0","1","0","0","","0","0","0","","","1","N","0","","39 58:12.750","","0","75 08:05.510","4","0","0","0","67301","0","0","0","N","0","0","0","1","67301","1","","6.0","","1","N","N","N","0","","0","0","2","","0","","","3","1","0","0","0","0","0","2","0","3","","03","","N","","","","","","","","","",""
"2022056223","1109","3","0","0","0","0","0","0","0","0","5","0","","67","6","2022","1","40.005486","-75.137267","1059","6","0","0","0","0","1","0","0","0","","0","0","0","","","1","N","0","","40 00:19.750","","0","75 08:14.160","3","0","0","0","67301","0","0","0","N","0","0","0","1","67301","0","","6.0","","1","N","N","N","1","","1","0","1","","0","","","5","1","0","0","0","0","0","2","0","5","","03","","N","","","","","","","","","",""
"2022063029","0003","0","0","0","0","0","0","0","0","0","7","0","","67","4","2022","3","39.964964","-75.178978","0003","6","0","0","0","0","0","0","0","0","","0","0","0","","","0","N","0","","39 57:53.870","","0","75 10:44.321","9","0","0","0","67301","0","0","0","N","0","0","0","1","67301","0","","4.0","","9","N","N","N","1","","0","0","0","","0","","","1","0","1","0","0","0","1","2","0","1","","","","N","","","","","","","","","",""
"2022067350","0615","1","0","0","0","0","0","0","0","0","5","0","","67","6","2022","5","39.906593","-75.149849","0605","6","0","0","0","0","0","1","0","0","","0","0","0","","","2","N","0","","39 54:23.733","","0","75 08:59.456","3","0","0","0","67301","0","0","0","N","0","0","0","2","68K01","0","","1.0","","8","N","N","N","0","","2","0","1","","0","","","2","2","1","0","0","0","0","2","0","2","","","","N","","","","","","","","","",""
"2022051850","1745","1","0","0","0","0","0","0","0","0","4","0","","67","6","2022","6","40.051422","-75.16338","1743","6","0","0","0","0","0","0","0","0","","0","0","0","","","0","","1","","40 03:05.119","2","0","75 09:48.167","0","0","0","0","67301","0","0","0","N","0","0","0","3","67301","0","","1.0","1809.0","1","N","N","N","0","","0","0","1","","2","Y","","2","0","2","0","0","0","0","2","0","2","","03","","N","","","","","","","","","",""
"2022051585","1215","1","0","0","1","0","0","0","0","0","8","0","","67","5","2022","2","40.105287","-75.032586","1221","6","0","0","0","0","0","0","1","0","","0","0","0","","","1","N","0","","40 06:19.032","","7","75 01:57.311","3","0","0","0","67301","1","0","0","N","0","0","0","2","67301","0","","1.0","","1","N","N","N","0","","1","0","0","","0","","","2","1","0","0","0","0","0","2","0","1","","","","N","","","","","","","","","",""
"2022063136","1117","1","0","0","0","0","0","1","0","0","1","1","","67","6","2022","6","39.96006","-75.181428","1106","6","0","0","0","0","0","1","0","0","","0","0","0","","","1","N","0","","39 57:36.217","2","0","75 10:53.139","3","0","0","0","67301","0","0","0","N","0","0","0","2","68K01","0","","1.0","1230.0","1","Y","N","N","0","","1","0","0","","0","N","","2","1","0","0","0","0","0","2","0","2","","","","N","","","","","","","","","",""
"2022064003","0002","1","0","0","0","0","0","0","0","0","7","0","","67","7","2022","7","39.898568","-75.181431","2354","6","0","0","0","0","0","0","0","0","","0","0","0","","","1","N","0","","39 53:54.846","2","0","75 10:53.150","3","0","0","0","67301","0","0","0","N","0","0","0","1","68K01","0","","4.0","1230.0","1","N","N","N","0","","1","0","0","","0","N","","1","1","0","0","0","0","0","2","0","1","","03","","N","","","","","","","","","",""