"CRN","ARRIVAL_TM","AUTOMOBILE_COUNT","BELTED_DEATH_COUNT","BELTED_SUSP_SERIOUS_INJ_COUNT","BICYCLE_COUNT","BICYCLE_DEATH_COUNT","BICYCLE_SUSP_SERIOUS_INJ_COUNT","BUS_COUNT","CHLDPAS_DEATH_COUNT","CHLDPAS_SUSP_SERIOUS_INJ_COUNT","COLLISION_TYPE","COMM_VEH_COUNT","CONS_ZONE_SPD_LIM","COUNTY","CRASH_MONTH","CRASH_YEAR","DAY_OF_WEEK","DEC_LATITUDE","DEC_LONGITUDE","DISPATCH_TM","DISTRICT","DRIVER_COUNT_16YR","DRIVER_COUNT_17YR","DRIVER_COUNT_18YR","DRIVER_COUNT_19YR","DRIVER_COUNT_20YR","DRIVER_COUNT_50_64YR","DRIVER_COUNT_65_74YR","DRIVER_COUNT_75PLUS","EST_HRS_CLOSED","FATAL_COUNT","HEAVY_TRUCK_COUNT","HORSE_BUGGY_COUNT","HOUR_OF_DAY","ILLUMINATION","INJURY_COUNT","INTERSECTION_RELATED","INTERSECT_TYPE","LANE_CLOSED","LATITUDE","LN_CLOSE_DIR","LOCATION_TYPE","LONGITUDE","MAX_SEVERITY_LEVEL","MCYCLE_DEATH_COUNT","MCYCLE_SUSP_SERIOUS_INJ_COUNT","MOTORCYCLE_COUNT","MUNICIPALITY","NONMOTR_COUNT","NONMOTR_DEATH_COUNT","NONMOTR_SUSP_SERIOUS_INJ_COUNT","NTFY_HIWY_MAINT","PED_COUNT","PED_DEATH_COUNT","PED_SUSP_SERIOUS_INJ_COUNT","PERSON_COUNT","POLICE_AGCY","POSSIBLE_INJ_COUNT","RDWY_SURF_TYPE_CD","RELATION_TO_ROAD","ROADWAY_CLEARED","ROAD_CONDITION","SCH_BUS_IND","SCH_ZONE_IND","SECONDARY_CRASH","SMALL_TRUCK_COUNT","SPEC_JURIS_CD","SUSP_MINOR_INJ_COUNT","SUSP_SERIOUS_INJ_COUNT","SUV_COUNT","TCD_FUNC_CD","TCD_TYPE","TFC_DETOUR_IND","TIME_OF_DAY","TOTAL_UNITS","TOT_INJ_COUNT","UNBELTED_OCC_COUNT","UNB_DEATH_COUNT","UNB_SUSP_SERIOUS_INJ_COUNT","UNK_INJ_DEG_COUNT","UNK_INJ_PER_COUNT","URBAN_RURAL","VAN_COUNT","VEHICLE_COUNT","WEATHER1","WEATHER2","WORKERS_PRES","WORK_ZONE_IND","WORK_ZONE_LOC","WORK_ZONE_TYPE","WZ_CLOSE_DETOUR","WZ_FLAGGER","WZ_LAW_OFFCR_IND","WZ_LN_CLOSURE","WZ_MOVING","WZ_OTHER","WZ_SHLDER_MDN","WZ_WORKERS_INJ_KILLED"
"2022033198","","1","0","0","0","0","0","0","0","0","1","0","","67","4","2022","1","39.972478","-75.212059","","6","0","0","0","0","0","0","1","0","","0","0","0","","","3","","3","","39 58:20.921","","0","75 12:43.411","8","0","0","0","67301","0","0","0","N","0","0","0","5","00000","0","","1.0","","1","","","N","0","","0","0","1","","0","","","3","3","0","0","0","3","0","2","0","3","","","","N","","","","","","","","","",""
"2022056260","1532","1","0","0","0","0","0","0","0","0","4","0","","67","6","2022","5","40.027077","-75.0426","1522","6","0","0","0","0","0","0","0","0","","0","0","0","","","1","","1","","40 01:37.477","","0","75 02:33.359","3","0","0","0","67301","0","0","0","N","0","0","0","2","67301","0","","1.0","","1","N","N","N","1","","1","0","0","","3","","","2","1","0","0","0","0","1","2","0","2","","","","N","","","","","","","","","",""
"2022056895","0843","2","0","0","0","0","0","0","0","0","4","0","","67","6","2022","6","39.938316","-75.174855","0829","6","0","0","0","0","0","0","0","0","","0","0","0","","","0","","2","","39 56:17.937","2","0","75 10:29.478","9","0","0","0","67301","0","0","0","N","0","0","0","2","67301","0","","1.0","940.0","1","N","N","N","0","","0","0","1","","3","Y","","3","0","0","0","0","0","2","2","0","3","","","","N","","","","","","","","","",""
"2022064770","2151","0","0","0","0","0","0","0","0","0","4","0","","67","6","2022","2","39.954837","-75.227984","2150","6","0","0","0","0","0","1","1","0","","0","0","0","","","2","","1","","39 57:17.413","","0","75 13:40.742","2","0","1","1","67301","0","0","0","N","0","0","0","2","67301","0","","1.0","","1","N","N","N","0","","1","1","1","","2","","","2","2","0","0","0","0","0","2","0","2","","03","","N","","","","","","","","","",""
"2022051569","0115","1","0","0","0","0","0","0","0","0","4","0","","67","5","2022","3","39.979851","-75.142873","0104","6","0","0","0","0","0","0","0","0","","0","0","0","","","0","","1","","39 58:47.465","","0","75 08:34.342","0","0","0","0","67301","0","0","0","N","0","0","0","3","67301","0","","1.0","","1","N","N","N","0","","0","0","1","","2","","","2","0","0","0","0","0","0","2","0","2","","03","","N","","","","","","","","","",""
"2022055539","1304","2","0","0","0","0","0","0","0","0","4","0","","67","6","2022","4","39.918151","-75.171107","1304","6","0","0","0","0","0","0","0","0","","0","0","0","","","0","","1","","39 55:05.344","","0","75 10:15.986","0","0","0","0","67301","0","0","0","N","0","0","0","3","67301","0","","1.0","","1","N","N","N","0","","0","0","0","","2","","","2","0","0","0","0","0","0","2","0","2","","03","","N","","","","","","","","","",""
"2022068606","1535","1","0","0","0","0","0","0","0","0","7","0","","67","7","2022","6","39.975222","-75.142185","1526","6","0","0","0","0","0","0","0","0","","0","0","0","","","3","","1","","39 58:30.799","","0","75 08:31.866","3","0","0","0","67301","1","0","0","N","1","0","0","3","67301","2","","5.0","","1","N","N","N","0","","1","0","0","","3","","","2","3","2","0","0","0","0","2","0","1","","03","","N","","","","","","","","","",""
"2022050702","1915","1","0","0","0","0","0","0","0","0","5","0","","67","5","2022","3","39.924539","-75.161186","1910","6","0","0","0","0","0","0","1","0","","0","0","0","","","1","N","0","","39 55:28.340","4","0","75 09:40.270","4","0","0","0","67301","0","0","0","N","0","0","0","1","67301","1","","6.0","1946.0","1","N","N","N","0","","0","0","1","","0","N","","2","1","0","0","0","0","0","2","0","2","","03","","N","","","","","","","","","",""
"2022048713","2019","0","0","0","0","0","0","0","0","0","7","0","","67","5","2022","3","39.912472","-75.174","2013","6","0","0","0","0","0","0","0","0","","0","0","0","","","0","","7","","39 54:44.900","3","8","75 10:26.400","0","0","0","0","67301","0","0","0","N","0","0","0","1","67501","0","","7.0","253.0","1","N","N","N","0","","0","0","1","","0","N","","1","0","0","0","0","0","0","2","0","1","","","","N","","","","","","","","","",""
"2022066990","1554","2","0","0","0","0","0","0","0","0","4","0","","67","7","2022","4","40.034775","-75.050343","1554","6","0","0","0","1","0","0","0","0","","0","0","0","","","0","","2","","40 02:05.190","","0","75 03:01.234","0","0","0","0","67301","0","0","0","N","0","0","0","3","67301","0","","1.0","","1","N","N","N","0","","0","0","0","","3","","","2","0","0","0","0","0","0","2","0","2","","","","N","","","","","","","","","",""
"2022061742","1231","1","0","0","0","0","0","0","0","0","4","0","","67","5","2022","3","39.971086","-75.193266","1218","6","0","0","0","0","0","0","0","0","","0","0","0","","","1","N","0","","39 58:15.911","3","0","75 11:35.756","3","0","0","0","67301","0","0","0","N","0","0","0","2","68K01","0","","1.0","1255.0","1","N","N","N","0","","1","0","1","","0","N","","2","1","0","0","0","0","0","2","0","2","","","","N","","","","","","","","","",""
"2022060030","0515","3","0","0","0","0","0","0","0","0","5","0","","67","6","2022","1","39.913278","-75.242067","0502","6","0","0","0","0","0","0","0","0","","0","0","0","","","0","N","0","","39 54:47.800","","0","75 14:31.440","0","0","0","0","67301","0","0","0","N","0","0","0","1","67301","0","","6.0","","1","N","N","N","0","","0","0","1","","0","","","5","0","0","0","0","0","0","2","1","5","","03","","N","","","","","","","","","",""
"2022068227","0927","1","0","0","0","0","0","0","0","0","1","0","","67","7","2022","1","40.009414","-75.066452","0910","6","0","0","0","0","0","1","0","0","","0","0","0","","","1","N","0","","40 00:33.891","","0","75 03:59.226","8","0","0","0","67301","0","0","0","N","0","0","0","2","68K01","0","","1.0","","1","N","N","N","0","","0","0","1","","0","","","2","1","1","0","0","1","1","2","0","2","","03","","N","","","","","","","","","",""
"2022054763","1828","0","0","0","0","0","0","1","0","0","4","1","","67","5","2022","5","40.034138","-75.055917","1758","6","0","0","0","0","0","0","0","0","","0","0","0","","","1","","1","","40 02:02.896","","0","75 03:21.301","4","0","0","0","67301","0","0","0","N","0","0","0","2","67508","1","","1.0","","1","N","N","N","0","","0","0","1","","3","","","2","1","0","0","0","0","0","2","0","2","","03","","N","","","","","","","","","",""
"2022068053","1519","1","0","0","0","0","0","0","0","0","1","0","","67","5","2022","1","40.004846","-75.195126","1519","6","0","0","0","0","0","0","0","0","","0","0","0","","","1","N","0","","40 00:17.446","4","0","75 11:42.454","3","0","0","0","67301","0","0","0","N","0","0","0","3","68K01","0","","1.0","1557.0","1","N","N","N","0","","1","0","2","","0","N","","3","1","0","0","0","0","0","2","0","3","","","","N","","","","","","","","","",""
"2022066708","0316","0","0","0","0","0","0","0","0","0","7","0","","67","5","2022","7","39.887903","-75.216417","0306","6","0","0","0","0","0","0","0","0","","0","0","0","","","0","N","0","","39 53:16.449","","0","75 12:59.101","0","0","0","0","67301","0","0","0","N","0","0","0","1","68K01","0","","2.0","","1","N","N","N","0","","0","0","1","","0","","","1","0","0","0","0","0","0","2","0","1","","","","N","","","","","","","","","",""
"2022064017","1139","0","0","0","0","0","0","0","0","0","5","1","","67","7","2022","2","39.910583","","1139","6","0","0","0","0","0","0","0","0","","0","1","0","","","0","","7","","39 54:38.100","","8","75 9:29.100","0","0","0","0","67301","0","0","0","N","0","0","0","4","67501","0","","7.0","","1","N","N","N","1","","0","0","0","","0","","","2","0","0","0","0","0","0","1","0","2","","03","","N","","","","","","","","","",""
"2022066072","1515","1","0","0","0","0","0","0","0","0","1","0","","67","6","2022","1","39.957353","-75.158636","1506","6","0","0","0","0","0","1","0","0","","0","0","0","","","1","N","0","","39 57:26.470","3","0","75 09:31.089","8","0","0","0","67301","0","0","0","N","0","0","0","5","68K01","0","","1.0","1556.0","1","N","N","N","0","","0","0","1","","0","N","","2","1","0","0","0","1","0","2","0","2","","","","N","","","","","","","","","",""
"2022055622","1755","1","0","0","0","0","0","0","0","0","8","0","","67","6","2022","4","39.959179","-75.201967","1739","6","0","0","0","0","0","0","0","0","","0","0","0","","","1","","1","","39 57:33.044","","0","75 12:07.081","3","0","0","0","67301","1","0","0","N","1","0","0","2","67301","0","","1.0","","1","N","N","N","0","","1","0","0","","1","","","2","1","0","0","0","0","0","2","0","1","","03","","N","","","","","","","","","",""
"2022062117","0004","1","0","0","0","0","0","0","0","0","5","0","","67","6","2022","2","40.038721","-75.009412","2352","6","0","0","0","0","0","0","0","0","","0","0","0","","","1","N","0","","40 02:19.395","","0","75 00:33.884","3","0","0","0","67301","0","0","0","N","0","0","0","2","68K01","0","","1.0","","1","N","N","N","0","","1","0","0","","0","","","2","1","0","0","0","0","0","2","0","2","","03","","N","","","","","","","","","",""
"2022068808","0044","1","0","0","0","0","0","0","0","0","4","1","","67","6","2022","2","39.989343","-75.155473","0044","6","0","0","0","0","0","0","0","0","","0","1","0","","","0","","1","","39 59:21.634","","0","75 09:19.704","0","0","0","0","67301","0","0","0","N","0","0","0","2","67301","0","","1.0","","1","N","N","N","0","","0","0","0","","2","","","2","0","0","0","0","0","0","2","0","2","","","","N","","","","","","","","","",""
"2022066852","1225","2","0","0","0","0","0","0","0","0","5","0","","67","7","2022","4","39.957174","-75.156605","1224","6","0","0","0","0","0","0","0","0","","0","0","0","","","0","N","0","","39 57:25.826","4","0","75 09:23.777","0","0","0","0","67301","0","0","0","N","0","0","0","2","68K01","0","","1.0","1320.0","1","N","N","N","0","","0","0","0","","0","N","","2","0","0","0","0","0","0","2","0","2","","","","N","","","","","","","","","",""
"2022053765","1510","1","0","0","0","0","0","0","0","0","4","0","","67","6","2022","5","39.963097","-75.189939","1505","6","0","0","0","0","0","0","0","0","","0","0","0","","","0","","1","","39 57:47.150","","0","75 11:23.780","0","0","0","0","67301","0","0","0","N","0","0","0","2","67507","0","","1.0","","1","N","N","N","0","","0","0","1","","2","","","2","0","0","0","0","0","0","2","0","2","","","","N","","","","","","","","","",""
"2022055562","1230","1","0","0","0","0","0","0","0","0","1","0","","67","6","2022","5","39.953069","-75.143064","1221","6","0","0","0","0","0","0","0","0","","0","0","0","","","0","N","0","","39 57:11.050","","0","75 08:35.030","0","0","0","0","67301","0","0","0","N","0","0","0","1","67301","0","","6.0","","9","N","N","N","2","","0","0","1","","0","","","4","0","0","0","0","0","0","2","0","4","","","","N","","","","","","","","","",""
"2022050732","1557","0","0","0","0","0","0","0","0","0","4","0","","67","5","2022","2","40.041363","-75.028255","1552","6","0","0","0","0","0","0","0","0","","0","0","0","","","5","","1","","40 02:28.908","3","0","75 01:41.719","3","0","0","0","67301","0","0","0","N","0","0","0","5","67301","0","","1.0","1736.0","1","N","N","N","0","","5","0","2","","2","N","","2","5","0","0","0","0","0","2","0","2","","03","","N","","","","","","","","","",""
"2022062667","1812","1","0","0","0","0","0","0","0","0","1","0","","67","6","2022","3","39.958241","-75.164747","1754","6","0","0","0","0","0","0","0","0","","0","0","0","","","1","N","0","","39 57:29.667","","0","75 09:53.090","3","0","0","0","67301","0","0","0","N","0","0","0","2","68K01","0","","1.0","","1","N","N","N","0","","1","0","0","","0","","","2","1","0","0","0","0","1","2","0","2","","03","","N","","","","","","","","","",""
"2022068807","1710","1","0","0","0","0","0","0","0","0","7","0","","67","6","2022","7","39.983644","-75.184306","1702","6","0","0","0","0","0","0","0","0","","0","0","0","","","1","","3","","39 59:01.119","","0","75 11:03.502","3","0","0","0","67301","0","0","0","N","0","0","0","1","67301","0","","4.0","","1","N","N","N","0","","1","0","0","","0","","","1","1","0","0","0","0","0","2","0","1","","03","","N","","","","","","","","","",""
"2022063076","0416","2","0","0","0","0","0","0","0","0","2","0","","67","6","2022","6","39.978288","-75.273591","0412","6","1","0","0","0","0","0","0","0","","0","0","0","","","1","","2","","39 58:41.836","","0","75 16:24.927","3","0","0","0","67301","0","0","0","N","0","0","0","3","67301","0","","1.0","","1","N","N","N","0","","1","0","0","","2","","","2","1","0","0","0","0","0","2","0","2","","03","","N","","","","","","","","","",""
"2022066718","0226","2","0","0","0","0","0","0","0","0","5","0","","67","6","2022","4","39.958086","-75.141244","0200","6","0","0","0","0","0","0","0","0","","0","0","0","","","1","N","0","","39 57:29.111","","0","75 08:28.479","4","0","0","0","67301","0","0","0","N","0","0","0","2","68K01","1","","1.0","","1","N","N","N","0","","0","0","0","","0","","","2","1","0","0","0","0","0","2","0","2","","03","","N","","","","","","","","","",""
"2022061762","2258","2","0","0","0","0","0","0","0","0","1","0","","67","5","2022","3","39.956888","-75.153019","2258","6","0","0","0","0","0","0","0","0","","0","0","0","","","1","N","0","","39 57:24.797","3","0","75 09:10.870","8","0","0","0","67301","0","0","0","N","0","0","0","4","68K01","0","","1.0","2358.0","1","N","N","N","0","","0","0","0","","0","N","","3","1","0","0","0","1","1","2","0","3","","","","N","","","","","","","","","",""
"2022055958","1648","2","0","0","0","0","0","0","0","0","1","0","","67","6","2022","2","39.898805","-75.169484","1616","6","0","0","1","0","0","0","0","0","","0","0","0","","","1","N","0","","39 53:55.697","","3","75 10:10.143","8","0","0","0","67301","0","0","0","N","0","0","0","3","68K01","0","","1.0","","1","N","N","N","0","","0","0","0","","0","","","2","1","0","0","0","1","0","2","0","2","","","","N","","","","","","","","","",""
"2022053024","1326","0","0","0","0","0","0","0","0","0","8","0","","67","6","2022","2","39.924133","-75.230656","1322","6","0","0","0","0","0","1","0","0","","0","0","0","","","1","N","0","","39 55:26.880","","0","75 13:50.360","3","0","0","0","67301","1","0","0","N","1","0","0","2","67301","0","","1.0","","1","N","N","N","0","","1","0","1","","0","","","2","1","0","0","0","0","0","2","0","1","","","","N","","","","","","","","","",""
"2022066153","1000","1","0","0","0","0","0","0","0","0","4","1","","67","7","2022","1","40.079024","-75.02524","0953","6","0","0","0","0","0","1","0","0","","0","1","0","","","1","","2","","40 04:44.486","","0","75 01:30.863","4","0","0","0","67301","0","0","0","N","0","0","0","2","67301","1","","1.0","","1","N","N","N","0","","0","0","0","","2","","","2","1","0","0","0","0","0","2","0","2","","","","N","","","","","","","","","",""
"2022058532","1420","0","0","0","0","0","0","0","0","0","8","0","","67","6","2022","5","39.936383","-75.218989","1400","6","0","0","0","0","0","0","0","0","","0","0","0","","","1","","1","","39 56:10.978","","0","75 13:08.360","4","0","0","0","67301","1","0","0","N","1","0","0","2","67508","1","","1.0","","1","N","N","N","0","","0","0","0","","2","","","2","1","0","0","0","0","0","2","0","1","","03","","N","","","","","","","","","",""
"2022056773","1941","3","0","0","0","0","0","0","0","0","1","0","","67","5","2022","2","39.930906","-75.198932","1931","6","0","0","1","0","0","0","0","0","","0","0","0","","","5","N","0","","39 55:51.261","","0","75 11:56.154","4","0","0","0","67301","0","0","0","N","0","0","0","9","68K01","1","","1.0","","1","N","N","N","0","","0","0","2","","8","","","5","5","3","0","0","4","0","2","0","5","","","","N","","","","","","","","","",""
"2022068055","1121","1","0","0","0","0","0","0","0","0","7","0","","67","5","2022","2","39.995158","-75.197785","1118","6","0","0","0","0","0","0","0","0","","0","0","0","","","0","N","0","","39 59:42.570","4","0","75 11:52.027","0","0","0","0","67301","0","0","0","N","0","0","0","1","68K01","0","","4.0","1208.0","1","N","N","N","0","","0","0","0","","0","N","","1","0","0","0","0","0","0","2","0","1","","03","","N","","","","","","","","","",""
"2022068618","0235","0","0","0","0","0","0","0","0","0","5","1","","67","7","2022","7","40.008708","-75.172942","0232","6","0","0","0","0","0","1","0","0","","0","1","0","","","1","N","0","","40 00:31.350","5","0","75 10:22.590","2","0","1","1","67301","0","0","0","N","0","0","0","2","67301","0","","1.0","500.0","1","N","N","N","0","","0","1","0","","0","Y","","2","1","0","0","0","0","0","2","0","2","","03","","N","","","","","","","","","",""
"2022055543","0830","1","0","0","0","0","0","0","0","0","4","0","","67","6","2022","5","40.065597","-75.06219","0830","6","0","0","0","0","0","0","0","0","","0","0","0","","","1","","1","","40 03:56.148","","0","75 03:43.883","3","0","0","0","67301","0","0","0","N","0","0","0","2","67301","0","","1.0","","1","N","N","N","0","","1","0","1","","3","","","2","1","2","0","0","0","0","2","0","2","","03","","N","","","","","","","","","",""
"2022063053","0003","0","0","0","0","0","0","0","0","0","7","0","","67","3","2022","6","39.993836","-75.226686","0001","6","0","0","0","0","0","0","0","0","","0","0","0","","","0","N","0","","39 59:37.810","","0","75 13:36.070","0","0","0","0","67301","0","0","0","N","0","0","0","1","67301","0","","4.0","","1","N","N","N","0","","0","0","1","","0","","","1","0","0","0","0","0","0","2","0","1","","03","","N","","","","","","","","","",""
"2022059109","0911","2","0","0","0","0","0","0","0","0","5","0","","67","6","2022","4","39.957761","-75.161021","0904","6","0","0","0","0","0","0","1","0","","0","0","0","","","3","N","0","","39 57:27.941","4","0","75 09:39.674","3","0","0","0","67301","0","0","0","N","0","0","0","4","68K01","0","","1.0","951.0","1","N","Y","N","0","","2","0","1","","0","N","","3","3","2","0","0","1","0","2","0","3","","","","N","","","","","","","","","",""
"2022068746","1339","1","0","0","0","0","0","0","0","0","4","1","","67","7","2022","5","39.898286","-75.226248","1323","6","0","0","0","0","0","0","0","0","","0","1","0","","","1","N","0","","39 53:53.828","","7","75 13:34.493","2","0","0","0","67301","0","0","0","N","0","0","0","2","67301","0","","1.0","","1","N","N","N","0","","0","1","0","","0","","","2","1","0","0","0","0","0","2","0","2","","03","","N","","","","","","","","","",""
"2022051195","0907","2","0","0","0","0","0","0","0","0","4","0","","67","6","2022","5","40.085459","-75.037453","0905","6","0","0","1","0","0","0","1","0","","0","0","0","","","2","","1","","40 05:07.651","","0","75 02:14.830","3","0","0","0","67301","0","0","0","N","0","0","0","2","67301","1","","1.0","","1","N","N","N","0","","1","0","0","","2","","","2","2","0","0","0","0","0","2","0","2","","03","","N","","","","","","","","","",""
"2022066823","1605","0","0","0","0","0","0","1","0","0","4","1","","67","6","2022","5","39.952128","-75.161449","1605","6","0","0","1","0","0","0","0","0","","0","0","0","","","0","","1","","39 57:07.661","1","0","75 09:41.216","0","0","0","0","67301","0","0","0","N","0","0","0","2","67508","0","","1.0","9999.0","1","N","N","N","0","","0","0","1","","2","Y","","2","0","0","0","0","0","0","2","0","2","","03","","N","","","","","","","","","",""
"2022050038","0243","2","0","0","0","0","0","0","0","0","1","0","","67","5","2022","2","39.985945","-75.156218","0241","6","0","0","0","0","0","0","0","0","","0","0","0","","","2","N","0","","39 59:09.402","1","0","75 09:22.384","3","0","0","0","67301","0","0","0","N","0","0","0","3","67505","1","","6.0","325.0","1","N","N","N","0","","1","0","0","","0","N","","2","2","0","0","0","0","0","2","0","2","","03","","N","","","","","","","","","",""
"2022068557","0730","0","0","0","0","0","0","0","0","0","4","1","","67","7","2022","7","39.914017","-75.160124","0730","6","0","0","0","0","0","0","0","0","","0","1","0","","","1","","1","","39 54:50.461","","0","75 09:36.446","3","0","0","0","67301","0","0","0","N","0","0","0","2","67301","0","","1.0","","99","N","N","N","0","","1","0","1","","0","","","3","1","2","0","0","0","1","2","1","3","","","","N","","","","","","","","","",""
"2022055608","1330","2","0","0","0","0","0","0","0","0","4","0","","67","6","2022","2","40.000517","-75.083376","1322","6","0","0","0","0","0","1","1","0","","0","0","0","","","1","","2","","40 00:01.860","","2","75 05:00.155","3","0","0","0","67301","0","0","0","N","0","0","0","2","67301","0","","1.0","","1","N","N","N","0","","1","0","0","","2","","","2","1","0","0","0","0","0","2","0","2","","03","","N","","","","","","","","","",""
"2022051862","0956","1","0","0","0","0","0","0","0","0","4","0","","67","5","2022","3","39.957208","-75.22748","0956","6","0","0","0","0","0","2","0","0","","0","0","0","","","2","","1","","39 57:25.948","","0","75 13:38.927","3","0","0","0","67301","0","0","0","N","0","0","0","2","67301","0","","1.0","","1","N","N","N","0","","2","0","1","","2","","","2","2","0","0","0","0","0","2","0","2","","03","","N","","","","","","","","","",""
"2022055609","0722","2","0","0","0","0","0","0","0","0","4","0","","67","6","2022","4","40.027789","-75.060077","0707","6","0","0","0","0","0","1","0","0","","0","0","0","","","1","","1","","40 01:40.042","5","0","75 03:36.277","3","0","0","0","67301","0","0","0","N","0","0","0","2","67301","0","","1.0","720.0","1","N","N","N","0","","1","0","0","","2","N","","2","1","0","0","0","0","0","2","0","2","","04","","N","","","","","","","","","",""
"2022066146","2256","1","1","0","0","0","0","0","0","0","4","0","","67","7","2022","1","40.051667","-75.194083","2254","6","0","0","0","0","0","0","0","0","","1","0","0","","","0","","1","","40 03:06.000","7","0","75 11:38.700","1","0","0","0","67301","0","0","0","N","0","0","0","2","67301","0","2","1.0","300.0","1","N","N","N","1","0","0","0","0","","2","N","","2","0","1","0","0","0","0","2","0","2","","","","N","","","","","","","","","",""
"2022066299","0227","1","0","0","0","0","0","0","0","0","7","0","","67","6","2022","4","40.044674","-75.001892","0209","6","0","0","0","0","0","0","0","0","","0","0","0","","","0","N","0","","40 02:40.828","","2","75 00:06.810","0","0","0","0","67301","0","0","0","Y","0","0","0","1","68K01","0","","4.0","","1","N","N","N","0","","0","0","0","","0","","","1","0","0","0","0","0","0","2","0","1","","","","N","","","","","","","","","",""
"2022068800","0141","3","0","0","0","0","0","0","0","0","8","0","","67","3","2022","7","39.990972","-75.168556","0140","6","0","0","0","0","0","1","0","0","","0","0","0","","","3","N","0","","39 59:27.500","","0","75 10:06.800","2","0","0","0","67301","1","0","1","N","1","0","1","4","67301","2","","6.0","","1","N","N","N","0","","0","1","1","","0","","","5","3","0","0","0","0","0","2","0","4","","","","N","","","","","","","","","",""
"2022052016","1941","0","0","0","0","0","0","0","0","0","8","0","","67","6","2022","6","40.003008","-75.153519","1939","6","0","0","0","0","0","1","0","0","","0","0","0","","","1","N","0","","40 00:10.830","","0","75 09:12.670","8","0","0","0","67301","1","0","0","N","1","0","0","2","67301","0","","1.0","","1","N","N","N","0","","0","0","0","","0","","","2","1","0","0","0","1","0","2","1","1","","03","","N","","","","","","","","","",""
"2022061015","0018","1","0","0","0","0","0","0","0","0","1","0","","67","6","2022","3","39.991097","-75.204101","0014","6","0","0","0","0","0","1","0","0","","0","0","0","","","3","N","0","","39 59:27.948","3","0","75 12:14.763","8","0","0","0","67301","0","0","0","N","0","0","0","3","68K01","0","","1.0","50.0","1","N","N","N","0","","0","0","1","","0","N","","2","3","0","0","0","3","0","2","0","2","","03","","N","","","","","","","","","",""
"2022056360","1748","2","0","0","0","0","0","0","0","0","4","0","","67","6","2022","2","40.01704","-75.15042","1748","6","0","0","0","0","0","1","0","0","","0","0","0","","","1","","2","","40 01:01.345","","0","75 09:01.513","3","0","0","0","67301","0","0","0","N","0","0","0","2","67301","0","","1.0","","99","N","N","N","0","","1","0","0","","3","","","2","1","1","0","0","0","1","2","0","2","","03","","N","","","","","","","","","",""
"2022068763","1240","2","0","0","0","0","0","0","0","0","4","0","","67","7","2022","5","39.921724","-75.221535","1240","6","0","0","0","0","0","1","0","0","","0","0","0","","","0","","2","","39 55:18.207","","0","75 13:17.526","0","0","0","0","67301","0","0","0","N","0","0","0","3","67301","0","","1.0","","1","N","N","N","0","","0","0","1","","3","","","3","0","0","0","0","0","0","2","0","3","","03","","N","","","","","","","","","",""
"2022060359","0340","2","0","0","0","0","0","0","0","0","1","0","","67","6","2022","3","","","0335","6","0","0","0","0","0","0","0","0","","0","0","0","","","1","N","0","","","","3","","8","0","0","0","67301","0","0","0","N","0","0","0","1","67301","0","","1.0","","1","N","N","N","0","","0","0","0","","0","","","2","1","0","0","0","1","0","1","0","2","","03","","N","","","","","","","","","",""
"2022055666","1719","2","0","0","0","0","0","0","0","0","4","0","","67","6","2022","5","39.989746","-75.134668","1719","6","0","0","1","0","0","0","0","0","","0","0","0","","","0","","1","","39 59:23.085","","0","75 08:04.804","9","0","0","0","67301","0","0","0","N","0","0","0","2","67301","0","","1.0","","1","N","N","N","0","","0","0","0","","3","","","2","0","1","0","0","0","1","2","0","2","","03","","N","","","","","","","","","",""
"2022055552","1145","0","0","0","0","0","0","0","0","0","4","0","","67","6","2022","6","39.936748","-75.166941","1141","6","0","0","0","0","0","0","0","1","","0","0","0","","","2","","1","","39 56:12.293","","0","75 10:00.986","3","0","0","0","67301","0","0","0","N","0","0","0","3","67301","0","","1.0","","1","N","N","N","1","","2","0","1","","2","","","2","2","1","0","0","0","0","2","0","2","","03","","N","","","","","","","","","",""
"2022058394","0401","0","0","0","0","0","0","0","0","0","7","0","35","67","6","2022","7","39.955387","-75.147966","0401","6","0","0","0","0","0","1","0","0","","0","0","0","","","0","N","0","","39 57:19.394","4","2","75 08:52.678","0","0","0","0","67301","0","0","0","N","0","0","0","1","67501","0","","4.0","455.0","1","N","N","N","1","","0","0","0","","0","N","","1","0","0","0","0","0","0","2","0","1","","","Y","Y","8","1","","","N","Y","","","","N"
"2022055639","2100","1","0","0","0","0","0","0","0","0","8","0","","67","5","2022","1","39.973258","-75.242261","2100","6","0","0","0","0","0","0","0","0","","0","0","0","","","1","N","0","","39 58:23.730","","0","75 14:32.140","3","0","0","0","67301","1","0","0","N","1","0","0","2","67301","0","","1.0","","1","N","N","N","0","","1","0","0","","0","","","2","1","0","0","0","0","1","2","0","1","","03","","N","","","","","","","","","",""
"2022056252","2122","0","0","0","0","0","0","0","0","0","1","0","","67","6","2022","6","39.954167","-75.141111","2122","6","0","0","0","0","0","0","0","0","","0","0","0","","","0","N","0","","39 57:15.000","","3","75 08:28.000","0","0","0","0","67301","0","0","0","N","0","0","0","2","67501","0","","1.0","","1","N","N","N","0","","0","0","2","","8","","","2","0","0","0","0","0","0","2","0","2","","","","N","","","","","","","","","",""