"CRN","ARRIVAL_TM","AUTOMOBILE_COUNT","BELTED_DEATH_COUNT","BELTED_SUSP_SERIOUS_INJ_COUNT","BICYCLE_COUNT","BICYCLE_DEATH_COUNT","BICYCLE_SUSP_SERIOUS_INJ_COUNT","BUS_COUNT","CHLDPAS_DEATH_COUNT","CHLDPAS_SUSP_SERIOUS_INJ_COUNT","COLLISION_TYPE","COMM_VEH_COUNT","CONS_ZONE_SPD_LIM","COUNTY","CRASH_MONTH","CRASH_YEAR","DAY_OF_WEEK","DEC_LATITUDE","DEC_LONGITUDE","DISPATCH_TM","DISTRICT","DRIVER_COUNT_16YR","DRIVER_COUNT_17YR","DRIVER_COUNT_18YR","DRIVER_COUNT_19YR","DRIVER_COUNT_20YR","DRIVER_COUNT_50_64YR","DRIVER_COUNT_65_74YR","DRIVER_COUNT_75PLUS","EST_HRS_CLOSED","FATAL_COUNT","HEAVY_TRUCK_COUNT","HORSE_BUGGY_COUNT","HOUR_OF_DAY","ILLUMINATION","INJURY_COUNT","INTERSECTION_RELATED","INTERSECT_TYPE","LANE_CLOSED","LATITUDE","LN_CLOSE_DIR","LOCATION_TYPE","LONGITUDE","MAX_SEVERITY_LEVEL","MCYCLE_DEATH_COUNT","MCYCLE_SUSP_SERIOUS_INJ_COUNT","MOTORCYCLE_COUNT","MUNICIPALITY","NONMOTR_COUNT","NONMOTR_DEATH_COUNT","NONMOTR_SUSP_SERIOUS_INJ_COUNT","NTFY_HIWY_MAINT","PED_COUNT","PED_DEATH_COUNT","PED_SUSP_SERIOUS_INJ_COUNT","PERSON_COUNT","POLICE_AGCY","POSSIBLE_INJ_COUNT","RDWY_SURF_TYPE_CD","RELATION_TO_ROAD","ROADWAY_CLEARED","ROAD_CONDITION","SCH_BUS_IND","SCH_ZONE_IND","SECONDARY_CRASH","SMALL_TRUCK_COUNT","SPEC_JURIS_CD","SUSP_MINOR_INJ_COUNT","SUSP_SERIOUS_INJ_COUNT","SUV_COUNT","TCD_FUNC_CD","TCD_TYPE","TFC_DETOUR_IND","TIME_OF_DAY","TOTAL_UNITS","TOT_INJ_COUNT","UNBELTED_OCC_COUNT","UNB_DEATH_COUNT","UNB_SUSP_SERIOUS_INJ_COUNT","UNK_INJ_DEG_COUNT","UNK_INJ_PER_COUNT","URBAN_RURAL","VAN_COUNT","VEHICLE_COUNT","WEATHER1","WEATHER2","WORKERS_PRES","WORK_ZONE_IND","WORK_ZONE_LOC","WORK_ZONE_TYPE","WZ_CLOSE_DETOUR","WZ_FLAGGER","WZ_LAW_OFFCR_IND","WZ_LN_CLOSURE","WZ_MOVING","WZ_OTHER","WZ_SHLDER_MDN","WZ_WORKERS_INJ_KILLED"
"2022055553","0530","1","0","0","0","0","0","0","0","0","1","0","","67","6","2022","6","39.930262","-75.144367","0515","6","0","0","0","0","0","0","1","0","","0","0","0","","","2","Y","0","","39 55:48.944","","0","75 08:39.720","3","0","0","0","67301","0","0","0","N","0","0","0","4","67301","0","","1.0","","1","N","N","N","0","","2","0","1","","2","","","3","2","0","0","0","0","0","2","0","3","","03","","N","","","","","","","","","",""
"2022070168","1145","2","0","0","0","0","0","0","0","0","4","0","","67","7","2022","7","39.954615","-75.149531","1143","6","0","0","0","0","0","0","0","0","","0","0","0","","","0","","1","","39 57:16.613","3","0","75 08:58.311","0","0","0","0","67301","0","0","0","N","0","0","0","4","67301","0","","1.0","1202.0","1","N","N","N","0","","0","0","0","","2","N","","2","0","0","0","0","0","0","2","0","2","","03","","N","","","","","","","","","",""
"2022069565","1122","0","0","0","0","0","0","0","0","0","8","0","","67","6","2022","3","39.953111","-75.158033","1119","6","0","0","0","0","0","0","0","0","","0","0","0","","","1","N","0","","39 57:11.200","","1","75 09:28.920","3","0","0","0","67301","1","0","0","N","1","0","0","2","67301","0","","1.0","","1","N","N","N","0","","1","0","1","","0","","","2","1","0","0","0","0","0","2","0","1","","","","N","","","","","","","","","",""
"2022049706","0010","0","0","0","0","0","0","0","0","0","5","0","","67","5","2022","2","40.044028","-75.076","0005","6","0","0","0","0","0","0","0","0","","0","0","0","","","1","N","0","","40 02:38.500","","0","75 04:33.600","4","0","0","0","67301","0","0","0","N","0","0","0","1","67301","1","","6.0","","1","N","N","N","0","","0","0","1","","0","","","2","1","0","0","0","0","0","2","1","2","","03","","N","","","","","","","","","",""
"2022047730","1310","1","0","0","0","0","0","0","0","0","2","0","","67","5","2022","7","40.055283","-75.155131","1308","6","0","0","0","0","0","0","1","0","","0","0","0","","","1","N","0","","40 03:19.020","","0","75 09:18.470","3","0","0","0","67301","0","0","0","N","0","0","0","2","67301","0","","1.0","","1","N","N","N","0","","1","0","1","","0","","","2","1","0","0","0","0","0","2","0","2","","03","","N","","","","","","","","","",""
"2022061014","0100","1","0","0","0","0","0","0","0","0","7","0","","67","6","2022","5","39.885611","-75.243218","0045","6","0","0","0","0","0","0","0","0","","0","0","0","","","0","N","0","","39 53:08.198","1","0","75 14:35.584","0","0","0","0","67301","0","0","0","N","0","0","0","1","68K01","0","","5.0","107.0","9","N","N","N","0","","0","0","0","","0","N","","1","0","0","0","0","0","0","2","0","1","","07","","N","","","","","","","","","",""
"2022048835","","1","0","0","0","0","0","0","0","0","5","1","","67","5","2022","5","39.948681","-75.158902","","6","0","0","0","0","0","1","0","0","","0","1","0","","","0","","1","","39 56:55.252","","0","75 09:32.047","0","0","0","0","67301","0","0","0","N","0","0","0","2","00000","0","","1.0","","1","","","N","0","","0","0","0","","2","","","2","0","1","0","0","0","0","2","0","2","","","","N","","","","","","","","","",""
"2022061807","1309","1","0","0","0","0","0","0","0","0","5","0","","67","6","2022","1","39.896296","-75.191584","1240","6","0","0","0","0","0","1","0","0","","0","0","0","","","1","N","0","","39 53:46.665","","3","75 11:29.703","3","0","0","0","67301","0","0","0","N","0","0","0","2","68K01","0","","1.0","","1","N","N","N","1","","1","0","0","","0","","","2","1","0","0","0","0","0","2","0","2","","03","","N","","","","","","","","","",""
"2022056891","1244","1","0","0","0","0","0","0","0","0","4","0","","67","5","2022","7","40.012207","-75.100422","1243","6","0","0","0","0","0","0","0","0","","0","0","0","","","0","","1","","40 00:43.945","6","0","75 06:01.519","9","0","0","0","67301","0","0","0","N","0","0","0","3","67301","0","","1.0","1501.0","1","N","N","Y","0","","0","0","1","","3","Y","","2","0","0","0","0","0","1","2","0","2","","03","","N","","","","","","","","","",""
"2022056214","2042","1","0","0","0","0","0","0","0","0","4","0","","67","6","2022","4","39.991781","-75.186379","2037","6","0","0","0","0","0","0","0","0","","0","0","0","","","1","","1","","39 59:30.410","","0","75 11:10.966","3","0","0","0","67301","0","0","0","N","0","0","0","2","67301","0","","1.0","","1","N","N","N","0","","1","0","1","","2","","","2","1","0","0","0","0","0","2","0","2","","03","","N","","","","","","","","","",""
"2022052119","1934","2","0","0","0","0","0","0","0","0","6","0","","67","5","2022","3","40.018236","-75.063961","1932","6","0","0","0","0","0","1","0","0","","0","0","0","","","3","N","0","","40 01:05.650","1","0","75 03:50.260","3","0","0","0","67301","0","0","0","N","0","0","0","4","67301","0","","1.0","2035.0","1","N","N","N","0","","3","0","1","","0","Y","","3","3","0","0","0","0","0","2","0","3","","","","N","","","","","","","","","",""
"2022049043","2205","0","0","0","0","0","0","0","0","0","4","0","","67","5","2022","7","40.082303","-75.037692","2201","6","0","0","0","0","0","0","0","0","","0","0","0","","","1","N","0","","40 04:56.291","","7","75 02:15.691","3","0","0","0","67301","0","0","0","N","0","0","0","3","67301","0","","1.0","","1","N","N","N","1","","1","0","1","","0","","","2","1","0","0","0","0","0","2","0","2","","03","","N","","","","","","","","","",""
"2022062122","1653","2","0","0","0","0","0","0","0","0","1","0","","67","6","2022","6","39.958691","-75.168317","1647","6","0","0","0","0","0","1","0","1","","0","0","0","","","3","N","0","","39 57:31.289","4","0","75 10:05.941","3","0","0","0","67301","0","0","0","N","0","0","0","5","68K01","2","","1.0","1700.0","1","N","N","N","0","","1","0","1","","0","N","","3","3","0","0","0","0","0","2","0","3","","","","N","","","","","","","","","",""
"2022062321","1736","0","0","0","0","0","0","0","0","0","1","0","","67","6","2022","1","39.957325","-75.158428","1727","6","0","0","0","0","0","1","0","0","","0","0","0","","","1","N","0","","39 57:26.370","","0","75 09:30.341","4","0","0","0","67301","0","0","0","N","0","0","0","2","68K01","1","","1.0","","1","N","N","N","0","","0","0","2","","0","","","2","1","0","0","0","0","0","2","0","2","","","","N","","","","","","","","","",""
"2022063086","0740","1","0","0","0","0","0","0","0","0","4","0","","67","6","2022","3","39.972039","-75.227371","0735","6","0","0","0","0","0","0","0","0","","0","0","0","","","1","","1","","39 58:19.340","","0","75 13:38.535","3","0","0","0","67301","0","0","0","N","0","0","0","4","67301","0","","1.0","","1","N","N","N","0","","1","0","1","","3","","","3","1","0","0","0","0","0","2","1","3","","","","N","","","","","","","","","",""
"2022047498","0940","2","0","0","0","0","0","0","0","0","2","0","","67","5","2022","7","39.916846","-75.246091","0923","6","0","0","0","0","0","0","0","0","","0","0","0","","","1","N","0","","39 55:00.645","","0","75 14:45.926","3","0","0","0","67301","0","0","0","N","0","0","0","2","67301","0","","1.0","","1","N","N","N","0","","1","0","0","","0","","","2","1","0","0","0","0","0","2","0","2","","03","","N","","","","","","","","","",""
"2022061258","0240","3","0","0","0","0","0","0","0","0","4","0","","67","6","2022","4","39.954827","-75.227976","0237","6","0","0","0","1","0","0","0","0","","0","0","0","","","3","","1","","39 57:17.376","","0","75 13:40.714","4","0","0","0","67301","0","0","0","N","0","0","0","3","67301","3","","4.0","","1","N","N","N","0","","0","0","0","","1","","","3","3","2","0","0","0","0","2","0","3","","03","","N","","","","","","","","","",""
"2022062121","0002","1","0","0","0","0","0","0","0","0","5","0","","67","6","2022","5","39.977355","-75.112838","2354","6","0","0","0","0","0","0","0","0","","0","0","0","","","6","N","0","","39 58:38.478","2","0","75 06:46.217","4","0","0","0","67301","0","0","0","N","0","0","0","8","68K01","6","","1.0","5.0","1","N","N","N","0","","0","0","0","","0","N","","2","6","0","0","0","0","0","2","1","2","","","","N","","","","","","","","","",""
"2022047772","0940","1","0","0","0","0","0","0","0","0","7","0","","67","5","2022","7","39.930332","-75.227574","0934","6","0","0","0","0","0","0","0","0","","0","0","0","","","1","","2","","39 55:49.195","1","0","75 13:39.266","3","0","0","0","67301","0","0","0","N","0","0","0","2","67301","0","","4.0","1005.0","1","N","N","Y","0","","1","0","0","","2","N","","1","1","0","0","0","0","0","2","0","1","","","","N","","","","","","","","","",""
"2022056805","1635","1","0","0","0","0","0","0","0","0","4","0","","67","6","2022","5","40.03694","-75.145084","1630","6","0","0","0","0","0","0","0","0","","0","0","0","","","2","","2","","40 02:12.984","1","0","75 08:42.301","3","0","0","0","67301","0","0","0","N","0","0","0","4","67301","0","","1.0","100.0","1","N","N","N","0","","2","0","1","","2","N","","2","2","0","0","0","0","0","2","0","2","","","","N","","","","","","","","","",""
"2022057086","2140","1","0","0","0","0","0","0","0","0","7","0","","67","6","2022","7","40.123292","-75.014875","2138","6","0","0","0","0","0","0","1","0","","0","0","0","","","1","N","0","","40 07:23.850","","0","75 00:53.550","4","0","0","0","67301","0","0","0","N","0","0","0","3","67301","1","","5.0","","99","N","N","N","0","","0","0","0","","0","","","1","1","1","0","0","0","0","2","0","1","","03","","N","","","","","","","","","",""
"2022060044","2133","2","0","0","0","0","0","0","0","0","1","0","","67","6","2022","2","40.011334","-75.077069","2130","6","0","0","0","0","0","0","1","0","","0","0","0","","","2","","1","","40 00:40.802","5","0","75 04:37.448","3","0","0","0","67301","0","0","0","N","0","0","0","3","67301","0","","1.0","2201.0","1","N","N","N","0","","2","0","1","","2","N","","3","2","0","0","0","0","0","2","0","3","","","","N","","","","","","","","","",""
"2022062491","0830","1","0","0","0","0","0","0","0","0","5","0","","67","5","2022","4","39.980072","-75.105923","0814","6","0","0","0","0","0","1","0","0","","0","0","0","","","2","N","0","","39 58:48.259","2","0","75 06:21.322","4","0","0","0","67301","0","0","0","N","0","0","0","2","68K01","2","","1.0","900.0","1","N","N","N","0","","0","0","1","","0","N","","2","2","0","0","0","0","0","2","0","2","","","","N","","","","","","","","","",""
"2022068778","2045","0","0","0","0","0","0","0","0","0","7","0","","67","6","2022","6","39.996267","-75.173994","2041","6","0","0","0","0","0","0","0","0","","0","0","0","","","1","N","0","","39 59:46.560","","0","75 10:26.380","2","0","1","1","67301","0","0","0","N","0","0","0","1","67301","0","","5.0","","1","N","N","N","0","","0","1","0","","0","","","1","1","0","0","0","0","0","2","0","1","","03","","N","","","","","","","","","",""
"2022068571","0615","0","0","0","0","0","0","0","0","0","4","1","","67","7","2022","6","39.920972","-75.215186","0555","6","0","0","0","0","0","0","0","0","","1","1","0","","","0","N","0","","39 55:15.500","5","7","75 12:54.670","1","1","0","1","67301","0","0","0","N","0","0","0","2","67301","0","2","1.0","840.0","1","N","N","N","0","0","0","0","0","","0","Y","","2","0","0","0","0","0","0","2","0","2","","03","","N","","","","","","","","","",""
"2022062675","0539","1","0","0","0","0","0","0","0","0","5","1","","67","6","2022","3","40.035697","-75.017363","0539","6","0","0","0","0","0","1","0","0","","0","1","0","","","0","N","0","","40 02:08.508","","0","75 01:02.508","9","0","0","0","67301","0","0","0","N","0","0","0","3","68K01","0","","1.0","","1","N","N","N","0","","0","0","0","","0","","","3","0","0","0","0","0","1","2","1","3","","","","N","","","","","","","","","",""
"2022061707","1529","1","0","0","0","0","0","0","0","0","8","0","","67","7","2022","3","40.082897","-75.03695","1524","6","0","0","0","0","0","0","0","1","","0","0","0","","","1","N","0","","40 04:58.430","","7","75 02:13.020","8","0","0","0","67301","1","0","0","N","1","0","0","2","67301","0","","6.0","","1","N","N","N","0","","0","0","0","","0","","","2","1","1","0","0","1","0","2","0","1","","03","","N","","","","","","","","","",""
"2022061685","1512","2","0","0","0","0","0","0","0","0","2","0","","67","7","2022","3","39.983189","-75.156819","1510","6","0","0","0","0","0","0","1","0","","0","0","0","","","1","","1","","39 58:59.480","1","0","75 09:24.548","3","0","0","0","67301","0","0","0","N","0","0","0","3","67505","0","","1.0","1535.0","1","N","N","N","0","","1","0","0","","2","N","","2","1","0","0","0","0","1","2","0","2","","03","","N","","","","","","","","","",""
"2022058539","1630","2","0","0","0","0","0","0","0","0","4","0","","67","6","2022","3","39.99185","-75.186363","1620","6","0","0","0","1","0","0","0","0","","0","0","0","","","0","","1","","39 59:30.660","","0","75 11:10.908","0","0","0","0","67301","0","0","0","N","0","0","0","2","67508","0","","1.0","","1","N","N","Y","0","","0","0","0","","2","N","","2","0","1","0","0","0","0","2","0","2","","03","","N","","","","","","","","","",""
"2022047731","2320","1","0","0","0","0","0","0","0","0","4","0","","67","5","2022","7","40.055789","-75.176185","2315","6","0","0","1","0","0","0","0","0","","0","0","0","","","3","","1","","40 03:20.841","","0","75 10:34.267","3","0","0","0","67301","0","0","0","N","0","0","0","4","67301","0","","1.0","","1","N","N","Y","0","","1","0","1","","2","","","2","3","0","0","0","2","0","2","0","2","","03","","N","","","","","","","","","",""
"2022070286","2235","1","0","0","0","0","0","0","0","0","5","1","","67","4","2022","6","40.048374","-75.079807","2235","6","0","0","0","0","0","1","1","0","","1","1","0","","","0","N","1","","40 02:54.146","","0","75 04:47.305","1","0","0","0","67301","0","0","0","N","0","0","0","4","67301","0","1","1.0","","1","N","N","N","0","0","0","0","1","","2","","","3","0","1","1","0","0","3","2","0","3","","03","","N","","","","","","","","","",""
"2022071023","1832","2","0","0","0","0","0","0","0","0","1","0","","67","7","2022","7","39.9376","-75.198545","1821","6","0","0","0","0","0","1","0","0","","0","0","0","","","0","N","0","","39 56:15.359","","0","75 11:54.763","0","0","0","0","67301","0","0","0","N","0","0","0","2","68K01","0","","1.0","","1","N","N","N","0","","0","0","0","","0","","","2","0","0","0","0","0","0","2","0","2","","03","","N","","","","","","","","","",""
"2022047804","1915","2","0","0","0","0","0","0","0","0","4","0","","67","5","2022","6","39.921144","-75.193801","1915","6","0","0","0","0","0","0","0","0","","0","0","0","","","1","","1","","39 55:16.119","","0","75 11:37.683","3","0","0","0","67301","0","0","0","N","0","0","0","2","67301","0","","1.0","","1","N","N","N","0","","1","0","0","","2","","","2","1","0","0","0","0","0","2","0","2","","03","","N","","","","","","","","","",""
"2022055669","2047","1","0","0","0","0","0","0","0","0","4","0","","67","6","2022","2","39.983093","-75.144186","2046","6","0","0","0","0","0","0","0","0","","0","0","0","","","0","","5","","39 58:59.134","","0","75 08:39.069","0","0","0","0","67301","0","0","0","N","0","0","0","3","67301","0","","1.0","","1","N","N","N","0","","0","0","1","","2","","","2","0","0","0","0","0","0","2","0","2","","03","","N","","","","","","","","","",""
"2022055610","0325","1","0","0","0","0","0","0","0","0","5","0","","67","6","2022","5","40.02084","-75.094688","0315","6","0","0","0","0","0","0","0","0","","0","0","0","","","0","N","0","","40 01:15.024","","0","75 05:40.875","0","0","0","0","67301","0","0","0","N","0","0","0","1","67301","0","","6.0","","9","N","N","N","0","","0","0","0","","0","","","2","0","0","0","0","0","0","2","0","2","","07","","N","","","","","","","","","",""
"2022048423","1202","1","0","0","0","0","0","0","0","0","4","0","","67","5","2022","7","40.016941","-75.060645","1202","6","0","0","0","0","0","1","0","0","","0","0","0","","","1","","1","","40 01:00.988","","0","75 03:38.322","4","0","0","0","67301","0","0","0","N","0","0","0","3","67301","1","","1.0","","1","N","N","N","0","","0","0","1","","2","","","4","1","3","0","0","0","0","2","2","4","","03","","N","","","","","","","","","",""
"2022056894","1532","1","0","0","0","0","0","0","0","0","4","0","","67","6","2022","7","39.899326","-75.174784","1531","6","0","0","0","0","0","0","0","0","","0","0","0","","","2","","1","","39 53:57.573","1","2","75 10:29.222","3","0","0","0","67301","0","0","0","N","0","0","0","5","67301","0","","1.0","1535.0","1","N","N","N","1","","2","0","0","","2","N","","2","2","0","0","0","0","0","2","0","2","","03","","N","","","","","","","","","",""
"2022046401","","0","0","0","0","0","0","0","0","0","1","0","","67","4","2022","3","40.100596","-74.979703","","6","0","0","0","0","0","0","0","0","","0","0","0","","","1","","2","","40 06:02.145","","0","74 58:46.930","8","0","0","0","67301","0","0","0","N","0","0","0","2","00000","0","","1.0","","1","","","N","0","","0","0","2","","3","","","2","1","0","0","0","1","0","2","0","2","","","","N","","","","","","","","","",""
"2022066833","2121","2","0","0","0","0","0","0","0","0","1","0","","67","6","2022","2","40.050813","-75.006244","2121","6","0","0","0","0","0","1","0","0","","0","0","0","","","2","N","0","","40 03:02.926","3","0","75 00:22.480","8","0","0","0","67301","0","0","0","N","0","0","0","3","68K01","0","","1.0","2200.0","1","N","N","N","0","","0","0","0","","0","N","","2","2","0","0","0","2","0","2","0","2","","03","","N","","","","","","","","","",""
"2022071653","1147","0","0","0","0","0","0","0","0","0","5","2","","67","7","2022","2","39.993933","-75.199059","1135","6","0","0","0","0","0","0","0","0","","0","2","0","","","1","N","0","","39 59:38.160","4","0","75 11:56.613","8","0","0","0","67301","0","0","0","N","0","0","0","3","68K01","0","","4.0","1230.0","1","N","N","N","1","","0","0","0","","8","N","","3","1","0","0","0","1","0","2","0","3","","","","N","","","","","","","","","",""
"2022062689","2055","0","0","0","0","0","0","0","0","0","4","0","","67","6","2022","2","39.97038","-75.124804","2054","6","0","0","0","0","0","1","0","0","","0","0","0","","","0","N","0","","39 58:13.367","1","0","75 07:29.294","0","0","0","0","67301","0","0","0","N","0","0","0","9","68K01","0","","1.0","2110.0","1","N","N","N","0","","0","0","1","","0","N","","2","0","6","0","0","0","0","2","1","2","","03","","N","","","","","","","","","",""
"2022061568","0236","2","0","0","0","0","0","0","0","0","1","0","","67","7","2022","1","40.010352","-75.184978","0236","6","0","0","0","0","0","0","0","0","","0","0","0","","","2","N","0","","40 00:37.268","2","0","75 11:05.922","3","0","0","0","67301","0","0","0","N","0","0","0","2","67301","0","","1.0","430.0","1","N","N","Y","0","","2","0","0","","0","Y","","2","2","0","0","0","0","0","2","0","2","","04","","N","","","","","","","","","",""
"2022049707","0129","0","0","0","0","0","0","0","0","0","1","0","","67","5","2022","7","39.964121","-75.180245","0128","6","0","0","0","0","0","0","0","0","","0","0","0","","","1","N","0","","39 57:50.837","","0","75 10:48.883","3","0","0","1","67301","0","0","0","N","0","0","0","2","67301","0","","1.0","","1","N","N","N","0","","1","0","1","","0","","","2","1","0","0","0","0","0","2","0","2","","03","","N","","","","","","","","","",""
"2022055551","2230","0","0","0","0","0","0","0","0","0","8","0","","67","6","2022","2","39.914539","-75.153962","2220","6","0","0","0","0","0","0","0","0","","0","0","0","","","1","N","0","","39 54:52.340","","7","75 09:14.264","4","0","0","0","67301","1","0","0","N","1","0","0","2","67301","1","","1.0","","1","N","N","N","0","","0","0","1","","0","","","2","1","0","0","0","0","0","2","0","1","","","","N","","","","","","","","","",""
"2022061782","1347","1","0","0","0","0","0","0","0","0","1","1","","67","6","2022","4","39.878505","-75.249902","1325","6","0","0","0","0","0","2","0","0","","0","1","0","","","0","N","0","","39 52:42.618","1","0","75 14:59.648","0","0","0","0","67301","0","0","0","N","0","0","0","2","68K01","0","","1.0","1400.0","1","N","N","Y","0","","0","0","0","","8","N","","2","0","1","0","0","0","0","2","0","2","","03","","N","","","","","","","","","",""
"2022043929","","0","0","0","0","0","0","0","0","0","1","0","","67","5","2022","2","39.894555","-75.229568","","6","0","0","0","0","0","0","0","0","","0","0","0","","","0","","3","","39 53:40.398","","0","75 13:46.445","0","0","0","0","67301","0","0","0","N","0","0","0","2","00000","0","","1.0","","1","","","N","1","","0","0","1","","2","","","2","0","0","0","0","0","0","2","0","2","","","","N","","","","","","","","","",""
"2022069704","1300","1","0","0","0","0","0","0","0","0","4","0","","67","7","2022","5","39.95762","-75.145687","1258","6","0","0","0","0","0","0","0","0","","0","0","0","","","0","","1","","39 57:27.432","4","0","75 08:44.473","0","0","0","0","67301","0","0","0","N","0","0","0","2","67301","0","","1.0","1321.0","1","N","N","N","0","","0","0","1","","2","N","","2","0","0","0","0","0","0","2","0","2","","03","","N","","","","","","","","","",""
"2022068059","1201","2","0","0","0","0","0","0","0","0","5","0","","67","6","2022","1","39.888072","-75.21722","1155","6","0","0","0","0","0","0","0","1","","0","0","0","","","0","N","0","","39 53:17.060","","0","75 13:01.993","0","0","0","0","67301","0","0","0","N","0","0","0","2","68K01","0","","1.0","","1","N","N","N","0","","0","0","0","","0","","","2","0","0","0","0","0","0","2","0","2","","03","","N","","","","","","","","","",""
"2022058550","1320","0","0","0","0","0","0","1","0","0","8","1","","67","6","2022","6","40.045669","-75.150145","1310","6","0","0","0","0","0","0","0","0","","0","0","0","","","1","","1","","40 02:44.408","","0","75 09:00.522","4","0","0","0","67301","1","0","0","N","1","0","0","2","67508","1","","1.0","","1","N","","Y","0","","0","0","0","","0","","","2","1","0","0","0","0","0","2","0","1","","03","","N","","","","","","","","","",""
"2022062002","1137","0","0","0","0","0","0","0","0","0","7","0","","67","7","2022","7","39.957738","-75.141857","1123","6","0","0","0","0","0","0","0","0","","0","0","0","","","0","N","0","","39 57:27.858","4","8","75 08:30.686","9","0","0","0","67301","0","0","0","N","0","0","0","1","68K01","0","","2.0","1151.0","1","N","N","N","0","","0","0","1","","0","N","","1","0","1","0","0","0","1","2","0","1","","03","","N","","","","","","","","","",""
"2022062015","1735","1","0","0","0","0","0","0","0","0","7","0","","67","7","2022","7","39.957034","-75.156253","1718","6","0","0","0","0","1","0","0","0","","0","0","0","","","0","N","0","","39 57:25.322","3","0","75 09:22.511","0","0","0","0","67301","0","0","0","N","0","0","0","1","68K01","0","","2.0","1740.0","1","N","N","N","0","","0","0","0","","0","N","","1","0","0","0","0","0","0","2","0","1","","03","","N","","","","","","","","","",""
"2022061893","1339","1","0","0","0","0","0","0","0","0","1","0","","67","6","2022","1","40.015192","-75.053706","1339","6","0","0","0","0","0","1","0","0","","0","0","0","","","0","N","0","","40 00:54.690","","0","75 03:13.342","0","0","0","0","67301","0","0","0","N","0","0","0","2","68K01","0","","1.0","","1","N","N","N","0","","0","0","1","","0","","","2","0","0","0","0","0","0","2","0","2","","03","","N","","","","","","","","","",""
"2022043919","","0","0","0","0","0","0","0","0","0","4","0","","67","4","2022","6","39.919528","-75.211611","","6","0","0","0","0","0","1","0","0","","0","0","0","","","1","N","0","","39 55:10.300","","7","75 12:41.800","8","0","0","0","67301","0","0","0","N","0","0","0","2","00000","0","","1.0","","1","","","N","2","","0","0","0","","0","","","2","1","0","0","0","1","0","2","0","2","","","","N","","","","","","","","","",""
"2022070440","2247","2","0","0","0","0","0","0","0","0","1","0","","67","8","2022","2","39.959861","-75.190889","2245","6","0","0","0","0","0","0","0","0","","0","0","0","","","0","N","0","","39 57:35.500","2","0","75 11:27.200","0","0","0","0","67301","0","0","0","N","0","0","0","1","67507","0","","6.0","10.0","1","N","N","N","0","","0","0","1","","0","N","","3","0","0","0","0","0","0","2","0","3","","03","","N","","","","","","","","","",""
"2022060358","0125","0","0","0","0","0","0","0","0","0","7","0","","67","5","2022","3","39.925536","-75.178675","0121","6","0","0","0","1","0","0","0","0","","0","0","0","","","0","","1","","39 55:31.928","","0","75 10:43.231","0","0","0","0","67301","0","0","0","N","0","0","0","1","67301","0","","4.0","","1","N","N","N","1","","0","0","0","","0","","","1","0","1","0","0","0","0","2","0","1","","03","","N","","","","","","","","","",""
"2022048056","1343","0","0","0","0","0","0","0","0","0","4","0","","67","5","2022","1","39.921054","-75.224167","1343","6","0","0","1","0","0","0","0","1","","0","0","0","","","0","","1","","39 55:15.795","","0","75 13:27.001","0","0","0","0","67301","0","0","0","N","0","0","0","2","67301","0","","1.0","","1","N","N","N","1","","0","0","1","","2","","","2","0","1","0","0","0","0","2","0","2","","03","","N","","","","","","","","","",""
"2022056903","2220","1","0","0","0","0","0","0","0","0","1","0","","67","6","2022","4","39.989503","-75.103675","2219","6","0","0","0","0","0","0","0","0","","0","0","0","","","2","Y","0","","39 59:22.210","","0","75 06:13.230","3","0","0","0","67301","0","0","0","N","0","0","0","2","67301","1","","1.0","","1","N","N","N","0","","1","0","1","","2","","","2","2","1","0","0","0","0","2","0","2","","03","","N","","","","","","","","","",""
"2022070584","1730","1","0","0","0","0","0","0","0","0","4","0","","67","7","2022","1","40.020139","-75.113103","1730","6","0","0","0","0","0","1","0","0","","0","0","0","","","1","","2","","40 01:12.501","","0","75 06:47.172","3","0","0","0","67301","0","0","0","N","0","0","0","2","67301","0","","1.0","","1","N","N","N","1","","1","0","0","","3","","","2","1","0","0","0","0","0","2","0","2","","03","","N","","","","","","","","","",""
"2022047389","1400","0","0","0","0","0","0","0","0","0","7","0","","67","5","2022","6","40.090472","-74.969111","1356","6","0","0","0","0","0","1","0","0","","0","0","0","","","1","N","0","","40 05:25.700","","0","74 58:08.800","3","0","0","0","67301","0","0","0","N","0","0","0","1","67301","0","","4.0","","1","N","N","Y","1","","1","0","0","","0","","","1","1","0","0","0","0","0","2","0","1","","03","","N","","","","","","","","","",""
"2022043785","","2","0","0","0","0","0","0","0","0","4","0","","67","4","2022","5","","","","6","0","0","0","0","0","0","0","0","","0","0","0","","","1","N","0","","","","7","","8","0","0","0","67301","0","0","0","N","0","0","0","2","00000","0","","1.0","","1","","","N","0","","0","0","0","","2","","","2","1","1","0","0","1","0","1","0","2","","","","N","","","","","","","","","",""
"2022048061","1324","2","0","0","0","0","0","0","0","0","4","0","","67","5","2022","7","40.134374","-75.009144","1324","6","0","0","0","0","0","0","1","0","","0","0","0","","","1","","1","","40 08:03.746","","0","75 00:32.919","3","0","0","0","67301","0","0","0","N","0","0","0","2","67301","0","","1.0","","1","N","N","N","0","","1","0","0","","2","","","2","1","0","0","0","0","0","2","0","2","","","","N","","","","","","","","","",""
"2022060357","0610","1","0","0","0","0","0","0","0","0","5","0","","67","5","2022","1","39.921325","-75.175811","0603","6","0","0","0","0","0","0","0","0","","0","0","0","","","0","N","0","","39 55:16.770","","0","75 10:32.920","0","0","0","0","67301","0","0","0","N","0","0","0","1","67301","0","","6.0","","1","N","N","N","0","","0","0","2","","0","","","4","0","0","0","0","0","0","2","1","4","","03","","N","","","","","","","","","",""