"CRN","ARRIVAL_TM","AUTOMOBILE_COUNT","BELTED_DEATH_COUNT","BELTED_SUSP_SERIOUS_INJ_COUNT","BICYCLE_COUNT","BICYCLE_DEATH_COUNT","BICYCLE_SUSP_SERIOUS_INJ_COUNT","BUS_COUNT","CHLDPAS_DEATH_COUNT","CHLDPAS_SUSP_SERIOUS_INJ_COUNT","COLLISION_TYPE","COMM_VEH_COUNT","CONS_ZONE_SPD_LIM","COUNTY","CRASH_MONTH","CRASH_YEAR","DAY_OF_WEEK","DEC_LATITUDE","DEC_LONGITUDE","DISPATCH_TM","DISTRICT","DRIVER_COUNT_16YR","DRIVER_COUNT_17YR","DRIVER_COUNT_18YR","DRIVER_COUNT_19YR","DRIVER_COUNT_20YR","DRIVER_COUNT_50_64YR","DRIVER_COUNT_65_74YR","DRIVER_COUNT_75PLUS","EST_HRS_CLOSED","FATAL_COUNT","HEAVY_TRUCK_COUNT","HORSE_BUGGY_COUNT","HOUR_OF_DAY","ILLUMINATION","INJURY_COUNT","INTERSECTION_RELATED","INTERSECT_TYPE","LANE_CLOSED","LATITUDE","LN_CLOSE_DIR","LOCATION_TYPE","LONGITUDE","MAX_SEVERITY_LEVEL","MCYCLE_DEATH_COUNT","MCYCLE_SUSP_SERIOUS_INJ_COUNT","MOTORCYCLE_COUNT","MUNICIPALITY","NONMOTR_COUNT","NONMOTR_DEATH_COUNT","NONMOTR_SUSP_SERIOUS_INJ_COUNT","NTFY_HIWY_MAINT","PED_COUNT","PED_DEATH_COUNT","PED_SUSP_SERIOUS_INJ_COUNT","PERSON_COUNT","POLICE_AGCY","POSSIBLE_INJ_COUNT","RDWY_SURF_TYPE_CD","RELATION_TO_ROAD","ROADWAY_CLEARED","ROAD_CONDITION","SCH_BUS_IND","SCH_ZONE_IND","SECONDARY_CRASH","SMALL_TRUCK_COUNT","SPEC_JURIS_CD","SUSP_MINOR_INJ_COUNT","SUSP_SERIOUS_INJ_COUNT","SUV_COUNT","TCD_FUNC_CD","TCD_TYPE","TFC_DETOUR_IND","TIME_OF_DAY","TOTAL_UNITS","TOT_INJ_COUNT","UNBELTED_OCC_COUNT","UNB_DEATH_COUNT","UNB_SUSP_SERIOUS_INJ_COUNT","UNK_INJ_DEG_COUNT","UNK_INJ_PER_COUNT","URBAN_RURAL","VAN_COUNT","VEHICLE_COUNT","WEATHER1","WEATHER2","WORKERS_PRES","WORK_ZONE_IND","WORK_ZONE_LOC","WORK_ZONE_TYPE","WZ_CLOSE_DETOUR","WZ_FLAGGER","WZ_LAW_OFFCR_IND","WZ_LN_CLOSURE","WZ_MOVING","WZ_OTHER","WZ_SHLDER_MDN","WZ_WORKERS_INJ_KILLED"
"2022069398","2314","1","0","0","0","0","0","0","0","0","7","0","","67","7","2022","3","39.983468","-75.097629","2306","6","0","0","0","1","0","0","0","0","","0","0","0","","","0","N","0","","39 59:00.484","1","0","75 05:51.463","0","0","0","0","67301","0","0","0","Y","0","0","0","1","68K01","0","","4.0","2330.0","1","N","N","N","0","","0","0","0","","0","Y","","1","0","0","0","0","0","0","2","0","1","","03","","N","","","","","","","","","",""
"2022062310","1231","1","0","0","0","0","0","0","0","0","1","0","","67","5","2022","2","39.959667","-75.176165","1224","6","0","0","0","0","0","0","2","0","","0","0","0","","","0","N","0","","39 57:34.802","","0","75 10:34.195","0","0","0","0","67301","0","0","0","N","0","0","0","5","68K01","0","","1.0","","1","N","N","N","2","","0","0","0","","0","","","3","0","0","0","0","0","0","2","0","3","","03","","N","","","","","","","","","",""
"2022062130","0815","0","0","0","0","0","0","0","0","0","1","0","","67","6","2022","3","40.009257","-75.066432","0815","6","0","0","0","0","0","0","1","0","","0","0","0","","","0","N","0","","40 00:33.324","","0","75 03:59.155","0","0","0","0","67301","0","0","0","N","0","0","0","3","68K01","0","","1.0","","1","N","N","N","1","","0","0","2","","0","","","3","0","0","0","0","0","0","2","0","3","","","","N","","","","","","","","","",""
"2022060053","2040","2","0","0","0","0","0","0","0","0","4","0","","67","6","2022","1","39.960933","-75.195448","2023","6","0","0","0","0","1","0","0","0","","0","0","0","","","1","","1","","39 57:39.358","","0","75 11:43.612","4","0","0","0","67301","0","0","0","N","0","0","0","3","67301","1","","1.0","","1","N","N","N","0","","0","0","0","","3","","","2","1","0","0","0","0","1","2","0","2","","03","","N","","","","","","","","","",""
"2022060082","1045","2","0","0","0","0","0","0","0","0","4","0","","67","6","2022","3","40.024165","-75.130356","1041","6","0","0","0","0","0","0","1","0","","0","0","0","","","1","","1","","40 01:26.993","1","0","75 07:49.281","3","0","0","0","67301","0","0","0","N","0","0","0","2","67301","0","","1.0","1055.0","1","N","N","N","0","","1","0","0","","2","N","","2","1","0","0","0","0","0","2","0","2","","04","","N","","","","","","","","","",""
"2022055577","1420","0","0","0","0","0","0","0","0","0","1","0","","67","6","2022","4","40.087534","-74.971328","1420","6","0","0","0","0","0","0","0","0","","0","0","0","","","1","","1","","40 05:15.121","","2","74 58:16.779","4","0","0","0","67301","0","0","0","N","0","0","0","2","67301","1","","1.0","","1","N","N","N","0","","0","0","2","","2","","","2","1","0","0","0","0","0","2","0","2","","03","","N","","","","","","","","","",""
"2022069840","0310","2","0","0","0","0","0","0","0","0","1","0","","67","7","2022","7","40.038436","-75.172039","0310","6","0","0","0","0","0","1","0","0","","0","0","0","","","0","N","0","","40 02:18.370","","0","75 10:19.340","0","0","0","0","67301","0","0","0","N","0","0","0","2","67301","0","","1.0","","1","N","N","N","0","","0","0","0","","0","","","2","0","0","0","0","0","0","2","0","2","","03","","N","","","","","","","","","",""
"2022063082","1640","1","0","0","0","0","0","0","0","0","4","0","","67","6","2022","2","39.99182","-75.232297","1640","6","0","0","0","0","0","0","0","0","","0","0","0","","","0","","2","","39 59:30.551","","0","75 13:56.269","9","0","0","0","67301","0","0","0","N","0","0","0","3","67301","0","","1.0","","1","N","N","N","0","","0","0","1","","0","","","2","0","0","0","0","0","3","2","0","2","","03","","N","","","","","","","","","",""
"2022070244","2140","1","0","0","0","0","0","0","0","0","4","0","","67","6","2022","6","39.954726","-75.240255","2138","6","0","0","0","0","0","0","0","0","","0","0","0","","","1","","1","","39 57:17.013","","0","75 14:24.917","3","0","0","0","67301","0","0","0","N","0","0","0","2","67301","0","","1.0","","1","N","N","N","0","","1","0","0","","3","","","2","1","0","0","0","0","0","2","0","2","","","","N","","","","","","","","","",""
"2022062676","0621","1","0","0","0","0","0","0","0","0","5","0","","67","6","2022","3","39.978917","-75.108857","0614","6","0","0","0","0","0","2","0","0","","0","0","0","","","2","N","0","","39 58:44.101","1","0","75 06:31.885","3","0","0","0","67301","0","0","0","N","0","0","0","4","68K01","0","","1.0","623.0","1","N","N","N","0","","2","0","1","","0","N","","2","2","0","0","0","0","0","2","0","2","","","","N","","","","","","","","","",""
"2022055689","1917","0","0","0","0","0","0","0","0","0","7","0","","67","6","2022","3","40.020667","-75.153972","1915","6","0","0","0","0","0","1","0","0","","0","0","0","","","1","N","0","","40 01:14.400","4","0","75 09:14.300","3","0","0","0","67301","0","0","0","N","0","0","0","1","67301","0","","6.0","1950.0","1","N","N","N","0","","1","0","1","","0","N","","1","1","0","0","0","0","0","2","0","1","","","","N","","","","","","","","","",""
"2022066831","0344","1","0","0","0","0","0","0","0","0","1","0","","67","6","2022","7","39.910903","-75.149029","0325","6","0","0","0","0","0","0","0","0","","0","0","0","","","0","N","0","","39 54:39.252","","0","75 08:56.503","9","0","0","0","67301","0","0","0","N","0","0","0","2","68K01","0","","2.0","","1","N","N","N","0","","0","0","0","","0","","","2","0","0","0","0","0","2","2","0","2","","","","N","","","","","","","","","",""
"2022050803","1150","1","0","0","0","0","0","0","0","0","6","0","","67","5","2022","2","40.014692","-75.129822","1150","6","0","0","0","0","0","0","0","0","","0","0","0","","","1","N","0","","40 00:52.890","","0","75 07:47.360","3","0","0","0","67301","0","0","0","N","0","0","0","2","67301","0","","1.0","","1","N","N","N","0","","1","0","1","","0","","","2","1","0","0","0","0","1","2","0","2","","","","N","","","","","","","","","",""
"2022061055","0309","0","0","0","0","0","0","0","0","0","2","0","","67","6","2022","5","40.036903","-75.130406","0308","6","0","0","0","0","0","0","0","0","","0","0","0","","","2","N","0","","40 02:12.850","","0","75 07:49.460","4","0","0","0","67301","0","0","0","N","0","0","0","2","67301","2","","1.0","","1","N","N","N","0","","0","0","2","","0","","","2","2","1","0","0","0","0","2","0","2","","03","","N","","","","","","","","","",""
"2022048297","0232","2","0","0","0","0","0","0","0","0","4","0","","67","5","2022","1","40.023338","-75.179026","0225","6","0","0","0","0","0","0","0","0","","0","0","0","","","2","","1","","40 01:24.018","","0","75 10:44.495","3","0","0","0","67301","0","0","0","N","0","0","0","4","67301","0","","1.0","","1","N","N","N","0","","2","0","0","","2","","","2","2","0","0","0","0","1","2","0","2","","03","","N","","","","","","","","","",""
"2022057703","1244","1","0","0","0","0","0","0","0","0","1","0","","67","6","2022","7","39.908389","-75.147583","1237","6","0","0","0","0","0","1","0","0","","0","0","0","","","1","N","0","","39 54:30.200","","3","75 08:51.300","4","0","0","0","67301","0","0","0","N","0","0","0","2","67501","1","","1.0","","1","N","N","N","0","","0","0","1","","8","","","2","1","0","0","0","0","0","2","0","2","","03","","N","","","","","","","","","",""
"2022048069","0836","3","0","0","0","0","0","0","0","0","4","0","","67","5","2022","2","40.063808","-75.172901","0830","6","0","0","0","0","0","0","2","0","","0","0","0","","","0","","1","","40 03:49.709","","0","75 10:22.442","9","0","0","0","67301","0","0","0","N","0","0","0","5","67301","0","","1.0","","1","N","N","N","0","","0","0","0","","2","","","3","0","2","0","0","0","2","2","0","3","","03","","N","","","","","","","","","",""
"2022061570","1457","2","0","0","0","0","0","0","0","0","2","0","","67","7","2022","2","40.009897","-75.151003","1457","6","0","0","0","0","0","0","1","0","","0","0","0","","","1","","1","","40 00:35.628","","0","75 09:03.612","2","0","0","0","67301","0","0","0","N","0","0","0","3","67301","0","","1.0","","1","N","N","N","0","","0","1","0","","2","","","2","1","0","0","0","0","0","2","0","2","","03","","N","","","","","","","","","",""
"2022057142","1322","2","0","0","0","0","0","0","0","0","4","0","","67","6","2022","1","39.963044","-75.177076","1322","6","0","0","0","0","0","1","0","1","","0","0","0","","","0","N","3","","39 57:46.958","","6","75 10:37.475","0","0","0","0","67301","0","0","0","N","0","0","0","2","67301","0","","1.0","","1","N","N","N","0","","0","0","0","","2","","","2","0","0","0","0","0","0","2","0","2","","03","","N","","","","","","","","","",""
"2022056902","1337","0","0","0","1","0","0","0","0","0","8","0","","67","5","2022","2","40.005748","-75.099049","1337","6","0","0","0","0","0","0","0","0","","0","0","0","","","1","","1","","40 00:20.692","","0","75 05:56.577","8","0","0","0","67301","1","0","0","N","0","0","0","2","67301","0","","1.0","","1","N","N","N","0","","0","0","0","","1","","","2","1","0","0","0","1","0","2","0","1","","03","","N","","","","","","","","","",""
"2022068819","1805","2","0","0","0","0","0","0","0","0","5","0","","67","7","2022","6","39.987919","-75.168967","1758","6","0","0","0","0","0","1","0","0","","0","0","0","","","0","N","0","","39 59:16.510","","0","75 10:08.280","0","0","0","0","67301","0","0","0","N","0","0","0","1","67301","0","","1.0","","1","N","N","N","0","","0","0","0","","0","","","2","0","0","0","0","0","0","2","0","2","","","","N","","","","","","","","","",""
"2022069485","0847","0","0","0","0","0","0","0","0","0","8","0","","67","7","2022","6","39.944927","-75.154918","0845","6","0","0","0","0","0","0","1","0","","0","0","0","","","1","","2","","39 56:41.737","3","0","75 09:17.704","3","0","0","0","67301","1","0","0","N","1","0","0","2","67301","0","","1.0","907.0","1","N","N","N","0","","1","0","1","","0","Y","","2","1","0","0","0","0","0","2","0","1","","03","","N","","","","","","","","","",""
"2022061016","0117","1","0","0","0","0","0","0","0","0","1","0","","67","6","2022","3","39.998619","-75.195731","0110","6","0","0","0","0","0","1","0","0","","0","0","0","","","0","N","0","","39 59:55.030","3","0","75 11:44.631","0","0","0","0","67301","0","0","0","N","0","0","0","3","68K01","0","","1.0","135.0","1","N","N","N","0","","0","0","1","","0","N","","2","0","0","0","0","0","0","2","0","2","","03","","N","","","","","","","","","",""
"2022059641","0038","0","0","0","0","0","0","0","0","0","1","0","","67","6","2022","2","39.963329","-75.246676","0038","6","0","0","0","0","0","1","0","0","","0","0","0","","","1","N","0","","39 57:47.983","","0","75 14:48.033","8","0","0","0","67301","0","0","0","N","0","0","0","1","67508","0","","6.0","","1","N","N","N","0","","0","0","2","","0","","","2","1","0","0","0","1","0","2","0","2","","03","","N","","","","","","","","","",""
"2022061192","0926","1","0","0","0","0","0","0","0","0","4","0","","67","7","2022","7","40.102491","-75.038462","0915","6","0","0","0","0","1","1","0","0","","0","0","0","","","1","","2","","40 06:08.967","","0","75 02:18.463","3","0","0","0","67301","0","0","0","N","0","0","0","3","67301","0","","1.0","","1","N","N","N","0","","1","0","1","","3","","","2","1","0","0","0","0","0","2","0","2","","","","N","","","","","","","","","",""
"2022047642","1835","1","0","0","0","0","0","0","0","0","4","0","","67","5","2022","6","39.985947","-75.166115","1828","6","0","0","0","0","0","0","0","0","","0","0","0","","","0","","1","","39 59:09.409","","0","75 09:58.014","0","0","0","0","67301","0","0","0","N","0","0","0","2","67301","0","","1.0","","9","N","N","N","0","","0","0","1","","2","","","2","0","0","0","0","0","0","2","0","2","","03","","N","","","","","","","","","",""
"2022070482","0723","2","0","0","0","0","0","0","0","0","5","0","","67","6","2022","5","40.032618","-75.020739","0711","6","0","0","0","1","0","1","0","0","","0","0","0","","","0","N","0","","40 01:57.424","1","3","75 01:14.661","0","0","0","0","67301","0","0","0","N","0","0","0","3","68K01","0","","1.0","800.0","9","N","N","N","0","","0","0","0","","0","N","","2","0","0","0","0","0","0","2","0","2","","","","N","","","","","","","","","",""
"2022053025","0117","1","0","0","0","0","0","0","0","0","4","0","","67","6","2022","3","39.893044","-75.235618","0113","6","0","0","1","0","0","0","0","0","","0","0","0","","","1","","2","","39 53:34.958","2","2","75 14:08.223","3","0","0","0","67301","0","0","0","N","0","0","0","3","67301","0","","1.0","330.0","1","N","N","N","0","","1","0","1","","3","N","","2","1","0","0","0","0","0","2","0","2","","03","","N","","","","","","","","","",""
"2022054685","1731","0","0","0","0","0","0","0","0","0","7","0","","67","6","2022","4","39.909917","-75.154194","1729","6","0","0","0","0","0","0","0","0","","0","0","0","","","1","N","0","","39 54:35.700","","5","75 09:15.100","8","0","0","0","67301","0","0","0","N","0","0","0","1","67501","0","","4.0","","1","N","N","N","0","","0","0","1","","8","","","1","1","0","0","0","1","0","2","0","1","","03","","N","","","","","","","","","",""
"2022048954","2203","0","0","0","0","0","0","0","0","0","4","0","","67","5","2022","7","39.991193","-75.132897","2158","6","0","0","0","0","0","1","0","0","","0","0","0","","","1","","1","","39 59:28.296","","0","75 07:58.428","3","0","0","2","67301","0","0","0","N","0","0","0","3","67301","0","","1.0","","1","N","N","N","0","","1","0","1","","2","","","3","1","0","0","0","0","0","2","0","3","","","","N","","","","","","","","","",""
"2022061240","1949","3","0","0","0","0","0","0","0","0","4","0","","67","6","2022","3","39.950023","-75.216841","1949","6","0","0","0","0","0","0","0","0","","0","0","0","","","3","","1","","39 57:00.082","6","0","75 13:00.627","3","0","0","0","67301","0","0","0","N","0","0","0","4","67301","0","","1.0","2150.0","1","N","N","N","0","","3","0","2","","3","Y","","5","3","2","0","0","0","0","2","0","5","","03","","N","","","","","","","","","",""
"2022055592","1630","1","0","0","0","0","0","0","0","0","3","0","","67","6","2022","2","39.925978","-75.237031","1628","6","0","0","0","0","0","0","0","0","","0","0","0","","","1","N","0","","39 55:33.520","","0","75 14:13.310","3","0","0","0","67301","0","0","0","N","0","0","0","3","67301","0","","1.0","","1","N","N","N","1","","1","0","0","","0","","","2","1","0","0","0","0","1","2","0","2","","98","","N","","","","","","","","","",""
"2022061818","1504","0","0","0","0","0","0","0","0","0","1","0","","67","6","2022","4","39.903235","-75.150632","1504","6","0","0","0","0","0","1","0","0","","0","0","0","","","0","N","0","","39 54:11.646","","0","75 09:02.274","0","0","0","0","67301","0","0","0","N","0","0","0","2","68K01","0","","1.0","","1","N","N","N","1","","0","0","0","","0","","","2","0","0","0","0","0","0","2","1","2","","03","","N","","","","","","","","","",""
"2022056377","0910","1","0","0","0","0","0","0","0","0","1","0","","67","6","2022","5","39.938479","-75.142336","0902","6","0","0","0","0","0","1","0","0","","0","0","0","","","1","","1","","39 56:18.523","","2","75 08:32.410","4","0","0","0","67301","0","0","0","N","0","0","0","6","67301","1","","1.0","","9","N","N","N","0","","0","0","1","","2","","","3","1","0","0","0","0","0","2","1","3","","07","","N","","","","","","","","","",""
"2022061507","0645","1","0","0","0","0","0","0","0","0","7","0","","67","7","2022","1","40.097937","-74.985071","0645","6","0","0","0","0","0","0","0","0","","0","0","0","","","1","","7","","40 05:52.573","","2","74 59:06.255","4","0","0","0","67301","0","0","0","N","0","0","0","1","67301","1","","4.0","","9","N","N","N","0","","0","0","0","","0","","","1","1","1","0","0","0","0","2","0","1","","04","","N","","","","","","","","","",""
"2022061752","1728","0","0","0","0","0","0","0","0","0","1","0","","67","5","2022","4","40.02753","-75.025088","1708","6","0","0","0","0","0","1","0","0","","0","0","0","","","0","N","0","","40 01:39.107","","0","75 01:30.316","0","0","0","0","67301","0","0","0","N","0","0","0","3","68K01","0","","1.0","","1","N","N","N","0","","0","0","2","","0","","","3","0","0","0","0","0","0","2","1","3","","","","N","","","","","","","","","",""
"2022062128","1608","0","0","0","0","0","0","0","0","0","7","0","","67","6","2022","4","40.026626","-75.026122","1601","6","0","0","0","0","0","1","0","0","","0","0","0","","","2","N","0","","40 01:35.854","1","0","75 01:34.040","3","0","0","0","67301","0","0","0","N","0","0","0","2","68K01","0","","4.0","1644.0","1","N","N","N","0","","2","0","1","","0","Y","","1","2","1","0","0","0","0","2","0","1","","","","N","","","","","","","","","",""
"2022063074","1903","1","0","0","0","0","0","0","0","0","8","0","","67","6","2022","3","39.970596","-75.233368","1856","6","0","0","0","0","0","0","0","0","","0","0","0","","","1","","1","","39 58:14.145","","0","75 14:00.124","3","0","0","0","67301","1","0","0","N","1","0","0","5","67301","0","","1.0","","1","N","N","N","0","","1","0","0","","0","","","2","1","0","0","0","0","0","2","0","1","","04","","N","","","","","","","","","",""
"2022061990","1759","0","0","0","0","0","0","0","0","0","1","0","","67","7","2022","6","39.957136","-75.151069","1729","6","0","0","0","0","0","0","0","0","","0","0","0","","","2","N","0","","39 57:25.688","","2","75 09:03.847","4","0","0","0","67301","0","0","0","N","0","0","0","3","68K01","2","","1.0","","1","N","N","N","0","","0","0","2","","0","","","2","2","0","0","0","0","0","2","0","2","","03","","N","","","","","","","","","",""
"2022057013","1810","2","0","0","0","0","0","0","0","0","1","0","","67","6","2022","1","40.052892","-75.141719","1805","6","0","0","0","0","0","1","0","0","","0","0","0","","","4","Y","0","","40 03:10.411","5","0","75 08:30.189","3","0","0","0","67301","0","0","0","N","0","0","0","5","67301","0","","1.0","130.0","1","N","N","N","0","","4","0","2","","2","Y","","4","4","0","0","0","0","0","2","0","4","","","","N","","","","","","","","","",""
"2022067778","0233","3","0","0","0","0","0","0","0","0","1","0","45","67","6","2022","7","40.055348","-74.984327","0230","6","0","0","0","0","0","0","0","0","","0","0","0","","","0","N","0","","40 03:19.254","","0","74 59:03.578","0","0","0","0","67301","0","0","0","N","0","0","0","5","68K01","0","","1.0","","1","N","N","N","0","","0","0","0","","0","","","3","0","0","0","0","0","0","2","0","3","","","Y","Y","5","1","N","N","Y","Y","N","N","Y","N"
"2022047229","0857","2","0","0","0","0","0","0","0","0","4","0","","67","5","2022","6","40.026646","-75.139502","0843","6","0","0","0","0","0","0","0","0","","0","0","0","","","1","","1","","40 01:35.925","","0","75 08:22.207","3","0","0","0","67301","0","0","0","N","0","0","0","3","67301","0","","1.0","","1","N","N","N","0","","1","0","0","","3","","","2","1","0","0","0","0","0","2","0","2","","","","N","","","","","","","","","",""
"2022049153","0615","2","0","0","0","0","0","0","0","0","1","0","","67","5","2022","1","39.904268","-75.197001","0615","6","0","0","0","0","1","0","0","0","","0","0","0","","","2","N","0","","39 54:15.364","","0","75 11:49.202","8","0","0","0","67301","0","0","0","N","0","0","0","3","67301","0","","1.0","","1","N","N","N","0","","0","0","0","","0","","","2","2","0","0","0","2","1","2","0","2","","","","N","","","","","","","","","",""
"2022055705","1734","0","0","0","0","0","0","0","0","0","1","0","","67","6","2022","3","40.079024","-75.02524","1729","6","0","0","1","0","0","0","0","0","","0","0","0","","","3","","2","","40 04:44.486","4","0","75 01:30.863","3","0","0","0","67301","0","0","0","N","0","0","0","3","67301","0","","1.0","1900.0","1","N","N","N","1","","3","0","1","","2","N","","2","3","0","0","0","0","0","2","0","2","","03","","N","","","","","","","","","",""
"2022063092","0043","1","0","0","0","0","0","0","0","0","4","0","","67","6","2022","3","39.982681","-75.227053","1940","6","0","1","0","0","0","0","0","0","","0","0","0","","","2","","3","","39 58:57.650","","0","75 13:37.390","8","0","0","0","67301","0","0","0","N","0","0","0","2","67301","0","","1.0","","1","N","N","N","0","","0","0","1","","2","","","2","2","0","0","0","2","0","2","0","2","","03","","N","","","","","","","","","",""
"2022070448","2300","2","0","0","0","0","0","0","0","0","4","0","","67","6","2022","6","40.033656","-75.063639","2256","6","0","0","0","0","0","0","0","0","","0","0","0","","","1","","5","","40 02:01.162","","0","75 03:49.102","3","0","0","0","67301","0","0","0","N","0","0","0","3","67301","0","","1.0","","1","N","N","N","0","","1","0","0","","2","","","2","1","0","0","0","0","0","2","0","2","","03","","N","","","","","","","","","",""
"2022069894","1938","1","0","0","0","0","0","0","0","0","1","1","","67","7","2022","3","39.958498","-75.166757","1926","6","0","0","0","0","0","0","0","0","","0","1","0","","","0","N","0","","39 57:30.591","4","0","75 10:00.326","0","0","0","0","67301","0","0","0","N","0","0","0","2","68K01","0","","1.0","2000.0","1","N","N","N","0","","0","0","0","","0","N","","2","0","0","0","0","0","0","2","0","2","","","","N","","","","","","","","","",""
"2022060124","2314","1","0","0","0","0","0","0","0","0","4","0","","67","6","2022","6","40.00372","-75.177118","2312","6","0","0","0","0","0","0","0","0","","0","0","0","","","1","","2","","40 00:13.392","","0","75 10:37.626","3","0","0","0","67301","0","0","0","N","0","0","0","2","67301","0","","1.0","","1","N","N","N","0","","1","0","1","","3","","","2","1","0","0","0","0","1","2","0","2","","03","","N","","","","","","","","","",""
"2022057542","1524","2","0","0","0","0","0","0","0","0","4","0","","67","6","2022","2","40.074316","-75.034824","1522","6","0","0","0","0","0","0","0","0","","0","0","0","","","3","","1","","40 04:27.539","5","0","75 02:05.367","3","0","0","0","67301","0","0","0","N","0","0","0","3","67301","0","","1.0","1550.0","1","N","N","N","0","","3","0","0","","2","N","","2","3","0","0","0","0","0","2","0","2","","03","","N","","","","","","","","","",""
"2022061401","1442","2","0","0","0","0","0","0","0","0","4","0","","67","7","2022","6","39.972085","-75.16428","1438","6","0","0","0","0","0","0","0","0","","0","0","0","","","0","","1","","39 58:19.506","","0","75 09:51.407","0","0","0","0","67301","0","0","0","N","0","0","0","2","67301","0","","1.0","","1","N","N","N","0","","0","0","0","","2","","","2","0","0","0","0","0","0","2","0","2","","03","","N","","","","","","","","","",""
"2022048382","1507","1","0","0","0","0","0","0","0","0","1","0","","67","5","2022","1","39.957913","-75.162163","1441","6","0","0","1","0","0","1","0","0","","0","0","0","","","0","N","0","","39 57:28.487","4","0","75 09:43.786","0","0","0","0","67301","0","0","0","N","0","0","0","9","68K01","0","","1.0","1510.0","1","N","N","N","0","","0","0","1","","0","N","","3","0","0","0","0","0","0","2","1","3","","03","","N","","","","","","","","","",""
"2022062126","0334","1","0","0","0","0","0","0","0","0","1","0","","67","6","2022","4","39.993395","-75.199722","0329","6","0","0","0","0","0","0","0","0","","0","0","0","","","0","N","0","","39 59:36.222","","0","75 11:58.998","9","0","0","0","67301","0","0","0","N","0","0","0","2","68K01","0","","1.0","","1","N","N","Y","0","","0","0","1","","0","","","2","0","0","0","0","0","1","2","0","2","","03","","N","","","","","","","","","",""
"2022061802","0755","0","0","0","0","0","0","0","0","0","7","0","","67","6","2022","1","39.96833","-75.129733","0755","6","0","0","0","0","0","1","0","0","","0","0","0","","","0","N","0","","39 58:05.988","","0","75 07:47.037","0","0","0","0","67301","0","0","0","N","0","0","0","3","68K01","0","","4.0","","8","N","N","N","0","","0","0","0","","0","","","1","0","0","0","0","0","0","2","1","1","","","","N","","","","","","","","","",""
"2022069852","1833","0","0","0","0","0","0","0","0","0","4","0","","67","7","2022","7","40.014714","-75.156731","1829","6","0","0","0","0","0","1","0","0","","0","0","0","","","1","N","0","","40 00:52.971","5","0","75 09:24.233","3","0","0","0","67301","0","0","0","N","0","0","0","2","67301","0","","1.0","1900.0","1","N","N","N","0","","1","0","2","","0","Y","","2","1","0","0","0","0","0","2","0","2","","","","N","","","","","","","","","",""
"2022056378","1340","1","0","0","0","0","0","0","0","0","8","0","","67","6","2022","5","39.918881","-75.156836","1340","6","0","0","0","0","0","0","0","0","","0","0","0","","","1","N","0","","39 55:07.970","","0","75 09:24.610","3","0","0","0","67301","1","0","0","N","1","0","0","2","67301","0","","1.0","","1","N","N","N","0","","1","0","0","","0","","","2","1","0","0","0","0","0","2","0","1","","","","N","","","","","","","","","",""
"2022060102","1827","2","0","0","0","0","0","0","0","0","1","0","","67","6","2022","3","39.976361","-75.119813","1827","6","0","0","0","0","0","1","0","0","","0","0","0","","","1","","1","","39 58:34.901","","0","75 07:11.326","4","0","0","0","67301","0","0","0","N","0","0","0","2","67301","1","","1.0","","1","N","N","N","0","","0","0","0","","2","","","2","1","0","0","0","0","0","2","0","2","","","","N","","","","","","","","","",""
"2022046391","","1","0","0","0","0","0","0","0","0","4","0","","67","4","2022","6","40.05083","-75.077492","","6","0","0","0","0","0","0","0","0","","0","0","0","","","1","","1","","40 03:02.987","","0","75 04:38.971","8","0","0","0","67301","0","0","0","N","0","0","0","2","00000","0","","1.0","","1","","","N","0","","0","0","0","","2","","","2","1","0","0","0","1","0","2","0","2","","","","N","","","","","","","","","",""
"2022068801","0535","1","0","0","0","0","0","0","0","0","8","0","","67","4","2022","2","39.971446","-75.159371","0533","6","0","0","0","0","0","0","0","0","","0","0","0","","","1","","1","","39 58:17.205","1","0","75 09:33.736","8","0","0","0","67301","1","0","0","N","1","0","0","2","67301","0","","1.0","702.0","1","N","N","N","0","","0","0","0","","2","Y","","2","1","0","0","0","1","1","2","0","1","","03","","N","","","","","","","","","",""
"2022073665","1210","2","0","0","0","0","0","0","0","0","4","0","","67","8","2022","4","39.982974","-75.101439","1210","6","0","0","0","0","0","0","1","0","","0","0","0","","","3","","1","","39 58:58.706","3","0","75 06:05.180","3","0","0","0","67301","0","0","0","N","0","0","0","4","67301","0","","1.0","1256.0","1","N","N","N","0","","3","0","0","","2","N","","2","3","0","0","0","0","0","2","0","2","","03","","N","","","","","","","","","",""
"2022069184","0723","2","0","0","0","0","0","0","0","0","2","0","","67","7","2022","1","39.990941","-75.101576","0719","6","0","0","0","0","0","1","0","0","","1","0","0","","","0","","1","","39 59:27.389","7","0","75 06:05.675","1","0","0","0","67301","0","0","0","N","0","0","0","2","67301","0","2","1.0","1030.0","1","N","N","N","0","0","0","0","0","","2","N","","2","0","1","1","0","0","1","2","0","2","","","","N","","","","","","","","","",""
"2022057946","0016","1","0","0","0","0","0","0","0","0","7","0","","67","6","2022","4","39.945827","-75.142545","0010","6","0","0","0","1","0","0","0","0","","0","0","0","","","0","N","0","","39 56:44.976","","0","75 08:33.161","0","0","0","0","67301","0","0","0","N","0","0","0","1","68K01","0","","3.0","","9","N","N","N","0","","0","0","0","","0","","","1","0","0","0","0","0","0","2","0","1","","03","","N","","","","","","","","","",""