"CRN","ARRIVAL_TM","AUTOMOBILE_COUNT","BELTED_DEATH_COUNT","BELTED_SUSP_SERIOUS_INJ_COUNT","BICYCLE_COUNT","BICYCLE_DEATH_COUNT","BICYCLE_SUSP_SERIOUS_INJ_COUNT","BUS_COUNT","CHLDPAS_DEATH_COUNT","CHLDPAS_SUSP_SERIOUS_INJ_COUNT","COLLISION_TYPE","COMM_VEH_COUNT","CONS_ZONE_SPD_LIM","COUNTY","CRASH_MONTH","CRASH_YEAR","DAY_OF_WEEK","DEC_LATITUDE","DEC_LONGITUDE","DISPATCH_TM","DISTRICT","DRIVER_COUNT_16YR","DRIVER_COUNT_17YR","DRIVER_COUNT_18YR","DRIVER_COUNT_19YR","DRIVER_COUNT_20YR","DRIVER_COUNT_50_64YR","DRIVER_COUNT_65_74YR","DRIVER_COUNT_75PLUS","EST_HRS_CLOSED","FATAL_COUNT","HEAVY_TRUCK_COUNT","HORSE_BUGGY_COUNT","HOUR_OF_DAY","ILLUMINATION","INJURY_COUNT","INTERSECTION_RELATED","INTERSECT_TYPE","LANE_CLOSED","LATITUDE","LN_CLOSE_DIR","LOCATION_TYPE","LONGITUDE","MAX_SEVERITY_LEVEL","MCYCLE_DEATH_COUNT","MCYCLE_SUSP_SERIOUS_INJ_COUNT","MOTORCYCLE_COUNT","MUNICIPALITY","NONMOTR_COUNT","NONMOTR_DEATH_COUNT","NONMOTR_SUSP_SERIOUS_INJ_COUNT","NTFY_HIWY_MAINT","PED_COUNT","PED_DEATH_COUNT","PED_SUSP_SERIOUS_INJ_COUNT","PERSON_COUNT","POLICE_AGCY","POSSIBLE_INJ_COUNT","RDWY_SURF_TYPE_CD","RELATION_TO_ROAD","ROADWAY_CLEARED","ROAD_CONDITION","SCH_BUS_IND","SCH_ZONE_IND","SECONDARY_CRASH","SMALL_TRUCK_COUNT","SPEC_JURIS_CD","SUSP_MINOR_INJ_COUNT","SUSP_SERIOUS_INJ_COUNT","SUV_COUNT","TCD_FUNC_CD","TCD_TYPE","TFC_DETOUR_IND","TIME_OF_DAY","TOTAL_UNITS","TOT_INJ_COUNT","UNBELTED_OCC_COUNT","UNB_DEATH_COUNT","UNB_SUSP_SERIOUS_INJ_COUNT","UNK_INJ_DEG_COUNT","UNK_INJ_PER_COUNT","URBAN_RURAL","VAN_COUNT","VEHICLE_COUNT","WEATHER1","WEATHER2","WORKERS_PRES","WORK_ZONE_IND","WORK_ZONE_LOC","WORK_ZONE_TYPE","WZ_CLOSE_DETOUR","WZ_FLAGGER","WZ_LAW_OFFCR_IND","WZ_LN_CLOSURE","WZ_MOVING","WZ_OTHER","WZ_SHLDER_MDN","WZ_WORKERS_INJ_KILLED"
"2022069402","0356","0","0","0","0","0","0","0","0","0","6","0","","67","7","2022","5","39.958049","-75.164005","0349","6","0","0","0","0","0","0","0","0","","0","0","0","","","0","N","0","","39 57:28.977","3","0","75 09:50.418","9","0","0","0","67301","0","0","0","N","0","0","0","1","68K01","0","","1.0","100.0","1","N","N","Y","0","","0","0","2","","0","Y","","2","0","0","0","0","0","1","2","0","2","","","","N","","","","","","","","","",""
"2022069448","2052","0","0","0","0","0","0","0","0","0","5","1","","67","7","2022","3","40.013556","-75.1043","2047","6","0","0","0","0","0","0","0","0","","0","1","0","","","1","N","0","","40 00:48.800","","0","75 06:15.480","3","0","0","0","67301","0","0","0","N","0","0","0","3","67301","0","","6.0","","1","N","N","N","0","","1","0","1","","0","","","2","1","0","0","0","0","0","2","0","2","","98","","N","","","","","","","","","",""
"2022062120","1630","1","0","0","0","0","0","0","0","0","1","0","","67","6","2022","5","39.958053","-75.164038","1611","6","0","0","0","0","0","0","0","0","","0","0","0","","","2","N","0","","39 57:28.992","3","0","75 09:50.536","8","0","0","0","67301","0","0","0","N","0","0","0","4","68K01","0","","1.0","1640.0","1","N","N","N","0","","0","0","1","","0","N","","2","2","0","0","0","2","0","2","0","2","","03","","N","","","","","","","","","",""
"2022060111","0543","2","0","0","0","0","0","0","0","0","5","0","","67","6","2022","7","40.021631","-75.139966","0542","6","0","0","0","0","0","0","0","0","","0","0","0","","","1","N","0","","40 01:17.873","","0","75 08:23.876","3","0","0","0","67301","0","0","0","N","0","0","0","2","67301","0","","1.0","","1","N","N","N","0","","1","0","0","","0","","","2","1","1","0","0","0","1","2","0","2","","03","","N","","","","","","","","","",""
"2022061026","0020","0","0","0","0","0","0","0","0","0","7","0","","67","6","2022","2","39.912429","-75.148472","2351","6","0","0","0","0","0","0","0","0","","0","0","0","","","0","N","0","","39 54:44.745","","0","75 08:54.498","0","0","0","0","67301","0","0","0","N","0","0","0","1","68K01","0","","2.0","","1","N","N","N","1","","0","0","0","","0","","","1","0","0","0","0","0","0","2","0","1","","03","","N","","","","","","","","","",""
"2022066285","0156","3","0","0","0","0","0","0","0","0","1","0","","67","6","2022","5","40.016936","-75.174344","0147","6","0","0","0","0","0","0","0","0","","0","0","0","","","2","N","0","","40 01:00.969","2","0","75 10:27.639","3","0","0","0","67301","0","0","0","N","0","0","0","3","68K01","0","","1.0","230.0","1","N","N","N","0","","1","0","1","","0","N","","4","2","0","0","0","1","0","2","0","4","","03","","N","","","","","","","","","",""
"2022062318","2200","1","0","0","0","0","0","0","0","0","1","0","","67","6","2022","7","39.976623","-75.196972","2156","6","0","0","1","0","0","0","0","0","","0","0","0","","","0","N","0","","39 58:35.844","","0","75 11:49.100","0","0","0","0","67301","0","0","0","N","0","0","0","2","68K01","0","","1.0","","1","N","N","N","0","","0","0","1","","0","","","2","0","0","0","0","0","0","2","0","2","","03","","N","","","","","","","","","",""
"2022059115","2314","0","0","0","0","0","0","0","0","0","7","0","","67","6","2022","4","40.030267","-75.022077","2307","6","0","1","0","0","0","0","0","0","","0","0","0","","","1","N","0","","40 01:48.960","2","3","75 01:19.476","8","0","0","0","67301","0","0","0","N","0","0","0","1","68K01","0","","3.0","2340.0","9","N","N","N","0","","0","0","1","","0","N","","1","1","0","0","0","1","0","2","0","1","","","","N","","","","","","","","","",""
"2022049674","2110","2","0","0","0","0","0","0","0","0","4","0","","67","5","2022","1","39.989585","-75.157226","2106","6","0","0","0","0","0","0","0","0","","0","0","0","","","0","","1","","39 59:22.506","7","0","75 09:26.013","9","0","0","0","67301","0","0","0","N","0","0","0","5","67301","0","","1.0","1100.0","1","N","N","N","0","","0","0","0","","2","Y","","3","0","0","0","0","0","1","2","1","3","","","","N","","","","","","","","","",""
"2022068779","0015","3","0","0","0","0","0","0","0","0","4","0","","67","6","2022","2","39.972773","-75.169612","0009","6","0","0","0","0","0","0","0","0","","0","0","0","","","0","N","0","","39 58:21.984","","0","75 10:10.602","9","0","0","0","67301","0","0","0","N","0","0","0","1","67301","0","","6.0","","1","N","N","N","0","","0","0","0","","0","","","3","0","0","0","0","0","1","2","0","3","","03","","N","","","","","","","","","",""
"2022061786","1033","2","0","0","0","0","0","0","0","0","1","0","","67","6","2022","5","39.977015","-75.199028","1031","6","0","0","1","0","0","0","1","0","","0","0","0","","","0","N","0","","39 58:37.253","","0","75 11:56.499","9","0","0","0","67301","0","0","0","N","0","0","0","3","68K01","0","","1.0","","1","N","N","N","0","","0","0","0","","0","","","2","0","0","0","0","0","1","2","0","2","","03","","N","","","","","","","","","",""
"2022056972","1803","1","0","0","0","0","0","0","0","0","4","0","","67","6","2022","1","40.00853","-75.091526","1749","6","0","0","0","0","0","1","0","0","","0","0","0","","","2","","1","","40 00:30.707","2","1","75 05:29.493","3","0","0","0","67301","0","0","0","N","0","0","0","3","67301","0","","1.0","1831.0","1","N","N","N","0","","2","0","1","","2","N","","3","2","1","0","0","0","0","2","1","3","","","","N","","","","","","","","","",""
"2022060123","1815","1","0","0","0","0","0","0","0","0","4","0","","67","6","2022","6","40.014653","-75.156684","1814","6","0","0","0","0","0","1","0","0","","0","0","0","","","3","","1","","40 00:52.752","","0","75 09:24.063","8","0","0","0","67301","0","0","0","N","0","0","0","3","67301","0","","1.0","","1","N","Y","N","0","","0","0","0","","2","","","2","3","0","0","0","3","0","2","1","2","","03","","N","","","","","","","","","",""
"2022061734","0212","1","0","0","0","0","0","0","0","0","1","0","","67","5","2022","2","39.96851","-75.191281","0208","6","0","0","0","0","0","0","0","0","","0","0","0","","","0","N","0","","39 58:06.636","4","0","75 11:28.610","0","0","0","0","67301","0","0","0","N","0","0","0","2","68K01","0","","1.0","220.0","1","N","N","N","0","","0","0","0","","0","N","","2","0","0","0","0","0","0","2","1","2","","","","N","","","","","","","","","",""
"2022053026","1910","1","0","0","0","0","0","0","0","0","4","0","","67","6","2022","2","40.028579","-75.033945","1904","6","0","0","0","0","0","1","0","0","","0","0","0","","","0","","1","","40 01:42.885","","0","75 02:02.202","9","0","0","0","67301","0","0","0","N","0","0","0","3","67301","0","","1.0","","1","N","N","N","0","","0","0","2","","2","","","3","0","0","0","0","0","1","2","0","3","","03","","N","","","","","","","","","",""
"2022068812","2010","3","0","0","0","0","0","0","0","0","5","0","","67","7","2022","7","39.980562","-75.172409","2000","6","0","0","0","0","0","1","0","1","","0","0","0","","","5","","5","","39 58:50.024","","0","75 10:20.673","2","0","0","0","67301","0","0","0","N","0","0","0","5","67301","0","","1.0","","99","N","N","N","0","","0","1","0","","2","","","3","5","0","0","0","4","0","2","0","3","","03","","N","","","","","","","","","",""
"2022053091","2017","1","0","0","0","0","0","0","0","0","7","0","","67","6","2022","2","40.107472","-75.054389","2007","6","0","0","0","0","0","0","0","0","","0","0","0","","","1","N","0","","40 06:26.900","","0","75 03:15.800","3","0","0","0","67301","0","0","0","N","0","0","0","1","67301","0","","4.0","","1","N","N","N","0","","1","0","0","","0","","","1","1","0","0","0","0","0","2","0","1","","","","N","","","","","","","","","",""
"2022060107","0103","1","0","0","0","0","0","0","0","0","99","0","","67","6","2022","4","40.055418","-75.126339","0100","6","0","0","0","1","0","0","0","0","","0","0","0","","","1","","2","","40 03:19.504","","0","75 07:34.819","3","0","0","0","67301","0","0","0","N","0","0","0","2","67301","0","","1.0","","99","N","N","N","0","","1","0","0","","2","","","2","1","0","0","0","0","0","2","0","2","","","","N","","","","","","","","","",""
"2022056364","1225","2","0","0","0","0","0","0","0","0","4","0","","67","6","2022","4","40.006181","-75.170825","1220","6","0","0","0","0","0","0","0","0","","0","0","0","","","0","","1","","40 00:22.251","","0","75 10:14.969","0","0","0","0","67301","0","0","0","N","0","0","0","4","67301","0","","1.0","","1","N","N","N","0","","0","0","0","","2","","","2","0","0","0","0","0","0","2","0","2","","03","","N","","","","","","","","","",""
"2022056898","1520","0","0","0","0","0","0","0","0","0","7","0","","67","6","2022","4","40.036933","-75.219433","1516","6","0","0","0","0","0","1","0","0","","0","0","0","","","2","N","0","","40 02:12.959","","0","75 13:09.959","8","0","0","0","67301","0","0","0","N","0","0","0","2","67301","0","","4.0","","1","N","N","N","0","","0","0","1","","0","","","1","2","0","0","0","2","0","2","0","1","","","","N","","","","","","","","","",""
"2022061749","0641","1","0","0","0","0","0","0","0","0","5","0","","67","5","2022","1","39.967901","-75.131175","0634","6","0","0","0","0","0","0","1","0","","0","0","0","","","0","N","0","","39 58:04.443","","0","75 07:52.229","0","0","0","0","67301","0","0","0","N","0","0","0","2","68K01","0","","1.0","","1","N","N","N","0","","0","0","1","","0","","","2","0","0","0","0","0","0","2","0","2","","","","N","","","","","","","","","",""
"2022068956","1851","1","0","0","0","0","0","0","0","0","1","0","","67","7","2022","5","39.950877","-75.141579","1818","6","0","0","1","0","1","0","0","0","","0","0","0","","","0","N","0","","39 57:03.157","2","0","75 08:29.684","0","0","0","0","67301","0","0","0","N","0","0","0","3","68K01","0","","1.0","1820.0","1","N","N","N","0","","0","0","2","","0","N","","3","0","0","0","0","0","0","2","0","3","","03","","N","","","","","","","","","",""
"2022055615","0027","0","0","0","0","0","0","0","0","0","4","0","","67","6","2022","6","40.040258","-75.058429","0003","6","0","0","0","0","0","0","0","0","","0","0","0","","","1","","1","","40 02:24.930","1","0","75 03:30.344","3","0","0","0","67301","0","0","0","N","0","0","0","2","67301","0","","1.0","145.0","1","N","N","N","0","","1","0","1","","2","N","","2","1","0","0","0","0","0","2","1","2","","03","","N","","","","","","","","","",""
"2022063080","0502","0","0","0","0","0","0","0","0","0","5","0","","67","6","2022","1","39.979264","-75.237333","0500","6","0","0","0","0","0","1","0","0","","0","0","0","","","0","N","0","","39 58:45.350","","0","75 14:14.400","0","0","0","0","67301","0","0","0","N","0","0","0","1","67301","0","","6.0","","1","N","N","N","1","","0","0","2","","0","","","3","0","0","0","0","0","0","2","0","3","","03","","N","","","","","","","","","",""
"2022072603","1405","1","0","0","0","0","0","0","0","0","8","0","","67","5","2022","2","39.995191","-75.115789","1325","6","0","0","0","0","0","0","0","0","","0","0","0","","","1","","5","","39 59:42.687","","1","75 06:56.840","8","0","0","0","67301","1","0","0","N","1","0","0","2","67301","0","","1.0","","9","N","N","N","0","","0","0","0","","2","","","2","1","1","0","0","1","0","2","0","1","","07","","N","","","","","","","","","",""
"2022063135","1225","0","0","0","0","0","0","0","0","0","1","0","","67","6","2022","2","39.972519","-75.193716","1220","6","0","0","0","0","0","0","0","0","","0","0","0","","","1","N","0","","39 58:21.070","","0","75 11:37.379","3","0","0","1","67301","0","0","0","N","0","0","0","2","68K01","0","","1.0","","1","N","N","N","0","","1","0","0","","0","","","2","1","0","0","0","0","0","2","1","2","","","","N","","","","","","","","","",""
"2022056819","1954","1","0","0","1","0","0","0","0","0","8","0","","67","6","2022","7","39.92649","-75.186109","1954","6","0","0","0","0","0","1","0","0","","0","0","0","","","1","","1","","39 55:35.364","3","0","75 11:09.994","3","0","0","0","67301","1","0","0","N","0","0","0","2","67301","0","","1.0","2020.0","1","N","N","N","0","","1","0","0","","2","Y","","2","1","0","0","0","0","0","2","0","1","","03","","N","","","","","","","","","",""
"2022055668","2130","1","0","0","0","0","0","0","0","0","8","0","","67","6","2022","1","39.991461","-75.1374","2125","6","0","0","0","0","0","0","0","0","","0","0","0","","","1","N","0","","39 59:29.260","","0","75 08:14.640","3","0","0","0","67301","1","0","0","N","1","0","0","2","67301","0","","1.0","","1","N","N","N","0","","1","0","0","","0","","","2","1","0","0","0","0","0","2","0","1","","03","","N","","","","","","","","","",""
"2022055547","1935","1","0","0","0","0","0","0","0","0","4","0","","67","6","2022","7","40.065597","-75.06219","1930","6","0","0","0","0","0","0","1","0","","0","0","0","","","1","","1","","40 03:56.148","","0","75 03:43.883","3","0","0","0","67301","0","0","0","N","0","0","0","3","67301","0","","1.0","","1","N","N","N","0","","1","0","1","","3","","","2","1","0","0","0","0","0","2","0","2","","98","","N","","","","","","","","","",""
"2022060009","1245","2","0","0","0","0","0","0","0","0","4","0","","67","6","2022","2","40.070742","-75.24119","1241","6","0","0","0","0","0","0","0","0","","0","0","0","","","1","","1","","40 04:14.672","2","0","75 14:28.285","3","0","0","0","67301","0","0","0","N","0","0","0","3","67301","0","","1.0","1400.0","1","N","N","N","0","","1","0","0","","2","N","","2","1","0","0","0","0","0","2","0","2","","03","","N","","","","","","","","","",""
"2022068806","1205","1","0","0","0","0","0","0","0","0","4","0","","67","6","2022","7","39.980992","-75.199131","1205","6","0","0","0","0","0","1","0","0","","0","0","0","","","2","N","0","","39 58:51.572","3","0","75 11:56.873","8","0","0","0","67301","0","0","0","N","0","0","0","2","67301","0","","1.0","1200.0","1","N","N","N","0","","0","0","1","","0","Y","","2","2","0","0","0","2","0","2","0","2","","03","","N","","","","","","","","","",""
"2022068203","0456","1","0","0","0","0","0","0","0","0","7","0","","67","6","2022","4","39.890102","-75.239594","0433","6","0","0","0","0","0","0","0","0","","0","0","0","","","0","N","0","","39 53:24.367","","0","75 14:22.538","9","0","0","0","67301","0","0","0","Y","0","0","0","1","68K01","0","","2.0","","1","N","N","N","0","","0","0","0","","0","","","1","0","0","0","0","0","1","2","0","1","","03","","N","","","","","","","","","",""
"2022061566","0335","0","0","0","0","0","0","0","0","0","1","0","","67","7","2022","1","40.010864","-75.183693","0339","6","0","0","0","0","0","0","0","0","","0","0","0","","","1","N","0","","40 00:39.110","2","0","75 11:01.296","3","0","0","0","67301","0","0","0","N","0","0","0","1","67301","0","","1.0","250.0","1","N","N","N","1","","1","0","1","","8","N","","2","1","0","0","0","0","0","2","0","2","","03","","N","","","","","","","","","",""
"2022062517","1514","0","0","0","0","0","0","0","0","0","1","0","","67","7","2022","7","40.016082","-75.051893","1500","6","0","0","0","0","0","0","0","0","","0","0","0","","","0","N","0","","40 00:57.896","","0","75 03:06.814","0","0","0","0","67301","0","0","0","N","0","0","0","5","68K01","0","","1.0","","1","N","N","N","0","","0","0","3","","0","","","3","0","0","0","0","0","0","2","0","3","","","","N","","","","","","","","","",""
"2022071368","1528","1","0","0","0","0","0","0","0","0","1","0","","67","7","2022","4","39.957391","-75.145979","1512","6","0","0","0","0","0","1","0","0","","0","0","0","","","1","N","0","","39 57:26.608","4","0","75 08:45.524","8","0","0","0","67301","0","0","0","N","0","0","0","2","68K01","0","","1.0","1540.0","1","N","N","N","0","","0","0","1","","0","N","","2","1","0","0","0","1","0","2","0","2","","03","","N","","","","","","","","","",""
"2022048024","0342","1","0","0","0","0","0","0","0","0","8","0","","67","5","2022","1","39.942602","-75.157062","0345","6","0","0","1","0","0","0","0","0","","0","0","0","","","1","","1","","39 56:33.366","","0","75 09:25.422","3","0","0","0","67301","1","0","0","N","1","0","0","2","67301","0","","1.0","","1","N","N","N","0","","1","0","0","","2","","","2","1","0","0","0","0","0","2","0","1","","03","","N","","","","","","","","","",""
"2022060091","1340","0","0","0","0","0","0","0","0","0","4","0","","67","6","2022","3","39.995216","-75.139512","1333","6","0","0","0","0","0","0","0","0","","0","0","0","","","1","","1","","39 59:42.777","","0","75 08:22.243","8","0","0","1","67301","0","0","0","N","0","0","0","2","67301","0","","1.0","","99","N","N","N","0","","0","0","0","","1","","","2","1","0","0","0","1","0","2","0","2","","03","","N","","","","","","","","","",""
"2022048027","","0","0","0","0","0","0","0","0","0","5","0","","67","4","2022","1","39.951797","-75.165201","","6","0","0","0","0","0","0","0","0","","0","0","0","","","1","N","0","","39 57:06.469","","0","75 09:54.723","8","0","0","0","67301","0","0","0","N","0","0","0","2","00000","0","","1.0","","1","","","N","0","","0","0","1","","0","","","2","1","0","0","0","1","0","2","0","2","","","","N","","","","","","","","","",""
"2022066838","1552","2","0","0","0","0","0","0","0","0","1","0","","67","6","2022","6","39.905542","-75.149625","1543","6","0","0","0","0","0","0","0","0","","0","0","0","","","0","N","0","","39 54:19.950","","8","75 08:58.649","9","0","0","0","67301","0","0","0","N","0","0","0","3","68K01","0","","1.0","","1","N","N","N","0","","0","0","0","","0","","","3","0","0","0","0","0","1","2","0","3","","03","","N","","","","","","","","","",""
"2022068052","1830","1","0","0","0","0","0","0","0","0","5","0","","67","5","2022","7","40.033921","-75.019638","1819","6","1","0","0","0","0","1","0","0","","0","0","0","","","1","N","0","","40 02:02.114","1","3","75 01:10.695","3","0","0","0","67301","0","0","0","N","0","0","0","2","68K01","0","","1.0","1901.0","9","N","N","N","0","","1","0","0","","0","N","","2","1","0","0","0","0","0","2","1","2","","","","N","","","","","","","","","",""
"2022068682","","1","0","0","0","0","0","0","0","0","1","0","","67","5","2022","5","39.999822","-75.219465","","6","0","0","0","0","0","1","0","0","","0","0","0","","","1","","1","","39 59:59.360","","0","75 13:10.074","8","0","0","0","67301","0","0","0","N","0","0","0","2","00000","0","","1.0","","1","","","N","0","","0","0","0","","2","","","2","1","0","0","0","1","0","2","0","2","","","","N","","","","","","","","","",""
"2022057350","0905","1","0","0","0","0","0","0","0","0","5","0","","67","6","2022","7","40.056289","-75.178553","0901","6","0","0","0","0","0","0","0","0","","0","0","0","","","0","N","0","","40 03:22.640","","0","75 10:42.790","9","0","0","0","67301","0","0","0","N","0","0","0","1","67301","0","","6.0","","1","N","N","N","0","","0","0","2","","0","","","3","0","0","0","0","0","1","2","0","3","","03","","N","","","","","","","","","",""
"2022071374","1746","2","0","0","0","0","0","0","0","0","1","0","","67","7","2022","6","39.959312","-75.173312","1736","6","0","0","0","0","0","0","0","0","","0","0","0","","","1","N","0","","39 57:33.522","","0","75 10:23.923","8","0","0","0","67301","0","0","0","N","0","0","0","6","68K01","0","","1.0","","1","N","N","N","0","","0","0","0","","0","","","2","1","0","0","0","1","0","2","0","2","","03","","N","","","","","","","","","",""
"2022055570","0735","0","0","0","0","0","0","0","0","0","4","0","","67","6","2022","5","40.134325","-75.009065","0723","6","0","0","0","0","0","0","0","0","","0","0","0","","","1","","1","","40 08:03.571","","0","75 00:32.634","3","0","0","0","67301","0","0","0","N","0","0","0","2","67301","0","","1.0","","9","N","N","N","0","","1","0","1","","2","","","2","1","0","0","0","0","0","2","1","2","","04","","N","","","","","","","","","",""
"2022048818","","1","0","0","0","0","0","0","0","0","4","0","","67","5","2022","6","39.921054","-75.224167","","6","0","0","0","0","1","0","0","0","","0","0","0","","","0","","1","","39 55:15.795","","0","75 13:27.001","0","0","0","0","67301","0","0","0","N","0","0","0","2","00000","0","","1.0","","1","","","N","0","","0","0","0","","2","","","2","0","0","0","0","0","0","2","1","2","","","","N","","","","","","","","","",""
"2022058780","0220","1","0","0","0","0","0","0","0","0","8","0","","67","6","2022","7","40.00713","-75.094069","0212","6","0","0","0","0","0","1","0","0","","0","0","0","","","1","","1","","40 00:25.667","7","1","75 05:38.650","8","0","0","0","67301","1","0","0","N","1","0","0","2","67508","0","","1.0","9999.0","1","N","N","Y","0","","0","0","0","","2","Y","","2","1","0","0","0","1","0","2","0","1","","03","","N","","","","","","","","","",""
"2022068820","2214","1","0","0","0","0","0","0","0","0","8","0","","67","5","2022","3","39.970624","-75.16298","2214","6","0","0","0","0","0","0","0","0","","0","0","0","","","1","","1","","39 58:14.246","","0","75 09:46.728","3","0","0","0","67301","1","0","0","N","1","0","0","2","67301","0","","1.0","","1","N","N","N","0","","1","0","0","","2","","","2","1","0","0","0","0","0","2","0","1","","03","","N","","","","","","","","","",""
"2022048747","","0","0","0","0","0","0","0","0","0","4","0","","67","4","2022","7","39.963784","-75.242413","","6","0","0","0","0","0","0","0","0","","0","0","0","","","1","","1","","39 57:49.622","","0","75 14:32.686","8","0","0","0","67301","0","0","0","N","0","0","0","1","00000","0","","1.0","","1","","","N","0","","0","0","1","","3","","","3","1","0","0","0","1","0","2","0","2","","","","N","","","","","","","","","",""
"2022060032","1854","0","0","0","0","0","0","0","0","0","1","0","","67","6","2022","3","39.919783","-75.2307","1854","6","0","0","0","0","0","0","0","0","","0","0","0","","","1","N","0","","39 55:11.220","","0","75 13:50.520","2","0","1","1","67301","0","0","0","N","0","0","0","1","67301","0","","6.0","","1","N","N","N","0","","0","1","1","","0","","","2","1","0","0","0","0","0","2","0","2","","03","","N","","","","","","","","","",""
"2022071660","0953","1","0","0","0","0","0","0","0","0","1","1","","67","7","2022","5","40.023192","-75.035511","0936","6","0","0","0","0","0","0","0","0","","0","1","0","","","1","N","0","","40 01:23.491","","0","75 02:07.839","3","0","0","0","67301","0","0","0","N","0","0","0","4","68K01","0","","1.0","","1","N","N","N","0","","1","0","0","","0","","","2","1","0","0","0","0","0","2","0","2","","03","","N","","","","","","","","","",""
"2022063084","1352","1","0","0","0","0","0","0","0","0","4","0","","67","6","2022","6","40.007159","-75.209621","1340","6","0","0","0","0","0","0","0","0","","0","0","0","","","0","","1","","40 00:25.773","","0","75 12:34.634","0","0","0","0","67301","0","0","0","N","0","0","0","2","67301","0","","1.0","","1","N","N","N","0","","0","0","1","","2","","","2","0","0","0","0","0","0","2","0","2","","03","","N","","","","","","","","","",""
"2022060122","1101","0","0","0","0","0","0","0","0","0","8","0","","67","6","2022","1","39.99999","-75.153145","1100","6","0","0","0","0","0","0","0","0","","0","0","0","","","1","","1","","39 59:59.964","","0","75 09:11.322","3","0","0","0","67301","1","0","0","N","1","0","0","2","67301","0","","1.0","","1","N","N","N","0","","1","0","1","","2","","","2","1","0","0","0","0","0","2","0","1","","03","","N","","","","","","","","","",""
"2022070258","1635","0","1","0","0","0","0","0","0","0","7","0","","67","4","2022","2","40.057433","-75.07697","1620","6","0","0","0","0","0","0","0","1","","2","0","0","","","0","N","0","","40 03:26.758","","0","75 04:37.091","1","0","0","0","67301","0","0","0","N","0","0","0","2","67301","0","2","4.0","","1","N","N","N","0","0","0","0","1","","0","","","1","0","0","0","0","0","0","2","0","1","","03","","N","","","","","","","","","",""
"2022055599","2107","2","0","0","0","0","0","0","0","0","1","0","","67","6","2022","6","40.03975","-75.170694","2107","6","0","0","0","0","0","1","0","0","","0","0","0","","","8","N","0","","40 02:23.100","","0","75 10:14.500","2","0","0","0","67301","0","0","0","N","0","0","0","8","67301","0","","1.0","","1","N","N","N","0","","7","1","1","","0","","","3","8","3","0","1","0","0","2","0","3","","","","N","","","","","","","","","",""
"2022061819","1733","2","0","0","0","0","0","0","0","0","5","1","","67","6","2022","4","40.017385","-75.049731","1715","6","0","0","0","0","0","0","0","0","","0","1","0","","","2","N","0","","40 01:02.585","2","0","75 02:59.030","8","0","0","0","67301","0","0","0","N","0","0","0","4","68K01","0","","1.0","1840.0","1","N","N","N","0","","0","0","0","","8","N","","3","2","0","0","0","2","0","2","0","3","","","","N","","","","","","","","","",""
"2022047513","0305","2","0","0","0","0","0","0","0","0","1","0","","67","5","2022","7","39.953375","-75.237583","0300","6","0","0","0","0","0","0","0","0","","0","0","0","","","0","N","0","","39 57:12.150","3","0","75 14:15.300","0","0","0","0","67301","0","0","0","N","0","0","0","1","67301","0","","1.0","350.0","1","N","N","N","0","","0","0","0","","0","N","","2","0","0","0","0","0","0","2","0","2","","03","","N","","","","","","","","","",""
"2022060118","0637","1","0","0","0","0","0","0","0","0","2","0","","67","6","2022","7","40.015769","-75.205564","0619","6","0","0","0","0","0","0","0","0","","0","0","0","","","1","N","0","","40 00:56.770","","0","75 12:20.030","8","0","0","0","67301","0","0","0","N","0","0","0","3","67301","0","","1.0","","1","N","N","N","0","","0","0","0","","0","","","2","1","0","0","0","1","1","2","0","2","","","","N","","","","","","","","","",""
"2022047770","0025","1","0","0","0","0","0","0","0","0","4","0","","67","5","2022","1","40.084535","-74.989341","0020","6","0","0","0","0","0","0","0","0","","0","0","0","","","1","N","0","","40 05:04.325","","0","74 59:21.629","4","0","0","0","67301","0","0","0","N","0","0","0","1","67301","1","","5.0","","1","N","N","N","0","","0","0","1","","0","","","2","1","0","0","0","0","0","2","0","2","","03","","N","","","","","","","","","",""
"2022048095","1205","1","0","0","0","0","0","0","0","0","8","0","","67","5","2022","1","39.964608","-75.157342","1201","6","0","0","0","0","0","0","0","0","","0","0","0","","","1","N","0","","39 57:52.590","","0","75 09:26.430","4","0","0","0","67301","1","0","0","N","1","0","0","2","67301","1","","1.0","","1","N","N","N","0","","0","0","0","","0","","","2","1","0","0","0","0","0","2","0","1","","03","","N","","","","","","","","","",""
"2022066381","0231","1","0","0","0","0","0","0","0","0","7","0","","67","6","2022","1","40.01384","-75.12598","0231","6","0","0","0","0","0","1","0","0","","0","0","0","","","1","","1","","40 00:49.823","","0","75 07:33.528","3","0","0","0","67301","0","0","0","N","0","0","0","1","67301","0","","4.0","","1","N","N","N","0","","1","0","0","","2","","","1","1","0","0","0","0","0","2","0","1","","03","","N","","","","","","","","","",""
"2022060011","0301","1","0","0","0","0","0","0","0","0","4","0","","67","6","2022","1","39.957191","-75.158716","0301","6","0","0","0","0","0","0","0","0","","0","0","0","","","1","","1","","39 57:25.888","","3","75 09:31.377","3","0","0","0","67301","0","0","0","N","0","0","0","2","67301","0","","1.0","","1","N","N","N","0","","1","0","0","","2","","","2","1","0","0","0","0","0","2","0","2","","03","","N","","","","","","","","","",""