"CRN","ARRIVAL_TM","AUTOMOBILE_COUNT","BELTED_DEATH_COUNT","BELTED_SUSP_SERIOUS_INJ_COUNT","BICYCLE_COUNT","BICYCLE_DEATH_COUNT","BICYCLE_SUSP_SERIOUS_INJ_COUNT","BUS_COUNT","CHLDPAS_DEATH_COUNT","CHLDPAS_SUSP_SERIOUS_INJ_COUNT","COLLISION_TYPE","COMM_VEH_COUNT","CONS_ZONE_SPD_LIM","COUNTY","CRASH_MONTH","CRASH_YEAR","DAY_OF_WEEK","DEC_LATITUDE","DEC_LONGITUDE","DISPATCH_TM","DISTRICT","DRIVER_COUNT_16YR","DRIVER_COUNT_17YR","DRIVER_COUNT_18YR","DRIVER_COUNT_19YR","DRIVER_COUNT_20YR","DRIVER_COUNT_50_64YR","DRIVER_COUNT_65_74YR","DRIVER_COUNT_75PLUS","EST_HRS_CLOSED","FATAL_COUNT","HEAVY_TRUCK_COUNT","HORSE_BUGGY_COUNT","HOUR_OF_DAY","ILLUMINATION","INJURY_COUNT","INTERSECTION_RELATED","INTERSECT_TYPE","LANE_CLOSED","LATITUDE","LN_CLOSE_DIR","LOCATION_TYPE","LONGITUDE","MAX_SEVERITY_LEVEL","MCYCLE_DEATH_COUNT","MCYCLE_SUSP_SERIOUS_INJ_COUNT","MOTORCYCLE_COUNT","MUNICIPALITY","NONMOTR_COUNT","NONMOTR_DEATH_COUNT","NONMOTR_SUSP_SERIOUS_INJ_COUNT","NTFY_HIWY_MAINT","PED_COUNT","PED_DEATH_COUNT","PED_SUSP_SERIOUS_INJ_COUNT","PERSON_COUNT","POLICE_AGCY","POSSIBLE_INJ_COUNT","RDWY_SURF_TYPE_CD","RELATION_TO_ROAD","ROADWAY_CLEARED","ROAD_CONDITION","SCH_BUS_IND","SCH_ZONE_IND","SECONDARY_CRASH","SMALL_TRUCK_COUNT","SPEC_JURIS_CD","SUSP_MINOR_INJ_COUNT","SUSP_SERIOUS_INJ_COUNT","SUV_COUNT","TCD_FUNC_CD","TCD_TYPE","TFC_DETOUR_IND","TIME_OF_DAY","TOTAL_UNITS","TOT_INJ_COUNT","UNBELTED_OCC_COUNT","UNB_DEATH_COUNT","UNB_SUSP_SERIOUS_INJ_COUNT","UNK_INJ_DEG_COUNT","UNK_INJ_PER_COUNT","URBAN_RURAL","VAN_COUNT","VEHICLE_COUNT","WEATHER1","WEATHER2","WORKERS_PRES","WORK_ZONE_IND","WORK_ZONE_LOC","WORK_ZONE_TYPE","WZ_CLOSE_DETOUR","WZ_FLAGGER","WZ_LAW_OFFCR_IND","WZ_LN_CLOSURE","WZ_MOVING","WZ_OTHER","WZ_SHLDER_MDN","WZ_WORKERS_INJ_KILLED"
"2022053375","","1","0","0","0","0","0","0","0","0","4","0","","67","4","2022","4","39.961152","-75.174841","","6","0","0","0","0","0","1","0","0","","0","0","0","","","3","","1","","39 57:40.148","","0","75 10:29.426","8","0","0","0","67301","0","0","0","N","0","0","0","4","00000","0","","1.0","","1","","","N","0","","0","0","0","","0","","","2","3","0","0","0","3","0","2","1","2","","","","N","","","","","","","","","",""
"2022061804","0843","1","0","0","0","0","0","0","0","0","7","0","","67","6","2022","1","40.037773","-75.011351","0836","6","0","0","0","0","0","0","0","0","","0","0","0","","","2","N","0","","40 02:15.984","","0","75 00:40.864","3","0","0","0","67301","0","0","0","N","0","0","0","2","68K01","0","","3.0","","8","N","N","N","0","","2","0","0","","0","","","1","2","1","0","0","0","0","2","0","1","","","","N","","","","","","","","","",""
"2022047420","1045","3","0","0","0","0","0","0","0","0","4","0","","67","5","2022","6","39.984949","-75.158241","1040","6","0","0","0","1","0","1","0","0","","0","0","0","","","2","","1","","39 59:05.816","","0","75 09:29.666","4","0","0","0","67301","0","0","0","N","0","0","0","7","67301","2","","1.0","","1","N","N","N","0","","0","0","1","","2","","","4","2","0","0","0","0","0","2","0","4","","03","","N","","","","","","","","","",""
"2022070431","0438","4","0","0","0","0","0","0","0","0","4","0","","67","7","2022","1","39.954533","-75.23423","0438","6","0","0","0","0","0","0","0","0","","0","0","0","","","1","","1","","39 57:16.318","","0","75 14:03.228","8","0","0","0","67301","0","0","0","N","0","0","0","4","67301","0","","1.0","","1","N","N","N","0","","0","0","0","","2","","","4","1","1","0","0","1","0","2","0","4","","03","","N","","","","","","","","","",""
"2022051860","1525","0","0","0","0","0","0","0","0","0","8","0","","67","5","2022","3","39.92453","-75.157841","1510","6","0","0","0","0","0","0","0","0","","0","0","0","","","1","","1","","39 55:28.308","","0","75 09:28.227","3","0","0","0","67301","1","0","0","N","1","0","0","2","67301","0","","1.0","","1","N","N","N","0","","1","0","1","","3","","","2","1","0","0","0","0","0","2","0","1","","03","","N","","","","","","","","","",""
"2022062131","1301","2","0","0","0","0","0","0","0","0","5","0","","67","6","2022","3","39.959903","-75.140393","1223","6","0","0","0","0","0","0","0","0","","0","0","0","","","6","","6","","39 57:35.650","","2","75 08:25.416","3","0","0","0","67301","0","0","0","N","0","0","0","6","68K01","0","","7.0","","1","N","N","N","0","","6","0","0","","0","","","3","6","0","0","0","0","0","2","1","3","","","","N","","","","","","","","","",""
"2022050559","1420","4","0","0","1","0","1","0","0","0","8","0","","67","5","2022","1","39.972764","-75.227516","1416","6","0","0","0","0","0","0","0","0","","0","0","0","","","3","","1","","39 58:21.950","1","0","75 13:39.057","2","0","0","0","67301","1","0","1","N","0","0","0","3","67301","0","","1.0","1700.0","1","N","N","Y","0","","2","1","2","","3","Y","","7","3","2","0","0","0","0","2","0","6","","","","N","","","","","","","","","",""
"2022070053","0305","2","0","0","0","0","0","0","0","0","2","0","","67","7","2022","1","40.055994","-74.985465","0254","6","0","0","0","0","0","1","0","0","","0","0","0","","","1","N","0","","40 03:21.577","","0","74 59:07.674","3","0","0","0","67301","0","0","0","N","0","0","0","1","67301","0","","5.0","","1","N","N","N","0","","1","0","1","","0","","","3","1","0","0","0","0","0","2","0","3","","03","","N","","","","","","","","","",""
"2022055477","","1","0","0","0","0","0","0","0","0","1","0","","67","5","2022","3","40.098352","-75.047075","","6","0","0","0","0","0","0","0","0","","0","0","0","","","1","","2","","40 05:54.066","","0","75 02:49.469","8","0","0","0","67301","0","0","0","N","0","0","0","2","00000","0","","1.0","","1","","","N","0","","0","0","1","","2","","","2","1","0","0","0","1","0","2","0","2","","","","N","","","","","","","","","",""
"2022050700","1156","2","0","0","0","0","0","0","0","0","4","0","","67","5","2022","3","39.940025","-75.159803","1156","6","0","0","0","0","0","0","0","1","","0","0","0","","","1","N","0","","39 56:24.090","","7","75 09:35.290","3","0","0","0","67301","0","0","0","N","0","0","0","2","67301","0","","1.0","","1","N","N","N","0","","1","0","0","","0","","","2","1","1","0","0","0","1","2","0","2","","","","N","","","","","","","","","",""
"2022055655","1040","1","0","0","0","0","0","0","0","0","1","0","","67","5","2022","3","40.014376","-75.118513","1039","6","0","0","0","0","0","0","0","0","","0","0","0","","","1","N","0","","40 00:51.752","","0","75 07:06.645","3","0","0","0","67301","0","0","0","N","0","0","0","2","67301","0","","1.0","","1","N","N","N","0","","1","0","1","","0","","","2","1","0","0","0","0","0","2","0","2","","03","","N","","","","","","","","","",""
"2022056036","1006","1","0","0","0","0","0","0","0","0","4","0","","67","6","2022","5","40.027537","-75.062373","1005","6","0","0","0","0","0","0","2","0","","0","0","0","","","0","","1","","40 01:39.133","","0","75 03:44.544","0","0","0","0","67301","0","0","0","N","0","0","0","2","67301","0","","1.0","","1","N","N","N","0","","0","0","1","","2","","","2","0","0","0","0","0","0","2","0","2","","04","","N","","","","","","","","","",""
"2022055645","1036","2","0","0","0","0","0","0","0","0","4","0","","67","6","2022","6","39.981221","-75.188694","1036","6","0","0","0","0","0","1","0","0","","0","0","0","","","1","","1","","39 58:52.396","","0","75 11:19.300","3","0","0","0","67301","0","0","0","N","0","0","0","3","67301","0","","1.0","","1","N","N","N","0","","1","0","0","","2","","","2","1","0","0","0","0","0","2","0","2","","03","","N","","","","","","","","","",""
"2022048887","1745","0","0","0","0","0","0","0","0","0","8","0","","67","5","2022","1","39.982036","-75.107156","1745","6","0","0","0","0","0","0","0","0","","0","0","0","","","1","N","0","","39 58:55.330","","0","75 06:25.760","4","0","0","0","67301","1","0","0","N","1","0","0","2","67301","1","","1.0","","9","N","N","N","0","","0","0","1","","0","","","2","1","0","0","0","0","0","2","0","1","","03","","N","","","","","","","","","",""
"2022056793","1809","0","0","0","0","0","0","0","0","0","1","0","","67","6","2022","7","40.033238","-75.196743","1801","6","0","0","0","0","0","0","0","0","","0","0","0","","","1","N","0","","40 01:59.657","","0","75 11:48.274","4","0","0","0","67301","0","0","0","N","0","0","0","2","67301","1","","1.0","","1","N","N","N","0","","0","0","2","","0","","","2","1","0","0","0","0","0","2","0","2","","","","N","","","","","","","","","",""
"2022057369","1753","1","0","0","0","0","0","0","0","0","4","0","","67","6","2022","2","40.129225","-75.024888","1747","6","1","0","0","0","0","0","0","0","","0","0","0","","","0","","1","","40 07:45.210","","0","75 01:29.597","0","0","0","0","67301","0","0","0","N","0","0","0","3","67301","0","","1.0","","1","N","N","N","0","","0","0","1","","2","","","2","0","0","0","0","0","0","2","0","2","","","","N","","","","","","","","","",""
"2022055676","1120","0","0","0","0","0","0","0","0","0","8","0","","67","6","2022","2","40.041052","-75.129488","1107","6","0","0","0","0","0","1","0","0","","0","0","0","","","1","","1","","40 02:27.787","","0","75 07:46.156","4","0","0","0","67301","1","0","0","N","1","0","0","2","67301","1","","1.0","","1","N","N","N","1","","0","0","0","","2","","","2","1","0","0","0","0","0","2","0","1","","","","N","","","","","","","","","",""
"2022057697","1351","1","0","0","0","0","0","0","0","0","4","0","","67","6","2022","7","39.955435","-75.148037","1351","6","0","0","0","0","0","1","0","0","","0","0","0","","","1","","3","","39 57:19.566","","2","75 08:52.932","3","0","0","1","67301","0","0","0","N","0","0","0","6","67501","0","","1.0","","1","N","N","N","0","","1","0","0","","0","","","2","1","0","0","0","0","0","2","0","2","","03","","N","","","","","","","","","",""
"2022061452","2006","1","0","0","0","0","0","0","0","0","4","0","","67","7","2022","1","40.029844","-75.104318","2006","6","0","0","0","0","0","0","0","0","","0","0","0","","","1","","5","","40 01:47.440","2","0","75 06:15.543","3","0","0","0","67301","0","0","0","N","0","0","0","2","67301","0","","1.0","2153.0","1","N","N","N","0","","1","0","1","","2","Y","","2","1","0","0","0","0","0","2","0","2","","03","","N","","","","","","","","","",""
"2022047484","0208","1","0","0","0","0","0","0","0","0","7","0","","67","5","2022","7","40.042006","-75.188972","0201","6","0","0","0","0","0","0","0","0","","0","0","0","","","0","N","0","","40 02:31.220","","0","75 11:20.300","9","0","0","0","67301","0","0","0","N","0","0","0","1","67301","0","","5.0","","1","N","N","N","0","","0","0","0","","0","","","1","0","0","0","0","0","1","2","0","1","","03","","N","","","","","","","","","",""
"2022060661","1645","0","0","0","0","0","0","0","0","0","7","0","","67","6","2022","2","40.040173","-75.005866","1624","6","0","0","0","0","0","0","0","0","","0","0","0","","","0","N","0","","40 02:24.622","","0","75 00:21.119","0","0","0","0","67301","0","0","0","N","0","0","0","2","68K01","0","","2.0","","9","N","N","N","1","","0","0","1","","0","","","2","0","0","0","0","0","0","2","0","2","","07","","N","","","","","","","","","",""
"2022049495","1607","1","0","0","0","0","0","0","0","0","1","0","","67","5","2022","3","39.955346","-75.147905","1606","6","0","0","0","0","1","0","0","0","","0","0","0","","","0","N","0","","39 57:19.245","4","2","75 08:52.459","0","0","0","0","67301","0","0","0","N","0","0","0","6","67501","0","","1.0","1702.0","1","N","N","Y","0","","0","0","2","","0","N","","3","0","0","0","0","0","0","2","0","3","","03","","N","","","","","","","","","",""
"2022053857","1656","2","0","0","0","0","0","0","0","0","4","0","","67","5","2022","3","39.954439","-75.20511","1656","6","0","0","0","0","0","0","0","0","","0","0","0","","","2","","1","","39 57:15.981","","0","75 12:18.395","3","0","0","0","67301","0","0","0","N","0","0","0","4","67504","0","","1.0","","1","N","N","N","0","","2","0","0","","2","","","2","2","3","0","0","0","0","2","0","2","","03","","N","","","","","","","","","",""
"2022061836","1902","1","0","0","0","0","0","0","0","0","1","0","","67","6","2022","2","39.945399","-75.190363","1847","6","0","0","0","0","0","1","0","0","","0","0","0","","","1","N","0","","39 56:43.438","","3","75 11:25.306","4","0","0","0","67301","0","0","0","N","0","0","0","4","68K01","1","","1.0","","1","N","N","N","1","","0","0","1","","0","","","3","1","0","0","0","0","1","2","0","3","","","","N","","","","","","","","","",""
"2022056969","2333","0","0","0","0","0","0","0","0","0","4","0","","67","6","2022","7","40.082357","-74.981817","2328","6","0","0","0","0","0","0","0","1","","0","0","0","","","0","","1","","40 04:56.485","","0","74 58:54.541","0","0","0","0","67301","0","0","0","N","0","0","0","3","67301","0","","1.0","","1","N","N","N","0","","0","0","2","","3","","","2","0","0","0","0","0","0","2","0","2","","03","","N","","","","","","","","","",""
"2022058034","1913","1","0","0","0","0","0","0","0","0","1","0","","67","6","2022","1","","","1910","6","0","0","0","0","0","1","0","0","","0","0","0","","","0","N","0","","","4","3","","0","0","0","0","67301","0","0","0","N","0","0","0","2","67501","0","","1.0","1950.0","1","N","N","N","0","","0","0","1","","0","Y","","2","0","0","0","0","0","0","1","0","2","","03","","N","","","","","","","","","",""
"2022057146","0300","1","0","0","0","0","0","0","0","0","5","0","","67","6","2022","1","40.044944","-75.080481","0300","6","0","0","0","1","0","0","0","0","","0","0","0","","","0","N","0","","40 02:41.800","","0","75 04:49.730","0","0","0","0","67301","0","0","0","N","0","0","0","1","67301","0","","6.0","","1","N","N","N","0","","0","0","1","","0","","","2","0","0","0","0","0","0","2","0","2","","","","N","","","","","","","","","",""
"2022061344","0120","2","0","0","0","0","0","0","0","0","1","0","","67","7","2022","6","40.056008","-75.155383","0117","6","0","0","1","0","0","0","0","0","","0","0","0","","","0","N","0","","40 03:21.630","","0","75 09:19.380","0","0","0","0","67301","0","0","0","N","0","0","0","2","67301","0","","6.0","","1","N","N","N","0","","0","0","0","","0","","","2","0","0","0","0","0","0","2","0","2","","03","","N","","","","","","","","","",""
"2022048839","","1","0","0","0","0","0","0","0","0","1","0","","67","5","2022","5","39.959952","-75.179396","","6","0","0","0","0","0","0","0","0","","0","0","0","","","2","N","0","","39 57:35.826","","3","75 10:45.824","8","0","0","0","67301","0","0","0","N","0","0","0","3","00000","0","","1.0","","1","","","N","0","","0","0","0","","0","","","2","2","0","0","0","2","0","2","0","2","","","","N","","","","","","","","","",""
"2022057351","1251","2","0","0","0","0","0","0","0","0","4","0","","67","6","2022","3","40.036079","-75.139872","1251","6","0","0","0","0","0","0","1","1","","0","0","0","","","1","","1","","40 02:09.884","","0","75 08:23.539","3","0","0","0","67301","0","0","0","N","0","0","0","2","67301","0","","1.0","","1","N","N","N","0","","1","0","0","","3","","","2","1","0","0","0","0","0","2","0","2","","","","N","","","","","","","","","",""
"2022047499","0115","1","0","0","0","0","0","0","0","0","4","0","","67","5","2022","6","40.034076","-75.12402","0107","6","0","0","0","0","0","0","0","0","","0","0","0","","","1","","1","","40 02:02.673","","0","75 07:26.471","4","0","0","0","67301","0","0","0","N","0","0","0","2","67301","1","","1.0","","1","N","N","N","1","","0","0","0","","3","","","2","1","1","0","0","0","1","2","0","2","","03","","N","","","","","","","","","",""
"2022048826","","1","0","0","0","0","0","0","0","0","4","0","","67","4","2022","7","39.989808","-75.233236","","6","0","0","0","0","0","0","0","0","","0","0","0","","","1","","2","","39 59:23.308","","0","75 13:59.649","8","0","0","0","67301","0","0","0","N","0","0","0","2","00000","0","","1.0","","1","","","N","0","","0","0","0","","3","","","2","1","0","0","0","1","0","2","0","2","","","","N","","","","","","","","","",""
"2022060010","1003","2","0","0","0","0","0","0","0","0","4","0","","67","6","2022","7","40.064133","-75.239558","0959","6","0","0","0","0","0","0","0","1","","0","0","0","","","0","","1","","40 03:50.880","","0","75 14:22.409","9","0","0","0","67301","0","0","0","N","0","0","0","3","67301","0","","1.0","","1","N","N","N","0","","0","0","0","","2","","","2","0","0","0","0","0","3","2","0","2","","03","","N","","","","","","","","","",""
"2022071493","1806","0","0","0","0","0","0","1","0","0","1","1","","67","7","2022","4","39.907375","-75.139324","1804","6","0","0","0","0","0","0","0","0","","0","0","0","","","1","","2","","39 54:26.549","","0","75 08:21.567","4","0","0","0","67301","0","0","0","N","0","0","0","2","67508","1","","1.0","","1","N","N","Y","0","","0","0","0","","2","","","2","1","0","0","0","0","0","2","1","2","","03","","N","","","","","","","","","",""
"2022070546","0141","1","0","0","0","0","0","0","0","0","8","0","","67","7","2022","7","39.970798","-75.128518","0141","6","0","0","0","0","0","0","0","0","","0","0","0","","","1","N","0","","39 58:14.873","","0","75 07:42.664","2","0","0","0","67301","1","0","1","N","1","0","1","2","67301","0","","1.0","","1","N","N","N","0","","0","1","0","","0","","","2","1","0","0","0","0","0","2","0","1","","03","","N","","","","","","","","","",""
"2022072296","1335","1","0","0","0","0","0","0","0","0","5","1","","67","4","2022","6","39.999139","-75.166833","1328","6","0","0","0","0","0","0","0","0","","0","1","0","","","1","N","0","","39 59:56.900","","0","75 10:00.600","3","0","0","0","67301","0","0","0","N","0","0","0","3","67301","0","","6.0","","1","N","N","N","0","","1","0","0","","0","","","2","1","0","0","0","0","0","2","0","2","","03","","N","","","","","","","","","",""
"2022073007","1520","2","0","0","0","0","0","0","0","0","4","0","","67","6","2022","6","39.960706","-75.236993","1520","6","0","0","0","0","0","0","0","0","","0","0","0","","","1","","1","","39 57:38.541","","0","75 14:13.174","3","0","0","0","67301","0","0","0","N","0","0","0","2","67301","0","","1.0","","99","N","N","N","0","","1","0","0","","3","","","2","1","0","0","0","0","1","2","0","2","","","","N","","","","","","","","","",""
"2022060466","0920","1","0","0","0","0","0","0","0","0","3","0","","67","6","2022","3","39.946","-75.155556","0915","6","0","0","0","0","0","1","0","0","","0","0","0","","","0","N","0","","39 56:45.600","","0","75 09:20.000","0","0","0","0","67301","0","0","0","N","0","0","0","2","67301","0","","1.0","","1","N","N","N","0","","0","0","0","","0","","","2","0","0","0","0","0","0","2","1","2","","03","","N","","","","","","","","","",""
"2022063043","0225","0","0","0","1","0","1","0","0","0","8","0","","67","6","2022","7","39.94024","-75.167956","0225","6","0","0","0","0","0","0","0","0","","0","0","0","","","1","","1","","39 56:24.863","","0","75 10:04.641","2","0","0","0","67301","1","0","1","N","0","0","0","2","67301","0","","1.0","","1","N","N","Y","0","","0","1","0","","2","","","2","1","0","0","0","0","0","2","0","1","","","","N","","","","","","","","","",""
"2022061680","1330","2","0","0","0","0","0","0","0","0","5","0","","67","6","2022","7","40.031572","-75.090792","1323","6","0","0","0","0","0","1","0","0","","0","0","0","","","1","N","0","","40 01:53.660","6","0","75 05:26.850","8","0","0","0","67301","0","0","0","N","0","0","0","1","67301","0","","6.0","1430.0","1","N","N","N","0","","0","0","1","","0","Y","","3","1","0","0","0","1","0","2","0","3","","03","","N","","","","","","","","","",""
"2022060116","1950","1","0","0","0","0","0","0","0","0","4","0","","67","6","2022","3","40.027409","-75.133507","1950","6","0","0","0","0","0","0","0","1","","0","0","0","","","0","","1","","40 01:38.672","","0","75 08:00.625","0","0","0","0","67301","0","0","0","N","0","0","0","2","67301","0","","1.0","","1","N","N","N","0","","0","0","2","","3","","","3","0","0","0","0","0","0","2","0","3","","","","N","","","","","","","","","",""
"2022048825","","1","0","0","0","0","0","0","0","0","5","0","","67","5","2022","2","39.888985","-75.246809","","6","0","0","0","0","0","0","0","0","","0","0","0","","","0","N","0","","39 53:20.347","","0","75 14:48.512","0","0","0","0","67301","0","0","0","N","0","0","0","2","00000","0","","1.0","","1","","","N","0","","0","0","1","","0","","","2","0","0","0","0","0","0","2","0","2","","","","N","","","","","","","","","",""
"2022069586","0058","1","0","0","0","0","0","0","0","0","1","0","","67","6","2022","2","39.891796","-75.198333","0047","6","0","0","0","0","0","0","0","0","","0","0","0","","","0","N","0","","39 53:30.464","1","3","75 11:53.997","0","0","0","0","67301","0","0","0","N","0","0","0","3","68K01","0","","2.0","140.0","1","N","N","N","0","","0","0","1","","0","N","","3","0","0","0","0","0","0","1","1","3","","","","N","","","","","","","","","",""
"2022061067","1340","1","0","0","0","0","0","0","0","0","8","0","","67","7","2022","6","40.019645","-75.210671","1257","6","0","0","0","0","0","1","0","0","","0","0","0","","","1","","5","","40 01:10.722","","0","75 12:38.416","3","0","0","0","67301","1","0","0","N","1","0","0","2","67301","0","","1.0","","1","N","N","N","0","","1","0","0","","2","","","2","1","0","0","0","0","0","2","0","1","","03","","N","","","","","","","","","",""
"2022060062","0025","0","0","0","0","0","0","0","0","0","8","0","","67","6","2022","1","39.958464","-75.225186","0021","6","0","0","0","0","0","0","0","0","","0","0","0","","","1","","1","","39 57:30.470","","0","75 13:30.671","4","0","0","0","67301","1","0","0","N","1","0","0","2","67301","1","","1.0","","1","N","N","N","0","","0","0","0","","2","","","2","1","0","0","0","0","0","2","0","1","","03","","N","","","","","","","","","",""
"2022070142","2321","0","0","0","0","0","0","0","0","0","5","0","","67","7","2022","4","39.988508","-75.207084","2310","6","0","0","0","0","0","1","0","0","","0","0","0","","","1","N","0","","39 59:18.630","3","0","75 12:25.501","3","0","0","0","67301","0","0","0","N","0","0","0","2","68K01","0","","1.0","1145.0","1","N","N","N","0","","1","0","1","","0","N","","2","1","0","0","0","0","1","2","0","2","","","","N","","","","","","","","","",""
"2022059363","1650","1","0","0","0","0","0","0","0","0","4","0","","67","6","2022","2","39.974964","-75.151608","1645","6","0","0","0","0","0","0","1","0","","0","0","0","","","2","","1","","39 58:29.870","","0","75 09:05.788","4","0","0","0","67301","0","0","0","N","0","0","0","2","67505","1","","1.0","","1","N","N","N","0","","0","0","1","","2","","","2","2","0","0","0","1","0","2","0","2","","03","","N","","","","","","","","","",""
"2022069823","1647","1","0","0","0","0","0","0","0","0","4","0","","67","7","2022","7","40.013192","-75.070356","1643","6","0","0","0","0","0","2","0","0","","0","0","0","","","1","N","0","","40 00:47.490","","0","75 04:13.283","4","0","0","0","67301","0","0","0","N","0","0","0","3","67301","1","","1.0","","1","N","N","Y","0","","0","0","1","","2","","","3","1","0","0","0","0","0","2","1","3","","","","N","","","","","","","","","",""
"2022073199","0233","1","0","0","0","0","0","0","0","0","6","0","","67","8","2022","7","40.02657","-75.150791","0230","6","0","0","0","0","0","1","0","0","","0","0","0","","","0","","5","","40 01:35.651","","0","75 09:02.847","0","0","0","0","67301","0","0","0","N","0","0","0","1","67301","0","","1.0","","1","N","N","N","1","","0","0","0","","2","","","2","0","0","0","0","0","0","2","0","2","","98","","N","","","","","","","","","",""
"2022073830","0203","1","0","0","0","0","0","0","0","0","5","0","","67","8","2022","6","39.974046","-75.204561","0201","6","0","0","0","0","0","0","0","0","","0","0","0","","","1","N","0","","39 58:26.564","6","0","75 12:16.419","3","0","0","0","67301","0","0","0","N","0","0","0","1","67301","0","","3.0","330.0","1","N","N","N","1","","1","0","1","","0","Y","","3","1","0","0","0","0","0","2","0","3","","03","","N","","","","","","","","","",""
"2022072277","0751","2","0","0","0","0","0","0","0","0","4","0","","67","8","2022","2","39.993184","-75.10692","0749","6","0","0","0","0","0","0","0","0","","0","0","0","","","0","","1","","39 59:35.462","4","0","75 06:24.911","9","0","0","0","67301","0","0","0","N","0","0","0","2","67301","0","","1.0","820.0","1","N","N","N","0","","0","0","0","","3","N","","3","0","0","0","0","0","1","2","1","3","","04","","N","","","","","","","","","",""
"2022060000","1555","1","0","0","0","0","0","0","0","0","1","0","","67","6","2022","6","40.068917","-75.086667","1540","6","0","0","0","1","0","0","0","0","","0","0","0","","","0","N","0","","40 04:08.100","","0","75 05:12.000","0","0","0","0","67301","0","0","0","N","0","0","0","2","67301","0","","1.0","","1","N","N","N","0","","0","0","1","","0","","","2","0","0","0","0","0","0","2","0","2","","","","N","","","","","","","","","",""
"2022060173","1945","1","0","0","0","0","0","0","0","0","4","0","","67","6","2022","6","39.981952","-75.239038","1800","6","0","0","0","0","0","0","0","0","","0","0","0","","","0","","1","","39 58:55.028","","0","75 14:20.537","0","0","0","0","67301","0","0","0","N","0","0","0","2","67301","0","","1.0","","1","N","N","N","0","","0","0","0","","2","","","2","0","0","0","0","0","0","2","0","2","","03","","N","","","","","","","","","",""
"2022070339","2115","1","0","0","0","0","0","0","0","0","1","0","","67","4","2022","3","40.044716","-75.002489","2100","6","0","0","0","1","0","0","0","0","","0","0","0","","","2","N","0","","40 02:40.976","2","0","75 00:08.960","3","0","0","0","67301","0","0","0","N","0","0","0","2","68K01","0","","1.0","2230.0","9","N","N","N","0","","2","0","1","","0","N","","2","2","0","0","0","0","0","2","0","2","","","","N","","","","","","","","","",""
"2022073713","0211","0","0","0","0","0","0","0","0","0","7","0","","67","8","2022","4","40.017908","-75.166359","0203","6","0","0","0","0","0","0","1","0","","0","0","0","","","0","","6","","40 01:04.468","","7","75 09:58.894","0","0","0","0","67301","0","0","0","N","0","0","0","1","67301","0","","4.0","","1","N","N","N","1","","0","0","0","","0","","","1","0","1","0","0","0","0","2","0","1","","03","","N","","","","","","","","","",""
"2022055457","","1","0","0","0","0","0","0","0","0","5","0","","67","5","2022","6","40.042809","-75.06315","","6","0","0","0","0","0","0","0","0","","0","0","0","","","1","","1","","40 02:34.113","","0","75 03:47.339","8","0","0","0","67301","0","0","0","N","0","0","0","2","00000","0","","1.0","","1","","","N","0","","0","0","1","","2","","","2","1","1","0","0","1","0","2","0","2","","","","N","","","","","","","","","",""
"2022055679","2330","0","0","0","0","0","0","0","0","0","5","0","","67","6","2022","2","40.049847","-75.118097","2326","6","0","0","0","0","0","1","0","0","","0","0","0","","","0","N","0","","40 02:59.450","","0","75 07:05.150","0","0","0","0","67301","0","0","0","N","0","0","0","1","67301","0","","6.0","","1","N","N","N","0","","0","0","1","","0","","","2","0","0","0","0","0","0","2","1","2","","","","N","","","","","","","","","",""
"2022061604","2229","2","0","0","0","0","0","0","0","0","4","0","","67","7","2022","6","39.913816","-75.158379","2225","6","0","0","0","0","0","0","0","0","","0","0","0","","","1","","1","","39 54:49.737","","0","75 09:30.164","8","0","0","0","67301","0","0","0","N","0","0","0","2","67301","0","","1.0","","1","N","N","Y","1","","0","0","2","","3","","","5","1","0","0","0","1","0","2","0","5","","03","","N","","","","","","","","","",""
"2022061576","1425","1","0","0","0","0","0","0","0","0","8","0","","67","7","2022","6","39.982278","-75.226761","1422","6","0","0","0","0","0","0","1","0","","0","0","0","","","1","N","0","","39 58:56.200","","0","75 13:36.340","3","0","0","0","67301","1","0","0","N","1","0","0","2","67301","0","","1.0","","1","N","N","N","0","","1","0","0","","0","","","2","1","0","0","0","0","0","2","0","1","","03","","N","","","","","","","","","",""
"2022056362","1117","1","0","0","0","0","0","0","0","0","4","0","","67","6","2022","4","40.01529","-75.149927","1113","6","0","0","0","0","0","0","0","1","","0","0","0","","","2","","1","","40 00:55.044","","0","75 08:59.736","3","0","0","0","67301","0","0","0","N","0","0","0","2","67301","0","","1.0","","1","N","N","N","0","","2","0","1","","2","","","2","2","0","0","0","0","0","2","0","2","","03","","N","","","","","","","","","",""
"2022070062","2215","2","0","0","0","0","0","0","0","0","6","0","","67","4","2022","6","39.963215","-75.246701","2210","6","0","0","0","0","0","1","0","0","","0","0","0","","","2","N","0","","39 57:47.575","","0","75 14:48.122","3","0","0","0","67301","0","0","0","N","0","0","0","2","67301","0","","1.0","","1","N","N","N","0","","2","0","0","","0","","","2","2","2","0","0","0","0","2","0","2","","","","N","","","","","","","","","",""