"CRN","ARRIVAL_TM","AUTOMOBILE_COUNT","BELTED_DEATH_COUNT","BELTED_SUSP_SERIOUS_INJ_COUNT","BICYCLE_COUNT","BICYCLE_DEATH_COUNT","BICYCLE_SUSP_SERIOUS_INJ_COUNT","BUS_COUNT","CHLDPAS_DEATH_COUNT","CHLDPAS_SUSP_SERIOUS_INJ_COUNT","COLLISION_TYPE","COMM_VEH_COUNT","CONS_ZONE_SPD_LIM","COUNTY","CRASH_MONTH","CRASH_YEAR","DAY_OF_WEEK","DEC_LATITUDE","DEC_LONGITUDE","DISPATCH_TM","DISTRICT","DRIVER_COUNT_16YR","DRIVER_COUNT_17YR","DRIVER_COUNT_18YR","DRIVER_COUNT_19YR","DRIVER_COUNT_20YR","DRIVER_COUNT_50_64YR","DRIVER_COUNT_65_74YR","DRIVER_COUNT_75PLUS","EST_HRS_CLOSED","FATAL_COUNT","HEAVY_TRUCK_COUNT","HORSE_BUGGY_COUNT","HOUR_OF_DAY","ILLUMINATION","INJURY_COUNT","INTERSECTION_RELATED","INTERSECT_TYPE","LANE_CLOSED","LATITUDE","LN_CLOSE_DIR","LOCATION_TYPE","LONGITUDE","MAX_SEVERITY_LEVEL","MCYCLE_DEATH_COUNT","MCYCLE_SUSP_SERIOUS_INJ_COUNT","MOTORCYCLE_COUNT","MUNICIPALITY","NONMOTR_COUNT","NONMOTR_DEATH_COUNT","NONMOTR_SUSP_SERIOUS_INJ_COUNT","NTFY_HIWY_MAINT","PED_COUNT","PED_DEATH_COUNT","PED_SUSP_SERIOUS_INJ_COUNT","PERSON_COUNT","POLICE_AGCY","POSSIBLE_INJ_COUNT","RDWY_SURF_TYPE_CD","RELATION_TO_ROAD","ROADWAY_CLEARED","ROAD_CONDITION","SCH_BUS_IND","SCH_ZONE_IND","SECONDARY_CRASH","SMALL_TRUCK_COUNT","SPEC_JURIS_CD","SUSP_MINOR_INJ_COUNT","SUSP_SERIOUS_INJ_COUNT","SUV_COUNT","TCD_FUNC_CD","TCD_TYPE","TFC_DETOUR_IND","TIME_OF_DAY","TOTAL_UNITS","TOT_INJ_COUNT","UNBELTED_OCC_COUNT","UNB_DEATH_COUNT","UNB_SUSP_SERIOUS_INJ_COUNT","UNK_INJ_DEG_COUNT","UNK_INJ_PER_COUNT","URBAN_RURAL","VAN_COUNT","VEHICLE_COUNT","WEATHER1","WEATHER2","WORKERS_PRES","WORK_ZONE_IND","WORK_ZONE_LOC","WORK_ZONE_TYPE","WZ_CLOSE_DETOUR","WZ_FLAGGER","WZ_LAW_OFFCR_IND","WZ_LN_CLOSURE","WZ_MOVING","WZ_OTHER","WZ_SHLDER_MDN","WZ_WORKERS_INJ_KILLED"
"2022069582","1506","0","0","0","0","0","0","0","0","0","5","0","","67","6","2022","4","40.00931","-75.204992","1506","6","0","0","0","0","0","0","0","0","","0","0","0","","","0","N","0","","40 00:33.516","","0","75 12:17.972","0","0","0","0","67301","0","0","0","N","0","0","0","2","68K01","0","","2.0","","1","N","N","N","1","","0","0","0","","0","","","2","0","0","0","0","0","0","2","1","2","","03","","N","","","","","","","","","",""
"2022060110","1918","0","0","0","0","0","0","0","0","0","4","0","","67","6","2022","6","40.051546","-75.1501","1915","6","0","0","0","0","0","1","0","0","","0","0","0","","","1","","1","","40 03:05.564","","0","75 09:00.360","3","0","0","1","67301","0","0","0","N","0","0","0","2","67301","0","","1.0","","1","N","N","N","1","","1","0","0","","2","","","2","1","0","0","0","0","0","2","0","2","","03","","N","","","","","","","","","",""
"2022060040","1515","0","0","0","0","0","0","0","0","0","5","0","","67","6","2022","1","40.033158","-75.049394","1515","6","0","0","0","0","0","0","0","0","","0","0","0","","","1","N","0","","40 01:59.370","","0","75 02:57.820","3","0","0","1","67301","0","0","0","N","0","0","0","1","67301","0","","6.0","","1","N","N","N","0","","1","0","1","","0","","","2","1","0","0","0","0","0","2","0","2","","","","N","","","","","","","","","",""
"2022073257","1647","1","0","0","0","0","0","0","0","0","1","0","","67","8","2022","3","39.958155","-75.164065","1637","6","0","0","0","0","0","0","0","0","","0","0","0","","","1","N","0","","39 57:29.357","","0","75 09:50.634","8","0","0","0","67301","0","0","0","N","0","0","0","3","68K01","0","","1.0","","1","N","N","N","0","","0","0","2","","0","","","3","1","0","0","0","1","0","2","0","3","","03","","N","","","","","","","","","",""
"2022070072","1540","0","0","0","0","0","0","0","0","0","4","0","","67","7","2022","6","40.003417","-75.203234","1536","6","0","0","0","0","0","0","0","0","","0","0","0","","","1","","1","","40 00:12.301","","0","75 12:11.644","3","0","0","0","67301","0","0","0","N","0","0","0","1","67301","0","","1.0","","1","N","N","N","1","","1","0","1","","0","","","2","1","0","0","0","0","0","2","0","2","","03","","N","","","","","","","","","",""
"2022060008","0835","1","0","0","0","0","0","0","0","0","4","0","","67","6","2022","1","39.919247","-75.159565","0835","6","0","0","0","0","0","0","1","0","","0","0","0","","","0","","1","","39 55:09.289","4","0","75 09:34.434","0","0","0","0","67301","0","0","0","N","0","0","0","2","67301","0","","1.0","938.0","1","N","N","N","0","","0","0","0","","3","Y","","2","0","0","0","0","0","0","2","1","2","","","","N","","","","","","","","","",""
"2022072209","0930","0","0","0","0","0","0","0","0","0","4","1","","67","8","2022","5","39.952948","-75.151553","0921","6","0","0","0","0","0","0","0","0","","0","1","0","","","1","","1","","39 57:10.614","","0","75 09:05.590","4","0","0","0","67301","0","0","0","N","0","0","0","2","67301","1","","1.0","","1","N","N","N","0","","0","0","0","","2","","","2","1","0","0","0","0","0","2","1","2","","03","","N","","","","","","","","","",""
"2022060058","1808","2","0","0","0","0","0","0","0","0","4","0","","67","6","2022","1","39.932341","-75.19255","1801","6","0","0","0","0","0","0","0","0","","0","0","0","","","2","","1","","39 55:56.427","","0","75 11:33.179","4","0","0","0","67301","0","0","0","N","0","0","0","2","67301","2","","1.0","","1","N","N","N","0","","0","0","0","","3","","","2","2","0","0","0","0","0","2","0","2","","03","","N","","","","","","","","","",""
"2022060708","0050","1","0","0","0","0","0","0","0","0","4","0","","67","7","2022","6","40.061286","-75.172063","0046","6","0","0","0","0","0","0","0","0","","0","0","0","","","2","","1","","40 03:40.629","7","0","75 10:19.427","4","0","0","0","67301","0","0","0","N","0","0","0","2","67301","2","","1.0","215.0","1","N","N","N","0","","0","0","1","","3","Y","","2","2","0","0","0","0","0","2","0","2","","03","","N","","","","","","","","","",""
"2022072225","1128","1","0","0","0","0","0","0","0","0","4","1","","67","4","2022","2","39.918211","-75.208835","1153","6","0","0","0","0","0","0","0","0","","0","1","0","","","1","","2","","39 55:05.558","1","0","75 12:31.805","8","0","0","0","67301","0","0","0","N","0","0","0","2","67301","0","","1.0","1300.0","1","N","N","N","0","","0","0","0","","2","N","","2","1","0","0","0","1","0","2","0","2","","04","","N","","","","","","","","","",""
"2022070586","1000","1","0","0","0","0","0","0","0","0","4","0","","67","7","2022","7","39.968403","-75.151344","0952","6","0","0","0","0","0","0","0","0","","0","0","0","","","1","N","0","","39 58:06.250","","0","75 09:04.840","3","0","0","0","67301","0","0","0","N","0","0","0","2","67301","0","","1.0","","1","N","N","N","0","","1","0","1","","4","","","2","1","0","0","0","0","1","2","0","2","","03","","N","","","","","","","","","",""
"2022071354","2134","2","0","0","0","0","0","0","0","0","1","0","","67","5","2022","6","39.937195","-75.144065","2121","6","0","0","1","0","0","0","0","0","","0","0","0","","","4","N","0","","39 56:13.901","1","0","75 08:38.633","4","0","0","0","67301","0","0","0","N","0","0","0","4","68K01","4","","2.0","2315.0","1","N","N","N","0","","0","0","0","","0","N","","2","4","0","0","0","0","0","2","0","2","","","","N","","","","","","","","","",""
"2022071021","2146","1","0","0","0","0","0","0","0","0","7","0","","67","7","2022","6","39.984044","-75.096777","2127","6","0","0","0","0","0","0","0","0","","0","0","0","","","2","N","0","","39 59:02.559","","0","75 05:48.398","4","0","0","0","67301","0","0","0","N","0","0","0","3","68K01","2","","4.0","","1","N","N","N","0","","0","0","0","","0","","","1","2","0","0","0","0","0","2","0","1","","03","","N","","","","","","","","","",""
"2022069585","2000","0","0","0","0","0","0","0","0","0","4","0","","67","4","2022","5","39.967495","-75.231958","1957","6","0","0","0","0","0","0","0","0","","0","0","0","","","2","","5","","39 58:02.983","7","0","75 13:55.048","3","0","0","0","67301","0","0","0","N","0","0","0","3","67301","0","","1.0","2100.0","99","N","N","N","0","","2","0","2","","2","N","","2","2","1","0","0","0","0","2","0","2","","03","","N","","","","","","","","","",""
"2022056710","2045","1","0","0","0","0","0","0","0","0","8","0","","67","6","2022","4","39.956011","-75.155747","2040","6","0","0","0","0","0","0","0","0","","0","0","0","","","1","","1","","39 57:21.639","","0","75 09:20.689","3","0","0","0","67301","1","0","0","N","1","0","0","2","67301","0","","1.0","","1","N","N","N","0","","1","0","0","","2","","","2","1","1","0","0","0","0","2","0","1","","03","","N","","","","","","","","","",""
"2022061174","1906","1","0","0","0","0","0","0","0","0","4","0","","67","7","2022","7","40.042782","-75.076571","1905","6","0","0","0","0","0","1","0","0","","0","0","0","","","1","","5","","40 02:34.015","","0","75 04:35.655","2","0","1","1","67301","0","0","0","N","0","0","0","2","67301","0","","1.0","","1","N","N","N","0","","0","1","0","","1","","","2","1","0","0","0","0","0","2","0","2","","03","","N","","","","","","","","","",""
"2022073268","1647","2","0","0","0","0","0","0","0","0","1","0","","67","7","2022","6","40.036212","-75.016249","1601","6","0","0","0","0","0","0","0","0","","0","0","0","","","0","N","0","","40 02:10.362","","0","75 00:58.495","0","0","0","0","67301","0","0","0","N","0","0","0","2","68K01","0","","1.0","","1","N","N","N","0","","0","0","0","","0","","","2","0","0","0","0","0","0","2","0","2","","03","","N","","","","","","","","","",""
"2022068810","1137","1","0","0","0","0","0","0","0","0","5","0","","67","6","2022","3","39.974189","-75.163825","1129","6","0","0","0","0","0","0","0","0","","0","0","0","","","0","","2","","39 58:27.080","","0","75 09:49.769","0","0","0","0","67301","0","0","0","N","0","0","0","1","67301","0","","1.0","","1","N","N","N","0","","0","0","1","","0","","","2","0","0","0","0","0","0","2","0","2","","03","","N","","","","","","","","","",""
"2022072590","1255","3","0","0","0","0","0","0","0","0","1","0","","67","6","2022","6","40.014353","-75.105117","1247","6","0","0","0","0","0","0","0","0","","0","0","0","","","0","N","0","","40 00:51.670","","0","75 06:18.420","0","0","0","0","67301","0","0","0","N","0","0","0","1","67301","0","","6.0","","1","N","N","N","0","","0","0","0","","0","","","3","0","1","0","0","0","0","2","0","3","","03","","N","","","","","","","","","",""
"2022072294","1455","0","0","0","0","0","0","0","0","0","7","0","","67","8","2022","5","40.043883","-75.115592","1455","6","0","0","0","0","0","0","0","0","","0","0","0","","","1","N","0","","40 02:37.980","","0","75 06:56.132","3","0","0","0","67301","0","0","0","N","0","0","0","1","67301","0","","3.0","","9","N","N","N","1","","1","0","0","","0","","","1","1","0","0","0","0","0","2","0","1","","","","N","","","","","","","","","",""
"2022072606","0515","3","0","0","0","0","0","0","0","0","5","0","","67","6","2022","5","39.991733","-75.114572","0456","6","0","0","0","0","0","0","0","0","","0","0","0","","","0","N","0","","39 59:30.240","","0","75 06:52.460","0","0","0","0","67301","0","0","0","N","0","0","0","1","67301","0","","6.0","","1","N","N","N","1","","0","0","1","","0","","","8","0","0","0","0","0","0","2","3","8","","03","","N","","","","","","","","","",""
"2022058914","2352","1","0","0","0","0","0","0","0","0","4","0","","67","6","2022","7","39.985163","-75.156528","2351","6","0","0","0","0","1","0","0","0","","0","0","0","","","3","N","0","","39 59:06.585","1","0","75 09:23.500","8","0","0","0","67301","0","0","0","N","0","0","0","7","67505","0","","1.0","2332.0","1","N","N","N","0","","0","0","1","","0","Y","","2","3","7","0","0","3","0","2","0","2","","03","","N","","","","","","","","","",""
"2022066294","0509","1","0","0","0","0","0","0","0","0","7","0","","67","6","2022","7","39.98271","-75.207812","0509","6","0","0","0","0","0","1","0","0","","0","0","0","","","1","N","0","","39 58:57.757","","0","75 12:28.122","8","0","0","0","67301","0","0","0","N","0","0","0","3","68K01","0","","3.0","","1","N","N","N","0","","0","0","1","","0","","","2","1","0","0","0","1","0","2","0","2","","","","N","","","","","","","","","",""
"2022066844","2218","1","0","0","0","0","0","0","0","0","7","0","","67","6","2022","1","40.008684","-75.068966","2156","6","0","0","0","0","0","0","0","0","","0","0","0","","","0","N","0","","40 00:31.262","1","8","75 04:08.279","0","0","0","0","67301","0","0","0","N","0","0","0","1","68K01","0","","4.0","2230.0","1","N","N","N","0","","0","0","0","","0","N","","1","0","0","0","0","0","0","2","0","1","","03","","N","","","","","","","","","",""
"2022060106","1743","1","0","0","1","0","0","0","0","0","8","0","","67","6","2022","3","40.02309","-75.149129","1741","6","0","0","0","1","0","0","0","0","","0","0","0","","","2","","2","","40 01:23.124","","0","75 08:56.864","3","0","0","0","67301","2","0","0","N","0","0","0","3","67301","0","","1.0","","99","N","N","N","0","","2","0","0","","0","","","2","2","1","0","0","0","0","2","0","1","","","","N","","","","","","","","","",""
"2022056901","2220","1","0","0","0","0","0","0","0","0","5","0","","67","6","2022","5","40.100866","-75.041851","2213","6","0","0","0","0","0","0","0","0","","0","0","0","","","1","N","0","","40 06:03.119","","0","75 02:30.663","8","0","0","0","67301","0","0","0","N","0","0","0","1","67301","0","","6.0","","1","N","N","N","0","","0","0","1","","0","","","2","1","0","0","0","1","0","2","0","2","","03","","N","","","","","","","","","",""
"2022060705","1929","1","0","0","0","0","0","0","0","0","1","0","","67","6","2022","5","40.017094","-75.089833","1921","6","0","0","0","0","0","0","0","0","","0","0","0","","","0","N","0","","40 01:01.540","","0","75 05:23.400","0","0","0","0","67301","0","0","0","N","0","0","0","1","67301","0","","6.0","","1","N","N","N","0","","0","0","1","","0","","","2","0","0","0","0","0","0","2","0","2","","03","","N","","","","","","","","","",""
"2022063090","1300","0","0","0","1","0","0","0","0","0","8","0","","67","6","2022","6","39.963907","-75.227894","1255","6","0","0","0","0","0","0","0","0","","0","0","0","","","1","","2","","39 57:50.065","","0","75 13:40.418","3","0","0","0","67301","1","0","0","N","0","0","0","2","67301","0","","1.0","","1","N","N","N","0","","1","0","1","","0","","","2","1","1","0","0","0","0","2","0","1","","03","","N","","","","","","","","","",""
"2022072935","1509","1","0","0","0","0","0","0","0","0","1","0","","67","8","2022","5","39.898817","-75.173015","1501","6","0","0","0","0","0","0","0","0","","0","0","0","","","3","N","0","","39 53:55.740","1","0","75 10:22.854","3","0","0","0","67301","0","0","0","N","0","0","0","3","68K01","0","","1.0","1520.0","1","N","N","N","0","","3","0","1","","0","N","","2","3","0","0","0","0","0","2","0","2","","","","N","","","","","","","","","",""
"2022072905","2250","0","0","0","0","0","0","0","0","0","1","0","","67","7","2022","2","40.032101","-75.021297","2220","6","0","0","0","0","0","0","0","0","","0","0","0","","","0","N","0","","40 01:55.563","2","0","75 01:16.670","0","0","0","0","67301","0","0","0","N","0","0","0","2","68K01","0","","4.0","45.0","9","N","N","N","1","","0","0","1","","0","Y","","2","0","0","0","0","0","0","2","0","2","","","","N","","","","","","","","","",""
"2022060685","0143","0","0","0","0","0","0","0","0","0","7","0","","67","6","2022","5","40.000378","-75.156058","0142","6","0","0","1","0","0","0","0","0","","0","0","0","","","0","N","0","","40 00:01.360","4","0","75 09:21.810","0","0","0","0","67301","0","0","0","N","0","0","0","1","67301","0","","4.0","503.0","1","N","N","N","0","","0","0","1","","0","N","","2","0","1","0","0","0","0","2","1","2","","03","","N","","","","","","","","","",""
"2022072591","2355","2","0","0","0","0","0","0","0","0","4","0","","67","6","2022","4","40.012981","-75.106414","2355","6","0","0","0","0","0","1","0","0","","0","0","0","","","1","","1","","40 00:46.731","","0","75 06:23.090","3","0","0","0","67301","0","0","0","N","0","0","0","2","67301","0","","1.0","","1","N","N","N","0","","1","0","0","","3","","","2","1","0","0","0","0","0","2","0","2","","","","N","","","","","","","","","",""
"2022046395","","1","0","0","0","0","0","0","0","0","4","0","","67","5","2022","1","39.903432","-75.243164","","6","0","0","0","0","0","0","0","0","","0","0","0","","","1","","1","","39 54:12.355","","0","75 14:35.390","3","0","0","0","67301","0","0","0","N","0","0","0","2","00000","0","","1.0","","1","","","N","0","","1","0","0","","2","","","2","1","0","0","0","0","0","2","0","2","","","","N","","","","","","","","","",""
"2022057701","","1","0","0","0","0","0","0","0","0","1","0","","67","5","2022","7","40.030999","-75.021755","","6","0","0","0","0","0","0","0","0","","0","0","0","","","1","N","0","","40 01:51.596","","3","75 01:18.318","8","0","0","0","67301","0","0","0","N","0","0","0","2","00000","0","","1.0","","1","","","N","0","","0","0","1","","0","","","2","1","0","0","0","1","0","2","0","2","","","","N","","","","","","","","","",""
"2022056803","1910","3","0","0","0","0","0","0","0","0","6","0","","67","6","2022","4","40.0324","-75.141225","1906","6","0","0","0","0","0","0","0","0","","0","0","0","","","0","N","0","","40 01:56.640","","0","75 08:28.410","9","0","0","0","67301","0","0","0","N","0","0","0","1","67301","0","","6.0","","1","N","N","Y","0","","0","0","0","","0","","","3","0","0","0","0","0","1","2","0","3","","","","N","","","","","","","","","",""
"2022069706","1735","0","0","0","0","0","0","0","0","0","8","0","","67","7","2022","4","40.045665","-75.143179","1725","6","0","0","0","0","0","0","0","0","","0","0","0","","","1","N","0","","40 02:44.395","","0","75 08:35.445","4","0","0","0","67301","1","0","0","N","1","0","0","2","67301","1","","5.0","","1","N","N","N","0","","0","0","0","","0","","","2","1","0","0","0","0","1","2","0","1","","","","N","","","","","","","","","",""
"2022069891","1239","3","0","0","0","0","0","0","0","0","1","0","","67","6","2022","2","39.966374","-75.187011","1231","6","0","0","0","0","1","1","0","0","","0","0","0","","","1","N","0","","39 57:58.946","","0","75 11:13.238","8","0","0","0","67301","0","0","0","N","0","0","0","4","68K01","0","","1.0","","1","N","N","N","0","","0","0","0","","0","","","3","1","0","0","0","1","0","2","0","3","","","","N","","","","","","","","","",""
"2022070918","1009","1","0","0","0","0","0","0","0","0","1","1","","67","4","2022","7","40.018542","-75.167095","0925","6","0","0","0","0","0","0","0","0","","0","1","0","","","1","","6","","40 01:06.752","","8","75 10:01.543","4","0","0","0","67301","0","0","0","N","0","0","0","2","67301","1","","7.0","","1","N","N","N","0","","0","0","0","","0","","","2","1","0","0","0","0","0","2","0","2","","03","","N","","","","","","","","","",""
"2022060802","0945","1","0","0","0","0","0","0","0","0","4","0","","67","6","2022","5","40.08448","-74.973652","0940","6","0","0","0","0","1","0","0","0","","0","0","0","","","1","","1","","40 05:04.128","","0","74 58:25.148","3","0","0","0","67301","0","0","0","N","0","0","0","2","67301","0","","1.0","","1","N","N","N","0","","1","0","1","","1","","","2","1","0","0","0","0","0","2","0","2","","03","","N","","","","","","","","","",""
"2022072274","1919","2","0","0","0","0","0","0","0","0","4","0","","67","7","2022","7","39.991476","-75.100786","1906","6","0","0","0","0","0","0","0","0","","0","0","0","","","0","N","0","","39 59:29.314","2","0","75 06:02.830","0","0","0","0","67301","0","0","0","N","0","0","0","2","67301","0","","1.0","15.0","1","N","N","N","0","","0","0","0","","0","N","","2","0","0","0","0","0","0","2","0","2","","03","","N","","","","","","","","","",""
"2022060051","1054","1","0","0","0","0","0","0","0","0","7","0","","67","6","2022","1","40.026511","-75.097776","1017","6","0","0","0","0","0","0","0","0","","0","0","0","","","1","N","0","","40 01:35.438","","0","75 05:51.995","4","0","0","0","67301","0","0","0","N","0","0","0","2","67301","1","","4.0","","1","N","N","N","0","","0","0","0","","0","","","2","1","2","0","0","0","0","2","0","1","","03","","N","","","","","","","","","",""
"2022056833","0655","0","0","0","0","0","0","0","0","0","4","0","","67","6","2022","3","39.999625","-75.190584","0643","6","0","0","0","0","0","0","0","0","","0","0","0","","","2","","2","","39 59:58.649","","0","75 11:26.101","8","0","0","0","67301","0","0","0","N","0","0","0","2","67301","0","","1.0","","1","N","N","N","1","","0","0","1","","2","","","2","2","0","0","0","2","0","2","0","2","","04","","N","","","","","","","","","",""
"2022056581","0100","1","0","0","0","0","0","0","0","0","4","0","","67","6","2022","6","40.079476","-74.991768","0100","6","0","0","0","0","0","0","0","0","","0","0","0","","","0","","1","","40 04:46.113","","0","74 59:30.364","0","0","0","0","67301","0","0","0","N","0","0","0","3","67301","0","","1.0","","1","N","N","N","0","","0","0","1","","3","","","2","0","0","0","0","0","0","2","0","2","","03","","N","","","","","","","","","",""
"2022056697","0950","2","0","0","0","0","0","0","0","0","5","0","","67","6","2022","6","39.973108","-75.229103","0844","6","0","0","0","0","0","0","0","0","","0","0","0","","","0","N","0","","39 58:23.190","","0","75 13:44.770","9","0","0","0","67301","0","0","0","N","0","0","0","1","67301","0","","6.0","","1","N","N","N","0","","0","0","1","","0","","","3","0","0","0","0","0","1","2","0","3","","03","","N","","","","","","","","","",""
"2022060172","1955","0","0","0","0","0","0","0","0","0","8","0","","67","6","2022","6","39.975264","-75.249375","1953","6","0","0","0","0","0","0","1","0","","0","0","0","","","1","N","0","","39 58:30.950","","0","75 14:57.750","8","0","0","0","67301","1","0","0","N","1","0","0","2","67301","0","","1.0","","1","N","N","N","0","","0","0","1","","0","","","2","1","1","0","0","1","0","2","0","1","","03","","N","","","","","","","","","",""
"2022057264","0052","1","0","0","0","0","0","0","0","0","8","0","","67","6","2022","1","39.924488","-75.228235","0042","6","0","0","0","0","0","0","0","0","","0","0","0","","","1","","2","","39 55:28.156","","0","75 13:41.647","3","0","0","0","67301","1","0","0","N","1","0","0","2","67301","0","","1.0","","1","N","N","N","0","","1","0","0","","0","","","2","1","0","0","0","0","1","2","0","1","","03","","N","","","","","","","","","",""
"2022057348","1648","2","0","0","0","0","0","0","0","0","4","0","","67","6","2022","6","40.062234","-75.151763","1648","6","0","0","0","0","0","0","0","0","","0","0","0","","","1","","1","","40 03:44.042","","0","75 09:06.346","3","0","0","0","67301","0","0","0","N","0","0","0","2","67301","0","","1.0","","1","N","N","N","0","","1","0","0","","2","","","2","1","1","0","0","0","0","2","0","2","","98","","N","","","","","","","","","",""
"2022069693","0019","1","0","0","0","0","0","0","0","0","8","0","","67","7","2022","7","40.03638","-75.063556","0016","6","0","0","0","0","0","1","0","0","","0","0","0","","","1","N","0","","40 02:10.967","","0","75 03:48.800","3","0","0","0","67301","1","0","0","N","1","0","0","2","67301","0","","1.0","","1","N","N","N","0","","1","0","0","","0","","","2","1","0","0","0","0","0","2","0","1","","","","N","","","","","","","","","",""
"2022060125","1125","2","0","0","0","0","0","0","0","0","4","0","","67","6","2022","1","40.003814","-75.157356","1120","6","0","0","0","0","0","0","0","0","","0","0","0","","","2","","1","","40 00:13.730","","0","75 09:26.481","3","0","0","0","67301","0","0","0","N","0","0","0","2","67301","0","","1.0","","1","N","N","N","0","","2","0","0","","3","","","2","2","0","0","0","0","0","2","0","2","","03","","N","","","","","","","","","",""
"2022066841","1456","0","0","0","0","0","0","0","0","0","7","0","","67","6","2022","1","39.896295","-75.191587","1435","6","0","0","0","0","1","0","0","0","","0","0","0","","","0","N","0","","39 53:46.661","","3","75 11:29.714","0","0","0","0","67301","0","0","0","N","0","0","0","1","68K01","0","","4.0","","1","N","N","N","0","","0","0","0","","0","","","1","0","0","0","0","0","0","2","1","1","","03","","N","","","","","","","","","",""
"2022060687","1640","0","0","0","0","0","0","0","0","0","4","0","","67","6","2022","4","40.028651","-75.205594","1638","6","0","0","0","0","0","2","0","0","","0","0","0","","","1","","1","","40 01:43.143","","0","75 12:20.140","8","0","0","1","67301","0","0","0","N","0","0","0","2","67301","0","","1.0","","1","N","N","N","0","","0","0","1","","2","","","2","1","0","0","0","1","0","2","0","2","","03","","N","","","","","","","","","",""
"2022072523","1123","0","0","0","0","0","0","1","0","0","4","1","","67","4","2022","2","39.959724","-75.235186","1116","6","0","0","0","0","0","2","0","0","","0","0","0","","","1","","1","","39 57:35.007","","0","75 14:06.670","3","0","0","0","67301","0","0","0","N","0","0","0","2","67301","0","","1.0","","1","N","N","N","0","","1","0","1","","2","","","2","1","0","0","0","0","0","2","0","2","","","","N","","","","","","","","","",""
"2022059232","0630","0","0","0","0","0","0","0","0","0","1","0","","67","6","2022","7","39.883003","-75.24479","0621","6","0","0","0","0","0","1","0","0","","0","0","0","","","1","N","0","","39 52:58.811","","0","75 14:41.244","3","0","0","0","67301","0","0","0","N","0","0","0","2","68K01","0","","1.0","","1","N","N","N","0","","1","0","2","","0","","","2","1","0","0","0","0","0","2","0","2","","","","N","","","","","","","","","",""
"2022056011","1010","1","0","0","0","0","0","0","0","0","4","0","","67","6","2022","4","39.948485","-75.223243","1005","6","0","0","0","0","0","2","0","0","","0","0","0","","","4","","1","","39 56:54.545","","0","75 13:23.674","3","0","0","0","67301","0","0","0","N","0","0","0","4","67301","1","","1.0","","1","N","N","N","0","","3","0","1","","3","","","2","4","0","0","0","0","0","2","0","2","","","","N","","","","","","","","","",""
"2022068811","2145","1","0","0","0","0","0","0","0","0","1","0","","67","7","2022","6","39.984124","-75.188052","2139","6","0","0","0","0","0","1","0","0","","0","0","0","","","1","","2","","39 59:02.847","","0","75 11:16.987","3","0","0","0","67301","0","0","0","N","0","0","0","2","67301","0","","1.0","","1","N","N","N","0","","1","0","1","","2","","","2","1","0","0","0","0","0","2","0","2","","","","N","","","","","","","","","",""
"2022072215","0828","1","0","0","0","0","0","0","0","0","4","1","","67","4","2022","6","40.075001","-75.026665","0822","6","0","0","0","0","0","1","0","0","","0","1","0","","","1","","2","","40 04:30.003","","7","75 01:35.993","3","0","0","0","67301","0","0","0","N","0","0","0","2","67301","0","","1.0","","1","N","N","N","0","","1","0","0","","0","","","2","1","0","0","0","0","0","2","0","2","","03","","N","","","","","","","","","",""
"2022073406","2134","2","0","0","0","0","0","0","0","0","4","0","","67","8","2022","2","40.097383","-75.018422","2133","6","0","1","0","0","0","0","0","0","","0","0","0","","","1","N","0","","40 05:50.580","","7","75 01:06.320","3","0","0","0","67301","0","0","0","N","0","0","0","2","67301","0","","1.0","","1","N","N","N","0","","1","0","0","","0","","","2","1","0","0","0","0","0","2","0","2","","03","","N","","","","","","","","","",""
"2022060043","1911","1","0","0","0","0","0","0","0","0","5","0","","67","6","2022","2","40.040267","-75.046945","1911","6","0","0","0","0","0","1","0","0","","0","0","0","","","2","N","0","","40 02:24.961","4","0","75 02:49.001","3","0","0","0","67301","0","0","0","N","0","0","0","2","67301","1","","1.0","30.0","1","N","N","N","0","","1","0","1","","0","Y","","3","2","0","0","0","0","0","2","0","2","","","","N","","","","","","","","","",""
"2022073716","1130","1","0","0","0","0","0","0","0","0","4","1","","67","8","2022","6","40.020404","-75.152107","1110","6","0","0","0","0","0","0","1","0","","0","1","0","","","1","","1","","40 01:13.453","7","0","75 09:07.586","3","0","0","0","67301","0","0","0","N","0","0","0","2","67301","0","","1.0","1145.0","1","N","N","N","0","","1","0","0","","2","Y","","2","1","0","0","0","0","0","2","0","2","","03","","N","","","","","","","","","",""
"2022060161","0402","0","0","0","0","0","0","0","0","0","2","0","","67","6","2022","2","39.925472","-75.155556","0401","6","0","0","0","0","0","0","0","0","","0","0","0","","","0","N","0","","39 55:31.700","","0","75 09:20.000","0","0","0","0","67301","0","0","0","N","0","0","0","1","67301","0","","6.0","","1","N","N","Y","1","","0","0","1","","0","","","3","0","0","0","0","0","0","2","1","3","","03","","N","","","","","","","","","",""
"2022072197","1206","0","0","0","1","0","0","0","0","0","8","0","","67","8","2022","4","40.048153","-75.060632","1203","6","0","0","0","0","0","0","0","0","","0","0","0","","","1","N","0","","40 02:53.350","","0","75 03:38.276","8","0","0","0","67301","1","0","0","N","0","0","0","1","67301","0","","1.0","","1","N","N","N","0","","0","0","1","","0","","","2","1","0","0","0","1","0","2","0","1","","03","","N","","","","","","","","","",""