"CRN","ARRIVAL_TM","AUTOMOBILE_COUNT","BELTED_DEATH_COUNT","BELTED_SUSP_SERIOUS_INJ_COUNT","BICYCLE_COUNT","BICYCLE_DEATH_COUNT","BICYCLE_SUSP_SERIOUS_INJ_COUNT","BUS_COUNT","CHLDPAS_DEATH_COUNT","CHLDPAS_SUSP_SERIOUS_INJ_COUNT","COLLISION_TYPE","COMM_VEH_COUNT","CONS_ZONE_SPD_LIM","COUNTY","CRASH_MONTH","CRASH_YEAR","DAY_OF_WEEK","DEC_LATITUDE","DEC_LONGITUDE","DISPATCH_TM","DISTRICT","DRIVER_COUNT_16YR","DRIVER_COUNT_17YR","DRIVER_COUNT_18YR","DRIVER_COUNT_19YR","DRIVER_COUNT_20YR","DRIVER_COUNT_50_64YR","DRIVER_COUNT_65_74YR","DRIVER_COUNT_75PLUS","EST_HRS_CLOSED","FATAL_COUNT","HEAVY_TRUCK_COUNT","HORSE_BUGGY_COUNT","HOUR_OF_DAY","ILLUMINATION","INJURY_COUNT","INTERSECTION_RELATED","INTERSECT_TYPE","LANE_CLOSED","LATITUDE","LN_CLOSE_DIR","LOCATION_TYPE","LONGITUDE","MAX_SEVERITY_LEVEL","MCYCLE_DEATH_COUNT","MCYCLE_SUSP_SERIOUS_INJ_COUNT","MOTORCYCLE_COUNT","MUNICIPALITY","NONMOTR_COUNT","NONMOTR_DEATH_COUNT","NONMOTR_SUSP_SERIOUS_INJ_COUNT","NTFY_HIWY_MAINT","PED_COUNT","PED_DEATH_COUNT","PED_SUSP_SERIOUS_INJ_COUNT","PERSON_COUNT","POLICE_AGCY","POSSIBLE_INJ_COUNT","RDWY_SURF_TYPE_CD","RELATION_TO_ROAD","ROADWAY_CLEARED","ROAD_CONDITION","SCH_BUS_IND","SCH_ZONE_IND","SECONDARY_CRASH","SMALL_TRUCK_COUNT","SPEC_JURIS_CD","SUSP_MINOR_INJ_COUNT","SUSP_SERIOUS_INJ_COUNT","SUV_COUNT","TCD_FUNC_CD","TCD_TYPE","TFC_DETOUR_IND","TIME_OF_DAY","TOTAL_UNITS","TOT_INJ_COUNT","UNBELTED_OCC_COUNT","UNB_DEATH_COUNT","UNB_SUSP_SERIOUS_INJ_COUNT","UNK_INJ_DEG_COUNT","UNK_INJ_PER_COUNT","URBAN_RURAL","VAN_COUNT","VEHICLE_COUNT","WEATHER1","WEATHER2","WORKERS_PRES","WORK_ZONE_IND","WORK_ZONE_LOC","WORK_ZONE_TYPE","WZ_CLOSE_DETOUR","WZ_FLAGGER","WZ_LAW_OFFCR_IND","WZ_LN_CLOSURE","WZ_MOVING","WZ_OTHER","WZ_SHLDER_MDN","WZ_WORKERS_INJ_KILLED"
"2022053385","","0","0","0","0","0","0","0","0","0","4","0","","67","4","2022","2","39.974704","-75.199479","","6","0","0","0","0","0","0","0","0","","0","0","0","","","1","","1","","39 58:28.934","","7","75 11:58.125","8","0","0","0","67301","0","0","0","N","0","0","0","2","00000","0","","1.0","","1","","","N","0","","0","0","2","","2","","","2","1","0","0","0","1","0","2","0","2","","","","N","","","","","","","","","",""
"2022056904","0920","0","0","0","0","0","0","0","0","0","1","0","","67","6","2022","5","39.990878","-75.11483","0915","6","0","0","0","0","0","1","0","0","","0","0","0","","","1","","2","","39 59:27.161","","0","75 06:53.387","3","0","0","0","67301","0","0","0","N","0","0","0","1","67301","0","","1.0","","9","N","N","N","1","","1","0","1","","2","","","2","1","0","0","0","0","0","2","0","2","","07","","N","","","","","","","","","",""
"2022060060","1940","1","0","0","0","0","0","0","0","0","5","0","","67","6","2022","6","39.949831","-75.235192","1921","6","0","0","0","0","0","1","0","0","","0","0","0","","","1","N","0","","39 56:59.390","","0","75 14:06.690","3","0","0","1","67301","0","0","0","N","0","0","0","3","67301","0","","1.0","","1","N","N","Y","0","","1","0","1","","0","","","3","1","0","0","0","0","0","2","0","3","","03","","N","","","","","","","","","",""
"2022060115","1500","1","0","0","0","0","0","0","0","0","4","0","","67","6","2022","1","40.024148","-75.133202","1500","6","0","0","0","0","0","0","0","0","","0","0","0","","","0","","5","","40 01:26.931","","0","75 07:59.528","0","0","0","0","67301","0","0","0","N","0","0","0","2","67301","0","","1.0","","99","N","N","N","0","","0","0","0","","2","","","2","0","0","0","0","0","0","2","0","2","","","","N","","","","","","","","","",""
"2022070509","1516","1","0","0","0","0","0","0","0","0","4","0","","67","7","2022","3","39.994419","-75.198522","1512","6","0","0","0","0","0","0","0","0","","0","0","0","","","1","N","0","","39 59:39.907","4","0","75 11:54.678","4","0","0","0","67301","0","0","0","N","0","0","0","3","68K01","1","","1.0","1518.0","1","N","N","N","0","","0","0","1","","0","N","","2","1","0","0","0","0","0","2","0","2","","","","N","","","","","","","","","",""
"2022070217","1350","0","1","0","0","0","0","0","0","0","7","0","","67","7","2022","3","39.933076","-75.237798","1348","6","0","0","0","0","0","0","0","1","","1","0","0","","","0","N","0","","39 55:59.073","7","0","75 14:16.073","1","0","0","0","67301","0","0","0","N","0","0","0","1","67301","0","2","4.0","1440.0","1","N","N","N","0","0","0","0","1","","0","N","","1","0","0","0","0","0","0","2","0","1","","03","","N","","","","","","","","","",""
"2022066477","","1","0","0","0","0","0","0","0","0","4","0","","67","4","2022","2","39.985822","-75.181018","","6","0","0","0","0","0","0","1","0","","0","0","0","","","2","","1","","39 59:08.960","","0","75 10:51.665","8","0","0","0","67301","0","0","0","N","0","0","0","3","00000","0","","1.0","","1","","","N","0","","0","0","0","","2","","","2","2","0","0","0","2","0","2","1","2","","","","N","","","","","","","","","",""
"2022063091","1730","3","0","0","0","0","0","0","0","0","1","0","","67","6","2022","3","39.966333","-75.227889","1726","6","0","0","0","0","0","0","0","0","","0","0","0","","","4","Y","0","","39 57:58.800","","0","75 13:40.400","3","0","0","0","67301","0","0","0","N","0","0","0","6","67301","0","","1.0","","1","N","N","N","0","","3","0","1","","2","","","4","4","0","0","0","1","0","2","0","4","","03","","N","","","","","","","","","",""
"2022063085","0148","2","0","0","0","0","0","0","0","0","4","0","","67","6","2022","2","40.000435","-75.209759","0138","6","0","0","0","1","0","0","0","0","","0","0","0","","","0","","2","","40 00:01.565","","0","75 12:35.132","0","0","0","0","67301","0","0","0","N","0","0","0","1","67301","0","","1.0","","1","N","N","N","0","","0","0","1","","3","","","3","0","1","0","0","0","0","2","0","3","","03","","N","","","","","","","","","",""
"2022060080","1430","2","0","0","0","0","0","0","0","0","5","0","","67","6","2022","1","40.014767","-75.138978","1430","6","0","0","0","0","1","0","0","0","","0","0","0","","","0","N","0","","40 00:53.160","","0","75 08:20.320","0","0","0","0","67301","0","0","0","N","0","0","0","1","67301","0","","6.0","","1","N","N","N","0","","0","0","0","","0","","","2","0","0","0","0","0","0","2","0","2","","03","","N","","","","","","","","","",""
"2022060140","1021","0","0","0","0","0","0","0","0","0","8","0","","67","6","2022","3","39.988354","-75.159644","1021","6","0","0","0","0","0","0","0","0","","0","0","0","","","1","","2","","39 59:18.076","","0","75 09:34.720","3","0","0","0","67301","1","0","0","N","1","0","0","2","67301","0","","1.0","","99","N","N","N","0","","1","0","0","","0","","","2","1","0","0","0","0","0","2","0","1","","03","","N","","","","","","","","","",""
"2022060002","1705","0","0","0","0","0","0","0","0","0","5","0","","67","6","2022","1","40.047244","-75.051796","1652","6","0","0","0","0","0","1","0","0","","0","0","0","","","1","N","0","","40 02:50.080","","0","75 03:06.466","3","0","0","0","67301","0","0","0","N","0","0","0","3","67301","0","","1.0","","1","N","N","N","0","","1","0","1","","0","","","2","1","0","0","0","0","0","2","1","2","","03","","N","","","","","","","","","",""
"2022061698","0204","1","0","0","0","0","0","0","0","0","5","0","","67","7","2022","6","39.9184","-75.208144","0202","6","0","0","0","0","0","0","0","0","","0","0","0","","","0","N","0","","39 55:06.241","4","0","75 12:29.318","9","0","0","0","67301","0","0","0","N","0","0","0","3","67301","0","","1.0","245.0","1","N","N","N","0","","0","0","1","","0","Y","","3","0","0","0","0","0","2","2","1","3","","","","N","","","","","","","","","",""
"2022071643","2241","0","0","0","0","0","0","0","0","0","1","1","","67","7","2022","6","40.036415","-75.014958","2227","6","0","0","0","0","0","1","0","0","","0","1","0","","","0","N","0","","40 02:11.095","","0","75 00:53.847","0","0","0","0","67301","0","0","0","N","0","0","0","2","68K03","0","","1.0","","1","N","N","N","0","","0","0","1","","0","","","2","0","0","0","0","0","0","2","0","2","","03","","N","","","","","","","","","",""
"2022073198","0041","3","0","0","0","0","0","0","0","0","2","0","","67","8","2022","7","40.03406","-75.115224","0039","6","0","0","1","0","0","0","0","0","","0","0","0","","","1","N","0","","40 02:02.615","","0","75 06:54.805","3","0","0","0","67301","0","0","0","N","0","0","0","3","67301","0","","1.0","","1","N","N","N","0","","1","0","0","","0","","","3","1","0","0","0","0","0","2","0","3","","","","N","","","","","","","","","",""
"2022060980","1627","0","0","0","0","0","0","0","0","0","8","0","","67","7","2022","6","40.035437","-75.108493","1613","6","0","0","0","0","0","0","0","1","","0","0","0","","","1","","1","","40 02:07.572","","0","75 06:30.576","3","0","0","0","67301","1","0","0","N","1","0","0","2","67301","0","","1.0","","1","N","N","N","0","","1","0","0","","2","","","2","1","0","0","0","0","0","2","1","1","","03","","N","","","","","","","","","",""
"2022070525","0701","1","0","0","0","0","0","0","0","0","1","1","","67","7","2022","4","39.974125","-75.118996","0655","6","0","0","0","0","0","1","0","0","","0","1","0","","","4","N","0","","39 58:26.850","2","0","75 07:08.387","8","0","0","0","67301","0","0","0","N","0","0","0","5","68K01","0","","1.0","710.0","1","N","N","N","0","","0","0","0","","0","N","","2","4","0","0","0","4","1","2","0","2","","04","","N","","","","","","","","","",""
"2022056382","1115","0","0","0","0","0","0","0","0","0","1","0","","67","6","2022","6","39.906","-75.134667","1112","6","0","0","0","0","0","0","0","0","","0","0","0","","","1","N","0","","39 54:21.600","","3","75 08:04.800","4","0","0","0","67301","0","0","0","N","0","0","0","2","67501","1","","1.0","","1","N","N","N","1","","0","0","1","","8","","","2","1","0","0","0","0","0","2","0","2","","03","","N","","","","","","","","","",""
"2022060003","1857","0","0","0","0","0","0","0","0","0","1","0","","67","6","2022","4","39.91925","-75.159778","1857","6","0","0","0","0","0","0","0","0","","0","0","0","","","4","N","0","","39 55:09.300","","0","75 09:35.200","3","0","0","0","67301","0","0","0","N","0","0","0","6","67301","0","","1.0","","1","N","N","N","1","","4","0","1","","0","","","2","4","0","0","0","0","0","2","0","2","","03","","N","","","","","","","","","",""
"2022067171","1716","1","0","0","0","0","0","0","0","0","1","0","","67","6","2022","7","39.941762","-75.194206","1654","6","0","0","0","0","0","0","0","0","","0","0","0","","","1","N","0","","39 56:30.344","","3","75 11:39.140","3","0","0","0","67301","0","0","0","N","0","0","0","4","68K01","0","","1.0","","1","N","N","N","0","","1","0","0","","0","","","2","1","0","0","0","0","0","2","1","2","","03","","N","","","","","","","","","",""
"2022068780","0325","1","0","0","0","0","0","0","0","0","4","0","","67","6","2022","7","39.994553","-75.159382","0318","6","0","0","0","0","0","0","0","0","","0","0","0","","","2","","1","","39 59:40.391","","0","75 09:33.775","3","0","0","0","67301","0","0","0","N","0","0","0","3","67301","0","","1.0","","1","N","N","N","0","","2","0","1","","2","","","2","2","0","0","0","0","0","2","0","2","","","","N","","","","","","","","","",""
"2022073510","0055","2","0","0","0","0","0","0","0","0","4","0","","67","7","2022","7","39.955634","-75.214762","0041","6","0","0","0","0","0","0","0","0","","0","0","0","","","1","N","0","","39 57:20.284","","0","75 12:53.144","3","0","0","0","67301","0","0","0","N","0","0","0","2","67301","0","","1.0","","1","N","N","N","0","","1","0","0","","0","","","2","1","0","0","0","0","0","2","0","2","","03","","N","","","","","","","","","",""
"2022072206","1350","0","0","0","1","0","0","0","0","0","8","0","","67","6","2022","4","39.945329","-75.151628","1342","6","0","0","0","0","0","0","0","0","","0","0","0","","","1","","1","","39 56:43.184","","0","75 09:05.860","3","0","0","0","67301","1","0","0","N","0","0","0","2","67301","0","","1.0","","99","N","N","N","1","","1","0","0","","2","","","2","1","0","0","0","0","0","2","0","1","","","","N","","","","","","","","","",""
"2022070552","0217","1","0","0","0","0","0","0","0","0","7","0","","67","8","2022","3","39.917183","-75.246303","0216","6","0","0","0","0","0","0","0","0","","0","0","0","","","1","","2","","39 55:01.859","","0","75 14:46.691","3","0","0","0","67301","0","0","0","N","0","0","0","1","67301","0","","2.0","","9","N","N","N","0","","1","0","0","","2","","","1","1","0","0","0","0","0","2","0","1","","07","","N","","","","","","","","","",""
"2022062097","","0","0","0","0","0","0","0","0","0","1","0","","67","5","2022","6","39.961833","-75.182641","","6","0","0","0","0","0","0","0","0","","0","0","0","","","1","N","0","","39 57:42.598","","0","75 10:57.506","8","0","0","0","67301","0","0","0","N","0","0","0","2","00000","0","","1.0","","1","","","N","0","","0","0","1","","0","","","2","1","0","0","0","1","0","2","0","2","","","","N","","","","","","","","","",""
"2022056491","1535","2","0","0","0","0","0","0","0","0","5","0","","67","6","2022","6","39.992997","-75.162962","1535","6","0","0","0","0","0","0","0","0","","0","0","0","","","0","","3","","39 59:34.789","","0","75 09:46.663","0","0","0","0","67301","0","0","0","N","0","0","0","1","67301","0","","1.0","","1","N","N","N","0","","0","0","1","","0","","","3","0","0","0","0","0","0","2","0","3","","03","","N","","","","","","","","","",""
"2022061052","1226","1","0","0","0","0","0","0","0","0","4","0","","67","6","2022","5","40.052978","-75.136681","1224","6","0","0","0","0","0","0","0","1","","0","0","0","","","2","","1","","40 03:10.720","3","0","75 08:12.051","3","0","0","0","67301","0","0","0","N","0","0","0","2","67301","0","","1.0","1500.0","9","N","N","N","0","","2","0","1","","1","N","","2","2","1","0","0","0","0","2","0","2","","04","","N","","","","","","","","","",""
"2022063083","1848","2","0","0","0","0","0","0","0","0","4","0","","67","6","2022","2","39.967073","-75.243775","1848","6","0","0","0","0","0","0","1","0","","0","0","0","","","1","","1","","39 58:01.462","","0","75 14:37.590","3","0","0","0","67301","0","0","0","N","0","0","0","2","67301","0","","1.0","","1","N","N","N","0","","1","0","0","","3","","","2","1","1","0","0","0","0","2","0","2","","","","N","","","","","","","","","",""
"2022070810","1604","3","0","0","0","0","0","0","0","0","1","0","","67","7","2022","1","39.997044","-75.08201","1552","6","0","0","0","0","0","0","1","0","","0","0","0","","","2","N","0","","39 59:49.357","","0","75 04:55.237","3","0","0","0","67301","0","0","0","N","0","0","0","4","68K01","0","","1.0","","1","N","N","N","0","","2","0","0","","0","","","3","2","1","0","0","0","0","2","0","3","","","","N","","","","","","","","","",""
"2022072222","1122","1","0","0","0","0","0","0","0","0","1","0","","67","8","2022","7","40.074148","-75.01652","1117","6","0","0","0","0","0","0","0","1","","0","0","0","","","1","N","0","","40 04:26.933","","0","75 00:59.472","3","0","0","0","67301","0","0","0","N","0","0","0","2","67301","0","","1.0","","1","N","N","N","0","","1","0","0","","2","","","2","1","0","0","0","0","1","2","0","2","","03","","N","","","","","","","","","",""
"2022057349","1000","0","0","0","0","0","0","0","0","0","2","0","","67","6","2022","1","40.071394","-75.158719","0950","6","0","0","0","0","0","0","0","0","","0","0","0","","","0","N","0","","40 04:17.020","4","0","75 09:31.390","0","0","0","0","67301","0","0","0","N","0","0","0","1","67301","0","","6.0","1013.0","1","N","N","N","0","","0","0","2","","0","Y","","2","0","0","0","0","0","0","2","0","2","","03","","N","","","","","","","","","",""
"2022056224","1857","1","0","0","0","0","0","0","0","0","5","0","","67","6","2022","4","39.998325","-75.153659","1848","6","0","0","1","0","0","0","0","0","","0","0","0","","","1","N","0","","39 59:53.971","","0","75 09:13.171","3","0","0","1","67301","0","0","0","N","0","0","0","4","67301","0","","1.0","","1","N","N","N","0","","1","0","1","","0","","","3","1","0","0","0","0","0","2","0","3","","03","","N","","","","","","","","","",""
"2022072226","1645","1","0","0","0","0","0","1","0","0","4","1","","67","4","2022","6","39.938889","-75.229764","1639","6","0","0","0","0","0","0","1","0","","0","0","0","","","4","","1","","39 56:20.000","","0","75 13:47.150","3","0","0","0","67301","0","0","0","N","0","0","0","5","67301","0","","1.0","","1","Y","N","N","0","","4","0","1","","3","","","3","4","0","0","0","0","0","2","0","3","","98","","N","","","","","","","","","",""
"2022066839","1416","1","0","0","0","0","0","0","0","0","7","0","","67","6","2022","7","39.891453","-75.222827","1414","6","0","0","0","0","0","0","0","0","","0","0","0","","","1","N","0","","39 53:29.232","","3","75 13:22.177","3","0","0","0","67301","0","0","0","N","0","0","0","1","68K01","0","","2.0","","1","N","N","N","0","","1","0","0","","0","","","2","1","0","0","0","0","0","2","0","1","","","","N","","","","","","","","","",""
"2022060024","1609","1","0","0","0","0","0","0","0","0","5","0","","67","6","2022","1","40.099389","-74.973056","1558","6","0","0","0","0","0","0","1","0","","0","0","0","","","0","N","0","","40 05:57.800","","0","74 58:23.000","0","0","0","0","67301","0","0","0","N","0","0","0","1","67301","0","","6.0","","1","N","N","N","0","","0","0","1","","0","","","2","0","0","0","0","0","0","2","0","2","","03","","N","","","","","","","","","",""
"2022060271","1127","1","0","0","0","0","0","0","0","0","1","0","","67","6","2022","4","39.958331","-75.223964","1125","6","0","0","0","0","0","0","0","0","","0","0","0","","","1","N","0","","39 57:29.991","","0","75 13:26.269","3","0","0","0","67301","0","0","0","N","0","0","0","2","67301","0","","1.0","","1","N","N","N","0","","1","0","1","","0","","","3","1","0","0","0","0","0","2","0","2","","","","N","","","","","","","","","",""
"2022048837","","1","0","0","0","0","0","0","0","0","1","0","","67","5","2022","6","39.991068","-75.086261","","6","0","0","0","0","0","1","0","0","","0","0","0","","","1","N","0","","39 59:27.843","","0","75 05:10.539","8","0","0","0","67301","0","0","0","N","0","0","0","2","00000","0","","1.0","","1","","","N","0","","0","0","1","","0","","","2","1","0","0","0","1","0","2","0","2","","","","N","","","","","","","","","",""
"2022060033","1839","1","0","0","0","0","0","0","0","0","4","0","","67","6","2022","4","39.924229","-75.224444","1835","6","0","0","0","0","0","0","0","0","","0","0","0","","","1","","1","","39 55:27.224","","0","75 13:27.998","3","0","0","0","67301","0","0","0","N","0","0","0","3","67301","0","","1.0","","1","N","N","N","1","","1","0","0","","3","","","2","1","0","0","0","0","0","2","0","2","","03","","N","","","","","","","","","",""
"2022072588","1531","1","0","0","0","0","0","0","0","0","8","0","","67","5","2022","3","39.996452","-75.11349","1531","6","0","0","0","0","0","0","0","0","","0","0","0","","","1","","1","","39 59:47.227","","0","75 06:48.563","3","0","0","0","67301","1","0","0","N","1","0","0","2","67301","0","","1.0","","1","N","N","N","0","","1","0","0","","2","","","2","1","0","0","0","0","1","2","0","1","","04","","N","","","","","","","","","",""
"2022073685","0015","1","0","0","0","0","0","0","0","0","4","1","","67","7","2022","1","39.989063","-75.089618","0007","6","0","0","0","0","0","0","1","0","","0","1","0","","","1","","1","","39 59:20.627","1","0","75 05:22.626","3","0","0","0","67301","0","0","0","N","0","0","0","2","67301","0","","1.0","100.0","9","N","N","N","0","","1","0","0","","2","N","","2","1","0","0","0","0","0","2","0","2","","07","","N","","","","","","","","","",""
"2022066815","0117","1","0","0","0","0","0","0","0","0","8","0","","67","6","2022","2","39.989343","-75.155473","0117","6","0","0","0","0","0","0","0","0","","0","0","0","","","1","","1","","39 59:21.634","","0","75 09:19.704","2","0","0","0","67301","1","0","1","N","1","0","1","2","67301","0","","1.0","","1","N","N","N","0","","0","1","0","","2","","","2","1","0","0","0","0","0","2","0","1","","03","","N","","","","","","","","","",""
"2022057911","0128","1","0","0","0","0","0","0","0","0","7","0","","67","5","2022","1","39.999828","-75.08019","0122","6","0","0","0","0","0","0","0","0","","0","0","0","","","0","N","0","","39 59:59.379","2","0","75 04:48.684","0","0","0","0","67301","0","0","0","N","0","0","0","1","68K01","0","","2.0","236.0","1","N","N","N","0","","0","0","0","","0","N","","1","0","0","0","0","0","0","2","0","1","","","","N","","","","","","","","","",""
"2022072262","1710","0","0","0","0","0","0","0","0","0","7","1","","67","4","2022","6","40.000023","-75.189258","1651","6","0","0","0","0","0","0","0","0","","0","1","0","","","0","N","0","","40 00:00.083","4","1","75 11:21.329","0","0","0","0","67301","0","0","0","N","0","0","0","1","67301","0","","1.0","1726.0","1","N","N","N","0","","0","0","0","","0","Y","","1","0","0","0","0","0","0","2","0","1","","","","N","","","","","","","","","",""
"2022057299","0100","0","0","0","1","0","0","0","0","0","8","0","","67","6","2022","2","39.915696","-75.162901","0042","6","0","0","0","0","0","0","0","0","","0","0","0","","","1","","1","","39 54:56.507","","0","75 09:46.444","8","0","0","0","67301","1","0","0","N","0","0","0","2","67301","0","","1.0","","1","N","N","N","1","","0","0","0","","2","","","2","1","0","0","0","1","0","2","0","1","","03","","N","","","","","","","","","",""
"2022043904","0224","1","0","0","0","0","0","0","0","0","7","0","","67","5","2022","1","40.036044","-75.18633","0217","6","0","0","0","0","0","1","0","0","","0","0","0","","","1","","2","","40 02:09.760","","0","75 11:10.789","8","0","0","0","67301","0","0","0","N","0","0","0","1","67301","0","","9.0","","1","N","N","N","0","","0","0","0","","3","","","1","1","0","0","0","1","0","2","0","1","","03","","N","","","","","","","","","",""
"2022055662","2018","2","0","0","0","0","0","0","0","0","4","0","","67","6","2022","2","40.000631","-75.132891","2015","6","0","0","0","0","0","0","0","0","","0","0","0","","","1","","1","","40 00:02.271","","0","75 07:58.407","3","0","0","0","67301","0","0","0","N","0","0","0","3","67301","0","","1.0","","1","N","N","N","0","","1","0","0","","2","","","2","1","2","0","0","0","0","2","0","2","","03","","N","","","","","","","","","",""
"2022058907","2120","1","0","0","0","0","0","0","0","0","4","0","","67","6","2022","7","39.963255","-75.188499","2115","6","0","0","0","0","0","0","0","0","","0","0","0","","","1","","1","","39 57:47.719","2","0","75 11:18.597","8","0","0","0","67301","0","0","0","N","0","0","0","2","67507","0","","1.0","2210.0","1","N","N","Y","0","","0","0","3","","2","N","","4","1","1","0","0","1","0","2","0","4","","03","","N","","","","","","","","","",""
"2022073517","0030","1","0","0","0","0","0","0","0","0","4","0","","67","7","2022","1","39.987183","-75.150579","0022","6","0","0","0","0","0","0","0","0","","0","0","0","","","1","","1","","39 59:13.858","","0","75 09:02.084","8","0","0","0","67301","0","0","0","N","0","0","0","1","67301","0","","1.0","","9","N","N","N","0","","0","0","0","","3","","","2","1","0","0","0","1","0","2","0","2","","","","N","","","","","","","","","",""
"2022044111","0056","3","0","0","0","0","0","0","0","0","2","0","","67","5","2022","2","40.045609","-75.128271","0053","6","0","0","0","0","0","0","0","0","","0","0","0","","","0","N","0","","40 02:44.194","4","0","75 07:41.776","9","0","0","0","67301","0","0","0","N","0","0","0","1","67301","0","","6.0","200.0","1","N","N","N","1","","0","0","0","","0","N","","4","0","1","0","0","0","1","2","0","4","","03","","N","","","","","","","","","",""
"2022067174","1741","2","0","0","0","0","0","0","0","0","5","0","","67","6","2022","4","39.899292","-75.176559","1728","6","0","0","0","0","0","0","0","0","","0","0","0","","","2","N","0","","39 53:57.450","2","3","75 10:35.613","3","0","0","0","67301","0","0","0","N","0","0","0","2","68K01","0","","1.0","1830.0","1","N","N","N","0","","1","0","0","","0","N","","2","2","0","0","0","1","0","2","0","2","","","","N","","","","","","","","","",""
"2022047486","2133","1","0","0","0","0","0","0","0","0","4","0","","67","5","2022","6","40.008364","-75.170405","2133","6","0","0","0","0","0","0","0","0","","0","0","0","","","0","","2","","40 00:30.111","","0","75 10:13.459","9","0","0","0","67301","0","0","0","N","0","0","0","3","67301","0","","1.0","","1","N","N","N","0","","0","0","1","","2","","","3","0","0","0","0","0","1","2","0","3","","03","","N","","","","","","","","","",""
"2022056226","1131","1","0","0","0","0","0","0","0","0","1","0","","67","6","2022","5","39.978693","-75.157938","1130","6","0","0","0","0","0","0","0","1","","0","0","0","","","1","","1","","39 58:43.293","","0","75 09:28.577","4","0","0","0","67301","0","0","0","N","0","0","0","3","67505","1","","1.0","","1","N","N","Y","0","","0","0","2","","2","","","3","1","0","0","0","0","0","2","0","3","","03","","N","","","","","","","","","",""
"2022072247","1253","1","0","0","0","0","0","1","0","0","2","1","15","67","8","2022","5","40.018166","-75.047121","1248","6","0","0","0","0","0","1","0","0","","0","0","0","","","0","","3","","40 01:05.397","","0","75 02:49.634","0","0","0","0","67301","0","0","0","N","0","0","0","1","67301","0","","1.0","","1","N","N","N","1","","0","0","0","","2","","","3","0","0","0","0","0","0","2","0","3","","03","Y","Y","4","1","N","N","N","Y","N","N","Y","N"
"2022060057","0523","1","0","0","0","0","0","0","0","0","7","0","","67","6","2022","1","40.00765","-75.202456","0519","6","0","0","0","0","0","0","0","0","","0","0","0","","","1","N","0","","40 00:27.540","","0","75 12:08.840","3","0","0","0","67301","0","0","0","N","0","0","0","1","67301","0","","4.0","","1","N","N","N","0","","1","0","0","","0","","","1","1","0","0","0","0","0","2","0","1","","","","N","","","","","","","","","",""
"2022072224","1034","1","0","0","0","0","0","1","0","0","4","1","","67","4","2022","3","39.934667","-75.22724","1034","6","0","0","0","0","0","1","0","0","","0","0","0","","","0","","1","","39 56:04.800","4","0","75 13:38.065","9","0","0","0","67301","0","0","0","N","0","0","0","6","67301","0","","1.0","1110.0","1","N","N","N","0","","0","0","0","","2","Y","","2","0","0","0","0","0","6","2","0","2","","","","N","","","","","","","","","",""
"2022056406","1608","0","0","0","0","0","0","1","0","0","8","1","","67","5","2022","2","39.951859","-75.171915","1606","6","0","0","0","0","0","0","0","0","","0","0","0","","","1","","1","","39 57:06.693","","0","75 10:18.895","3","0","0","0","67301","1","0","0","N","1","0","0","2","67508","0","","1.0","","1","N","N","Y","0","","1","0","0","","2","","","2","1","0","0","0","0","0","2","0","1","","03","","N","","","","","","","","","",""
"2022073249","1412","0","0","0","0","0","0","0","0","0","0","1","","67","8","2022","2","40.000639","-75.085744","1350","6","0","0","0","0","0","0","0","0","","0","1","0","","","1","N","0","","40 00:02.299","2","2","75 05:08.677","3","0","0","0","67301","0","0","0","N","0","0","0","1","68K01","0","","1.0","2100.0","1","N","N","N","0","","1","0","0","","0","N","","1","1","0","0","0","0","0","2","0","1","","","","N","","","","","","","","","",""
"2022060001","1339","3","0","0","0","0","0","0","0","0","5","0","","67","6","2022","1","40.046472","-75.083178","1329","6","0","0","0","0","0","0","0","0","","0","0","0","","","1","N","0","","40 02:47.300","","0","75 04:59.440","4","0","0","0","67301","0","0","0","N","0","0","0","1","67301","1","","6.0","","1","N","N","Y","0","","0","0","0","","0","","","3","1","0","0","0","0","0","2","0","3","","","","N","","","","","","","","","",""
"2022072863","1901","1","0","0","0","0","0","0","0","0","7","0","","67","8","2022","3","40.038103","-75.149317","1900","6","0","0","0","0","0","0","0","0","","0","0","0","","","1","N","0","","40 02:17.170","","0","75 08:57.540","3","0","0","0","67301","0","0","0","N","0","0","0","1","67301","0","","5.0","","1","N","N","N","0","","1","0","0","","0","","","1","1","0","0","0","0","0","2","0","1","","","","N","","","","","","","","","",""
"2022070188","1242","1","1","0","0","0","0","0","0","0","1","0","","67","7","2022","4","40.068361","-75.240404","1226","6","0","0","1","0","0","0","1","1","","1","0","0","","","1","","1","","40 04:06.098","5","0","75 14:25.455","1","0","0","0","67301","0","0","0","N","0","0","0","5","67301","0","2","1.0","1810.0","1","N","N","N","0","0","0","1","3","","2","Y","","4","1","0","0","0","0","3","2","0","4","","03","","N","","","","","","","","","",""
"2022060112","1850","1","0","0","0","0","0","0","0","0","4","0","","67","6","2022","1","40.034746","-75.130874","1843","6","0","0","0","1","0","0","0","0","","0","0","0","","","1","","1","","40 02:05.085","","0","75 07:51.146","4","0","0","0","67301","0","0","0","N","0","0","0","5","67301","1","","1.0","","1","N","N","N","1","","0","0","2","","2","","","4","1","0","0","0","0","1","2","0","4","","03","","N","","","","","","","","","",""