"CRN","ARRIVAL_TM","AUTOMOBILE_COUNT","BELTED_DEATH_COUNT","BELTED_SUSP_SERIOUS_INJ_COUNT","BICYCLE_COUNT","BICYCLE_DEATH_COUNT","BICYCLE_SUSP_SERIOUS_INJ_COUNT","BUS_COUNT","CHLDPAS_DEATH_COUNT","CHLDPAS_SUSP_SERIOUS_INJ_COUNT","COLLISION_TYPE","COMM_VEH_COUNT","CONS_ZONE_SPD_LIM","COUNTY","CRASH_MONTH","CRASH_YEAR","DAY_OF_WEEK","DEC_LATITUDE","DEC_LONGITUDE","DISPATCH_TM","DISTRICT","DRIVER_COUNT_16YR","DRIVER_COUNT_17YR","DRIVER_COUNT_18YR","DRIVER_COUNT_19YR","DRIVER_COUNT_20YR","DRIVER_COUNT_50_64YR","DRIVER_COUNT_65_74YR","DRIVER_COUNT_75PLUS","EST_HRS_CLOSED","FATAL_COUNT","HEAVY_TRUCK_COUNT","HORSE_BUGGY_COUNT","HOUR_OF_DAY","ILLUMINATION","INJURY_COUNT","INTERSECTION_RELATED","INTERSECT_TYPE","LANE_CLOSED","LATITUDE","LN_CLOSE_DIR","LOCATION_TYPE","LONGITUDE","MAX_SEVERITY_LEVEL","MCYCLE_DEATH_COUNT","MCYCLE_SUSP_SERIOUS_INJ_COUNT","MOTORCYCLE_COUNT","MUNICIPALITY","NONMOTR_COUNT","NONMOTR_DEATH_COUNT","NONMOTR_SUSP_SERIOUS_INJ_COUNT","NTFY_HIWY_MAINT","PED_COUNT","PED_DEATH_COUNT","PED_SUSP_SERIOUS_INJ_COUNT","PERSON_COUNT","POLICE_AGCY","POSSIBLE_INJ_COUNT","RDWY_SURF_TYPE_CD","RELATION_TO_ROAD","ROADWAY_CLEARED","ROAD_CONDITION","SCH_BUS_IND","SCH_ZONE_IND","SECONDARY_CRASH","SMALL_TRUCK_COUNT","SPEC_JURIS_CD","SUSP_MINOR_INJ_COUNT","SUSP_SERIOUS_INJ_COUNT","SUV_COUNT","TCD_FUNC_CD","TCD_TYPE","TFC_DETOUR_IND","TIME_OF_DAY","TOTAL_UNITS","TOT_INJ_COUNT","UNBELTED_OCC_COUNT","UNB_DEATH_COUNT","UNB_SUSP_SERIOUS_INJ_COUNT","UNK_INJ_DEG_COUNT","UNK_INJ_PER_COUNT","URBAN_RURAL","VAN_COUNT","VEHICLE_COUNT","WEATHER1","WEATHER2","WORKERS_PRES","WORK_ZONE_IND","WORK_ZONE_LOC","WORK_ZONE_TYPE","WZ_CLOSE_DETOUR","WZ_FLAGGER","WZ_LAW_OFFCR_IND","WZ_LN_CLOSURE","WZ_MOVING","WZ_OTHER","WZ_SHLDER_MDN","WZ_WORKERS_INJ_KILLED"
"2022021837","","1","0","0","0","0","0","0","0","0","4","0","","67","2","2022","6","40.016994","-75.188321","","6","0","0","0","0","0","0","0","1","","0","0","0","","","0","","1","","40 01:01.180","","0","75 11:17.957","0","0","0","0","67301","0","0","0","N","0","0","0","2","00000","0","","1.0","","1","","","N","0","","0","0","0","","2","","","2","0","1","0","0","0","0","2","0","2","","","","N","","","","","","","","","",""
"2022064349","","0","0","0","0","0","0","0","0","0","5","0","","67","3","2022","6","39.975088","-75.194965","","6","0","0","0","0","0","0","0","0","","0","0","0","","","1","","1","","39 58:30.316","","0","75 11:41.875","8","0","0","0","67301","0","0","0","N","0","0","0","2","00000","0","","1.0","","1","","","N","0","","0","0","1","","2","","","2","1","0","0","0","1","0","2","0","2","","","","N","","","","","","","","","",""
"2022060104","2055","2","0","0","0","0","0","0","0","0","4","0","","67","6","2022","2","39.988786","-75.124433","2051","6","0","0","0","0","0","0","0","0","","0","0","0","","","0","","2","","39 59:19.628","","0","75 07:27.958","0","0","0","0","67301","0","0","0","N","0","0","0","2","67301","0","","1.0","","1","N","N","N","0","","0","0","0","","3","","","2","0","0","0","0","0","0","2","0","2","","03","","N","","","","","","","","","",""
"2022043827","","1","0","0","0","0","0","0","0","0","5","0","","67","4","2022","7","39.944224","-75.191869","","6","0","0","0","0","0","0","0","0","","0","0","0","","","0","N","0","","39 56:39.208","","0","75 11:30.730","0","0","0","0","67301","0","0","0","N","0","0","0","2","00000","0","","1.0","","1","","","N","0","","0","0","0","","0","","","2","0","0","0","0","0","0","2","0","2","","","","N","","","","","","","","","",""
"2022072861","1645","2","0","0","0","0","0","0","0","0","1","0","","67","8","2022","3","40.049811","-75.011169","1644","6","0","0","0","0","0","0","0","0","","0","0","0","","","5","N","0","","40 02:59.319","1","0","75 00:40.208","3","0","0","0","67301","0","0","0","N","0","0","0","5","67301","0","","1.0","1710.0","1","N","N","N","0","","5","0","0","","0","N","","2","5","0","0","0","0","0","2","0","2","","03","","N","","","","","","","","","",""
"2022069875","2133","0","0","0","0","0","0","0","0","0","8","0","","67","7","2022","7","40.047297","-75.162961","2132","6","0","0","0","0","0","0","0","0","","0","0","0","","","1","N","0","","40 02:50.270","","0","75 09:46.660","8","0","0","0","67301","1","0","0","N","1","0","0","2","67301","0","","2.0","","1","N","N","N","0","","0","0","0","","0","","","2","1","0","0","0","1","1","2","0","1","","03","","N","","","","","","","","","",""
"2022042901","1844","2","0","0","0","0","0","0","0","0","5","0","","67","5","2022","1","39.906861","-75.138472","1837","6","0","0","0","0","0","0","0","0","","0","0","0","","","1","N","0","","39 54:24.700","4","3","75 08:18.500","4","0","0","0","67301","0","0","0","N","0","0","0","3","67501","1","","1.0","1918.0","1","N","N","N","1","","0","0","0","","0","N","","3","1","0","0","0","0","0","2","0","3","","","","N","","","","","","","","","",""
"2022072934","1953","1","0","0","0","0","0","0","0","0","7","0","","67","8","2022","4","39.959444","-75.174375","1953","6","0","0","0","1","0","0","0","0","","0","0","0","","","0","N","0","","39 57:33.997","4","0","75 10:27.750","0","0","0","0","67301","0","0","0","N","0","0","0","1","68K01","0","","4.0","2020.0","1","N","N","N","0","","0","0","0","","0","N","","1","0","0","0","0","0","0","2","0","1","","03","","N","","","","","","","","","",""
"2022055656","1135","1","0","0","0","0","0","0","0","0","1","0","","67","5","2022","7","40.013583","-75.146417","1128","6","0","0","0","0","0","0","0","0","","0","0","0","","","1","N","0","","40 00:48.900","","0","75 08:47.100","8","0","0","0","67301","0","0","0","N","0","0","0","1","67301","0","","6.0","","99","N","N","Y","0","","0","0","2","","0","","","3","1","1","0","0","1","0","2","0","3","","","","N","","","","","","","","","",""
"2022050480","","2","0","0","0","0","0","0","0","0","1","0","","67","4","2022","3","40.043056","-75.161611","","6","0","0","0","0","0","0","0","0","","0","0","0","","","1","Y","0","","40 02:35.000","","0","75 09:41.800","8","0","0","0","67301","0","0","0","N","0","0","0","4","00000","0","","1.0","","1","","","N","0","","0","0","0","","2","","","4","1","0","0","0","1","0","2","0","4","","","","N","","","","","","","","","",""
"2022045143","2300","0","0","0","0","0","0","0","0","0","8","0","","67","5","2022","3","39.992931","-75.124947","2258","6","0","0","0","0","0","0","0","0","","0","0","0","","","1","N","0","","39 59:34.550","","0","75 07:29.810","3","0","0","0","67301","1","0","0","N","1","0","0","2","67301","0","","1.0","","1","N","N","N","0","","1","0","0","","0","","","2","1","0","0","0","0","0","2","0","1","","","","N","","","","","","","","","",""
"2022043893","0150","1","0","0","0","0","0","0","0","0","7","0","","67","5","2022","7","39.904045","-75.240114","0145","6","0","0","0","0","0","0","0","0","","0","0","0","","","1","","1","","39 54:14.563","","0","75 14:24.409","3","0","0","0","67301","0","0","0","N","0","0","0","1","67301","0","","3.0","","9","N","N","N","0","","1","0","0","","2","","","1","1","0","0","0","0","0","2","0","1","","07","","N","","","","","","","","","",""
"2022072216","0930","2","0","0","0","0","0","0","0","0","4","0","","67","7","2022","7","40.092133","-74.981881","0925","6","1","0","0","0","0","0","0","0","","0","0","0","","","1","","2","","40 05:31.677","","0","74 58:54.773","4","0","0","0","67301","0","0","0","N","0","0","0","3","67301","1","","1.0","","1","N","N","N","0","","0","0","0","","2","","","2","1","0","0","0","0","0","2","0","2","","03","","N","","","","","","","","","",""
"2022060153","1421","1","0","0","0","0","0","0","0","0","8","0","","67","6","2022","3","39.989372","-75.155545","1419","6","0","0","0","0","0","0","0","0","","0","0","0","","","4","","1","","39 59:21.740","4","0","75 09:19.962","8","0","0","0","67301","4","0","0","N","4","0","0","5","67301","0","","1.0","1510.0","1","N","N","N","0","","0","0","0","","2","Y","","5","4","0","0","0","4","0","2","0","1","","03","","N","","","","","","","","","",""
"2022044178","2205","3","0","0","0","0","0","0","0","0","2","0","","67","5","2022","1","40.012831","-75.071975","2151","6","0","0","0","0","0","0","0","0","","0","0","0","","","0","N","0","","40 00:46.190","","0","75 04:19.109","9","0","0","0","67301","0","0","0","N","0","0","0","1","67301","0","","6.0","","1","N","N","N","0","","0","0","0","","0","","","3","0","0","0","0","0","1","2","0","3","","04","","N","","","","","","","","","",""
"2022070064","0940","0","0","0","0","0","0","0","0","0","4","1","","67","7","2022","3","39.980903","-75.246543","0938","6","0","0","0","0","0","0","0","0","","0","1","0","","","2","","5","","39 58:51.249","","0","75 14:47.555","2","0","0","0","67301","0","0","0","N","0","0","0","7","67301","1","","1.0","","1","N","N","N","0","","0","1","1","","2","","","3","2","2","0","1","0","0","2","0","3","","","","N","","","","","","","","","",""
"2022061413","0653","1","0","0","0","0","0","0","0","0","2","1","","67","6","2022","1","39.954681","-75.235581","0653","6","0","0","0","0","0","0","0","0","","0","1","0","","","1","N","0","","39 57:16.850","","0","75 14:08.090","3","0","0","0","67301","0","0","0","N","0","0","0","1","67301","0","","6.0","","1","N","N","N","0","","1","0","0","","0","","","2","1","1","0","0","0","0","2","0","2","","03","","N","","","","","","","","","",""
"2022042089","0032","0","0","0","0","0","0","0","0","0","4","0","","67","5","2022","6","39.962926","-75.191387","0030","6","0","0","0","0","0","1","0","0","","0","0","0","","","0","","1","","39 57:46.535","","0","75 11:28.992","0","0","0","0","67301","0","0","0","N","0","0","0","2","67507","0","","1.0","","1","N","N","N","0","","0","0","2","","2","","","2","0","0","0","0","0","0","2","0","2","","03","","N","","","","","","","","","",""
"2022055548","0840","0","0","0","0","0","0","1","0","0","5","1","","67","6","2022","2","40.032151","-75.091828","0840","6","0","0","0","0","0","0","0","0","","0","0","0","","","1","","1","","40 01:55.743","2","0","75 05:30.580","3","0","0","0","67301","0","0","0","N","0","0","0","4","67301","0","","1.0","900.0","1","Y","N","N","0","","1","0","0","","2","N","","2","1","0","0","0","0","0","2","1","2","","03","","N","","","","","","","","","",""
"2022064075","1836","0","0","0","0","0","0","0","0","0","8","0","","67","6","2022","6","39.953333","-75.183743","1829","6","0","0","0","0","0","0","0","0","","0","0","0","","","1","","1","","39 57:11.997","","0","75 11:01.475","8","0","0","0","67301","1","0","0","N","1","0","0","2","67301","0","","1.0","","1","N","N","N","1","","0","0","0","","2","","","2","1","0","0","0","1","0","2","0","1","","03","","N","","","","","","","","","",""
"2022072239","0613","1","0","0","0","0","0","0","0","0","7","0","","67","8","2022","1","40.039092","-75.184436","0609","6","0","0","0","0","0","0","0","0","","0","0","0","","","1","N","0","","40 02:20.730","","0","75 11:03.970","2","0","0","0","67301","0","0","0","N","0","0","0","1","67301","0","","4.0","","1","N","N","N","0","","0","1","0","","0","","","1","1","1","0","1","0","0","2","0","1","","","","N","","","","","","","","","",""
"2022050558","1413","1","0","1","0","0","0","0","0","0","4","0","","67","5","2022","1","39.97406","-75.22773","1412","6","0","0","0","0","0","0","0","0","","0","0","0","","","1","","1","","39 58:26.616","6","0","75 13:39.827","2","0","0","0","67301","0","0","0","N","0","0","0","2","67301","0","","1.0","1600.0","1","N","N","N","0","","0","1","1","","3","N","","2","1","0","0","0","0","1","2","0","2","","03","","N","","","","","","","","","",""
"2022061975","0804","2","0","0","0","0","0","0","0","0","1","1","","67","7","2022","6","39.903733","-75.150444","0804","6","0","0","0","0","0","0","0","0","","0","1","0","","","2","N","0","","39 54:13.439","2","0","75 09:01.599","3","0","0","0","67301","0","0","0","N","0","0","0","4","68K01","0","","1.0","1000.0","1","N","N","N","0","","1","0","0","","0","N","","4","2","0","0","0","1","0","2","1","4","","","","N","","","","","","","","","",""
"2022043954","1610","1","0","0","0","0","0","0","0","0","4","0","","67","5","2022","3","39.96245","-75.195741","1605","6","0","0","0","0","0","0","1","0","","0","0","0","","","0","","1","","39 57:44.821","","0","75 11:44.667","9","0","0","0","67301","0","0","0","N","0","0","0","2","67301","0","","1.0","","1","N","N","N","1","","0","0","0","","3","","","2","0","0","0","0","0","2","2","0","2","","","","N","","","","","","","","","",""
"2022043861","2330","0","0","0","0","0","0","0","0","0","4","0","","67","5","2022","1","40.054742","-75.004806","2330","6","0","0","0","0","0","0","0","0","","0","0","0","","","1","","1","","40 03:17.072","","0","75 00:17.300","2","0","0","0","67301","0","0","0","N","0","0","0","4","67301","0","","1.0","","99","N","N","N","1","","0","1","1","","2","","","2","1","0","0","0","0","1","2","0","2","","03","","N","","","","","","","","","",""
"2022061390","0259","5","0","1","0","0","0","0","0","0","5","0","","67","7","2022","2","40.06202","-75.171345","0253","6","0","0","0","0","0","1","0","0","","0","0","0","","","1","N","0","","40 03:43.273","4","0","75 10:16.842","2","0","0","0","67301","0","0","0","N","0","0","0","1","67301","0","","4.0","400.0","1","N","N","N","0","","0","1","0","","0","N","","5","1","0","0","0","0","0","2","0","5","","","","N","","","","","","","","","",""
"2022043881","1047","3","0","0","0","0","0","0","0","0","1","0","","67","5","2022","2","39.918286","-75.209044","1035","6","0","0","0","0","0","0","0","0","","0","0","0","","","1","","2","","39 55:05.829","","0","75 12:32.558","3","0","0","0","67301","0","0","0","N","0","0","0","3","67301","0","","1.0","","1","N","N","N","0","","1","0","0","","2","","","3","1","1","0","0","0","0","2","0","3","","03","","N","","","","","","","","","",""
"2022069936","1744","0","0","0","0","0","0","0","0","0","2","0","","67","6","2022","2","39.997594","-75.111417","1744","6","0","0","0","0","0","0","0","0","","0","0","0","","","1","N","0","","39 59:51.340","","1","75 06:41.100","2","0","1","1","67301","0","0","0","N","0","0","0","2","67301","0","","1.0","","1","N","N","N","0","","0","1","1","","0","","","2","1","0","0","0","0","0","2","0","2","","03","","N","","","","","","","","","",""
"2022057945","2324","0","0","0","0","0","0","0","0","0","7","0","","67","6","2022","3","39.960037","-75.18002","2324","6","0","0","0","0","0","1","0","0","","0","0","0","","","0","","7","","39 57:36.133","3","2","75 10:48.072","0","0","0","0","67301","0","0","0","N","0","0","0","1","68K01","0","","2.0","2345.0","9","N","N","N","0","","0","0","1","","0","N","","1","0","1","0","0","0","0","2","0","1","","07","","N","","","","","","","","","",""
"2022048299","2200","0","0","0","0","0","0","0","0","0","7","0","","67","5","2022","2","40.020033","-75.200786","2159","6","0","0","0","0","0","0","0","0","","0","0","0","","","1","N","0","","40 01:12.120","","0","75 12:02.830","8","0","0","1","67301","0","0","0","N","0","0","0","1","67301","0","","4.0","","1","N","N","N","0","","0","0","0","","0","","","1","1","0","0","0","1","0","2","0","1","","03","","N","","","","","","","","","",""
"2022055923","1350","0","0","0","0","0","0","0","0","0","1","0","","67","6","2022","7","39.965462","-75.185903","1332","6","0","0","0","0","0","1","0","0","","0","0","0","","","1","N","0","","39 57:55.663","","0","75 11:09.251","4","0","0","0","67301","0","0","0","N","0","0","0","3","68K01","1","","1.0","","1","N","N","N","1","","0","0","2","","0","","","3","1","0","0","0","0","0","2","0","3","","03","","N","","","","","","","","","",""
"2022061053","2003","2","0","0","0","0","0","0","0","0","4","0","","67","6","2022","4","40.042934","-75.149956","2003","6","0","0","0","0","0","1","0","0","","0","0","0","","","0","","1","","40 02:34.562","2","0","75 08:59.841","0","0","0","0","67301","0","0","0","N","0","0","0","3","67301","0","","1.0","2200.0","1","N","N","N","0","","0","0","0","","3","N","","2","0","0","0","0","0","0","2","0","2","","03","","N","","","","","","","","","",""
"2022056970","1925","0","0","0","0","0","0","0","0","0","4","0","","67","6","2022","1","40.099527","-74.986368","1917","6","0","0","0","0","0","1","0","0","","0","0","0","","","2","","1","","40 05:58.296","","2","74 59:10.926","3","0","0","0","67301","0","0","0","N","0","0","0","2","67301","0","","1.0","","1","N","N","N","0","","2","0","1","","2","","","2","2","0","0","0","0","0","2","1","2","","03","","N","","","","","","","","","",""
"2022057148","2349","1","0","0","0","0","0","0","0","0","4","0","","67","6","2022","1","40.007217","-75.123438","2346","6","0","0","0","0","0","1","0","0","","0","0","0","","","1","","1","","40 00:25.981","","0","75 07:24.378","3","0","0","0","67301","0","0","0","N","0","0","0","4","67301","0","","1.0","","1","N","N","N","0","","1","0","1","","2","","","2","1","0","0","0","0","3","2","0","2","","03","","N","","","","","","","","","",""
"2022073284","1224","2","0","0","0","0","0","0","0","0","1","0","","67","7","2022","7","40.016297","-75.051455","1224","6","0","0","0","0","0","0","0","0","","0","0","0","","","1","N","0","","40 00:58.670","","0","75 03:05.237","3","0","0","0","67301","0","0","0","N","0","0","0","4","68K01","0","","1.0","","1","N","N","Y","0","","1","0","0","","0","","","2","1","0","0","0","0","0","2","0","2","","03","","N","","","","","","","","","",""
"2022046402","","1","0","0","0","0","0","0","0","0","1","0","","67","5","2022","6","40.105161","-75.032846","","6","0","0","0","0","0","0","0","0","","0","0","0","","","1","","1","","40 06:18.580","","0","75 01:58.246","8","0","0","0","67301","0","0","0","N","0","0","0","2","00000","0","","1.0","","1","","","N","0","","0","0","1","","2","","","2","1","0","0","0","1","0","2","0","2","","","","N","","","","","","","","","",""
"2022070499","1756","0","0","0","0","0","0","0","0","0","4","0","","67","7","2022","5","40.045531","-75.001741","1733","6","0","0","0","0","0","2","0","0","","0","0","0","","","6","N","0","","40 02:43.911","2","0","75 00:06.267","4","0","0","0","67301","0","0","0","Y","0","0","0","7","68K01","6","","1.0","1959.0","1","N","N","N","0","","0","0","3","","0","N","","3","6","0","0","0","0","0","2","0","3","","","","N","","","","","","","","","",""
"2022048810","","1","0","0","0","0","0","0","0","0","4","0","","67","5","2022","6","39.987671","-75.22498","","6","0","0","0","0","0","0","0","0","","0","0","0","","","1","","2","","39 59:15.615","","0","75 13:29.927","8","0","0","0","67301","0","0","0","N","0","0","0","2","00000","0","","1.0","","1","","","N","0","","0","0","0","","2","","","2","1","0","0","0","1","0","2","0","2","","","","N","","","","","","","","","",""
"2022060113","1400","2","0","0","0","0","0","0","0","0","1","0","","67","6","2022","7","40.047504","-75.142902","1400","6","0","0","0","0","0","0","0","0","","0","0","0","","","1","","1","","40 02:51.013","","0","75 08:34.447","8","0","0","0","67301","0","0","0","N","0","0","0","3","67301","0","","1.0","","99","N","N","N","0","","0","0","0","","2","","","2","1","1","0","0","1","2","2","0","2","","","","N","","","","","","","","","",""
"2022056038","2041","2","0","0","0","0","0","0","0","0","4","0","","67","6","2022","3","39.971811","-75.125954","2040","6","0","0","0","0","0","0","0","0","","0","0","0","","","0","","1","","39 58:18.518","","0","75 07:33.433","0","0","0","0","67301","0","0","0","N","0","0","0","2","67301","0","","1.0","","1","N","N","N","0","","0","0","0","","2","","","2","0","0","0","0","0","0","2","0","2","","","","N","","","","","","","","","",""
"2022044078","","1","0","0","0","0","0","0","0","0","5","0","","67","5","2022","5","40.033655","-75.071805","","6","0","0","0","0","0","0","0","0","","0","0","0","","","1","N","0","","40 02:01.157","","0","75 04:18.499","8","0","0","1","67301","0","0","0","N","0","0","0","2","00000","0","","1.0","","1","","","N","0","","0","0","0","","0","","","2","1","0","0","0","1","0","2","0","2","","","","N","","","","","","","","","",""
"2022057144","0147","1","0","0","0","0","0","0","0","0","7","0","","67","6","2022","2","39.964092","-75.184328","0147","6","0","0","0","0","0","0","0","0","","0","0","0","","","0","N","0","","39 57:50.731","3","3","75 11:03.579","0","0","0","0","67301","0","0","0","N","0","0","0","0","67301","0","","5.0","347.0","1","N","N","N","0","","0","0","0","","0","N","","1","0","0","0","0","0","0","2","0","1","","03","","N","","","","","","","","","",""
"2022060695","1150","1","0","0","0","0","0","0","0","0","4","0","","67","6","2022","2","40.062593","-75.009551","1142","6","0","0","0","0","0","0","0","0","","0","0","0","","","1","","1","","40 03:45.334","","0","75 00:34.383","3","0","0","0","67301","0","0","0","N","0","0","0","2","67301","0","","1.0","","1","N","N","N","0","","1","0","1","","2","","","2","1","0","0","0","0","0","2","0","2","","04","","N","","","","","","","","","",""
"2022055410","","1","0","0","0","0","0","0","0","0","5","0","","67","5","2022","6","40.056566","-75.04655","","6","0","0","0","0","0","0","0","0","","0","0","0","","","1","","1","","40 03:23.636","","0","75 02:47.581","8","0","0","0","67301","0","0","0","N","0","0","0","2","00000","0","","1.0","","1","","","N","0","","0","0","0","","2","","","2","1","0","0","0","1","0","2","1","2","","","","N","","","","","","","","","",""
"2022056820","0354","1","0","0","0","0","0","0","0","0","4","0","","67","6","2022","7","40.030041","-75.103207","0340","6","0","0","0","0","0","0","0","0","","0","0","0","","","1","","1","","40 01:48.146","2","0","75 06:11.546","3","0","0","0","67301","0","0","0","N","0","0","0","2","67301","0","","1.0","459.0","1","N","N","N","0","","1","0","1","","2","Y","","2","1","0","0","0","0","0","2","0","2","","03","","N","","","","","","","","","",""
"2022068202","2324","2","0","0","0","0","0","0","0","0","5","0","","67","6","2022","2","39.959346","-75.173584","2317","6","0","0","0","0","0","0","0","0","","0","0","0","","","2","N","0","","39 57:33.644","4","0","75 10:24.901","8","0","0","0","67301","0","0","0","N","0","0","0","2","68K01","0","","1.0","2350.0","1","N","N","N","0","","0","0","0","","0","N","","2","2","0","0","0","2","0","2","0","2","","03","","N","","","","","","","","","",""
"2022072290","1350","2","0","0","0","0","0","0","0","0","4","0","","67","8","2022","2","39.971866","-75.148658","1339","6","0","0","0","0","0","0","0","0","","0","0","0","","","1","","1","","39 58:18.717","","0","75 08:55.168","3","0","0","0","67301","0","0","0","N","0","0","0","1","67301","0","","1.0","","1","N","N","N","0","","1","0","0","","3","","","2","1","1","0","0","0","0","2","0","2","","04","","N","","","","","","","","","",""
"2022073656","1757","2","0","1","0","0","0","0","0","1","4","0","","67","8","2022","5","39.921017","-75.22412","1750","6","0","0","0","0","0","0","0","0","","0","0","0","","","5","","1","","39 55:15.660","3","0","75 13:26.832","2","0","0","0","67301","0","0","0","N","0","0","0","6","67301","0","","1.0","1957.0","1","N","N","N","0","","4","1","0","","2","Y","","2","5","0","0","0","0","0","2","0","2","","","","N","","","","","","","","","",""
"2022057755","1100","1","0","0","0","0","0","0","0","0","4","0","","67","6","2022","2","40.034591","-75.044907","1053","6","0","0","0","0","0","0","1","0","","0","0","0","","","1","","1","","40 02:04.528","","0","75 02:41.665","3","0","0","0","67301","0","0","0","N","0","0","0","2","67301","0","","1.0","","1","N","N","N","0","","1","0","1","","2","","","2","1","0","0","0","0","0","2","0","2","","03","","N","","","","","","","","","",""
"2022071416","2003","2","0","0","0","0","0","0","0","0","4","0","","67","8","2022","5","39.978684","-75.157874","2000","6","0","0","0","0","0","0","0","0","","0","0","0","","","1","N","1","","39 58:43.264","","0","75 09:28.346","4","0","0","0","67301","0","0","0","N","0","0","0","2","67505","1","","1.0","","1","N","N","N","0","","0","0","0","","2","N","","2","1","0","0","0","0","1","2","0","2","","03","","N","","","","","","","","","",""
"2022057894","2229","0","0","0","0","0","0","0","0","0","7","0","","67","5","2022","5","39.969946","-75.125451","2224","6","0","0","0","0","0","0","0","0","","0","0","0","","","0","","7","","39 58:11.804","","2","75 07:31.625","0","0","0","0","67301","0","0","0","N","0","0","0","2","68K01","0","","7.0","","1","N","N","N","0","","0","0","1","","0","","","1","0","0","0","0","0","0","2","0","1","","03","","N","","","","","","","","","",""
"2022043803","1235","1","0","0","0","0","0","0","0","0","4","0","","67","5","2022","1","40.027709","-75.098754","1223","6","0","0","0","0","1","1","0","0","","0","0","0","","","3","","1","","40 01:39.754","","0","75 05:55.514","3","0","0","0","67301","0","0","0","N","0","0","0","6","67301","0","","1.0","","1","N","N","N","0","","3","0","1","","2","","","2","3","0","0","0","0","0","2","0","2","","03","","N","","","","","","","","","",""
"2022072235","2304","1","0","0","0","0","0","0","0","0","4","0","","67","8","2022","5","40.066303","-75.180518","2253","6","0","0","0","0","0","0","0","0","","0","0","0","","","0","","1","","40 03:58.690","4","0","75 10:49.864","0","0","0","0","67301","0","0","0","N","0","0","0","2","67301","0","","1.0","20.0","9","N","N","N","0","","0","0","1","","3","N","","2","0","0","0","0","0","0","2","0","2","","07","","N","","","","","","","","","",""
"2022066478","","1","0","0","0","0","0","0","0","0","1","0","","67","4","2022","5","39.944935","-75.239177","","6","0","0","0","0","0","0","1","0","","0","0","0","","","2","","2","","39 56:41.767","","0","75 14:21.037","8","0","0","0","67301","0","0","0","N","0","0","0","3","00000","0","","1.0","","1","","","N","0","","0","0","0","","3","","","2","2","0","0","0","2","0","2","0","2","","","","N","","","","","","","","","",""
"2022057143","1736","2","0","0","0","0","0","0","0","0","4","0","","67","6","2022","1","39.95872","-75.162257","1733","6","0","0","0","0","1","0","0","0","","0","0","0","","","0","","1","","39 57:31.392","2","0","75 09:44.125","0","0","0","0","67301","0","0","0","N","0","0","0","2","67301","0","","1.0","1757.0","1","N","N","Y","0","","0","0","0","","0","N","","2","0","0","0","0","0","0","2","0","2","","03","","N","","","","","","","","","",""
"2022057265","1239","1","0","0","0","0","0","0","0","0","4","0","","67","6","2022","2","39.90369","-75.243251","1225","6","0","0","0","0","0","2","0","0","","0","0","0","","","0","","1","","39 54:13.283","","0","75 14:35.703","0","0","0","0","67301","0","0","0","Y","0","0","0","2","67301","0","","1.0","","1","N","N","Y","0","","0","0","1","","2","","","2","0","0","0","0","0","0","2","0","2","","03","","N","","","","","","","","","",""
"2022060077","1612","0","0","0","0","0","0","0","0","0","8","0","","67","6","2022","2","39.998509","-75.129281","1608","6","0","0","0","0","0","0","0","0","","0","0","0","","","1","","1","","39 59:54.633","","0","75 07:45.412","2","0","0","0","67301","1","0","1","N","1","0","1","2","67301","0","","1.0","","1","N","N","N","0","","0","1","1","","2","","","2","1","0","0","0","0","0","2","0","1","","03","","N","","","","","","","","","",""
"2022072194","1618","1","0","0","0","0","0","0","0","0","8","0","","67","4","2022","5","40.034549","-75.078894","1606","6","0","0","0","0","0","0","0","0","","0","0","0","","","1","","1","","40 02:04.376","","0","75 04:44.018","3","0","0","0","67301","1","0","0","N","1","0","0","2","67301","0","","1.0","","9","N","N","N","0","","1","0","0","","3","","","2","1","0","0","0","0","0","2","0","1","","04","","N","","","","","","","","","",""
"2022056907","1701","1","0","0","0","0","0","0","0","0","4","0","","67","6","2022","7","39.969665","-75.211511","1659","6","0","0","0","0","0","0","0","0","","0","0","0","","","1","","1","","39 58:10.794","1","0","75 12:41.441","8","0","0","0","67301","0","0","0","N","0","0","0","6","67301","0","","1.0","1730.0","1","N","N","N","0","","0","0","1","","2","N","","2","1","0","0","0","1","5","2","0","2","","","","N","","","","","","","","","",""
"2022063089","0831","0","0","0","0","0","0","0","0","0","4","0","","67","6","2022","6","39.978065","-75.214213","0831","6","0","0","0","0","0","0","0","0","","0","0","0","","","3","N","0","","39 58:41.035","4","0","75 12:51.167","3","0","0","0","67301","0","0","0","N","0","0","0","3","67301","1","","1.0","1050.0","1","N","N","N","0","","2","0","2","","0","N","","2","3","2","0","0","0","0","2","0","2","","","","N","","","","","","","","","",""
"2022043295","0232","1","0","0","0","0","0","0","0","0","7","0","","67","5","2022","6","39.91412","-75.18757","0231","6","0","0","0","1","0","0","0","0","","0","0","0","","","0","N","0","","39 54:50.832","3","3","75 11:15.251","0","0","0","0","67301","0","0","0","N","0","0","0","2","67501","0","","4.0","250.0","1","N","N","N","0","","0","0","0","","0","N","","1","0","0","0","0","0","0","2","0","1","","03","","N","","","","","","","","","",""
"2022071901","0102","3","0","0","0","0","0","0","0","0","1","0","","67","8","2022","1","40.004669","-75.152128","0102","6","0","0","0","0","0","0","0","0","","0","0","0","","","4","N","0","","40 00:16.808","","0","75 09:07.660","8","0","0","0","67301","0","0","0","N","0","0","0","4","67505","0","","1.0","","1","N","N","N","0","","0","0","0","","0","","","3","4","0","0","0","4","0","2","0","3","","","","N","","","","","","","","","",""