"CRN","ARRIVAL_TM","AUTOMOBILE_COUNT","BELTED_DEATH_COUNT","BELTED_SUSP_SERIOUS_INJ_COUNT","BICYCLE_COUNT","BICYCLE_DEATH_COUNT","BICYCLE_SUSP_SERIOUS_INJ_COUNT","BUS_COUNT","CHLDPAS_DEATH_COUNT","CHLDPAS_SUSP_SERIOUS_INJ_COUNT","COLLISION_TYPE","COMM_VEH_COUNT","CONS_ZONE_SPD_LIM","COUNTY","CRASH_MONTH","CRASH_YEAR","DAY_OF_WEEK","DEC_LATITUDE","DEC_LONGITUDE","DISPATCH_TM","DISTRICT","DRIVER_COUNT_16YR","DRIVER_COUNT_17YR","DRIVER_COUNT_18YR","DRIVER_COUNT_19YR","DRIVER_COUNT_20YR","DRIVER_COUNT_50_64YR","DRIVER_COUNT_65_74YR","DRIVER_COUNT_75PLUS","EST_HRS_CLOSED","FATAL_COUNT","HEAVY_TRUCK_COUNT","HORSE_BUGGY_COUNT","HOUR_OF_DAY","ILLUMINATION","INJURY_COUNT","INTERSECTION_RELATED","INTERSECT_TYPE","LANE_CLOSED","LATITUDE","LN_CLOSE_DIR","LOCATION_TYPE","LONGITUDE","MAX_SEVERITY_LEVEL","MCYCLE_DEATH_COUNT","MCYCLE_SUSP_SERIOUS_INJ_COUNT","MOTORCYCLE_COUNT","MUNICIPALITY","NONMOTR_COUNT","NONMOTR_DEATH_COUNT","NONMOTR_SUSP_SERIOUS_INJ_COUNT","NTFY_HIWY_MAINT","PED_COUNT","PED_DEATH_COUNT","PED_SUSP_SERIOUS_INJ_COUNT","PERSON_COUNT","POLICE_AGCY","POSSIBLE_INJ_COUNT","RDWY_SURF_TYPE_CD","RELATION_TO_ROAD","ROADWAY_CLEARED","ROAD_CONDITION","SCH_BUS_IND","SCH_ZONE_IND","SECONDARY_CRASH","SMALL_TRUCK_COUNT","SPEC_JURIS_CD","SUSP_MINOR_INJ_COUNT","SUSP_SERIOUS_INJ_COUNT","SUV_COUNT","TCD_FUNC_CD","TCD_TYPE","TFC_DETOUR_IND","TIME_OF_DAY","TOTAL_UNITS","TOT_INJ_COUNT","UNBELTED_OCC_COUNT","UNB_DEATH_COUNT","UNB_SUSP_SERIOUS_INJ_COUNT","UNK_INJ_DEG_COUNT","UNK_INJ_PER_COUNT","URBAN_RURAL","VAN_COUNT","VEHICLE_COUNT","WEATHER1","WEATHER2","WORKERS_PRES","WORK_ZONE_IND","WORK_ZONE_LOC","WORK_ZONE_TYPE","WZ_CLOSE_DETOUR","WZ_FLAGGER","WZ_LAW_OFFCR_IND","WZ_LN_CLOSURE","WZ_MOVING","WZ_OTHER","WZ_SHLDER_MDN","WZ_WORKERS_INJ_KILLED"
"2022061806","1117","0","0","0","0","0","0","0","0","0","7","0","","67","6","2022","1","39.981199","-75.206614","1116","6","0","0","0","0","0","0","0","0","","0","0","0","","","0","N","0","","39 58:52.318","4","0","75 12:23.810","0","0","0","0","67301","0","0","0","N","0","0","0","1","68K01","0","","4.0","1150.0","9","N","N","N","0","","0","0","1","","0","N","","1","0","0","0","0","0","0","2","0","1","","","","N","","","","","","","","","",""
"2022056679","0350","3","0","0","0","0","0","0","0","0","5","0","","67","6","2022","7","39.990955","-75.131826","0350","6","0","0","0","0","0","0","0","0","","0","0","0","","","0","N","0","","39 59:27.438","","0","75 07:54.573","0","0","0","0","67301","0","0","0","N","0","0","0","1","67301","0","","6.0","","1","N","N","N","0","","0","0","0","","0","","","3","0","0","0","0","0","0","2","0","3","","","","N","","","","","","","","","",""
"2022048840","","2","0","0","0","0","0","0","0","0","4","0","","67","5","2022","7","39.917183","-75.246303","","6","0","0","0","0","0","0","0","0","","0","0","0","","","0","","1","","39 55:01.859","","0","75 14:46.691","0","0","0","0","67301","0","0","0","N","0","0","0","2","00000","0","","1.0","","1","","","N","0","","0","0","0","","2","","","2","0","0","0","0","0","0","2","0","2","","","","N","","","","","","","","","",""
"2022072812","0311","1","0","0","0","0","0","0","0","0","1","0","","67","7","2022","4","40.006299","-75.19717","0307","6","0","0","0","0","0","0","0","0","","0","0","0","","","4","N","0","","40 00:22.676","4","0","75 11:49.812","3","0","0","0","67301","0","0","0","N","0","0","0","4","68K01","0","","1.0","400.0","1","N","N","N","0","","4","0","1","","0","N","","2","4","1","0","0","0","0","2","0","2","","03","","N","","","","","","","","","",""
"2022069850","1805","1","0","0","0","0","0","1","0","0","5","1","","67","7","2022","5","39.979143","-75.213776","1754","6","0","0","0","0","0","0","0","0","","0","0","0","","","1","N","0","","39 58:44.915","3","0","75 12:49.593","3","0","0","0","67301","0","0","0","N","0","0","0","4","67301","0","","1.0","1930.0","1","N","N","N","0","","1","0","1","","0","Y","","3","1","1","0","0","0","0","2","0","3","","03","","N","","","","","","","","","",""
"2022069651","2006","1","0","0","0","0","0","0","0","0","1","0","","67","7","2022","4","40.01809","-75.170206","2006","6","0","0","0","0","0","0","0","0","","0","0","0","","","0","N","0","","40 01:05.124","","0","75 10:12.741","9","0","0","0","67301","0","0","0","N","0","0","0","2","68K01","0","","1.0","","1","N","N","N","0","","0","0","1","","0","","","2","0","0","0","0","0","1","2","0","2","","","","N","","","","","","","","","",""
"2022055907","0901","1","0","0","0","0","0","0","0","0","7","0","","67","5","2022","5","39.970966","-75.124561","0849","6","0","0","0","0","0","0","0","0","","0","0","0","","","1","N","0","","39 58:15.479","1","0","75 07:28.418","3","0","0","0","67301","0","0","0","N","0","0","0","2","68K01","0","","4.0","924.0","1","N","N","N","0","","1","0","0","","0","N","","1","1","1","0","0","0","0","2","0","1","","03","","N","","","","","","","","","",""
"2022071372","1555","1","0","0","0","0","0","0","0","0","1","0","","67","7","2022","5","40.034564","-75.018832","1534","6","0","0","0","0","0","0","0","0","","0","0","0","","","1","N","0","","40 02:04.430","1","0","75 01:07.796","8","0","0","0","67301","0","0","0","N","0","0","0","1","68K01","0","","1.0","1610.0","1","N","N","N","1","","0","0","0","","0","N","","2","1","0","0","0","1","0","2","0","2","","03","","N","","","","","","","","","",""
"2022073006","1303","2","0","0","0","0","0","0","0","0","4","0","","67","8","2022","3","40.092437","-75.066147","1258","6","0","0","0","0","1","0","0","0","","0","0","0","","","0","","2","","40 05:32.773","","0","75 03:58.129","0","0","0","0","67301","0","0","0","N","0","0","0","4","67301","0","","1.0","","1","N","N","N","0","","0","0","0","","2","","","2","0","0","0","0","0","0","2","0","2","","03","","N","","","","","","","","","",""
"2022063087","0248","2","0","0","0","0","0","0","0","0","5","0","","67","6","2022","5","39.968758","-75.232669","0245","6","0","0","0","0","0","0","0","0","","0","0","0","","","0","N","0","","39 58:07.530","","0","75 13:57.610","0","0","0","0","67301","0","0","0","N","0","0","0","1","67301","0","","6.0","","1","N","N","N","0","","0","0","0","","0","","","2","0","0","0","0","0","0","2","0","2","","03","","N","","","","","","","","","",""
"2022056971","0738","1","0","0","0","0","0","0","0","0","4","0","","67","6","2022","1","40.02921","-75.05652","0738","6","0","0","0","0","0","0","0","0","","0","0","0","","","2","N","0","","40 01:45.155","","0","75 03:23.471","3","0","0","0","67301","0","0","0","N","0","0","0","3","67301","0","","1.0","","1","N","N","N","0","","2","0","0","","0","","","2","2","0","0","0","0","0","2","0","2","","","","N","","","","","","","","","",""
"2022043814","1405","1","0","0","0","0","0","0","0","0","5","0","","67","5","2022","7","39.937333","-75.164694","1403","6","0","0","0","0","0","0","0","0","","0","0","0","","","0","N","0","","39 56:14.400","","0","75 09:52.900","0","0","0","0","67301","0","0","0","N","0","0","0","1","67301","0","","6.0","","9","N","N","N","0","","0","0","1","","0","","","2","0","1","0","0","0","0","2","0","2","","07","","N","","","","","","","","","",""
"2022061701","2246","1","0","0","0","0","0","0","0","0","6","0","","67","7","2022","6","39.941611","-75.235194","2246","6","0","0","0","0","0","0","0","0","","0","0","0","","","3","N","0","","39 56:29.800","","0","75 14:06.700","3","0","0","0","67301","0","0","0","N","0","0","0","5","67301","0","","1.0","","1","N","N","N","0","","3","0","2","","0","","","3","3","0","0","0","0","0","2","0","3","","03","","N","","","","","","","","","",""
"2022060109","1845","0","0","0","0","0","0","0","0","0","1","0","","67","6","2022","6","40.02733","-75.147299","1840","6","0","0","0","0","0","0","0","0","","0","0","0","","","2","N","0","","40 01:38.387","","0","75 08:50.276","3","0","0","0","67301","0","0","0","N","0","0","0","2","67301","0","","6.0","","1","N","N","N","0","","2","0","2","","0","","","2","2","0","0","0","0","0","2","0","2","","03","","N","","","","","","","","","",""
"2022058926","1810","3","0","0","0","0","0","0","0","0","1","0","","67","6","2022","4","39.954139","-75.140972","1810","6","0","0","0","0","0","0","0","0","","0","0","0","","","1","N","0","","39 57:14.900","","3","75 08:27.500","3","0","0","0","67301","0","0","0","N","0","0","0","5","67501","0","","1.0","","1","N","N","N","0","","1","0","0","","8","","","3","1","0","0","0","0","0","2","0","3","","","","N","","","","","","","","","",""
"2022070026","1452","1","0","0","0","0","0","0","0","0","4","0","","67","7","2022","1","40.000473","-75.119614","1452","6","0","0","0","0","0","1","0","0","","0","0","0","","","2","","1","","40 00:01.702","","0","75 07:10.610","3","0","0","0","67301","0","0","0","N","0","0","0","2","67301","0","","1.0","","1","N","N","N","0","","2","0","0","","3","","","2","2","0","0","0","0","0","2","1","2","","03","","N","","","","","","","","","",""
"2022060117","0217","1","0","0","0","0","0","0","0","0","4","0","","67","6","2022","6","40.003986","-75.158916","0205","6","0","0","0","0","0","0","0","0","","0","0","0","","","1","","2","","40 00:14.349","","0","75 09:32.097","3","0","0","0","67301","0","0","0","N","0","0","0","1","67301","0","","1.0","","1","N","N","N","0","","1","0","1","","3","","","2","1","1","0","0","0","0","2","0","2","","03","","N","","","","","","","","","",""
"2022043920","1750","0","0","0","0","0","0","0","0","0","4","0","","67","5","2022","3","40.061913","-75.163162","1745","6","0","0","0","0","0","0","0","0","","0","0","0","","","1","","1","","40 03:42.886","","0","75 09:47.382","3","0","0","0","67301","0","0","0","N","0","0","0","4","67301","0","","1.0","","1","N","N","N","0","","1","0","1","","2","","","2","1","0","0","0","0","0","2","0","2","","","","N","","","","","","","","","",""
"2022061574","0755","1","0","0","0","0","0","0","0","0","4","0","","67","7","2022","6","39.926643","-75.235595","0739","6","0","0","0","0","0","0","0","0","","0","0","0","","","2","","1","","39 55:35.914","","0","75 14:08.141","3","0","0","0","67301","0","0","0","N","0","0","0","2","67301","0","","1.0","","1","N","N","N","0","","2","0","1","","2","","","2","2","0","0","0","0","0","2","0","2","","03","","N","","","","","","","","","",""
"2022072789","1710","2","0","0","0","0","0","0","0","0","1","0","","67","7","2022","4","39.977188","-75.199251","1654","6","0","0","0","0","1","1","1","0","","0","0","0","","","0","N","0","","39 58:37.875","","0","75 11:57.303","0","0","0","0","67301","0","0","0","N","0","0","0","3","68K03","0","","1.0","","1","N","N","Y","0","","0","0","1","","0","","","3","0","0","0","0","0","0","2","0","3","","03","","N","","","","","","","","","",""
"2022068549","1748","2","0","0","0","0","0","0","0","0","5","0","","67","6","2022","2","39.928258","-75.193997","1745","6","0","0","0","0","0","0","0","0","","0","0","0","","","1","N","0","","39 55:41.730","2","0","75 11:38.390","4","0","0","0","67301","0","0","0","N","0","0","0","2","67301","1","","6.0","1800.0","9","N","N","N","0","","0","0","2","","0","Y","","4","1","0","0","0","0","0","2","0","4","","","","N","","","","","","","","","",""
"2022072587","0248","2","0","0","0","0","0","0","0","0","4","0","","67","5","2022","7","39.992933","-75.113837","0240","6","0","0","0","0","0","0","0","0","","0","0","0","","","1","","1","","39 59:34.558","","0","75 06:49.813","3","0","0","0","67301","0","0","0","N","0","0","0","3","67301","0","","1.0","","1","N","N","N","0","","1","0","0","","2","","","2","1","0","0","0","0","1","2","0","2","","04","","N","","","","","","","","","",""
"2022072816","0615","0","0","0","0","0","0","0","0","0","7","1","","67","7","2022","7","40.045725","-74.999781","0610","6","0","0","0","0","0","0","0","0","","0","1","0","","","1","N","0","","40 02:44.609","1","2","74 59:59.210","8","0","0","0","67301","0","0","0","Y","0","0","0","2","68K01","0","","2.0","1000.0","1","N","N","N","0","","0","0","0","","0","N","","1","1","0","0","0","1","0","2","0","1","","03","","N","","","","","","","","","",""
"2022043841","0015","1","0","0","0","0","0","0","0","0","7","0","","67","5","2022","7","40.079","-75.034389","0008","6","0","0","0","0","0","0","0","0","","0","0","0","","","0","N","0","","40 04:44.400","","0","75 02:03.800","9","0","0","0","67301","0","0","0","N","0","0","0","1","67301","0","","5.0","","9","N","N","N","0","","0","0","0","","0","","","1","0","0","0","0","0","1","2","0","1","","","","N","","","","","","","","","",""
"2022048108","1531","0","0","0","0","0","0","0","0","0","1","0","","67","5","2022","1","39.991083","-75.155235","1528","6","0","0","0","0","0","0","0","0","","0","0","0","","","2","N","0","","39 59:27.897","","0","75 09:18.847","3","0","0","0","67301","0","0","0","N","0","0","0","6","67301","1","","1.0","","1","N","N","N","0","","1","0","1","","0","","","2","2","3","0","0","0","1","2","1","2","","","","N","","","","","","","","","",""
"2022047787","1037","1","0","0","0","0","0","0","0","0","8","0","","67","5","2022","4","40.016389","-75.146667","1035","6","0","0","0","0","0","0","0","0","","0","0","0","","","1","N","0","","40 00:59.000","","0","75 08:48.000","2","0","0","0","67301","1","0","1","N","1","0","1","2","67301","0","","1.0","","1","N","N","N","0","","0","1","0","","0","","","2","1","1","0","0","0","0","2","0","1","","04","","N","","","","","","","","","",""
"2022057027","0952","0","0","0","0","0","0","1","0","0","8","1","","67","6","2022","1","39.971303","-75.149789","0950","6","0","0","0","0","0","0","0","0","","0","0","0","","","1","N","0","","39 58:16.690","","0","75 08:59.240","3","0","0","0","67301","1","0","0","N","1","0","0","2","67301","0","","1.0","","1","N","N","N","0","","1","0","0","","0","","","2","1","0","0","0","0","0","2","0","1","","","","N","","","","","","","","","",""
"2022044109","1335","1","0","0","0","0","0","0","0","0","4","0","","67","5","2022","6","40.041142","-75.120167","1335","6","0","0","0","0","0","1","0","0","","0","0","0","","","1","N","0","","40 02:28.110","","7","75 07:12.600","8","0","0","0","67301","0","0","0","N","0","0","0","3","67301","0","","1.0","","9","N","N","N","0","","0","0","1","","0","","","2","1","0","0","0","1","1","2","0","2","","04","","N","","","","","","","","","",""
"2022054585","0112","1","0","0","0","0","0","0","0","0","7","0","","67","5","2022","7","39.989817","-75.087085","0150","6","0","0","0","0","0","0","0","0","","0","0","0","","","0","N","0","","39 59:23.340","","0","75 05:13.507","0","0","0","0","67301","0","0","0","N","0","0","0","1","68K01","0","","4.0","","9","N","N","N","0","","0","0","0","","0","","","1","0","0","0","0","0","0","2","0","1","","","","N","","","","","","","","","",""
"2022044110","1142","2","0","0","0","0","0","0","0","0","4","0","","67","5","2022","7","40.029908","-75.14601","1119","6","0","0","0","0","0","1","0","0","","0","0","0","","","1","","1","","40 01:47.668","","0","75 08:45.636","3","0","0","0","67301","0","0","0","N","0","0","0","2","67301","0","","1.0","","9","N","N","N","0","","1","0","0","","2","","","2","1","0","0","0","0","1","2","0","2","","","","N","","","","","","","","","",""
"2022062679","1258","1","0","0","0","0","0","0","0","0","7","0","","67","6","2022","3","39.976546","-75.196623","1250","6","0","0","0","0","0","0","0","0","","0","0","0","","","0","","6","","39 58:35.567","1","2","75 11:47.843","0","0","0","0","67301","0","0","0","N","0","0","0","2","68K01","0","","4.0","1340.0","8","N","N","N","1","","0","0","0","","2","N","","2","0","0","0","0","0","0","2","0","2","","03","","N","","","","","","","","","",""
"2022062308","0954","3","0","0","0","0","0","0","0","0","1","0","","67","5","2022","7","39.967405","-75.189101","0946","6","0","0","0","0","1","0","0","0","","0","0","0","","","0","N","0","","39 58:02.658","","0","75 11:20.762","0","0","0","0","67301","0","0","0","N","0","0","0","3","68K01","0","","1.0","","1","N","N","N","0","","0","0","0","","0","","","3","0","0","0","0","0","0","2","0","3","","","","N","","","","","","","","","",""
"2022056479","1632","2","0","0","0","0","0","0","0","0","2","0","","67","6","2022","6","39.986524","-75.157896","1630","6","0","0","0","0","0","0","0","0","","0","0","0","","","1","N","1","","39 59:11.485","","0","75 09:28.427","3","0","0","0","67301","0","0","0","N","0","0","0","3","67505","0","","1.0","","1","N","N","N","0","","1","0","0","","2","","","2","1","0","0","0","0","0","2","0","2","","03","","N","","","","","","","","","",""
"2022056757","1009","1","0","0","0","0","0","0","0","0","7","0","","67","4","2022","7","39.99535","-75.08354","0956","6","0","0","0","0","0","0","0","0","","0","0","0","","","0","N","0","","39 59:43.261","2","0","75 05:00.744","0","0","0","0","67301","0","0","0","N","0","0","0","1","68K01","0","","4.0","1035.0","1","N","N","N","0","","0","0","0","","8","N","","1","0","0","0","0","0","0","2","0","1","","","","N","","","","","","","","","",""
"2022056885","0655","0","0","0","0","0","0","0","0","0","1","1","","67","6","2022","6","40.007289","-75.076114","0642","6","0","0","0","0","0","0","0","0","","0","1","0","","","0","N","0","","40 00:26.240","","0","75 04:34.010","0","0","0","0","67301","0","0","0","N","0","0","0","2","68K01","0","","1.0","","1","N","N","N","1","","0","0","0","","0","","","2","0","0","0","0","0","0","2","0","2","","","","N","","","","","","","","","",""
"2022045209","1836","1","0","0","0","0","0","0","0","0","7","0","","67","5","2022","5","40.01315","-75.092482","1831","6","0","0","0","0","0","1","0","0","","0","0","0","","","1","","3","","40 00:47.339","","0","75 05:32.935","4","0","0","0","67301","0","0","0","N","0","0","0","1","67301","1","","5.0","","1","N","N","N","0","","0","0","0","","3","","","1","1","0","0","0","0","0","2","0","1","","","","N","","","","","","","","","",""
"2022055949","1657","0","0","0","0","0","0","0","0","0","1","0","","67","6","2022","7","39.985183","-75.094091","1647","6","0","0","0","0","0","1","0","0","","0","0","0","","","2","N","0","","39 59:06.660","","0","75 05:38.728","4","0","0","0","67301","0","0","0","N","0","0","0","7","68K01","2","","1.0","","1","N","N","N","0","","0","0","3","","0","","","3","2","0","0","0","0","0","2","0","3","","03","","N","","","","","","","","","",""
"2022043991","1050","1","0","0","0","0","0","0","0","0","4","0","","67","5","2022","1","39.991604","-75.228061","0959","6","0","0","0","0","1","0","0","0","","0","0","0","","","0","","1","","39 59:29.774","","0","75 13:41.019","0","0","0","0","67301","0","0","0","N","0","0","0","2","67301","0","","1.0","","1","N","N","N","0","","0","0","1","","3","","","2","0","2","0","0","0","0","2","0","2","","04","","N","","","","","","","","","",""
"2022047214","2118","0","0","0","0","0","0","0","0","0","4","0","","67","5","2022","5","40.015043","-75.135168","2116","6","0","0","1","0","0","0","0","0","","0","0","0","","","2","","1","","40 00:54.154","6","0","75 08:06.604","2","0","0","0","67301","0","0","0","N","0","0","0","3","67301","0","","1.0","2230.0","1","N","N","N","0","","0","2","1","","2","Y","","2","2","1","0","0","0","0","2","0","2","","","","N","","","","","","","","","",""
"2022043854","2350","0","0","0","0","0","0","0","0","0","7","0","","67","5","2022","4","40.043612","-75.022026","2345","6","0","0","0","0","0","0","0","0","","0","0","0","","","0","N","0","","40 02:37.003","","0","75 01:19.294","0","0","0","0","67301","0","0","0","N","0","0","0","1","67301","0","","4.0","","1","N","N","N","0","","0","0","1","","0","","","1","0","0","0","0","0","0","2","0","1","","03","","N","","","","","","","","","",""
"2022056844","0438","0","0","0","0","0","0","0","0","0","7","0","","67","5","2022","4","39.960461","-75.181256","0438","6","0","0","0","0","0","0","0","0","","0","0","0","","","0","N","0","","39 57:37.661","","3","75 10:52.523","0","0","0","0","67301","0","0","0","N","0","0","0","1","68K01","0","","3.0","","9","N","N","N","1","","0","0","0","","0","","","1","0","0","0","0","0","0","2","0","1","","","","N","","","","","","","","","",""
"2022044872","0835","0","0","0","0","0","0","0","0","0","4","0","","67","5","2022","1","40.04858","-75.086974","0830","6","0","0","0","0","0","0","0","0","","0","0","0","","","1","","1","","40 02:54.887","","0","75 05:13.108","3","0","0","0","67301","0","0","0","N","0","0","0","2","67301","0","","1.0","","99","N","N","N","1","","1","0","1","","2","","","2","1","1","0","0","0","0","2","0","2","","","","N","","","","","","","","","",""
"2022055653","0720","3","0","0","0","0","0","0","0","0","6","0","","67","5","2022","1","39.998717","-75.130871","0705","6","0","0","0","0","0","1","0","0","","0","0","0","","","0","N","0","","39 59:55.381","","0","75 07:51.134","0","0","0","0","67301","0","0","0","N","0","0","0","1","67301","0","","6.0","","1","N","N","N","0","","0","0","1","","0","","","4","0","0","0","0","0","0","2","0","4","","03","","N","","","","","","","","","",""
"2022062127","0334","1","0","0","0","0","0","0","0","0","7","0","","67","6","2022","4","39.993693","-75.199342","0329","6","0","0","0","0","0","0","0","0","","0","0","0","","","0","N","0","","39 59:37.293","4","0","75 11:57.631","9","0","0","0","67301","0","0","0","N","0","0","0","1","68K01","0","","4.0","410.0","1","N","N","N","0","","0","0","0","","0","Y","","1","0","0","0","0","0","1","2","0","1","","03","","N","","","","","","","","","",""
"2022054604","2242","1","0","0","0","0","0","0","0","0","5","0","","67","6","2022","3","40.030053","-75.022178","2238","6","0","0","0","0","0","0","0","0","","0","0","0","","","0","N","0","","40 01:48.190","2","0","75 01:19.842","9","0","0","0","67301","0","0","0","N","0","0","0","2","68K01","0","","4.0","2310.0","9","N","N","N","0","","0","0","0","","0","N","","2","0","0","0","0","0","1","2","0","2","","","","N","","","","","","","","","",""
"2022056804","0557","1","0","0","0","0","0","0","0","0","1","0","","67","6","2022","4","40.035494","-75.123164","0552","6","0","0","0","0","0","0","0","0","","0","0","0","","","0","N","0","","40 02:07.777","","0","75 07:23.389","0","0","0","0","67301","0","0","0","N","0","0","0","2","67301","0","","1.0","","1","N","N","Y","0","","0","0","1","","0","","","2","0","2","0","0","0","0","2","0","2","","03","","N","","","","","","","","","",""
"2022043853","1742","1","0","0","0","0","0","0","0","0","5","0","","67","5","2022","4","40.093325","-74.990144","1742","6","0","0","0","0","0","1","1","0","","0","0","0","","","1","N","0","","40 05:35.970","","0","74 59:24.520","3","0","0","0","67301","0","0","0","N","0","0","0","2","67301","0","","1.0","","1","N","N","N","0","","1","0","1","","0","","","2","1","0","0","0","0","0","2","0","2","","03","","N","","","","","","","","","",""
"2022056815","1820","2","0","0","0","0","0","0","0","0","4","0","","67","6","2022","7","39.994154","-75.156227","1817","6","0","0","0","0","0","0","0","0","","0","0","0","","","1","","1","","39 59:38.955","","0","75 09:22.416","8","0","0","0","67301","0","0","0","N","0","0","0","3","67301","0","","1.0","","1","N","N","N","0","","0","0","0","","2","","","2","1","0","0","0","1","0","2","0","2","","","","N","","","","","","","","","",""
"2022047797","1535","2","0","1","0","0","0","0","0","0","4","0","","67","5","2022","7","40.002888","-75.187263","1535","6","0","0","0","0","0","0","0","0","","0","0","0","","","5","","1","","40 00:10.396","","0","75 11:14.148","2","0","0","0","67301","0","0","0","N","0","0","0","5","67301","0","","1.0","","1","N","N","Y","0","","4","1","1","","0","","","3","5","0","0","0","0","0","2","0","3","","","","N","","","","","","","","","",""
"2022044537","1715","1","0","0","0","0","0","0","0","0","4","0","","67","5","2022","2","39.941228","-75.209396","1705","6","0","0","0","0","0","0","0","0","","0","0","0","","","1","","1","","39 56:28.421","","0","75 12:33.827","3","0","0","0","67301","0","0","0","N","0","0","0","2","67301","0","","1.0","","1","N","N","N","0","","1","0","0","","2","","","2","1","0","0","0","0","0","2","0","2","","","","N","","","","","","","","","",""
"2022062052","1450","0","0","1","0","0","0","0","0","0","7","0","","67","7","2022","2","39.968174","-75.190551","1450","6","0","0","0","0","0","1","0","0","","0","0","0","","","1","N","0","","39 58:05.425","4","0","75 11:25.985","2","0","0","0","67301","0","0","0","N","0","0","0","1","68K01","0","","2.0","1600.0","1","N","N","N","0","","0","1","1","","0","N","","1","1","0","0","0","0","0","2","0","1","","","","N","","","","","","","","","",""
"2022056490","1335","1","0","0","0","0","0","0","0","0","4","1","","67","6","2022","6","40.041834","-75.192133","1307","6","0","0","1","0","0","0","0","0","","0","1","0","","","1","","1","","40 02:30.603","7","0","75 11:31.679","4","0","0","0","67301","0","0","0","N","0","0","0","3","67301","1","","1.0","1300.0","1","N","N","N","0","","0","0","0","","2","N","","2","1","0","0","0","0","0","2","0","2","","","","N","","","","","","","","","",""
"2022044733","0640","0","0","0","0","0","0","0","0","0","4","0","","67","5","2022","2","40.032438","-75.107579","0635","6","0","0","0","0","0","0","0","0","","0","0","0","","","0","","2","","40 01:56.776","","0","75 06:27.284","0","0","0","0","67301","0","0","0","N","0","0","0","2","67301","0","","1.0","","1","N","N","N","0","","0","0","1","","3","","","2","0","0","0","0","0","0","2","1","2","","03","","N","","","","","","","","","",""
"2022048485","0810","3","0","0","0","0","0","0","0","0","4","0","","67","5","2022","3","40.070691","-75.162038","0805","6","0","0","0","0","0","0","0","0","","0","0","0","","","1","","1","","40 04:14.487","","0","75 09:43.335","3","0","0","0","67301","0","0","0","N","0","0","0","5","67301","0","","1.0","","1","N","N","N","0","","1","0","0","","3","","","3","1","2","0","0","0","3","2","0","3","","04","","N","","","","","","","","","",""
"2022043821","1947","2","0","0","0","0","0","0","0","0","5","0","","67","5","2022","1","40.020844","-75.214292","1941","6","0","0","0","0","0","0","0","0","","0","0","0","","","1","N","0","","40 01:15.040","","0","75 12:51.450","8","0","0","0","67301","0","0","0","N","0","0","0","2","67301","0","","6.0","","1","N","N","Y","0","","0","0","2","","0","","","5","1","1","0","0","1","1","2","1","5","","03","","N","","","","","","","","","",""
"2022047166","1640","0","0","0","0","0","0","0","0","0","0","0","","67","5","2022","4","39.957597","-75.158641","1640","6","0","0","0","0","0","0","0","0","","0","0","0","","","1","","1","","39 57:27.348","","3","75 09:31.109","8","0","0","1","67301","0","0","0","N","0","0","0","1","67301","0","","1.0","","1","N","N","N","0","","0","0","0","","2","","","2","1","0","0","0","1","0","2","0","1","","","","N","","","","","","","","","",""
"2022044517","0825","0","0","0","0","0","0","0","0","0","1","0","","67","5","2022","5","40.016496","-75.174976","0812","6","0","0","0","0","0","0","0","0","","0","0","0","","","1","N","0","","40 00:59.385","","0","75 10:29.914","3","0","0","0","67301","0","0","0","N","0","0","0","2","67301","0","","1.0","","1","N","N","N","0","","1","0","2","","0","","","2","1","0","0","0","0","0","2","0","2","","03","","N","","","","","","","","","",""
"2022044041","1229","0","0","0","0","0","0","0","0","0","8","0","","67","4","2022","6","39.992278","-75.119963","1228","6","0","0","0","0","0","0","0","0","","0","0","0","","","1","","1","","39 59:32.200","","0","75 07:11.866","3","0","0","0","67301","1","0","0","N","1","0","0","2","67301","0","","1.0","","1","N","N","N","0","","1","0","0","","3","","","2","1","0","0","0","0","0","2","1","1","","03","","N","","","","","","","","","",""
"2022055651","1736","3","0","0","0","0","0","0","0","0","1","0","","67","4","2022","1","39.999809","-75.153184","1730","6","0","0","0","1","0","1","1","0","","0","0","0","","","1","N","0","","39 59:59.311","","0","75 09:11.464","8","0","0","0","67301","0","0","0","N","0","0","0","4","67301","0","","1.0","","1","N","N","N","0","","0","0","0","","2","","","3","1","0","0","0","1","0","2","0","3","","03","","N","","","","","","","","","",""
"2022044097","1312","2","0","0","0","0","0","0","0","0","1","0","","67","5","2022","2","40.046848","-75.137855","1312","6","0","0","0","0","0","0","0","0","","0","0","0","","","1","N","0","","40 02:48.653","3","0","75 08:16.278","3","0","0","0","67301","0","0","0","N","0","0","0","2","67301","0","","1.0","30.0","1","N","N","N","0","","1","0","0","","0","Y","","2","1","0","0","0","0","0","2","0","2","","","","N","","","","","","","","","",""
"2022055665","1100","2","0","0","0","0","0","0","0","0","4","0","","67","6","2022","5","39.970559","-75.149968","1057","6","0","0","0","0","1","0","0","0","","0","0","0","","","1","","1","","39 58:14.012","","0","75 08:59.883","4","0","0","0","67301","0","0","0","N","0","0","0","4","67301","1","","1.0","","1","N","N","N","0","","0","0","0","","2","","","2","1","0","0","0","0","0","2","0","2","","03","","N","","","","","","","","","",""