"CRN","ARRIVAL_TM","AUTOMOBILE_COUNT","BELTED_DEATH_COUNT","BELTED_SUSP_SERIOUS_INJ_COUNT","BICYCLE_COUNT","BICYCLE_DEATH_COUNT","BICYCLE_SUSP_SERIOUS_INJ_COUNT","BUS_COUNT","CHLDPAS_DEATH_COUNT","CHLDPAS_SUSP_SERIOUS_INJ_COUNT","COLLISION_TYPE","COMM_VEH_COUNT","CONS_ZONE_SPD_LIM","COUNTY","CRASH_MONTH","CRASH_YEAR","DAY_OF_WEEK","DEC_LATITUDE","DEC_LONGITUDE","DISPATCH_TM","DISTRICT","DRIVER_COUNT_16YR","DRIVER_COUNT_17YR","DRIVER_COUNT_18YR","DRIVER_COUNT_19YR","DRIVER_COUNT_20YR","DRIVER_COUNT_50_64YR","DRIVER_COUNT_65_74YR","DRIVER_COUNT_75PLUS","EST_HRS_CLOSED","FATAL_COUNT","HEAVY_TRUCK_COUNT","HORSE_BUGGY_COUNT","HOUR_OF_DAY","ILLUMINATION","INJURY_COUNT","INTERSECTION_RELATED","INTERSECT_TYPE","LANE_CLOSED","LATITUDE","LN_CLOSE_DIR","LOCATION_TYPE","LONGITUDE","MAX_SEVERITY_LEVEL","MCYCLE_DEATH_COUNT","MCYCLE_SUSP_SERIOUS_INJ_COUNT","MOTORCYCLE_COUNT","MUNICIPALITY","NONMOTR_COUNT","NONMOTR_DEATH_COUNT","NONMOTR_SUSP_SERIOUS_INJ_COUNT","NTFY_HIWY_MAINT","PED_COUNT","PED_DEATH_COUNT","PED_SUSP_SERIOUS_INJ_COUNT","PERSON_COUNT","POLICE_AGCY","POSSIBLE_INJ_COUNT","RDWY_SURF_TYPE_CD","RELATION_TO_ROAD","ROADWAY_CLEARED","ROAD_CONDITION","SCH_BUS_IND","SCH_ZONE_IND","SECONDARY_CRASH","SMALL_TRUCK_COUNT","SPEC_JURIS_CD","SUSP_MINOR_INJ_COUNT","SUSP_SERIOUS_INJ_COUNT","SUV_COUNT","TCD_FUNC_CD","TCD_TYPE","TFC_DETOUR_IND","TIME_OF_DAY","TOTAL_UNITS","TOT_INJ_COUNT","UNBELTED_OCC_COUNT","UNB_DEATH_COUNT","UNB_SUSP_SERIOUS_INJ_COUNT","UNK_INJ_DEG_COUNT","UNK_INJ_PER_COUNT","URBAN_RURAL","VAN_COUNT","VEHICLE_COUNT","WEATHER1","WEATHER2","WORKERS_PRES","WORK_ZONE_IND","WORK_ZONE_LOC","WORK_ZONE_TYPE","WZ_CLOSE_DETOUR","WZ_FLAGGER","WZ_LAW_OFFCR_IND","WZ_LN_CLOSURE","WZ_MOVING","WZ_OTHER","WZ_SHLDER_MDN","WZ_WORKERS_INJ_KILLED"
"2022044133","2126","1","0","0","0","0","0","0","0","0","4","0","","67","5","2022","7","40.004838","-75.165566","2126","6","0","0","1","0","0","0","0","0","","0","0","0","","","3","","1","","40 00:17.416","5","1","75 09:56.037","3","0","0","0","67301","0","0","0","N","0","0","0","5","67301","0","","1.0","2230.0","9","N","N","N","0","","3","0","1","","3","Y","","2","3","0","0","0","0","0","2","0","2","","","","N","","","","","","","","","",""
"2022044084","0045","1","0","0","0","0","0","0","0","0","4","0","","67","5","2022","6","39.971811","-75.125954","0036","6","0","0","0","0","0","0","0","0","","0","0","0","","","1","","1","","39 58:18.518","","0","75 07:33.433","3","0","0","0","67301","0","0","0","N","0","0","0","5","67301","0","","1.0","","9","N","N","N","0","","1","0","1","","2","","","2","1","0","0","0","0","0","2","0","2","","07","","N","","","","","","","","","",""
"2022047197","1944","0","0","0","0","0","0","0","0","0","8","0","","67","5","2022","1","39.972906","-75.238339","1944","6","0","0","0","0","0","0","0","0","","0","0","0","","","1","N","0","","39 58:22.460","","0","75 14:18.020","8","0","0","0","67301","1","0","0","N","1","0","0","2","67301","0","","1.0","","1","N","N","N","0","","0","0","0","","0","","","2","1","1","0","0","1","1","2","1","1","","","","N","","","","","","","","","",""
"2022061936","1643","0","0","0","0","0","0","0","0","0","1","0","","67","6","2022","4","40.022711","-75.037101","1639","6","0","0","0","0","0","0","0","0","","0","0","0","","","1","N","0","","40 01:21.760","","0","75 02:13.565","4","0","0","0","67301","0","0","0","N","0","0","0","2","68K01","1","","1.0","","1","N","N","N","0","","0","0","2","","0","","","2","1","0","0","0","0","0","2","0","2","","03","","N","","","","","","","","","",""
"2022062301","1746","2","0","0","0","0","0","0","0","0","5","0","","67","5","2022","7","39.945958","-75.142517","1738","6","0","0","0","0","0","0","0","0","","0","0","0","","","5","N","0","","39 56:45.449","2","0","75 08:33.062","3","0","0","0","67301","0","0","0","N","0","0","0","9","68K01","3","","1.0","1810.0","9","N","N","N","0","","2","0","1","","0","N","","3","5","0","0","0","0","0","2","0","3","","07","","N","","","","","","","","","",""
"2022044044","1200","1","0","0","0","0","0","0","0","0","8","0","","67","5","2022","7","39.99907","-75.108749","1157","6","0","0","0","0","0","0","0","0","","0","0","0","","","1","","5","","39 59:56.651","","1","75 06:31.496","8","0","0","0","67301","1","0","0","N","1","0","0","2","67301","0","","1.0","","9","N","N","N","0","","0","0","0","","2","","","2","1","0","0","0","1","0","2","0","1","","04","","N","","","","","","","","","",""
"2022045258","1710","1","0","0","0","0","0","0","0","0","4","0","","67","5","2022","5","40.026684","-75.182886","1655","6","0","0","1","0","0","0","0","0","","0","0","0","","","3","N","0","","40 01:36.061","7","7","75 10:58.389","3","0","0","0","67301","0","0","0","N","0","0","0","3","67301","0","","1.0","1935.0","1","N","N","N","1","","1","0","0","","0","N","","3","3","0","0","0","2","0","2","1","3","","","","N","","","","","","","","","",""
"2022050544","1926","2","0","0","0","0","0","0","0","0","4","0","","67","5","2022","3","40.0138","-75.078309","1926","6","0","0","0","0","0","1","0","0","","0","0","0","","","1","","1","","40 00:49.681","","0","75 04:41.912","8","0","0","0","67301","0","0","0","N","0","0","0","2","67301","0","","1.0","","1","N","N","N","0","","0","0","0","","3","","","2","1","0","0","0","1","0","2","0","2","","03","","N","","","","","","","","","",""
"2022044980","0528","0","0","0","0","0","0","0","0","0","1","0","","67","5","2022","4","39.89659","-75.237884","0523","6","0","0","0","0","0","0","0","0","","0","0","0","","","1","N","0","","39 53:47.725","2","0","75 14:16.383","3","0","0","1","67301","0","0","0","N","0","0","0","2","67301","0","","1.0","630.0","1","N","N","N","0","","1","0","1","","0","N","","2","1","0","0","0","0","0","2","0","2","","03","","N","","","","","","","","","",""
"2022055680","0220","2","0","0","0","0","0","0","0","0","1","0","99","67","5","2022","4","40.003536","-75.195209","0205","6","0","0","0","0","0","0","0","0","","0","0","0","","","0","","3","","40 00:12.729","","1","75 11:42.753","0","0","0","0","67301","0","0","0","N","0","0","0","2","67301","0","","5.0","","9","N","N","N","0","","0","0","0","","0","","","2","0","0","0","0","0","0","2","0","2","","07","N","Y","4","1","N","N","N","N","N","Y","N","N"
"2022056983","1355","2","0","0","0","0","0","0","0","0","1","0","","67","5","2022","1","40.006617","-75.198741","1348","6","0","0","0","0","0","0","0","0","","0","0","0","","","0","N","0","","40 00:23.820","3","0","75 11:55.467","0","0","0","0","67301","0","0","0","N","0","0","0","2","68K01","0","","1.0","1445.0","1","N","N","N","0","","0","0","0","","0","N","","2","0","1","0","0","0","0","2","0","2","","03","","N","","","","","","","","","",""
"2022057756","0925","2","0","0","0","0","0","0","0","0","1","0","","67","6","2022","3","40.02474","-75.030917","0919","6","0","0","0","0","0","1","0","0","","0","0","0","","","1","","2","","40 01:29.065","","0","75 01:51.302","3","0","0","0","67301","0","0","0","N","0","0","0","2","67301","0","","1.0","","1","N","N","N","0","","1","0","0","","0","","","2","1","0","0","0","0","0","2","0","2","","03","","N","","","","","","","","","",""
"2022044081","0229","2","0","0","0","0","0","0","0","0","5","0","","67","5","2022","6","39.968342","-75.130853","0227","6","0","0","0","0","0","0","0","0","","0","0","0","","","0","N","0","","39 58:06.030","","0","75 07:51.070","0","0","0","0","67301","0","0","0","N","0","0","0","2","67301","0","","6.0","","1","N","N","N","1","","0","0","1","","0","","","4","0","0","0","0","0","0","2","0","4","","03","","N","","","","","","","","","",""
"2022047918","2216","1","0","0","0","0","0","0","0","0","7","0","","67","5","2022","7","39.912444","-75.173944","2216","6","0","0","0","0","0","0","0","0","","0","0","0","","","0","","7","","39 54:44.800","2","8","75 10:26.200","0","0","0","0","67301","0","0","0","N","0","0","0","2","67501","0","","4.0","2246.0","1","N","N","N","0","","0","0","0","","0","N","","1","0","0","0","0","0","0","2","0","1","","","","N","","","","","","","","","",""
"2022044135","2047","1","0","0","1","0","0","0","0","0","8","0","","67","5","2022","1","40.020948","-75.150383","2047","6","0","0","0","0","0","0","0","0","","0","0","0","","","1","","1","","40 01:15.412","","0","75 09:01.378","3","0","0","0","67301","1","0","0","N","0","0","0","2","67301","0","","1.0","","1","N","N","N","0","","1","0","0","","0","","","2","1","0","0","0","0","0","2","0","1","","","","N","","","","","","","","","",""
"2022056984","1811","0","0","0","0","0","0","0","0","0","0","1","","67","5","2022","5","40.000517","-75.079913","1740","6","0","0","0","0","0","0","0","0","","0","1","0","","","0","","6","","40 00:01.860","1","2","75 04:47.686","0","0","0","0","67301","0","0","0","N","0","0","0","1","68K01","0","","1.0","2359.0","1","N","N","N","0","","0","0","0","","0","N","","1","0","0","0","0","0","0","2","0","1","","03","","N","","","","","","","","","",""
"2022046459","2255","1","0","0","0","0","0","0","0","0","4","0","","67","5","2022","5","40.016804","-75.083704","2250","6","0","0","0","0","0","0","0","0","","0","0","0","","","2","","5","","40 01:00.493","","1","75 05:01.333","8","0","0","0","67301","0","0","0","N","0","0","0","2","67508","0","","1.0","","1","N","N","Y","0","","0","0","1","","2","","","2","2","1","0","0","2","0","2","0","2","","03","","N","","","","","","","","","",""
"2022050557","1047","1","0","0","0","0","0","0","0","0","7","0","","67","5","2022","1","39.972678","-75.259642","1047","6","0","0","0","0","0","0","0","0","","0","0","0","","","1","N","0","","39 58:21.640","","0","75 15:34.710","3","0","0","0","67301","0","0","0","N","0","0","0","1","67301","0","","4.0","","1","N","N","N","0","","1","0","0","","0","","","1","1","1","0","0","0","0","2","0","1","","","","N","","","","","","","","","",""
"2022021847","","2","0","0","0","0","0","0","0","0","2","0","","67","2","2022","1","39.988041","-75.105912","","6","0","0","0","0","0","0","0","0","","0","0","0","","","1","","1","","39 59:16.946","","0","75 06:21.283","8","0","0","0","67301","0","0","0","N","0","0","0","2","00000","0","","1.0","","1","","","N","0","","0","0","0","","2","","","2","1","0","0","0","1","0","2","0","2","","","","N","","","","","","","","","",""
"2022043739","0315","0","0","0","0","0","0","0","0","0","7","0","","67","5","2022","1","40.0386","-75.009746","0315","6","0","0","0","0","0","0","0","0","","0","0","0","","","2","N","0","","40 02:18.959","","0","75 00:35.085","3","0","0","0","67301","0","0","0","N","0","0","0","2","68K01","0","","3.0","","9","N","N","N","0","","1","0","0","","0","","","1","2","0","0","0","1","0","2","1","1","","07","","N","","","","","","","","","",""
"2022061056","1409","1","0","0","0","0","0","0","0","0","7","0","","67","7","2022","6","40.033364","-75.150872","1409","6","0","0","0","0","0","0","0","0","","0","0","0","","","1","N","0","","40 02:00.110","","0","75 09:03.140","3","0","0","0","67301","0","0","0","N","0","0","0","1","67301","0","","4.0","","1","N","N","N","0","","1","0","0","","0","","","1","1","1","0","0","0","0","2","0","1","","03","","N","","","","","","","","","",""
"2022043807","1300","0","0","0","1","0","0","0","0","0","8","0","","67","5","2022","5","40.06845","-75.067628","1230","6","0","0","0","0","0","0","0","0","","0","0","0","","","1","N","0","","40 04:06.420","","0","75 04:03.460","3","0","0","0","67301","1","0","0","N","0","0","0","2","67301","0","","1.0","","99","N","N","Y","0","","1","0","1","","0","","","2","1","0","0","0","0","0","2","0","1","","","","N","","","","","","","","","",""
"2022055569","0830","0","0","0","0","0","0","1","0","0","7","1","","67","6","2022","3","39.949588","-75.141996","0827","6","0","0","0","0","0","0","1","0","","0","0","0","","","0","N","0","","39 56:58.516","3","2","75 08:31.187","0","0","0","0","67301","0","0","0","N","0","0","0","1","67301","0","","4.0","1106.0","9","N","N","N","0","","0","0","0","","0","Y","","1","0","0","0","0","0","0","2","0","1","","","","N","","","","","","","","","",""
"2022056846","1558","1","0","0","0","0","0","0","0","0","5","0","","67","5","2022","7","40.039796","-75.006911","1526","6","0","0","0","0","0","0","0","0","","0","0","0","","","1","N","0","","40 02:23.266","","0","75 00:24.878","8","0","0","0","67301","0","0","0","N","0","0","0","2","68K01","0","","1.0","","9","N","N","N","0","","0","0","0","","0","","","2","1","0","0","0","1","0","2","0","2","","","","N","","","","","","","","","",""
"2022043816","1442","1","0","0","0","0","0","0","0","0","5","0","","67","5","2022","3","39.926241","-75.169199","1442","6","0","0","0","0","0","0","0","1","","0","0","0","","","0","N","0","","39 55:34.467","1","0","75 10:09.116","0","0","0","0","67301","0","0","0","N","0","0","0","1","67301","0","","3.0","1500.0","1","N","N","N","0","","0","0","2","","0","N","","3","0","0","0","0","0","0","2","0","3","","","","N","","","","","","","","","",""
"2022019526","","0","0","0","0","0","0","0","0","0","4","0","","67","2","2022","2","39.916941","-75.246167","","6","0","0","0","0","0","1","0","0","","0","0","0","","","0","N","0","","39 55:00.988","","7","75 14:46.202","0","0","0","0","67301","0","0","0","N","0","0","0","2","00000","0","","1.0","","1","","","N","0","","0","0","1","","0","","","2","0","0","0","0","0","0","2","0","2","","","","N","","","","","","","","","",""
"2022033219","","1","0","0","0","0","0","0","0","0","1","0","","67","2","2022","5","39.892918","-75.23554","","6","0","0","0","0","0","1","0","0","","0","0","0","","","1","","2","","39 53:34.503","","0","75 14:07.944","8","0","0","0","67301","0","0","0","N","0","0","0","2","00000","0","","1.0","","1","","","N","0","","0","0","1","","2","","","2","1","0","0","0","1","0","2","0","2","","","","N","","","","","","","","","",""
"2022057021","1250","1","0","0","0","0","0","0","0","0","7","0","","67","5","2022","3","39.969043","-75.211848","1250","6","0","0","0","0","0","1","0","0","","0","0","0","","","1","N","0","","39 58:08.556","","0","75 12:42.651","8","0","0","0","67301","0","0","0","N","0","0","0","1","67301","0","","9.0","","1","N","N","N","0","","0","0","0","","2","","","1","1","0","0","0","1","0","2","0","1","","03","","N","","","","","","","","","",""
"2022043946","0120","1","0","0","0","0","0","0","0","0","4","0","","67","5","2022","5","40.021845","-75.094055","0110","6","0","0","0","0","0","0","0","0","","0","0","0","","","1","","3","","40 01:18.641","","0","75 05:38.598","3","0","0","0","67301","0","0","0","N","0","0","0","2","67301","0","","1.0","","1","N","N","N","0","","1","0","0","","2","","","2","1","0","0","0","0","0","2","1","2","","03","","N","","","","","","","","","",""
"2022043866","0858","1","0","0","0","0","0","0","0","0","4","0","","67","5","2022","3","39.966583","-75.179556","0855","6","0","0","0","0","0","0","0","0","","0","0","0","","","1","","1","","39 57:59.700","","0","75 10:46.400","3","0","0","1","67301","0","0","0","N","0","0","0","2","67301","0","","1.0","","1","N","N","N","0","","1","0","0","","2","","","2","1","1","0","0","0","0","2","0","2","","03","","N","","","","","","","","","",""
"2022043921","2115","1","0","0","0","0","0","0","0","0","8","0","","67","5","2022","3","40.031731","-75.178861","2113","6","0","0","0","0","0","0","0","0","","0","0","0","","","1","","1","","40 01:54.231","","0","75 10:43.900","3","0","0","0","67301","1","0","0","N","1","0","0","2","67301","0","","1.0","","1","N","N","N","0","","1","0","0","","2","","","2","1","0","0","0","0","0","2","0","1","","","","N","","","","","","","","","",""
"2022045585","0145","4","0","0","0","0","0","0","0","0","5","0","","67","5","2022","4","39.981675","-75.124186","0140","6","0","0","0","0","0","0","0","0","","0","0","0","","","0","N","0","","39 58:54.030","2","0","75 07:27.070","0","0","0","0","67301","0","0","0","N","0","0","0","1","67301","0","","6.0","328.0","1","N","N","N","0","","0","0","1","","0","Y","","5","0","0","0","0","0","0","2","0","5","","","","N","","","","","","","","","",""
"2022058157","0935","1","0","0","0","0","0","0","0","0","8","0","","67","6","2022","4","39.992954","-75.243956","0935","6","0","0","0","0","0","0","0","0","","0","0","0","","","1","N","0","","39 59:34.635","","0","75 14:38.242","4","0","0","0","67301","1","0","0","N","1","0","0","2","46104","1","","1.0","","1","N","N","N","0","","0","0","0","","0","","","2","1","1","0","0","0","0","2","0","1","","03","","N","","","","","","","","","",""
"2022043943","1313","0","0","0","0","0","0","0","0","0","4","0","","67","5","2022","4","40.000556","-75.083528","1305","6","0","0","0","0","0","0","0","0","","0","0","0","","","0","","2","","40 00:02.000","","2","75 05:00.700","9","0","0","0","67301","0","0","0","N","0","0","0","3","67301","0","","1.0","","1","N","N","N","0","","0","0","2","","2","","","2","0","0","0","0","0","3","2","0","2","","04","","N","","","","","","","","","",""
"2022061023","1619","0","0","0","0","0","0","0","0","0","1","1","","67","6","2022","6","39.945939","-75.142253","1612","6","0","0","0","1","0","1","0","0","","0","1","0","","","2","N","0","","39 56:45.379","","0","75 08:32.109","8","0","0","0","67301","0","0","0","N","0","0","0","2","68K01","0","","1.0","","1","N","N","N","1","","0","0","0","","0","","","2","2","0","0","0","2","0","2","0","2","","03","","N","","","","","","","","","",""
"2022043948","1525","1","0","0","0","0","0","0","0","0","1","0","","67","5","2022","7","40.027566","-75.099381","1517","6","0","0","0","0","0","0","0","0","","0","0","0","","","1","Y","0","","40 01:39.239","1","0","75 05:57.772","3","0","0","0","67301","0","0","0","N","0","0","0","4","67301","0","","1.0","1555.0","9","N","N","N","0","","1","0","2","","2","Y","","3","1","0","0","0","0","0","2","0","3","","04","","N","","","","","","","","","",""
"2022048715","1815","2","0","0","0","0","0","0","0","0","4","0","","67","5","2022","2","40.063314","-75.021792","1805","6","0","0","0","1","0","1","0","0","","0","0","0","","","1","N","0","","40 03:47.930","","7","75 01:18.450","3","0","0","0","67301","0","0","0","N","0","0","0","2","67301","0","","1.0","","1","N","N","N","0","","1","0","0","","0","","","2","1","0","0","0","0","0","2","0","2","","03","","N","","","","","","","","","",""
"2022043907","1210","1","0","0","0","0","0","0","0","0","4","0","","67","5","2022","4","40.058261","-75.1526","1202","6","0","0","0","0","0","0","0","0","","0","0","0","","","1","N","0","","40 03:29.740","","7","75 09:09.360","8","0","0","0","67301","0","0","0","N","0","0","0","2","67301","0","","1.0","","9","N","N","N","0","","0","0","2","","0","","","3","1","0","0","0","1","0","2","0","3","","07","","N","","","","","","","","","",""
"2022049896","1601","2","0","0","0","0","0","0","0","0","4","0","","67","5","2022","2","40.056461","-75.176445","1549","6","0","0","0","0","0","0","0","0","","0","0","0","","","1","","1","","40 03:23.259","","0","75 10:35.201","3","0","0","0","67301","0","0","0","N","0","0","0","1","67301","0","","1.0","","1","N","N","N","0","","1","0","0","","0","","","2","1","0","0","0","0","0","2","0","2","","","","N","","","","","","","","","",""
"2022043884","1708","2","0","0","0","0","0","0","0","0","4","0","","67","5","2022","3","39.921042","-75.228921","1707","6","0","0","0","0","0","0","0","0","","0","0","0","","","1","","1","","39 55:15.752","7","0","75 13:44.116","3","0","0","0","67301","0","0","0","N","0","0","0","2","67301","0","","1.0","1815.0","1","N","N","N","0","","1","0","0","","2","Y","","2","1","0","0","0","0","0","2","0","2","","03","","N","","","","","","","","","",""
"2022057991","0034","1","0","0","0","0","0","0","0","0","1","0","","67","6","2022","1","39.959875","-75.177809","0034","6","0","0","0","0","0","0","0","0","","0","0","0","","","2","N","0","","39 57:35.549","4","0","75 10:40.113","3","0","0","0","67301","0","0","0","N","0","0","0","2","68K01","1","","1.0","52.0","1","N","N","N","0","","1","0","1","","0","Y","","2","2","0","0","0","0","0","2","0","2","","","","N","","","","","","","","","",""
"2022044086","1518","0","0","0","0","0","0","0","0","0","8","0","","67","5","2022","6","39.968728","-75.134423","1517","6","0","0","0","0","0","0","0","0","","0","0","0","","","1","","1","","39 58:07.419","","0","75 08:03.924","3","0","0","0","67301","1","0","0","N","1","0","0","2","67301","0","","1.0","","99","N","N","N","0","","1","0","1","","2","","","2","1","0","0","0","0","0","2","0","1","","","","N","","","","","","","","","",""
"2022050549","0100","2","0","0","0","0","0","0","0","0","5","0","","67","5","2022","2","39.973177","-75.21278","0035","6","0","0","0","0","0","0","0","0","","0","0","0","","","1","N","0","","39 58:23.436","","3","75 12:46.008","4","0","0","0","67301","0","0","0","N","0","0","0","3","67301","1","","1.0","","1","N","N","N","0","","0","0","0","","0","","","2","1","0","0","0","0","0","2","0","2","","03","","N","","","","","","","","","",""
"2022056845","1413","0","0","0","0","0","0","0","0","0","1","0","","67","5","2022","5","39.996389","-75.08249","1413","6","0","0","0","0","0","1","0","0","","0","0","0","","","1","N","0","","39 59:47.000","1","0","75 04:56.965","8","0","0","0","67301","0","0","0","N","0","0","0","3","68K01","0","","1.0","1500.0","1","N","N","N","0","","0","0","3","","0","Y","","3","1","0","0","0","1","0","2","0","3","","","","N","","","","","","","","","",""
"2022043909","1340","1","0","0","0","0","0","0","0","0","4","0","","67","5","2022","4","40.047081","-75.163182","1335","6","0","0","0","0","0","1","0","0","","0","0","0","","","1","","1","","40 02:49.491","","0","75 09:47.455","3","0","0","0","67301","0","0","0","N","0","0","0","2","67301","0","","1.0","","9","N","N","N","0","","1","0","1","","2","","","2","1","0","0","0","0","0","2","0","2","","","","N","","","","","","","","","",""
"2022044761","0012","0","0","0","0","0","0","0","0","0","8","0","","67","5","2022","6","39.917312","-75.171291","1137","6","0","0","0","0","0","0","0","0","","0","0","0","","","1","","3","","39 55:02.324","","0","75 10:16.649","3","0","0","0","67301","1","0","0","N","1","0","0","2","67301","0","","1.0","","9","N","N","N","0","","1","0","1","","0","","","2","1","0","0","0","0","1","2","0","1","","07","","N","","","","","","","","","",""
"2022056847","1705","2","0","0","0","0","0","0","0","0","1","0","","67","5","2022","7","40.02603","-75.027838","1705","6","0","0","0","0","1","0","0","0","","0","0","0","","","0","N","0","","40 01:33.709","","0","75 01:40.216","0","0","0","0","67301","0","0","0","N","0","0","0","2","68K01","0","","1.0","","9","N","N","N","0","","0","0","0","","0","","","2","0","0","0","0","0","0","2","0","2","","","","N","","","","","","","","","",""
"2022055595","0830","1","0","0","0","0","0","0","0","0","4","0","","67","5","2022","2","40.058141","-75.174302","0825","6","0","0","0","0","0","0","1","0","","0","0","0","","","1","","1","","40 03:29.309","","0","75 10:27.487","8","0","0","0","67301","0","0","0","N","0","0","0","2","67301","0","","1.0","","9","N","N","N","0","","0","0","1","","2","","","2","1","0","0","0","1","0","2","0","2","","","","N","","","","","","","","","",""
"2022043894","0830","0","0","0","0","0","0","0","0","0","8","0","","67","5","2022","3","39.93574","-75.228522","0828","6","0","0","0","0","0","1","0","0","","0","0","0","","","1","","1","","39 56:08.664","","0","75 13:42.679","8","0","0","0","67301","1","0","0","N","1","0","0","2","67301","0","","1.0","","1","N","N","N","0","","0","0","1","","2","","","2","1","0","0","0","1","0","2","0","1","","03","","N","","","","","","","","","",""
"2022047390","2104","0","0","0","1","0","0","0","0","0","8","0","","67","5","2022","6","40.040732","-75.017354","2103","6","0","0","0","0","0","0","0","0","","0","0","0","","","1","N","0","","40 02:26.636","","0","75 01:02.476","3","0","0","0","67301","1","0","0","N","0","0","0","2","67301","0","","1.0","","9","N","N","N","1","","1","0","0","","0","","","2","1","0","0","0","0","0","2","0","1","","07","","N","","","","","","","","","",""
"2022056843","0827","2","0","0","0","0","0","0","0","0","1","0","","67","4","2022","5","40.021853","-75.040123","0755","6","0","0","0","0","0","0","0","0","","0","0","0","","","1","N","0","","40 01:18.670","","2","75 02:24.442","4","0","0","0","67301","0","0","0","N","0","0","0","2","68K01","1","","1.0","","1","N","N","N","0","","0","0","0","","0","","","2","1","0","0","0","0","0","2","0","2","","","","N","","","","","","","","","",""
"2022057910","2242","1","0","0","0","0","0","0","0","0","5","0","","67","5","2022","7","39.981837","-75.207436","2239","6","0","0","0","1","0","0","0","0","","0","0","0","","","0","N","0","","39 58:54.612","","0","75 12:26.769","0","0","0","0","67301","0","0","0","N","0","0","0","4","68K01","0","","1.0","","1","N","N","N","0","","0","0","1","","0","","","2","0","0","0","0","0","0","2","0","2","","","","N","","","","","","","","","",""
"2022042656","0048","1","0","0","0","0","0","0","0","0","7","0","","67","5","2022","7","39.955503","-75.14813","0047","6","0","0","1","0","0","0","0","0","","0","0","0","","","0","N","0","","39 57:19.811","","2","75 08:53.267","0","0","0","0","67301","0","0","0","N","0","0","0","2","67501","0","","4.0","","9","N","N","N","0","","0","0","0","","0","","","1","0","0","0","0","0","0","2","0","1","","08","","N","","","","","","","","","",""
"2022056508","1031","1","0","0","0","0","0","0","0","0","7","1","","67","5","2022","4","39.899304","-75.165333","1027","6","0","0","0","1","0","1","0","0","","0","1","0","","","1","N","0","","39 53:57.496","1","3","75 09:55.198","3","0","0","0","67301","0","0","0","N","0","0","0","4","68K01","0","","4.0","1125.0","1","N","N","N","0","","1","0","0","","0","N","","2","1","0","0","0","0","0","2","0","2","","","","N","","","","","","","","","",""
"2022062299","0125","0","0","0","0","0","0","0","0","0","7","0","","67","5","2022","2","39.983638","-75.097256","0112","6","0","0","0","0","0","0","0","0","","0","0","0","","","0","N","0","","39 59:01.098","","0","75 05:50.122","0","0","0","0","67301","0","0","0","N","0","0","0","1","68K01","0","","4.0","","1","N","N","N","0","","0","0","1","","0","","","1","0","0","0","0","0","0","2","0","1","","","","N","","","","","","","","","",""
"2022043813","2158","3","0","0","0","0","0","0","0","0","5","0","","67","5","2022","1","39.922419","-75.159883","2158","6","0","0","0","0","0","0","0","0","","0","0","0","","","1","N","0","","39 55:20.710","2","0","75 09:35.580","3","0","0","0","67301","0","0","0","N","0","0","0","1","67301","0","","6.0","2300.0","1","N","N","N","0","","1","0","1","","0","Y","","4","1","0","0","0","0","0","2","0","4","","03","","N","","","","","","","","","",""
"2022043889","2050","2","0","0","0","0","0","0","0","0","4","0","","67","5","2022","6","39.935632","-75.22587","2050","6","0","0","0","0","0","0","0","0","","0","0","0","","","1","","1","","39 56:08.274","","0","75 13:33.131","3","0","0","0","67301","0","0","0","N","0","0","0","2","67301","0","","1.0","","9","N","N","N","0","","1","0","1","","2","","","4","1","0","0","0","0","0","2","1","4","","07","","N","","","","","","","","","",""
"2022043990","2125","0","0","0","1","0","0","0","0","0","8","0","","67","5","2022","4","39.961892","-75.234728","2123","6","0","0","0","0","0","0","0","0","","0","0","0","","","1","N","0","","39 57:42.810","","0","75 14:05.020","8","0","0","0","67301","1","0","0","N","0","0","0","2","67301","0","","1.0","","1","N","N","N","0","","0","0","0","","0","","","2","1","0","0","0","1","0","2","0","1","","03","","N","","","","","","","","","",""
"2022044139","0600","1","0","0","0","0","0","0","0","0","7","0","","67","5","2022","1","39.882437","-75.248503","0555","6","0","0","0","0","1","0","0","0","","0","0","0","","","1","N","0","","39 52:56.772","2","2","75 14:54.612","3","0","0","0","67301","0","0","0","N","0","0","0","2","67301","0","","4.0","20.0","9","N","N","N","0","","1","0","0","","0","N","","1","1","1","0","0","0","0","2","0","1","","04","","N","","","","","","","","","",""
"2022044128","0034","1","0","0","0","0","0","0","0","0","4","0","","67","5","2022","4","40.031731","-75.178861","0026","6","0","0","0","0","0","0","0","0","","0","0","0","","","1","","1","","40 01:54.231","","0","75 10:43.900","3","0","0","0","67301","0","0","0","N","0","0","0","2","67301","0","","1.0","","99","N","N","N","0","","1","0","1","","2","","","2","1","1","0","0","0","1","2","0","2","","","","N","","","","","","","","","",""
"2022043833","1942","2","0","0","0","0","0","0","0","0","4","0","","67","5","2022","5","39.961564","-75.15176","1942","6","0","0","0","0","0","0","1","0","","0","0","0","","","0","","1","","39 57:41.631","3","0","75 09:06.337","0","0","0","0","67301","0","0","0","N","0","0","0","6","67301","0","","1.0","2022.0","1","N","N","Y","0","","0","0","1","","2","N","","3","0","0","0","0","0","0","2","0","3","","","","N","","","","","","","","","",""