"CRN","ARRIVAL_TM","AUTOMOBILE_COUNT","BELTED_DEATH_COUNT","BELTED_SUSP_SERIOUS_INJ_COUNT","BICYCLE_COUNT","BICYCLE_DEATH_COUNT","BICYCLE_SUSP_SERIOUS_INJ_COUNT","BUS_COUNT","CHLDPAS_DEATH_COUNT","CHLDPAS_SUSP_SERIOUS_INJ_COUNT","COLLISION_TYPE","COMM_VEH_COUNT","CONS_ZONE_SPD_LIM","COUNTY","CRASH_MONTH","CRASH_YEAR","DAY_OF_WEEK","DEC_LATITUDE","DEC_LONGITUDE","DISPATCH_TM","DISTRICT","DRIVER_COUNT_16YR","DRIVER_COUNT_17YR","DRIVER_COUNT_18YR","DRIVER_COUNT_19YR","DRIVER_COUNT_20YR","DRIVER_COUNT_50_64YR","DRIVER_COUNT_65_74YR","DRIVER_COUNT_75PLUS","EST_HRS_CLOSED","FATAL_COUNT","HEAVY_TRUCK_COUNT","HORSE_BUGGY_COUNT","HOUR_OF_DAY","ILLUMINATION","INJURY_COUNT","INTERSECTION_RELATED","INTERSECT_TYPE","LANE_CLOSED","LATITUDE","LN_CLOSE_DIR","LOCATION_TYPE","LONGITUDE","MAX_SEVERITY_LEVEL","MCYCLE_DEATH_COUNT","MCYCLE_SUSP_SERIOUS_INJ_COUNT","MOTORCYCLE_COUNT","MUNICIPALITY","NONMOTR_COUNT","NONMOTR_DEATH_COUNT","NONMOTR_SUSP_SERIOUS_INJ_COUNT","NTFY_HIWY_MAINT","PED_COUNT","PED_DEATH_COUNT","PED_SUSP_SERIOUS_INJ_COUNT","PERSON_COUNT","POLICE_AGCY","POSSIBLE_INJ_COUNT","RDWY_SURF_TYPE_CD","RELATION_TO_ROAD","ROADWAY_CLEARED","ROAD_CONDITION","SCH_BUS_IND","SCH_ZONE_IND","SECONDARY_CRASH","SMALL_TRUCK_COUNT","SPEC_JURIS_CD","SUSP_MINOR_INJ_COUNT","SUSP_SERIOUS_INJ_COUNT","SUV_COUNT","TCD_FUNC_CD","TCD_TYPE","TFC_DETOUR_IND","TIME_OF_DAY","TOTAL_UNITS","TOT_INJ_COUNT","UNBELTED_OCC_COUNT","UNB_DEATH_COUNT","UNB_SUSP_SERIOUS_INJ_COUNT","UNK_INJ_DEG_COUNT","UNK_INJ_PER_COUNT","URBAN_RURAL","VAN_COUNT","VEHICLE_COUNT","WEATHER1","WEATHER2","WORKERS_PRES","WORK_ZONE_IND","WORK_ZONE_LOC","WORK_ZONE_TYPE","WZ_CLOSE_DETOUR","WZ_FLAGGER","WZ_LAW_OFFCR_IND","WZ_LN_CLOSURE","WZ_MOVING","WZ_OTHER","WZ_SHLDER_MDN","WZ_WORKERS_INJ_KILLED"
"2022044622","0855","1","0","0","0","0","0","0","0","0","4","0","","67","5","2022","2","39.952801","-75.22842","0855","6","0","0","0","0","0","0","0","0","","0","0","0","","","1","","1","","39 57:10.083","","0","75 13:42.312","3","0","0","0","67301","0","0","0","N","0","0","0","3","67301","0","","1.0","","1","N","N","N","1","","1","0","0","","3","","","2","1","1","0","0","0","0","2","0","2","","03","","N","","","","","","","","","",""
"2022048471","1725","1","0","0","0","0","0","0","0","0","4","0","","67","5","2022","2","39.970242","-75.130505","1722","6","0","0","0","0","0","0","1","0","","0","0","0","","","0","","1","","39 58:12.871","","0","75 07:49.819","9","0","0","0","67301","0","0","0","N","0","0","0","6","67301","0","","1.0","","1","N","N","N","0","","0","0","2","","2","","","3","0","0","0","0","0","3","2","0","3","","03","","N","","","","","","","","","",""
"2022056981","0017","1","0","0","0","0","0","0","0","0","5","0","","67","5","2022","2","39.976616","-75.196131","0012","6","0","0","0","0","0","1","0","0","","0","0","0","","","0","N","0","","39 58:35.819","","0","75 11:46.070","0","0","0","0","67301","0","0","0","N","0","0","0","3","68K01","0","","1.0","","1","N","N","N","0","","0","0","1","","0","","","2","0","0","0","0","0","0","2","0","2","","","","N","","","","","","","","","",""
"2022057974","0945","1","0","0","0","0","0","0","0","0","7","0","","67","6","2022","3","39.99093","-75.204091","0936","6","0","0","0","0","0","0","0","0","","0","0","0","","","1","N","0","","39 59:27.349","4","0","75 12:14.729","3","0","0","0","67301","0","0","0","N","0","0","0","1","68K01","0","","4.0","30.0","9","N","N","N","0","","1","0","0","","0","N","","1","1","1","0","0","0","0","2","0","1","","03","","N","","","","","","","","","",""
"2022044276","1800","2","0","0","0","0","0","0","0","0","5","0","","67","5","2022","1","39.917472","-75.17575","1759","6","0","0","0","0","1","0","0","0","","0","0","0","","","2","N","0","","39 55:02.900","","0","75 10:32.700","3","0","0","0","67301","0","0","0","N","0","0","0","3","67301","0","","1.0","","1","N","N","N","0","","1","0","0","","0","","","2","2","0","0","0","1","0","2","0","2","","03","","N","","","","","","","","","",""
"2022043829","0152","2","0","0","0","0","0","0","0","0","1","0","","67","5","2022","1","39.948691","-75.158986","0149","6","0","0","0","0","0","0","0","0","","0","0","0","","","3","","1","","39 56:55.289","","0","75 09:32.349","3","0","0","0","67301","0","0","0","N","0","0","0","4","67301","1","","1.0","","1","N","N","N","1","","2","0","0","","2","","","3","3","0","0","0","0","0","2","0","3","","","","N","","","","","","","","","",""
"2022044121","2230","2","0","0","0","0","0","0","0","0","4","0","","67","5","2022","3","40.01224","-75.150481","2219","6","0","0","0","0","0","0","0","0","","0","0","0","","","2","","5","","40 00:44.064","2","0","75 09:01.733","3","0","0","0","67301","0","0","0","N","0","0","0","3","67301","0","","1.0","2300.0","1","N","N","N","0","","2","0","0","","2","Y","","2","2","0","0","0","0","1","2","0","2","","03","","N","","","","","","","","","",""
"2022043840","0226","2","0","0","0","0","0","0","0","0","2","0","","67","5","2022","7","40.078117","-75.036565","0220","6","0","0","0","0","0","0","0","0","","0","0","0","","","0","N","0","","40 04:41.221","","0","75 02:11.635","0","0","0","0","67301","0","0","0","N","0","0","0","1","67301","0","","6.0","","9","N","N","N","0","","0","0","1","","0","","","3","0","0","0","0","0","0","2","0","3","","07","","N","","","","","","","","","",""
"2022043887","1447","1","0","0","0","0","0","0","0","0","1","0","","67","5","2022","5","39.889706","-75.233626","1440","6","0","0","0","0","1","0","0","0","","0","0","0","","","1","","1","","39 53:22.940","4","0","75 14:01.052","4","0","0","0","67301","0","0","0","N","0","0","0","3","67301","1","","1.0","1520.0","1","N","N","N","0","","0","0","1","","4","N","","2","1","0","0","0","0","0","2","0","2","","03","","N","","","","","","","","","",""
"2022044046","1616","1","0","0","0","0","0","0","0","0","5","0","","67","5","2022","1","39.995289","-75.115619","1615","6","0","0","0","0","0","0","0","0","","0","0","0","","","0","N","0","","39 59:43.040","","1","75 06:56.230","0","0","0","0","67301","0","0","0","N","0","0","0","1","67301","0","","6.0","","1","N","N","N","0","","0","0","0","","0","","","2","0","1","0","0","0","0","2","1","2","","03","","N","","","","","","","","","",""
"2022056497","0705","2","0","0","0","0","0","0","0","0","7","0","","67","5","2022","7","40.035109","-75.018464","0649","6","0","0","0","0","0","1","0","0","","0","0","0","","","0","N","0","","40 02:06.393","2","3","75 01:06.472","0","0","0","0","67301","0","0","0","N","0","0","0","3","68K01","0","","3.0","730.0","8","N","N","N","1","","0","0","0","","0","N","","3","0","0","0","0","0","0","2","0","3","","04","","N","","","","","","","","","",""
"2022044122","2320","1","0","0","0","0","0","0","0","0","4","0","","67","5","2022","3","40.011261","-75.175281","2316","6","0","0","0","0","0","0","0","0","","0","0","0","","","2","N","0","","40 00:40.540","","7","75 10:31.010","8","0","0","0","67301","0","0","0","N","0","0","0","4","67301","0","","1.0","","1","N","N","N","0","","0","0","0","","3","","","2","2","1","0","0","2","1","2","0","2","","","","N","","","","","","","","","",""
"2022044090","0122","1","0","0","0","0","0","0","0","0","5","0","","67","4","2022","6","40.036142","-75.137722","0109","6","0","0","0","0","0","0","0","0","","0","0","0","","","1","N","0","","40 02:10.110","1","0","75 08:15.800","8","0","0","0","67301","0","0","0","N","0","0","0","1","67301","0","","6.0","300.0","1","N","N","N","0","","0","0","4","","0","N","","5","1","0","0","0","1","0","2","0","5","","","","N","","","","","","","","","",""
"2022045158","1816","2","0","0","0","0","0","0","0","0","1","0","","67","4","2022","7","39.988969","-75.175469","1814","6","0","0","0","0","0","0","0","0","","0","0","0","","","5","N","0","","39 59:20.290","6","0","75 10:31.690","3","0","0","0","67301","0","0","0","N","0","0","0","6","67301","0","","1.0","300.0","1","N","N","N","0","","5","0","1","","0","Y","","3","5","0","0","0","0","0","2","0","3","","03","","N","","","","","","","","","",""
"2022044107","0049","2","0","0","0","0","0","0","0","0","4","0","","67","5","2022","6","40.024506","-75.147807","0041","6","0","0","0","0","0","0","0","0","","0","0","0","","","3","","1","","40 01:28.221","","0","75 08:52.104","2","0","0","0","67301","0","0","0","N","0","0","0","6","67301","0","","1.0","","1","N","N","Y","0","","2","1","1","","2","","","3","3","1","0","0","0","1","2","0","3","","03","","N","","","","","","","","","",""
"2022045608","0745","1","0","0","0","0","0","0","0","0","7","0","","67","5","2022","7","39.960731","-75.181656","0733","6","0","0","0","0","0","0","0","0","","0","0","0","","","0","N","0","","39 57:38.633","","0","75 10:53.963","0","0","0","0","67301","0","0","0","N","0","0","0","1","68K01","0","","4.0","","9","N","N","N","0","","0","0","0","","0","","","1","0","0","0","0","0","0","2","0","1","","","","N","","","","","","","","","",""
"2022047205","1215","1","0","0","0","0","0","0","0","0","5","0","","67","5","2022","4","40.019822","-75.110512","1215","6","0","0","0","0","0","0","0","0","","0","0","0","","","1","","2","","40 01:11.359","","0","75 06:37.843","3","0","0","1","67301","0","0","0","N","0","0","0","2","67301","0","","1.0","","1","N","N","N","0","","1","0","0","","2","","","2","1","0","0","0","0","0","2","0","2","","03","","N","","","","","","","","","",""
"2022049780","0013","0","0","0","0","0","0","0","0","0","7","0","","67","5","2022","6","39.917764","-75.217457","0011","6","0","0","0","1","0","0","0","0","","0","0","0","","","2","N","0","","39 55:03.952","","0","75 13:02.844","3","0","0","0","67301","0","0","0","N","0","0","0","2","67301","0","","5.0","","9","N","N","N","0","","2","0","1","","2","","","1","2","0","0","0","0","0","2","0","1","","07","","N","","","","","","","","","",""
"2022055630","0051","1","0","0","0","0","0","0","0","0","5","0","","67","4","2022","3","39.957403","-75.21647","0051","6","0","0","0","0","0","0","0","0","","0","0","0","","","1","N","0","","39 57:26.652","","0","75 12:59.292","8","0","0","0","67301","0","0","0","N","0","0","0","3","67301","0","","1.0","","1","N","N","N","0","","0","0","1","","0","","","2","1","2","0","0","1","0","2","0","2","","03","","N","","","","","","","","","",""
"2022044137","0936","1","0","0","0","0","0","0","0","0","8","0","","67","5","2022","3","39.994545","-75.159318","0934","6","0","0","0","0","0","0","0","0","","0","0","0","","","1","","1","","39 59:40.362","","0","75 09:33.546","3","0","0","0","67301","1","0","0","N","1","0","0","2","67301","0","","1.0","","1","N","N","N","0","","1","0","0","","2","","","2","1","0","0","0","0","1","2","0","1","","03","","N","","","","","","","","","",""
"2022043863","1725","2","0","0","0","0","0","0","0","0","4","0","","67","4","2022","6","39.958712","-75.162143","1717","6","0","0","0","0","0","0","1","0","","0","0","0","","","1","","1","","39 57:31.362","","0","75 09:43.713","4","0","0","0","67301","0","0","0","N","0","0","0","2","67301","1","","1.0","","1","N","N","N","0","","0","0","0","","0","","","2","1","0","0","0","0","0","2","0","2","","03","","N","","","","","","","","","",""
"2022045559","0555","0","0","0","0","0","0","0","0","0","1","0","","67","5","2022","7","40.037354","-75.112443","0552","6","0","0","0","0","0","0","0","0","","0","0","0","","","0","N","0","","40 02:14.475","","0","75 06:44.793","0","0","0","0","67301","0","0","0","N","0","0","0","1","67301","0","","6.0","","9","N","N","N","0","","0","0","2","","0","","","2","0","0","0","0","0","0","2","0","2","","","","N","","","","","","","","","",""
"2022044144","1220","1","0","0","0","0","0","0","0","0","8","0","","67","5","2022","7","40.03558","-75.217363","1220","6","0","0","0","0","0","0","0","0","","0","0","0","","","1","","1","","40 02:08.088","","0","75 13:02.506","8","0","0","0","67301","1","0","0","N","1","0","0","2","67301","0","","1.0","","99","N","N","N","0","","0","0","0","","2","","","2","1","1","0","0","1","0","2","0","1","","07","","N","","","","","","","","","",""
"2022045584","0455","1","0","0","0","0","0","0","0","0","7","0","","67","5","2022","2","39.974333","-75.118222","0454","6","0","0","0","0","0","0","0","0","","0","0","0","","","0","N","0","","39 58:27.600","","1","75 07:05.600","0","0","0","0","67301","0","0","0","N","0","0","0","1","67301","0","","4.0","","1","N","N","N","0","","0","0","0","","0","","","1","0","0","0","0","0","0","2","0","1","","03","","N","","","","","","","","","",""
"2022060025","1530","2","0","0","0","0","0","0","0","0","1","1","","67","6","2022","4","39.945406","-75.1712","1523","6","0","0","0","0","0","0","1","0","","0","0","0","","","2","N","0","","39 56:43.460","","0","75 10:16.320","8","0","0","0","67301","0","0","0","N","0","0","0","2","67301","0","","1.0","","1","N","N","N","0","","0","0","0","","0","","","2","2","1","0","0","2","0","2","0","2","","03","","N","","","","","","","","","",""
"2022044134","1700","1","0","0","0","0","0","0","0","0","4","0","","67","5","2022","1","40.003661","-75.168915","1614","6","0","0","0","0","0","1","0","1","","0","0","0","","","1","","5","","40 00:13.178","","0","75 10:08.095","3","0","0","0","67301","0","0","0","N","0","0","0","4","67301","0","","1.0","","1","N","N","N","1","","1","0","2","","2","","","4","1","0","0","0","0","1","2","0","4","","03","","N","","","","","","","","","",""
"2022056967","2312","1","0","0","0","0","0","0","0","0","7","0","","67","3","2022","6","39.979447","-75.161869","2309","6","0","0","0","0","0","0","0","0","","0","0","0","","","0","N","0","","39 58:46.010","","0","75 09:42.730","9","0","0","0","67301","0","0","0","N","0","0","0","1","67301","0","","4.0","","1","N","N","N","0","","0","0","0","","0","","","1","0","0","0","0","0","1","2","0","1","","","","N","","","","","","","","","",""
"2022052402","0240","3","0","0","0","0","0","0","0","0","6","0","","67","6","2022","2","40.01935","-75.064758","0230","6","0","0","0","0","0","0","0","0","","0","0","0","","","0","N","0","","40 01:09.660","","0","75 03:53.130","0","0","0","0","67301","0","0","0","N","0","0","0","1","67301","0","","6.0","","1","N","N","N","0","","0","0","2","","0","","","5","0","0","0","0","0","0","2","0","5","","03","","N","","","","","","","","","",""
"2022047203","1950","1","0","0","0","0","0","0","0","0","4","0","","67","5","2022","3","39.979413","-75.225333","1957","6","0","0","0","0","0","0","1","0","","0","0","0","","","1","","1","","39 58:45.886","","0","75 13:31.197","4","0","0","0","67301","0","0","0","N","0","0","0","2","67301","1","","1.0","","1","N","N","N","0","","0","0","0","","2","","","2","1","1","0","0","0","0","2","0","2","","03","","N","","","","","","","","","",""
"2022057029","1930","1","0","0","0","0","0","0","0","0","4","0","","67","6","2022","1","39.957321","-75.152234","1930","6","0","0","0","0","0","0","1","0","","0","0","0","","","1","","1","","39 57:26.357","4","0","75 09:08.042","3","0","0","0","67301","0","0","0","N","0","0","0","4","67301","0","","1.0","1954.0","1","N","N","N","0","","1","0","1","","2","N","","2","1","0","0","0","0","0","2","0","2","","03","","N","","","","","","","","","",""
"2022057944","2311","1","0","0","0","0","0","0","0","0","5","0","","67","6","2022","3","39.968186","-75.129228","2311","6","0","0","0","1","0","1","0","0","","0","0","0","","","3","N","0","","39 58:05.471","1","0","75 07:45.222","4","0","0","0","67301","0","0","0","N","0","0","0","3","68K01","3","","1.0","2322.0","9","N","N","N","0","","0","0","2","","0","N","","3","3","0","0","0","0","0","2","0","3","","","","N","","","","","","","","","",""
"2022047213","2030","2","0","0","0","0","0","0","0","0","4","0","","67","5","2022","4","40.014192","-75.128604","2030","6","0","0","0","0","0","0","0","0","","0","0","0","","","2","","2","","40 00:51.091","","0","75 07:42.974","3","0","0","2","67301","0","0","0","N","0","0","0","4","67301","0","","1.0","","1","N","N","N","0","","2","0","0","","3","","","4","2","0","0","0","0","0","2","0","4","","03","","N","","","","","","","","","",""
"2022045324","0033","3","0","0","0","0","0","0","0","0","4","0","","67","5","2022","7","39.971866","-75.148658","0027","6","0","0","0","0","0","0","0","0","","0","0","0","","","0","","1","","39 58:18.717","","0","75 08:55.168","0","0","0","0","67301","0","0","0","N","0","0","0","2","67301","0","","1.0","","9","N","N","N","0","","0","0","1","","3","","","4","0","0","0","0","0","0","2","0","4","","05","","N","","","","","","","","","",""
"2022044631","1359","1","0","0","0","0","0","0","0","0","4","0","","67","5","2022","5","40.006038","-75.091367","1353","6","0","0","0","0","0","0","0","0","","0","0","0","","","0","N","0","","40 00:21.735","","7","75 05:28.921","9","0","0","0","67301","0","0","0","N","0","0","0","2","67301","0","","1.0","","1","N","N","N","0","","0","0","1","","0","","","2","0","0","0","0","0","1","2","0","2","","","","N","","","","","","","","","",""
"2022057895","0429","1","0","0","0","0","0","0","0","0","1","0","","67","5","2022","6","39.950966","-75.182896","0423","6","0","0","0","0","0","0","0","0","","0","0","0","","","2","N","0","","39 57:03.477","4","0","75 10:58.425","4","0","0","0","67301","0","0","0","N","0","0","0","3","68K01","1","","1.0","500.0","1","N","N","Y","1","","0","0","1","","0","N","","3","2","1","0","0","1","0","2","0","3","","","","N","","","","","","","","","",""
"2022052336","1245","1","0","0","0","0","0","0","0","0","5","1","","67","5","2022","2","39.955183","-75.217817","1233","6","0","0","0","0","0","0","0","0","","0","1","0","","","1","N","0","","39 57:18.660","","0","75 13:04.140","3","0","0","0","67301","0","0","0","N","0","0","0","2","67301","0","","1.0","","1","N","N","N","0","","1","0","0","","0","","","2","1","1","0","0","0","0","2","0","2","","03","","N","","","","","","","","","",""
"2022043913","0001","1","0","0","0","0","0","0","0","0","7","0","","67","5","2022","6","40.083342","-75.221783","2357","6","0","0","0","0","0","0","0","0","","0","0","0","","","1","N","0","","40 05:00.030","","0","75 13:18.420","4","0","0","0","67301","0","0","0","N","0","0","0","1","67301","1","","4.0","","9","N","N","N","0","","0","0","0","","0","","","1","1","0","0","0","0","0","2","0","1","","07","","N","","","","","","","","","",""
"2022043860","1646","1","0","0","0","0","0","0","0","0","5","0","","67","5","2022","1","40.065292","-75.019831","1636","6","0","0","0","0","0","0","0","0","","0","0","0","","","2","N","0","","40 03:55.050","","0","75 01:11.390","3","0","0","0","67301","0","0","0","N","0","0","0","3","67301","1","","1.0","","1","N","N","N","0","","1","0","1","","0","","","2","2","0","0","0","0","0","2","0","2","","03","","N","","","","","","","","","",""
"2022057897","0330","1","0","0","0","0","0","0","0","0","7","0","","67","5","2022","1","39.954609","-75.140989","0229","6","0","0","0","0","0","0","0","0","","0","0","0","","","1","N","0","","39 57:16.591","1","8","75 08:27.561","4","0","0","0","67301","0","0","0","N","0","0","0","1","68K01","1","","4.0","305.0","9","N","N","N","0","","0","0","0","","0","N","","1","1","0","0","0","0","0","2","0","1","","","","N","","","","","","","","","",""
"2022048447","1420","2","0","0","0","0","0","0","0","0","1","0","","67","5","2022","6","40.051757","-75.093496","1410","6","0","0","0","0","0","2","0","0","","0","0","0","","","1","N","0","","40 03:06.325","","0","75 05:36.587","8","0","0","0","67301","0","0","0","N","0","0","0","2","67301","0","","1.0","","9","N","N","N","0","","0","0","0","","0","","","3","1","0","0","0","1","0","2","1","3","","","","N","","","","","","","","","",""
"2022056892","1320","1","0","0","0","0","0","0","0","0","8","0","","67","5","2022","6","39.993239","-75.124406","1320","6","0","0","0","0","0","0","0","0","","0","0","0","","","1","N","0","","39 59:35.660","","0","75 07:27.860","3","0","0","0","67301","1","0","0","N","1","0","0","2","67301","0","","1.0","","99","N","N","N","0","","1","0","0","","0","","","2","1","0","0","0","0","0","2","0","1","","","","N","","","","","","","","","",""
"2022043979","0158","2","0","0","0","0","0","0","0","0","5","0","","67","5","2022","1","39.957013","-75.213331","0158","6","0","0","0","0","0","1","1","0","","0","0","0","","","0","","1","","39 57:25.245","","0","75 12:47.993","0","0","0","0","67301","0","0","0","N","0","0","0","2","67301","0","","1.0","","9","N","N","N","0","","0","0","0","","1","","","2","0","0","0","0","0","0","2","0","2","","07","","N","","","","","","","","","",""
"2022043862","1425","1","0","0","0","0","0","0","0","0","8","0","","67","5","2022","2","40.073019","-74.975392","1415","6","0","0","0","0","0","0","0","0","","0","0","0","","","1","N","0","","40 04:22.870","","0","74 58:31.410","8","0","0","0","67301","1","0","0","N","1","0","0","2","67301","0","","1.0","","1","N","N","N","0","","0","0","0","","0","","","2","1","0","0","0","1","0","2","0","1","","","","N","","","","","","","","","",""
"2022047215","1936","0","0","0","0","0","0","0","0","0","7","0","","67","5","2022","7","40.016111","-75.130556","1936","6","0","0","0","0","0","0","1","0","","0","0","0","","","1","N","0","","40 00:58.000","7","0","75 07:50.000","3","0","0","0","67301","0","0","0","N","0","0","0","1","67301","0","","4.0","2359.0","9","N","N","N","1","","1","0","0","","0","Y","","1","1","0","0","0","0","0","2","0","1","","04","","N","","","","","","","","","",""
"2022043824","1830","1","0","0","0","0","0","0","0","0","4","0","","67","5","2022","6","40.031615","-75.207632","1830","6","0","0","0","0","0","0","0","0","","0","0","0","","","0","","1","","40 01:53.814","","0","75 12:27.475","0","0","0","0","67301","0","0","0","N","0","0","0","2","67301","0","","1.0","","9","N","N","N","0","","0","0","1","","2","","","2","0","0","0","0","0","0","2","0","2","","","","N","","","","","","","","","",""
"2022044755","1935","0","0","0","1","0","0","0","0","0","8","0","","67","5","2022","4","39.957324","-75.152279","1930","6","0","0","0","0","0","0","0","0","","0","0","0","","","1","","1","","39 57:26.368","","2","75 09:08.204","3","0","0","0","67301","1","0","0","N","0","0","0","2","67301","0","","1.0","","1","N","N","N","0","","1","0","0","","2","","","2","1","0","0","0","0","0","2","1","1","","03","","N","","","","","","","","","",""
"2022047174","2011","0","0","0","0","0","0","0","0","0","8","0","","67","5","2022","5","40.049669","-75.160527","2011","6","0","0","0","0","0","0","0","0","","0","0","0","","","1","","1","","40 02:58.808","","0","75 09:37.897","3","0","0","0","67301","1","0","0","N","1","0","0","2","67301","0","","1.0","","1","N","N","N","0","","1","0","1","","2","","","2","1","0","0","0","0","1","2","0","1","","03","","N","","","","","","","","","",""
"2022050556","1505","0","0","0","0","0","0","0","0","0","8","0","","67","5","2022","6","39.967786","-75.231408","1447","6","0","0","0","0","0","0","0","0","","0","0","0","","","1","N","0","","39 58:04.030","","0","75 13:53.070","2","0","0","0","67301","1","0","1","N","1","0","1","2","67301","0","","1.0","","9","N","N","N","0","","0","1","1","","0","","","2","1","0","0","0","0","0","2","0","1","","07","","N","","","","","","","","","",""
"2022044085","0245","1","0","0","0","0","0","0","0","0","7","0","","67","5","2022","2","39.97016","-75.12432","0238","6","0","0","0","0","0","0","0","0","","0","0","0","","","1","N","0","","39 58:12.577","1","0","75 07:27.551","8","0","0","0","67301","0","0","0","N","0","0","0","1","67301","0","","4.0","130.0","1","N","N","N","0","","0","0","0","","0","N","","1","1","0","0","0","1","0","2","0","1","","03","","N","","","","","","","","","",""
"2022056853","1208","2","0","0","0","0","0","0","0","0","1","0","","67","5","2022","6","40.005879","-75.074775","1157","6","0","0","0","0","0","0","0","0","","0","0","0","","","1","N","0","","40 00:21.165","1","0","75 04:29.190","8","0","0","0","67301","0","0","0","N","0","0","0","3","68K01","0","","1.0","1230.0","1","N","N","N","1","","0","0","0","","0","N","","3","1","0","0","0","1","0","2","0","3","","","","N","","","","","","","","","",""
"2022059097","0925","0","0","0","0","0","0","0","0","0","1","0","","67","5","2022","3","39.945703","-75.190157","0917","6","0","0","0","0","0","0","0","0","","0","0","0","","","0","","6","","39 56:44.529","3","8","75 11:24.565","0","0","0","0","67301","0","0","0","N","0","0","0","2","68K01","0","","1.0","15.0","1","N","N","N","1","","0","0","1","","0","N","","2","0","0","0","0","0","0","2","0","2","","","","N","","","","","","","","","",""
"2022057984","0244","1","0","0","0","0","0","0","0","0","5","1","","67","6","2022","6","39.942247","-75.143408","0232","6","0","0","0","0","0","1","1","0","","0","1","0","","","7","N","0","","39 56:32.088","2","2","75 08:36.269","4","0","0","0","67301","0","0","0","Y","0","0","0","7","68K01","7","","1.0","428.0","1","N","N","N","0","","0","0","1","","0","N","","3","7","0","0","0","0","0","2","0","3","","","","N","","","","","","","","","",""
"2022043895","0350","2","0","0","0","0","0","0","0","0","4","0","","67","5","2022","1","39.919483","-75.242991","0347","6","0","0","0","0","0","0","0","0","","0","0","0","","","1","","1","","39 55:10.138","","0","75 14:34.767","3","0","0","0","67301","0","0","0","N","0","0","0","3","67301","0","","1.0","","9","N","N","N","0","","1","0","0","","2","","","2","1","0","0","0","0","2","2","0","2","","07","","N","","","","","","","","","",""
"2022056899","0830","2","0","0","0","0","0","0","0","0","4","0","","67","6","2022","6","39.960929","-75.245024","0828","6","0","0","0","0","0","0","0","0","","0","0","0","","","2","","1","","39 57:39.345","","0","75 14:42.087","3","0","0","0","67301","0","0","0","N","0","0","0","2","67301","1","","1.0","","1","N","N","N","0","","1","0","0","","2","","","2","2","0","0","0","0","0","2","0","2","","04","","N","","","","","","","","","",""
"2022045910","1222","2","0","0","0","0","0","0","0","0","4","0","","67","5","2022","1","39.970831","-75.154099","1221","6","0","0","0","0","1","0","0","0","","0","0","0","","","1","","1","","39 58:14.993","","0","75 09:14.758","3","0","0","0","67301","0","0","0","N","0","0","0","2","67301","0","","1.0","","1","N","N","Y","0","","1","0","1","","2","","","3","1","0","0","0","0","0","2","0","3","","03","","N","","","","","","","","","",""
"2022060105","1600","2","0","0","0","0","0","0","0","0","2","0","","67","6","2022","3","40.059378","-75.132756","1550","6","0","0","0","0","1","0","0","0","","0","0","0","","","2","N","0","","40 03:33.759","","0","75 07:57.920","3","0","0","0","67301","0","0","0","N","0","0","0","3","67301","0","","1.0","","1","N","N","N","0","","2","0","0","","0","","","2","2","0","0","0","0","1","2","0","2","","","","N","","","","","","","","","",""
"2022056752","1634","1","0","0","0","0","0","0","0","0","1","0","","67","4","2022","3","39.967152","-75.132872","1634","6","0","0","0","0","0","1","0","0","","0","0","0","","","1","N","0","","39 58:01.748","","0","75 07:58.339","4","0","0","0","67301","0","0","0","N","0","0","0","2","68K01","1","","1.0","","1","N","N","N","0","","0","0","1","","8","","","2","1","0","0","0","0","0","2","0","2","","","","N","","","","","","","","","",""
"2022056935","2302","1","0","0","0","0","0","0","0","0","7","0","","67","6","2022","6","39.957428","-75.225412","2301","6","0","0","0","0","0","0","0","0","","0","0","0","","","0","N","0","","39 57:26.740","","0","75 13:31.483","9","0","0","0","67301","0","0","0","N","0","0","0","4","67301","0","","5.0","","1","N","N","N","0","","0","0","0","","0","","","1","0","0","0","0","0","4","2","0","1","","","","N","","","","","","","","","",""
"2022045211","1820","0","0","0","0","0","0","0","0","0","4","0","","67","5","2022","4","39.935848","-75.177014","1818","6","0","0","0","0","0","0","0","0","","0","0","0","","","1","","1","","39 56:09.052","1","0","75 10:37.250","8","0","0","1","67301","0","0","0","N","0","0","0","2","67301","0","","1.0","1904.0","1","N","N","N","0","","0","0","1","","3","Y","","2","1","0","0","0","1","0","2","0","2","","","","N","","","","","","","","","",""
"2022044001","1635","1","0","0","0","0","0","0","0","0","8","0","","67","5","2022","6","39.984702","-75.16831","1629","6","0","0","0","0","0","0","0","0","","0","0","0","","","1","","1","","39 59:04.927","","0","75 10:05.915","3","0","0","0","67301","1","0","0","N","1","0","0","2","67301","0","","1.0","","9","N","N","N","0","","1","0","0","","3","","","2","1","1","0","0","0","1","2","0","1","","04","","N","","","","","","","","","",""
"2022044624","1231","0","0","0","0","0","0","0","0","0","8","0","","67","5","2022","3","40.025851","-75.14535","1230","6","0","0","0","0","0","0","0","0","","0","0","0","","","1","","1","","40 01:33.063","","0","75 08:43.260","2","0","0","0","67301","1","0","1","N","1","0","1","2","67301","0","","1.0","","99","N","Y","N","0","","0","1","1","","3","","","2","1","0","0","0","0","0","2","0","1","","","","N","","","","","","","","","",""