"CRN","ARRIVAL_TM","AUTOMOBILE_COUNT","BELTED_DEATH_COUNT","BELTED_SUSP_SERIOUS_INJ_COUNT","BICYCLE_COUNT","BICYCLE_DEATH_COUNT","BICYCLE_SUSP_SERIOUS_INJ_COUNT","BUS_COUNT","CHLDPAS_DEATH_COUNT","CHLDPAS_SUSP_SERIOUS_INJ_COUNT","COLLISION_TYPE","COMM_VEH_COUNT","CONS_ZONE_SPD_LIM","COUNTY","CRASH_MONTH","CRASH_YEAR","DAY_OF_WEEK","DEC_LATITUDE","DEC_LONGITUDE","DISPATCH_TM","DISTRICT","DRIVER_COUNT_16YR","DRIVER_COUNT_17YR","DRIVER_COUNT_18YR","DRIVER_COUNT_19YR","DRIVER_COUNT_20YR","DRIVER_COUNT_50_64YR","DRIVER_COUNT_65_74YR","DRIVER_COUNT_75PLUS","EST_HRS_CLOSED","FATAL_COUNT","HEAVY_TRUCK_COUNT","HORSE_BUGGY_COUNT","HOUR_OF_DAY","ILLUMINATION","INJURY_COUNT","INTERSECTION_RELATED","INTERSECT_TYPE","LANE_CLOSED","LATITUDE","LN_CLOSE_DIR","LOCATION_TYPE","LONGITUDE","MAX_SEVERITY_LEVEL","MCYCLE_DEATH_COUNT","MCYCLE_SUSP_SERIOUS_INJ_COUNT","MOTORCYCLE_COUNT","MUNICIPALITY","NONMOTR_COUNT","NONMOTR_DEATH_COUNT","NONMOTR_SUSP_SERIOUS_INJ_COUNT","NTFY_HIWY_MAINT","PED_COUNT","PED_DEATH_COUNT","PED_SUSP_SERIOUS_INJ_COUNT","PERSON_COUNT","POLICE_AGCY","POSSIBLE_INJ_COUNT","RDWY_SURF_TYPE_CD","RELATION_TO_ROAD","ROADWAY_CLEARED","ROAD_CONDITION","SCH_BUS_IND","SCH_ZONE_IND","SECONDARY_CRASH","SMALL_TRUCK_COUNT","SPEC_JURIS_CD","SUSP_MINOR_INJ_COUNT","SUSP_SERIOUS_INJ_COUNT","SUV_COUNT","TCD_FUNC_CD","TCD_TYPE","TFC_DETOUR_IND","TIME_OF_DAY","TOTAL_UNITS","TOT_INJ_COUNT","UNBELTED_OCC_COUNT","UNB_DEATH_COUNT","UNB_SUSP_SERIOUS_INJ_COUNT","UNK_INJ_DEG_COUNT","UNK_INJ_PER_COUNT","URBAN_RURAL","VAN_COUNT","VEHICLE_COUNT","WEATHER1","WEATHER2","WORKERS_PRES","WORK_ZONE_IND","WORK_ZONE_LOC","WORK_ZONE_TYPE","WZ_CLOSE_DETOUR","WZ_FLAGGER","WZ_LAW_OFFCR_IND","WZ_LN_CLOSURE","WZ_MOVING","WZ_OTHER","WZ_SHLDER_MDN","WZ_WORKERS_INJ_KILLED"
"2022055626","1950","1","0","0","1","0","0","0","0","0","8","0","","67","5","2022","3","39.945827","-75.183141","1941","6","0","0","0","0","0","0","0","0","","0","0","0","","","1","","1","","39 56:44.977","","0","75 10:59.307","3","0","0","0","67301","1","0","0","N","0","0","0","2","67301","0","","1.0","","1","N","N","N","0","","1","0","0","","2","","","2","1","0","0","0","0","1","2","0","1","","","","N","","","","","","","","","",""
"2022049296","1611","0","0","0","0","0","0","0","0","0","8","0","","67","5","2022","5","39.979453","-75.248353","1609","6","0","0","0","0","0","0","0","0","","0","0","0","","","1","N","0","","39 58:46.030","","0","75 14:54.070","2","0","0","0","67301","1","0","1","N","1","0","1","4","67301","0","","1.0","","1","N","N","N","0","","0","1","1","","0","","","2","1","0","0","0","0","0","2","0","1","","03","","N","","","","","","","","","",""
"2022047210","1735","1","0","0","0","0","0","0","0","0","8","0","","67","5","2022","6","39.999829","-75.152","1730","6","0","0","0","0","0","0","0","0","","0","0","0","","","1","","1","","39 59:59.384","","0","75 09:07.200","4","0","0","0","67301","1","0","0","N","1","0","0","2","67301","1","","1.0","","9","N","N","N","0","","0","0","0","","3","","","2","1","0","0","0","0","0","2","0","1","","04","","N","","","","","","","","","",""
"2022047201","2205","0","0","0","0","0","0","0","0","0","4","0","","67","5","2022","4","39.962474","-75.244666","2205","6","0","0","0","0","0","0","0","0","","0","0","0","","","1","","1","","39 57:44.907","","1","75 14:40.797","4","0","0","0","67301","0","0","0","N","0","0","0","2","67301","1","","1.0","","1","N","N","N","0","","0","0","1","","2","","","2","1","1","0","0","0","0","2","0","2","","03","","N","","","","","","","","","",""
"2022043890","2231","0","0","0","0","0","0","0","0","0","7","0","","67","5","2022","6","39.919486","-75.203941","2231","6","0","0","0","1","0","0","0","0","","0","0","0","","","1","N","0","","39 55:10.149","","3","75 12:14.186","3","0","0","0","67301","0","0","0","N","0","0","0","3","67301","0","","3.0","","9","N","N","N","0","","1","0","1","","0","","","1","1","0","0","0","0","0","2","0","1","","07","","N","","","","","","","","","",""
"2022059108","0130","2","0","0","0","0","0","0","0","0","1","0","","67","5","2022","3","39.94864","-75.185486","0112","6","0","0","0","0","1","0","0","0","","0","0","0","","","4","N","0","","39 56:55.104","4","0","75 11:07.750","8","0","0","0","67301","0","0","0","N","0","0","0","4","68K01","0","","1.0","215.0","1","N","N","N","0","","0","0","0","","0","N","","2","4","1","0","0","4","0","2","0","2","","03","","N","","","","","","","","","",""
"2022044132","1720","1","0","0","0","0","0","0","0","0","1","0","","67","5","2022","7","39.996825","-75.164169","1715","6","0","0","0","0","0","0","0","0","","0","0","0","","","2","N","0","","39 59:48.570","","0","75 09:51.010","8","0","0","0","67301","0","0","0","N","0","0","0","3","67301","0","","6.0","","9","N","N","N","0","","0","0","1","","0","","","3","2","0","0","0","2","1","2","0","3","","04","","N","","","","","","","","","",""
"2022058733","0859","1","0","0","0","0","0","0","0","0","1","1","","67","6","2022","4","39.999029","-75.195557","0846","6","0","0","0","0","0","0","0","0","","0","1","0","","","0","N","0","","39 59:56.505","3","0","75 11:44.004","0","0","0","0","67301","0","0","0","N","0","0","0","2","68K01","0","","1.0","935.0","1","N","N","N","0","","0","0","0","","0","N","","2","0","0","0","0","0","0","2","0","2","","03","","N","","","","","","","","","",""
"2022056802","1900","1","0","0","0","0","0","0","0","0","8","0","","67","6","2022","7","39.969673","-75.131724","1856","6","0","0","0","0","0","0","0","0","","0","0","0","","","1","","1","","39 58:10.822","","0","75 07:54.206","3","0","0","0","67301","1","0","0","N","1","0","0","2","67301","0","","1.0","","1","N","N","N","0","","1","0","0","","2","","","2","1","0","0","0","0","0","2","0","1","","03","","N","","","","","","","","","",""
"2022043815","2046","1","0","0","0","0","0","0","0","0","4","0","","67","5","2022","2","39.939093","-75.158631","2046","6","0","0","0","0","0","0","0","0","","0","0","0","","","0","","2","","39 56:20.735","","0","75 09:31.072","9","0","0","0","67301","0","0","0","N","0","0","0","2","67301","0","","1.0","","1","N","N","N","0","","0","0","1","","0","","","2","0","2","0","0","0","1","2","0","2","","","","N","","","","","","","","","",""
"2022044623","0355","1","0","0","0","0","0","0","0","0","4","0","","67","5","2022","2","40.021739","-75.139756","0343","6","0","0","0","0","0","1","0","0","","0","0","0","","","1","","1","","40 01:18.260","","0","75 08:23.123","3","0","0","1","67301","0","0","0","N","0","0","0","2","67301","0","","1.0","","1","N","N","N","0","","1","0","0","","2","","","2","1","0","0","0","0","0","2","0","2","","03","","N","","","","","","","","","",""
"2022056582","0656","2","0","0","0","0","0","0","0","0","5","0","","67","6","2022","6","40.03226","-75.019835","0656","6","0","0","0","0","0","0","1","1","","0","0","0","","","1","N","0","","40 01:56.136","1","7","75 01:11.405","3","0","0","0","67301","0","0","0","N","0","0","0","2","67301","0","","1.0","800.0","1","N","N","N","0","","1","0","0","","8","N","","2","1","0","0","0","0","0","2","0","2","","04","","N","","","","","","","","","",""
"2022057017","1300","1","0","0","0","0","0","0","0","0","4","0","","67","6","2022","1","40.04799","-75.060348","1254","6","0","0","0","0","0","0","0","0","","0","0","0","","","1","N","0","","40 02:52.765","","7","75 03:37.252","3","0","0","0","67301","0","0","0","N","0","0","0","2","67301","0","","5.0","","1","N","N","N","0","","1","0","1","","0","","","2","1","0","0","0","0","0","2","0","2","","03","","N","","","","","","","","","",""
"2022045206","0352","3","0","0","0","0","0","0","0","0","1","0","","67","5","2022","7","40.050055","-75.172277","0350","6","0","0","0","0","0","0","0","0","","0","0","0","","","0","N","0","","40 03:00.199","5","0","75 10:20.197","9","0","0","0","67301","0","0","0","N","0","0","0","1","67301","0","","6.0","600.0","9","N","N","N","0","","0","0","2","","0","Y","","5","0","0","0","0","0","1","2","0","5","","05","","N","","","","","","","","","",""
"2022060039","1031","0","0","0","0","0","0","0","0","0","4","0","","67","3","2022","3","40.022009","-75.076649","1030","6","0","0","0","0","0","0","0","0","","0","0","0","","","0","","1","","40 01:19.232","","0","75 04:35.936","0","0","0","0","67301","0","0","0","N","0","0","0","2","67301","0","","1.0","","1","N","N","N","0","","0","0","2","","3","","","2","0","1","0","0","0","0","2","0","2","","03","","N","","","","","","","","","",""
"2022049202","1317","3","0","0","0","0","0","0","0","0","2","0","","67","5","2022","4","40.08062","-75.028076","1314","6","0","0","0","0","0","0","1","0","","1","0","0","","","0","N","0","","40 04:50.233","","0","75 01:41.075","1","0","0","0","67301","0","0","0","N","0","0","0","1","67301","0","2","5.0","","1","N","N","N","0","0","0","0","0","","0","","","3","0","0","0","0","0","0","2","0","3","","03","","N","","","","","","","","","",""
"2022044630","1821","3","0","0","0","0","0","0","0","0","4","0","","67","5","2022","4","40.026374","-75.056958","1817","6","0","0","0","0","1","0","0","0","","0","0","0","","","1","","1","","40 01:34.946","2","0","75 03:25.050","3","0","0","0","67301","0","0","0","N","0","0","0","4","67301","0","","1.0","2000.0","1","N","N","N","1","","1","0","0","","3","Y","","5","1","0","0","0","0","0","2","1","5","","","","N","","","","","","","","","",""
"2022043944","1826","1","0","0","0","0","0","0","0","0","8","0","","67","5","2022","4","40.026914","-75.079725","1826","6","0","0","0","0","0","0","0","0","","0","0","0","","","1","N","0","","40 01:36.890","1","0","75 04:47.010","3","0","0","0","67301","1","0","0","N","1","0","0","2","67301","0","","1.0","1835.0","1","N","N","N","0","","1","0","0","","0","Y","","2","1","0","0","0","0","0","2","0","1","","","","N","","","","","","","","","",""
"2022047200","1735","0","0","0","0","0","0","0","0","0","8","0","","67","5","2022","4","39.9643","-75.246372","1730","6","0","0","0","0","0","0","0","0","","0","0","0","","","1","","1","","39 57:51.481","","0","75 14:46.938","3","0","0","0","67301","1","0","0","N","1","0","0","2","67301","0","","1.0","","1","N","N","N","1","","1","0","0","","0","","","2","1","0","0","0","0","1","2","0","1","","","","N","","","","","","","","","",""
"2022044082","0301","0","0","0","0","0","0","0","0","0","5","0","","67","5","2022","6","39.970883","-75.126858","0300","6","0","0","0","0","0","0","0","0","","0","0","0","","","0","N","0","","39 58:15.180","7","0","75 07:36.690","9","0","0","0","67301","0","0","0","N","0","0","0","1","67301","0","","6.0","431.0","1","N","N","N","0","","0","0","4","","0","Y","","4","0","0","0","0","0","1","2","0","4","","","","N","","","","","","","","","",""
"2022044003","1027","0","0","0","0","0","0","0","0","0","4","0","","67","5","2022","1","39.97343","-75.160756","1027","6","0","0","0","0","1","1","0","0","","0","0","0","","","1","","1","","39 58:24.347","","0","75 09:38.721","8","0","0","0","67301","0","0","0","N","0","0","0","2","67301","0","","1.0","","9","N","N","N","0","","0","0","2","","2","","","2","1","0","0","0","1","0","2","0","2","","04","","N","","","","","","","","","",""
"2022059997","1954","1","0","0","0","0","0","0","0","0","8","0","","67","6","2022","6","39.920392","-75.170482","1945","6","0","0","0","0","0","0","0","0","","0","0","0","","","1","N","0","","39 55:13.412","","0","75 10:13.736","3","0","0","0","67301","1","0","0","N","1","0","0","2","67301","0","","1.0","","1","N","N","N","0","","1","0","0","","0","","","2","1","0","0","0","0","0","2","0","1","","03","","N","","","","","","","","","",""
"2022043868","1847","0","0","0","0","0","0","0","0","0","8","0","","67","5","2022","6","39.949756","-75.16752","1847","6","0","0","0","0","0","0","0","0","","0","0","0","","","1","","1","","39 56:59.121","","0","75 10:03.071","3","0","0","0","67301","1","0","0","N","1","0","0","2","67301","0","","1.0","","9","N","N","N","1","","1","0","0","","2","","","2","1","0","0","0","0","0","2","0","1","","","","N","","","","","","","","","",""
"2022047111","0930","0","0","0","0","0","0","1","0","0","4","1","","67","5","2022","1","39.926422","-75.224323","0930","6","0","0","0","0","0","0","0","0","","0","0","0","","","1","","2","","39 55:35.120","","0","75 13:27.564","4","0","0","0","67301","0","0","0","N","0","0","0","2","67508","1","","1.0","","1","N","N","Y","0","","0","0","1","","3","","","2","1","0","0","0","0","0","2","0","2","","03","","N","","","","","","","","","",""
"2022044981","1031","0","0","0","0","0","0","0","0","0","4","0","","67","5","2022","4","39.923384","-75.231727","1031","6","0","0","0","0","0","0","0","0","","0","0","0","","","1","","1","","39 55:24.182","","0","75 13:54.217","3","0","0","0","67301","0","0","0","N","0","0","0","2","67301","0","","1.0","","1","N","N","N","1","","1","0","1","","2","","","2","1","0","0","0","0","1","2","0","2","","","","N","","","","","","","","","",""
"2022055580","2309","2","0","0","0","0","0","0","0","0","4","0","","67","6","2022","5","40.102899","-74.977869","2305","6","0","0","1","0","0","0","0","0","","0","0","0","","","1","","2","","40 06:10.436","","0","74 58:40.328","3","0","0","0","67301","0","0","0","N","0","0","0","2","67301","0","","1.0","","1","N","N","N","0","","1","0","1","","3","","","3","1","0","0","0","0","0","2","0","3","","03","","N","","","","","","","","","",""
"2022045210","1717","2","0","0","0","0","0","0","0","0","1","0","","67","5","2022","6","40.025593","-75.062647","1715","6","0","0","0","0","1","1","0","0","","0","0","0","","","2","N","0","","40 01:32.136","1","0","75 03:45.528","3","0","0","0","67301","0","0","0","N","0","0","0","5","67301","0","","1.0","1825.0","1","N","N","N","0","","2","0","2","","0","N","","4","2","0","0","0","0","0","2","0","4","","03","","N","","","","","","","","","",""
"2022044146","0632","2","0","0","0","0","0","0","0","0","5","0","","67","5","2022","2","40.122803","-75.024281","0624","6","0","0","0","0","0","0","0","0","","0","0","0","","","1","N","0","","40 07:22.090","","0","75 01:27.410","8","0","0","0","67301","0","0","0","N","0","0","0","1","67301","0","","6.0","","99","N","N","N","0","","0","0","2","","0","","","4","1","0","0","0","1","0","2","0","4","","03","","N","","","","","","","","","",""
"2022056859","2206","0","0","0","0","0","0","0","0","0","5","0","","67","5","2022","1","39.938345","-75.197662","2144","6","0","0","0","0","0","0","0","0","","0","0","0","","","0","","6","","39 56:18.041","","2","75 11:51.584","0","0","0","0","67301","0","0","0","N","0","0","0","2","68K01","0","","1.0","","1","N","N","N","1","","0","0","0","","0","","","2","0","1","0","0","0","0","2","1","2","","","","N","","","","","","","","","",""
"2022056932","1920","1","0","0","0","0","0","0","0","0","8","0","","67","6","2022","5","39.951716","-75.15874","1907","6","0","0","0","0","0","0","0","0","","0","0","0","","","1","N","0","","39 57:06.177","","0","75 09:31.464","8","0","0","0","67301","1","0","0","N","1","0","0","2","67301","0","","1.0","","1","N","N","N","0","","0","0","0","","0","","","2","1","0","0","0","1","0","2","0","1","","03","","N","","","","","","","","","",""
"2022047211","2110","2","0","0","0","0","0","0","0","0","4","0","","67","5","2022","7","40.015677","-75.140093","2104","6","0","0","0","1","0","0","0","0","","0","0","0","","","0","","1","","40 00:56.437","","0","75 08:24.334","0","0","0","0","67301","0","0","0","N","0","0","0","3","67301","0","","1.0","","9","N","N","N","0","","0","0","0","","3","","","2","0","0","0","0","0","0","2","0","2","","","","N","","","","","","","","","",""
"2022044567","0835","3","0","0","0","0","0","0","0","0","4","0","","67","5","2022","4","39.956808","-75.233732","0835","6","0","0","0","0","0","1","0","0","","0","0","0","","","1","","1","","39 57:24.508","","0","75 14:01.435","3","0","0","0","67301","0","0","0","N","0","0","0","2","67301","0","","1.0","","1","N","N","Y","0","","1","0","1","","3","","","4","1","0","0","0","0","0","2","0","4","","","","N","","","","","","","","","",""
"2022043922","0119","1","0","0","0","0","0","0","0","0","4","0","","67","5","2022","4","40.063523","-75.169834","0118","6","0","0","0","0","0","0","0","0","","0","0","0","","","1","","1","","40 03:48.682","4","0","75 10:11.404","3","0","0","0","67301","0","0","0","N","0","0","0","2","67301","0","","1.0","300.0","1","N","N","N","0","","1","0","1","","2","N","","2","1","1","0","0","0","0","2","0","2","","03","","N","","","","","","","","","",""
"2022044983","2028","1","0","0","0","0","0","0","0","0","8","0","","67","5","2022","5","39.926044","-75.226067","2028","6","0","0","0","0","0","0","0","0","","0","0","0","","","1","N","0","","39 55:33.760","","0","75 13:33.840","4","0","0","0","67301","1","0","0","N","1","0","0","2","67301","1","","6.0","","1","N","N","N","0","","0","0","0","","0","","","2","1","0","0","0","0","0","2","0","1","","","","N","","","","","","","","","",""
"2022057040","1855","2","0","0","0","0","0","0","0","0","4","0","","67","6","2022","1","39.932918","-75.148727","1849","6","0","0","0","0","0","0","0","0","","0","0","0","","","1","","1","","39 55:58.503","1","0","75 08:55.417","3","0","0","0","67301","0","0","0","N","0","0","0","2","67301","0","","1.0","1925.0","1","N","N","N","0","","1","0","0","","2","N","","2","1","0","0","0","0","0","2","0","2","","03","","N","","","","","","","","","",""
"2022057899","0137","0","0","0","0","0","0","0","0","0","5","0","","67","5","2022","2","39.977868","-75.201685","0127","6","0","0","0","0","0","2","0","0","","0","0","0","","","0","N","0","","39 58:40.326","","0","75 12:06.065","0","0","0","0","67301","0","0","0","N","0","0","0","6","68K01","0","","1.0","","1","N","N","N","0","","0","0","2","","0","","","2","0","0","0","0","0","0","2","0","2","","03","","N","","","","","","","","","",""
"2022047162","1245","0","0","0","0","0","0","0","0","0","8","0","","67","5","2022","6","39.95245","-75.16254","1238","6","0","0","0","0","0","0","0","0","","0","0","0","","","1","N","0","","39 57:08.820","","0","75 09:45.144","2","0","0","0","67301","1","0","1","N","1","0","1","2","67301","0","","4.0","","1","N","N","N","0","","0","1","0","","0","","","2","1","0","0","0","0","0","2","0","1","","03","","N","","","","","","","","","",""
"2022045560","0026","2","0","0","0","0","0","0","0","0","6","0","","67","5","2022","7","40.033386","-75.093206","0007","6","0","0","0","0","0","0","0","0","","0","0","0","","","0","N","0","","40 02:00.190","","0","75 05:35.540","0","0","0","0","67301","0","0","0","N","0","0","0","1","67301","0","","6.0","","1","N","N","N","0","","0","0","0","","0","","","2","0","0","0","0","0","0","2","0","2","","","","N","","","","","","","","","",""
"2022044087","1000","0","0","0","0","0","0","0","0","0","4","0","","67","5","2022","2","39.990917","-75.136333","1000","6","0","0","0","0","0","1","0","0","","0","0","0","","","2","N","0","","39 59:27.300","","7","75 08:10.800","4","0","0","0","67301","0","0","0","N","0","0","0","3","67301","1","","1.0","","1","N","N","N","0","","0","0","1","","0","","","2","2","0","0","0","1","0","2","1","2","","03","","N","","","","","","","","","",""
"2022056498","1014","1","0","0","0","0","0","0","0","0","7","0","","67","5","2022","7","40.045123","-75.002282","1014","6","0","0","0","0","0","0","0","0","","0","0","0","","","0","N","0","","40 02:42.444","","0","75 00:08.216","0","0","0","0","67301","0","0","0","N","0","0","0","1","68K01","0","","3.0","","9","N","N","N","0","","0","0","0","","0","","","1","0","0","0","0","0","0","2","0","1","","07","","N","","","","","","","","","",""
"2022050540","0058","1","0","0","0","0","0","0","0","0","5","0","","67","5","2022","6","40.028847","-75.054408","0058","6","0","0","0","0","0","0","0","0","","0","0","0","","","0","N","0","","40 01:43.850","","0","75 03:15.870","0","0","0","0","67301","0","0","0","N","0","0","0","1","67301","0","","6.0","","1","N","N","Y","0","","0","0","2","","0","","","4","0","0","0","0","0","0","2","0","4","","98","","N","","","","","","","","","",""
"2022047121","0920","0","0","0","0","0","0","1","0","0","4","1","","67","5","2022","6","39.922406","-75.223162","0905","6","0","0","0","0","0","0","0","0","","0","0","0","","","2","","1","","39 55:20.661","","0","75 13:23.382","4","0","0","0","67301","0","0","0","N","0","0","0","4","67508","2","","1.0","","1","N","N","Y","0","","0","0","1","","2","","","2","2","0","0","0","0","0","2","0","2","","03","","N","","","","","","","","","",""
"2022045063","1912","2","0","0","0","0","0","0","0","0","5","0","","67","5","2022","6","40.047478","-75.167461","1912","6","0","0","0","0","0","0","0","0","","0","0","0","","","1","N","0","","40 02:50.920","","0","75 10:02.860","3","0","0","0","67301","0","0","0","N","0","0","0","1","67301","0","","6.0","","9","N","N","N","0","","1","0","0","","0","","","2","1","0","0","0","0","0","2","0","2","","","","N","","","","","","","","","",""
"2022055636","1215","2","0","0","0","0","0","0","0","0","4","0","","67","6","2022","4","39.957289","-75.247885","1206","6","0","0","1","0","0","0","1","0","","0","0","0","","","2","","1","","39 57:26.242","2","0","75 14:52.386","3","0","0","0","67301","0","0","0","N","0","0","0","3","67301","1","","1.0","1345.0","1","N","N","N","0","","1","0","1","","2","N","","3","2","0","0","0","0","0","2","0","3","","","","N","","","","","","","","","",""
"2022043914","2155","1","0","0","0","0","0","0","0","0","4","0","","67","5","2022","7","40.038211","-75.190068","2150","6","0","0","0","0","2","0","0","0","","0","0","0","","","0","","1","","40 02:17.558","7","0","75 11:24.246","9","0","0","0","67301","0","0","0","N","0","0","0","3","67301","0","","1.0","2215.0","9","N","N","N","0","","0","0","2","","2","Y","","3","0","0","0","0","0","2","2","0","3","","07","","N","","","","","","","","","",""
"2022044047","1720","1","0","0","0","0","0","0","0","0","8","0","","67","5","2022","2","39.996306","-75.113861","1720","6","0","0","0","0","0","0","0","0","","0","0","0","","","1","N","0","","39 59:46.700","","1","75 06:49.900","4","0","0","0","67301","1","0","0","N","1","0","0","2","67301","1","","1.0","","1","N","N","N","0","","0","0","0","","0","","","2","1","1","0","0","0","0","2","0","1","","03","","N","","","","","","","","","",""
"2022057982","2237","1","0","0","0","0","0","0","0","0","1","0","","67","6","2022","4","39.942309","-75.19376","2233","6","0","0","0","0","0","0","0","0","","0","0","0","","","1","N","0","","39 56:32.312","3","3","75 11:37.536","3","0","0","0","67301","0","0","0","N","0","0","0","2","68K01","0","","1.0","2300.0","1","N","N","N","0","","1","0","1","","0","N","","2","1","1","0","0","0","0","2","0","2","","","","N","","","","","","","","","",""
"2022047592","1739","2","0","0","0","0","0","0","0","0","1","0","","67","5","2022","3","39.979445","-75.204002","1736","6","0","0","0","0","0","0","0","0","","0","0","0","","","1","N","0","","39 58:46.001","4","0","75 12:14.406","8","0","0","0","67301","0","0","0","N","0","0","0","3","68K01","0","","1.0","1759.0","1","N","N","N","0","","0","0","1","","0","N","","3","1","0","0","0","1","0","2","0","3","","","","N","","","","","","","","","",""
"2022043908","1328","1","0","0","0","0","0","0","0","0","4","0","","67","5","2022","4","40.035496","-75.178766","1322","6","0","0","0","0","0","0","0","1","","0","0","0","","","2","","1","","40 02:07.785","","0","75 10:43.557","3","0","0","0","67301","0","0","0","N","0","0","0","4","67301","0","","1.0","","1","N","N","N","0","","2","0","1","","2","","","2","2","0","0","0","0","2","2","0","2","","04","","N","","","","","","","","","",""
"2022045330","1305","1","0","0","0","0","0","0","0","0","1","0","","67","5","2022","7","39.989422","-75.088919","1259","6","0","0","0","0","0","0","0","0","","0","0","0","","","1","N","0","","39 59:21.918","","0","75 05:20.108","3","0","0","0","67301","0","0","0","N","0","0","0","1","67301","0","","6.0","","9","N","N","N","0","","1","0","3","","0","","","4","1","0","0","0","0","0","2","0","4","","","","N","","","","","","","","","",""
"2022060034","1610","2","0","0","0","0","0","0","0","0","4","0","","67","6","2022","6","39.927517","-75.229825","1610","6","0","0","0","0","0","1","1","0","","0","0","0","","","1","N","0","","39 55:39.060","","7","75 13:47.370","3","0","0","0","67301","0","0","0","N","0","0","0","3","67301","0","","1.0","","1","N","N","N","0","","1","0","0","","0","","","2","1","0","0","0","0","0","2","0","2","","03","","N","","","","","","","","","",""
"2022051458","1305","3","0","0","0","0","0","0","0","0","1","0","","67","5","2022","6","40.055641","-75.140515","1305","6","0","0","0","0","0","1","0","0","","0","0","0","","","1","N","0","","40 03:20.308","","0","75 08:25.855","4","0","0","0","67301","0","0","0","N","0","0","0","4","67301","1","","1.0","","99","N","N","N","0","","0","0","0","","0","","","3","1","2","0","0","0","2","2","0","3","","","","N","","","","","","","","","",""
"2022056893","2336","2","0","0","0","0","0","0","0","0","2","0","","67","6","2022","7","39.983125","-75.101574","2336","6","0","0","0","0","0","0","0","0","","0","0","0","","","2","N","0","","39 58:59.251","3","0","75 06:05.668","4","0","0","0","67301","0","0","0","N","0","0","0","2","67301","2","","1.0","25.0","1","N","N","N","0","","0","0","0","","0","N","","2","2","0","0","0","0","0","2","0","2","","03","","N","","","","","","","","","",""
"2022047204","2216","0","0","0","0","0","0","0","0","0","4","0","","67","5","2022","5","40.002999","-75.101607","2216","6","0","0","0","0","0","0","0","0","","0","0","0","","","1","","5","","40 00:10.796","","1","75 06:05.785","3","0","0","0","67301","0","0","0","N","0","0","0","2","67301","0","","1.0","","1","N","N","N","0","","1","0","2","","2","","","2","1","0","0","0","0","0","2","0","2","","03","","N","","","","","","","","","",""
"2022060141","0950","0","0","0","0","0","0","0","0","0","8","0","","67","6","2022","4","39.990874","-75.155281","0941","6","0","0","0","0","0","0","0","0","","0","0","0","","","1","","1","","39 59:27.145","","0","75 09:19.010","3","0","0","0","67301","1","0","0","N","1","0","0","1","67301","0","","1.0","","1","N","N","N","0","","1","0","0","","2","","","2","1","0","0","0","0","0","2","0","1","","03","","N","","","","","","","","","",""
"2022056851","0524","0","0","0","0","0","0","0","0","0","7","0","","67","5","2022","3","39.956955","-75.154924","0518","6","0","0","0","0","0","1","0","0","","0","0","0","","","1","N","0","","39 57:25.038","3","0","75 09:17.726","3","0","0","0","67301","0","0","0","N","0","0","0","2","68K01","0","","3.0","626.0","1","N","N","N","0","","1","0","2","","0","N","","2","1","0","0","0","0","0","2","0","2","","03","","N","","","","","","","","","",""
"2022045392","1016","1","0","0","0","0","0","0","0","0","1","0","","67","5","2022","6","40.006501","-75.1179","1016","6","0","0","0","0","0","1","0","1","","0","0","0","","","1","Y","0","","40 00:23.402","4","0","75 07:04.441","3","0","0","0","67301","0","0","0","N","0","0","0","3","67301","0","","1.0","1050.0","9","N","N","N","0","","1","0","2","","2","N","","3","1","0","0","0","0","0","2","0","3","","","","N","","","","","","","","","",""
"2022056834","0029","2","0","0","0","0","0","0","0","0","4","0","","67","6","2022","1","40.004631","-75.163953","0027","6","0","0","0","0","0","0","0","0","","0","0","0","","","0","","1","","40 00:16.671","","0","75 09:50.230","0","0","0","0","67301","0","0","0","N","0","0","0","2","67301","0","","1.0","","1","N","N","N","0","","0","0","0","","3","","","2","0","0","0","0","0","0","2","0","2","","03","","N","","","","","","","","","",""
"2022060037","0835","0","0","0","0","0","0","0","0","0","6","1","","67","6","2022","4","40.040558","-75.169866","0833","6","0","0","0","0","0","0","0","0","","0","1","0","","","1","","5","","40 02:26.008","","0","75 10:11.517","3","0","0","0","67301","0","0","0","N","0","0","0","3","67301","0","","1.0","","1","N","N","Y","0","","1","0","1","","2","","","3","1","0","0","0","0","1","2","1","3","","03","","N","","","","","","","","","",""
"2022045536","1933","1","0","0","0","0","0","0","0","0","5","0","","67","5","2022","7","40.015956","-75.091686","1927","6","0","0","0","0","0","0","0","0","","0","0","0","","","0","N","0","","40 00:57.440","","0","75 05:30.070","9","0","0","0","67301","0","0","0","N","0","0","0","1","67301","0","","4.0","","9","N","N","N","0","","0","0","1","","0","","","2","0","0","0","0","0","1","2","0","2","","07","","N","","","","","","","","","",""
"2022058790","1430","1","0","0","0","0","0","1","0","0","5","2","","67","6","2022","6","40.030583","-75.146476","1415","6","0","0","0","0","0","0","0","0","","0","1","0","","","5","","1","","40 01:50.100","","0","75 08:47.313","8","0","0","0","67301","0","0","0","N","0","0","0","9","67508","0","","1.0","","1","N","N","Y","0","","0","0","0","","2","","","3","5","0","0","0","5","0","2","0","3","","03","","N","","","","","","","","","",""