"CRN","ARRIVAL_TM","AUTOMOBILE_COUNT","BELTED_DEATH_COUNT","BELTED_SUSP_SERIOUS_INJ_COUNT","BICYCLE_COUNT","BICYCLE_DEATH_COUNT","BICYCLE_SUSP_SERIOUS_INJ_COUNT","BUS_COUNT","CHLDPAS_DEATH_COUNT","CHLDPAS_SUSP_SERIOUS_INJ_COUNT","COLLISION_TYPE","COMM_VEH_COUNT","CONS_ZONE_SPD_LIM","COUNTY","CRASH_MONTH","CRASH_YEAR","DAY_OF_WEEK","DEC_LATITUDE","DEC_LONGITUDE","DISPATCH_TM","DISTRICT","DRIVER_COUNT_16YR","DRIVER_COUNT_17YR","DRIVER_COUNT_18YR","DRIVER_COUNT_19YR","DRIVER_COUNT_20YR","DRIVER_COUNT_50_64YR","DRIVER_COUNT_65_74YR","DRIVER_COUNT_75PLUS","EST_HRS_CLOSED","FATAL_COUNT","HEAVY_TRUCK_COUNT","HORSE_BUGGY_COUNT","HOUR_OF_DAY","ILLUMINATION","INJURY_COUNT","INTERSECTION_RELATED","INTERSECT_TYPE","LANE_CLOSED","LATITUDE","LN_CLOSE_DIR","LOCATION_TYPE","LONGITUDE","MAX_SEVERITY_LEVEL","MCYCLE_DEATH_COUNT","MCYCLE_SUSP_SERIOUS_INJ_COUNT","MOTORCYCLE_COUNT","MUNICIPALITY","NONMOTR_COUNT","NONMOTR_DEATH_COUNT","NONMOTR_SUSP_SERIOUS_INJ_COUNT","NTFY_HIWY_MAINT","PED_COUNT","PED_DEATH_COUNT","PED_SUSP_SERIOUS_INJ_COUNT","PERSON_COUNT","POLICE_AGCY","POSSIBLE_INJ_COUNT","RDWY_SURF_TYPE_CD","RELATION_TO_ROAD","ROADWAY_CLEARED","ROAD_CONDITION","SCH_BUS_IND","SCH_ZONE_IND","SECONDARY_CRASH","SMALL_TRUCK_COUNT","SPEC_JURIS_CD","SUSP_MINOR_INJ_COUNT","SUSP_SERIOUS_INJ_COUNT","SUV_COUNT","TCD_FUNC_CD","TCD_TYPE","TFC_DETOUR_IND","TIME_OF_DAY","TOTAL_UNITS","TOT_INJ_COUNT","UNBELTED_OCC_COUNT","UNB_DEATH_COUNT","UNB_SUSP_SERIOUS_INJ_COUNT","UNK_INJ_DEG_COUNT","UNK_INJ_PER_COUNT","URBAN_RURAL","VAN_COUNT","VEHICLE_COUNT","WEATHER1","WEATHER2","WORKERS_PRES","WORK_ZONE_IND","WORK_ZONE_LOC","WORK_ZONE_TYPE","WZ_CLOSE_DETOUR","WZ_FLAGGER","WZ_LAW_OFFCR_IND","WZ_LN_CLOSURE","WZ_MOVING","WZ_OTHER","WZ_SHLDER_MDN","WZ_WORKERS_INJ_KILLED"
"2022056865","0831","1","0","0","0","0","0","0","0","0","1","0","","67","6","2022","2","40.045986","-75.001776","0801","6","0","0","0","0","0","0","0","0","","0","0","0","","","0","N","0","","40 02:45.549","","0","75 00:06.395","0","0","0","0","67301","0","0","0","N","0","0","0","2","68K01","0","","1.0","","1","N","N","N","0","","0","0","1","","0","","","2","0","0","0","0","0","0","2","0","2","","03","","N","","","","","","","","","",""
"2022044045","0020","2","0","0","0","0","0","0","0","0","3","0","","67","5","2022","7","40.010072","-75.104364","0016","6","0","0","0","0","0","1","0","0","","0","0","0","","","1","N","0","","40 00:36.260","","0","75 06:15.710","3","0","0","0","67301","0","0","0","N","0","0","0","2","67301","0","","1.0","","1","N","N","N","0","","1","0","0","","0","","","2","1","0","0","0","0","0","2","0","2","","03","","N","","","","","","","","","",""
"2022057943","2245","1","0","0","0","0","0","0","0","0","7","0","","67","6","2022","3","39.981469","-75.207113","2242","6","0","0","0","0","0","0","0","0","","0","0","0","","","1","N","0","","39 58:53.289","","0","75 12:25.607","8","0","0","0","67301","0","0","0","N","0","0","0","1","68K01","0","","4.0","","9","N","N","N","0","","0","0","0","","0","","","1","1","0","0","0","1","0","2","0","1","","","","N","","","","","","","","","",""
"2022057906","0326","1","0","0","0","0","0","0","0","0","7","0","","67","5","2022","5","39.9818","-75.207404","0320","6","0","0","0","0","0","0","0","0","","0","0","0","","","0","N","0","","39 58:54.481","3","0","75 12:26.654","0","0","0","0","67301","0","0","0","N","0","0","0","1","68K01","0","","4.0","341.0","9","N","N","N","0","","0","0","0","","0","N","","1","0","0","0","0","0","0","2","0","1","","07","","N","","","","","","","","","",""
"2022056678","1800","0","0","0","0","0","0","0","0","0","5","0","","67","6","2022","5","39.900441","-75.225354","1732","6","0","0","0","0","0","0","1","0","","0","0","0","","","0","N","0","","39 54:01.587","","0","75 13:31.276","9","0","0","0","67301","0","0","0","N","0","0","0","2","67301","0","","1.0","","1","N","N","N","0","","0","0","2","","0","","","2","0","0","0","0","0","1","2","0","2","","03","","N","","","","","","","","","",""
"2022047537","1327","1","0","0","0","0","0","0","0","0","4","0","","67","5","2022","2","39.954615","-75.149531","1323","6","0","0","0","0","0","0","1","0","","0","0","0","","","2","","5","","39 57:16.613","2","2","75 08:58.311","3","0","0","0","67301","0","0","0","N","0","0","0","2","67301","0","","1.0","1344.0","1","N","N","N","0","","2","0","1","","2","Y","","2","2","0","0","0","0","0","2","0","2","","","","N","","","","","","","","","",""
"2022045631","1618","0","0","0","0","0","0","0","0","0","1","0","","67","5","2022","6","39.959903","-75.140393","1602","6","0","0","0","0","0","1","0","0","","0","0","0","","","1","","6","","39 57:35.650","","2","75 08:25.416","8","0","0","0","67301","0","0","0","N","0","0","0","2","68K01","0","","7.0","","9","N","N","N","0","","0","0","2","","0","","","2","1","0","0","0","1","0","2","0","2","","","","N","","","","","","","","","",""
"2022056770","1430","1","0","0","0","0","0","0","0","0","7","0","","67","5","2022","7","39.893304","-75.231333","1416","6","0","0","0","0","0","1","0","0","","0","0","0","","","1","N","0","","39 53:35.895","2","0","75 13:52.797","8","0","0","0","67301","0","0","0","N","0","0","0","1","68K01","0","","4.0","1500.0","9","N","N","N","0","","0","0","0","","8","N","","1","1","0","0","0","1","0","2","0","1","","","","N","","","","","","","","","",""
"2022044762","1946","1","0","0","0","0","0","0","0","0","8","0","","67","5","2022","5","39.920655","-75.170557","1736","6","0","0","0","0","0","0","0","0","","0","0","0","","","1","","1","","39 55:14.358","","0","75 10:14.006","3","0","0","0","67301","1","0","0","N","1","0","0","2","67301","0","","1.0","","1","N","N","N","0","","1","0","0","","2","","","2","1","1","0","0","0","0","2","0","1","","03","","N","","","","","","","","","",""
"2022059114","1501","1","0","0","0","0","0","0","0","0","1","0","","67","6","2022","4","40.039966","-75.006615","1501","6","0","0","0","1","1","0","0","0","","0","0","0","","","4","N","0","","40 02:23.876","","0","75 00:23.813","4","0","0","0","67301","0","0","0","N","0","0","0","8","68K01","1","","1.0","","1","N","N","N","0","","0","0","2","","0","","","3","4","1","0","0","3","0","2","0","3","","03","","N","","","","","","","","","",""
"2022056864","0750","0","0","0","0","0","0","1","0","0","1","1","","67","6","2022","2","39.882148","-75.245746","0723","6","0","0","0","0","0","1","0","0","","0","0","0","","","1","N","0","","39 52:55.733","","0","75 14:44.685","8","0","0","0","67301","0","0","0","N","0","0","0","27","68K01","0","","1.0","","1","Y","N","N","0","","0","0","1","","0","","","2","1","0","0","0","1","0","2","0","2","","","","N","","","","","","","","","",""
"2022043267","1952","1","0","0","0","0","0","0","0","0","4","0","","67","5","2022","2","39.977298","-75.158241","1950","6","0","0","0","0","0","0","0","0","","0","0","0","","","2","","1","","39 58:38.272","","0","75 09:29.666","3","0","0","1","67301","0","0","0","N","0","0","0","3","67505","0","","1.0","","1","N","N","N","0","","2","0","0","","2","","","2","2","0","0","0","0","0","2","0","2","","03","","N","","","","","","","","","",""
"2022045228","1700","1","0","0","0","0","0","0","0","0","1","0","","67","5","2022","6","40.016485","-75.175161","1656","6","0","0","0","0","0","1","0","0","","0","0","0","","","0","N","0","","40 00:59.346","2","0","75 10:30.580","0","0","0","0","67301","0","0","0","N","0","0","0","4","67301","0","","1.0","1810.0","9","N","N","N","0","","0","0","1","","0","N","","3","0","0","0","0","0","0","2","1","3","","04","","N","","","","","","","","","",""
"2022057039","0857","0","1","0","0","0","0","0","0","0","2","0","","67","5","2022","7","40.036948","-75.145207","0857","6","0","0","0","0","0","0","1","0","","1","0","0","","","1","","2","","40 02:13.012","1","0","75 08:42.745","1","0","0","0","67301","0","0","0","N","0","0","0","3","67301","0","2","1.0","1127.0","1","N","N","N","0","0","1","0","2","","2","Y","","2","1","0","0","0","0","1","2","0","2","","","","N","","","","","","","","","",""
"2022042643","2000","1","0","0","0","0","0","0","0","0","8","0","","67","5","2022","7","39.958759","-75.19087","1958","6","0","0","0","0","0","0","0","0","","0","0","0","","","1","","2","","39 57:31.532","2","0","75 11:27.131","3","0","0","0","67301","1","0","0","N","1","0","0","2","67507","0","","1.0","2013.0","9","N","N","N","0","","1","0","0","","0","N","","2","1","0","0","0","0","0","2","0","1","","","","N","","","","","","","","","",""
"2022059813","2353","1","0","0","0","0","0","0","0","0","7","0","","67","4","2022","6","39.93084","-75.198869","2345","6","0","0","0","0","0","1","0","0","","0","0","0","","","2","N","0","","39 55:51.025","4","0","75 11:55.930","8","0","0","0","67301","0","0","0","N","0","0","0","2","68K01","0","","3.0","115.0","1","N","N","N","0","","0","0","0","","0","N","","1","2","1","0","0","2","0","2","0","1","","03","","N","","","","","","","","","",""
"2022049642","1550","2","0","0","0","0","0","0","0","0","5","0","","67","5","2022","4","39.9873","-75.159375","1534","6","0","0","0","0","0","0","0","0","","0","0","0","","","2","N","0","","39 59:14.280","","0","75 09:33.750","3","0","0","0","67301","0","0","0","N","0","0","0","3","67301","0","","6.0","","1","N","N","N","0","","2","0","0","","0","","","2","2","0","0","0","0","1","2","0","2","","03","","N","","","","","","","","","",""
"2022044720","1937","0","0","0","0","0","0","0","0","0","0","0","","67","5","2022","4","40.067302","-75.059227","1932","6","0","0","0","0","0","1","0","0","","0","0","0","","","1","","1","","40 04:02.287","","0","75 03:33.217","3","0","0","1","67301","0","0","0","N","0","0","0","1","67301","0","","1.0","","1","N","N","N","0","","1","0","0","","3","","","1","1","0","0","0","0","0","2","0","1","","03","","N","","","","","","","","","",""
"2022045907","1235","1","0","0","0","0","0","0","0","0","1","0","","67","5","2022","2","39.924639","-75.229942","1232","6","0","0","0","0","0","0","0","0","","0","0","0","","","0","N","0","","39 55:28.700","","0","75 13:47.790","0","0","0","0","67301","0","0","0","N","0","0","0","1","67301","0","","6.0","","1","N","N","N","0","","0","0","1","","0","","","2","0","0","0","0","0","0","2","0","2","","03","","N","","","","","","","","","",""
"2022060059","0856","2","0","0","0","0","0","0","0","0","4","0","","67","6","2022","3","39.948627","-75.249698","0856","6","0","0","0","0","0","0","0","0","","0","0","0","","","0","N","0","","39 56:55.056","3","7","75 14:58.913","9","0","0","0","67301","0","0","0","N","0","0","0","1","67301","0","","6.0","1000.0","1","N","N","N","0","","0","0","0","","0","N","","2","0","0","0","0","0","1","2","0","2","","","","N","","","","","","","","","",""
"2022054156","1650","1","0","0","0","0","0","0","0","0","1","0","","67","5","2022","2","40.029955","-75.022235","1627","6","0","0","0","0","0","0","0","0","","0","0","0","","","1","N","0","","40 01:47.839","2","3","75 01:20.046","8","0","0","0","67301","0","0","0","N","0","0","0","4","68K01","0","","1.0","1740.0","1","N","N","Y","1","","0","0","1","","0","N","","3","1","0","0","0","1","1","2","0","3","","03","","N","","","","","","","","","",""
"2022043964","2137","2","0","0","0","0","0","0","0","0","5","0","","67","5","2022","1","39.943611","-75.172278","2137","6","0","0","0","0","0","0","0","0","","0","0","0","","","1","N","0","","39 56:37.000","","0","75 10:20.200","3","0","0","0","67301","0","0","0","N","0","0","0","2","67301","0","","6.0","","1","N","N","N","0","","1","0","0","","0","","","2","1","1","0","0","0","0","2","0","2","","98","","N","","","","","","","","","",""
"2022059096","1709","1","0","0","0","0","0","0","0","0","1","0","","67","5","2022","2","39.983308","-75.208186","1657","6","0","0","0","0","0","0","0","0","","0","0","0","","","0","N","0","","39 58:59.907","","0","75 12:29.471","0","0","0","0","67301","0","0","0","N","0","0","0","2","68K01","0","","1.0","","1","N","N","N","0","","0","0","1","","0","","","2","0","0","0","0","0","0","2","0","2","","","","N","","","","","","","","","",""
"2022056746","1648","1","0","0","0","0","0","0","0","0","8","0","","67","6","2022","6","40.041363","-75.028255","1641","6","0","0","0","0","0","0","0","0","","0","0","0","","","1","","1","","40 02:28.908","","0","75 01:41.719","3","0","0","0","67301","1","0","0","N","1","0","0","1","67301","0","","1.0","","1","N","N","N","0","","1","0","0","","2","","","2","1","0","0","0","0","0","2","0","1","","","","N","","","","","","","","","",""
"2022056762","1907","1","0","0","0","0","0","0","0","0","5","0","","67","5","2022","2","39.971725","-75.193331","1858","6","0","0","0","0","1","1","0","0","","0","0","0","","","0","","7","","39 58:18.209","4","2","75 11:35.991","0","0","0","0","67301","0","0","0","N","0","0","0","3","68K01","0","","7.0","1930.0","1","N","N","N","0","","0","0","1","","8","N","","2","0","0","0","0","0","0","2","0","2","","","","N","","","","","","","","","",""
"2022057909","2352","3","0","0","0","0","0","0","0","0","1","0","","67","5","2022","6","39.933682","-75.20006","2342","6","0","0","0","0","0","0","0","0","","0","0","0","","","4","N","0","","39 56:01.255","","0","75 12:00.216","4","0","0","0","67301","0","0","0","N","0","0","0","4","68K01","4","","1.0","","1","N","N","N","0","","0","0","1","","0","","","4","4","0","0","0","0","0","2","0","4","","","","N","","","","","","","","","",""
"2022043996","1058","0","0","0","0","0","0","0","0","0","2","0","","67","5","2022","4","39.975162","-75.188163","1000","6","0","0","0","0","0","0","1","0","","0","0","0","","","1","","1","","39 58:30.584","","0","75 11:17.385","3","0","0","0","67301","0","0","0","N","0","0","0","2","67301","0","","1.0","","9","N","N","N","0","","1","0","2","","2","","","2","1","0","0","0","0","0","2","0","2","","","","N","","","","","","","","","",""
"2022044873","1025","1","0","0","0","0","0","0","0","0","6","0","","67","5","2022","1","40.053881","-75.088553","1020","6","0","0","0","0","0","0","0","0","","0","0","0","","","0","N","0","","40 03:13.970","","0","75 05:18.790","0","0","0","0","67301","0","0","0","N","0","0","0","1","67301","0","","6.0","","1","N","N","N","1","","0","0","0","","0","","","2","0","0","0","0","0","0","2","0","2","","","","N","","","","","","","","","",""
"2022047641","0309","4","0","0","0","0","0","0","0","0","5","0","","67","5","2022","1","39.948211","-75.235533","0301","6","0","0","0","0","0","0","0","0","","0","0","0","","","0","N","0","","39 56:53.560","","0","75 14:07.920","0","0","0","0","67301","0","0","0","N","0","0","0","1","67301","0","","6.0","","9","N","N","N","0","","0","0","1","","0","","","7","0","0","0","0","0","0","2","2","7","","07","","N","","","","","","","","","",""
"2022060688","0248","1","0","0","0","0","0","0","0","0","3","0","","67","6","2022","7","39.982153","-75.131705","0247","6","0","0","0","0","0","0","0","0","","0","0","0","","","0","","1","","39 58:55.750","","0","75 07:54.137","0","0","0","0","67301","0","0","0","N","0","0","0","2","67301","0","","1.0","","1","N","N","N","1","","0","0","2","","3","","","4","0","0","0","0","0","0","2","0","4","","","","N","","","","","","","","","",""
"2022055572","1620","2","0","0","0","0","0","0","0","0","1","0","","67","6","2022","2","40.056903","-75.046703","1611","6","0","0","0","0","0","1","1","0","","0","0","0","","","2","N","0","","40 03:24.851","","0","75 02:48.131","3","0","0","0","67301","0","0","0","N","0","0","0","6","67301","0","","1.0","","1","N","N","N","0","","2","0","0","","0","","","2","2","0","0","0","0","0","2","0","2","","03","","N","","","","","","","","","",""
"2022060155","1330","2","0","0","0","0","0","0","0","0","6","0","","67","6","2022","4","39.989806","-75.114175","1330","6","0","0","0","0","0","0","0","0","","0","0","0","","","0","N","0","","39 59:23.300","","0","75 06:51.030","0","0","0","0","67301","0","0","0","N","0","0","0","1","67301","0","","1.0","","1","N","N","N","0","","0","0","0","","0","","","2","0","1","0","0","0","0","2","0","2","","03","","N","","","","","","","","","",""
"2022047364","0900","2","0","0","0","0","0","0","0","0","4","0","","67","5","2022","3","39.917695","-75.177717","0856","6","0","0","1","0","0","0","0","0","","0","0","0","","","1","","1","","39 55:03.701","","0","75 10:39.781","8","0","0","0","67301","0","0","0","N","0","0","0","2","67301","0","","1.0","","1","N","N","N","0","","0","0","1","","2","","","3","1","0","0","0","1","0","2","0","3","","03","","N","","","","","","","","","",""
"2022059092","0513","1","0","0","0","0","0","0","0","0","7","0","","67","5","2022","1","40.027019","-75.026037","0507","6","0","0","0","0","0","0","0","0","","0","0","0","","","1","N","0","","40 01:37.269","2","0","75 01:33.732","3","0","0","0","67301","0","0","0","N","0","0","0","1","68K01","0","","4.0","530.0","1","N","N","N","0","","1","0","0","","0","N","","1","1","0","0","0","0","0","2","0","1","","","","N","","","","","","","","","",""
"2022060023","1756","1","0","0","0","0","0","0","0","0","2","0","","67","6","2022","7","40.044838","-75.017472","1753","6","0","0","0","0","0","0","1","0","","0","0","0","","","1","N","0","","40 02:41.417","","7","75 01:02.899","3","0","0","0","67301","0","0","0","N","0","0","0","6","67301","0","","6.0","","1","N","N","N","0","","1","0","1","","0","","","2","1","0","0","0","0","0","2","0","2","","03","","N","","","","","","","","","",""
"2022047202","2018","1","0","0","0","0","0","0","0","0","8","0","","67","5","2022","1","39.976444","-75.238667","2017","6","0","0","1","0","0","0","0","0","","0","0","0","","","1","N","0","","39 58:35.200","","0","75 14:19.200","3","0","0","0","67301","1","0","0","N","1","0","0","2","67301","0","","1.0","","1","N","N","N","0","","1","0","0","","0","","","2","1","0","0","0","0","0","2","0","1","","03","","N","","","","","","","","","",""
"2022060070","2032","1","0","0","0","0","0","0","0","0","8","0","","67","5","2022","2","40.000319","-75.10646","2031","6","0","0","0","0","0","0","0","0","","0","0","0","","","1","","5","","40 00:01.147","","0","75 06:23.257","8","0","0","0","67301","1","0","0","N","1","0","0","2","67301","0","","1.0","","1","N","N","N","0","","0","0","0","","2","","","2","1","0","0","0","1","0","2","0","1","","","","N","","","","","","","","","",""
"2022060073","1726","2","0","0","0","0","0","0","0","0","4","0","","67","6","2022","3","39.986587","-75.104642","1630","6","0","0","0","0","0","0","1","0","","0","0","0","","","1","N","0","","39 59:11.713","","0","75 06:16.710","2","0","0","0","67301","0","0","0","N","0","0","0","2","67301","0","","1.0","","1","N","N","N","0","","0","1","0","","2","","","2","1","0","0","0","0","0","2","0","2","","04","","N","","","","","","","","","",""
"2022057145","2359","0","0","0","0","0","0","0","0","0","8","0","","67","5","2022","3","39.956278","-75.244167","2359","6","0","0","0","0","0","0","0","0","","0","0","0","","","1","N","0","","39 57:22.600","","0","75 14:39.000","3","0","0","0","67301","1","0","0","N","1","0","0","2","67301","0","","1.0","","1","N","N","N","0","","1","0","1","","0","","","2","1","0","0","0","0","0","2","0","1","","98","","N","","","","","","","","","",""
"2022047551","1942","1","0","0","0","0","0","0","0","0","5","0","","67","5","2022","4","39.957014","-75.157357","1942","6","0","0","0","0","0","0","0","0","","0","0","0","","","0","N","0","","39 57:25.252","","0","75 09:26.485","0","0","0","0","67301","0","0","0","N","0","0","0","2","67301","0","","1.0","","1","N","N","N","0","","0","0","1","","0","","","2","0","0","0","0","0","0","2","0","2","","03","","N","","","","","","","","","",""
"2022045391","0820","1","0","0","0","0","0","0","0","0","8","0","","67","5","2022","6","39.996928","-75.141175","0814","6","0","0","0","0","0","0","0","0","","0","0","0","","","1","","1","","39 59:48.940","","0","75 08:28.230","2","0","0","0","67301","1","0","1","N","1","0","1","2","67301","0","","1.0","","1","N","Y","N","0","","0","1","0","","2","","","2","1","0","0","0","0","0","2","0","1","","04","","N","","","","","","","","","",""
"2022047227","1757","1","0","0","0","0","0","0","0","0","7","0","","67","5","2022","3","40.059795","-75.133423","1748","6","0","0","0","0","0","0","0","0","","0","0","0","","","0","","1","","40 03:35.262","","0","75 08:00.324","9","0","0","0","67301","0","0","0","N","0","0","0","1","67301","0","","5.0","","99","N","N","N","0","","0","0","0","","2","","","1","0","0","0","0","0","1","2","0","1","","","","N","","","","","","","","","",""
"2022068589","0516","1","0","1","0","0","0","0","0","0","4","0","","67","7","2022","6","39.929969","-75.174083","0515","6","0","0","0","0","0","0","1","0","","0","0","0","","","1","N","0","","39 55:47.890","","7","75 10:26.700","2","0","0","0","67301","0","0","0","N","0","0","0","2","67301","0","","1.0","","1","N","N","N","0","","0","1","0","","0","","","2","1","0","0","0","0","1","2","0","2","","03","","N","","","","","","","","","",""
"2022060045","0032","1","0","0","0","0","0","0","0","0","8","0","","67","6","2022","3","40.013178","-75.070421","0032","6","0","0","0","0","0","0","0","0","","0","0","0","","","1","","1","","40 00:47.439","","0","75 04:13.514","3","0","0","0","67301","1","0","0","N","1","0","0","2","67301","0","","1.0","","1","N","N","N","0","","1","0","0","","2","","","2","1","0","0","0","0","0","2","0","1","","03","","N","","","","","","","","","",""
"2022047228","1730","1","0","0","0","0","0","0","0","0","4","0","","67","5","2022","4","40.047483","-75.142782","1727","6","0","0","1","0","0","0","0","0","","0","0","0","","","1","","1","","40 02:50.940","","0","75 08:34.016","3","0","0","0","67301","1","0","0","N","1","0","0","3","67301","0","","1.0","","1","N","N","N","0","","1","0","1","","2","","","3","1","1","0","0","0","0","2","0","2","","","","N","","","","","","","","","",""
"2022045290","1627","0","0","0","0","0","0","0","0","0","1","0","","67","5","2022","7","39.894612","-75.236717","1624","6","0","0","0","0","0","0","2","0","","0","0","0","","","2","","1","","39 53:40.603","2","0","75 14:12.181","4","0","0","0","67301","0","0","0","N","0","0","0","3","67301","2","","1.0","100.0","9","N","N","N","0","","0","0","2","","2","N","","2","2","0","0","0","0","0","2","0","2","","04","","N","","","","","","","","","",""
"2022068776","1230","1","0","0","0","0","0","0","0","0","8","0","","67","5","2022","1","39.973402","-75.167218","1226","6","0","0","0","0","0","0","0","0","","0","0","0","","","1","","5","","39 58:24.247","","0","75 10:01.985","2","0","0","0","67301","1","0","1","N","1","0","1","3","67301","0","","1.0","","1","N","N","N","0","","0","1","0","","2","","","2","1","0","0","0","0","0","2","0","1","","","","N","","","","","","","","","",""
"2022055683","1214","0","0","0","0","0","0","0","0","0","4","0","","67","6","2022","3","40.004691","-75.176907","1212","6","0","0","0","0","0","1","0","0","","0","0","0","","","2","","1","","40 00:16.889","","0","75 10:36.864","3","0","0","0","67301","0","0","0","N","0","0","0","3","67301","0","","1.0","","1","N","N","N","1","","2","0","1","","2","","","2","2","0","0","0","0","0","2","0","2","","","","N","","","","","","","","","",""
"2022060036","1818","2","0","0","0","0","0","0","0","0","4","0","","67","6","2022","4","40.064293","-75.153529","1813","6","0","0","0","0","0","0","0","0","","0","1","0","","","0","","5","","40 03:51.455","6","0","75 09:12.703","9","0","0","0","67301","0","0","0","N","0","0","0","2","67301","0","","1.0","1943.0","1","N","N","Y","0","","0","0","0","","2","Y","","3","0","0","0","0","0","1","2","0","3","","","","N","","","","","","","","","",""
"2022064680","0611","0","0","0","0","0","0","0","0","0","1","0","","67","6","2022","5","39.878764","-75.249401","0558","6","0","0","0","0","0","0","0","0","","0","0","0","","","0","N","0","","39 52:43.551","","0","75 14:57.842","0","0","0","0","67301","0","0","0","N","0","0","0","3","68K01","0","","1.0","","8","N","N","N","0","","0","0","3","","0","","","3","0","0","0","0","0","0","2","0","3","","","","N","","","","","","","","","",""
"2022047627","0819","1","0","0","0","0","0","0","0","0","3","0","","67","5","2022","4","39.996661","-75.176986","0811","6","0","0","0","0","0","0","1","0","","0","0","0","","","0","N","0","","39 59:47.980","","0","75 10:37.150","0","0","0","0","67301","0","0","0","N","0","0","0","1","67301","0","","6.0","","1","N","N","N","0","","0","0","1","","0","","","2","0","1","0","0","0","0","2","0","2","","03","","N","","","","","","","","","",""
"2022033212","","0","0","0","0","0","0","0","0","0","1","0","","67","3","2022","2","39.997704","-75.125473","","6","0","0","0","0","0","1","0","0","","0","0","0","14","","3","Y","0","","39 59:51.736","","0","75 07:31.701","8","0","0","0","67301","0","0","0","N","0","0","0","4","00000","0","","1.0","","1","","","N","0","","0","0","1","","2","","1415","2","3","0","0","0","3","0","2","1","2","","","","N","","","","","","","","","",""
"2022045390","1640","3","0","0","0","0","0","0","0","0","6","0","","67","5","2022","7","40.118012","-75.01851","1635","6","0","1","0","0","0","0","0","0","","0","0","0","16","","3","N","0","","40 07:04.844","5","0","75 01:06.636","3","0","0","0","67301","0","0","0","N","0","0","0","6","67301","2","","1.0","1945.0","9","N","N","N","0","","1","0","1","","0","Y","1628","4","3","0","0","0","0","1","2","0","4","","04","","N","","","","","","","","","",""
"2022045226","0534","1","0","0","0","0","0","0","0","0","0","0","","67","5","2022","6","40.025228","-75.19465","0524","6","0","0","0","0","0","0","0","0","","0","0","0","05","","0","N","0","","40 01:30.820","2","0","75 11:40.740","9","0","0","0","67301","0","0","0","N","0","0","0","1","67301","0","","1.0","552.0","9","N","N","N","0","","0","0","0","","0","Y","0511","1","0","0","0","0","0","1","2","0","1","","04","","N","","","","","","","","","",""
"2022060254","0910","0","0","0","0","0","0","0","0","0","8","0","","67","5","2022","4","39.955173","-75.198462","0908","6","0","0","0","0","0","0","0","0","","0","0","0","09","","1","","1","","39 57:18.621","3","0","75 11:54.464","2","0","0","0","67301","1","0","1","N","1","0","1","2","67504","0","","1.0","930.0","1","N","N","N","0","","0","1","1","","2","Y","0906","2","1","0","0","0","0","0","2","0","1","","03","","N","","","","","","","","","",""
"2022047305","0607","2","0","0","0","0","0","0","0","0","4","0","","67","5","2022","2","40.106309","-75.033216","0559","6","0","0","0","0","0","0","0","0","","0","0","0","05","","0","","2","","40 06:22.714","","0","75 01:59.579","0","0","0","0","67301","0","0","0","N","0","0","0","1","67301","0","","1.0","","1","N","N","N","0","","0","0","0","","3","","0557","3","0","0","0","0","0","0","2","1","3","","03","","N","","","","","","","","","",""
"2022045443","1625","0","0","0","0","0","0","0","0","0","8","0","","67","5","2022","7","39.955601","-75.172767","1619","6","0","0","0","0","0","0","0","0","","0","0","0","16","","1","","1","","39 57:20.163","1","0","75 10:21.961","3","0","0","0","67301","1","0","0","N","1","0","0","2","67301","0","","1.0","1635.0","9","N","N","N","0","","1","0","0","","2","N","1616","2","1","0","0","0","0","0","2","1","1","","","","N","","","","","","","","","",""
"2022026659","","1","0","0","0","0","0","0","0","0","1","1","","67","2","2022","3","40.012604","-75.16091","","6","0","0","0","0","0","0","0","0","","0","1","0","19","","2","","1","","40 00:45.376","","0","75 09:39.277","8","0","0","0","67301","0","0","0","N","0","0","0","3","00000","0","","1.0","","1","N","N","N","0","","0","0","0","","2","","1945","2","2","0","0","0","2","0","2","0","2","","03","","N","","","","","","","","","",""
"2022055566","2330","1","0","0","0","0","0","0","0","0","4","0","","67","6","2022","1","39.95762","-75.145687","2330","6","0","0","0","0","0","0","0","0","","0","0","0","20","","1","","1","","39 57:27.432","","0","75 08:44.473","3","0","0","0","67301","0","0","0","N","0","0","0","3","67301","0","","1.0","","1","N","N","N","0","","1","0","1","","2","","2000","2","1","0","0","0","0","1","2","0","2","","03","","N","","","","","","","","","",""
"2022047188","2020","1","0","0","0","0","0","0","0","0","5","0","","67","5","2022","4","39.962809","-75.224281","2010","6","0","0","0","0","0","0","0","0","","0","0","0","19","","1","N","0","","39 57:46.111","","0","75 13:27.413","3","0","0","1","67301","0","0","0","N","0","0","0","2","67301","0","","1.0","","1","N","N","N","0","","1","0","0","","0","","1924","2","1","0","0","0","0","1","2","0","2","","","","N","","","","","","","","","",""
"2022049432","1310","1","0","0","0","0","0","0","0","0","8","0","","67","5","2022","4","39.98627","-75.156147","1300","6","0","0","0","0","0","0","0","0","","0","0","0","14","","1","","1","","39 59:10.572","","0","75 09:22.129","3","0","0","0","67301","1","0","0","N","1","0","0","2","67301","0","","1.0","","1","N","N","N","0","","1","0","0","","2","","1400","2","1","0","0","0","0","0","2","0","1","","03","","N","","","","","","","","","",""