"CRN","ARRIVAL_TM","AUTOMOBILE_COUNT","BELTED_DEATH_COUNT","BELTED_SUSP_SERIOUS_INJ_COUNT","BICYCLE_COUNT","BICYCLE_DEATH_COUNT","BICYCLE_SUSP_SERIOUS_INJ_COUNT","BUS_COUNT","CHLDPAS_DEATH_COUNT","CHLDPAS_SUSP_SERIOUS_INJ_COUNT","COLLISION_TYPE","COMM_VEH_COUNT","CONS_ZONE_SPD_LIM","COUNTY","CRASH_MONTH","CRASH_YEAR","DAY_OF_WEEK","DEC_LATITUDE","DEC_LONGITUDE","DISPATCH_TM","DISTRICT","DRIVER_COUNT_16YR","DRIVER_COUNT_17YR","DRIVER_COUNT_18YR","DRIVER_COUNT_19YR","DRIVER_COUNT_20YR","DRIVER_COUNT_50_64YR","DRIVER_COUNT_65_74YR","DRIVER_COUNT_75PLUS","EST_HRS_CLOSED","FATAL_COUNT","HEAVY_TRUCK_COUNT","HORSE_BUGGY_COUNT","HOUR_OF_DAY","ILLUMINATION","INJURY_COUNT","INTERSECTION_RELATED","INTERSECT_TYPE","LANE_CLOSED","LATITUDE","LN_CLOSE_DIR","LOCATION_TYPE","LONGITUDE","MAX_SEVERITY_LEVEL","MCYCLE_DEATH_COUNT","MCYCLE_SUSP_SERIOUS_INJ_COUNT","MOTORCYCLE_COUNT","MUNICIPALITY","NONMOTR_COUNT","NONMOTR_DEATH_COUNT","NONMOTR_SUSP_SERIOUS_INJ_COUNT","NTFY_HIWY_MAINT","PED_COUNT","PED_DEATH_COUNT","PED_SUSP_SERIOUS_INJ_COUNT","PERSON_COUNT","POLICE_AGCY","POSSIBLE_INJ_COUNT","RDWY_SURF_TYPE_CD","RELATION_TO_ROAD","ROADWAY_CLEARED","ROAD_CONDITION","SCH_BUS_IND","SCH_ZONE_IND","SECONDARY_CRASH","SMALL_TRUCK_COUNT","SPEC_JURIS_CD","SUSP_MINOR_INJ_COUNT","SUSP_SERIOUS_INJ_COUNT","SUV_COUNT","TCD_FUNC_CD","TCD_TYPE","TFC_DETOUR_IND","TIME_OF_DAY","TOTAL_UNITS","TOT_INJ_COUNT","UNBELTED_OCC_COUNT","UNB_DEATH_COUNT","UNB_SUSP_SERIOUS_INJ_COUNT","UNK_INJ_DEG_COUNT","UNK_INJ_PER_COUNT","URBAN_RURAL","VAN_COUNT","VEHICLE_COUNT","WEATHER1","WEATHER2","WORKERS_PRES","WORK_ZONE_IND","WORK_ZONE_LOC","WORK_ZONE_TYPE","WZ_CLOSE_DETOUR","WZ_FLAGGER","WZ_LAW_OFFCR_IND","WZ_LN_CLOSURE","WZ_MOVING","WZ_OTHER","WZ_SHLDER_MDN","WZ_WORKERS_INJ_KILLED"
"2022046585","1635","0","0","0","0","0","0","0","0","0","8","0","","67","5","2022","4","39.979741","-75.153815","1630","6","0","0","1","0","0","0","0","0","","0","0","0","16","","1","","1","","39 58:47.067","","0","75 09:13.733","8","0","0","0","67301","1","0","0","N","1","0","0","2","67505","0","","1.0","","1","N","N","N","0","","0","0","1","","3","","1625","2","1","0","0","0","1","1","2","0","1","","03","","N","","","","","","","","","",""
"2022059817","0227","2","0","0","0","0","0","0","0","0","5","0","","67","5","2022","1","39.961166","-75.182367","0221","6","0","0","0","0","0","0","0","0","","0","0","0","02","","0","N","0","","39 57:40.198","","0","75 10:56.521","0","0","0","0","67301","0","0","0","N","0","0","0","2","68K01","0","","1.0","","9","N","N","N","0","","0","0","0","","0","","0220","2","0","0","0","0","0","0","2","0","2","","","","N","","","","","","","","","",""
"2022046409","","1","0","0","0","0","0","0","0","0","4","0","","67","3","2022","4","40.013111","-75.119972","","6","0","0","0","0","0","1","0","0","","0","0","0","16","","1","N","0","","40 00:47.200","","7","75 07:11.900","8","0","0","0","67301","0","0","0","N","0","0","0","3","00000","0","","1.0","","1","","","N","0","","0","0","0","","0","","1615","2","1","0","0","0","1","0","2","0","2","","","","N","","","","","","","","","",""
"2022058732","0603","2","0","0","0","0","0","0","0","0","5","0","","67","6","2022","4","40.034783","-75.018485","0555","6","0","0","0","0","0","1","0","0","","0","0","0","05","","0","N","0","","40 02:05.219","1","0","75 01:06.547","0","0","0","0","67301","0","0","0","N","0","0","0","2","68K01","0","","1.0","620.0","1","N","N","N","0","","0","0","0","","0","N","0539","2","0","0","0","0","0","0","2","0","2","","","","N","","","","","","","","","",""
"2022068615","0930","0","0","0","0","0","0","0","0","0","4","1","","67","7","2022","6","40.000603","-75.186785","0930","6","0","0","0","0","0","1","1","0","","0","1","0","09","","1","","3","","40 00:02.170","5","0","75 11:12.425","2","0","0","0","67301","0","0","0","N","0","0","0","2","67301","0","","1.0","1211.0","1","N","N","N","0","","0","1","1","","2","Y","0930","2","1","1","0","0","0","0","2","0","2","","03","","N","","","","","","","","","",""
"2022047549","1313","0","0","0","0","0","0","0","0","0","8","0","","67","5","2022","6","39.952128","-75.161449","1258","6","0","0","0","0","0","1","0","0","","0","0","0","12","","2","","1","","39 57:07.661","","0","75 09:41.216","8","0","0","0","67301","2","0","0","N","2","0","0","3","67301","0","","1.0","","1","N","N","N","0","","0","0","0","","2","","1256","3","2","0","0","0","2","0","2","1","1","","03","","N","","","","","","","","","",""
"2022047177","1810","0","0","0","0","0","0","0","0","0","1","0","","67","5","2022","7","40.056485","-75.046402","1759","6","0","0","0","0","0","1","0","0","","0","0","0","17","","1","","1","","40 03:23.345","","0","75 02:47.046","3","0","0","0","67301","0","0","0","N","0","0","0","3","67301","0","","1.0","","9","N","N","N","1","","1","0","2","","2","","1707","3","1","0","0","0","0","0","2","0","3","","","","N","","","","","","","","","",""
"2022068595","0103","0","0","0","1","1","0","0","0","0","8","0","","67","7","2022","6","39.970099","-75.225515","0102","6","0","0","0","0","0","0","0","0","","1","0","0","00","","0","N","0","","39 58:12.358","","0","75 13:31.855","1","0","0","0","67301","1","1","0","N","0","0","0","2","67301","0","2","1.0","","1","N","N","N","0","0","0","0","0","","0","","0050","2","0","0","0","0","0","1","2","0","1","","03","","N","","","","","","","","","",""
"2022045485","2146","2","0","0","0","0","0","0","0","0","5","0","","67","5","2022","7","40.083115","-75.026081","2139","6","0","0","0","0","0","1","0","0","","0","0","0","21","","2","N","0","","40 04:59.213","1","7","75 01:33.890","4","0","0","0","67301","0","0","0","N","0","0","0","5","67301","2","","1.0","2320.0","9","N","N","N","0","","0","0","0","","2","Y","2117","2","2","0","0","0","0","0","2","0","2","","","","N","","","","","","","","","",""
"2022043773","","0","0","0","0","0","0","0","0","0","1","0","","67","4","2022","2","39.974921","-75.196499","","6","0","0","0","0","0","1","0","0","","0","0","0","00","","2","Y","0","","39 58:29.717","","0","75 11:47.395","8","0","0","0","67301","0","0","0","N","0","0","0","3","00000","0","","1.0","","1","","","N","0","","0","0","2","","2","","0028","2","2","0","0","0","2","0","2","0","2","","","","N","","","","","","","","","",""
"2022058734","0914","0","0","0","0","0","0","0","0","0","4","1","","67","6","2022","4","39.962406","-75.182881","0900","6","0","0","0","0","0","1","0","0","","0","1","0","08","","1","N","0","","39 57:44.663","4","0","75 10:58.372","8","0","0","0","67301","0","0","0","N","0","0","0","2","68K01","0","","1.0","952.0","1","N","N","N","1","","0","0","0","","0","N","0859","2","1","0","0","0","1","0","2","0","2","","03","","N","","","","","","","","","",""
"2022047164","1810","2","0","0","0","0","0","0","0","0","5","0","","67","5","2022","2","39.943853","-75.158711","1800","6","0","0","0","0","0","0","0","0","","0","0","0","17","","0","N","0","","39 56:37.870","4","0","75 09:31.360","0","0","0","0","67301","0","0","0","N","0","0","0","2","67301","0","","1.0","1830.0","1","N","N","N","0","","0","0","0","","0","N","1750","2","0","2","0","0","0","0","2","0","2","","03","","N","","","","","","","","","",""
"2022047632","0508","1","0","0","0","0","0","0","0","0","5","0","","67","5","2022","4","39.949528","-75.219361","0507","6","0","0","0","0","0","0","0","0","","0","0","0","01","","0","N","0","","39 56:58.300","","0","75 13:09.700","0","0","0","0","67301","0","0","0","N","0","0","0","1","67301","0","","6.0","","1","N","N","N","0","","0","0","1","","0","","0149","2","0","0","0","0","0","0","2","0","2","","03","","N","","","","","","","","","",""
"2022060432","1516","1","0","0","0","0","0","0","0","0","7","0","","67","6","2022","3","39.960472","-75.181275","1450","6","0","0","0","0","0","1","0","0","","0","0","0","14","","1","N","0","","39 57:37.698","4","0","75 10:52.591","8","0","0","0","67301","0","0","0","N","0","0","0","2","68K01","0","","4.0","100.0","1","N","N","N","0","","0","0","0","","0","Y","1444","1","1","0","0","0","1","0","2","0","1","","03","","N","","","","","","","","","",""
"2022045319","2206","2","0","0","0","0","0","0","0","0","4","0","","67","5","2022","7","39.976086","-75.119525","2206","6","0","0","0","0","0","0","0","0","","0","0","0","21","","0","","1","","39 58:33.909","","0","75 07:10.290","0","0","0","0","67301","0","0","0","N","0","0","0","2","67301","0","","1.0","","1","N","N","N","0","","0","0","0","","3","","2130","2","0","2","0","0","0","0","2","0","2","","03","","N","","","","","","","","","",""
"2022068325","0147","1","0","0","0","0","0","0","0","0","5","0","","67","7","2022","7","39.982842","-75.207869","0135","6","0","0","0","0","0","0","0","0","","0","0","0","01","","0","N","0","","39 58:58.232","","0","75 12:28.328","9","0","0","0","67301","0","0","0","N","0","0","0","3","68K01","0","","1.0","","9","N","N","N","0","","0","0","0","","0","","0132","2","0","0","0","0","0","1","2","0","2","","07","","N","","","","","","","","","",""
"2022059116","0329","0","0","0","0","0","0","0","0","0","7","0","","67","6","2022","5","39.966857","-75.134011","0320","6","0","0","0","1","0","0","0","0","","0","0","0","01","","1","N","0","","39 58:00.686","","0","75 08:02.439","3","0","0","0","67301","0","0","0","N","0","0","0","1","68K01","0","","4.0","","9","N","N","N","0","","1","0","1","","0","","0125","1","1","0","0","0","0","0","2","0","1","","","","N","","","","","","","","","",""
"2022045446","1258","1","0","0","0","0","0","0","0","0","4","0","","67","5","2022","7","39.994873","-75.161784","1252","6","0","0","0","0","0","0","0","0","","0","0","0","12","","1","N","0","","39 59:41.541","3","0","75 09:42.421","2","0","1","1","67301","0","0","0","N","0","0","0","2","67301","0","","1.0","1355.0","9","N","N","N","0","","0","1","0","","0","Y","1245","2","1","0","0","0","0","0","2","0","2","","04","","N","","","","","","","","","",""
"2022037141","","1","0","0","0","0","0","0","0","0","5","0","","67","3","2022","1","40.037304","-75.064534","","6","0","0","0","0","0","0","0","0","","0","0","0","19","","3","N","0","","40 02:14.295","","0","75 03:52.324","8","0","0","0","67301","0","0","0","N","0","0","0","3","00000","0","","6.0","","1","","","N","0","","0","0","0","","0","","1930","2","3","0","0","0","3","0","2","0","2","","","","N","","","","","","","","","",""
"2022048899","0900","0","0","0","0","0","0","0","0","0","8","0","","67","5","2022","2","40.011808","-75.110156","0836","6","0","0","0","0","0","0","0","0","","0","0","0","08","","1","N","0","","40 00:42.510","","0","75 06:36.560","3","0","0","0","67301","1","0","0","N","1","0","0","3","67301","0","","1.0","","1","N","Y","N","0","","1","0","1","","0","","0830","2","1","0","0","0","0","0","2","0","1","","04","","N","","","","","","","","","",""
"2022060139","0915","0","0","0","0","0","0","0","0","0","8","0","","67","6","2022","3","39.942602","-75.157062","0913","6","0","0","0","0","0","0","0","0","","1","0","0","09","","0","","1","","39 56:33.366","","0","75 09:25.422","1","0","0","0","67301","1","1","0","N","1","1","0","2","67301","0","2","1.0","","1","N","N","N","0","0","0","0","0","","2","","0905","2","0","0","0","0","0","0","2","1","1","","03","","N","","","","","","","","","",""
"2022069157","2145","0","0","0","0","0","0","0","0","0","4","0","","67","7","2022","7","39.954615","-75.149531","2138","6","0","0","0","0","0","1","0","0","","0","0","0","21","","1","","2","","39 57:16.613","","0","75 08:58.311","4","0","0","0","67301","0","0","0","N","0","0","0","3","67301","1","","1.0","","1","N","N","N","1","","0","0","1","","2","","2138","2","1","0","0","0","0","1","2","0","2","","","","N","","","","","","","","","",""
"2022060031","1723","1","0","0","0","0","0","0","0","0","4","0","","67","6","2022","3","39.909458","-75.246428","1716","6","0","0","0","0","0","0","0","0","","0","0","0","15","","0","N","0","","39 54:34.050","2","0","75 14:47.140","0","0","0","0","67301","0","0","0","N","0","0","0","1","67301","0","","6.0","1800.0","1","N","N","N","1","","0","0","0","","0","N","1555","2","0","0","0","0","0","0","2","0","2","","04","","N","","","","","","","","","",""
"2022059428","2357","1","0","0","0","0","0","0","0","0","4","0","","67","5","2022","6","39.942813","-75.14287","2353","6","0","0","0","0","1","0","0","0","","0","0","0","23","","0","N","0","","39 56:34.125","","0","75 08:34.333","0","0","0","0","67301","0","0","0","N","0","0","0","2","68K01","0","","1.0","","1","N","N","N","0","","0","0","0","","0","","2353","2","0","1","0","0","0","0","2","1","2","","03","","N","","","","","","","","","",""
"2022045286","2110","1","0","0","0","0","0","0","0","0","8","0","","67","5","2022","6","39.975442","-75.161933","2108","6","0","0","0","0","0","0","0","0","","0","0","0","21","","1","N","0","","39 58:31.590","","0","75 09:42.960","3","0","0","0","67301","1","0","0","N","1","0","0","2","67301","0","","1.0","","1","N","N","N","0","","1","0","0","","0","","2106","2","1","0","0","0","0","0","2","0","1","","03","","N","","","","","","","","","",""
"2022028796","","0","0","0","0","0","0","0","0","0","2","0","","67","3","2022","7","39.936822","-75.234137","","6","0","0","0","0","0","1","0","0","","0","0","0","22","","2","N","0","","39 56:12.559","","0","75 14:02.893","8","0","0","0","67301","0","0","0","N","0","0","0","2","00000","0","","1.0","","1","","","N","0","","0","0","1","","0","","2250","2","2","0","0","0","2","0","2","0","2","","","","N","","","","","","","","","",""
"2022059119","1824","1","0","0","0","0","0","0","0","0","1","0","","67","6","2022","1","39.957683","-75.160431","1806","6","0","0","0","0","0","0","0","0","","0","0","0","18","","0","N","0","","39 57:27.658","4","0","75 09:37.551","0","0","0","0","67301","0","0","0","N","0","0","0","2","68K01","0","","1.0","1810.0","1","N","N","N","0","","0","0","1","","0","N","1801","2","0","0","0","0","0","0","2","0","2","","","","N","","","","","","","","","",""
"2022048644","1422","0","0","0","0","0","0","0","0","0","1","0","","67","5","2022","1","40.015181","-75.053728","1413","6","0","0","0","0","0","1","0","0","","0","0","0","14","","1","N","0","","40 00:54.652","1","0","75 03:13.421","8","0","0","1","67301","0","0","0","N","0","0","0","7","68K01","0","","1.0","1435.0","1","N","N","N","1","","0","0","1","","0","N","1413","3","1","0","0","0","1","0","2","0","3","","","","N","","","","","","","","","",""
"2022060035","1850","1","0","0","0","0","0","0","0","0","8","0","","67","6","2022","2","40.033136","-75.17061","1847","6","0","0","0","0","0","0","0","0","","1","0","0","18","","0","","1","","40 01:59.289","","0","75 10:14.197","1","0","0","0","67301","1","1","0","N","1","1","0","2","67301","0","9","1.0","","1","N","N","N","0","0","0","0","0","","2","","1844","2","0","0","0","0","0","1","2","0","1","","03","","N","","","","","","","","","",""
"2022045329","1302","0","0","0","0","0","0","0","0","0","4","0","","67","5","2022","7","39.981403","-75.113708","1235","6","0","0","0","0","0","0","0","0","","0","0","0","12","","1","","1","","39 58:53.050","","0","75 06:49.348","4","0","0","0","67301","0","0","0","N","0","0","0","2","67301","1","","1.0","","9","N","N","N","1","","0","0","1","","2","","1227","2","1","0","0","0","0","0","2","0","2","","04","","N","","","","","","","","","",""
"2022047180","1133","1","0","0","0","0","0","0","0","0","8","0","","67","5","2022","1","40.033891","-75.046212","1133","6","0","0","0","0","0","1","0","0","","0","0","0","11","","1","N","0","","40 02:02.009","1","0","75 02:46.363","2","0","0","0","67301","1","0","1","N","1","0","1","3","67301","0","","1.0","115.0","1","N","N","N","0","","0","1","0","","0","N","1130","2","1","0","0","0","0","0","2","0","1","","03","","N","","","","","","","","","",""
"2022045197","0955","2","0","0","0","0","0","0","0","0","4","0","","67","5","2022","7","39.95656","-75.241884","0950","6","0","0","0","0","0","0","0","0","","0","0","0","09","","1","","1","","39 57:23.615","","0","75 14:30.782","3","0","0","0","67301","0","0","0","N","0","0","0","2","67301","0","","1.0","","1","N","N","N","0","","1","0","0","","1","","0940","2","1","0","0","0","0","0","2","0","2","","03","","N","","","","","","","","","",""
"2022059824","0906","2","0","0","0","0","0","0","0","0","4","0","","67","5","2022","2","39.974716","-75.198398","0906","6","0","0","0","0","0","0","0","0","","0","0","0","09","","2","","2","","39 58:28.976","3","2","75 11:54.231","2","0","0","0","67301","0","0","0","N","0","0","0","3","68K01","0","","1.0","1018.0","1","N","N","N","0","","1","1","1","","2","N","0906","3","2","2","0","1","0","0","2","0","3","","","","N","","","","","","","","","",""
"2022047922","2339","1","0","0","0","0","0","0","0","0","1","0","","67","5","2022","6","39.954083","-75.140833","2339","6","0","0","0","0","0","1","0","0","","0","0","0","23","","0","N","0","","39 57:14.700","4","3","75 08:27.000","0","0","0","0","67301","0","0","0","N","0","0","0","4","67501","0","","1.0","2351.0","1","N","N","N","0","","0","0","0","","0","Y","2339","2","0","1","0","0","0","0","2","1","2","","03","","N","","","","","","","","","",""
"2022045918","0030","1","0","0","0","0","0","0","0","0","4","0","","67","5","2022","2","40.044398","-75.072689","0030","6","0","0","0","0","0","0","0","0","","0","0","0","00","","1","","1","","40 02:39.831","","0","75 04:21.681","3","0","0","0","67301","0","0","0","N","0","0","0","2","67301","0","","1.0","","1","N","N","N","0","","1","0","1","","2","","0030","2","1","0","0","0","0","0","2","0","2","","","","N","","","","","","","","","",""
"2022050566","2230","1","0","0","1","0","0","0","0","0","8","0","","67","5","2022","4","39.999227","-75.147381","2230","6","0","0","0","0","0","0","0","0","","0","0","0","22","","1","","5","","39 59:57.217","","0","75 08:50.570","8","0","0","0","67301","1","0","0","N","0","0","0","2","67301","0","","1.0","","1","N","N","N","0","","0","0","0","","2","","2200","2","1","1","0","0","1","0","2","0","1","","03","","N","","","","","","","","","",""
"2022055546","1955","2","0","0","0","0","0","0","0","0","4","0","","67","6","2022","7","40.060575","-75.082261","1943","6","0","0","0","0","0","0","0","0","","0","0","0","19","","1","","1","","40 03:38.070","6","0","75 04:56.139","3","0","0","0","67301","0","0","0","N","0","0","0","4","67301","0","","1.0","100.0","1","N","N","N","0","","1","0","0","","2","N","1943","2","1","1","0","0","0","3","2","0","2","","","","N","","","","","","","","","",""
"2022052762","1740","1","0","0","0","0","0","0","0","0","4","0","","67","6","2022","2","40.076992","-75.084504","1732","6","0","0","0","0","0","1","0","0","","0","0","0","17","","1","N","0","","40 04:37.170","","7","75 05:04.213","3","0","0","0","67301","0","0","0","N","0","0","0","2","67301","0","","1.0","","1","N","N","N","0","","1","0","1","","0","","1710","2","1","0","0","0","0","0","2","0","2","","","","N","","","","","","","","","",""
"2022048482","0027","0","0","0","0","0","0","0","0","0","4","0","","67","5","2022","6","40.055282","-75.192943","0020","6","0","0","0","0","0","0","0","0","","0","0","0","00","","1","","1","","40 03:19.015","4","0","75 11:34.594","4","0","0","1","67301","0","0","0","N","0","0","0","2","67301","1","","1.0","45.0","1","N","N","N","0","","0","0","1","","2","N","0011","2","1","0","0","0","0","0","2","0","2","","","","N","","","","","","","","","",""
"2022059815","1035","2","0","0","0","0","0","0","0","0","1","0","","67","5","2022","1","39.985206","-75.094423","1035","6","0","0","0","0","0","2","0","0","","0","0","0","10","","0","N","0","","39 59:06.740","2","0","75 05:39.924","0","0","0","0","67301","0","0","0","N","0","0","0","4","68K01","0","","1.0","1110.0","1","N","N","N","0","","0","0","0","","0","N","1035","2","0","0","0","0","0","0","2","0","2","","","","N","","","","","","","","","",""
"2022045945","2345","1","0","0","0","0","0","0","0","0","8","0","","67","5","2022","2","39.961061","-75.146066","2336","6","0","0","0","0","0","0","1","0","","0","0","0","23","","1","N","0","","39 57:39.819","","0","75 08:45.836","3","0","0","0","67301","1","0","0","N","1","0","0","2","67301","0","","1.0","","1","N","N","N","0","","1","0","0","","0","","2330","2","1","0","0","0","0","0","2","0","1","","03","","N","","","","","","","","","",""
"2022060101","2237","0","0","0","0","0","0","0","0","0","8","0","","67","6","2022","5","39.990948","-75.131769","2237","6","0","0","0","0","0","0","0","0","","1","0","0","22","","0","N","0","","39 59:27.412","","0","75 07:54.370","1","0","0","0","67301","1","1","0","N","1","1","0","3","67301","0","2","1.0","","1","N","N","N","0","0","0","0","1","","0","","2230","2","0","0","0","0","0","0","2","0","1","","","","N","","","","","","","","","",""
"2022047367","2300","1","0","0","0","0","0","0","0","0","1","0","","67","5","2022","5","39.960569","-75.141379","2300","6","0","0","0","0","0","0","0","0","","0","0","0","03","","0","","1","","39 57:38.047","","0","75 08:28.964","9","0","0","0","67301","0","0","0","N","0","0","0","2","67301","0","","1.0","","9","N","N","N","0","","0","0","1","","2","","0300","2","0","0","0","0","0","2","2","0","2","","07","","N","","","","","","","","","",""
"2022037142","","2","0","0","0","0","0","0","0","0","4","0","","67","3","2022","3","39.956983","-75.219443","","6","0","0","0","0","0","0","0","0","","0","0","0","09","","1","","1","","39 57:25.138","","0","75 13:09.994","8","0","0","0","67301","0","0","0","N","0","0","0","2","00000","0","","1.0","","1","","","N","0","","0","0","0","","3","","0945","2","1","0","0","0","1","0","2","0","2","","","","N","","","","","","","","","",""
"2022026658","","1","0","0","0","0","0","0","0","0","1","0","","67","2","2022","1","39.926459","-75.233085","","6","0","0","0","0","0","0","0","0","","0","0","0","15","","1","","1","","39 55:35.252","","0","75 13:59.106","8","0","0","0","67301","0","0","0","N","0","0","0","2","00000","0","","1.0","","1","","","N","0","","0","0","0","","2","","1525","2","1","0","0","0","1","0","2","0","2","","","","N","","","","","","","","","",""
"2022059811","0715","2","0","0","0","0","0","0","0","0","1","0","","67","4","2022","3","39.982319","-75.10014","0655","6","0","0","0","0","0","0","0","0","","0","0","0","06","","0","N","0","","39 58:56.347","","0","75 06:00.504","0","0","0","0","67301","0","0","0","N","0","0","0","4","68K01","0","","1.0","","1","N","N","N","0","","0","0","2","","0","","0652","4","0","0","0","0","0","0","2","0","4","","","","N","","","","","","","","","",""
"2022059129","1148","2","0","0","0","0","0","0","0","0","1","0","","67","6","2022","5","40.041436","-75.00433","1148","6","0","0","0","0","0","0","0","0","","0","0","0","11","","0","N","0","","40 02:29.171","","0","75 00:15.587","0","0","0","0","67301","0","0","0","N","0","0","0","2","68K01","0","","1.0","","9","N","N","N","0","","0","0","0","","0","","1148","2","0","0","0","0","0","0","2","0","2","","","","N","","","","","","","","","",""
"2022059127","0758","1","0","0","0","0","0","0","0","0","5","0","","67","6","2022","5","39.985676","-75.093146","0754","6","0","0","0","0","0","0","0","0","","0","0","0","07","","1","N","0","","39 59:08.435","1","0","75 05:35.324","8","0","0","0","67301","0","0","0","N","0","0","0","2","68K01","0","","1.0","840.0","1","N","N","N","0","","0","0","1","","0","N","0754","2","1","0","0","0","1","0","2","0","2","","","","N","","","","","","","","","",""
"2022045911","1030","0","0","0","0","0","0","0","0","0","7","0","","67","5","2022","2","39.976494","-75.158269","1021","6","0","0","0","0","0","0","0","0","","0","0","0","09","","0","N","0","","39 58:35.379","","7","75 09:29.769","0","0","0","0","67301","0","0","0","N","0","0","0","1","67301","0","","3.0","","1","N","N","N","0","","0","0","1","","3","","0948","1","0","0","0","0","0","0","2","0","1","","04","","N","","","","","","","","","",""
"2022045950","0155","1","0","0","0","0","0","0","0","0","4","0","","67","5","2022","1","39.978304","-75.129952","0147","6","0","0","0","1","0","0","1","0","","0","0","0","00","","0","","1","","39 58:41.894","","0","75 07:47.827","9","0","0","0","67301","0","0","0","N","0","0","0","4","67301","0","","1.0","","1","N","N","N","0","","0","0","1","","3","","0035","2","0","0","0","0","0","1","2","0","2","","98","","N","","","","","","","","","",""
"2022046014","0122","1","0","0","0","0","0","0","0","0","7","0","","67","5","2022","1","39.899088","-75.174134","0116","6","0","0","0","0","0","0","0","0","","0","0","0","01","","0","N","0","","39 53:56.715","2","0","75 10:26.884","0","0","0","0","67301","0","0","0","N","0","0","0","4","68K01","0","","3.0","200.0","1","N","N","N","0","","0","0","0","","0","N","0115","1","0","4","0","0","0","0","2","0","1","","03","","N","","","","","","","","","",""
"2022047186","0039","2","0","0","0","0","0","0","0","0","1","0","","67","5","2022","3","39.975088","-75.194965","0033","6","0","0","0","0","0","0","0","0","","0","0","0","21","","1","","1","","39 58:30.316","","0","75 11:41.875","3","0","0","0","67301","0","0","0","N","0","0","0","4","67301","0","","1.0","","1","N","N","N","0","","1","0","0","","2","","2150","2","1","0","0","0","0","0","2","0","2","","03","","N","","","","","","","","","",""
"2022060041","1821","2","0","0","0","0","0","0","0","0","1","0","","67","6","2022","2","40.037914","-75.060933","1811","6","0","0","0","0","0","1","0","0","","0","0","0","18","","1","","2","","40 02:16.489","","0","75 03:39.358","4","0","0","0","67301","0","0","0","N","0","0","0","2","67301","1","","1.0","","1","N","N","N","0","","0","0","0","","0","","1800","2","1","0","0","0","0","0","2","0","2","","","","N","","","","","","","","","",""
"2022055685","0047","2","0","0","0","0","0","0","0","0","1","0","","67","6","2022","5","39.998333","-75.175139","0043","6","0","0","0","0","0","0","0","0","","0","0","0","00","","1","Y","0","","39 59:54.000","1","0","75 10:30.500","8","0","0","0","67301","0","0","0","N","0","0","0","1","67301","0","","6.0","101.0","9","N","N","N","0","","0","0","1","","0","N","0000","3","1","1","0","0","1","0","2","0","3","","","","N","","","","","","","","","",""
"2022055641","1128","1","0","0","0","0","0","0","0","0","4","0","","67","6","2022","4","39.97408","-75.242393","1104","6","0","0","0","0","0","0","0","0","","0","0","0","10","","1","","1","","39 58:26.688","","0","75 14:32.614","3","0","0","0","67301","0","0","0","N","0","0","0","2","67301","0","","1.0","","1","N","N","N","0","","1","0","0","","3","","1037","2","1","0","0","0","0","0","2","1","2","","03","","N","","","","","","","","","",""
"2022047307","0957","1","0","0","0","0","0","0","0","0","4","0","","67","5","2022","2","39.985777","-75.156254","0955","6","0","0","0","0","0","0","0","0","","0","0","0","09","","1","N","0","","39 59:08.798","","7","75 09:22.516","8","0","0","0","67301","0","0","0","N","0","0","0","2","67301","0","","1.0","","1","N","N","Y","0","","0","0","1","","0","","0950","2","1","0","0","0","1","1","2","0","2","","03","","N","","","","","","","","","",""
"2022059111","1026","1","0","0","0","0","0","0","0","0","7","0","","67","6","2022","6","40.039384","-75.007713","1023","6","0","0","0","0","0","0","0","0","","0","0","0","10","","1","N","0","","40 02:21.781","2","0","75 00:27.765","3","0","0","0","67301","0","0","0","N","0","0","0","2","68K01","0","","4.0","1054.0","1","N","N","N","0","","1","0","0","","0","N","1019","1","1","0","0","0","0","0","2","0","1","","","","N","","","","","","","","","",""
"2022062668","1919","1","0","0","0","0","0","0","0","0","1","0","","67","6","2022","3","39.964329","-75.184662","1913","6","0","0","0","0","0","1","0","0","","0","0","0","19","","0","N","0","","39 57:51.585","4","0","75 11:04.782","0","0","0","0","67301","0","0","0","N","0","0","0","3","68K01","0","","1.0","1930.0","1","N","N","N","0","","0","0","1","","0","N","1910","2","0","0","0","0","0","0","2","0","2","","03","","N","","","","","","","","","",""
"2022060052","2115","0","0","0","0","0","0","0","0","0","7","0","","67","6","2022","1","40.029788","-75.060109","2110","6","0","0","0","0","0","0","0","0","","1","0","0","21","","1","","1","","40 01:47.237","4","0","75 03:36.393","1","0","0","0","67301","0","0","0","N","0","0","0","2","67301","0","2","4.0","102.0","1","N","N","N","0","0","0","0","1","","2","Y","2109","1","1","0","0","0","1","0","2","0","1","","","","N","","","","","","","","","",""
"2022060079","0848","2","0","0","0","0","0","0","0","0","4","0","","67","6","2022","4","40.009104","-75.122169","0847","6","0","0","0","0","0","0","0","0","","0","0","0","08","","0","N","0","","40 00:32.773","1","7","75 07:19.808","0","0","0","0","67301","0","0","0","N","0","0","0","2","67301","0","","1.0","1056.0","1","N","N","N","1","","0","0","1","","0","N","0837","4","0","0","0","0","0","0","2","0","4","","03","","N","","","","","","","","","",""