"CRN","ARRIVAL_TM","AUTOMOBILE_COUNT","BELTED_DEATH_COUNT","BELTED_SUSP_SERIOUS_INJ_COUNT","BICYCLE_COUNT","BICYCLE_DEATH_COUNT","BICYCLE_SUSP_SERIOUS_INJ_COUNT","BUS_COUNT","CHLDPAS_DEATH_COUNT","CHLDPAS_SUSP_SERIOUS_INJ_COUNT","COLLISION_TYPE","COMM_VEH_COUNT","CONS_ZONE_SPD_LIM","COUNTY","CRASH_MONTH","CRASH_YEAR","DAY_OF_WEEK","DEC_LATITUDE","DEC_LONGITUDE","DISPATCH_TM","DISTRICT","DRIVER_COUNT_16YR","DRIVER_COUNT_17YR","DRIVER_COUNT_18YR","DRIVER_COUNT_19YR","DRIVER_COUNT_20YR","DRIVER_COUNT_50_64YR","DRIVER_COUNT_65_74YR","DRIVER_COUNT_75PLUS","EST_HRS_CLOSED","FATAL_COUNT","HEAVY_TRUCK_COUNT","HORSE_BUGGY_COUNT","HOUR_OF_DAY","ILLUMINATION","INJURY_COUNT","INTERSECTION_RELATED","INTERSECT_TYPE","LANE_CLOSED","LATITUDE","LN_CLOSE_DIR","LOCATION_TYPE","LONGITUDE","MAX_SEVERITY_LEVEL","MCYCLE_DEATH_COUNT","MCYCLE_SUSP_SERIOUS_INJ_COUNT","MOTORCYCLE_COUNT","MUNICIPALITY","NONMOTR_COUNT","NONMOTR_DEATH_COUNT","NONMOTR_SUSP_SERIOUS_INJ_COUNT","NTFY_HIWY_MAINT","PED_COUNT","PED_DEATH_COUNT","PED_SUSP_SERIOUS_INJ_COUNT","PERSON_COUNT","POLICE_AGCY","POSSIBLE_INJ_COUNT","RDWY_SURF_TYPE_CD","RELATION_TO_ROAD","ROADWAY_CLEARED","ROAD_CONDITION","SCH_BUS_IND","SCH_ZONE_IND","SECONDARY_CRASH","SMALL_TRUCK_COUNT","SPEC_JURIS_CD","SUSP_MINOR_INJ_COUNT","SUSP_SERIOUS_INJ_COUNT","SUV_COUNT","TCD_FUNC_CD","TCD_TYPE","TFC_DETOUR_IND","TIME_OF_DAY","TOTAL_UNITS","TOT_INJ_COUNT","UNBELTED_OCC_COUNT","UNB_DEATH_COUNT","UNB_SUSP_SERIOUS_INJ_COUNT","UNK_INJ_DEG_COUNT","UNK_INJ_PER_COUNT","URBAN_RURAL","VAN_COUNT","VEHICLE_COUNT","WEATHER1","WEATHER2","WORKERS_PRES","WORK_ZONE_IND","WORK_ZONE_LOC","WORK_ZONE_TYPE","WZ_CLOSE_DETOUR","WZ_FLAGGER","WZ_LAW_OFFCR_IND","WZ_LN_CLOSURE","WZ_MOVING","WZ_OTHER","WZ_SHLDER_MDN","WZ_WORKERS_INJ_KILLED"
"2022047224","0640","2","0","0","0","0","0","0","0","0","4","0","","67","5","2022","5","40.041908","-75.123964","0640","6","1","0","0","0","0","1","0","0","","0","0","0","06","","2","","1","","40 02:30.868","","0","75 07:26.270","3","0","0","0","67301","0","0","0","N","0","0","0","4","67301","0","","1.0","","1","N","N","N","0","","2","0","1","","2","","0627","3","2","0","0","0","0","0","2","0","3","","03","","N","","","","","","","","","",""
"2022045190","1202","5","0","0","0","0","0","0","0","0","6","0","","67","5","2022","6","39.920078","-75.232508","1202","6","0","0","0","0","0","0","0","0","","0","0","0","12","","1","N","0","","39 55:12.280","","0","75 13:57.030","3","0","0","0","67301","0","0","0","N","0","0","0","3","67301","0","","6.0","","1","N","N","N","0","","1","0","1","","0","","1202","6","1","1","0","0","0","0","2","0","6","","03","","N","","","","","","","","","",""
"2022054577","2325","3","0","0","0","0","0","0","0","0","1","0","","67","5","2022","6","39.967634","-75.189645","2319","6","0","0","0","0","0","0","0","0","","0","0","0","23","","1","N","0","","39 58:03.481","3","0","75 11:22.721","8","0","0","0","67301","0","0","0","N","0","0","0","4","68K01","0","","1.0","2345.0","1","N","N","N","0","","0","0","0","","0","N","2313","3","1","1","0","0","1","0","2","0","3","","","","N","","","","","","","","","",""
"2022050555","1506","0","0","0","0","0","0","0","0","0","4","0","","67","5","2022","5","39.966827","-75.241778","1504","6","0","0","0","0","0","0","0","0","","0","0","0","15","","0","","1","","39 58:00.577","","0","75 14:30.400","0","0","0","0","67301","0","0","0","N","0","0","0","5","67301","0","","1.0","","1","N","N","N","0","","0","0","1","","3","","1504","2","0","0","0","0","0","0","2","1","2","","03","","N","","","","","","","","","",""
"2022055858","1337","0","0","0","0","0","0","0","0","0","8","0","","67","5","2022","6","39.950462","-75.235053","1333","6","0","0","0","0","0","0","0","0","","0","0","0","13","","1","","1","","39 57:01.663","","0","75 14:06.190","4","0","0","0","67301","1","0","0","N","1","0","0","2","67301","1","","1.0","","1","N","N","N","0","","0","0","1","","0","","1323","2","1","0","0","0","0","0","2","0","1","","","","N","","","","","","","","","",""
"2022056890","2141","1","0","0","0","0","0","0","0","0","4","0","","67","5","2022","3","40.002576","-75.099728","2140","6","0","0","0","0","0","1","0","0","","0","0","0","19","","0","","5","","40 00:09.273","","0","75 05:59.019","0","0","0","0","67301","0","0","0","N","0","0","0","2","67301","0","","1.0","","1","N","N","N","0","","0","0","1","","2","","1915","2","0","0","0","0","0","0","2","0","2","","03","","N","","","","","","","","","",""
"2022046957","0041","1","0","0","0","0","0","0","0","0","7","0","","67","5","2022","2","39.905528","-75.131556","0040","6","0","0","0","0","0","0","0","0","","0","0","0","00","","0","N","0","","39 54:19.900","3","3","75 07:53.600","0","0","0","0","67301","0","0","0","N","0","0","0","1","67501","0","","3.0","120.0","1","N","N","N","0","","0","0","0","","8","Y","0040","1","0","0","0","0","0","0","2","0","1","","03","","N","","","","","","","","","",""
"2022059128","1141","0","0","0","0","0","0","0","0","0","7","0","","67","6","2022","5","40.04142","-75.004346","1128","6","0","0","0","0","0","1","0","0","","0","0","0","11","","0","N","0","","40 02:29.112","","0","75 00:15.644","0","0","0","0","67301","0","0","0","N","0","0","0","1","68K01","0","","4.0","","9","N","N","N","0","","0","0","1","","0","","1126","1","0","0","0","0","0","0","2","0","1","","","","N","","","","","","","","","",""
"2022047181","1325","1","0","0","0","0","0","0","0","0","5","0","","67","5","2022","2","40.017917","-75.058759","1320","6","0","0","0","0","0","0","0","0","","0","0","0","13","","1","N","0","","40 01:04.501","1","0","75 03:31.532","3","0","0","0","67301","0","0","0","N","0","0","0","3","67301","0","","6.0","1400.0","1","N","N","N","0","","1","0","1","","0","N","1319","2","1","0","0","0","0","1","2","0","2","","03","","N","","","","","","","","","",""
"2022045912","1317","0","0","0","0","0","0","0","0","0","8","0","99","67","5","2022","6","40.004296","-75.173837","1314","6","0","0","0","0","0","1","0","0","","0","0","0","13","","1","","2","","40 00:15.464","","0","75 10:25.814","2","0","0","0","67301","1","0","1","N","1","0","1","2","67301","0","","1.0","","1","N","N","N","0","","0","1","1","","2","","1307","2","1","0","0","0","0","0","2","0","1","","04","Y","Y","4","3","","","Y","Y","","","","N"
"2022046812","1550","1","0","0","0","0","0","0","0","0","2","0","","67","5","2022","4","39.982917","-75.152306","1548","6","0","0","0","0","0","0","0","0","","0","0","0","15","","0","N","0","","39 58:58.500","2","0","75 09:08.300","0","0","0","0","67301","0","0","0","N","0","0","0","2","67505","0","","1.0","1630.0","1","N","N","N","0","","0","0","0","","0","Y","1535","2","0","0","0","0","0","0","2","0","2","","03","","N","","","","","","","","","",""
"2022058514","0920","1","0","0","0","0","0","1","0","0","4","1","","67","6","2022","1","40.024436","-75.146915","0910","6","0","0","0","0","0","0","0","0","","0","0","0","09","","8","","1","","40 01:27.969","","0","75 08:48.893","3","0","0","0","67301","0","0","0","N","0","0","0","9","67508","7","","1.0","","1","N","N","N","0","","1","0","0","","2","","0905","2","8","0","0","0","0","0","2","0","2","","03","","N","","","","","","","","","",""
"2022031048","","0","0","0","0","0","0","0","0","0","4","0","","67","3","2022","2","39.923927","-75.222089","","6","0","0","0","0","0","1","0","0","","0","0","0","17","","1","","1","","39 55:26.137","","0","75 13:19.522","3","0","0","0","67301","0","0","0","N","0","0","0","3","00000","0","","1.0","","1","","","N","1","","1","0","1","","2","","1700","2","1","1","0","0","0","0","2","0","2","","","","N","","","","","","","","","",""
"2022060553","1519","1","0","0","0","0","0","0","0","0","1","1","","67","6","2022","2","39.972394","-75.217385","1504","6","0","0","0","0","0","0","0","0","","0","1","0","15","","4","","3","","39 58:20.619","","0","75 13:02.585","8","0","0","0","67301","0","0","0","N","0","0","0","5","67301","0","","1.0","","9","N","N","N","0","","0","0","0","","2","","1503","2","4","0","0","0","4","0","2","0","2","","07","","N","","","","","","","","","",""
"2022069371","2240","0","0","0","0","0","0","0","0","0","4","0","","67","7","2022","5","39.945325","-75.163253","2240","6","0","0","0","0","0","1","0","0","","0","0","0","21","","1","N","0","","39 56:43.170","","0","75 09:47.710","4","0","0","0","67301","0","0","0","N","0","0","0","3","67301","1","","1.0","","9","N","N","N","0","","0","0","2","","2","","2145","2","1","0","0","0","0","1","2","0","2","","03","","N","","","","","","","","","",""
"2022059107","0350","1","0","0","0","0","0","0","0","0","7","0","","67","5","2022","7","39.987747","-75.207401","0349","6","0","0","0","0","0","0","0","0","","0","0","0","03","","0","N","0","","39 59:15.888","","0","75 12:26.642","0","0","0","0","67301","0","0","0","N","0","0","0","1","68K01","0","","3.0","","9","N","N","N","0","","0","0","0","","0","","0346","1","0","0","0","0","0","0","2","0","1","","","","N","","","","","","","","","",""
"2022069372","0100","0","0","0","0","0","0","0","0","0","1","1","","67","7","2022","5","40.0538","-74.984353","0100","6","0","0","0","0","0","1","0","0","","0","1","0","23","","0","N","0","","40 03:13.680","","0","74 59:03.670","0","0","0","0","67301","0","0","0","N","0","0","0","1","67301","0","","6.0","","1","N","N","N","0","","0","0","1","","0","","2330","2","0","0","0","0","0","0","2","0","2","","03","","N","","","","","","","","","",""
"2022055601","0916","1","0","0","1","0","0","0","0","0","8","0","","67","6","2022","6","40.063315","-75.172089","0915","6","0","0","0","0","0","0","0","0","","0","0","0","21","","1","","2","","40 03:47.934","","0","75 10:19.521","8","0","0","0","67301","1","0","0","N","0","0","0","2","67301","0","","1.0","","99","N","N","N","0","","0","0","0","","0","","2120","2","1","0","0","0","1","1","2","0","1","","","","N","","","","","","","","","",""
"2022055637","1410","2","0","0","0","0","0","0","0","0","4","0","","67","6","2022","5","39.950172","-75.243233","1410","6","0","0","0","0","0","0","1","0","","0","0","0","14","","0","","1","","39 57:00.619","","0","75 14:35.638","0","0","0","0","67301","0","0","0","N","0","0","0","2","67301","0","","1.0","","1","N","N","N","1","","0","0","1","","3","","1409","4","0","0","0","0","0","0","2","0","4","","03","","N","","","","","","","","","",""
"2022060072","2025","1","0","0","0","0","0","0","0","0","8","0","","67","6","2022","4","39.992691","-75.120306","2020","6","0","0","0","0","0","0","0","0","","0","0","0","20","","1","","1","","39 59:33.688","","0","75 07:13.102","8","0","0","0","67301","1","0","0","N","1","0","0","2","67301","0","","1.0","","1","N","N","N","0","","0","0","0","","0","","2000","2","1","0","0","0","1","0","2","0","1","","03","","N","","","","","","","","","",""
"2022060017","2359","2","0","0","0","0","0","0","0","0","4","0","","67","6","2022","5","40.116674","-75.019906","2357","6","0","0","1","0","0","1","0","0","","1","0","0","23","","0","","1","","40 07:00.028","","0","75 01:11.660","1","0","0","0","67301","0","0","0","N","0","0","0","4","67301","0","2","1.0","","1","N","N","N","0","0","0","0","0","","2","","2355","2","0","0","0","0","0","0","2","0","2","","","","N","","","","","","","","","",""
"2022050563","1200","0","0","0","0","0","0","0","0","0","8","0","","67","5","2022","6","39.963072","-75.228072","1200","6","0","0","0","0","0","0","0","0","","0","0","0","21","","1","N","0","","39 57:47.060","","0","75 13:41.060","8","0","0","0","67301","1","0","0","N","1","0","0","2","67301","0","","1.0","","99","N","N","N","0","","0","0","0","","0","","2100","2","1","0","0","0","1","1","2","0","1","","","","N","","","","","","","","","",""
"2022039792","","1","0","0","0","0","0","0","0","0","5","0","","67","4","2022","1","40.007123","-75.193047","","6","0","0","0","0","0","1","0","0","","0","0","0","02","","3","N","0","","40 00:25.644","","3","75 11:34.968","8","0","0","0","67301","0","0","0","N","0","0","0","4","00000","0","","1.0","","1","","","N","0","","0","0","1","","0","","0200","2","3","0","0","0","3","0","2","0","2","","","","N","","","","","","","","","",""
"2022055673","0910","0","0","0","0","0","0","0","0","0","8","0","","67","6","2022","5","40.058005","-75.139066","0910","6","0","0","0","0","0","0","0","0","","0","0","0","08","","1","","1","","40 03:28.818","","0","75 08:20.636","3","0","0","0","67301","1","0","0","N","1","0","0","2","67301","0","","1.0","","1","N","N","N","0","","1","0","0","","2","","0830","2","1","0","0","0","0","0","2","0","1","","03","","N","","","","","","","","","",""
"2022055558","1355","1","0","0","0","0","0","0","0","0","4","0","","67","6","2022","4","40.070629","-75.241276","1350","6","0","1","0","0","0","0","0","0","","0","0","0","13","","0","","1","","40 04:14.265","5","0","75 14:28.593","0","0","0","0","67301","0","0","0","N","0","0","0","4","67301","0","","1.0","1420.0","1","N","N","N","0","","0","0","1","","2","Y","1345","2","0","0","0","0","0","0","2","0","2","","03","","N","","","","","","","","","",""
"2022059090","1402","2","0","0","0","0","0","0","0","0","1","0","","67","5","2022","6","39.959905","-75.178046","1352","6","0","0","0","0","0","1","0","0","","0","0","0","13","","0","N","0","","39 57:35.658","","3","75 10:40.964","9","0","0","0","67301","0","0","0","N","0","0","0","2","68K01","0","","1.0","","1","N","N","N","0","","0","0","0","","0","","1346","2","0","0","0","0","0","1","2","0","2","","","","N","","","","","","","","","",""
"2022063100","1125","1","0","0","0","0","0","0","0","0","4","0","","67","6","2022","2","40.000339","-75.143441","1123","6","0","0","0","0","0","0","0","0","","0","0","0","10","","1","","2","","40 00:01.220","","0","75 08:36.387","3","0","0","1","67301","0","0","0","N","0","0","0","2","67301","0","","1.0","","1","N","N","N","0","","1","0","0","","3","","1024","2","1","0","0","0","0","0","2","0","2","","","","N","","","","","","","","","",""
"2022059099","1514","0","0","0","0","0","0","0","0","0","1","1","","67","5","2022","4","39.95866","-75.169121","1458","6","0","0","0","0","0","0","0","0","","0","1","0","14","","0","N","0","","39 57:31.176","","0","75 10:08.837","0","0","0","0","67301","0","0","0","N","0","0","0","3","68K01","0","","1.0","","1","N","N","N","1","","0","0","0","","0","","1454","2","0","1","0","0","0","0","2","0","2","","","","N","","","","","","","","","",""
"2022047220","1816","2","0","0","0","0","0","0","0","0","6","0","","67","5","2022","3","39.991306","-75.148361","1815","6","0","0","0","0","0","0","0","0","","0","0","0","18","","3","Y","0","","39 59:28.700","","0","75 08:54.100","3","0","0","0","67301","0","0","0","N","0","0","0","3","67301","1","","6.0","","1","N","N","N","1","","2","0","0","","2","","1815","4","3","0","0","0","0","0","2","1","4","","","","N","","","","","","","","","",""
"2022060130","1307","1","0","0","0","0","0","0","0","0","5","0","","67","6","2022","3","40.062119","-75.05173","1305","6","0","0","0","0","0","0","1","0","","0","0","0","13","","2","N","0","","40 03:43.628","","0","75 03:06.227","8","0","0","0","67301","0","0","0","N","0","0","0","2","67301","0","","1.0","","1","N","N","N","0","","0","0","2","","0","","1300","3","2","0","0","0","2","0","2","0","3","","","","N","","","","","","","","","",""
"2022047584","1849","1","0","0","0","0","0","0","0","0","4","0","","67","5","2022","4","39.913692","-75.177515","1842","6","0","0","0","0","0","0","0","0","","0","0","0","16","","1","","1","","39 54:49.291","","0","75 10:39.053","2","0","0","0","67301","0","0","0","N","0","0","0","2","67301","0","","1.0","","1","N","N","N","0","","0","1","0","","3","","1654","2","1","0","0","0","0","0","2","0","2","","","","N","","","","","","","","","",""
"2022068570","2235","1","0","0","0","0","0","0","0","0","8","0","","67","7","2022","4","39.946084","-75.239206","2221","6","0","0","0","0","0","1","0","0","","0","0","0","22","","1","N","0","","39 56:45.903","","0","75 14:21.140","2","0","0","0","67301","1","0","1","N","1","0","1","2","67301","0","","1.0","","1","N","N","N","0","","0","1","0","","0","","2214","2","1","1","0","0","0","0","2","0","1","","","","N","","","","","","","","","",""
"2022046272","0653","2","0","0","0","0","0","0","0","0","5","0","","67","5","2022","1","39.973926","-75.194145","0649","6","0","0","0","0","1","0","0","0","","0","0","0","06","","0","N","0","","39 58:26.132","","0","75 11:38.921","0","0","0","0","67301","0","0","0","N","0","0","0","2","68K01","0","","1.0","","1","N","N","N","0","","0","0","0","","0","","0647","2","0","0","0","0","0","0","2","0","2","","03","","N","","","","","","","","","",""
"2022065886","1131","1","0","0","0","0","0","0","0","0","1","0","","67","6","2022","2","40.007211","-75.192121","1124","6","0","0","0","0","0","0","0","0","","0","0","0","11","","1","Y","0","","40 00:25.961","","0","75 11:31.634","8","0","0","0","67301","0","0","0","N","0","0","0","2","68K01","0","","1.0","","1","N","N","N","0","","0","0","1","","2","","1118","2","1","0","0","0","1","0","2","0","2","","","","N","","","","","","","","","",""
"2022047165","0148","0","0","0","0","0","0","0","0","0","4","0","","67","5","2022","3","39.965087","-75.16075","0143","6","0","0","0","0","0","0","0","1","","0","0","0","09","","1","","1","","39 57:54.312","","0","75 09:38.700","3","0","0","2","67301","0","0","0","N","0","0","0","3","67301","0","","1.0","","1","N","N","N","1","","1","0","0","","2","","0950","3","1","0","0","0","0","0","2","0","3","","03","","N","","","","","","","","","",""
"2022045495","2125","1","0","0","0","0","0","0","0","0","5","0","","67","5","2022","7","39.942111","-75.160194","2120","6","0","0","0","0","0","0","0","0","","0","0","0","21","","0","N","0","","39 56:31.600","","0","75 09:36.700","0","0","0","0","67301","0","0","0","N","0","0","0","1","67301","0","","6.0","","9","N","N","N","1","","0","0","0","","0","","2119","2","0","0","0","0","0","0","2","0","2","","04","","N","","","","","","","","","",""
"2022032899","0028","2","0","0","0","0","0","0","0","0","4","0","","67","3","2022","5","39.970029","-75.208236","0025","6","0","0","0","0","0","0","0","0","","0","0","0","00","","0","","1","","39 58:12.104","","0","75 12:29.649","9","0","0","0","67301","0","0","0","N","0","0","0","3","67301","0","","1.0","","1","N","N","N","0","","0","0","1","","3","","0001","3","0","0","0","0","0","2","2","0","3","","","","N","","","","","","","","","",""
"2022047667","2200","1","0","0","0","0","0","0","0","0","8","0","","67","5","2022","6","40.022381","-75.133583","2200","6","0","0","0","0","0","0","0","0","","0","0","0","20","","1","N","0","","40 01:20.570","","0","75 08:00.900","3","0","0","0","67301","1","0","0","N","1","0","0","2","67301","0","","1.0","","1","N","N","N","0","","1","0","0","","0","","2030","2","1","0","0","0","0","1","2","0","1","","","","N","","","","","","","","","",""
"2022060020","0448","1","0","0","0","0","0","0","0","0","8","0","","67","6","2022","6","40.079689","-74.965606","0448","6","0","0","0","0","0","0","0","0","","1","0","0","04","","0","N","0","","40 04:46.882","3","0","74 57:56.182","1","0","0","0","67301","1","1","0","N","1","1","0","2","67301","0","2","2.0","800.0","1","N","N","Y","0","0","0","0","0","","0","Y","0440","2","0","0","0","0","0","0","2","0","1","","04","","N","","","","","","","","","",""
"2022048346","1813","2","0","0","0","0","0","0","0","0","1","0","","67","5","2022","7","39.944866","-75.142747","1813","6","0","0","0","0","0","0","0","0","","0","0","0","18","","0","N","0","","39 56:41.518","","0","75 08:33.890","9","0","0","0","67301","0","0","0","N","0","0","0","5","68K01","0","","1.0","","9","N","N","N","0","","0","0","1","","0","","1812","4","0","0","0","0","0","1","2","0","4","","","","N","","","","","","","","","",""
"2022060014","2034","1","0","0","0","0","0","0","0","0","4","0","","67","6","2022","2","39.95768","-75.162367","2034","6","0","0","0","0","1","0","0","0","","0","0","0","20","","2","","1","","39 57:27.649","","0","75 09:44.521","3","0","0","0","67301","0","0","0","N","0","0","0","2","67301","0","","1.0","","1","N","N","N","0","","2","0","1","","2","","2030","2","2","0","0","0","0","0","2","0","2","","03","","N","","","","","","","","","",""
"2022032849","0031","3","0","0","0","0","0","0","0","0","5","0","","67","4","2022","1","39.925975","-75.157517","0030","6","0","0","0","0","0","0","0","0","","0","0","0","00","","0","N","0","","39 55:33.510","","0","75 09:27.060","0","0","0","0","67301","0","0","0","N","0","0","0","1","67301","0","","6.0","","1","N","N","Y","1","","0","0","2","","0","","0020","6","0","0","0","0","0","0","2","0","6","","03","","N","","","","","","","","","",""
"2022044539","1331","2","0","0","0","0","0","0","0","0","4","0","","67","4","2022","7","39.987083","-75.232306","1331","6","0","0","0","0","0","0","0","0","","1","0","0","13","","0","N","0","","39 59:13.500","5","0","75 13:56.300","1","0","0","0","67301","0","0","0","N","0","0","0","1","67301","0","2","6.0","1550.0","1","N","N","N","0","0","0","0","1","","0","Y","1330","3","0","1","1","0","0","0","2","0","3","","","","N","","","","","","","","","",""
"2022059825","1955","1","0","0","0","0","0","0","0","0","7","0","","67","5","2022","2","40.034715","-75.018593","1955","6","0","0","0","0","0","0","0","0","","0","0","0","19","","1","N","0","","40 02:04.974","","0","75 01:06.935","8","0","0","0","67301","0","0","0","N","0","0","0","1","68K01","0","","4.0","","9","N","N","Y","0","","0","0","0","","0","","1955","1","1","0","0","0","1","0","2","0","1","","03","","N","","","","","","","","","",""
"2022060377","0006","1","0","0","0","0","0","0","0","0","7","0","","67","6","2022","5","40.059892","-75.201031","0004","6","0","0","0","0","0","0","0","0","","0","0","0","00","","0","N","0","","40 03:35.610","6","0","75 12:03.710","0","0","0","0","67301","0","0","0","N","0","0","0","1","67301","0","","4.0","105.0","1","N","N","N","0","","0","0","0","","0","Y","0001","1","0","0","0","0","0","0","2","0","1","","03","","N","","","","","","","","","",""
"2022053205","0655","2","0","0","0","0","0","0","0","0","1","0","","67","5","2022","2","39.982996","-75.175698","0655","6","0","0","0","0","0","0","0","0","","0","0","0","06","","1","N","0","","39 58:58.785","","0","75 10:32.512","4","0","0","0","67301","0","0","0","N","0","0","0","3","67301","1","","1.0","","1","N","N","N","0","","0","0","0","","2","","0654","2","1","0","0","0","0","0","2","0","2","","04","","N","","","","","","","","","",""
"2022021551","1135","0","0","0","0","0","0","0","0","0","1","0","","67","2","2022","7","39.978894","-75.118648","1135","6","0","0","0","0","0","0","0","0","","0","0","0","18","","2","","5","","39 58:44.017","","0","75 07:07.131","3","0","0","0","67301","0","0","0","N","0","0","0","3","67301","0","","1.0","","99","N","N","N","0","","2","0","2","","2","","1830","2","2","0","0","0","0","0","2","0","2","","","","N","","","","","","","","","",""
"2022044014","0315","1","0","0","0","0","0","0","0","0","4","0","","67","2","2022","6","40.002576","-75.099728","0313","6","0","0","0","0","0","0","0","0","","0","0","0","03","","1","","5","","40 00:09.273","","0","75 05:59.019","3","0","0","0","67301","0","0","0","N","0","0","0","2","67301","0","","1.0","","9","N","N","N","0","","1","0","1","","2","","0308","2","1","0","0","0","0","0","2","0","2","","07","","N","","","","","","","","","",""
"2022060570","1035","0","0","0","1","0","1","0","0","0","8","1","","67","6","2022","5","40.030822","-75.146424","1000","6","0","0","0","0","0","0","0","0","","0","1","0","09","","1","","3","","40 01:50.959","1","0","75 08:47.127","2","0","0","0","67301","1","0","1","N","0","0","0","2","67301","0","","1.0","1145.0","1","N","N","N","0","","0","1","0","","2","N","0938","2","1","0","0","0","0","0","2","0","1","","03","","N","","","","","","","","","",""
"2022060433","1547","4","0","0","0","0","0","0","0","0","1","0","","67","6","2022","3","40.02017","-75.043545","1520","6","0","0","0","0","0","1","0","0","","0","0","0","15","","1","N","0","","40 01:12.613","","0","75 02:36.761","3","0","0","0","67301","0","0","0","N","0","0","0","6","68K01","0","","1.0","","1","N","N","N","2","","1","0","0","","0","","1505","6","1","0","0","0","0","0","2","0","6","","03","","N","","","","","","","","","",""
"2022019562","0340","0","0","0","0","0","0","0","0","0","7","0","","67","2","2022","1","39.961306","-75.159444","0340","6","0","0","0","0","0","0","0","0","","0","0","0","02","","0","N","0","","39 57:40.700","1","0","75 09:34.000","0","0","0","0","67301","0","0","0","N","0","0","0","2","67301","0","","6.0","342.0","1","N","N","N","1","","0","0","0","","0","Y","0215","1","0","0","0","0","0","0","2","0","1","","03","","N","","","","","","","","","",""
"2022060015","0253","3","0","0","0","0","0","0","0","0","1","0","","67","6","2022","5","40.113822","-75.026158","0248","6","0","0","0","0","0","1","0","0","","0","0","0","02","","0","N","0","","40 06:49.760","","0","75 01:34.170","0","0","0","0","67301","0","0","0","N","0","0","0","1","67301","0","","1.0","","1","N","N","N","0","","0","0","0","","0","","0240","3","0","0","0","0","0","0","2","0","3","","","","N","","","","","","","","","",""
"2022069594","1446","1","0","0","0","0","0","0","0","0","5","0","","67","7","2022","7","39.989573","-75.087272","1427","6","0","0","0","0","0","0","0","0","","0","0","0","14","","0","N","0","","39 59:22.463","1","0","75 05:14.179","0","0","0","0","67301","0","0","0","N","0","0","0","3","68K01","0","","1.0","1500.0","1","N","N","N","0","","0","0","0","","0","N","1425","2","0","1","0","0","0","0","2","1","2","","03","","N","","","","","","","","","",""
"2022025261","0118","2","0","0","0","0","0","0","0","0","3","0","","67","3","2022","7","39.923361","-75.237528","0115","6","0","0","1","0","0","0","0","0","","0","0","0","00","","0","N","0","","39 55:24.100","","0","75 14:15.100","9","0","0","0","67301","0","0","0","N","0","0","0","2","67301","0","","1.0","","1","N","N","N","0","","0","0","0","","0","","0055","2","0","0","0","0","0","1","2","0","2","","03","","N","","","","","","","","","",""
"2022023783","2107","5","0","0","0","0","0","0","0","0","6","0","","67","2","2022","1","40.010458","-75.150991","2059","6","0","0","0","1","0","0","0","0","","0","0","0","20","","1","N","0","","40 00:37.648","2","0","75 09:03.568","8","0","0","0","67301","0","0","0","N","0","0","0","7","67301","0","","1.0","2145.0","1","N","N","N","0","","0","0","0","","0","N","2031","5","1","0","0","0","1","4","2","0","5","","","","N","","","","","","","","","",""
"2022022990","0930","2","0","0","0","0","0","0","0","0","5","0","","67","3","2022","1","39.954917","-75.191667","0928","6","0","0","0","0","0","1","0","0","","0","0","0","09","","0","N","0","","39 57:17.700","2","0","75 11:30.000","0","0","0","0","67301","0","0","0","N","0","0","0","2","67507","0","","1.0","1010.0","9","N","N","Y","0","","0","0","0","","0","N","0926","2","0","2","0","0","0","0","2","0","2","","","","N","","","","","","","","","",""
"2022055582","2104","1","0","0","0","0","0","0","0","0","1","0","","67","6","2022","7","40.099933","-74.976814","2058","6","0","0","0","0","0","0","0","0","","0","0","0","20","","1","N","0","","40 05:59.760","","0","74 58:36.530","8","0","0","0","67301","0","0","0","N","0","0","0","2","67301","0","","1.0","","1","N","N","N","0","","0","0","1","","0","","2045","2","1","0","0","0","1","0","2","0","2","","03","","N","","","","","","","","","",""
"2022055686","0145","1","0","0","0","0","0","0","0","0","1","0","","67","6","2022","5","40.009868","-75.156024","0143","6","0","0","0","0","0","0","0","0","","0","0","0","01","","1","","1","","40 00:35.524","","0","75 09:21.688","8","0","0","0","67301","0","0","0","N","0","0","0","3","67301","0","","1.0","","9","N","N","N","0","","0","0","1","","2","","0140","2","1","0","0","0","1","0","2","0","2","","","","N","","","","","","","","","",""
"2022060027","1645","2","0","0","0","0","0","0","0","0","4","0","","67","6","2022","7","39.936764","-75.229713","1645","6","0","0","0","0","0","1","0","0","","0","0","0","16","","1","","1","","39 56:12.350","","0","75 13:46.966","3","0","0","0","67301","0","0","0","N","0","0","0","2","67301","0","","1.0","","1","N","N","N","0","","1","0","0","","2","","1600","2","1","0","0","0","0","0","2","0","2","","03","","N","","","","","","","","","",""
"2022052419","0615","0","0","0","0","0","0","0","0","0","7","0","","67","5","2022","7","39.890511","-75.220654","0615","6","0","0","0","0","0","1","0","0","","0","0","0","05","","0","","7","","39 53:25.838","","2","75 13:14.353","0","0","0","0","67301","0","0","0","N","0","0","0","1","68K01","0","","2.0","","9","N","N","N","0","","0","0","1","","0","","0515","1","0","0","0","0","0","0","2","0","1","","","","N","","","","","","","","","",""
"2022055687","2025","1","0","0","0","0","0","0","0","0","7","0","","67","6","2022","6","40.009271","-75.15135","2025","6","0","0","0","0","0","0","0","0","","0","0","0","20","","0","N","0","","40 00:33.376","","0","75 09:04.859","0","0","0","0","67301","0","0","0","N","0","0","0","0","67301","0","","4.0","","1","N","N","N","0","","0","0","0","","0","","2020","1","0","0","0","0","0","0","2","0","1","","03","","N","","","","","","","","","",""