"CRN","ARRIVAL_TM","AUTOMOBILE_COUNT","BELTED_DEATH_COUNT","BELTED_SUSP_SERIOUS_INJ_COUNT","BICYCLE_COUNT","BICYCLE_DEATH_COUNT","BICYCLE_SUSP_SERIOUS_INJ_COUNT","BUS_COUNT","CHLDPAS_DEATH_COUNT","CHLDPAS_SUSP_SERIOUS_INJ_COUNT","COLLISION_TYPE","COMM_VEH_COUNT","CONS_ZONE_SPD_LIM","COUNTY","CRASH_MONTH","CRASH_YEAR","DAY_OF_WEEK","DEC_LATITUDE","DEC_LONGITUDE","DISPATCH_TM","DISTRICT","DRIVER_COUNT_16YR","DRIVER_COUNT_17YR","DRIVER_COUNT_18YR","DRIVER_COUNT_19YR","DRIVER_COUNT_20YR","DRIVER_COUNT_50_64YR","DRIVER_COUNT_65_74YR","DRIVER_COUNT_75PLUS","EST_HRS_CLOSED","FATAL_COUNT","HEAVY_TRUCK_COUNT","HORSE_BUGGY_COUNT","HOUR_OF_DAY","ILLUMINATION","INJURY_COUNT","INTERSECTION_RELATED","INTERSECT_TYPE","LANE_CLOSED","LATITUDE","LN_CLOSE_DIR","LOCATION_TYPE","LONGITUDE","MAX_SEVERITY_LEVEL","MCYCLE_DEATH_COUNT","MCYCLE_SUSP_SERIOUS_INJ_COUNT","MOTORCYCLE_COUNT","MUNICIPALITY","NONMOTR_COUNT","NONMOTR_DEATH_COUNT","NONMOTR_SUSP_SERIOUS_INJ_COUNT","NTFY_HIWY_MAINT","PED_COUNT","PED_DEATH_COUNT","PED_SUSP_SERIOUS_INJ_COUNT","PERSON_COUNT","POLICE_AGCY","POSSIBLE_INJ_COUNT","RDWY_SURF_TYPE_CD","RELATION_TO_ROAD","ROADWAY_CLEARED","ROAD_CONDITION","SCH_BUS_IND","SCH_ZONE_IND","SECONDARY_CRASH","SMALL_TRUCK_COUNT","SPEC_JURIS_CD","SUSP_MINOR_INJ_COUNT","SUSP_SERIOUS_INJ_COUNT","SUV_COUNT","TCD_FUNC_CD","TCD_TYPE","TFC_DETOUR_IND","TIME_OF_DAY","TOTAL_UNITS","TOT_INJ_COUNT","UNBELTED_OCC_COUNT","UNB_DEATH_COUNT","UNB_SUSP_SERIOUS_INJ_COUNT","UNK_INJ_DEG_COUNT","UNK_INJ_PER_COUNT","URBAN_RURAL","VAN_COUNT","VEHICLE_COUNT","WEATHER1","WEATHER2","WORKERS_PRES","WORK_ZONE_IND","WORK_ZONE_LOC","WORK_ZONE_TYPE","WZ_CLOSE_DETOUR","WZ_FLAGGER","WZ_LAW_OFFCR_IND","WZ_LN_CLOSURE","WZ_MOVING","WZ_OTHER","WZ_SHLDER_MDN","WZ_WORKERS_INJ_KILLED"
"2022045186","0230","2","0","0","0","0","0","0","0","0","1","0","","67","5","2022","7","40.075556","-75.040333","0223","6","0","0","0","0","0","0","1","0","","0","0","0","02","","0","N","0","","40 04:32.000","","0","75 02:25.200","0","0","0","0","67301","0","0","0","N","0","0","0","1","67301","0","","6.0","","1","N","N","N","0","","0","0","0","","0","","0215","2","0","0","0","0","0","0","2","0","2","","03","","N","","","","","","","","","",""
"2022048952","2135","2","0","0","0","0","0","0","0","0","4","0","","67","5","2022","6","39.970428","-75.149987","2129","6","0","0","0","0","0","1","0","0","","0","0","0","21","","0","","1","","39 58:13.542","4","0","75 08:59.953","0","0","0","0","67301","0","0","0","N","0","0","0","3","67301","0","","1.0","2250.0","1","N","N","N","0","","0","0","0","","2","N","2100","2","0","1","0","0","0","0","2","0","2","","03","","N","","","","","","","","","",""
"2022060071","1401","0","0","0","0","0","0","1","0","0","3","1","","67","6","2022","5","39.987689","-75.107918","1401","6","0","0","0","0","0","1","0","1","","0","0","0","14","","1","N","0","","39 59:15.682","","0","75 06:28.505","3","0","0","0","67301","0","0","0","N","0","0","0","2","67301","0","","1.0","","1","Y","N","N","0","","1","0","1","","0","","1401","2","1","1","0","0","0","0","2","0","2","","03","","N","","","","","","","","","",""
"2022050820","1702","2","0","0","0","0","0","0","0","0","2","0","","67","5","2022","1","39.997983","-75.107781","1702","6","0","0","0","0","0","1","0","0","","0","0","0","17","","1","N","0","","39 59:52.740","","0","75 06:28.010","3","0","0","0","67301","0","0","0","N","0","0","0","2","67301","0","","1.0","","1","N","N","N","0","","1","0","2","","0","","1702","4","1","2","0","0","0","0","2","0","4","","03","","N","","","","","","","","","",""
"2022059117","2134","2","0","0","0","0","0","0","0","0","1","0","","67","6","2022","5","39.961123","-75.140361","2120","6","0","0","0","0","0","1","0","0","","0","0","0","21","","0","N","0","","39 57:40.041","","0","75 08:25.299","0","0","0","0","67301","0","0","0","N","0","0","0","3","68K01","0","","1.0","","1","N","N","N","0","","0","0","1","","0","","2119","3","0","0","0","0","0","0","2","0","3","","03","","N","","","","","","","","","",""
"2022037157","","1","0","0","0","0","0","0","0","0","5","0","","67","4","2022","7","39.956083","-75.158972","","6","0","0","0","0","0","1","0","0","","0","0","0","16","","2","N","0","","39 57:21.900","","0","75 09:32.300","8","0","0","0","67301","0","0","0","N","0","0","0","3","00000","0","","1.0","","1","","","N","0","","0","0","1","","0","","1617","2","2","0","0","0","2","0","2","0","2","","","","N","","","","","","","","","",""
"2022043981","1410","2","0","0","0","0","0","0","0","0","6","0","","67","4","2022","4","39.979348","-75.217671","1359","6","0","0","0","0","0","0","0","0","","0","0","0","02","","1","N","0","","39 58:45.651","","0","75 13:03.615","3","0","0","0","67301","0","0","0","N","0","0","0","2","67301","0","","1.0","","1","N","N","N","0","","1","0","0","","0","","0200","2","1","0","0","0","0","0","2","0","2","","03","","N","","","","","","","","","",""
"2022049671","2152","2","0","0","0","0","0","0","0","0","6","0","","67","5","2022","6","39.942086","-75.225792","2144","6","0","0","0","0","0","0","0","0","","0","0","0","21","","0","N","0","","39 56:31.510","","0","75 13:32.850","0","0","0","0","67301","0","0","0","N","0","0","0","1","67301","0","","6.0","","1","N","N","Y","0","","0","0","1","","0","","2143","3","0","0","0","0","0","0","2","0","3","","03","","N","","","","","","","","","",""
"2022069497","0745","2","0","0","0","0","0","0","0","0","1","0","","67","7","2022","4","39.991008","-75.146508","0743","6","0","0","0","0","0","0","0","0","","0","0","0","06","","0","N","0","","39 59:27.630","","0","75 08:47.430","9","0","0","0","67301","0","0","0","N","0","0","0","1","67301","0","","1.0","","1","N","N","N","0","","0","0","0","","0","","0603","2","0","0","0","0","0","1","2","0","2","","","","N","","","","","","","","","",""
"2022056501","2040","3","0","0","0","0","0","0","0","0","1","0","","67","5","2022","1","39.978438","-75.202671","2031","6","0","0","0","0","0","1","0","0","","0","0","0","20","","1","N","0","","39 58:42.377","","0","75 12:09.616","4","0","0","0","67301","0","0","0","N","0","0","0","4","68K01","1","","1.0","","1","N","N","N","0","","0","0","1","","0","","2030","4","1","0","0","0","0","0","2","0","4","","03","","N","","","","","","","","","",""
"2022039716","1136","1","0","0","0","0","0","0","0","0","7","0","","67","3","2022","6","39.917989","-75.147884","1127","6","0","0","0","1","0","0","0","0","","0","0","0","11","","0","N","0","","39 55:04.760","2","0","75 08:52.381","0","0","0","0","67301","0","0","0","N","0","0","0","1","68K01","0","","2.0","1207.0","1","N","N","N","0","","0","0","0","","0","N","1126","1","0","0","0","0","0","0","2","0","1","","","","N","","","","","","","","","",""
"2022047183","0831","0","0","0","0","0","0","0","0","0","4","0","","67","5","2022","3","40.036276","-75.056372","0831","6","0","0","0","0","0","1","0","0","","0","0","0","06","","1","","1","","40 02:10.593","","0","75 03:22.939","3","0","0","0","67301","0","0","0","N","0","0","0","2","67301","0","","1.0","","1","N","N","N","0","","1","0","1","","3","","0631","2","1","1","0","0","0","1","2","1","2","","","","N","","","","","","","","","",""
"2022023718","1537","1","0","0","0","0","0","0","0","0","4","0","","67","2","2022","2","39.957191","-75.158716","1537","6","0","0","0","0","0","0","1","0","","0","0","0","15","","3","","1","","39 57:25.888","","3","75 09:31.377","3","0","0","0","67301","0","0","0","N","0","0","0","3","67301","2","","1.0","","1","N","N","N","0","","1","0","1","","2","","1525","2","3","2","0","0","0","0","2","0","2","","","","N","","","","","","","","","",""
"2022014788","1035","0","0","0","0","0","0","0","0","0","4","0","","67","2","2022","4","39.978932","-75.266238","1033","6","0","0","0","0","0","0","0","0","","0","0","0","08","","1","","1","","39 58:44.155","","0","75 15:58.456","3","0","0","0","67301","0","0","0","N","0","0","0","2","67301","0","","1.0","","1","N","N","N","0","","1","0","1","","3","","0800","2","1","0","0","0","0","0","2","0","2","","","","N","","","","","","","","","",""
"2022043800","0820","1","0","0","0","0","0","0","0","0","8","0","","67","4","2022","4","40.059483","-75.055357","0816","6","0","0","0","0","0","0","1","0","","0","0","0","08","","1","","1","","40 03:34.138","","0","75 03:19.285","8","0","0","0","67301","1","0","0","N","1","0","0","2","67301","0","","1.0","","1","N","N","N","0","","0","0","0","","3","","0805","2","1","1","0","0","1","0","2","0","1","","","","N","","","","","","","","","",""
"2022047366","1700","0","0","0","0","0","0","0","0","0","8","0","","67","5","2022","6","39.924224","-75.176313","1645","6","0","0","0","0","0","0","0","0","","0","0","0","03","","1","","1","","39 55:27.207","","0","75 10:34.726","8","0","0","0","67301","1","0","0","N","1","0","0","2","67301","0","","1.0","","9","N","N","N","0","","0","0","0","","2","","0300","2","1","0","0","0","1","0","2","1","1","","08","","N","","","","","","","","","",""
"2022045905","1725","1","0","0","0","0","0","0","0","0","5","0","","67","5","2022","2","39.958194","-75.164089","1720","6","0","0","0","0","0","0","0","0","","0","0","0","17","","1","N","0","","39 57:29.500","2","3","75 09:50.720","3","0","0","0","67301","0","0","0","N","0","0","0","3","67301","0","","1.0","1800.0","1","N","N","N","0","","1","0","1","","0","N","1715","2","1","0","0","0","0","0","2","0","2","","","","N","","","","","","","","","",""
"2022059086","0825","3","0","0","0","0","0","0","0","0","1","0","","67","5","2022","3","39.957416","-75.150945","0745","6","0","0","0","0","0","0","0","0","","0","0","0","07","","0","N","0","","39 57:26.699","3","0","75 09:03.401","0","0","0","0","67301","0","0","0","N","0","0","0","4","68K01","0","","1.0","928.0","1","N","N","N","0","","0","0","1","","0","N","0745","4","0","0","0","0","0","0","2","0","4","","03","","N","","","","","","","","","",""
"2022049130","0051","1","0","0","0","0","0","0","0","0","7","0","","67","5","2022","7","40.048032","-74.999067","0041","6","0","0","0","0","0","0","0","0","","0","0","0","00","","0","N","0","","40 02:52.915","","0","74 59:56.641","0","0","0","0","67301","0","0","0","N","0","0","0","2","68K01","0","","2.0","","1","N","N","N","0","","0","0","0","","0","","0039","1","0","0","0","0","0","0","2","0","1","","","","N","","","","","","","","","",""
"2022060063","1025","0","0","0","1","0","0","0","0","0","8","0","","67","6","2022","2","39.950764","-75.207175","1020","6","0","0","0","0","0","0","0","0","","0","0","0","10","","1","N","0","","39 57:02.750","","7","75 12:25.830","3","0","0","0","67301","1","0","0","N","0","0","0","2","67301","0","","5.0","","1","N","N","N","0","","1","0","0","","0","","1005","2","1","0","0","0","0","0","2","1","1","","","","N","","","","","","","","","",""
"2022047185","1711","1","0","0","0","0","0","0","0","0","8","0","","67","5","2022","3","39.963033","-75.210619","1710","6","0","0","0","0","0","0","0","0","","0","0","0","17","","1","N","0","","39 57:46.920","","0","75 12:38.230","8","0","0","0","67301","1","0","0","N","1","0","0","4","67301","0","","1.0","","1","N","N","N","0","","0","0","0","","0","","1700","2","1","0","0","0","1","0","2","0","1","","03","","N","","","","","","","","","",""
"2022033136","2321","2","0","0","0","0","0","0","0","0","4","0","","67","4","2022","4","39.920622","-75.180318","2318","6","0","0","0","0","0","0","0","0","","0","0","0","23","","1","","1","","39 55:14.239","","0","75 10:49.144","3","0","0","0","67301","0","0","0","N","0","0","0","5","67301","0","","1.0","","9","N","N","N","0","","1","0","0","","3","","2300","2","1","0","0","0","0","0","2","0","2","","07","","N","","","","","","","","","",""
"2022049095","1909","0","0","0","0","0","0","0","0","0","4","0","","67","5","2022","4","39.922753","-75.186851","1907","6","0","0","0","0","0","0","0","0","","0","0","0","18","","1","","1","","39 55:21.910","","0","75 11:12.663","3","0","0","0","67301","0","0","0","N","0","0","0","4","67301","0","","1.0","","1","N","N","N","0","","1","0","2","","3","","1855","2","1","0","0","0","0","0","2","0","2","","04","","N","","","","","","","","","",""
"2022055652","1325","0","0","0","0","0","0","0","0","0","8","0","","67","5","2022","5","40.022705","-75.133512","1505","6","0","0","0","0","0","0","0","0","","0","0","0","15","","1","","1","","40 01:21.738","","0","75 08:00.643","2","0","0","0","67301","1","0","1","N","1","0","1","2","67301","0","","1.0","","1","N","N","N","0","","0","1","1","","1","","1500","2","1","0","0","0","0","1","2","0","1","","","","N","","","","","","","","","",""
"2022045088","0148","0","0","0","0","0","0","0","0","0","5","0","","67","5","2022","7","40.031056","-75.125064","0145","6","0","0","0","0","0","0","0","0","","0","0","0","01","","0","N","0","","40 01:51.800","3","0","75 07:30.230","0","0","0","0","67301","0","0","0","N","0","0","0","2","67301","0","","6.0","300.0","1","N","N","N","0","","0","0","2","","0","N","0116","2","0","0","0","0","0","0","2","0","2","","03","","N","","","","","","","","","",""
"2022069401","0355","0","0","0","0","0","0","0","0","0","7","0","","67","7","2022","5","39.958603","-75.168654","0349","6","0","0","0","0","0","0","0","0","","0","0","0","03","","1","N","0","","39 57:30.969","3","0","75 10:07.153","8","0","0","0","67301","0","0","0","N","0","0","0","1","68K01","0","","4.0","100.0","1","N","N","N","0","","0","0","1","","0","Y","0349","1","1","0","0","0","1","0","2","0","1","","03","","N","","","","","","","","","",""
"2022047518","1245","4","0","0","0","0","0","0","0","0","4","0","","67","5","2022","6","40.029577","-75.175164","1240","6","0","0","0","0","0","0","1","0","","0","0","0","11","","1","N","0","","40 01:46.477","","0","75 10:30.592","8","0","0","0","67301","0","0","0","N","0","0","0","1","67301","0","","6.0","","1","N","N","N","1","","0","0","0","","0","","1130","5","1","0","0","0","1","0","2","0","5","","03","","N","","","","","","","","","",""
"2022014551","1715","1","0","0","0","0","0","0","0","0","4","0","","67","2","2022","2","40.035622","-75.070548","1706","6","0","0","0","0","0","2","0","0","","0","0","0","16","","1","","1","","40 02:08.240","","0","75 04:13.971","3","0","0","0","67301","0","0","0","N","0","0","0","3","67301","0","","1.0","","9","N","N","N","1","","1","0","0","","2","","1635","2","1","0","0","0","0","0","2","0","2","","","","N","","","","","","","","","",""
"2022043888","0105","1","0","0","0","0","0","0","0","0","4","0","","67","5","2022","6","39.932464","-75.232311","0059","6","0","0","0","0","0","0","0","0","","0","0","0","00","","0","N","0","","39 55:56.870","","0","75 13:56.320","0","0","0","0","67301","0","0","0","N","0","0","0","2","67301","0","","1.0","","1","N","N","N","0","","0","0","2","","0","","0035","3","0","0","0","0","0","0","2","0","3","","03","","N","","","","","","","","","",""
"2022033246","0737","0","0","0","0","0","0","0","0","0","8","0","","67","3","2022","4","40.009832","-75.166871","0737","6","0","0","0","0","0","0","0","0","","0","0","0","07","","1","","1","","40 00:35.396","","0","75 10:00.737","8","0","0","0","67301","1","0","0","N","1","0","0","3","67508","0","","1.0","","1","","","N","0","","0","0","1","","2","","0737","2","1","0","0","0","1","0","2","0","1","","03","","N","","","","","","","","","",""
"2022047159","0223","2","0","0","0","0","0","0","0","0","1","0","","67","5","2022","4","40.039151","-75.110002","0219","6","0","0","0","0","0","1","0","0","","0","0","0","02","","0","","1","","40 02:20.942","","0","75 06:36.006","9","0","0","0","67301","0","0","0","N","0","0","0","2","67301","0","","1.0","","1","N","N","N","0","","0","0","0","","2","","0215","2","0","0","0","0","0","1","2","0","2","","03","","N","","","","","","","","","",""
"2022043892","0040","2","0","0","0","0","0","0","0","0","4","0","","67","5","2022","7","39.924667","-75.240014","0035","6","0","0","0","0","0","1","0","0","","0","0","0","00","","1","N","0","","39 55:28.800","","0","75 14:24.050","3","0","0","0","67301","0","0","0","N","0","0","0","1","67301","0","","6.0","","9","N","N","N","0","","1","0","0","","3","","0030","2","1","0","0","0","0","0","2","0","2","","07","","N","","","","","","","","","",""
"2022046784","1810","1","0","0","0","0","0","1","0","0","4","1","","67","5","2022","2","40.009866","-75.166801","1805","6","0","0","0","0","0","0","0","0","","0","0","0","18","","5","","1","","40 00:35.518","","0","75 10:00.484","8","0","0","0","67301","0","0","0","N","0","0","0","7","67508","0","","1.0","","1","N","N","Y","0","","0","0","0","","2","","1805","2","5","0","0","0","5","0","2","0","2","","03","","N","","","","","","","","","",""
"2022060067","1830","0","0","0","0","0","0","0","0","0","8","0","","67","6","2022","4","39.978292","-75.166169","1824","6","0","0","0","0","0","0","1","0","","1","0","0","18","","0","","1","","39 58:41.851","4","0","75 09:58.208","1","0","0","0","67301","1","1","0","N","1","1","0","2","67301","0","2","1.0","2209.0","1","N","N","N","1","0","0","0","0","","0","N","1824","2","0","0","0","0","0","0","2","0","1","","","","N","","","","","","","","","",""
"2022044022","0335","2","0","0","0","0","0","0","0","0","4","0","","67","3","2022","4","39.993032","-75.11974","0330","6","0","0","0","0","0","0","0","0","","0","0","0","20","","2","","2","","39 59:34.915","","0","75 07:11.063","4","0","0","0","67301","0","0","0","N","0","0","0","2","67301","2","","1.0","","1","N","N","N","0","","0","0","0","","3","","2053","2","2","0","0","0","0","0","2","0","2","","03","","N","","","","","","","","","",""
"2022026752","2225","2","0","0","0","0","0","0","0","0","5","0","","67","3","2022","1","39.975084","-75.187566","2225","6","0","0","0","0","0","0","0","0","","0","0","0","22","","1","N","0","","39 58:30.301","4","0","75 11:15.236","3","0","0","0","67301","0","0","0","N","0","0","0","3","67301","0","","1.0","0.0","1","N","N","N","0","","1","0","0","","0","Y","2225","2","1","0","0","0","0","0","2","0","2","","03","","N","","","","","","","","","",""
"2022045221","1910","1","0","0","0","0","0","0","0","0","4","0","","67","5","2022","6","40.006161","-75.090601","1904","6","0","0","0","0","1","0","0","0","","0","0","0","18","","1","","2","","40 00:22.179","","0","75 05:26.163","4","0","0","0","67301","0","0","0","N","0","0","0","3","67301","1","","1.0","","1","N","N","N","0","","0","0","1","","0","","1859","3","1","0","0","0","0","0","2","1","3","","","","N","","","","","","","","","",""
"2022020750","1515","0","0","0","0","0","0","0","0","0","8","0","","67","2","2022","2","40.021142","-75.121003","1549","6","0","0","0","0","0","0","0","0","","0","0","0","15","","1","N","0","","40 01:16.110","","0","75 07:15.610","3","0","0","0","67301","1","0","0","N","1","0","0","2","67301","0","","1.0","","1","N","Y","N","1","","1","0","0","","0","","1500","2","1","0","0","0","0","0","2","0","1","","03","","N","","","","","","","","","",""
"2022060947","0944","1","0","0","0","0","0","0","0","0","0","0","","67","6","2022","2","40.009229","-75.066588","0912","6","0","0","0","0","0","1","0","0","","0","0","0","09","","0","N","0","","40 00:33.224","","0","75 03:59.717","9","0","0","0","67301","0","0","0","N","0","0","0","2","68K01","0","","1.0","","1","N","N","N","0","","0","0","0","","0","","0908","2","0","0","0","0","0","1","2","0","2","","03","","N","","","","","","","","","",""
"2022046064","2355","1","0","0","0","0","0","0","0","0","7","0","","67","5","2022","2","40.034556","-75.089861","2350","6","0","0","0","0","0","0","0","0","","0","0","0","18","","0","N","0","","40 02:04.400","","0","75 05:23.500","0","0","0","0","67301","0","0","0","N","0","0","0","1","67301","0","","5.0","","1","N","N","N","0","","0","0","0","","0","","1830","1","0","0","0","0","0","0","2","0","1","","","","N","","","","","","","","","",""
"2022060049","1728","2","0","0","0","0","0","0","0","0","4","0","","67","6","2022","6","40.024058","-75.064934","1724","6","0","0","0","0","0","0","0","0","","0","0","0","17","","2","","1","","40 01:26.608","","0","75 03:53.762","4","0","0","0","67301","0","0","0","N","0","0","0","6","67301","2","","1.0","","1","N","N","N","0","","0","0","0","","3","","1720","2","2","1","0","0","0","0","2","0","2","","","","N","","","","","","","","","",""
"2022051386","1550","1","0","0","0","0","0","0","0","0","1","0","","67","5","2022","4","40.02671","-75.117289","1550","6","0","0","0","0","0","1","0","0","","0","0","0","15","","1","","1","","40 01:36.157","","0","75 07:02.240","8","0","0","0","67301","0","0","0","N","0","0","0","2","67301","0","","1.0","","1","N","N","N","0","","0","0","0","","2","","1550","2","1","0","0","0","1","0","2","0","2","","","","N","","","","","","","","","",""
"2022048653","0044","2","0","0","0","0","0","0","0","0","5","0","55","67","5","2022","3","39.959903","-75.140393","0044","6","0","0","0","0","0","0","0","0","","0","0","0","00","","2","","6","","39 57:35.650","","2","75 08:25.416","8","0","0","0","67301","0","0","0","N","0","0","0","3","68K01","0","","7.0","","1","N","N","N","0","","0","0","0","","8","","0044","2","2","0","0","0","2","0","2","0","2","","","N","Y","8","2","","","Y","Y","","","","N"
"2022045906","1912","0","0","0","0","0","0","0","0","0","4","0","","67","5","2022","1","39.901375","-75.23933","1909","6","0","0","0","0","0","0","0","0","","0","0","0","19","","1","","2","","39 54:04.950","","0","75 14:21.587","2","0","1","1","67301","0","0","0","N","0","0","0","2","67301","0","","1.0","","1","N","N","N","0","","0","1","0","","2","","1905","2","1","0","0","0","0","0","2","0","2","","03","","N","","","","","","","","","",""
"2022060089","1919","1","0","0","0","0","0","0","0","0","8","0","","67","6","2022","3","40.014924","-75.118118","1919","6","0","0","0","0","0","0","0","0","","0","0","0","19","","2","N","0","","40 00:53.726","","0","75 07:05.223","3","0","0","0","67301","2","0","0","N","2","0","0","3","67301","0","","1.0","","1","N","N","N","0","","2","0","0","","0","","1906","3","2","1","0","0","0","0","2","0","1","","04","","N","","","","","","","","","",""
"2022046219","2048","2","0","0","0","0","0","0","0","0","1","0","","67","4","2022","6","39.897122","-75.189017","2038","6","0","0","0","0","0","0","0","0","","0","0","0","20","","2","N","0","","39 53:49.638","","0","75 11:20.461","4","0","0","0","67301","0","0","0","N","0","0","0","2","68K01","2","","1.0","","1","N","N","N","0","","0","0","0","","0","","2033","2","2","0","0","0","0","0","2","0","2","","03","","N","","","","","","","","","",""
"2022047904","2232","0","0","0","0","0","0","0","0","0","1","0","","67","5","2022","6","40.045297","-75.093914","2224","6","0","0","0","0","0","0","0","0","","0","0","0","22","","1","N","0","","40 02:43.070","","0","75 05:38.090","3","0","0","1","67301","0","0","0","N","0","0","0","3","67301","0","","1.0","","1","N","N","N","0","","1","0","1","","0","","2224","2","1","1","0","0","0","1","2","0","2","","","","N","","","","","","","","","",""
"2022060016","1249","1","0","0","0","0","0","0","0","0","7","0","","67","6","2022","5","40.130882","-75.014488","1230","6","0","0","0","0","0","0","1","0","","0","0","0","12","","0","N","0","","40 07:51.175","","0","75 00:52.158","0","0","0","0","67301","0","0","0","N","0","0","0","1","67301","0","","2.0","","9","N","N","N","0","","0","0","0","","0","","1228","1","0","0","0","0","0","0","2","0","1","","07","","N","","","","","","","","","",""
"2022045445","2151","2","0","0","0","0","0","0","0","0","4","0","","67","5","2022","6","39.973833","-75.206444","2151","6","0","0","0","0","0","0","0","0","","0","0","0","21","","0","","1","","39 58:25.797","","0","75 12:23.198","0","0","0","0","67301","0","0","0","N","0","0","0","2","67301","0","","1.0","","1","N","N","N","0","","0","0","0","","2","","2100","2","0","0","0","0","0","0","2","0","2","","03","","N","","","","","","","","","",""
"2022045947","2332","2","0","0","0","0","0","0","0","0","4","0","","67","5","2022","2","40.080957","-75.202694","2322","6","0","0","0","1","0","1","0","0","","0","0","0","22","","0","","1","","40 04:51.446","2","0","75 12:09.698","0","0","0","0","67301","0","0","0","N","0","0","0","2","67301","0","","1.0","8.0","1","N","N","N","0","","0","0","0","","2","N","2222","2","0","0","0","0","0","0","2","0","2","","03","","N","","","","","","","","","",""
"2022068212","1949","0","0","0","0","0","0","0","0","0","1","1","","67","7","2022","6","39.933807","-75.200047","1925","6","0","0","0","0","0","1","0","0","","0","1","0","19","","0","N","0","","39 56:01.705","3","0","75 12:00.168","0","0","0","0","67301","0","0","0","Y","0","0","0","2","68K01","0","","1.0","2020.0","1","N","N","N","0","","0","0","1","","0","N","1922","2","0","0","0","0","0","0","2","0","2","","03","","N","","","","","","","","","",""
"2022042369","0446","1","0","0","0","0","0","0","0","0","7","0","","67","5","2022","4","39.984189","-75.208182","0442","6","0","0","0","0","0","0","0","0","","0","0","0","04","","0","N","0","","39 59:03.080","","0","75 12:29.456","0","0","0","0","67301","0","0","0","N","0","0","0","1","68K01","0","","4.0","","9","N","N","N","0","","0","0","0","","0","","0442","1","0","0","0","0","0","0","2","0","1","","","","N","","","","","","","","","",""
"2022047681","2313","1","0","0","0","0","0","0","0","0","3","0","","67","5","2022","2","39.925731","-75.180201","2310","6","0","0","0","0","0","0","0","0","","0","0","0","23","","0","N","0","","39 55:32.630","4","0","75 10:48.723","9","0","0","0","67301","0","0","0","N","0","0","0","1","67301","0","","6.0","100.0","1","N","N","N","0","","0","0","3","","0","N","2300","4","0","0","0","0","0","1","2","0","4","","03","","N","","","","","","","","","",""
"2022068561","1238","1","0","0","0","0","0","0","0","0","1","0","","67","7","2022","1","40.069136","-75.24051","1232","6","0","0","0","0","0","0","0","0","","0","0","0","12","","0","N","0","","40 04:08.891","","0","75 14:25.835","0","0","0","0","67301","0","0","0","N","0","0","0","3","67301","0","","1.0","","1","N","N","N","0","","0","0","1","","0","","1230","2","0","3","0","0","0","0","2","0","2","","03","","N","","","","","","","","","",""
"2022032901","2220","3","0","0","0","0","0","0","0","0","4","0","","67","3","2022","5","39.945459","-75.17168","2215","6","0","0","0","0","1","0","0","0","","0","0","0","22","","2","","1","","39 56:43.651","4","0","75 10:18.048","3","0","0","0","67301","0","0","0","N","0","0","0","2","67301","0","","1.0","1115.0","9","N","N","N","0","","2","0","0","","2","N","2205","3","2","0","0","0","0","0","2","0","3","","","","N","","","","","","","","","",""
"2022055564","0930","1","0","0","0","0","0","0","0","0","8","0","","67","6","2022","6","39.944902","-75.159793","0900","6","0","0","0","0","0","0","0","0","","0","0","0","05","","1","","1","","39 56:41.647","","0","75 09:35.256","4","0","0","0","67301","1","0","0","N","1","0","0","2","67301","1","","1.0","","99","N","N","N","0","","0","0","0","","2","","0500","2","1","0","0","0","0","0","2","0","1","","03","","N","","","","","","","","","",""
"2022045535","1857","1","0","0","0","0","0","0","0","0","4","0","","67","5","2022","7","40.038486","-75.051804","1853","6","0","0","0","0","1","0","0","0","","0","0","0","18","","0","","1","","40 02:18.549","","0","75 03:06.494","0","0","0","0","67301","0","0","0","N","0","0","0","2","67301","0","","1.0","","9","N","N","Y","1","","0","0","1","","2","","1836","4","0","2","0","0","0","0","2","1","4","","","","N","","","","","","","","","",""
"2022024739","1521","0","0","0","0","0","0","0","0","0","4","0","","67","3","2022","5","40.08791","-74.980609","1521","6","0","0","1","0","0","0","0","0","","0","0","0","14","","1","","1","","40 05:16.476","","0","74 58:50.192","3","0","0","0","67301","0","0","0","N","0","0","0","2","67301","0","","1.0","","1","N","N","N","0","","1","0","2","","3","","1425","2","1","0","0","0","0","0","2","0","2","","03","","N","","","","","","","","","",""
"2022033767","1926","0","0","0","0","0","0","0","0","0","5","0","","67","4","2022","5","39.909722","-75.156389","1925","6","0","0","0","0","0","0","0","0","","0","0","0","19","","0","N","0","","39 54:35.000","","3","75 09:23.000","0","0","0","0","67301","0","0","0","N","0","0","0","2","67501","0","","1.0","","9","N","N","N","0","","0","0","1","","0","","1925","2","0","0","0","0","0","0","2","0","2","","","","N","","","","","","","","","",""
"2022047184","1740","2","0","0","0","0","0","0","0","0","3","0","","67","5","2022","3","40.039908","-75.032359","1740","6","0","0","0","0","0","0","0","1","","0","0","0","17","","1","N","0","","40 02:23.668","2","0","75 01:56.494","4","0","0","0","67301","0","0","0","N","0","0","0","2","67301","1","","1.0","1817.0","1","N","N","N","0","","0","0","0","","0","N","1737","2","1","0","0","0","0","0","2","0","2","","","","N","","","","","","","","","",""