"CRN","ARRIVAL_TM","AUTOMOBILE_COUNT","BELTED_DEATH_COUNT","BELTED_SUSP_SERIOUS_INJ_COUNT","BICYCLE_COUNT","BICYCLE_DEATH_COUNT","BICYCLE_SUSP_SERIOUS_INJ_COUNT","BUS_COUNT","CHLDPAS_DEATH_COUNT","CHLDPAS_SUSP_SERIOUS_INJ_COUNT","COLLISION_TYPE","COMM_VEH_COUNT","CONS_ZONE_SPD_LIM","COUNTY","CRASH_MONTH","CRASH_YEAR","DAY_OF_WEEK","DEC_LATITUDE","DEC_LONGITUDE","DISPATCH_TM","DISTRICT","DRIVER_COUNT_16YR","DRIVER_COUNT_17YR","DRIVER_COUNT_18YR","DRIVER_COUNT_19YR","DRIVER_COUNT_20YR","DRIVER_COUNT_50_64YR","DRIVER_COUNT_65_74YR","DRIVER_COUNT_75PLUS","EST_HRS_CLOSED","FATAL_COUNT","HEAVY_TRUCK_COUNT","HORSE_BUGGY_COUNT","HOUR_OF_DAY","ILLUMINATION","INJURY_COUNT","INTERSECTION_RELATED","INTERSECT_TYPE","LANE_CLOSED","LATITUDE","LN_CLOSE_DIR","LOCATION_TYPE","LONGITUDE","MAX_SEVERITY_LEVEL","MCYCLE_DEATH_COUNT","MCYCLE_SUSP_SERIOUS_INJ_COUNT","MOTORCYCLE_COUNT","MUNICIPALITY","NONMOTR_COUNT","NONMOTR_DEATH_COUNT","NONMOTR_SUSP_SERIOUS_INJ_COUNT","NTFY_HIWY_MAINT","PED_COUNT","PED_DEATH_COUNT","PED_SUSP_SERIOUS_INJ_COUNT","PERSON_COUNT","POLICE_AGCY","POSSIBLE_INJ_COUNT","RDWY_SURF_TYPE_CD","RELATION_TO_ROAD","ROADWAY_CLEARED","ROAD_CONDITION","SCH_BUS_IND","SCH_ZONE_IND","SECONDARY_CRASH","SMALL_TRUCK_COUNT","SPEC_JURIS_CD","SUSP_MINOR_INJ_COUNT","SUSP_SERIOUS_INJ_COUNT","SUV_COUNT","TCD_FUNC_CD","TCD_TYPE","TFC_DETOUR_IND","TIME_OF_DAY","TOTAL_UNITS","TOT_INJ_COUNT","UNBELTED_OCC_COUNT","UNB_DEATH_COUNT","UNB_SUSP_SERIOUS_INJ_COUNT","UNK_INJ_DEG_COUNT","UNK_INJ_PER_COUNT","URBAN_RURAL","VAN_COUNT","VEHICLE_COUNT","WEATHER1","WEATHER2","WORKERS_PRES","WORK_ZONE_IND","WORK_ZONE_LOC","WORK_ZONE_TYPE","WZ_CLOSE_DETOUR","WZ_FLAGGER","WZ_LAW_OFFCR_IND","WZ_LN_CLOSURE","WZ_MOVING","WZ_OTHER","WZ_SHLDER_MDN","WZ_WORKERS_INJ_KILLED"
"2022037144","","2","0","0","0","0","0","0","0","0","1","0","","67","4","2022","2","40.020209","-75.043462","","6","0","0","0","0","1","0","0","0","","0","0","0","14","","1","N","0","","40 01:12.751","","0","75 02:36.462","8","0","0","0","67301","0","0","0","N","0","0","0","2","00000","0","","1.0","","1","","","N","0","","0","0","0","","0","","1445","2","1","0","0","0","1","0","2","0","2","","","","N","","","","","","","","","",""
"2022041703","2353","1","0","0","0","0","0","0","0","0","1","0","","67","4","2022","7","39.954673","-75.194467","2348","6","0","0","0","0","0","0","0","0","","0","0","0","23","","0","","1","","39 57:16.822","","0","75 11:40.080","0","0","0","0","67301","0","0","0","N","0","0","0","2","67504","0","","1.0","","1","N","N","N","0","","0","0","1","","1","","2345","2","0","0","0","0","0","0","2","0","2","","03","","N","","","","","","","","","",""
"2022046048","0214","2","0","0","0","0","0","0","0","0","2","0","","67","3","2022","4","40.046222","-75.181861","0212","6","0","0","0","0","0","1","0","0","","0","0","0","02","","1","N","0","","40 02:46.400","6","0","75 10:54.700","8","0","0","0","67301","0","0","0","N","0","0","0","1","67301","0","","6.0","441.0","1","N","N","Y","0","","0","0","0","","0","Y","0209","2","1","0","0","0","1","0","2","0","2","","03","","N","","","","","","","","","",""
"2022055576","0445","1","0","0","0","0","0","0","0","0","1","0","","67","6","2022","2","40.093954","-75.015861","0427","6","0","0","0","0","0","1","0","0","","0","0","0","22","","2","Y","0","","40 05:38.233","","0","75 00:57.098","3","0","0","0","67301","0","0","0","N","0","0","0","3","67301","0","","1.0","","1","N","N","N","1","","2","0","1","","2","","2230","3","2","0","0","0","0","0","2","0","3","","03","","N","","","","","","","","","",""
"2022024071","","2","0","0","0","0","0","0","0","0","1","0","","67","2","2022","3","39.95768","-75.162367","","6","0","0","0","0","0","0","0","0","","0","0","0","19","","1","","1","","39 57:27.649","","8","75 09:44.521","8","0","0","0","67301","0","0","0","N","0","0","0","2","00000","0","","1.0","","1","","","N","0","","0","0","0","","0","","1920","2","1","1","0","0","1","0","2","0","2","","","","N","","","","","","","","","",""
"2022059823","0237","2","0","0","0","0","0","0","0","0","2","0","","67","5","2022","2","39.966827","-75.187884","0235","6","0","0","0","0","0","0","0","0","","0","0","0","02","","1","N","0","","39 58:00.576","3","0","75 11:16.381","8","0","0","0","67301","0","0","0","N","0","0","0","3","68K01","0","","1.0","305.0","1","N","N","N","0","","0","0","0","","0","N","0229","2","1","0","0","0","1","0","2","0","2","","","","N","","","","","","","","","",""
"2022047168","0752","0","0","0","0","0","0","0","0","0","4","0","","67","5","2022","4","40.057794","-75.008743","0745","6","0","0","0","0","0","1","0","0","","0","0","0","07","","2","","1","","40 03:28.059","1","0","75 00:31.473","3","0","0","0","67301","0","0","0","N","0","0","0","2","67301","0","","1.0","855.0","1","N","N","N","0","","2","0","2","","2","N","0730","2","2","0","0","0","0","0","2","0","2","","03","","N","","","","","","","","","",""
"2022060103","1637","0","0","0","0","0","0","0","0","0","8","0","","67","6","2022","6","39.972328","-75.152192","1630","6","0","0","0","0","0","0","0","0","","0","0","0","14","","1","","1","","39 58:20.379","","0","75 09:07.890","8","0","0","0","67301","1","0","0","N","1","0","0","1","67301","0","","1.0","","1","N","N","N","0","","0","0","0","","3","","1405","2","1","0","0","0","1","0","2","0","1","","03","","N","","","","","","","","","",""
"2022020748","0859","0","0","0","0","0","0","0","0","0","5","0","","67","2","2022","6","40.041073","-75.07579","0858","6","0","0","0","0","0","0","0","0","","0","0","0","08","","1","","2","","40 02:27.863","1","0","75 04:32.844","3","0","0","0","67301","0","0","0","N","0","0","0","2","67301","0","","1.0","944.0","9","N","N","N","0","","1","0","2","","0","N","0856","2","1","1","0","0","0","0","2","0","2","","07","","N","","","","","","","","","",""
"2022047796","1038","2","0","0","0","0","0","0","0","0","1","0","","67","5","2022","7","39.993281","-75.141975","1036","6","0","0","0","0","0","0","0","0","","0","0","0","10","","0","N","0","","39 59:35.810","","0","75 08:31.110","0","0","0","0","67301","0","0","0","N","0","0","0","3","67301","0","","4.0","","9","N","N","N","0","","0","0","0","","0","","1034","2","0","0","0","0","0","0","2","0","2","","04","","N","","","","","","","","","",""
"2022060367","0400","2","0","0","0","0","0","0","0","0","2","0","","67","6","2022","1","39.920637","-75.19068","0355","6","0","0","0","0","0","1","0","0","","0","0","0","03","","2","","7","","39 55:14.292","","2","75 11:26.447","3","0","0","0","67301","0","0","0","N","0","0","0","2","67301","0","","9.0","","8","N","N","N","0","","2","0","0","","0","","0354","2","2","1","0","0","0","0","2","0","2","","04","","N","","","","","","","","","",""
"2022068802","0935","0","0","0","0","0","0","0","0","0","1","0","","67","4","2022","2","39.992755","-75.186163","0935","6","0","0","0","0","0","1","1","0","","0","0","0","06","","2","","1","","39 59:33.918","","0","75 11:10.185","3","0","0","0","67301","0","0","0","N","0","0","0","3","67301","0","","1.0","","1","N","N","N","0","","2","0","2","","2","","0637","2","2","1","0","0","0","0","2","0","2","","","","N","","","","","","","","","",""
"2022033239","0834","1","0","0","0","0","0","0","0","0","1","0","","67","4","2022","3","39.972632","-75.144461","0833","6","0","0","0","0","0","0","0","0","","0","0","0","08","","2","","1","","39 58:21.475","1","0","75 08:40.059","3","0","0","0","67301","0","0","0","N","0","0","0","3","67301","1","","1.0","930.0","1","N","N","N","0","","1","0","2","","2","N","0830","3","2","0","0","0","0","0","2","0","3","","04","","N","","","","","","","","","",""
"2022060361","0103","2","0","0","0","0","0","0","0","0","4","0","","67","6","2022","4","39.967389","-75.218667","0056","6","0","0","0","0","0","1","0","0","","0","0","0","00","","0","N","0","","39 58:02.600","","0","75 13:07.200","9","0","0","0","67301","0","0","0","N","0","0","0","1","67301","0","","2.0","","1","N","N","N","0","","0","0","0","","0","","0054","2","0","0","0","0","0","1","2","0","2","","","","N","","","","","","","","","",""
"2022031070","","1","0","0","0","0","0","0","0","0","4","0","","67","3","2022","3","39.989479","-75.156446","","6","0","0","0","0","0","0","0","0","","0","0","0","15","","1","","1","","39 59:22.124","","0","75 09:23.205","8","0","0","0","67301","0","0","0","N","0","0","0","2","00000","0","","1.0","","1","","","N","0","","0","0","0","","3","","1500","2","1","0","0","0","1","0","2","1","2","","","","N","","","","","","","","","",""
"2022045444","2055","2","0","0","0","0","0","0","0","0","4","0","","67","5","2022","7","39.945766","-75.166775","2053","6","0","0","0","0","0","0","0","0","","0","0","0","20","","1","","1","","39 56:44.757","","0","75 10:00.390","3","0","0","0","67301","0","0","0","N","0","0","0","3","67301","0","","1.0","","1","N","N","N","0","","1","0","0","","2","","2025","3","1","0","0","0","0","0","2","1","3","","","","N","","","","","","","","","",""
"2022036547","1310","2","0","0","0","0","0","0","0","0","1","0","","67","3","2022","6","39.967279","-75.132404","1302","6","0","0","0","0","0","1","0","0","","0","0","0","12","","0","N","0","","39 58:02.205","","0","75 07:56.653","0","0","0","0","67301","0","0","0","N","0","0","0","2","68K01","0","","1.0","","1","N","N","N","0","","0","0","0","","0","","1259","2","0","0","0","0","0","0","2","0","2","","03","","N","","","","","","","","","",""
"2022020614","1935","0","0","0","0","0","0","0","0","0","1","0","45","67","2","2022","2","40.011365","-75.060968","1920","6","0","0","0","0","0","1","0","0","","0","0","0","19","","1","N","0","","40 00:40.914","","0","75 03:39.486","4","0","0","0","67301","0","0","0","Y","0","0","0","4","68K01","1","","1.0","","9","N","N","N","0","","0","0","2","","0","","1918","2","1","0","0","0","0","0","2","0","2","","03","N","Y","4","1","","","N","","","","Y","N"
"2022026057","1730","1","0","0","0","0","0","0","0","0","8","0","","67","3","2022","7","39.959596","-75.246798","1713","6","0","0","0","0","0","0","0","0","","0","0","0","15","","1","N","0","","39 57:34.546","","0","75 14:48.472","3","0","0","0","67301","1","0","0","N","1","0","0","2","67301","0","","4.0","","7","N","N","N","0","","1","0","0","","0","","1536","2","1","0","0","0","0","1","2","0","1","","09","","N","","","","","","","","","",""
"2022030794","1137","1","0","0","0","0","0","0","0","0","1","0","","67","3","2022","1","39.943805","-75.222792","1137","6","0","0","0","0","0","0","0","0","","0","0","0","11","","0","","1","","39 56:37.698","","0","75 13:22.051","0","0","0","0","67301","0","0","0","N","0","0","0","3","67301","0","","1.0","","1","N","N","N","0","","0","0","2","","2","","1137","3","0","3","0","0","0","0","2","0","3","","03","","N","","","","","","","","","",""
"2022029710","1311","1","0","0","0","0","0","0","0","0","8","0","","67","3","2022","5","39.954387","-75.171366","1307","6","0","0","0","0","0","0","0","0","","0","0","0","13","","1","","1","","39 57:15.792","","0","75 10:16.917","3","0","0","0","67301","1","0","0","N","1","0","0","2","67301","0","","1.0","","9","N","N","N","0","","1","0","0","","2","","1307","2","1","0","0","0","0","0","2","0","1","","","","N","","","","","","","","","",""
"2022029208","2210","3","0","0","0","0","0","0","0","0","5","0","","67","3","2022","7","40.057486","-75.170183","2205","6","0","0","0","0","0","0","0","0","","0","0","0","22","","1","N","0","","40 03:26.950","","0","75 10:12.660","3","0","0","0","67301","0","0","0","N","0","0","0","1","67301","0","","6.0","","9","N","N","N","0","","1","0","0","","0","","2200","3","1","0","0","0","0","0","2","0","3","","","","N","","","","","","","","","",""
"2022029233","0701","1","0","0","0","0","0","0","0","0","4","0","","67","3","2022","6","39.950925","-75.230654","0700","6","0","0","0","0","0","2","0","0","","0","0","0","06","","1","","1","","39 57:03.330","","0","75 13:50.354","8","0","0","0","67301","0","0","0","N","0","0","0","2","67301","0","","1.0","","1","N","N","N","0","","0","0","1","","2","","0659","2","1","0","0","0","1","0","2","0","2","","05","","N","","","","","","","","","",""
"2022035758","0053","2","0","0","0","0","0","0","0","0","5","0","","67","3","2022","7","39.992336","-75.201315","0044","6","0","0","0","0","0","1","0","0","","0","0","0","00","","0","N","0","","39 59:32.408","","0","75 12:04.734","0","0","0","0","67301","0","0","0","N","0","0","0","2","68K01","0","","1.0","","1","N","N","N","0","","0","0","0","","0","","0036","2","0","0","0","0","0","0","2","0","2","","03","","N","","","","","","","","","",""
"2022019601","1824","1","0","0","0","0","0","0","0","0","5","0","","67","2","2022","2","40.032472","-75.062389","1819","6","0","0","0","0","0","0","0","0","","0","0","0","18","","0","N","0","","40 01:56.900","","0","75 03:44.600","9","0","0","0","67301","0","0","0","N","0","0","0","2","67301","0","","6.0","","1","N","N","N","1","","0","0","0","","0","","1808","2","0","0","0","0","0","1","2","0","2","","03","","N","","","","","","","","","",""
"2022047167","1200","1","0","0","0","0","0","0","0","0","7","1","","67","5","2022","2","40.117867","-74.992464","1149","6","0","0","0","0","0","0","0","0","","0","1","0","11","","1","N","0","","40 07:04.320","6","0","74 59:32.870","8","0","0","0","67301","0","0","0","N","0","0","0","2","67301","0","","1.0","1250.0","1","N","N","N","0","","0","0","0","","0","Y","1140","2","1","0","0","0","1","0","2","0","2","","04","","N","","","","","","","","","",""
"2022032895","0230","1","0","0","0","0","0","0","0","0","7","0","","67","4","2022","6","40.017986","-75.097317","0221","6","0","0","0","0","0","0","0","0","","0","0","0","02","","0","","12","","40 01:04.750","","0","75 05:50.340","0","0","0","0","67301","0","0","0","N","0","0","0","1","67301","0","","4.0","","9","N","N","N","0","","0","0","0","","4","","0203","1","0","0","0","0","0","0","2","0","1","","","","N","","","","","","","","","",""
"2022037462","2258","1","0","0","0","0","0","0","0","0","1","0","","67","3","2022","4","40.032323","-75.021197","2237","6","0","0","0","0","0","1","0","0","","0","0","0","22","","2","N","0","","40 01:56.363","","3","75 01:16.309","4","0","0","0","67301","0","0","0","N","0","0","0","2","68K01","2","","1.0","","9","N","N","Y","0","","0","0","0","","0","","2229","2","2","0","0","0","0","0","2","1","2","","","","N","","","","","","","","","",""
"2022019548","2332","1","0","0","0","0","0","0","0","0","4","0","","67","2","2022","6","40.034278","-75.074591","2325","6","0","0","0","0","0","0","0","0","","0","0","0","21","","1","","1","","40 02:03.402","2","0","75 04:28.528","3","0","0","0","67301","0","0","0","N","0","0","0","6","67301","0","","1.0","45.0","1","N","N","N","0","","1","0","3","","2","N","2155","4","1","0","0","0","0","0","2","0","4","","03","","N","","","","","","","","","",""
"2022032854","0840","2","0","0","0","0","0","0","0","0","5","0","","67","4","2022","6","39.968651","-75.159989","0835","6","0","0","0","0","0","1","0","0","","0","0","0","08","","1","N","0","","39 58:07.145","","0","75 09:35.961","4","0","0","0","67301","0","0","0","N","0","0","0","2","67301","1","","1.0","","1","N","N","N","0","","0","0","0","","0","","0828","2","1","0","0","0","0","0","2","0","2","","04","","N","","","","","","","","","",""
"2022020685","2354","0","0","0","0","0","0","0","0","0","1","0","","67","2","2022","5","40.033408","-75.09061","2350","6","0","0","0","0","0","0","0","0","","0","0","0","22","","0","","1","","40 02:00.267","","0","75 05:26.196","9","0","0","0","67301","0","0","0","N","0","0","0","2","67301","0","","1.0","","9","N","N","N","2","","0","0","0","","2","","2250","2","0","0","0","0","0","1","2","0","2","","07","","N","","","","","","","","","",""
"2022026406","0406","0","0","0","0","0","0","0","0","0","7","0","","67","3","2022","1","40.04962","-75.11601","0359","6","0","0","0","0","0","0","0","0","","0","0","0","23","","0","N","0","","40 02:58.631","","0","75 06:57.635","0","0","0","0","67301","0","0","0","N","0","0","0","1","67301","0","","5.0","","1","N","N","N","1","","0","0","0","","0","","2300","1","0","0","0","0","0","0","2","0","1","","03","","N","","","","","","","","","",""
"2022043933","0059","1","0","0","0","0","0","0","0","0","4","0","","67","4","2022","7","40.02773","-75.10997","0053","6","0","0","0","0","0","0","0","0","","0","0","0","00","","0","","5","","40 01:39.827","6","0","75 06:35.893","0","0","0","0","67301","0","0","0","N","0","0","0","2","67301","0","","1.0","140.0","1","N","N","Y","1","","0","0","1","","2","N","0043","3","0","0","0","0","0","0","2","0","3","","03","","N","","","","","","","","","",""
"2022044005","0026","1","0","0","0","0","0","0","0","0","8","0","","67","1","2022","6","39.995803","-75.117153","0024","6","0","0","0","0","0","0","0","0","","0","0","0","00","","1","N","0","","39 59:44.890","","0","75 07:01.750","2","0","0","0","67301","1","0","1","N","1","0","1","3","67301","0","","1.0","","1","N","N","N","0","","0","1","0","","0","","0023","2","1","2","0","0","0","0","2","0","1","","","","N","","","","","","","","","",""
"2022029272","1820","1","0","0","0","0","0","0","0","0","4","0","","67","3","2022","7","40.025489","-75.125437","1816","6","0","0","0","0","0","0","0","0","","0","0","0","18","","2","","1","","40 01:31.761","4","0","75 07:31.573","3","0","0","0","67301","0","0","0","N","0","0","0","3","67301","0","","1.0","1935.0","1","N","N","N","0","","2","0","1","","2","N","1816","2","2","0","0","0","0","0","2","0","2","","03","","N","","","","","","","","","",""
"2022044106","1635","1","0","0","0","0","0","0","0","0","1","0","","67","5","2022","5","40.043896","-75.143565","1635","6","0","0","0","0","0","0","1","0","","0","0","0","16","","0","N","0","","40 02:38.025","","0","75 08:36.834","0","0","0","0","67301","0","0","0","N","0","0","0","2","67301","0","","1.0","","1","N","N","N","0","","0","0","1","","0","","1600","2","0","0","0","0","0","0","2","0","2","","03","","N","","","","","","","","","",""
"2022029277","0201","1","0","0","0","0","0","0","0","0","8","0","","67","3","2022","2","40.031874","-75.131503","0155","6","0","0","0","0","0","0","0","0","","0","0","0","01","","2","","1","","40 01:54.746","","0","75 07:53.410","4","0","0","0","67301","2","0","0","N","2","0","0","3","67301","2","","1.0","","1","N","N","N","0","","0","0","0","","2","","0140","3","2","0","0","0","0","1","2","0","1","","03","","N","","","","","","","","","",""
"2022038525","2108","2","0","0","0","0","0","0","0","0","5","0","","67","4","2022","5","39.908848","-75.149397","2104","6","0","0","0","0","0","0","0","0","","0","0","0","21","","0","N","0","","39 54:31.851","2","0","75 08:57.830","0","0","0","0","67301","0","0","0","N","0","0","0","2","68K01","0","","1.0","2138.0","9","N","N","N","0","","0","0","0","","0","N","2102","2","0","0","0","0","0","0","2","0","2","","","","N","","","","","","","","","",""
"2022026233","1910","1","0","0","0","0","0","0","0","0","5","0","","67","3","2022","1","40.072967","-74.982486","1859","6","0","0","0","0","0","0","0","0","","0","0","0","18","","1","N","0","","40 04:22.680","","0","74 58:56.950","8","0","0","0","67301","0","0","0","N","0","0","0","1","67301","0","","6.0","","1","N","N","N","0","","0","0","3","","0","","1855","5","1","0","0","0","1","0","2","1","5","","03","","N","","","","","","","","","",""
"2022029265","0145","0","0","0","0","0","0","0","0","0","4","0","","67","3","2022","6","40.03098","-75.124369","0140","6","0","0","0","0","0","0","0","0","","0","0","0","00","","0","","1","","40 01:51.528","","0","75 07:27.728","0","0","0","0","67301","0","0","0","N","0","0","0","2","67301","0","","1.0","","1","N","N","N","0","","0","0","1","","2","","0056","2","0","0","0","0","0","0","2","0","2","","","","N","","","","","","","","","",""
"2022052765","1612","1","0","0","0","0","0","0","0","0","4","1","","67","6","2022","7","40.031292","-75.1556","1612","6","0","0","0","0","0","0","0","0","","0","1","0","14","","1","N","0","","40 01:52.650","","7","75 09:20.160","4","0","0","0","67301","0","0","0","N","0","0","0","2","67301","1","","1.0","","99","N","N","N","0","","0","0","0","","0","","1430","2","1","1","0","0","0","1","2","0","2","","","","N","","","","","","","","","",""
"2022052494","1700","3","0","0","0","0","0","1","0","0","4","1","","67","5","2022","2","40.011125","-75.155754","1649","6","0","0","0","0","0","1","0","0","","0","0","0","16","","3","","1","","40 00:40.049","","0","75 09:20.714","8","0","0","0","67301","0","0","0","N","0","0","0","4","67508","0","","1.0","","1","N","N","N","0","","0","0","1","","0","","1648","5","3","0","0","0","3","0","2","0","5","","03","","N","","","","","","","","","",""
"2022010664","2024","0","0","0","0","0","0","0","0","0","7","0","","67","1","2022","1","39.957277","-75.191181","2022","6","0","0","0","0","0","0","0","0","","0","0","0","20","","0","","3","","39 57:26.198","","0","75 11:28.250","0","0","0","0","67301","0","0","0","N","0","0","0","1","67507","0","","5.0","","7","","","N","0","","0","0","1","","0","","2019","1","0","0","0","0","0","0","2","0","1","","","","N","","","","","","","","","",""
"2022041385","1539","0","0","0","0","0","0","0","0","0","1","0","","67","4","2022","6","40.038329","-75.009801","1524","6","0","0","0","0","0","1","0","0","","0","0","0","15","","1","N","0","","40 02:17.984","1","0","75 00:35.283","8","0","0","0","67301","0","0","0","N","0","0","0","2","68K01","0","","1.0","1600.0","1","N","N","N","1","","0","0","1","","0","N","1522","2","1","0","0","0","1","0","2","0","2","","03","","N","","","","","","","","","",""
"2022043802","0308","1","0","0","0","0","0","0","0","0","1","0","","67","5","2022","1","40.039151","-75.110002","0302","6","0","0","0","0","0","0","0","0","","0","0","0","03","","1","","1","","40 02:20.942","","0","75 06:36.006","4","0","0","0","67301","0","0","0","N","0","0","0","2","67301","1","","1.0","","1","N","N","N","0","","0","0","1","","2","","0301","2","1","0","0","0","0","0","2","0","2","","03","","N","","","","","","","","","",""
"2022019671","1945","2","0","0","0","0","0","0","0","0","4","0","","67","2","2022","4","40.014653","-75.156684","1945","6","0","0","0","0","0","0","0","0","","0","0","0","19","","7","","1","","40 00:52.752","1","0","75 09:24.063","3","0","0","0","67301","0","0","0","N","0","0","0","7","67301","0","","1.0","2145.0","1","N","N","N","0","","7","0","0","","2","Y","1942","2","7","0","0","0","0","0","2","0","2","","03","","N","","","","","","","","","",""
"2022029230","1930","0","0","0","0","0","0","0","0","0","1","0","","67","3","2022","6","39.938106","-75.168767","1924","6","0","0","0","0","0","0","0","0","","0","0","0","19","","2","N","0","","39 56:17.180","","0","75 10:07.560","3","0","0","0","67301","0","0","0","N","0","0","0","2","67301","0","","6.0","","1","N","N","N","0","","1","0","2","","0","","1920","2","2","0","0","0","1","0","2","0","2","","03","","N","","","","","","","","","",""
"2022029869","2327","1","0","0","0","0","0","0","0","0","4","0","","67","3","2022","6","40.056408","-75.014171","2322","6","0","0","0","0","0","1","0","0","","0","0","0","23","","1","","2","","40 03:23.069","3","6","75 00:51.015","3","0","0","0","67301","0","0","0","N","0","0","0","3","67301","0","","1.0","300.0","1","N","N","N","0","","1","0","1","","0","Y","2320","2","1","0","0","0","0","0","2","0","2","","03","","N","","","","","","","","","",""
"2022043986","1045","1","0","0","0","0","0","0","0","0","4","0","","67","4","2022","4","39.968993","-75.237269","1045","6","0","0","0","0","0","0","0","0","","0","0","0","09","","0","","1","","39 58:08.376","","0","75 14:14.170","9","0","0","0","67301","0","0","0","N","0","0","0","2","67301","0","","1.0","","1","N","N","N","0","","0","0","1","","2","","0916","2","0","0","0","0","0","1","2","0","2","","03","","N","","","","","","","","","",""
"2022043798","0615","0","0","0","0","0","0","0","0","0","4","0","","67","4","2022","5","40.094095","-75.031032","0615","6","0","0","0","0","0","0","0","1","","0","0","0","06","","0","N","0","","40 05:38.743","","7","75 01:51.715","9","0","0","0","67301","0","0","0","N","0","0","0","3","67301","0","","1.0","","1","N","N","N","0","","0","0","2","","0","","0601","2","0","0","0","0","0","1","2","0","2","","03","","N","","","","","","","","","",""
"2022053183","1218","1","0","0","0","0","0","0","0","0","4","0","","67","6","2022","3","40.102486","-75.028736","1214","6","0","0","0","0","0","0","0","0","","0","0","0","12","","2","","7","","40 06:08.948","3","0","75 01:43.450","8","0","0","0","67301","0","0","0","N","0","0","0","2","67301","0","","1.0","1245.0","1","N","N","N","0","","0","0","1","","0","N","1210","2","2","0","0","0","2","0","2","0","2","","","","N","","","","","","","","","",""
"2022024930","0040","1","0","0","0","0","0","0","0","0","4","0","","67","3","2022","6","39.957321","-75.152234","0036","6","0","0","0","0","0","0","0","0","","0","0","0","00","","0","","1","","39 57:26.357","","2","75 09:08.042","0","0","0","0","67301","0","0","0","N","0","0","0","2","67301","0","","1.0","","1","N","N","N","0","","0","0","1","","2","","0032","2","0","0","0","0","0","0","2","0","2","","03","","N","","","","","","","","","",""
"2022020569","1450","0","0","0","0","0","0","0","0","0","5","0","","67","2","2022","7","39.962889","-75.188417","1446","6","0","0","0","0","0","0","1","0","","0","0","0","14","","0","N","0","","39 57:46.400","","0","75 11:18.300","0","0","0","0","67301","0","0","0","N","0","0","0","2","67507","0","","1.0","","1","N","N","N","0","","0","0","2","","0","","1440","2","0","0","0","0","0","0","2","0","2","","","","N","","","","","","","","","",""
"2022015810","2320","1","0","0","0","0","0","0","0","0","7","0","","67","2","2022","4","40.00455","-75.132264","2320","6","0","0","0","0","0","0","0","0","","0","0","0","21","","0","N","0","","40 00:16.380","","0","75 07:56.150","9","0","0","0","67301","0","0","0","N","0","0","0","1","67301","0","","5.0","","1","N","N","Y","0","","0","0","0","","0","","2149","1","0","0","0","0","0","1","2","0","1","","03","","N","","","","","","","","","",""
"2022029246","1530","1","0","0","0","0","0","0","0","0","4","0","","67","3","2022","4","39.977607","-75.160654","1525","6","0","0","1","0","0","0","1","0","","0","0","0","15","","1","","1","","39 58:39.385","","0","75 09:38.355","8","0","0","0","67301","0","0","0","N","0","0","0","3","67301","0","","1.0","","9","N","N","N","0","","0","0","1","","3","","1523","2","1","0","0","0","1","0","2","0","2","","04","","N","","","","","","","","","",""
"2022029264","1955","1","0","0","0","0","0","0","0","0","4","0","","67","3","2022","3","39.964537","-75.134391","1955","6","0","0","0","0","0","0","0","0","","0","0","0","19","","1","","3","","39 57:52.333","2","0","75 08:03.809","8","0","0","0","67301","0","0","0","N","0","0","0","2","67301","0","","1.0","2040.0","1","N","N","N","0","","0","0","1","","2","N","1950","2","1","0","0","0","1","0","2","0","2","","03","","N","","","","","","","","","",""
"2022043984","1430","1","0","0","0","0","0","0","0","0","4","0","","67","4","2022","5","39.977363","-75.227077","1430","6","0","0","0","0","0","0","0","0","","0","0","0","14","","0","","3","","39 58:38.507","","0","75 13:37.478","9","0","0","0","67301","0","0","0","N","0","0","0","2","67301","0","","1.0","","1","N","N","N","0","","0","0","1","","2","","1400","2","0","0","0","0","0","2","2","0","2","","03","","N","","","","","","","","","",""
"2022030941","1652","5","0","0","0","0","0","0","0","0","4","0","","67","3","2022","4","39.938889","-75.229764","1651","6","0","0","0","0","1","1","0","0","","0","0","0","16","","3","","1","","39 56:20.000","3","0","75 13:47.150","3","0","0","0","67301","0","0","0","N","0","0","0","3","67301","1","","1.0","145.0","1","N","N","Y","0","","2","0","2","","3","Y","1649","7","3","0","0","0","0","0","2","0","7","","03","","N","","","","","","","","","",""
"2022029337","1812","1","0","0","0","0","0","0","0","0","5","0","","67","3","2022","2","40.023631","-75.179361","1805","6","0","0","0","0","0","0","0","1","","0","0","0","17","","2","N","0","","40 01:25.073","","0","75 10:45.700","3","0","0","0","67301","0","0","0","N","0","0","0","2","67301","0","","1.0","","1","N","N","N","0","","2","0","2","","0","","1750","3","2","0","0","0","0","0","2","0","3","","","","N","","","","","","","","","",""
"2022048298","1401","1","0","0","0","0","0","0","0","0","8","0","","67","5","2022","1","40.000612","-75.169762","1349","6","0","0","0","0","0","0","0","0","","0","0","0","13","","1","","1","","40 00:02.203","","0","75 10:11.143","3","0","0","0","67301","1","0","0","N","1","0","0","2","67301","0","","1.0","","1","N","N","N","0","","1","0","0","","0","","1340","2","1","0","0","0","0","0","2","0","1","","","","N","","","","","","","","","",""