"CRN","ARRIVAL_TM","AUTOMOBILE_COUNT","BELTED_DEATH_COUNT","BELTED_SUSP_SERIOUS_INJ_COUNT","BICYCLE_COUNT","BICYCLE_DEATH_COUNT","BICYCLE_SUSP_SERIOUS_INJ_COUNT","BUS_COUNT","CHLDPAS_DEATH_COUNT","CHLDPAS_SUSP_SERIOUS_INJ_COUNT","COLLISION_TYPE","COMM_VEH_COUNT","CONS_ZONE_SPD_LIM","COUNTY","CRASH_MONTH","CRASH_YEAR","DAY_OF_WEEK","DEC_LATITUDE","DEC_LONGITUDE","DISPATCH_TM","DISTRICT","DRIVER_COUNT_16YR","DRIVER_COUNT_17YR","DRIVER_COUNT_18YR","DRIVER_COUNT_19YR","DRIVER_COUNT_20YR","DRIVER_COUNT_50_64YR","DRIVER_COUNT_65_74YR","DRIVER_COUNT_75PLUS","EST_HRS_CLOSED","FATAL_COUNT","HEAVY_TRUCK_COUNT","HORSE_BUGGY_COUNT","HOUR_OF_DAY","ILLUMINATION","INJURY_COUNT","INTERSECTION_RELATED","INTERSECT_TYPE","LANE_CLOSED","LATITUDE","LN_CLOSE_DIR","LOCATION_TYPE","LONGITUDE","MAX_SEVERITY_LEVEL","MCYCLE_DEATH_COUNT","MCYCLE_SUSP_SERIOUS_INJ_COUNT","MOTORCYCLE_COUNT","MUNICIPALITY","NONMOTR_COUNT","NONMOTR_DEATH_COUNT","NONMOTR_SUSP_SERIOUS_INJ_COUNT","NTFY_HIWY_MAINT","PED_COUNT","PED_DEATH_COUNT","PED_SUSP_SERIOUS_INJ_COUNT","PERSON_COUNT","POLICE_AGCY","POSSIBLE_INJ_COUNT","RDWY_SURF_TYPE_CD","RELATION_TO_ROAD","ROADWAY_CLEARED","ROAD_CONDITION","SCH_BUS_IND","SCH_ZONE_IND","SECONDARY_CRASH","SMALL_TRUCK_COUNT","SPEC_JURIS_CD","SUSP_MINOR_INJ_COUNT","SUSP_SERIOUS_INJ_COUNT","SUV_COUNT","TCD_FUNC_CD","TCD_TYPE","TFC_DETOUR_IND","TIME_OF_DAY","TOTAL_UNITS","TOT_INJ_COUNT","UNBELTED_OCC_COUNT","UNB_DEATH_COUNT","UNB_SUSP_SERIOUS_INJ_COUNT","UNK_INJ_DEG_COUNT","UNK_INJ_PER_COUNT","URBAN_RURAL","VAN_COUNT","VEHICLE_COUNT","WEATHER1","WEATHER2","WORKERS_PRES","WORK_ZONE_IND","WORK_ZONE_LOC","WORK_ZONE_TYPE","WZ_CLOSE_DETOUR","WZ_FLAGGER","WZ_LAW_OFFCR_IND","WZ_LN_CLOSURE","WZ_MOVING","WZ_OTHER","WZ_SHLDER_MDN","WZ_WORKERS_INJ_KILLED"
"2022029162","1430","1","0","0","0","0","0","0","0","0","4","0","","67","3","2022","2","40.042612","-75.077454","1423","6","0","1","0","0","0","0","0","0","","0","0","0","14","","1","","1","","40 02:33.404","3","0","75 04:38.835","3","0","0","0","67301","0","0","0","N","0","0","0","2","67301","0","","1.0","1430.0","1","N","N","N","0","","1","0","0","","3","N","1414","2","1","0","0","0","0","1","2","0","2","","03","","N","","","","","","","","","",""
"2022019686","1137","0","0","0","0","0","0","0","0","0","4","0","","67","2","2022","2","39.990003","-75.160369","1125","6","0","0","0","0","0","1","0","0","","0","0","0","11","","0","","1","","39 59:24.010","","0","75 09:37.328","0","0","0","0","67301","0","0","0","N","0","0","0","2","67301","0","","1.0","","1","N","N","N","0","","0","0","2","","2","","1115","2","0","0","0","0","0","0","2","0","2","","03","","N","","","","","","","","","",""
"2022020419","1952","1","0","0","0","0","0","0","0","0","8","0","","67","2","2022","5","39.879331","-75.242686","1950","6","0","0","0","0","0","0","0","0","","0","0","0","19","","1","N","0","","39 52:45.590","","0","75 14:33.670","2","0","0","0","67301","1","0","1","N","1","0","1","2","67301","0","","1.0","","1","N","N","N","0","","0","1","0","","0","","1948","2","1","0","0","0","0","0","2","0","1","","03","","N","","","","","","","","","",""
"2022043678","0011","0","0","0","0","0","0","0","0","0","7","1","","67","4","2022","4","39.983133","-75.207976","0011","6","0","0","0","0","0","0","0","0","","0","1","0","00","","0","N","0","","39 58:59.278","4","0","75 12:28.712","0","0","0","0","67301","0","0","0","N","0","0","0","1","68K01","0","","2.0","120.0","9","N","N","N","0","","0","0","0","","0","N","0010","1","0","0","0","0","0","0","2","0","1","","","","N","","","","","","","","","",""
"2022026380","0114","1","0","0","0","0","0","1","0","0","4","1","","67","3","2022","5","39.954555","-75.181298","0114","6","0","0","0","0","0","0","0","0","","0","0","0","01","","1","","1","","39 57:16.399","3","0","75 10:52.674","4","0","0","0","67301","0","0","0","N","0","0","0","3","67508","1","","1.0","144.0","1","","","N","0","","0","0","0","","2","N","0114","2","1","0","0","0","0","0","2","0","2","","03","","N","","","","","","","","","",""
"2022040321","0442","0","0","0","0","0","0","0","0","0","7","0","","67","4","2022","2","39.942637","-75.193441","0436","6","0","0","0","0","0","0","0","0","","0","0","0","04","","2","","7","","39 56:33.493","3","8","75 11:36.386","3","0","0","0","67301","0","0","0","Y","0","0","0","2","68K01","0","","7.0","528.0","1","N","N","N","0","","2","0","1","","0","N","0433","1","2","0","0","0","0","0","2","0","1","","03","","N","","","","","","","","","",""
"2022048213","1952","0","0","0","0","0","0","0","0","0","7","0","","67","5","2022","7","39.957105","-75.152447","1942","6","0","0","0","0","0","0","0","0","","0","0","0","19","","0","N","0","","39 57:25.578","4","0","75 09:08.808","0","0","0","0","67301","0","0","0","N","0","0","0","1","68K01","0","","2.0","1955.0","9","N","N","N","0","","0","0","1","","0","N","1940","1","0","0","0","0","0","0","2","0","1","","03","","N","","","","","","","","","",""
"2022043903","0040","3","0","0","0","0","0","0","0","0","4","0","","67","5","2022","1","40.054763","-75.176857","0038","6","0","0","0","0","0","0","0","0","","0","0","0","00","","1","N","0","","40 03:17.146","","0","75 10:36.684","3","0","0","0","67301","0","0","0","N","0","0","0","2","67301","0","","1.0","","1","N","N","Y","0","","1","0","0","","0","","0030","3","1","0","0","0","0","1","2","0","3","","","","N","","","","","","","","","",""
"2022020703","2000","1","0","0","0","0","0","0","0","0","4","0","","67","2","2022","5","39.97756","-75.210906","2000","6","0","0","0","0","0","1","0","0","","0","0","0","16","","1","","1","","39 58:39.216","","0","75 12:39.261","8","0","0","0","67301","0","0","0","N","0","0","0","2","67301","0","","1.0","","1","N","N","N","0","","0","0","1","","3","","1600","2","1","0","0","0","1","1","2","0","2","","","","N","","","","","","","","","",""
"2022030050","1505","2","0","0","0","0","0","0","0","0","4","0","","67","3","2022","4","40.000028","-75.153266","1505","6","0","0","0","0","0","0","0","0","","0","0","0","15","","1","","1","","40 00:00.101","","0","75 09:11.759","4","0","0","0","67301","0","0","0","N","0","0","0","3","67301","1","","1.0","","99","N","N","N","0","","0","0","0","","2","","1534","3","1","3","0","0","0","2","2","1","3","","","","N","","","","","","","","","",""
"2022030435","1713","1","0","0","0","0","0","0","0","0","8","0","","67","3","2022","1","40.031278","-75.124322","1659","6","0","0","0","0","0","0","0","0","","0","0","0","11","","1","N","0","","40 01:52.600","","0","75 07:27.560","2","0","0","0","67301","1","0","1","N","1","0","1","2","67301","0","","1.0","","1","N","N","N","0","","0","1","0","","0","","1135","2","1","0","0","0","0","0","2","0","1","","","","N","","","","","","","","","",""
"2022044011","0004","2","0","0","0","0","0","0","0","0","5","0","","67","2","2022","1","39.995103","-75.101869","0001","6","0","0","0","0","0","1","0","0","","0","0","0","00","","1","N","0","","39 59:42.370","","0","75 06:06.730","3","0","0","0","67301","0","0","0","N","0","0","0","1","67301","0","","6.0","","9","N","N","N","0","","1","0","3","","0","","0001","5","1","0","0","0","0","0","2","0","5","","04","","N","","","","","","","","","",""
"2022033734","2135","1","0","0","0","0","0","0","0","0","7","0","","67","4","2022","6","39.957759","-75.161007","2135","6","0","0","0","0","0","0","0","0","","0","0","0","21","","0","N","0","","39 57:27.934","4","0","75 09:39.625","0","0","0","0","67301","0","0","0","N","0","0","0","1","68T07","0","","3.0","2200.0","1","N","N","N","0","","0","0","0","","0","N","2135","1","0","1","0","0","0","0","2","0","1","","","","N","","","","","","","","","",""
"2022043967","0737","2","0","0","0","0","0","0","0","0","4","0","","67","3","2022","4","39.955058","-75.229782","0737","6","0","0","0","0","0","0","0","0","","0","0","0","07","","2","","1","","39 57:18.208","","0","75 13:47.215","3","0","0","0","67301","0","0","0","N","0","0","0","3","67301","0","","1.0","","1","N","N","N","0","","2","0","2","","2","","0737","4","2","0","0","0","0","0","2","0","4","","03","","N","","","","","","","","","",""
"2022029771","1529","2","0","0","0","0","0","0","0","0","4","0","","67","3","2022","4","40.058751","-75.050583","1529","6","0","0","0","0","0","2","0","0","","0","0","0","15","","1","","1","","40 03:31.504","","0","75 03:02.099","8","0","0","0","67301","0","0","0","N","0","0","0","3","67301","0","","1.0","","9","N","N","N","0","","0","0","1","","3","","1504","3","1","0","0","0","1","0","2","0","3","","04","","N","","","","","","","","","",""
"2022024235","1755","1","0","0","0","0","0","0","0","0","8","0","","67","3","2022","2","39.957205","-75.155489","1753","6","0","0","0","0","0","0","0","0","","0","0","0","23","","1","","1","","39 57:25.938","","3","75 09:19.761","4","0","0","0","67301","1","0","0","N","1","0","0","2","67301","1","","1.0","","1","N","N","N","0","","0","0","0","","2","","2330","2","1","0","0","0","0","0","2","0","1","","03","","N","","","","","","","","","",""
"2022020129","1953","1","0","0","0","0","0","0","0","0","1","0","","67","2","2022","4","39.939469","-75.222703","1953","6","0","0","0","0","0","0","0","0","","0","0","0","19","","0","N","0","","39 56:22.090","","0","75 13:21.730","0","0","0","0","67301","0","0","0","N","0","0","0","1","67301","0","","6.0","","1","N","N","N","0","","0","0","1","","0","","1952","2","0","0","0","0","0","0","2","0","2","","03","","N","","","","","","","","","",""
"2022035393","2005","1","0","0","0","0","0","0","0","0","4","0","","67","4","2022","4","39.977974","-75.152589","2003","6","0","0","0","0","0","1","0","0","","0","0","0","20","","3","","1","","39 58:40.705","","0","75 09:09.321","3","0","0","0","67301","0","0","0","N","0","0","0","4","67505","0","","1.0","","1","N","N","N","0","","3","0","0","","2","","2000","2","3","1","0","0","0","0","2","1","2","","03","","N","","","","","","","","","",""
"2022045946","0249","1","0","0","0","0","0","0","0","0","4","0","","67","5","2022","2","40.030629","-75.166178","0249","6","0","0","0","0","0","2","0","0","","0","0","0","02","","1","","2","","40 01:50.265","","0","75 09:58.242","8","0","0","0","67301","0","0","0","N","0","0","0","2","67301","0","","1.0","","1","N","N","N","1","","0","0","0","","3","","0249","2","1","0","0","0","1","0","2","0","2","","03","","N","","","","","","","","","",""
"2022029242","2220","1","0","0","0","0","0","0","0","0","1","0","","67","3","2022","2","39.976983","-75.171633","2216","6","0","0","0","0","0","0","0","0","","0","0","0","21","","1","N","0","","39 58:37.140","","0","75 10:17.880","3","0","0","1","67301","0","0","0","N","0","0","0","3","67301","0","","6.0","","1","N","N","N","0","","1","0","0","","0","","2129","2","1","0","0","0","0","0","2","0","2","","03","","N","","","","","","","","","",""
"2022043516","0550","0","0","0","0","0","0","0","0","0","7","1","99","67","5","2022","6","39.947708","-75.198621","0544","6","0","0","0","0","0","1","0","0","","0","0","0","05","","0","","2","","39 56:51.748","1","0","75 11:55.037","0","0","0","0","67301","0","0","0","N","0","0","0","1","67504","0","","4.0","650.0","9","N","N","N","0","","0","0","1","","2","N","0544","2","0","0","0","0","0","0","2","0","2","","04","N","Y","8","1","N","N","N","Y","N","N","Y","N"
"2022024351","1933","1","0","0","0","0","0","0","0","0","4","0","","67","3","2022","1","40.059553","-75.052064","1923","6","0","0","0","0","0","0","1","0","","0","0","0","19","","2","","1","","40 03:34.390","1","0","75 03:07.429","3","0","0","0","67301","0","0","0","N","0","0","0","3","67301","0","","1.0","1933.0","1","N","N","N","0","","2","0","1","","2","N","1915","2","2","0","0","0","0","0","2","0","2","","","","N","","","","","","","","","",""
"2022019626","2353","2","0","0","0","0","0","0","0","0","1","0","","67","2","2022","5","39.95075","-75.24125","2348","6","0","0","0","0","0","0","0","0","","0","0","0","22","","0","N","0","","39 57:02.700","2","0","75 14:28.500","0","0","0","0","67301","0","0","0","N","0","0","0","1","67301","0","","6.0","715.0","9","N","N","N","0","","0","0","0","","0","N","2250","3","0","0","0","0","0","0","2","0","3","","07","","N","","","","","","","","","",""
"2022025262","0940","0","0","0","0","0","0","0","0","0","6","0","","67","3","2022","7","40.042519","-75.185681","0937","6","0","0","0","0","0","0","0","0","","0","0","0","08","","0","N","0","","40 02:33.070","","0","75 11:08.450","0","0","0","0","67301","0","0","0","N","0","0","0","1","67301","0","","6.0","","9","N","N","N","1","","0","0","1","","0","","0855","2","0","0","0","0","0","0","2","0","2","","09","","N","","","","","","","","","",""
"2022047631","1151","0","0","0","0","0","0","0","0","0","2","0","","67","5","2022","7","40.05195","-75.179628","1140","6","0","0","0","0","0","0","0","0","","0","0","0","11","","1","","1","","40 03:07.021","","0","75 10:46.660","2","0","0","0","67301","0","0","0","N","0","0","0","2","67301","0","","1.0","","1","N","N","N","0","","0","1","2","","3","","1119","2","1","0","0","0","0","0","2","0","2","","","","N","","","","","","","","","",""
"2022029177","1049","1","0","0","0","0","0","0","0","0","4","0","","67","3","2022","1","40.03408","-75.208414","1049","6","0","0","0","0","0","0","0","0","","0","0","0","10","","0","","2","","40 02:02.689","","0","75 12:30.292","0","0","0","0","67301","0","0","0","N","0","0","0","4","67301","0","","1.0","","1","N","N","N","0","","0","0","1","","2","","1046","2","0","0","0","0","0","0","2","0","2","","03","","N","","","","","","","","","",""
"2022031332","2248","1","0","0","0","0","0","0","0","0","1","0","","67","3","2022","4","39.952054","-75.185946","2238","6","0","0","0","0","0","0","0","0","","0","0","0","22","","1","N","0","","39 57:07.395","","1","75 11:09.404","3","0","0","0","67301","0","0","0","N","0","0","0","2","67301","0","","1.0","","9","N","N","N","0","","1","0","1","","0","","2218","2","1","0","0","0","0","0","2","0","2","","07","","N","","","","","","","","","",""
"2022044019","2345","1","0","0","0","0","0","0","0","0","3","0","","67","3","2022","1","39.991839","-75.109279","2332","6","0","0","0","0","0","0","0","0","","0","0","0","21","","0","N","0","","39 59:30.619","","0","75 06:33.406","0","0","0","0","67301","0","0","0","N","0","0","0","2","67301","0","","6.0","","1","N","N","N","1","","0","0","0","","0","","2130","2","0","0","0","0","0","0","2","0","2","","","","N","","","","","","","","","",""
"2022020136","0415","2","0","0","0","0","0","0","0","0","4","0","","67","2","2022","2","39.951071","-75.165615","0400","6","0","0","0","0","0","0","0","0","","0","0","0","04","","0","","1","","39 57:03.854","","0","75 09:56.214","9","0","0","0","67301","0","0","0","N","0","0","0","2","67301","0","","1.0","","1","N","N","N","0","","0","0","0","","2","","0400","2","0","0","0","0","0","1","2","0","2","","03","","N","","","","","","","","","",""
"2022043872","1645","1","0","0","0","0","0","0","0","0","4","0","","67","4","2022","5","39.93125","-75.226222","1645","6","0","0","0","0","0","0","0","0","","0","0","0","00","","1","N","0","","39 55:52.500","","7","75 13:34.400","8","0","0","0","67301","0","0","0","N","0","0","0","2","67301","0","","1.0","","1","N","N","N","0","","0","0","1","","0","","0004","2","1","0","0","0","1","0","2","0","2","","03","","N","","","","","","","","","",""
"2022029155","1615","0","0","0","0","0","0","0","0","0","5","0","","67","3","2022","4","39.912829","-75.192473","1602","6","0","0","0","0","0","0","0","0","","0","0","0","14","","1","N","0","","39 54:46.183","","0","75 11:32.903","3","0","0","0","67301","0","0","0","N","0","0","0","3","67301","0","","1.0","","1","N","N","N","1","","1","0","1","","0","","1448","2","1","0","0","0","0","0","2","0","2","","","","N","","","","","","","","","",""
"2022047219","1107","1","0","0","0","0","0","0","0","0","6","0","","67","5","2022","2","39.976028","-75.129667","1106","6","0","0","0","0","0","0","0","0","","0","0","0","11","","1","N","0","","39 58:33.700","","0","75 07:46.800","3","0","0","0","67301","0","0","0","N","0","0","0","1","67301","0","","6.0","","1","N","N","N","1","","1","0","2","","0","","1105","4","1","0","0","0","0","0","2","0","4","","04","","N","","","","","","","","","",""
"2022017262","0905","1","0","0","0","0","0","0","0","0","4","0","","67","2","2022","1","39.981602","-75.251065","0905","6","0","0","0","0","0","1","0","0","","0","0","0","11","","1","","1","","39 58:53.767","","0","75 15:03.834","4","0","0","0","67301","0","0","0","N","0","0","0","2","67301","1","","1.0","","1","N","N","N","0","","0","0","1","","2","","1130","2","1","1","0","0","0","1","2","0","2","","03","","N","","","","","","","","","",""
"2022040693","1141","1","0","0","0","0","0","0","0","0","5","1","","67","4","2022","5","39.996192","-75.082915","1136","6","0","0","0","0","0","0","0","0","","0","1","0","11","","1","N","0","","39 59:46.290","2","0","75 04:58.493","8","0","0","0","67301","0","0","0","N","0","0","0","3","68K01","0","","1.0","1200.0","9","N","N","N","0","","0","0","0","","0","N","1136","2","1","0","0","0","1","0","2","0","2","","04","","N","","","","","","","","","",""
"2022043864","1415","0","0","0","0","0","0","0","0","0","8","0","","67","5","2022","2","39.947075","-75.183417","1409","6","0","0","0","0","0","0","0","0","","0","0","0","12","","1","N","0","","39 56:49.470","","0","75 11:00.300","3","0","0","0","67301","1","0","0","N","1","0","0","2","67301","0","","1.0","","1","N","N","N","0","","1","0","1","","0","","1255","2","1","0","0","0","0","0","2","0","1","","","","N","","","","","","","","","",""
"2022043691","0153","1","0","0","0","0","0","0","0","0","5","0","","67","4","2022","1","39.945169","-75.142409","0146","6","0","0","0","0","0","0","0","0","","0","0","0","01","","0","N","0","","39 56:42.609","","0","75 08:32.673","0","0","0","0","67301","0","0","0","N","0","0","0","3","68K01","0","","1.0","","9","N","N","N","0","","0","0","0","","0","","0140","2","0","0","0","0","0","0","2","0","2","","","","N","","","","","","","","","",""
"2022022914","1816","0","0","0","0","0","0","0","0","0","7","0","","67","2","2022","2","39.914444","-75.188667","1816","6","0","0","0","0","0","0","0","0","","0","0","0","18","","1","N","0","","39 54:52.000","4","3","75 11:19.200","3","0","0","0","67301","0","0","0","N","0","0","0","1","67501","0","","3.0","1830.0","1","N","N","N","0","","1","0","0","","0","N","1816","1","1","0","0","0","0","0","2","1","1","","03","","N","","","","","","","","","",""
"2022050954","1706","0","0","0","0","0","0","0","0","0","1","0","","67","5","2022","2","39.981711","-75.101479","1706","6","0","0","0","0","0","1","0","0","","0","0","0","17","","0","N","0","","39 58:54.159","","0","75 06:05.324","0","0","0","0","67301","0","0","0","N","0","0","0","2","68K01","0","","1.0","","1","N","N","N","0","","0","0","2","","0","","1704","2","0","0","0","0","0","0","2","0","2","","","","N","","","","","","","","","",""
"2022044002","1900","2","0","0","0","0","0","0","0","0","4","0","","67","5","2022","6","39.993686","-75.159572","1852","6","0","0","0","0","0","0","0","0","","0","0","0","18","","0","N","0","","39 59:37.270","","0","75 09:34.460","9","0","0","0","67301","0","0","0","N","0","0","0","2","67301","0","","1.0","","9","N","N","N","0","","0","0","0","","0","","1826","2","0","1","0","0","0","1","2","0","2","","04","","N","","","","","","","","","",""
"2022046601","0459","0","0","0","0","0","0","0","0","0","7","0","","67","4","2022","5","39.978396","-75.202353","0449","6","0","0","0","0","0","0","0","0","","0","0","0","04","","1","N","0","","39 58:42.227","4","0","75 12:08.472","8","0","0","0","67301","0","0","0","N","0","0","0","1","68K01","0","","2.0","530.0","1","N","N","N","0","","0","0","1","","0","Y","0441","1","1","0","0","0","1","0","2","0","1","","03","","N","","","","","","","","","",""
"2022038287","0807","0","0","0","0","0","0","0","0","0","1","0","","67","4","2022","2","39.962408","-75.139718","0756","6","0","0","0","0","0","1","0","0","","0","0","0","07","","1","N","0","","39 57:44.669","","0","75 08:22.983","4","0","0","0","67301","0","0","0","N","0","0","0","3","68K01","1","","1.0","","1","N","N","N","1","","0","0","2","","0","","0753","3","1","0","0","0","0","0","2","0","3","","03","","N","","","","","","","","","",""
"2022029971","1520","3","0","0","0","0","0","0","0","0","4","0","","67","3","2022","6","39.924922","-75.164195","1519","6","0","0","0","0","0","0","0","1","","0","0","0","15","","3","","1","","39 55:29.719","","0","75 09:51.102","4","0","0","0","67301","0","0","0","N","0","0","0","3","67301","3","","1.0","","1","N","N","Y","0","","0","0","1","","3","","1515","5","3","0","0","0","0","0","2","1","5","","03","","N","","","","","","","","","",""
"2022043671","0104","0","0","0","0","0","0","0","0","0","5","0","","67","4","2022","6","39.982708","-75.207811","0104","6","0","0","0","0","0","1","0","0","","0","0","0","01","","0","N","0","","39 58:57.747","","0","75 12:28.118","9","0","0","0","67301","0","0","0","N","0","0","0","2","68Z99","0","","1.0","","9","N","N","N","0","","0","0","1","","0","","0103","2","0","1","0","0","0","2","2","0","2","","","","N","","","","","","","","","",""
"2022021304","0038","2","0","0","0","0","0","0","0","0","7","0","","67","2","2022","2","40.02292","-75.148154","0036","6","0","0","0","0","0","0","0","0","","0","0","0","00","","0","","5","","40 01:22.512","1","0","75 08:53.354","0","0","0","0","67301","0","0","0","N","0","0","0","1","67301","0","","3.0","1238.0","1","N","N","N","0","","0","0","0","","2","N","0020","2","0","0","0","0","0","0","2","0","2","","","","N","","","","","","","","","",""
"2022044644","0122","2","0","1","0","0","0","0","0","0","1","0","","67","4","2022","7","39.888843","-75.240657","0114","6","0","0","0","0","0","0","0","0","","0","0","0","01","","2","N","0","","39 53:19.833","1","0","75 14:26.365","2","0","0","0","67301","0","0","0","N","0","0","0","2","68K02","0","","1.0","30.0","1","N","N","N","0","","0","1","0","","0","N","0114","2","2","0","0","0","1","0","2","0","2","","03","","N","","","","","","","","","",""
"2022020747","1350","0","0","0","0","0","0","0","0","0","1","0","","67","2","2022","2","40.0317","-75.102797","1355","6","0","0","0","0","0","0","0","0","","0","0","0","13","","0","N","0","","40 01:54.120","4","0","75 06:10.070","0","0","0","0","67301","0","0","0","N","0","0","0","2","67301","0","","1.0","1430.0","1","N","N","N","0","","0","0","0","","0","N","1300","2","0","0","0","0","0","0","2","2","2","","03","","N","","","","","","","","","",""
"2022019648","0835","2","0","0","0","0","0","0","0","0","5","0","","67","2","2022","1","40.023706","-75.1134","0811","6","0","0","0","0","0","0","0","0","","0","0","0","06","","0","N","0","","40 01:25.340","","0","75 06:48.240","9","0","0","0","67301","0","0","0","N","0","0","0","1","67301","0","","6.0","","1","N","N","N","0","","0","0","2","","0","","0640","4","0","0","0","0","0","1","2","0","4","","03","","N","","","","","","","","","",""
"2022020102","0821","1","0","0","0","0","0","0","0","0","5","0","45","67","2","2022","4","40.012227","-75.059419","0821","6","0","0","0","0","0","0","0","0","","0","0","0","08","","0","N","0","","40 00:44.017","","0","75 03:33.908","0","0","0","0","67301","0","0","0","N","0","0","0","3","68K01","0","","1.0","","1","N","N","N","0","","0","0","1","","0","","0820","3","0","0","0","0","0","0","2","1","3","","","N","Y","4","1","","","N","Y","","","Y","N"
"2022016152","1055","1","0","0","0","0","0","0","0","0","4","0","","67","2","2022","6","39.885164","-75.250086","1055","6","0","0","0","0","0","0","0","0","","0","0","0","08","","1","","2","","39 53:06.592","","0","75 15:00.311","4","0","0","0","67301","0","0","0","N","0","0","0","2","67301","1","","1.0","","99","N","N","N","0","","0","0","1","","1","","0815","2","1","0","0","0","0","1","2","0","2","","03","","N","","","","","","","","","",""
"2022050901","2018","2","0","0","0","0","0","0","0","0","1","0","","67","4","2022","2","39.987539","-75.089635","1947","6","0","0","0","0","0","0","0","0","","0","0","0","19","","1","N","0","","39 59:15.142","1","0","75 05:22.687","4","0","0","0","67301","0","0","0","N","0","0","0","3","68K01","1","","1.0","905.0","8","N","N","Y","0","","0","0","0","","0","Y","1945","3","1","0","0","0","0","0","2","0","2","","","","N","","","","","","","","","",""
"2022039749","1545","1","0","0","0","0","0","0","0","0","1","0","","67","4","2022","4","39.958393","-75.165934","1526","6","0","0","0","1","0","0","0","0","","0","0","0","15","","0","N","0","","39 57:30.216","4","0","75 09:57.361","0","0","0","0","67301","0","0","0","N","0","0","0","2","68K01","0","","1.0","1600.0","1","N","N","N","0","","0","0","1","","0","N","1525","2","0","1","0","0","0","0","2","0","2","","03","","N","","","","","","","","","",""
"2022024251","1735","1","0","0","0","0","0","0","0","0","1","0","","67","3","2022","2","40.020731","-75.040061","1733","6","0","0","0","0","1","1","0","0","","0","0","0","17","","2","","2","","40 01:14.630","2","0","75 02:24.220","4","0","0","0","67301","0","0","0","N","0","0","0","4","67301","1","","1.0","1755.0","9","N","N","N","1","","0","0","2","","2","N","1733","4","2","0","0","0","1","2","2","0","4","","07","","N","","","","","","","","","",""
"2022026881","1504","1","0","0","0","0","0","0","0","0","1","0","","67","3","2022","2","39.997228","-75.081876","1443","6","0","0","0","0","1","1","0","0","","0","0","0","14","","8","N","0","","39 59:50.019","","0","75 04:54.752","3","0","0","0","67301","0","0","0","N","0","0","0","8","68K01","0","","1.0","","1","N","N","N","0","","8","0","2","","0","","1439","3","8","0","0","0","0","0","2","0","3","","","","N","","","","","","","","","",""
"2022029160","0216","2","0","0","0","0","0","0","0","0","5","0","","67","3","2022","7","40.047808","-75.092443","0215","6","0","0","0","0","0","0","0","0","","0","0","0","02","","0","N","0","","40 02:52.109","6","0","75 05:32.794","0","0","0","0","67301","0","0","0","N","0","0","0","1","67301","0","","6.0","245.0","1","N","N","N","0","","0","0","0","","0","Y","0203","2","0","0","0","0","0","0","2","0","2","","","","N","","","","","","","","","",""
"2022043835","1610","1","0","0","0","0","0","0","0","0","4","0","","67","1","2022","4","40.122413","-74.99892","1600","6","0","1","0","0","0","0","0","0","","0","0","0","15","","1","","2","","40 07:20.686","6","0","74 59:56.111","3","0","0","0","67301","0","0","0","N","0","0","0","2","67301","0","","1.0","1640.0","1","N","N","N","0","","1","0","0","","3","N","1555","2","1","0","0","0","0","0","2","1","2","","","","N","","","","","","","","","",""
"2022025638","2110","2","0","0","0","0","0","0","0","0","4","0","","67","3","2022","7","39.975156","-75.188114","2105","6","0","0","0","0","0","1","0","0","","0","0","0","21","","0","","1","","39 58:30.561","4","0","75 11:17.209","0","0","0","0","67301","0","0","0","N","0","0","0","4","67301","0","","1.0","2145.0","1","N","N","N","0","","0","0","1","","2","N","2100","3","0","0","0","0","0","0","2","0","3","","03","","N","","","","","","","","","",""
"2022053012","2104","0","0","0","0","0","0","0","0","0","4","0","","67","5","2022","7","40.069172","-75.007253","2100","6","0","0","0","0","0","0","0","0","","1","0","0","20","","0","","1","","40 04:09.018","7","0","75 00:26.111","1","1","0","1","67301","0","0","0","N","0","0","0","3","67301","0","2","1.0","130.0","1","N","N","N","0","0","0","0","1","","2","Y","2059","2","0","1","0","0","0","0","2","0","2","","03","","N","","","","","","","","","",""
"2022032906","2139","0","0","0","0","0","0","0","0","0","8","0","","67","4","2022","7","39.960444","-75.241079","2136","6","0","0","0","0","0","0","0","0","","0","0","0","21","","1","","1","","39 57:37.599","","0","75 14:27.885","8","0","0","0","67301","1","0","0","N","1","0","0","2","67301","0","","1.0","","1","N","N","N","0","","0","0","0","","2","","2134","2","1","0","0","0","1","1","2","0","1","","03","","N","","","","","","","","","",""
"2022043950","1840","2","0","0","0","0","0","0","0","0","4","0","","67","4","2022","2","39.975211","-75.19497","1815","6","0","0","0","0","0","1","0","0","","0","0","0","18","","0","","1","","39 58:30.761","1","0","75 11:41.892","9","0","0","0","67301","0","0","0","N","0","0","0","6","67301","0","","1.0","2100.0","1","N","N","Y","0","","0","0","2","","2","N","1800","4","0","3","0","0","0","1","2","0","4","","03","","N","","","","","","","","","",""
"2022043971","0241","2","0","0","0","0","0","0","0","0","5","0","","67","4","2022","4","39.960834","-75.244249","0237","6","0","0","0","0","0","0","0","0","","0","0","0","02","","0","N","0","","39 57:39.002","3","0","75 14:39.298","0","0","0","0","67301","0","0","0","N","0","0","0","1","67301","0","","6.0","338.0","1","N","N","N","0","","0","0","1","","0","N","0232","3","0","0","0","0","0","0","2","0","3","","03","","N","","","","","","","","","",""