"CRN","ARRIVAL_TM","AUTOMOBILE_COUNT","BELTED_DEATH_COUNT","BELTED_SUSP_SERIOUS_INJ_COUNT","BICYCLE_COUNT","BICYCLE_DEATH_COUNT","BICYCLE_SUSP_SERIOUS_INJ_COUNT","BUS_COUNT","CHLDPAS_DEATH_COUNT","CHLDPAS_SUSP_SERIOUS_INJ_COUNT","COLLISION_TYPE","COMM_VEH_COUNT","CONS_ZONE_SPD_LIM","COUNTY","CRASH_MONTH","CRASH_YEAR","DAY_OF_WEEK","DEC_LATITUDE","DEC_LONGITUDE","DISPATCH_TM","DISTRICT","DRIVER_COUNT_16YR","DRIVER_COUNT_17YR","DRIVER_COUNT_18YR","DRIVER_COUNT_19YR","DRIVER_COUNT_20YR","DRIVER_COUNT_50_64YR","DRIVER_COUNT_65_74YR","DRIVER_COUNT_75PLUS","EST_HRS_CLOSED","FATAL_COUNT","HEAVY_TRUCK_COUNT","HORSE_BUGGY_COUNT","HOUR_OF_DAY","ILLUMINATION","INJURY_COUNT","INTERSECTION_RELATED","INTERSECT_TYPE","LANE_CLOSED","LATITUDE","LN_CLOSE_DIR","LOCATION_TYPE","LONGITUDE","MAX_SEVERITY_LEVEL","MCYCLE_DEATH_COUNT","MCYCLE_SUSP_SERIOUS_INJ_COUNT","MOTORCYCLE_COUNT","MUNICIPALITY","NONMOTR_COUNT","NONMOTR_DEATH_COUNT","NONMOTR_SUSP_SERIOUS_INJ_COUNT","NTFY_HIWY_MAINT","PED_COUNT","PED_DEATH_COUNT","PED_SUSP_SERIOUS_INJ_COUNT","PERSON_COUNT","POLICE_AGCY","POSSIBLE_INJ_COUNT","RDWY_SURF_TYPE_CD","RELATION_TO_ROAD","ROADWAY_CLEARED","ROAD_CONDITION","SCH_BUS_IND","SCH_ZONE_IND","SECONDARY_CRASH","SMALL_TRUCK_COUNT","SPEC_JURIS_CD","SUSP_MINOR_INJ_COUNT","SUSP_SERIOUS_INJ_COUNT","SUV_COUNT","TCD_FUNC_CD","TCD_TYPE","TFC_DETOUR_IND","TIME_OF_DAY","TOTAL_UNITS","TOT_INJ_COUNT","UNBELTED_OCC_COUNT","UNB_DEATH_COUNT","UNB_SUSP_SERIOUS_INJ_COUNT","UNK_INJ_DEG_COUNT","UNK_INJ_PER_COUNT","URBAN_RURAL","VAN_COUNT","VEHICLE_COUNT","WEATHER1","WEATHER2","WORKERS_PRES","WORK_ZONE_IND","WORK_ZONE_LOC","WORK_ZONE_TYPE","WZ_CLOSE_DETOUR","WZ_FLAGGER","WZ_LAW_OFFCR_IND","WZ_LN_CLOSURE","WZ_MOVING","WZ_OTHER","WZ_SHLDER_MDN","WZ_WORKERS_INJ_KILLED"
"2022038724","0933","1","0","0","0","0","0","0","0","0","8","0","","67","4","2022","2","39.959881","-75.193786","0931","6","0","0","0","0","0","0","0","0","","0","0","0","09","","1","","1","","39 57:35.571","","0","75 11:37.629","3","0","0","0","67301","1","0","0","N","1","0","0","2","67507","0","","1.0","","1","N","N","N","0","","1","0","0","","2","","0925","2","1","0","0","0","0","0","2","0","1","","03","","N","","","","","","","","","",""
"2022043830","1945","1","0","0","0","0","0","0","0","0","8","0","","67","5","2022","4","39.950608","-75.140584","1935","6","0","0","0","0","0","0","0","0","","0","0","0","19","","1","N","0","","39 57:02.190","","7","75 08:26.103","8","0","0","0","67301","1","0","0","N","1","0","0","2","67301","0","","5.0","","1","N","N","N","0","","0","0","0","","0","","1930","2","1","0","0","0","1","0","2","0","1","","03","","N","","","","","","","","","",""
"2022029157","2030","0","0","0","0","0","0","0","0","0","1","0","","67","3","2022","1","40.05011","-75.064241","2022","6","0","0","0","0","0","1","0","0","","0","0","0","20","","1","","1","","40 03:00.396","","0","75 03:51.268","3","0","0","0","67301","0","0","0","N","0","0","0","2","67301","0","","1.0","","1","N","N","N","1","","1","0","1","","2","","2017","2","1","0","0","0","0","0","2","0","2","","","","N","","","","","","","","","",""
"2022025768","0040","1","0","0","0","0","0","0","0","0","1","0","","67","3","2022","7","40.030605","-75.153905","0036","6","0","0","0","0","0","0","0","0","","0","0","0","00","","1","","3","","40 01:50.178","","0","75 09:14.057","3","0","0","0","67301","0","0","0","N","0","0","0","2","67301","0","","1.0","","1","N","N","N","0","","1","0","0","","0","","0032","2","1","0","0","0","0","0","2","1","2","","03","","N","","","","","","","","","",""
"2022035650","1652","4","0","0","0","0","0","0","0","0","5","0","","67","3","2022","1","39.955842","-75.203933","1651","6","0","0","0","0","0","0","0","0","","0","0","0","16","","2","N","0","","39 57:21.031","3","0","75 12:14.159","4","0","0","0","67301","0","0","0","N","0","0","0","3","67504","2","","1.0","1733.0","1","N","N","N","0","","0","0","1","","0","Y","1650","5","2","0","0","0","0","1","2","0","5","","03","","N","","","","","","","","","",""
"2022024382","0024","0","0","0","0","0","0","0","0","0","4","0","","67","3","2022","5","40.043212","-75.227469","0022","6","0","0","0","0","0","0","0","0","","0","0","0","00","","0","","2","","40 02:35.563","","0","75 13:38.889","9","0","0","0","67301","0","0","0","N","0","0","0","1","67301","0","","1.0","","1","N","N","N","0","","0","0","2","","3","","0015","2","0","0","0","0","0","1","2","0","2","","03","","N","","","","","","","","","",""
"2022044112","1620","2","0","0","0","0","0","0","0","0","4","0","","67","4","2022","3","40.002188","-75.152667","1820","6","0","0","0","0","0","1","0","0","","0","0","0","16","","0","N","0","","40 00:07.877","","0","75 09:09.602","0","0","0","0","67301","0","0","0","N","0","0","0","2","67301","0","","1.0","","9","N","N","N","0","","0","0","0","","0","","1600","2","0","0","0","0","0","0","2","0","2","","04","","N","","","","","","","","","",""
"2022020320","0842","2","0","0","0","0","0","0","0","0","1","0","","67","2","2022","5","40.047688","-75.05994","0842","6","0","0","0","0","0","1","0","0","","0","0","0","07","","1","N","0","","40 02:51.675","","0","75 03:35.785","3","0","0","0","67301","0","0","0","N","0","0","0","3","67301","0","","1.0","","1","N","Y","N","0","","1","0","1","","0","","0745","3","1","0","0","0","0","0","2","0","3","","","","N","","","","","","","","","",""
"2022052766","1845","1","0","0","0","0","0","0","0","0","1","0","","67","6","2022","7","40.043883","-75.115592","1845","6","0","0","0","0","0","0","0","0","","0","0","0","17","","1","N","0","","40 02:37.980","","0","75 06:56.132","4","0","0","0","67301","0","0","0","N","0","0","0","2","67301","1","","1.0","","99","N","N","N","0","","0","0","1","","0","","1726","2","1","1","0","0","0","1","2","0","2","","","","N","","","","","","","","","",""
"2022026652","0008","2","0","0","0","0","0","0","0","0","7","0","","67","3","2022","3","39.980539","-75.117901","0005","6","0","0","0","0","0","0","0","0","","0","0","0","23","","0","N","0","","39 58:49.942","2","0","75 07:04.445","0","0","0","0","67301","0","0","0","N","0","0","0","1","67301","0","","4.0","20.0","1","N","N","N","0","","0","0","0","","0","N","2333","2","0","0","0","0","0","0","2","0","2","","03","","N","","","","","","","","","",""
"2022016044","0235","3","0","0","0","0","0","0","0","0","5","0","","67","2","2022","7","40.015477","-75.176697","0220","6","0","0","0","0","0","0","1","0","","0","0","0","02","","3","N","0","","40 00:55.717","1","0","75 10:36.108","3","0","0","0","67301","0","0","0","N","0","0","0","7","67301","0","","1.0","315.0","1","N","N","Y","1","","3","0","1","","0","Y","0207","5","3","0","0","0","0","0","2","0","5","","03","","N","","","","","","","","","",""
"2022021857","0918","3","0","0","0","0","0","0","0","0","4","0","","67","2","2022","5","39.924818","-75.228633","0910","6","0","0","0","0","0","0","0","0","","0","0","0","09","","1","","2","","39 55:29.344","","0","75 13:43.078","3","0","0","0","67301","0","0","0","N","0","0","0","4","67301","0","","1.0","","1","N","N","N","0","","1","0","0","","3","","0900","3","1","0","0","0","0","2","2","0","3","","04","","N","","","","","","","","","",""
"2022047217","0830","1","0","0","0","0","0","1","0","0","4","1","","67","5","2022","4","40.008301","-75.143744","0752","6","0","0","0","0","0","0","0","0","","0","0","0","07","","0","","2","","40 00:29.884","4","0","75 08:37.479","9","0","0","0","67301","0","0","0","N","0","0","0","10","67301","0","","1.0","945.0","1","Y","Y","N","0","","0","0","0","","3","N","0725","2","0","0","0","0","0","8","2","0","2","","03","","N","","","","","","","","","",""
"2022026210","2241","0","0","0","0","0","0","0","0","0","7","0","","67","3","2022","1","40.017642","-75.213286","2240","6","0","0","0","0","0","0","0","0","","0","0","0","22","","0","N","0","","40 01:03.510","2","0","75 12:47.830","0","0","0","0","67301","0","0","0","N","0","0","0","1","67301","0","","5.0","0.0","1","N","N","N","0","","0","0","1","","0","N","2230","1","0","0","0","0","0","0","2","0","1","","","","N","","","","","","","","","",""
"2022037471","0207","2","0","0","0","0","0","0","0","0","1","0","","67","3","2022","1","39.934928","-75.199829","0145","6","0","0","0","0","0","1","0","0","","0","0","0","01","","3","N","0","","39 56:05.741","4","0","75 11:59.385","4","0","0","0","67301","0","0","0","N","0","0","0","4","68K01","3","","1.0","240.0","1","N","N","N","0","","0","0","1","","0","Y","0143","4","3","0","0","0","0","1","2","0","4","","","","N","","","","","","","","","",""
"2022030294","0608","2","0","0","0","0","0","0","0","0","4","0","","67","3","2022","6","39.946891","-75.212674","0608","6","0","0","0","0","1","1","0","0","","0","0","0","06","","0","","1","","39 56:48.807","3","0","75 12:45.628","0","0","0","0","67301","0","0","0","N","0","0","0","2","67301","0","","1.0","645.0","9","N","N","N","0","","0","0","0","","3","N","0608","2","0","1","0","0","0","0","2","0","2","","07","","N","","","","","","","","","",""
"2022069395","0906","2","0","0","0","0","0","0","0","0","1","0","","67","7","2022","3","39.980726","-75.205953","0849","6","0","0","0","0","0","0","0","0","","0","0","0","08","","0","N","0","","39 58:50.612","","0","75 12:21.431","0","0","0","0","67301","0","0","0","N","0","0","0","2","68K01","0","","1.0","","1","N","N","N","0","","0","0","0","","0","","0848","2","0","0","0","0","0","0","2","0","2","","03","","N","","","","","","","","","",""
"2022075775","0305","2","0","0","0","0","0","0","0","0","4","0","","67","8","2022","1","39.956963","-75.225512","0303","6","0","0","0","0","1","0","0","0","","3","0","0","03","","5","","1","","39 57:25.065","7","0","75 13:31.843","1","0","0","0","67301","0","0","0","N","0","0","0","8","67301","0","2","1.0","655.0","1","N","N","N","0","0","0","1","0","","2","Y","0300","2","5","1","1","0","4","0","2","0","2","","","","N","","","","","","","","","",""
"2022072213","1835","1","0","0","0","0","0","0","0","0","8","0","","67","8","2022","5","40.073617","-75.040589","1829","6","0","0","0","0","0","1","0","0","","0","0","0","18","","1","N","0","","40 04:25.020","","0","75 02:26.120","8","0","0","0","67301","1","0","0","N","1","0","0","2","67301","0","","1.0","","1","N","N","N","0","","0","0","0","","0","","1828","2","1","0","0","0","1","0","2","0","1","","03","","N","","","","","","","","","",""
"2022077094","2212","1","0","0","0","0","0","0","0","0","4","0","","67","1","2022","7","40.006004","-75.091851","2205","6","0","0","0","0","0","0","0","0","","0","0","0","22","","2","","5","","40 00:21.613","","0","75 05:30.664","3","0","0","0","67301","0","0","0","N","0","0","0","3","67301","0","","1.0","","2","N","N","N","0","","2","0","1","","2","","2204","2","2","0","0","0","0","0","2","0","2","","","","N","","","","","","","","","",""
"2022073243","1532","0","0","0","0","0","0","0","0","0","7","0","","67","8","2022","7","39.923487","-75.147337","1519","6","0","0","0","0","0","0","0","0","","0","0","0","15","","1","N","0","","39 55:24.553","1","3","75 08:50.414","8","0","0","0","67301","0","0","0","N","0","0","0","1","68K01","0","","3.0","1656.0","1","N","N","N","0","","0","0","1","","0","Y","1517","1","1","1","0","0","1","0","2","0","1","","03","","N","","","","","","","","","",""
"2022021789","1344","1","0","0","0","0","0","0","0","0","1","0","55","67","2","2022","1","39.967469","-75.13264","1327","6","0","0","0","0","0","1","0","0","","0","0","0","13","","1","N","0","","39 58:02.890","2","3","75 07:57.505","8","0","0","0","67301","0","0","0","N","0","0","0","3","68K01","0","","1.0","1335.0","1","N","N","Y","0","","0","0","2","","0","N","1316","3","1","0","0","0","1","1","2","0","3","","","N","Y","5","1","","","N","Y","","","","N"
"2022016357","0152","1","0","0","0","0","0","0","0","0","1","0","","67","2","2022","1","40.056566","-75.04655","0148","6","0","0","0","0","0","0","0","0","","0","0","0","01","","2","","1","","40 03:23.636","1","0","75 02:47.581","3","0","0","0","67301","0","0","0","N","0","0","0","2","67301","1","","1.0","230.0","9","N","N","N","0","","1","0","1","","2","N","0145","2","2","0","0","0","0","0","2","0","2","","09","","N","","","","","","","","","",""
"2022065125","0711","2","0","0","0","0","0","0","0","0","4","0","","67","7","2022","6","40.041834","-75.192133","0648","6","0","0","0","1","0","0","0","0","","0","0","0","05","","1","","1","","40 02:30.603","6","0","75 11:31.679","4","0","0","0","67301","0","0","0","N","0","0","0","2","67301","1","","1.0","300.0","1","N","N","N","0","","0","0","0","","2","Y","0555","2","1","0","0","0","0","0","2","0","2","","","","N","","","","","","","","","",""
"2022027098","1946","1","0","0","0","0","0","0","0","0","6","0","","67","3","2022","5","40.000326","-75.142964","1945","6","0","0","0","0","0","1","0","0","","0","0","0","21","","1","N","0","","40 00:01.173","","0","75 08:34.670","4","0","0","0","67301","0","0","0","N","0","0","0","2","67301","1","","1.0","","1","N","N","N","0","","0","0","0","","0","","2130","2","1","0","0","0","0","0","2","0","2","","03","","N","","","","","","","","","",""
"2022081304","1947","1","0","0","0","0","0","0","0","0","2","0","","67","9","2022","1","40.088452","-75.044039","1942","6","0","0","1","0","0","0","0","0","","0","0","0","19","","1","","1","","40 05:18.426","","0","75 02:38.540","8","0","0","0","67301","0","0","0","N","0","0","0","3","67301","0","","1.0","","1","N","N","N","0","","0","0","0","","2","","1941","2","1","0","0","0","1","2","2","1","2","","","","N","","","","","","","","","",""
"2022068221","0653","1","0","0","0","0","0","0","0","0","0","0","","67","7","2022","6","39.972333","-75.193661","0641","6","0","0","0","0","0","0","0","0","","0","0","0","06","","0","N","0","","39 58:20.397","","0","75 11:37.178","0","0","0","0","67301","0","0","0","N","0","0","0","2","68K01","0","","1.0","","1","N","N","N","1","","0","0","0","","0","","0639","2","0","1","0","0","0","0","2","0","2","","","","N","","","","","","","","","",""
"2022029203","1745","1","0","0","0","0","0","0","0","0","4","0","","67","3","2022","7","39.918286","-75.209044","1745","6","0","0","0","0","0","0","0","0","","0","0","0","03","","2","","2","","39 55:05.829","","0","75 12:32.558","3","0","0","0","67301","0","0","0","N","0","0","0","3","67301","0","","1.0","","1","N","N","N","0","","2","0","1","","2","","0300","2","2","3","0","0","0","0","2","0","2","","03","","N","","","","","","","","","",""
"2022076916","1225","1","0","0","0","0","0","0","0","0","1","1","","67","8","2022","2","39.943355","-75.165509","1222","6","0","0","0","0","0","1","0","0","","0","1","0","12","","2","N","0","","39 56:36.078","1","0","75 09:55.834","3","0","0","0","67301","0","0","0","N","0","0","0","2","67301","0","","6.0","1355.0","1","N","N","N","0","","2","0","0","","0","N","1222","2","2","1","0","0","0","0","2","0","2","","","","N","","","","","","","","","",""
"2022065450","1522","1","0","0","0","0","0","0","0","0","1","0","","67","7","2022","7","40.035247","-75.108006","1521","6","0","0","0","0","0","0","0","0","","0","0","0","15","","2","N","0","","40 02:06.890","","0","75 06:28.820","4","0","0","0","67301","0","0","0","N","0","0","0","2","67301","1","","6.0","","1","N","N","N","0","","0","0","1","","0","","1521","2","2","1","0","0","1","0","2","0","2","","","","N","","","","","","","","","",""
"2022032937","1125","1","0","0","0","0","0","0","0","0","4","0","","67","3","2022","3","40.027055","-75.142657","1125","6","0","0","0","0","0","0","1","0","","0","0","0","09","","1","","1","","40 01:37.397","","0","75 08:33.565","4","0","0","0","67301","0","0","0","N","0","0","0","2","67301","1","","1.0","","99","N","N","N","0","","0","0","1","","3","","0912","2","1","2","0","0","0","1","2","0","2","","","","N","","","","","","","","","",""
"2022024234","2149","2","0","0","0","0","0","0","0","0","4","0","","67","3","2022","7","39.962336","-75.161346","2149","6","0","0","0","0","0","0","0","0","","0","0","0","21","","5","","1","","39 57:44.409","","0","75 09:40.847","3","0","0","0","67301","0","0","0","N","0","0","0","8","67301","1","","1.0","","1","N","N","N","0","","4","0","1","","2","","2145","3","5","7","0","0","0","1","2","0","3","","03","","N","","","","","","","","","",""
"2022053020","1048","0","0","0","0","0","0","1","0","0","1","1","","67","6","2022","2","39.963295","-75.161271","1021","6","0","0","0","0","0","0","0","0","","0","0","0","10","","1","N","0","","39 57:47.862","2","0","75 09:40.575","8","0","0","0","67301","0","0","0","N","0","0","0","1","67301","0","","1.0","1200.0","1","Y","N","N","1","","0","0","0","","0","N","1014","2","1","0","0","0","1","0","2","0","2","","03","","N","","","","","","","","","",""
"2022074209","1902","3","0","0","0","0","0","0","0","0","5","0","","67","8","2022","2","39.955872","-75.216679","1901","6","0","0","0","0","0","0","0","0","","0","0","0","18","","1","N","0","","39 57:21.138","4","0","75 13:00.045","8","0","0","0","67301","0","0","0","N","0","0","0","4","67301","0","","1.0","2000.0","1","N","N","Y","0","","0","0","2","","0","N","1853","5","1","0","0","0","1","3","2","0","5","","","","N","","","","","","","","","",""
"2022069973","1320","2","0","0","0","0","0","0","0","0","4","0","","67","7","2022","2","39.942392","-75.228654","1316","6","0","0","0","0","0","0","0","0","","0","0","0","13","","3","","1","","39 56:32.611","","0","75 13:43.154","8","0","0","0","67301","0","0","0","N","0","0","0","3","67301","0","","1.0","","1","N","N","N","0","","0","0","0","","3","","1310","2","3","2","0","0","3","0","2","0","2","","03","","N","","","","","","","","","",""
"2022073953","0830","0","0","0","0","0","0","0","0","0","8","0","","67","8","2022","6","39.92735","-75.153989","0830","6","0","0","0","0","0","0","0","0","","0","0","0","15","","1","","1","","39 55:38.461","","0","75 09:14.361","3","0","0","0","67301","1","0","0","N","1","0","0","2","67301","0","","1.0","","1","N","N","N","0","","1","0","1","","3","","1530","2","1","0","0","0","0","0","2","0","1","","03","","N","","","","","","","","","",""
"2022070580","1545","4","0","0","0","0","0","0","0","0","2","0","","67","7","2022","7","39.964636","-75.227736","1540","6","0","0","0","0","0","0","0","0","","0","0","0","15","","0","N","0","","39 57:52.690","","0","75 13:39.850","0","0","0","0","67301","0","0","0","N","0","0","0","2","67301","0","","1.0","","1","N","N","N","0","","0","0","0","","0","","1530","5","0","0","0","0","0","0","2","1","5","","03","","N","","","","","","","","","",""
"2022068568","0718","0","0","0","0","0","0","0","0","0","1","0","","67","7","2022","6","39.891942","-75.241906","0713","6","0","0","0","0","0","0","1","1","","0","0","0","06","","0","","2","","39 53:30.990","","0","75 14:30.862","0","0","0","0","67301","0","0","0","N","0","0","0","2","67301","0","","1.0","","1","N","N","N","1","","0","0","1","","4","","0620","2","0","0","0","0","0","0","2","0","2","","03","","N","","","","","","","","","",""
"2022072264","1133","0","0","0","0","0","0","0","0","0","4","0","","67","8","2022","2","39.980789","-75.185501","1133","6","0","0","0","0","0","0","1","0","","0","0","0","11","","0","","5","","39 58:50.840","","0","75 11:07.803","0","0","0","1","67301","0","0","0","N","0","0","0","2","67301","0","","1.0","","1","N","N","N","0","","0","0","1","","2","","1128","2","0","0","0","0","0","0","2","0","2","","04","","N","","","","","","","","","",""
"2022050603","1354","4","0","0","0","0","0","0","0","0","2","0","","67","5","2022","3","40.062754","-75.05766","1354","6","0","0","0","0","0","0","0","1","","0","0","0","13","","2","","1","","40 03:45.914","","0","75 03:27.576","3","0","0","0","67301","0","0","0","N","0","0","0","4","67301","0","","1.0","","1","N","N","N","0","","1","0","0","","3","","1354","4","2","4","0","0","1","1","2","0","4","","03","","N","","","","","","","","","",""
"2022038848","0721","2","0","0","0","0","0","0","0","0","1","0","","67","4","2022","6","39.965856","-75.186376","0721","6","0","0","1","0","0","0","0","0","","0","0","0","06","","0","N","0","","39 57:57.082","","0","75 11:10.955","0","0","0","0","67301","0","0","0","N","0","0","0","2","68M05","0","","1.0","","1","N","N","N","0","","0","0","0","","0","","0639","2","0","0","0","0","0","0","2","0","2","","03","","N","","","","","","","","","",""
"2022024250","1659","1","0","0","0","0","0","0","0","0","4","0","","67","3","2022","6","40.027588","-75.087103","1659","6","0","0","0","0","0","1","0","0","","0","0","0","15","","1","","1","","40 01:39.316","","0","75 05:13.570","3","0","0","0","67301","0","0","0","N","0","0","0","2","67301","0","","1.0","","1","N","N","N","1","","1","0","0","","3","","1548","2","1","2","0","0","0","0","2","0","2","","03","","N","","","","","","","","","",""
"2022044015","0619","0","0","0","1","0","0","0","0","0","8","0","","67","3","2022","6","40.005516","-75.105344","0615","6","0","0","0","0","0","0","0","0","","0","0","0","06","","1","","1","","40 00:19.857","","0","75 06:19.237","3","0","0","0","67301","1","0","0","N","0","0","0","2","67301","0","","1.0","","1","N","N","N","0","","1","0","1","","2","","0610","2","1","1","0","0","0","0","2","0","1","","03","","N","","","","","","","","","",""
"2022015584","2123","2","0","0","0","0","0","0","0","0","1","0","","67","2","2022","2","40.02657","-75.150791","2123","6","0","0","1","0","0","0","0","0","","0","0","0","20","","1","","5","","40 01:35.652","","0","75 09:02.847","8","0","0","0","67301","0","0","0","N","0","0","0","3","67301","0","","1.0","","1","N","N","Y","0","","0","0","0","","2","","2000","3","1","0","0","0","1","2","2","0","3","","03","","N","","","","","","","","","",""
"2022068584","2040","2","0","0","0","0","0","0","0","0","4","0","","67","7","2022","2","40.013473","-75.069082","2040","6","0","0","0","0","1","0","0","0","","0","0","0","20","","1","","1","","40 00:48.504","","0","75 04:08.695","3","0","0","0","67301","0","0","0","N","0","0","0","3","67301","0","","1.0","","1","N","N","N","0","","1","0","0","","0","","2040","2","1","0","0","0","0","0","2","0","2","","","","N","","","","","","","","","",""
"2022029997","0112","1","0","0","0","0","0","0","0","0","1","0","","67","3","2022","1","39.942428","-75.150633","0110","6","0","0","0","0","0","0","0","0","","0","0","0","01","","2","N","0","","39 56:32.740","","0","75 09:02.280","4","0","0","0","67301","0","0","0","N","0","0","0","4","67301","2","","6.0","","9","N","N","Y","0","","0","0","2","","0","","0100","3","2","0","0","0","0","0","2","0","3","","07","","N","","","","","","","","","",""
"2022019651","1910","2","0","0","0","0","0","0","0","0","1","0","","67","2","2022","5","39.989222","-75.140828","1859","6","0","0","0","0","0","0","0","0","","0","0","0","18","","0","N","0","","39 59:21.200","","0","75 08:26.980","0","0","0","0","67301","0","0","0","N","0","0","0","1","67301","0","","6.0","","1","N","N","N","0","","0","0","1","","0","","1816","3","0","0","0","0","0","0","2","0","3","","03","","N","","","","","","","","","",""
"2022076741","0422","1","0","0","0","0","0","0","0","0","7","0","","67","8","2022","1","40.091852","-75.047425","0405","6","0","0","0","0","0","0","0","0","","0","0","0","03","","0","","3","","40 05:30.666","","0","75 02:50.731","9","0","0","0","67301","0","0","0","N","0","0","0","1","67301","0","","5.0","","1","N","N","N","0","","0","0","0","","2","","0359","1","0","0","0","0","0","1","2","0","1","","03","","N","","","","","","","","","",""
"2022026843","0425","1","0","0","0","0","0","0","0","0","4","0","","67","3","2022","2","39.921054","-75.224167","0417","6","0","0","0","0","1","0","0","0","","0","0","0","","","11","","1","","39 55:15.795","4","0","75 13:27.001","2","0","0","0","67301","0","0","0","N","0","0","0","12","67301","0","","1.0","100.0","1","N","N","N","0","","10","1","1","","2","N","","3","11","0","0","0","0","0","2","1","3","","03","","N","","","","","","","","","",""
"2022023705","2040","1","0","0","0","0","0","0","0","0","1","0","","67","2","2022","2","40.050365","-75.057572","2035","6","0","0","0","0","0","0","0","0","","0","0","0","","","3","","2","","40 03:01.313","1","7","75 03:27.259","4","0","0","0","67301","0","0","0","N","0","0","0","5","67301","3","","1.0","100.0","1","N","N","N","0","","0","0","2","","0","N","","3","3","0","0","0","0","0","2","0","3","","","","N","","","","","","","","","",""
"2022019595","1545","2","0","0","0","0","0","0","0","0","5","0","","67","2","2022","6","40.0144","-75.064781","1531","6","0","0","0","0","0","1","0","0","","0","0","0","","","1","N","0","","40 00:51.840","","0","75 03:53.210","3","0","0","0","67301","0","0","0","N","0","0","0","1","67301","0","","6.0","","1","N","N","N","0","","1","0","1","","0","","","3","1","0","0","0","0","0","2","0","3","","","","N","","","","","","","","","",""
"2022019616","0050","1","0","0","0","0","0","0","0","0","5","0","","67","2","2022","1","39.969261","-75.214108","0039","6","0","0","0","0","0","0","0","0","","0","0","0","","","1","N","0","","39 58:09.340","","0","75 12:50.790","3","0","0","0","67301","0","0","0","N","0","0","0","2","67301","0","","6.0","","1","N","N","N","0","","1","0","1","","0","","","2","1","0","0","0","0","0","2","0","2","","03","","N","","","","","","","","","",""
"2022076512","1525","3","0","0","0","0","0","0","0","0","7","1","","67","8","2022","1","40.053558","-75.086563","1511","6","0","0","0","0","0","1","0","0","","0","1","0","","","1","N","0","","40 03:12.808","3","0","75 05:11.626","3","0","0","0","67301","0","0","0","N","0","0","0","3","67301","0","","4.0","1700.0","1","N","N","N","0","","1","0","0","","0","Y","","4","1","0","0","0","0","0","2","0","4","","04","","N","","","","","","","","","",""
"2022033151","0100","3","0","0","0","0","0","0","0","0","1","0","","67","3","2022","5","40.025803","-75.181846","1244","6","0","0","0","0","0","0","0","0","","0","0","0","","","0","N","0","","40 01:32.889","","0","75 10:54.647","0","0","0","0","67301","0","0","0","N","0","0","0","1","67301","0","","6.0","","9","N","N","N","0","","0","0","0","","0","","","3","0","0","0","0","0","0","2","0","3","","","","N","","","","","","","","","",""
"2022040207","0645","2","0","0","0","0","0","0","0","0","5","0","","67","4","2022","3","40.007606","-75.201386","0632","6","0","0","0","0","0","0","0","0","","0","0","0","","","0","N","0","","40 00:27.382","","0","75 12:04.991","0","0","0","0","67301","0","0","0","N","0","0","0","2","68K01","0","","1.0","","1","N","N","N","0","","0","0","0","","8","","","2","0","0","0","0","0","0","2","0","2","","","","N","","","","","","","","","",""
"2022068566","0342","1","0","0","0","0","0","0","0","0","1","0","","67","7","2022","5","40.059367","-75.017473","0332","6","0","0","0","0","0","0","0","0","","0","0","0","","","1","N","0","","40 03:33.721","","0","75 01:02.903","8","0","0","0","67301","0","0","0","N","0","0","0","1","67301","0","","6.0","","1","N","N","Y","0","","0","0","4","","0","","","5","1","0","0","0","1","0","2","0","5","","03","","N","","","","","","","","","",""
"2022077868","0803","0","0","0","0","0","0","1","0","0","1","1","","67","8","2022","3","39.951647","-75.182658","0756","6","0","0","0","0","0","2","0","0","","0","0","0","","","1","N","0","","39 57:05.929","3","0","75 10:57.568","3","0","0","0","67301","0","0","0","N","0","0","0","4","68K01","0","","1.0","820.0","1","Y","N","N","0","","1","0","2","","0","N","","3","1","0","0","0","0","0","2","0","3","","","","N","","","","","","","","","",""
"2022065390","1638","1","0","0","0","0","0","0","0","0","4","0","","67","7","2022","6","40.015589","-75.149753","1638","6","0","0","0","0","0","1","0","0","","0","0","0","","","1","","2","","40 00:56.122","","0","75 08:59.111","3","0","0","0","67301","0","0","0","N","0","0","0","2","67301","0","","1.0","","1","N","N","N","0","","1","0","1","","0","","","2","1","0","0","0","0","0","2","0","2","","","","N","","","","","","","","","",""
"2022072231","2120","2","0","0","0","0","0","0","0","0","1","0","","67","8","2022","7","39.918286","-75.209044","2120","6","0","0","0","0","0","0","0","0","","0","0","0","","","2","","2","","39 55:05.829","","0","75 12:32.558","3","0","0","0","67301","0","0","0","N","0","0","0","5","67301","1","","1.0","","1","N","N","N","0","","1","0","1","","2","","","3","2","2","0","0","0","0","2","0","3","","03","","N","","","","","","","","","",""
"2022024168","1307","0","0","0","0","0","0","0","0","0","8","0","","67","3","2022","1","40.037744","-75.047131","1259","6","0","0","0","0","0","0","0","0","","0","0","0","","","1","N","0","","40 02:15.880","","0","75 02:49.670","8","0","0","0","67301","1","0","0","N","1","0","0","2","67301","0","","1.0","","99","N","N","N","0","","0","0","1","","0","","","2","1","0","0","0","1","0","2","0","1","","","","N","","","","","","","","","",""
"2022031436","1612","0","0","0","0","0","0","0","0","0","8","0","","67","3","2022","5","40.064706","-75.154275","1601","6","0","0","0","0","0","0","0","0","","0","0","0","","","1","N","0","","40 03:52.940","","0","75 09:15.390","8","0","0","0","67301","1","0","0","N","1","0","0","2","67301","0","","1.0","","1","N","N","N","0","","0","0","1","","0","","","2","1","0","0","0","1","0","2","0","1","","","","N","","","","","","","","","",""