"CRN","ARRIVAL_TM","AUTOMOBILE_COUNT","BELTED_DEATH_COUNT","BELTED_SUSP_SERIOUS_INJ_COUNT","BICYCLE_COUNT","BICYCLE_DEATH_COUNT","BICYCLE_SUSP_SERIOUS_INJ_COUNT","BUS_COUNT","CHLDPAS_DEATH_COUNT","CHLDPAS_SUSP_SERIOUS_INJ_COUNT","COLLISION_TYPE","COMM_VEH_COUNT","CONS_ZONE_SPD_LIM","COUNTY","CRASH_MONTH","CRASH_YEAR","DAY_OF_WEEK","DEC_LATITUDE","DEC_LONGITUDE","DISPATCH_TM","DISTRICT","DRIVER_COUNT_16YR","DRIVER_COUNT_17YR","DRIVER_COUNT_18YR","DRIVER_COUNT_19YR","DRIVER_COUNT_20YR","DRIVER_COUNT_50_64YR","DRIVER_COUNT_65_74YR","DRIVER_COUNT_75PLUS","EST_HRS_CLOSED","FATAL_COUNT","HEAVY_TRUCK_COUNT","HORSE_BUGGY_COUNT","HOUR_OF_DAY","ILLUMINATION","INJURY_COUNT","INTERSECTION_RELATED","INTERSECT_TYPE","LANE_CLOSED","LATITUDE","LN_CLOSE_DIR","LOCATION_TYPE","LONGITUDE","MAX_SEVERITY_LEVEL","MCYCLE_DEATH_COUNT","MCYCLE_SUSP_SERIOUS_INJ_COUNT","MOTORCYCLE_COUNT","MUNICIPALITY","NONMOTR_COUNT","NONMOTR_DEATH_COUNT","NONMOTR_SUSP_SERIOUS_INJ_COUNT","NTFY_HIWY_MAINT","PED_COUNT","PED_DEATH_COUNT","PED_SUSP_SERIOUS_INJ_COUNT","PERSON_COUNT","POLICE_AGCY","POSSIBLE_INJ_COUNT","RDWY_SURF_TYPE_CD","RELATION_TO_ROAD","ROADWAY_CLEARED","ROAD_CONDITION","SCH_BUS_IND","SCH_ZONE_IND","SECONDARY_CRASH","SMALL_TRUCK_COUNT","SPEC_JURIS_CD","SUSP_MINOR_INJ_COUNT","SUSP_SERIOUS_INJ_COUNT","SUV_COUNT","TCD_FUNC_CD","TCD_TYPE","TFC_DETOUR_IND","TIME_OF_DAY","TOTAL_UNITS","TOT_INJ_COUNT","UNBELTED_OCC_COUNT","UNB_DEATH_COUNT","UNB_SUSP_SERIOUS_INJ_COUNT","UNK_INJ_DEG_COUNT","UNK_INJ_PER_COUNT","URBAN_RURAL","VAN_COUNT","VEHICLE_COUNT","WEATHER1","WEATHER2","WORKERS_PRES","WORK_ZONE_IND","WORK_ZONE_LOC","WORK_ZONE_TYPE","WZ_CLOSE_DETOUR","WZ_FLAGGER","WZ_LAW_OFFCR_IND","WZ_LN_CLOSURE","WZ_MOVING","WZ_OTHER","WZ_SHLDER_MDN","WZ_WORKERS_INJ_KILLED"
"2022045534","1638","2","0","0","0","0","0","0","0","0","4","0","","67","5","2022","7","40.016578","-75.093533","1608","6","0","0","0","0","0","0","0","0","","0","0","0","","","1","N","0","","40 00:59.680","3","0","75 05:36.720","4","0","0","0","67301","0","0","0","N","0","0","0","6","67301","1","","1.0","1705.0","9","N","N","N","0","","0","0","0","","0","Y","","2","1","0","0","0","0","5","2","0","2","","07","","N","","","","","","","","","",""
"2022074185","0827","1","0","0","0","0","0","0","0","0","4","0","","67","8","2022","7","39.96248","-75.216215","0824","6","0","0","0","0","0","0","0","0","","0","0","0","","","2","","1","","39 57:44.928","","0","75 12:58.374","3","0","0","0","67301","0","0","0","N","0","0","0","3","67301","0","","1.0","","1","N","N","N","0","","2","0","1","","2","","","2","2","0","0","0","0","0","2","0","2","","03","","N","","","","","","","","","",""
"2022067462","0915","1","0","0","0","0","0","0","0","0","1","0","","67","7","2022","5","39.979297","-75.108715","0910","6","0","0","0","0","1","1","0","0","","0","0","0","","","2","N","0","","39 58:45.469","2","3","75 06:31.375","3","0","0","0","67301","0","0","0","N","0","0","0","3","68K01","0","","1.0","949.0","1","N","N","N","0","","2","0","0","","0","N","","2","2","2","0","0","0","0","2","1","2","","","","N","","","","","","","","","",""
"2022070219","1550","0","0","0","0","0","0","0","0","0","4","0","","67","7","2022","4","39.959724","-75.235186","1546","6","0","0","0","0","0","1","0","0","","0","0","0","","","1","","1","","39 57:35.007","","0","75 14:06.670","4","0","0","0","67301","0","0","0","N","0","0","0","2","67301","1","","1.0","","1","N","N","N","0","","0","0","3","","2","","","3","1","0","0","0","0","1","2","0","3","","98","","N","","","","","","","","","",""
"2022014173","0212","1","0","0","0","0","0","0","0","0","4","0","","67","2","2022","1","39.951814","-75.184058","0210","6","0","0","0","0","0","0","0","0","","0","0","0","","","1","","2","","39 57:06.529","","3","75 11:02.607","3","0","0","0","67301","0","0","0","N","0","0","0","4","67504","0","","1.0","","1","N","N","N","0","","1","0","1","","2","","","2","1","0","0","0","0","0","2","0","2","","03","","N","","","","","","","","","",""
"2022075347","2217","0","0","0","0","0","0","0","0","0","7","0","","67","8","2022","2","39.966493","-75.135031","2214","6","0","0","0","0","0","0","0","0","","0","0","0","","","0","N","0","","39 57:59.373","1","3","75 08:06.111","0","0","0","0","67301","0","0","0","N","0","0","0","2","68K01","0","","4.0","2250.0","1","N","N","N","1","","0","0","0","","0","N","","1","0","0","0","0","0","0","2","0","1","","03","","N","","","","","","","","","",""
"2022075747","0154","1","0","0","1","0","0","0","0","0","8","0","","67","7","2022","7","39.948494","-75.157391","0151","6","0","0","0","0","0","0","0","0","","0","0","0","","","1","","1","","39 56:54.579","","0","75 09:26.606","3","0","0","0","67301","1","0","0","N","0","0","0","2","67301","0","","1.0","","1","N","N","N","0","","1","0","0","","2","","","2","1","1","0","0","0","0","2","0","1","","03","","N","","","","","","","","","",""
"2022077380","1115","0","0","0","0","0","0","0","0","0","8","1","","67","8","2022","2","39.926383","-75.224379","1100","6","0","0","0","0","0","1","0","0","","0","1","0","","","1","","2","","39 55:34.979","","0","75 13:27.763","4","0","0","0","67301","1","0","0","N","1","0","0","2","67508","1","","1.0","","1","N","N","N","0","","0","0","0","","0","","","2","1","1","0","0","0","1","2","0","1","","03","","N","","","","","","","","","",""
"2022049283","1500","1","0","0","0","0","0","0","0","0","4","0","","67","5","2022","5","40.071026","-75.201044","1554","6","0","0","0","0","0","0","1","1","","0","0","0","","","1","N","0","","40 04:15.692","","0","75 12:03.760","8","0","0","0","67301","0","0","0","N","0","0","0","2","67301","0","","1.0","","1","N","N","N","0","","0","0","1","","0","","","2","1","0","0","0","1","0","2","0","2","","03","","N","","","","","","","","","",""
"2022065056","2330","1","0","0","0","0","0","0","0","0","8","0","","67","7","2022","5","40.071961","-75.039358","2315","6","0","0","0","0","0","0","0","1","","0","0","0","","","1","N","0","","40 04:19.060","","0","75 02:21.690","2","0","0","0","67301","1","0","1","N","1","0","1","2","67301","0","","6.0","","1","N","N","N","0","","0","1","0","","0","","","2","1","0","0","0","0","0","2","0","1","","","","N","","","","","","","","","",""
"2022050867","1758","0","0","0","0","0","0","0","0","0","8","1","","67","5","2022","3","40.050472","-75.154139","1757","6","0","0","0","0","0","0","0","0","","0","1","0","","","1","N","0","","40 03:01.700","","0","75 09:14.900","3","0","0","0","67301","1","0","0","N","1","0","0","2","67301","0","","1.0","","1","N","N","N","1","","1","0","0","","0","","","3","1","1","0","0","0","0","2","0","2","","03","","N","","","","","","","","","",""
"2022078201","1825","3","0","0","0","0","0","0","0","0","1","0","","67","8","2022","6","40.062992","-75.170377","1821","6","0","0","0","0","0","0","0","0","","0","0","0","","","1","N","0","","40 03:46.771","","0","75 10:13.358","3","0","0","0","67301","0","0","0","N","0","0","0","3","67301","0","","1.0","","1","N","N","N","0","","1","0","0","","0","","","3","1","0","0","0","0","0","2","0","3","","03","","N","","","","","","","","","",""
"2022029227","1859","1","0","0","0","0","0","0","0","0","8","0","","67","3","2022","2","39.963167","-75.199643","1858","6","0","0","0","0","0","0","0","0","","0","0","0","","","1","","1","","39 57:47.401","","0","75 11:58.714","4","0","0","0","67301","1","0","0","N","1","0","0","2","67301","1","","1.0","","1","N","N","N","0","","0","0","0","","2","","","2","1","0","0","0","0","0","2","0","1","","03","","N","","","","","","","","","",""
"2022072241","1937","1","0","0","0","0","0","0","0","0","4","0","","67","7","2022","3","40.040258","-75.058429","1935","6","0","0","0","0","0","0","0","0","","0","0","0","","","0","","1","","40 02:24.930","4","0","75 03:30.344","0","0","0","0","67301","0","0","0","N","0","0","0","2","67301","0","","1.0","2001.0","1","N","N","N","1","","0","0","0","","2","N","","2","0","0","0","0","0","0","2","0","2","","03","","N","","","","","","","","","",""
"2022029159","2000","1","0","0","0","0","0","0","0","0","4","0","","67","3","2022","6","40.055077","-75.048496","1952","6","0","1","0","0","0","0","0","0","","0","0","0","","","1","","2","","40 03:18.277","","0","75 02:54.587","3","0","0","0","67301","0","0","0","N","0","0","0","2","67301","0","","1.0","","1","N","N","N","0","","1","0","1","","2","","","2","1","0","0","0","0","0","2","0","2","","","","N","","","","","","","","","",""
"2022065470","2010","2","0","0","0","0","0","0","0","0","4","0","","67","7","2022","7","39.952184","-75.240772","2005","6","0","0","0","0","2","0","0","0","","0","0","0","","","0","","1","","39 57:07.862","","0","75 14:26.779","0","0","0","0","67301","0","0","0","N","0","0","0","2","67301","0","","1.0","","1","N","N","N","0","","0","0","0","","2","","","3","0","0","0","0","0","0","2","1","3","","03","","N","","","","","","","","","",""
"2022077578","2005","2","0","0","0","0","0","0","0","0","2","0","","67","8","2022","3","40.033738","-75.145912","1959","6","0","0","0","0","0","0","0","0","","0","0","0","","","2","","1","","40 02:01.457","","0","75 08:45.282","3","0","0","0","67301","0","0","0","N","0","0","0","2","67301","1","","1.0","","1","N","N","N","0","","1","0","0","","2","","","2","2","0","0","0","0","0","2","0","2","","","","N","","","","","","","","","",""
"2022037176","0943","1","0","0","0","0","0","1","0","0","4","1","","67","3","2022","6","39.939844","-75.211391","0921","6","0","0","0","0","0","2","0","0","","0","0","0","","","1","","1","","39 56:23.438","","0","75 12:41.008","4","0","0","0","67301","0","0","0","N","0","0","0","2","67508","1","","1.0","","1","N","","N","0","","0","0","0","","2","","","2","1","0","0","0","0","0","2","0","2","","03","","N","","","","","","","","","",""
"2022023995","2335","3","0","0","0","0","0","0","0","0","5","0","","67","3","2022","3","40.001572","-75.156231","2330","6","0","0","0","0","0","0","0","0","","0","0","0","","","0","N","0","","40 00:05.660","1","0","75 09:22.430","9","0","0","0","67301","0","0","0","N","0","0","0","2","67301","0","","6.0","100.0","1","N","N","Y","0","","0","0","1","","2","N","","4","0","0","0","0","0","2","2","0","4","","","","N","","","","","","","","","",""
"2022072287","1531","1","0","0","0","0","0","0","0","0","4","0","","67","8","2022","2","40.012976","-75.119388","1531","6","0","0","0","0","0","1","0","0","","0","0","0","","","0","","1","","40 00:46.715","","0","75 07:09.796","0","0","0","0","67301","0","0","0","N","0","0","0","4","67301","0","","1.0","","1","N","N","N","0","","0","0","1","","2","","","2","0","0","0","0","0","0","2","0","2","","03","","N","","","","","","","","","",""
"2022072615","1040","0","0","0","0","0","0","0","0","0","8","0","","67","7","2022","2","39.990448","-75.124311","1029","6","0","0","0","0","0","0","0","0","","0","0","0","","","1","","2","","39 59:25.612","","1","75 07:27.521","2","0","0","0","67301","1","0","1","N","1","0","1","2","67301","0","","1.0","","1","N","N","N","0","","0","1","0","","3","","","2","1","0","0","0","0","0","2","0","1","","","","N","","","","","","","","","",""
"2022066909","1928","1","0","0","0","0","0","0","0","0","1","0","","67","7","2022","3","40.0612","-75.016847","1918","6","0","0","0","0","0","0","0","0","","0","0","0","","","1","N","0","","40 03:40.320","6","0","75 01:00.650","2","0","0","0","67301","1","0","1","N","1","0","1","2","67301","0","","6.0","2000.0","1","N","N","N","1","","0","1","0","","0","N","","3","1","0","0","0","0","0","2","0","2","","03","","N","","","","","","","","","",""
"2022023743","1706","0","0","0","0","0","0","0","0","0","7","0","","67","3","2022","4","40.032769","-75.164725","1703","6","0","0","0","0","0","0","0","0","","0","0","0","","","3","N","0","","40 01:57.970","","0","75 09:53.010","3","0","0","0","67301","0","0","0","N","0","0","0","3","67301","1","","4.0","","1","N","N","N","0","","2","0","1","","0","","","1","3","0","0","0","0","0","2","0","1","","03","","N","","","","","","","","","",""
"2022081012","0846","1","0","0","0","0","0","0","0","0","4","0","","67","6","2022","5","39.956965","-75.235012","0843","6","0","0","0","0","0","0","0","0","","0","0","0","","","1","","1","","39 57:25.074","","0","75 14:06.043","3","0","0","0","67301","0","0","0","N","0","0","0","3","67301","0","","1.0","","1","N","N","N","0","","1","0","1","","3","","","2","1","0","0","0","0","0","2","0","2","","","","N","","","","","","","","","",""
"2022066145","1120","1","0","0","0","0","0","0","0","0","4","0","","67","7","2022","5","39.959696","-75.155849","1115","6","0","0","0","0","0","0","0","0","","0","0","0","","","1","","1","","39 57:34.905","","0","75 09:21.056","8","0","0","0","67301","0","0","0","N","0","0","0","2","67301","0","","1.0","","1","N","N","N","0","","0","0","2","","3","","","3","1","0","0","0","1","0","2","0","3","","03","","N","","","","","","","","","",""
"2022039750","1644","0","0","0","0","0","0","0","0","0","1","1","","67","4","2022","4","39.978825","-75.203263","1629","6","0","0","0","0","0","1","0","0","","0","1","0","","","2","N","0","","39 58:43.769","","0","75 12:11.747","4","0","0","0","67301","0","0","0","N","0","0","0","3","68K01","2","","1.0","","1","N","N","N","0","","0","0","1","","0","","","2","2","0","0","0","0","0","2","0","2","","","","N","","","","","","","","","",""
"2022048726","0111","2","0","0","0","0","0","0","0","0","4","0","","67","5","2022","4","39.980224","-75.157607","0110","6","0","0","0","0","0","0","0","0","","0","0","0","","","0","N","1","","39 58:48.805","5","0","75 09:27.384","9","0","0","0","67301","0","0","0","N","0","0","0","3","67505","0","","1.0","134.0","1","N","N","N","0","","0","0","0","","2","N","","2","0","1","0","0","0","1","2","0","2","","03","","N","","","","","","","","","",""
"2022072245","1906","1","0","0","0","0","0","0","0","0","4","0","","67","8","2022","4","40.02015","-75.041277","1905","6","0","0","0","0","0","0","0","1","","0","0","0","","","0","","3","","40 01:12.541","","0","75 02:28.597","0","0","0","0","67301","0","0","0","N","0","0","0","3","67301","0","","1.0","","1","N","N","N","0","","0","0","1","","4","","","2","0","0","0","0","0","0","2","0","2","","03","","N","","","","","","","","","",""
"2022019596","1830","0","0","0","0","0","0","0","0","0","4","0","","67","2","2022","6","40.031348","-75.084948","1825","6","0","0","0","0","0","1","0","0","","0","0","0","","","0","","1","","40 01:52.852","","0","75 05:05.812","0","0","0","0","67301","0","0","0","N","0","0","0","2","67301","0","","1.0","","1","N","N","N","0","","0","0","1","","2","","","2","0","0","0","0","0","0","2","1","2","","03","","N","","","","","","","","","",""
"2022065455","1642","2","0","0","0","0","0","0","0","0","1","0","","67","7","2022","5","40.020275","-75.054194","1640","6","0","0","0","0","0","0","0","0","","0","0","0","","","0","Y","0","","40 01:12.990","1","0","75 03:15.100","0","0","0","0","67301","0","0","0","N","0","0","0","2","67301","0","","1.0","1940.0","1","N","N","N","0","","0","0","1","","2","N","","3","0","0","0","0","0","0","2","0","3","","","","N","","","","","","","","","",""
"2022070218","2046","1","0","0","0","0","0","0","0","0","4","0","","67","7","2022","7","39.949194","-75.235343","2043","6","0","0","0","1","0","0","0","0","","0","0","0","","","1","","1","","39 56:57.098","","0","75 14:07.234","3","0","0","0","67301","0","0","0","N","0","0","0","2","67301","0","","1.0","","1","N","N","N","0","","1","0","0","","3","","","2","1","0","0","0","0","0","2","0","2","","","","N","","","","","","","","","",""
"2022077690","1845","0","0","0","0","0","0","0","0","0","7","1","","67","8","2022","4","40.000075","-75.189135","1822","6","0","0","0","0","0","0","0","0","","0","1","0","","","0","N","0","","40 00:00.270","4","4","75 11:20.886","0","0","0","0","67301","0","0","0","N","0","0","0","1","67301","0","","5.0","2300.0","1","N","N","N","0","","0","0","0","","8","N","","1","0","0","0","0","0","0","2","0","1","","","","N","","","","","","","","","",""
"2022046792","1515","1","0","0","0","0","0","1","0","0","5","1","","67","4","2022","6","40.032357","-75.072405","1510","6","0","0","0","0","0","0","0","0","","0","0","0","","","1","N","0","","40 01:56.485","","0","75 04:20.659","8","0","0","0","67301","0","0","0","N","0","0","0","2","67508","0","","1.0","","1","N","N","Y","0","","0","0","0","","0","","","2","1","0","0","0","1","0","2","0","2","","03","","N","","","","","","","","","",""
"2022048852","2112","1","0","0","0","0","0","0","0","0","1","0","","67","5","2022","5","40.029937","-75.024075","2102","6","0","0","0","0","0","0","0","0","","1","0","0","","","0","N","0","","40 01:47.773","1","0","75 01:26.670","1","0","0","0","67301","0","0","0","N","0","0","0","2","67301","0","2","1.0","2359.0","1","N","N","N","0","0","0","0","0","","0","N","","2","0","0","0","0","0","0","2","0","2","","","","N","","","","","","","","","",""
"2022066389","0047","2","0","0","0","0","0","0","0","0","1","0","","67","7","2022","1","40.025636","-75.117258","0047","6","0","0","0","0","0","0","0","0","","0","0","0","","","0","N","0","","40 01:32.290","","0","75 07:02.130","9","0","0","0","67301","0","0","0","N","0","0","0","1","67301","0","","6.0","","9","N","N","N","0","","0","0","0","","0","","","3","0","0","0","0","0","1","2","1","3","","","","N","","","","","","","","","",""
"2022059985","","2","0","0","0","0","0","0","0","0","4","0","","67","6","2022","7","39.923833","-75.224936","","6","0","0","0","0","0","0","0","0","","0","0","0","","","2","","1","","39 55:25.798","","0","75 13:29.769","8","0","0","0","67301","0","0","0","N","0","0","0","3","00000","0","","1.0","","1","","","N","0","","0","0","0","","2","","","2","2","0","0","0","2","0","2","0","2","","","","N","","","","","","","","","",""
"2022044113","1933","2","0","0","0","0","0","0","0","0","2","0","","67","4","2022","6","40.016459","-75.170897","1926","6","0","0","0","0","0","1","0","0","","0","0","0","","","3","N","0","","40 00:59.253","5","0","75 10:15.229","3","0","0","0","67301","0","0","0","N","0","0","0","3","67301","0","","1.0","2047.0","1","N","N","N","0","","3","0","0","","2","Y","","2","3","0","0","0","0","0","2","0","2","","03","","N","","","","","","","","","",""
"2022044529","1126","0","0","0","0","0","0","0","0","0","8","0","","67","4","2022","4","39.959658","-75.234658","1125","6","0","0","0","0","0","0","0","0","","0","0","0","","","1","N","0","","39 57:34.769","3","0","75 14:04.767","8","0","0","0","67301","1","0","0","N","1","0","0","2","67301","0","","1.0","1229.0","1","N","N","N","1","","0","0","0","","2","N","","2","1","0","0","0","1","0","2","0","1","","03","","N","","","","","","","","","",""
"2022065352","1530","0","0","0","0","0","0","0","0","0","8","0","","67","7","2022","6","39.948436","-75.235495","1530","6","0","0","0","0","0","0","0","0","","0","0","0","","","1","","1","","39 56:54.369","","0","75 14:07.781","3","0","0","0","67301","1","0","0","N","1","0","0","2","67301","0","","1.0","","1","N","N","N","1","","1","0","0","","2","","","2","1","0","0","0","0","0","2","0","1","","03","","N","","","","","","","","","",""
"2022050095","1254","2","0","0","0","0","0","0","0","0","4","0","","67","5","2022","2","39.977255","-75.158096","1250","6","0","0","0","0","0","0","0","0","","0","0","0","","","1","","1","","39 58:38.118","","0","75 09:29.146","4","0","0","0","67301","0","0","0","N","0","0","0","3","67505","1","","1.0","","1","N","N","N","0","","0","0","0","","2","","","2","1","0","0","0","0","0","2","0","2","","","","N","","","","","","","","","",""
"2022076452","1657","1","0","0","1","0","0","0","0","0","8","0","","67","7","2022","3","39.957694","-75.225355","1657","6","0","0","0","0","0","1","0","0","","0","0","0","","","1","","1","","39 57:27.698","","0","75 13:31.277","3","0","0","0","67301","1","0","0","N","0","0","0","2","67301","0","","1.0","","9","N","N","N","0","","1","0","0","","3","","","2","1","1","0","0","0","0","2","0","1","","07","","N","","","","","","","","","",""
"2022020704","0251","2","0","0","0","0","0","0","0","0","4","0","","67","2","2022","7","39.969513","-75.225371","0246","6","0","0","0","0","0","0","0","0","","0","0","0","","","1","","1","","39 58:10.246","4","0","75 13:31.336","8","0","0","0","67301","0","0","0","N","0","0","0","3","67301","0","","1.0","330.0","1","N","N","N","1","","0","0","0","","2","N","","3","1","0","0","0","1","0","2","0","3","","","","N","","","","","","","","","",""
"2022077072","1902","1","0","0","1","0","0","0","0","0","8","0","","67","4","2022","6","39.952805","-75.192095","1859","6","0","0","0","0","0","0","0","0","","0","0","0","","","1","","1","","39 57:10.097","","0","75 11:31.542","8","0","0","0","67301","1","0","0","N","0","0","0","2","67504","0","","1.0","","1","N","N","N","0","","0","0","0","","2","","","2","1","0","0","0","1","0","2","0","1","","03","","N","","","","","","","","","",""
"2022033152","0340","0","0","0","0","0","0","0","0","0","7","0","","67","4","2022","7","40.018069","-75.168278","0327","6","0","0","0","0","0","0","0","0","","0","0","0","","","1","N","0","","40 01:05.049","","2","75 10:05.801","3","0","0","0","67301","0","0","0","N","0","0","0","1","67301","0","","4.0","","1","N","N","N","0","","1","0","1","","0","","","1","1","0","0","0","0","0","2","0","1","","03","","N","","","","","","","","","",""
"2022045613","0525","1","0","0","0","0","0","0","0","0","7","0","","67","5","2022","1","39.946189","-75.142469","0518","6","0","0","0","0","0","0","0","0","","0","0","0","","","1","N","0","","39 56:46.279","","0","75 08:32.887","3","0","0","0","67301","0","0","0","N","0","0","0","1","68K01","0","","2.0","","9","N","N","N","0","","1","0","0","","0","","","1","1","0","0","0","0","0","2","0","1","","","","N","","","","","","","","","",""
"2022044906","1231","1","0","0","0","0","0","0","0","0","5","1","","67","5","2022","5","39.963118","-75.179174","1230","6","0","0","0","0","0","0","1","0","","0","1","0","","","0","","2","","39 57:47.225","3","0","75 10:45.028","0","0","0","0","67301","0","0","0","N","0","0","0","2","67301","0","","1.0","1340.0","1","N","N","N","0","","0","0","0","","8","N","","2","0","0","0","0","0","0","2","0","2","","03","","N","","","","","","","","","",""
"2022068600","1616","0","0","0","0","0","0","0","0","0","4","0","","67","7","2022","3","40.013933","-75.126681","1616","6","0","0","0","0","0","1","0","0","","0","0","0","","","0","N","0","","40 00:50.160","4","0","75 07:36.050","0","0","0","0","67301","0","0","0","N","0","0","0","3","67301","0","","1.0","1530.0","1","N","N","N","0","","0","0","1","","0","N","","2","0","0","0","0","0","0","2","1","2","","","","N","","","","","","","","","",""
"2022070189","2230","3","0","0","0","0","0","0","0","0","6","0","","67","7","2022","3","39.972272","-75.237861","2213","6","0","0","0","0","1","0","0","0","","0","0","0","","","1","N","0","","39 58:20.180","5","0","75 14:16.300","3","0","0","0","67301","0","0","0","N","0","0","0","3","67301","0","","1.0","2230.0","1","N","N","Y","0","","1","0","1","","0","Y","","4","1","0","0","0","0","0","2","0","4","","03","","N","","","","","","","","","",""
"2022019564","1734","1","0","0","0","0","0","0","0","0","4","0","","67","2","2022","3","39.957398","-75.157071","1728","6","0","0","0","0","0","0","0","0","","0","0","0","","","2","","1","","39 57:26.633","4","0","75 09:25.457","3","0","0","0","67301","0","0","0","N","0","0","0","2","67301","0","","1.0","1820.0","9","N","N","N","0","","2","0","1","","2","Y","","3","2","0","0","0","0","0","2","1","3","","07","","N","","","","","","","","","",""
"2022065280","0045","1","0","0","0","0","0","0","0","0","4","0","","67","7","2022","7","39.980224","-75.157607","0045","6","0","0","0","0","0","0","1","0","","0","0","0","","","0","","1","","39 58:48.805","","0","75 09:27.384","9","0","0","0","67301","0","0","0","N","0","0","0","2","67505","0","","1.0","","1","N","N","N","0","","0","0","1","","2","","","2","0","0","0","0","0","2","2","0","2","","03","","N","","","","","","","","","",""
"2022077187","1523","1","0","0","0","0","0","0","0","0","1","1","","67","8","2022","2","39.984694","-75.095031","1512","6","0","0","0","0","0","1","0","0","","0","1","0","","","0","N","0","","39 59:04.897","","3","75 05:42.111","0","0","0","0","67301","0","0","0","N","0","0","0","3","68K01","0","","1.0","","1","N","N","N","1","","0","0","0","","0","","","3","0","0","0","0","0","0","2","0","3","","03","","N","","","","","","","","","",""
"2022029234","2003","0","0","0","0","0","0","0","0","0","8","0","","67","3","2022","6","39.946928","-75.245933","2001","6","0","0","0","0","0","0","1","0","","0","0","0","","","1","N","0","","39 56:48.940","","0","75 14:45.360","3","0","0","0","67301","1","0","0","N","1","0","0","2","67301","0","","1.0","","1","N","N","N","0","","1","0","1","","0","","","2","1","0","0","0","0","0","2","0","1","","","","N","","","","","","","","","",""
"2022065293","0305","1","0","0","0","0","0","0","0","0","4","0","","67","7","2022","6","40.033837","-75.128124","0257","6","0","0","0","0","0","0","0","0","","0","0","0","","","0","","1","","40 02:01.813","","0","75 07:41.246","0","0","0","0","67301","0","0","0","N","0","0","0","2","67301","0","","1.0","","1","N","N","N","0","","0","0","1","","2","","","2","0","0","0","0","0","0","2","0","2","","03","","N","","","","","","","","","",""
"2022066504","1340","2","0","0","0","0","0","0","0","0","4","0","","67","7","2022","1","39.97229","-75.165853","1325","6","0","0","0","0","0","0","0","0","","0","0","0","","","1","","1","","39 58:20.243","","0","75 09:57.069","4","0","0","0","67301","0","0","0","N","0","0","0","2","67301","1","","1.0","","1","N","N","N","0","","0","0","0","","2","","","2","1","0","0","0","0","0","2","0","2","","03","","N","","","","","","","","","",""
"2022046717","0438","1","0","0","0","0","0","0","0","0","5","0","","67","3","2022","7","39.922962","-75.191238","0416","6","0","0","0","0","0","0","0","0","","0","0","0","","","0","N","0","","39 55:22.663","","2","75 11:28.455","9","0","0","0","67301","0","0","0","N","0","0","0","2","68K01","0","","1.0","","1","N","N","N","0","","0","0","0","","0","","","2","0","0","0","0","0","1","2","0","2","","","","N","","","","","","","","","",""
"2022024495","1634","2","0","0","0","0","0","0","0","0","1","0","","67","3","2022","3","40.03434","-75.183384","1634","6","0","0","0","0","0","0","1","0","","0","0","0","","","1","N","0","","40 02:03.624","","0","75 11:00.182","3","0","0","0","67301","0","0","0","N","0","0","0","3","67301","0","","1.0","","1","N","N","N","0","","1","0","0","","0","","","3","1","0","0","0","0","2","2","0","3","","03","","N","","","","","","","","","",""
"2022070070","1139","1","0","0","0","0","0","0","0","0","5","0","","67","7","2022","6","39.980853","-75.246617","1139","6","0","0","0","0","0","1","0","0","","0","0","0","","","1","","5","","39 58:51.071","","0","75 14:47.820","3","0","0","0","67301","0","0","0","N","0","0","0","2","67301","0","","1.0","","1","N","N","N","1","","1","0","0","","2","","","2","1","0","0","0","0","0","2","0","2","","03","","N","","","","","","","","","",""
"2022076550","2210","3","0","0","0","0","0","0","0","0","4","0","","67","8","2022","1","39.96024","-75.196806","2206","6","0","0","0","0","0","0","0","0","","0","1","0","","","2","","1","","39 57:36.863","6","0","75 11:48.503","3","0","0","0","67301","0","0","0","N","0","0","0","2","67301","0","","1.0","2315.0","1","N","N","N","0","","2","0","1","","2","Y","","5","2","0","0","0","0","0","2","0","5","","03","","N","","","","","","","","","",""
"2022066350","1615","1","0","0","0","0","0","0","0","0","1","0","","67","7","2022","7","39.921264","-75.193813","1609","6","0","0","0","0","0","1","0","0","","0","0","0","","","1","","1","","39 55:16.550","","0","75 11:37.727","3","0","0","0","67301","0","0","0","N","0","0","0","3","67301","0","","1.0","","1","N","N","N","0","","1","0","1","","2","","","2","1","0","0","0","0","0","2","0","2","","","","N","","","","","","","","","",""
"2022077378","0235","0","0","0","0","0","0","0","0","0","8","0","","67","8","2022","1","40.012542","-75.176458","0229","6","0","0","0","0","0","0","0","0","","1","0","0","","","0","N","0","","40 00:45.150","6","0","75 10:35.250","1","0","0","0","67301","1","1","0","N","1","1","0","2","67301","0","2","1.0","400.0","1","N","N","N","0","0","0","0","0","","0","Y","","2","0","0","0","0","0","1","2","0","1","","03","","N","","","","","","","","","",""
"2022072795","2155","2","0","0","0","0","0","0","0","0","1","0","","67","7","2022","6","39.965944","-75.186483","2153","6","0","1","0","0","0","1","1","0","","0","0","0","","","0","N","0","","39 57:57.400","","0","75 11:11.338","0","0","0","0","67301","0","0","0","N","0","0","0","7","68K01","0","","1.0","","1","N","N","N","0","","0","0","1","","0","","","3","0","0","0","0","0","0","2","0","3","","","","N","","","","","","","","","",""