"CRN","ARRIVAL_TM","AUTOMOBILE_COUNT","BELTED_DEATH_COUNT","BELTED_SUSP_SERIOUS_INJ_COUNT","BICYCLE_COUNT","BICYCLE_DEATH_COUNT","BICYCLE_SUSP_SERIOUS_INJ_COUNT","BUS_COUNT","CHLDPAS_DEATH_COUNT","CHLDPAS_SUSP_SERIOUS_INJ_COUNT","COLLISION_TYPE","COMM_VEH_COUNT","CONS_ZONE_SPD_LIM","COUNTY","CRASH_MONTH","CRASH_YEAR","DAY_OF_WEEK","DEC_LATITUDE","DEC_LONGITUDE","DISPATCH_TM","DISTRICT","DRIVER_COUNT_16YR","DRIVER_COUNT_17YR","DRIVER_COUNT_18YR","DRIVER_COUNT_19YR","DRIVER_COUNT_20YR","DRIVER_COUNT_50_64YR","DRIVER_COUNT_65_74YR","DRIVER_COUNT_75PLUS","EST_HRS_CLOSED","FATAL_COUNT","HEAVY_TRUCK_COUNT","HORSE_BUGGY_COUNT","HOUR_OF_DAY","ILLUMINATION","INJURY_COUNT","INTERSECTION_RELATED","INTERSECT_TYPE","LANE_CLOSED","LATITUDE","LN_CLOSE_DIR","LOCATION_TYPE","LONGITUDE","MAX_SEVERITY_LEVEL","MCYCLE_DEATH_COUNT","MCYCLE_SUSP_SERIOUS_INJ_COUNT","MOTORCYCLE_COUNT","MUNICIPALITY","NONMOTR_COUNT","NONMOTR_DEATH_COUNT","NONMOTR_SUSP_SERIOUS_INJ_COUNT","NTFY_HIWY_MAINT","PED_COUNT","PED_DEATH_COUNT","PED_SUSP_SERIOUS_INJ_COUNT","PERSON_COUNT","POLICE_AGCY","POSSIBLE_INJ_COUNT","RDWY_SURF_TYPE_CD","RELATION_TO_ROAD","ROADWAY_CLEARED","ROAD_CONDITION","SCH_BUS_IND","SCH_ZONE_IND","SECONDARY_CRASH","SMALL_TRUCK_COUNT","SPEC_JURIS_CD","SUSP_MINOR_INJ_COUNT","SUSP_SERIOUS_INJ_COUNT","SUV_COUNT","TCD_FUNC_CD","TCD_TYPE","TFC_DETOUR_IND","TIME_OF_DAY","TOTAL_UNITS","TOT_INJ_COUNT","UNBELTED_OCC_COUNT","UNB_DEATH_COUNT","UNB_SUSP_SERIOUS_INJ_COUNT","UNK_INJ_DEG_COUNT","UNK_INJ_PER_COUNT","URBAN_RURAL","VAN_COUNT","VEHICLE_COUNT","WEATHER1","WEATHER2","WORKERS_PRES","WORK_ZONE_IND","WORK_ZONE_LOC","WORK_ZONE_TYPE","WZ_CLOSE_DETOUR","WZ_FLAGGER","WZ_LAW_OFFCR_IND","WZ_LN_CLOSURE","WZ_MOVING","WZ_OTHER","WZ_SHLDER_MDN","WZ_WORKERS_INJ_KILLED"
"2022067630","2343","1","0","0","0","0","0","0","0","0","5","0","","67","7","2022","5","39.905833","-75.133222","2337","6","0","0","0","0","0","0","0","0","","0","0","0","","","0","N","0","","39 54:21.000","3","3","75 07:59.600","9","0","0","0","67301","0","0","0","N","0","0","0","2","67501","0","","1.0","59.0","1","N","N","N","1","","0","0","0","","0","N","","2","0","0","0","0","0","1","2","0","2","","03","","N","","","","","","","","","",""
"2022076294","0507","3","0","0","0","0","0","0","0","0","2","0","","67","8","2022","7","40.031234","-75.066095","0507","6","0","0","0","0","0","0","0","0","","0","0","0","","","0","N","0","","40 01:52.441","3","0","75 03:57.942","0","0","0","0","67301","0","0","0","N","0","0","0","0","67301","0","","1.0","600.0","1","N","N","N","0","","0","0","0","","0","N","","3","0","0","0","0","0","0","2","0","3","","","","N","","","","","","","","","",""
"2022065451","1615","0","0","0","1","0","0","0","0","0","8","0","","67","7","2022","7","39.915079","-75.157406","1610","6","0","0","0","0","0","0","0","0","","0","0","0","","","1","","2","","39 54:54.283","","0","75 09:26.663","3","0","0","0","67301","1","0","0","N","0","0","0","2","67301","0","","1.0","","1","N","N","N","0","","1","0","0","","0","","","2","1","0","0","0","0","0","2","0","1","","04","","N","","","","","","","","","",""
"2022064660","0331","1","0","0","0","0","0","0","0","0","4","0","","67","7","2022","5","40.059453","-75.178505","0325","6","0","0","0","0","0","0","0","0","","0","0","0","","","0","","3","","40 03:34.030","","0","75 10:42.618","0","0","0","0","67301","0","0","0","N","0","0","0","1","67301","0","","1.0","","1","N","N","N","0","","0","0","0","","0","","","2","0","0","0","0","0","0","2","1","2","","03","","N","","","","","","","","","",""
"2022077005","1718","1","0","0","0","0","0","0","0","0","98","0","","67","7","2022","4","39.891658","-75.237569","1647","6","0","0","0","0","0","1","0","0","","0","0","0","","","0","N","0","","39 53:29.970","","0","75 14:15.248","0","0","0","0","67301","0","0","0","N","0","0","0","3","68K01","0","","9.0","","1","N","N","N","1","","0","0","0","","0","","","2","0","0","0","0","0","0","2","0","2","","03","","N","","","","","","","","","",""
"2022065503","2211","1","0","0","0","0","0","0","0","0","4","0","","67","7","2022","6","39.932341","-75.19255","2211","6","0","0","0","0","0","0","0","0","","0","0","0","","","1","","1","","39 55:56.427","","0","75 11:33.179","3","0","0","0","67301","0","0","0","N","0","0","0","2","67301","0","","1.0","","1","N","N","N","0","","1","0","1","","3","","","2","1","0","0","0","0","0","2","0","2","","03","","N","","","","","","","","","",""
"2022067132","0004","1","0","0","0","0","0","0","0","0","7","0","","67","7","2022","4","40.036616","-75.040497","0001","6","0","0","0","0","0","0","0","0","","0","0","0","","","1","N","0","","40 02:11.819","","0","75 02:25.790","3","0","0","0","67301","0","0","0","N","0","0","0","1","67301","0","","4.0","","1","N","N","N","0","","1","0","0","","0","","","1","1","0","0","0","0","0","2","0","1","","03","","N","","","","","","","","","",""
"2022065297","0130","2","0","0","0","0","0","0","0","0","1","0","","67","7","2022","7","40.03176","-75.109056","0126","6","0","0","0","0","0","0","0","0","","0","0","0","","","1","","5","","40 01:54.335","","0","75 06:32.601","3","0","0","0","67301","0","0","0","N","0","0","0","2","67301","0","","1.0","","1","N","N","N","0","","1","0","0","","2","","","2","1","0","0","0","0","0","2","0","2","","03","","N","","","","","","","","","",""
"2022064775","1659","1","0","0","0","0","0","0","0","0","1","0","","67","7","2022","4","39.907389","-75.142222","1658","6","0","0","0","0","0","0","1","0","","0","0","0","","","2","N","0","","39 54:26.600","3","3","75 08:32.000","3","0","0","0","67301","0","0","0","N","0","0","0","8","67501","0","","1.0","1730.0","1","N","N","N","0","","1","0","2","","8","N","","3","2","0","0","0","1","0","2","0","3","","03","","N","","","","","","","","","",""
"2022066425","2158","1","0","0","0","0","0","0","0","0","8","0","","67","7","2022","2","39.963811","-75.220014","2156","6","0","0","0","0","0","0","0","0","","0","0","0","","","3","","5","","39 57:49.719","","0","75 13:12.052","2","0","0","0","67301","3","0","1","N","3","0","1","4","67301","0","","1.0","","9","N","N","N","0","","2","1","0","","3","","","4","3","0","0","0","0","0","2","0","1","","04","","N","","","","","","","","","",""
"2022077255","1952","3","0","0","0","0","0","0","0","0","1","0","","67","7","2022","5","39.958493","-75.167731","1941","6","0","0","0","0","0","0","0","0","","0","0","0","","","1","N","0","","39 57:30.573","3","0","75 10:03.831","8","0","0","0","67301","0","0","0","N","0","0","0","3","68K01","0","","1.0","2020.0","1","N","N","N","0","","0","0","0","","0","N","","3","1","0","0","0","1","0","2","0","3","","","","N","","","","","","","","","",""
"2022060018","","1","0","0","0","0","0","0","0","0","4","0","","67","6","2022","2","39.924094","-75.245492","","6","0","0","0","0","0","0","0","0","","0","0","0","","","3","","1","","39 55:26.737","","0","75 14:43.771","8","0","0","0","67301","0","0","0","N","0","0","0","4","00000","0","","1.0","","1","","","N","0","","0","0","0","","2","","","2","3","0","0","0","3","0","2","0","2","","","","N","","","","","","","","","",""
"2022077736","0825","0","0","0","0","0","0","0","0","0","5","1","","67","7","2022","5","39.963995","-75.161125","0803","6","0","0","0","0","1","0","0","0","","0","1","0","","","1","N","0","","39 57:50.383","","0","75 09:40.051","3","0","0","0","67301","0","0","0","N","0","0","0","2","67301","0","","1.0","","1","N","Y","N","0","","1","0","0","","0","","","2","1","0","0","0","0","0","2","1","2","","03","","N","","","","","","","","","",""
"2022070500","1820","0","0","0","0","0","0","0","0","0","1","0","","67","7","2022","5","39.957178","-75.156638","1803","6","0","0","0","0","0","0","0","0","","0","0","0","","","1","N","0","","39 57:25.842","4","0","75 09:23.898","8","0","0","1","67301","0","0","0","N","0","0","0","2","68K01","0","","1.0","1850.0","1","N","N","N","0","","0","0","1","","0","N","","2","1","0","0","0","1","0","2","0","2","","03","","N","","","","","","","","","",""
"2022068585","1400","1","0","0","0","0","0","0","0","0","1","1","","67","7","2022","4","40.026072","-75.094924","1357","6","0","0","0","0","0","0","0","0","","0","1","0","","","1","","2","","40 01:33.859","","0","75 05:41.726","3","0","0","0","67301","0","0","0","N","0","0","0","2","67301","0","","1.0","","1","N","N","N","0","","1","0","0","","0","","","2","1","0","0","0","0","0","2","0","2","","03","","N","","","","","","","","","",""
"2022065621","1035","0","0","0","1","0","0","0","0","0","8","0","","67","7","2022","5","39.942136","-75.172406","1030","6","0","0","0","0","0","0","0","0","","0","0","0","","","1","N","0","","39 56:31.690","","0","75 10:20.660","8","0","0","0","67301","1","0","0","N","0","0","0","2","67301","0","","1.0","","1","N","N","N","0","","0","0","1","","0","","","2","1","0","0","0","1","1","2","0","1","","03","","N","","","","","","","","","",""
"2022066910","2355","0","0","0","0","0","0","0","0","0","2","0","","67","7","2022","4","40.065267","-75.155186","2345","6","0","0","0","0","0","0","0","0","","0","0","0","","","1","N","0","","40 03:54.960","","0","75 09:18.670","2","0","1","1","67301","0","0","0","N","0","0","0","2","67301","0","","1.0","","1","N","N","N","0","","0","1","0","","0","","","2","1","0","0","0","0","0","2","1","2","","","","N","","","","","","","","","",""
"2022068562","0906","0","0","0","1","0","0","0","0","0","8","0","","67","7","2022","6","39.962708","-75.144631","0904","6","0","0","0","0","0","0","0","0","","0","0","0","","","1","","1","","39 57:45.748","","0","75 08:40.671","3","0","0","0","67301","1","0","0","N","0","0","0","2","67301","0","","1.0","","1","N","N","N","0","","1","0","1","","3","","","2","1","0","0","0","0","0","2","0","1","","03","","N","","","","","","","","","",""
"2022067421","2214","1","0","0","0","0","0","0","0","0","7","0","","67","7","2022","2","39.955757","-75.14834","2214","6","0","0","0","0","0","1","0","0","","0","0","0","","","0","N","0","","39 57:20.725","","2","75 08:54.024","0","0","0","0","67301","0","0","0","N","0","0","0","1","67501","0","","4.0","","9","N","N","N","0","","0","0","0","","8","","","1","0","0","0","0","0","0","2","0","1","","","","N","","","","","","","","","",""
"2022074107","2338","0","0","0","0","0","0","0","0","0","1","0","","67","8","2022","5","40.027218","-75.171009","2333","6","0","0","0","0","0","1","0","0","","0","0","0","","","0","","1","","40 01:37.983","","0","75 10:15.634","9","0","0","0","67301","0","0","0","N","0","0","0","2","67301","0","","1.0","","9","N","N","N","0","","0","0","3","","2","","","3","0","0","0","0","0","1","2","0","3","","07","","N","","","","","","","","","",""
"2022065643","2350","1","0","0","0","0","0","0","0","0","1","0","35","67","7","2022","7","39.953889","-75.139556","2348","6","0","0","0","0","0","0","0","0","","0","0","0","","","1","N","0","","39 57:14.000","4","3","75 08:22.400","2","0","1","1","67301","0","0","0","N","0","0","0","3","67501","0","","1.0","425.0","1","N","N","N","0","","0","1","0","","0","N","","2","1","0","0","0","0","0","2","0","2","","","Y","Y","4","1","","","N","Y","","","","N"
"2022068573","1150","2","0","0","0","0","0","0","0","0","5","0","","67","7","2022","4","40.071816","-75.201658","1147","6","0","0","0","0","0","0","0","0","","0","0","0","","","1","N","0","","40 04:18.539","","0","75 12:05.969","4","0","0","0","67301","0","0","0","N","0","0","0","1","67301","1","","6.0","","1","N","N","N","0","","0","0","1","","0","","","3","1","0","0","0","0","0","2","0","3","","03","","N","","","","","","","","","",""
"2022067145","2024","1","0","0","0","0","0","0","0","0","4","0","","67","7","2022","4","40.014573","-75.156653","2024","6","0","0","0","0","0","1","0","0","","0","0","0","","","1","","1","","40 00:52.463","","0","75 09:23.952","3","0","0","0","67301","0","0","0","N","0","0","0","2","67301","0","","1.0","","1","N","N","N","0","","1","0","1","","2","","","2","1","0","0","0","0","1","2","0","2","","03","","N","","","","","","","","","",""
"2022066227","2027","0","0","0","0","0","0","0","0","0","8","0","","67","7","2022","6","40.015967","-75.073853","2027","6","0","0","0","0","0","0","0","0","","0","0","0","","","1","N","0","","40 00:57.480","","0","75 04:25.870","3","0","0","0","67301","1","0","0","N","1","0","0","2","67301","0","","1.0","","1","N","N","N","0","","1","0","1","","0","","","2","1","0","0","0","0","0","2","0","1","","","","N","","","","","","","","","",""
"2022075996","1220","0","0","0","0","0","0","0","0","0","1","1","","67","8","2022","2","39.891266","-75.222474","1209","6","0","0","0","0","0","0","0","0","","0","1","0","","","0","N","0","","39 53:28.558","1","3","75 13:20.908","0","0","0","0","67301","0","0","0","N","0","0","0","3","68K01","0","","1.0","1245.0","1","N","N","N","1","","0","0","0","","0","N","","3","0","0","0","0","0","0","2","1","3","","","","N","","","","","","","","","",""
"2022064659","0415","2","0","0","0","0","0","0","0","0","2","0","","67","7","2022","5","40.041947","-75.071697","0358","6","0","0","0","0","0","0","0","0","","0","0","0","","","0","N","0","","40 02:31.010","","0","75 04:18.110","0","0","0","0","67301","0","0","0","N","0","0","0","1","67301","0","","6.0","","1","N","N","N","0","","0","0","0","","0","","","2","0","0","0","0","0","0","2","0","2","","03","","N","","","","","","","","","",""
"2022076446","1553","2","0","0","0","0","0","0","0","0","2","0","","67","6","2022","5","39.949169","-75.2414","1551","6","0","0","0","0","0","0","0","0","","0","0","0","","","1","","1","","39 56:57.009","","0","75 14:29.040","3","0","0","0","67301","0","0","0","N","0","0","0","3","67301","0","","1.0","","1","N","N","N","0","","1","0","0","","3","","","2","1","0","0","0","0","0","2","0","2","","03","","N","","","","","","","","","",""
"2022055466","","0","0","0","0","0","0","0","0","0","5","0","","67","6","2022","6","","","","6","0","0","0","0","0","0","0","0","","0","0","0","","","1","N","0","","","","0","","8","0","0","0","67301","0","0","0","N","0","0","0","2","00000","0","","1.0","","1","","","N","0","","0","0","1","","0","","","2","1","0","0","0","1","0","1","0","2","","","","N","","","","","","","","","",""
"2022075808","1010","1","0","0","0","0","0","0","0","0","5","0","","67","8","2022","1","40.031527","-75.14627","1008","6","0","0","0","0","0","0","0","0","","1","0","0","","","0","N","0","","40 01:53.496","","0","75 08:46.571","1","0","0","0","67301","0","0","0","N","0","0","0","1","67301","0","1","6.0","","1","N","N","N","0","0","0","0","1","","2","","","2","0","0","0","0","0","0","2","0","2","","03","","N","","","","","","","","","",""
"2022069440","1138","0","0","0","0","0","0","0","0","0","7","0","","67","7","2022","6","39.976543","-75.158258","1138","6","0","0","0","0","0","0","0","0","","0","0","0","","","0","N","0","","39 58:35.554","1","7","75 09:29.730","0","0","0","0","67301","0","0","0","N","0","0","0","1","67508","0","","3.0","9999.0","1","N","N","N","0","","0","0","1","","3","N","","1","0","0","0","0","0","0","2","0","1","","03","","N","","","","","","","","","",""
"2022065506","1323","1","0","0","0","0","0","0","0","0","5","0","","67","7","2022","1","40.046571","-75.1537","1318","6","0","0","0","1","0","0","0","0","","0","0","0","","","0","","1","","40 02:47.655","","0","75 09:13.319","9","0","0","0","67301","0","0","0","N","0","0","0","2","67301","0","","1.0","","1","N","N","N","0","","0","0","0","","2","","","2","0","0","0","0","0","1","2","1","2","","","","N","","","","","","","","","",""
"2022072207","1925","0","0","0","1","0","0","0","0","0","8","0","","67","8","2022","2","39.945579","-75.165136","1921","6","0","0","0","0","0","0","0","0","","0","0","0","","","1","","1","","39 56:44.085","","0","75 09:54.490","4","0","0","0","67301","1","0","0","N","0","0","0","2","67301","1","","1.0","","1","N","N","N","0","","0","0","0","","2","","","2","1","0","0","0","0","0","2","0","1","","03","","N","","","","","","","","","",""
"2022065353","1955","0","0","0","0","0","0","0","0","0","4","0","","67","7","2022","6","39.957224","-75.247141","1946","6","0","0","0","0","0","0","0","0","","0","0","0","","","1","","2","","39 57:26.006","","0","75 14:49.707","4","0","0","0","67301","0","0","0","N","0","0","0","5","67301","1","","1.0","","1","N","N","N","0","","0","0","2","","0","","","2","1","0","0","0","0","0","2","0","2","","03","","N","","","","","","","","","",""
"2022069455","1610","1","0","0","0","0","0","0","0","0","4","0","","67","7","2022","1","40.011333","-75.106722","1600","6","0","0","0","0","0","1","0","0","","0","0","0","","","4","N","0","","40 00:40.800","","7","75 06:24.200","3","0","0","0","67301","0","0","0","N","0","0","0","4","67301","3","","1.0","","1","N","N","N","0","","1","0","1","","0","","","2","4","4","0","0","0","0","2","0","2","","03","","N","","","","","","","","","",""
"2022073818","2341","1","0","0","0","0","0","0","0","0","4","0","","67","7","2022","7","39.95844","-75.237445","2341","6","0","0","0","0","0","0","0","0","","0","0","0","","","2","","1","","39 57:30.385","","0","75 14:14.802","4","0","0","0","67301","0","0","0","N","0","0","0","3","67301","1","","1.0","","9","N","N","N","0","","0","0","0","","2","","","2","2","1","0","0","1","0","2","0","2","","03","","N","","","","","","","","","",""
"2022066507","0024","0","0","0","0","0","0","0","0","0","5","0","","67","7","2022","4","39.961556","-75.190389","0023","6","0","0","0","0","0","0","0","0","","0","0","0","","","0","N","0","","39 57:41.600","","0","75 11:25.400","9","0","0","0","67301","0","0","0","N","0","0","0","2","67507","0","","6.0","","1","N","N","N","0","","0","0","2","","0","","","2","0","0","0","0","0","1","2","0","2","","","","N","","","","","","","","","",""
"2022066803","0056","0","0","0","0","0","0","0","0","0","7","0","","67","7","2022","2","39.955446","-75.148053","0056","6","0","0","0","0","0","1","0","0","","0","0","0","","","0","N","0","","39 57:19.606","","2","75 08:52.989","0","0","0","0","67301","0","0","0","N","0","0","0","2","67501","0","","4.0","","9","N","N","N","0","","0","0","1","","0","","","1","0","0","0","0","0","0","2","0","1","","","","N","","","","","","","","","",""
"2022070069","1321","1","0","0","0","0","0","0","0","0","4","0","","67","7","2022","5","39.965313","-75.242094","1316","6","0","0","0","0","0","0","0","0","","0","0","0","","","2","","1","","39 57:55.126","","0","75 14:31.538","4","0","0","0","67301","0","0","0","N","0","0","0","2","67301","2","","1.0","","1","N","N","N","1","","0","0","1","","3","","","3","2","0","0","0","0","0","2","0","3","","03","","N","","","","","","","","","",""
"2022065670","0025","3","0","0","0","0","0","0","0","0","1","0","","67","7","2022","2","40.035444","-75.086","0025","6","0","0","0","0","0","0","0","0","","0","0","0","","","0","N","0","","40 02:07.600","","0","75 05:09.600","0","0","0","0","67301","0","0","0","N","0","0","0","1","67301","0","","4.0","","1","N","N","Y","0","","0","0","2","","0","","","6","0","0","0","0","0","0","2","1","6","","03","","N","","","","","","","","","",""
"2022077007","2200","2","0","0","0","0","0","0","0","0","1","0","","67","7","2022","4","39.992391","-75.201224","2154","6","0","0","0","0","0","0","0","0","","0","0","0","","","0","N","0","","39 59:32.606","4","0","75 12:04.405","0","0","0","0","67301","0","0","0","N","0","0","0","2","68K01","0","","1.0","2205.0","1","N","N","N","0","","0","0","0","","0","N","","2","0","0","0","0","0","0","2","0","2","","03","","N","","","","","","","","","",""
"2022076311","1930","1","0","0","0","0","0","0","0","0","8","0","","67","8","2022","4","39.948747","-75.244322","1915","6","0","0","0","0","0","0","0","0","","0","0","0","","","1","N","0","","39 56:55.490","","0","75 14:39.560","3","0","0","0","67301","1","0","0","N","1","0","0","1","67301","0","","1.0","","1","N","N","N","0","","1","0","0","","0","","","2","1","0","0","0","0","0","2","0","1","","03","","N","","","","","","","","","",""
"2022070885","0730","1","0","0","0","0","0","1","0","0","2","1","","67","7","2022","3","40.035931","-75.126612","0709","6","0","0","0","0","0","1","0","0","","0","0","0","","","6","","1","","40 02:09.352","","0","75 07:35.804","4","0","0","0","67301","0","0","0","N","0","0","0","8","67508","6","","1.0","","1","N","N","N","0","","0","0","0","","0","","","2","6","0","0","0","0","0","2","0","2","","03","","N","","","","","","","","","",""
"2022077222","1538","1","0","0","0","0","0","0","0","0","1","0","","67","8","2022","7","39.898963","-75.169148","1532","6","0","0","0","0","0","1","0","0","","0","0","0","","","0","","6","","39 53:56.267","","2","75 10:08.934","0","0","0","0","67301","0","0","0","N","0","0","0","4","68K01","0","","1.0","","1","N","N","N","0","","0","0","0","","0","","","2","0","0","0","0","0","0","2","1","2","","03","","N","","","","","","","","","",""
"2022065391","1820","2","0","0","0","0","0","0","0","0","4","0","","67","7","2022","6","40.01224","-75.150481","1811","6","0","0","0","0","0","0","0","0","","0","0","0","","","1","","1","","40 00:44.064","","0","75 09:01.733","3","0","0","0","67301","0","0","0","N","0","0","0","2","67301","0","","1.0","","1","N","N","N","0","","1","0","0","","0","","","2","1","0","0","0","0","0","2","0","2","","03","","N","","","","","","","","","",""
"2022068550","1630","0","0","0","0","0","0","0","0","0","1","0","","67","7","2022","4","40.053484","-75.054921","1625","6","0","0","0","0","0","0","0","0","","0","0","0","","","1","","1","","40 03:12.544","","0","75 03:17.714","3","0","0","0","67301","0","0","0","N","0","0","0","2","67301","0","","1.0","","1","N","N","N","0","","1","0","2","","2","","","2","1","0","0","0","0","0","2","0","2","","","","N","","","","","","","","","",""
"2022068590","1109","2","0","0","0","0","0","0","0","0","6","0","","67","7","2022","3","39.948342","-75.237519","1022","6","0","0","0","0","0","0","0","0","","0","0","0","","","0","N","0","","39 56:54.030","2","0","75 14:15.070","9","0","0","0","67301","0","0","0","N","0","0","0","1","67301","0","","6.0","1150.0","1","N","N","N","0","","0","0","2","","0","N","","4","0","0","0","0","0","1","2","0","4","","03","","N","","","","","","","","","",""
"2022066939","1145","3","0","0","0","0","0","0","0","0","5","0","","67","7","2022","5","39.977056","-75.154417","0000","6","0","0","0","0","0","0","0","0","","0","0","0","","","0","N","0","","39 58:37.400","","0","75 09:15.900","0","0","0","0","67301","0","0","0","N","0","0","0","1","67505","0","","6.0","","1","N","N","N","0","","0","0","1","","0","","","4","0","0","0","0","0","0","2","0","4","","03","","N","","","","","","","","","",""
"2022065357","1145","1","0","0","0","0","0","0","0","0","8","0","","67","7","2022","6","39.976793","-75.176608","1137","6","0","0","0","0","0","0","0","0","","0","0","0","","","1","","1","","39 58:36.455","","0","75 10:35.789","3","0","0","0","67301","1","0","0","N","1","0","0","2","67301","0","","1.0","","1","N","N","N","0","","1","0","0","","2","","","2","1","0","0","0","0","0","2","0","1","","03","","N","","","","","","","","","",""
"2022077350","2315","0","0","0","0","0","0","1","0","0","5","1","","67","8","2022","1","40.021382","-75.079383","2314","6","0","0","0","0","0","0","0","0","","0","0","0","","","1","","1","","40 01:16.975","","0","75 04:45.778","4","0","0","0","67301","0","0","0","N","0","0","0","3","67508","1","","1.0","","1","N","N","N","0","","0","0","0","","3","","","2","1","0","0","0","0","0","2","0","2","","03","","N","","","","","","","","","",""
"2022066899","1320","2","0","0","0","0","0","0","0","0","5","0","","67","7","2022","4","40.056605","-75.01665","1315","6","0","0","0","0","1","1","0","0","","0","0","0","","","2","N","0","","40 03:23.778","4","0","75 00:59.940","3","0","0","0","67301","0","0","0","N","0","0","0","2","67301","0","","1.0","1425.0","1","N","N","N","0","","1","0","0","","0","N","","2","2","1","0","0","1","0","2","0","2","","03","","N","","","","","","","","","",""
"2022077484","1549","2","0","0","0","0","0","0","0","0","4","0","","67","8","2022","4","40.084474","-75.035357","1546","6","0","0","0","0","0","0","1","0","","0","0","0","","","0","","2","","40 05:04.108","","0","75 02:07.286","0","0","0","0","67301","0","0","0","N","0","0","0","2","67301","0","","1.0","","1","N","N","N","0","","0","0","0","","0","","","2","0","0","0","0","0","0","2","0","2","","03","","N","","","","","","","","","",""
"2022077112","2105","0","0","0","0","0","0","0","0","0","1","0","","67","6","2022","1","39.951876","-75.142843","2101","6","0","0","0","0","0","0","0","0","","0","0","0","","","1","N","0","","39 57:06.753","4","0","75 08:34.234","3","0","0","0","67301","0","0","0","N","0","0","0","1","67301","0","","6.0","2218.0","1","N","N","N","0","","1","0","3","","0","N","","3","1","0","0","0","0","0","2","0","3","","03","","N","","","","","","","","","",""
"2022076253","1540","1","0","0","0","0","0","0","0","0","1","0","","67","4","2022","5","40.009239","-75.204826","1519","6","0","0","0","0","0","0","0","0","","0","0","0","","","0","","7","","40 00:33.260","","2","75 12:17.373","0","0","0","0","67301","0","0","0","N","0","0","0","2","68K01","0","","7.0","","1","N","N","N","0","","0","0","1","","0","","","2","0","0","0","0","0","0","2","0","2","","03","","N","","","","","","","","","",""
"2022076153","1740","0","0","0","0","0","0","0","0","0","8","0","","67","8","2022","4","39.913583","-75.152797","1740","6","0","0","0","0","0","0","0","0","","0","0","0","","","1","N","0","","39 54:48.900","","7","75 09:10.070","3","0","0","0","67301","1","0","0","N","1","0","0","2","67301","0","","1.0","","99","N","N","N","0","","1","0","0","","0","","","2","1","1","0","0","0","0","2","1","1","","03","","N","","","","","","","","","",""
"2022067144","1147","1","0","0","0","0","0","0","0","0","4","0","","67","7","2022","5","40.00768","-75.15158","1147","6","0","0","0","0","0","0","0","0","","0","0","0","","","1","","1","","40 00:27.648","2","0","75 09:05.687","3","0","0","0","67301","0","0","0","N","0","0","0","2","67301","0","","1.0","1300.0","1","N","N","N","0","","1","0","1","","2","N","","2","1","0","0","0","0","0","2","0","2","","03","","N","","","","","","","","","",""
"2022066360","1711","0","0","0","0","0","0","0","0","0","8","0","","67","7","2022","3","39.982889","-75.175454","1710","6","0","0","0","0","0","0","0","0","","0","0","0","","","1","","3","","39 58:58.402","","0","75 10:31.635","3","0","0","0","67301","1","0","0","N","1","0","0","2","67301","0","","1.0","","1","N","N","N","1","","1","0","0","","3","","","2","1","0","0","0","0","0","2","0","1","","03","","N","","","","","","","","","",""
"2022066979","2035","0","0","0","0","0","0","0","0","0","8","0","","67","7","2022","4","39.962856","-75.241242","2032","6","0","0","0","0","0","0","0","0","","0","0","0","","","1","N","0","","39 57:46.280","","0","75 14:28.470","3","0","0","0","67301","1","0","0","N","1","0","0","2","67301","0","","1.0","","1","N","N","N","0","","1","0","0","","0","","","2","1","1","0","0","0","0","2","1","1","","","","N","","","","","","","","","",""
"2022077587","0325","1","0","0","0","0","0","0","0","0","4","0","","67","8","2022","4","40.044597","-75.119422","0325","6","0","0","0","0","0","0","0","0","","0","0","0","","","0","N","0","","40 02:40.550","","0","75 07:09.920","9","0","0","0","67301","0","0","0","N","0","0","0","1","67301","0","","1.0","","1","N","N","N","0","","0","0","1","","0","","","2","0","0","0","0","0","1","2","0","2","","03","","N","","","","","","","","","",""
"2022077408","1245","1","0","0","0","0","0","0","0","0","4","0","","67","8","2022","3","40.100808","-75.007767","1233","6","0","0","0","0","0","0","1","0","","0","0","0","","","0","","2","","40 06:02.907","","0","75 00:27.961","9","0","0","0","67301","0","0","0","N","0","0","0","3","67301","0","","1.0","","1","N","N","N","0","","0","0","1","","2","","","2","0","0","0","0","0","1","2","0","2","","","","N","","","","","","","","","",""
"2022066021","2308","0","0","0","0","0","0","0","0","0","8","0","","67","7","2022","1","39.964512","-75.204522","2308","6","0","0","0","0","0","1","0","0","","0","0","0","","","1","","2","","39 57:52.244","4","0","75 12:16.279","3","0","0","0","67301","1","0","0","N","1","0","0","2","67301","0","","1.0","2345.0","1","N","N","N","0","","1","0","0","","3","N","","2","1","0","0","0","0","0","2","1","1","","","","N","","","","","","","","","",""
"2022065717","2135","1","0","0","0","0","0","0","0","0","5","0","","67","7","2022","1","40.018482","-75.167628","2118","6","0","0","0","0","0","0","0","0","","0","0","0","","","0","N","0","","40 01:06.536","","0","75 10:03.459","0","0","0","0","67301","0","0","0","N","0","0","0","2","67301","0","","1.0","","1","N","N","N","0","","0","0","1","","0","","","2","0","0","0","0","0","0","2","0","2","","03","","N","","","","","","","","","",""