"CRN","ARRIVAL_TM","AUTOMOBILE_COUNT","BELTED_DEATH_COUNT","BELTED_SUSP_SERIOUS_INJ_COUNT","BICYCLE_COUNT","BICYCLE_DEATH_COUNT","BICYCLE_SUSP_SERIOUS_INJ_COUNT","BUS_COUNT","CHLDPAS_DEATH_COUNT","CHLDPAS_SUSP_SERIOUS_INJ_COUNT","COLLISION_TYPE","COMM_VEH_COUNT","CONS_ZONE_SPD_LIM","COUNTY","CRASH_MONTH","CRASH_YEAR","DAY_OF_WEEK","DEC_LATITUDE","DEC_LONGITUDE","DISPATCH_TM","DISTRICT","DRIVER_COUNT_16YR","DRIVER_COUNT_17YR","DRIVER_COUNT_18YR","DRIVER_COUNT_19YR","DRIVER_COUNT_20YR","DRIVER_COUNT_50_64YR","DRIVER_COUNT_65_74YR","DRIVER_COUNT_75PLUS","EST_HRS_CLOSED","FATAL_COUNT","HEAVY_TRUCK_COUNT","HORSE_BUGGY_COUNT","HOUR_OF_DAY","ILLUMINATION","INJURY_COUNT","INTERSECTION_RELATED","INTERSECT_TYPE","LANE_CLOSED","LATITUDE","LN_CLOSE_DIR","LOCATION_TYPE","LONGITUDE","MAX_SEVERITY_LEVEL","MCYCLE_DEATH_COUNT","MCYCLE_SUSP_SERIOUS_INJ_COUNT","MOTORCYCLE_COUNT","MUNICIPALITY","NONMOTR_COUNT","NONMOTR_DEATH_COUNT","NONMOTR_SUSP_SERIOUS_INJ_COUNT","NTFY_HIWY_MAINT","PED_COUNT","PED_DEATH_COUNT","PED_SUSP_SERIOUS_INJ_COUNT","PERSON_COUNT","POLICE_AGCY","POSSIBLE_INJ_COUNT","RDWY_SURF_TYPE_CD","RELATION_TO_ROAD","ROADWAY_CLEARED","ROAD_CONDITION","SCH_BUS_IND","SCH_ZONE_IND","SECONDARY_CRASH","SMALL_TRUCK_COUNT","SPEC_JURIS_CD","SUSP_MINOR_INJ_COUNT","SUSP_SERIOUS_INJ_COUNT","SUV_COUNT","TCD_FUNC_CD","TCD_TYPE","TFC_DETOUR_IND","TIME_OF_DAY","TOTAL_UNITS","TOT_INJ_COUNT","UNBELTED_OCC_COUNT","UNB_DEATH_COUNT","UNB_SUSP_SERIOUS_INJ_COUNT","UNK_INJ_DEG_COUNT","UNK_INJ_PER_COUNT","URBAN_RURAL","VAN_COUNT","VEHICLE_COUNT","WEATHER1","WEATHER2","WORKERS_PRES","WORK_ZONE_IND","WORK_ZONE_LOC","WORK_ZONE_TYPE","WZ_CLOSE_DETOUR","WZ_FLAGGER","WZ_LAW_OFFCR_IND","WZ_LN_CLOSURE","WZ_MOVING","WZ_OTHER","WZ_SHLDER_MDN","WZ_WORKERS_INJ_KILLED"
"2022065502","1810","1","0","0","0","0","0","0","0","0","1","0","","67","7","2022","7","40.06733","-75.240047","1756","6","0","0","0","0","0","1","0","0","","0","0","0","","","2","","2","","40 04:02.389","","0","75 14:24.169","3","0","0","0","67301","0","0","0","N","0","0","0","2","67301","0","","1.0","","1","N","N","N","0","","2","0","1","","0","","","2","2","1","0","0","0","0","2","0","2","","03","","N","","","","","","","","","",""
"2022068817","0402","0","0","0","0","0","0","0","0","0","7","0","","67","7","2022","4","39.993175","-75.186842","0400","6","0","0","0","0","0","0","0","0","","0","0","0","","","0","N","0","","39 59:35.430","","0","75 11:12.630","0","0","0","0","67301","0","0","0","N","0","0","0","1","67301","0","","4.0","","1","N","N","N","0","","0","0","1","","0","","","1","0","0","0","0","0","0","2","0","1","","03","","N","","","","","","","","","",""
"2022081199","1550","0","0","0","0","0","0","0","0","0","2","0","","67","9","2022","1","40.067314","-75.028236","1544","6","0","0","0","0","0","0","1","0","","0","0","0","","","3","","1","","40 04:02.330","","0","75 01:41.648","8","0","0","0","67301","0","0","0","N","0","0","0","5","67301","0","","1.0","","1","N","N","N","0","","0","0","2","","2","","","2","3","0","0","0","3","0","2","0","2","","03","","N","","","","","","","","","",""
"2022066022","1709","1","0","0","0","0","0","0","0","0","4","0","","67","7","2022","1","39.991604","-75.228061","1656","6","0","0","0","0","0","0","2","0","","0","0","0","","","1","","1","","39 59:29.774","","0","75 13:41.019","3","0","0","0","67301","0","0","0","N","0","0","0","3","67301","0","","1.0","","1","N","N","N","0","","1","0","1","","3","","","2","1","0","0","0","0","0","2","0","2","","03","","N","","","","","","","","","",""
"2022066023","1940","1","0","0","0","0","0","0","0","0","4","0","","67","7","2022","1","39.98807","-75.242416","1935","6","0","0","0","0","0","1","0","0","","0","0","0","","","4","","1","","39 59:17.052","","0","75 14:32.697","4","0","0","0","67301","0","0","0","N","0","0","0","5","67301","4","","1.0","","1","N","N","N","0","","0","0","1","","3","","","2","4","0","0","0","0","0","2","0","2","","03","","N","","","","","","","","","",""
"2022077584","0049","0","0","0","1","1","0","0","0","0","8","0","","67","8","2022","2","40.048329","-75.059283","0049","6","0","0","0","0","0","0","0","0","","1","0","0","","","0","N","0","","40 02:53.984","5","0","75 03:33.420","1","0","0","0","67301","1","1","0","N","0","0","0","2","67301","0","2","1.0","110.0","9","N","N","N","0","0","0","0","1","","0","Y","","2","0","0","0","0","0","0","2","0","1","","","","N","","","","","","","","","",""
"2022065798","2119","0","0","0","0","0","0","0","0","0","7","0","","67","7","2022","1","40.075667","-75.233711","2114","6","1","0","0","0","0","0","0","0","","0","0","0","","","1","N","0","","40 04:32.400","7","0","75 14:01.360","3","0","0","0","67301","0","0","0","N","0","0","0","1","67301","0","","4.0","2342.0","1","N","N","N","0","","1","0","1","","0","Y","","1","1","0","0","0","0","0","2","0","1","","03","","N","","","","","","","","","",""
"2022068816","2250","2","0","0","0","0","0","0","0","0","4","0","","67","7","2022","3","39.989343","-75.155473","2250","6","0","0","0","0","0","0","0","0","","0","0","0","","","4","","1","","39 59:21.634","2","0","75 09:19.704","8","0","0","0","67301","0","0","0","N","0","0","0","4","67301","0","","1.0","2310.0","1","N","N","N","0","","0","0","0","","2","N","","2","4","0","0","0","4","0","2","0","2","","03","","N","","","","","","","","","",""
"2022068818","1631","3","0","0","0","0","0","0","0","0","4","0","","67","7","2022","4","39.996295","-75.185362","1627","6","0","0","0","0","0","0","0","0","","0","0","0","","","1","","1","","39 59:46.663","","0","75 11:07.303","3","0","0","0","67301","0","0","0","N","0","0","0","2","67301","0","","1.0","","1","N","N","N","0","","1","0","0","","2","","","3","1","0","0","0","0","0","2","0","3","","03","","N","","","","","","","","","",""
"2022075962","1339","1","0","0","0","0","0","0","0","0","4","1","","67","8","2022","4","39.918056","-75.210188","1338","6","0","0","0","0","0","0","0","0","","0","1","0","","","1","N","0","","39 55:05.001","","7","75 12:36.677","8","0","0","0","67301","0","0","0","N","0","0","0","2","67301","0","","1.0","","1","N","N","N","0","","0","0","0","","0","","","2","1","0","0","0","1","0","2","0","2","","03","","N","","","","","","","","","",""
"2022077124","1741","0","0","0","0","0","0","0","0","0","7","0","","67","8","2022","2","40.068676","-75.067263","1735","6","0","0","0","0","0","0","1","0","","0","0","0","","","0","N","0","","40 04:07.233","","7","75 04:02.147","0","0","0","0","67301","0","0","0","N","0","0","0","1","67301","0","","5.0","","1","N","N","N","0","","0","0","1","","0","","","1","0","0","0","0","0","0","2","0","1","","03","","N","","","","","","","","","",""
"2022077898","1510","1","0","0","0","0","0","0","0","0","4","1","","67","8","2022","5","39.923095","-75.159735","1505","6","0","0","0","0","0","1","0","0","","0","1","0","","","1","","1","","39 55:23.141","","0","75 09:35.045","3","0","0","0","67301","0","0","0","N","0","0","0","2","67301","0","","1.0","","1","N","N","N","0","","1","0","0","","2","","","2","1","0","0","0","0","0","2","0","2","","","","N","","","","","","","","","",""
"2022066185","1305","3","0","0","0","0","0","0","0","0","1","0","","67","7","2022","1","40.002625","-75.148406","1259","6","0","0","0","0","0","0","0","0","","0","0","0","","","1","N","0","","40 00:09.450","","0","75 08:54.260","2","0","0","0","67301","0","0","0","N","0","0","0","1","67301","0","","6.0","","1","N","N","N","0","","0","1","2","","0","","","5","1","0","0","0","0","0","2","0","5","","03","","N","","","","","","","","","",""
"2022076789","2031","1","0","0","0","0","0","0","0","0","4","0","","67","8","2022","1","40.081654","-74.994425","2030","6","0","1","0","0","0","0","0","1","","0","0","0","","","1","","2","","40 04:53.953","","0","74 59:39.931","3","0","0","0","67301","0","0","0","N","0","0","0","3","67301","0","","1.0","","1","N","N","N","0","","1","0","1","","2","","","2","1","0","0","0","0","0","2","0","2","","03","","N","","","","","","","","","",""
"2022077970","0218","0","0","0","0","0","0","0","0","0","7","0","","67","6","2022","4","39.930697","-75.198895","0212","6","0","0","0","0","0","0","0","0","","0","0","0","","","0","N","0","","39 55:50.510","3","0","75 11:56.022","0","0","0","0","67301","0","0","0","N","0","0","0","2","68K01","0","","4.0","240.0","1","N","N","N","1","","0","0","0","","0","N","","1","0","0","0","0","0","0","2","0","1","","03","","N","","","","","","","","","",""
"2022066349","1920","0","0","0","0","0","0","0","0","0","0","0","","67","7","2022","5","39.897408","-75.175532","1900","6","0","0","0","0","0","0","1","0","","0","0","0","","","1","","1","","39 53:50.668","","0","75 10:31.915","3","0","0","1","67301","0","0","0","N","0","0","0","1","67301","0","","1.0","","1","N","N","N","0","","1","0","0","","2","","","1","1","0","0","0","0","0","2","0","1","","03","","N","","","","","","","","","",""
"2022065461","1952","0","0","0","1","0","0","0","0","0","8","0","","67","7","2022","7","40.000166","-75.153236","1944","6","0","0","0","0","0","0","0","0","","0","0","0","","","1","N","0","","40 00:00.598","","0","75 09:11.651","3","0","0","0","67301","1","0","0","N","0","0","0","2","67301","0","","1.0","","1","N","N","N","0","","1","0","1","","0","","","2","1","0","0","0","0","0","2","0","1","","","","N","","","","","","","","","",""
"2022077601","2358","0","0","0","0","0","0","0","0","0","7","0","","67","8","2022","4","40.081203","-75.041637","2352","6","0","0","0","0","0","0","0","0","","0","0","0","","","0","N","0","","40 04:52.330","","0","75 02:29.892","0","0","0","0","67301","0","0","0","N","0","0","0","1","67301","0","","7.0","","1","N","N","N","0","","0","0","1","","0","","","1","0","1","0","0","0","0","2","0","1","","03","","N","","","","","","","","","",""
"2022072477","1936","1","0","0","0","0","0","0","0","0","4","0","","67","8","2022","7","40.020881","-75.1486","1936","6","0","0","0","1","0","0","0","0","","0","0","0","","","1","","2","","40 01:15.173","","0","75 08:54.961","8","0","0","0","67301","0","0","0","N","0","0","0","2","67301","0","","1.0","","1","N","N","N","0","","0","0","1","","0","","","2","1","0","0","0","1","1","2","0","2","","03","","N","","","","","","","","","",""
"2022064954","1705","1","0","0","0","0","0","0","0","0","1","0","","67","7","2022","5","39.8929","-75.244319","1656","6","0","1","0","0","0","0","0","0","","0","0","0","","","1","N","0","","39 53:34.440","","0","75 14:39.550","8","0","0","1","67301","0","0","0","N","0","0","0","2","67301","0","","1.0","","1","N","N","N","0","","0","0","0","","0","","","2","1","0","0","0","1","0","2","0","2","","03","","N","","","","","","","","","",""
"2022062102","","1","0","0","0","0","0","0","0","0","4","0","","67","6","2022","1","39.953431","-75.163827","","6","0","0","0","0","0","1","0","0","","0","0","0","","","1","","3","","39 57:12.352","","0","75 09:49.776","8","0","0","0","67301","0","0","0","N","0","0","0","2","00000","0","","1.0","","1","","","N","0","","0","0","0","","2","","","2","1","0","0","0","1","0","2","0","2","","","","N","","","","","","","","","",""
"2022064438","1145","0","0","0","0","0","0","0","0","0","4","0","","67","7","2022","4","40.00468","-75.152126","1140","6","0","0","0","0","0","1","0","0","","0","0","0","","","2","","1","","40 00:16.847","","0","75 09:07.652","4","0","0","0","67301","0","0","0","N","0","0","0","2","67505","2","","1.0","","1","N","N","N","0","","0","0","1","","2","","","2","2","0","0","0","0","0","2","1","2","","","","N","","","","","","","","","",""
"2022066426","0029","1","0","0","0","0","0","0","0","0","4","0","","67","7","2022","4","39.974629","-75.199199","0006","6","0","0","0","0","0","0","0","0","","0","0","0","","","0","","1","","39 58:28.663","","2","75 11:57.118","9","0","0","0","67301","0","0","0","N","0","0","0","2","67301","0","","1.0","","1","N","N","N","0","","0","0","1","","2","","","2","0","0","0","0","0","1","2","0","2","","03","","N","","","","","","","","","",""
"2022069974","0116","2","0","0","0","0","0","0","0","0","4","0","","67","7","2022","3","39.894612","-75.236717","0114","6","0","0","0","0","0","1","0","0","","0","0","0","","","2","","1","","39 53:40.603","","0","75 14:12.181","3","0","0","0","67301","0","0","0","N","0","0","0","3","67301","0","","1.0","","1","N","N","N","0","","2","0","1","","2","","","3","2","0","0","0","0","0","2","0","3","","03","","N","","","","","","","","","",""
"2022082190","1720","2","0","0","0","0","0","0","0","0","1","0","","67","8","2022","1","39.945388","-75.190499","1700","6","0","0","0","0","0","0","1","0","","0","0","0","","","0","N","0","","39 56:43.397","","0","75 11:25.798","0","0","0","0","67301","0","0","0","N","0","0","0","9","68K01","0","","1.0","","1","N","N","N","0","","0","0","1","","0","","","3","0","0","0","0","0","0","2","0","3","","03","","N","","","","","","","","","",""
"2022062095","","2","0","0","0","0","0","0","0","0","1","0","","67","6","2022","7","39.891129","-75.226308","","6","0","0","0","0","0","0","0","0","","0","0","0","","","1","N","0","","39 53:28.066","","0","75 13:34.707","8","0","0","0","67301","0","0","0","N","0","0","0","2","00000","0","","1.0","","1","","","N","0","","0","0","0","","0","","","2","1","1","0","0","1","0","2","0","2","","","","N","","","","","","","","","",""
"2022070498","0507","0","0","0","0","0","0","0","0","0","1","1","55","67","7","2022","3","39.934634","-75.145102","0457","6","0","0","0","0","0","1","0","0","","0","1","0","","","4","N","0","","39 56:04.684","2","3","75 08:42.368","4","0","0","0","67301","0","0","0","N","0","0","0","4","68K01","1","","1.0","0.0","1","N","N","N","0","","0","0","1","","0","N","","2","4","4","0","0","3","0","2","0","2","","03","Y","Y","2","2","","","N","","","Y","","Y"
"2022065453","0414","2","0","0","0","0","0","0","0","0","4","0","","67","7","2022","1","40.034107","-75.176519","0414","6","0","0","0","0","1","0","0","0","","0","0","0","","","0","","1","","40 02:02.785","6","0","75 10:35.468","0","0","0","0","67301","0","0","0","N","0","0","0","2","67301","0","","1.0","515.0","9","N","N","N","0","","0","0","0","","2","Y","","2","0","0","0","0","0","0","2","0","2","","03","","N","","","","","","","","","",""
"2022068555","1900","3","0","0","0","0","0","0","0","0","4","0","","67","7","2022","3","39.917929","-75.159278","1855","6","0","0","0","0","0","0","0","0","","0","0","0","","","2","","1","","39 55:04.544","","0","75 09:33.400","3","0","0","0","67301","0","0","0","N","0","0","0","3","67301","0","","1.0","","1","N","N","N","1","","2","0","2","","3","","","6","2","1","0","0","0","0","2","0","6","","03","","N","","","","","","","","","",""
"2022055467","","0","0","0","0","0","0","0","0","0","4","0","","67","6","2022","7","39.974728","-75.19828","","6","0","0","0","0","0","1","0","0","","0","0","0","","","1","","2","","39 58:29.020","","7","75 11:53.809","8","0","0","0","67301","0","0","0","N","0","0","0","3","00000","0","","1.0","","1","","","N","0","","0","0","2","","2","","","2","1","1","0","0","1","0","2","0","2","","","","N","","","","","","","","","",""
"2022068593","1945","1","0","0","0","0","0","0","0","0","4","0","","67","7","2022","4","39.973237","-75.212226","1934","6","0","0","0","0","0","1","0","0","","0","0","0","","","4","","1","","39 58:23.653","6","0","75 12:44.012","4","0","0","0","67301","0","0","0","N","0","0","0","4","67301","2","","1.0","2030.0","1","N","N","N","0","","0","0","1","","2","N","","2","4","0","0","0","2","0","2","0","2","","03","","N","","","","","","","","","",""
"2022065961","0044","0","0","0","0","0","0","0","0","0","1","0","","67","7","2022","6","39.959477","-75.174647","0034","6","0","0","0","0","1","0","0","0","","0","0","0","","","2","N","0","","39 57:34.118","4","0","75 10:28.728","4","0","0","0","67301","0","0","0","N","0","0","0","2","68K01","2","","1.0","51.0","1","N","N","N","0","","0","0","2","","0","N","","2","2","0","0","0","0","0","2","0","2","","","","N","","","","","","","","","",""
"2022066774","1738","0","0","0","0","0","0","0","0","0","8","0","","67","7","2022","3","40.1135","-75.022614","1735","6","0","0","0","0","0","0","0","0","","0","0","0","","","1","N","0","","40 06:48.600","","0","75 01:21.409","3","0","0","0","67301","1","0","0","N","1","0","0","2","67301","0","","1.0","","1","N","N","N","0","","1","0","1","","0","","","2","1","0","0","0","0","0","2","0","1","","03","","N","","","","","","","","","",""
"2022072297","1320","0","0","0","0","0","0","0","0","0","8","0","","67","8","2022","2","40.00468","-75.152126","1310","6","0","0","0","0","0","0","0","0","","0","0","0","","","1","","1","","40 00:16.847","","0","75 09:07.652","3","0","0","0","67301","1","0","0","N","1","0","0","2","67301","0","","1.0","","1","N","N","N","0","","1","0","1","","2","","","2","1","0","0","0","0","0","2","0","1","","03","","N","","","","","","","","","",""
"2022076535","0101","1","0","0","0","0","0","0","0","0","7","0","","67","7","2022","2","39.971625","-75.185643","0100","6","0","0","0","0","0","0","0","0","","0","0","0","","","0","","1","","39 58:17.850","","0","75 11:08.314","9","0","0","0","67301","0","0","0","N","0","0","0","1","67301","0","","4.0","","99","N","N","N","0","","0","0","0","","0","","","1","0","0","0","0","0","1","2","0","1","","","","N","","","","","","","","","",""
"2022072272","1038","0","0","0","0","0","0","0","0","0","8","0","","67","7","2022","6","40.011033","-75.104163","1038","6","0","0","0","0","0","0","0","0","","0","0","0","","","1","","1","","40 00:39.717","","0","75 06:14.985","2","0","0","0","67301","1","0","1","N","1","0","1","2","67301","0","","1.0","","99","N","N","N","1","","0","1","0","","2","","","2","1","0","0","0","0","1","2","0","1","","03","","N","","","","","","","","","",""
"2022070041","2235","2","0","0","0","0","0","0","0","0","1","0","","67","7","2022","6","39.909769","-75.149224","2232","6","0","0","0","0","0","0","0","0","","0","0","0","","","1","N","0","","39 54:35.167","2","0","75 08:57.206","8","0","0","0","67301","0","0","0","N","0","0","0","2","68K01","0","","1.0","2240.0","1","N","N","N","0","","0","0","0","","0","N","","2","1","0","0","0","1","0","2","0","2","","","","N","","","","","","","","","",""
"2022075883","1855","1","0","0","0","0","0","0","0","0","8","0","","67","7","2022","1","39.952507","-75.177007","1855","6","0","0","0","0","0","0","0","0","","0","0","0","","","1","","1","","39 57:09.026","","0","75 10:37.226","3","0","0","0","67301","1","0","0","N","1","0","0","2","67301","0","","1.0","","1","N","N","N","0","","1","0","0","","1","","","2","1","0","0","0","0","0","2","0","1","","03","","N","","","","","","","","","",""
"2022069298","2304","1","0","0","0","0","0","0","0","0","5","0","","67","7","2022","6","40.005236","-75.195482","2259","6","0","0","0","0","0","0","0","0","","0","0","0","","","3","N","0","","40 00:18.849","","0","75 11:43.734","4","0","0","0","67301","0","0","0","N","0","0","0","4","68K01","3","","1.0","","1","N","N","N","1","","0","0","0","","0","","","2","3","0","0","0","0","0","2","0","2","","03","","N","","","","","","","","","",""
"2022076248","0914","1","0","0","0","0","0","1","0","0","1","1","","67","8","2022","6","39.957499","-75.159728","0858","6","0","0","0","0","0","1","0","0","","0","0","0","","","1","N","0","","39 57:26.996","","0","75 09:35.022","3","0","0","0","67301","0","0","0","N","0","0","0","2","68K01","0","","1.0","","1","N","N","N","0","","1","0","0","","0","","","2","1","0","0","0","0","0","2","0","2","","03","","N","","","","","","","","","",""
"2022072612","1540","0","0","0","0","0","0","0","0","0","8","0","","67","7","2022","3","39.992957","-75.110258","1540","6","0","0","0","0","0","0","0","0","","0","0","0","","","1","","1","","39 59:34.645","","0","75 06:36.928","3","0","0","0","67301","1","0","0","N","1","0","0","2","67301","0","","1.0","","1","N","N","N","1","","1","0","0","","2","","","2","1","0","0","0","0","0","2","0","1","","","","N","","","","","","","","","",""
"2022069478","1615","2","0","0","0","0","0","0","0","0","4","0","","67","7","2022","5","40.000018","-75.100307","1610","6","0","0","1","0","0","0","0","0","","0","0","0","","","1","","1","","40 00:00.064","","0","75 06:01.105","3","0","0","0","67301","0","0","0","N","0","0","0","2","67301","0","","1.0","","1","N","N","N","0","","1","0","0","","3","","","2","1","0","0","0","0","0","2","0","2","","03","","N","","","","","","","","","",""
"2022077295","0720","1","0","0","0","0","0","0","0","0","4","0","","67","6","2022","5","39.948613","-75.217112","0720","6","0","0","0","0","0","0","0","0","","0","0","0","","","0","","1","","39 56:55.007","","0","75 13:01.602","9","0","0","0","67301","0","0","0","N","0","0","0","2","67301","0","","1.0","","1","N","N","N","0","","0","0","1","","2","","","2","0","0","0","0","0","1","2","0","2","","03","","N","","","","","","","","","",""
"2022069984","0037","0","0","0","0","0","0","0","0","0","4","0","","67","7","2022","3","39.942651","-75.236421","0037","6","0","0","0","0","0","0","0","0","","0","0","0","","","1","","1","","39 56:33.543","","0","75 14:11.115","3","0","0","1","67301","0","0","0","N","0","0","0","2","67301","0","","1.0","","1","N","N","N","0","","1","0","0","","2","","","2","1","0","0","0","0","0","2","0","2","","03","","N","","","","","","","","","",""
"2022068552","2345","1","0","0","0","0","0","0","0","0","4","0","","67","7","2022","5","40.034413","-75.082215","2341","6","0","0","0","0","0","0","0","0","","0","0","0","","","1","","1","","40 02:03.886","","0","75 04:55.973","3","0","0","1","67301","0","0","0","N","0","0","0","2","67301","0","","1.0","","1","N","N","N","0","","1","0","0","","2","","","2","1","0","0","0","0","0","2","0","2","","","","N","","","","","","","","","",""
"2022076167","1005","0","0","0","1","0","0","0","0","0","8","0","","67","8","2022","7","39.926544","-75.167043","0958","6","0","0","0","0","0","0","0","0","","0","0","0","","","1","","1","","39 55:35.559","","0","75 10:01.355","3","0","0","0","67301","1","0","0","N","0","0","0","2","67301","0","","1.0","","1","N","N","N","0","","1","0","1","","0","","","2","1","1","0","0","0","0","2","0","1","","03","","N","","","","","","","","","",""
"2022074599","0504","0","0","0","0","0","0","0","0","0","5","0","","67","7","2022","6","39.977923","-75.111122","0504","6","0","0","0","0","0","0","0","0","","0","0","0","","","2","N","0","","39 58:40.524","","3","75 06:40.040","2","0","1","1","67301","0","0","0","N","0","0","0","2","68K01","1","","1.0","","1","N","N","N","0","","0","1","1","","0","","","2","2","0","0","0","0","0","2","0","2","","","","N","","","","","","","","","",""
"2022077224","1703","1","0","0","0","0","0","0","0","0","1","0","","67","8","2022","7","39.948301","-75.14172","1700","6","0","0","0","0","0","0","0","0","","0","0","0","","","0","N","0","","39 56:53.882","","0","75 08:30.193","0","0","0","0","67301","0","0","0","N","0","0","0","4","68K01","0","","1.0","","1","N","N","N","0","","0","0","1","","0","","","2","0","1","0","0","0","0","2","0","2","","03","","N","","","","","","","","","",""
"2022077006","1808","1","0","0","0","0","0","0","0","0","1","0","","67","7","2022","4","39.989659","-75.087206","1755","6","0","0","0","0","0","0","0","0","","0","0","0","","","0","N","0","","39 59:22.773","","0","75 05:13.941","0","0","0","0","67301","0","0","0","N","0","0","0","2","68K01","0","","1.0","","1","N","N","N","0","","0","0","1","","0","","","2","0","0","0","0","0","0","2","0","2","","03","","N","","","","","","","","","",""
"2022076900","0225","3","0","0","0","0","0","0","0","0","4","0","","67","5","2022","7","39.949607","-75.238614","0219","6","0","0","0","0","0","0","0","0","","0","0","0","","","0","","1","","39 56:58.585","4","0","75 14:19.010","0","0","0","0","67301","0","0","0","N","0","0","0","3","67301","0","","1.0","408.0","9","N","N","N","0","","0","0","2","","3","N","","5","0","0","0","0","0","0","2","0","5","","07","","N","","","","","","","","","",""
"2022076899","0010","2","0","0","0","0","0","0","0","0","4","0","","67","5","2022","6","39.954517","-75.229889","0005","6","0","0","0","0","0","0","0","0","","0","0","0","","","1","","1","","39 57:16.261","","0","75 13:47.600","8","0","0","0","67301","0","0","0","N","0","0","0","2","67301","0","","1.0","","9","N","N","N","0","","0","0","0","","3","","","3","1","0","0","0","1","0","2","0","3","","07","","N","","","","","","","","","",""
"2022076278","1435","0","0","0","0","0","0","0","0","0","6","0","","67","4","2022","6","39.98075","-75.228028","1425","6","0","0","0","0","0","0","0","0","","0","0","0","","","1","N","0","","39 58:50.700","","0","75 13:40.900","4","0","0","0","67301","0","0","0","N","0","0","0","1","67301","1","","6.0","","99","N","N","N","0","","0","0","1","","0","","","2","1","0","0","0","0","0","2","0","2","","","","N","","","","","","","","","",""
"2022066388","0228","2","0","0","0","0","0","0","0","0","0","0","","67","7","2022","5","39.993392","-75.137644","0225","6","0","0","0","0","0","0","0","0","","0","0","0","","","1","N","0","","39 59:36.210","4","0","75 08:15.520","3","0","0","0","67301","0","0","0","N","0","0","0","1","67301","0","","1.0","420.0","1","N","N","N","0","","1","0","0","","0","N","","2","1","0","0","0","0","0","2","0","2","","03","","N","","","","","","","","","",""
"2022081014","1630","1","0","0","0","0","0","0","0","0","1","0","","67","8","2022","2","39.959601","-75.234208","1629","6","0","0","0","0","1","1","0","0","","0","0","0","","","2","N","0","","39 57:34.565","","7","75 14:03.147","3","0","0","0","67301","0","0","0","N","0","0","0","2","67301","0","","6.0","","1","N","N","N","0","","2","0","2","","0","","","3","2","0","0","0","0","0","2","0","3","","03","","N","","","","","","","","","",""
"2022072616","2200","1","0","0","1","0","1","0","0","0","8","0","","67","7","2022","3","40.005622","-75.102471","2147","6","0","0","0","0","0","0","0","0","","0","0","0","","","1","","2","","40 00:20.239","","0","75 06:08.896","2","0","0","0","67301","1","0","1","N","0","0","0","2","67301","0","","1.0","","1","N","N","N","0","","0","1","0","","0","","","2","1","0","0","0","0","1","2","0","1","","","","N","","","","","","","","","",""
"2022065504","2112","2","0","0","0","0","0","0","0","0","5","0","","67","7","2022","7","39.936031","-75.175017","2112","6","0","0","0","0","0","0","0","0","","0","0","0","","","0","N","0","","39 56:09.710","","0","75 10:30.060","0","0","0","0","67301","0","0","0","N","0","0","0","1","67301","0","","6.0","","1","N","N","N","0","","0","0","1","","0","","","3","0","0","0","0","0","0","2","0","3","","","","N","","","","","","","","","",""
"2022068633","1904","0","0","0","0","0","0","0","0","0","5","0","","67","7","2022","3","39.933283","-75.163947","1853","6","0","0","0","0","0","0","0","0","","0","0","0","","","0","N","0","","39 55:59.820","","0","75 09:50.210","9","0","0","0","67301","0","0","0","N","0","0","0","1","67301","0","","6.0","","99","N","N","N","0","","0","0","1","","0","","","2","0","0","0","0","0","1","2","0","2","","","","N","","","","","","","","","",""
"2022066705","1715","1","0","0","0","0","0","0","0","0","1","0","","67","7","2022","3","39.891953","-75.176131","1710","6","0","0","0","0","0","0","0","0","","0","0","0","","","1","N","0","","39 53:31.030","","0","75 10:34.070","8","0","0","0","67301","0","0","0","N","0","0","0","2","67301","0","","1.0","","1","N","N","N","0","","0","0","1","","0","","","2","1","0","0","0","1","0","2","0","2","","","","N","","","","","","","","","",""
"2022066898","1445","2","0","0","0","0","0","0","0","0","4","0","","67","7","2022","3","39.911708","-75.172371","1438","6","0","0","0","0","0","0","0","0","","0","0","0","","","2","","1","","39 54:42.149","","0","75 10:20.537","3","0","0","0","67301","0","0","0","N","0","0","0","4","67301","0","","1.0","","1","N","N","N","0","","2","0","0","","2","","","2","2","0","0","0","0","0","2","0","2","","","","N","","","","","","","","","",""
"2022063552","0350","1","0","0","0","0","0","0","0","0","5","0","","67","7","2022","1","39.966011","-75.206056","0340","6","0","0","0","0","0","0","0","0","","0","0","0","","","0","N","0","","39 57:57.640","","0","75 12:21.800","0","0","0","0","67301","0","0","0","N","0","0","0","1","67301","0","","6.0","","1","N","N","N","0","","0","0","1","","0","","","2","0","0","0","0","0","0","2","0","2","","","","N","","","","","","","","","",""
"2022074556","0443","0","0","0","0","0","0","0","0","0","7","0","","67","8","2022","5","39.8922","-75.235643","0421","6","0","0","0","0","0","1","0","0","","0","0","0","","","0","N","0","","39 53:31.919","","0","75 14:08.315","0","0","0","0","67301","0","0","0","N","0","0","0","1","68K01","0","","4.0","","9","N","N","N","0","","0","0","1","","0","","","1","0","0","0","0","0","0","2","0","1","","07","","N","","","","","","","","","",""