"CRN","ARRIVAL_TM","AUTOMOBILE_COUNT","BELTED_DEATH_COUNT","BELTED_SUSP_SERIOUS_INJ_COUNT","BICYCLE_COUNT","BICYCLE_DEATH_COUNT","BICYCLE_SUSP_SERIOUS_INJ_COUNT","BUS_COUNT","CHLDPAS_DEATH_COUNT","CHLDPAS_SUSP_SERIOUS_INJ_COUNT","COLLISION_TYPE","COMM_VEH_COUNT","CONS_ZONE_SPD_LIM","COUNTY","CRASH_MONTH","CRASH_YEAR","DAY_OF_WEEK","DEC_LATITUDE","DEC_LONGITUDE","DISPATCH_TM","DISTRICT","DRIVER_COUNT_16YR","DRIVER_COUNT_17YR","DRIVER_COUNT_18YR","DRIVER_COUNT_19YR","DRIVER_COUNT_20YR","DRIVER_COUNT_50_64YR","DRIVER_COUNT_65_74YR","DRIVER_COUNT_75PLUS","EST_HRS_CLOSED","FATAL_COUNT","HEAVY_TRUCK_COUNT","HORSE_BUGGY_COUNT","HOUR_OF_DAY","ILLUMINATION","INJURY_COUNT","INTERSECTION_RELATED","INTERSECT_TYPE","LANE_CLOSED","LATITUDE","LN_CLOSE_DIR","LOCATION_TYPE","LONGITUDE","MAX_SEVERITY_LEVEL","MCYCLE_DEATH_COUNT","MCYCLE_SUSP_SERIOUS_INJ_COUNT","MOTORCYCLE_COUNT","MUNICIPALITY","NONMOTR_COUNT","NONMOTR_DEATH_COUNT","NONMOTR_SUSP_SERIOUS_INJ_COUNT","NTFY_HIWY_MAINT","PED_COUNT","PED_DEATH_COUNT","PED_SUSP_SERIOUS_INJ_COUNT","PERSON_COUNT","POLICE_AGCY","POSSIBLE_INJ_COUNT","RDWY_SURF_TYPE_CD","RELATION_TO_ROAD","ROADWAY_CLEARED","ROAD_CONDITION","SCH_BUS_IND","SCH_ZONE_IND","SECONDARY_CRASH","SMALL_TRUCK_COUNT","SPEC_JURIS_CD","SUSP_MINOR_INJ_COUNT","SUSP_SERIOUS_INJ_COUNT","SUV_COUNT","TCD_FUNC_CD","TCD_TYPE","TFC_DETOUR_IND","TIME_OF_DAY","TOTAL_UNITS","TOT_INJ_COUNT","UNBELTED_OCC_COUNT","UNB_DEATH_COUNT","UNB_SUSP_SERIOUS_INJ_COUNT","UNK_INJ_DEG_COUNT","UNK_INJ_PER_COUNT","URBAN_RURAL","VAN_COUNT","VEHICLE_COUNT","WEATHER1","WEATHER2","WORKERS_PRES","WORK_ZONE_IND","WORK_ZONE_LOC","WORK_ZONE_TYPE","WZ_CLOSE_DETOUR","WZ_FLAGGER","WZ_LAW_OFFCR_IND","WZ_LN_CLOSURE","WZ_MOVING","WZ_OTHER","WZ_SHLDER_MDN","WZ_WORKERS_INJ_KILLED"
"2022069818","1048","2","0","0","0","0","0","0","0","0","5","0","","67","7","2022","1","40.027457","-75.062384","1045","6","0","0","0","0","0","0","0","0","","0","0","0","","","0","","1","","40 01:38.846","","0","75 03:44.583","0","0","0","0","67301","0","0","0","N","0","0","0","3","67301","0","","1.0","","1","N","N","N","0","","0","0","0","","2","","","3","0","0","0","0","0","0","2","0","3","","","","N","","","","","","","","","",""
"2022062135","0004","2","0","0","0","0","0","0","0","0","5","0","","67","7","2022","2","39.957871","-75.161846","2351","6","0","0","1","0","0","0","0","0","","0","0","0","","","1","N","0","","39 57:28.336","","0","75 09:42.644","4","0","0","0","67301","0","0","0","N","0","0","0","7","68K01","1","","1.0","","1","N","N","N","0","","0","0","0","","0","","","2","1","0","0","0","0","0","2","0","2","","03","","N","","","","","","","","","",""
"2022061362","2353","1","0","0","0","0","0","0","0","0","4","0","","67","7","2022","1","40.049044","-75.094661","2346","6","0","0","0","0","0","0","1","0","","0","0","0","","","0","","1","","40 02:56.557","3","0","75 05:40.778","0","0","0","0","67301","0","0","0","N","0","0","0","2","67301","0","","1.0","50.0","1","N","N","Y","1","","0","0","1","","3","N","","3","0","0","0","0","0","0","2","0","3","","","","N","","","","","","","","","",""
"2022075067","0330","0","0","0","0","0","0","1","0","0","2","1","","67","8","2022","1","39.996564","-75.074971","0315","6","0","0","0","0","0","1","0","0","","0","0","0","","","1","N","0","","39 59:47.631","1","0","75 04:29.895","8","0","0","1","67301","0","0","0","N","0","0","0","3","67508","0","","1.0","9999.0","1","N","N","Y","0","","0","0","0","","0","N","","3","1","0","0","0","1","1","2","0","3","","03","","N","","","","","","","","","",""
"2022080287","0309","1","0","0","0","0","0","0","0","0","4","0","","67","8","2022","7","40.118131","-75.028372","0303","6","0","0","0","0","0","0","0","0","","0","0","0","","","0","N","0","","40 07:05.270","","0","75 01:42.140","0","0","0","0","67301","0","0","0","N","0","0","0","1","67301","0","","1.0","","1","N","N","N","0","","0","0","3","","0","","","4","0","0","0","0","0","0","2","0","4","","03","","N","","","","","","","","","",""
"2022062179","1400","1","0","0","0","0","0","0","0","0","4","0","","67","7","2022","4","39.978167","-75.154155","1355","6","0","0","0","0","0","1","0","0","","0","0","0","","","0","","1","","39 58:41.402","","0","75 09:14.958","0","0","0","0","67301","0","0","0","N","0","0","0","7","67505","0","","1.0","","1","N","N","N","0","","0","0","1","","2","","","2","0","0","0","0","0","0","2","0","2","","03","","N","","","","","","","","","",""
"2022078309","0142","0","0","0","0","0","0","0","0","0","7","0","","67","6","2022","3","39.962661","-75.246783","0140","6","0","0","0","0","0","0","0","0","","0","0","0","","","2","","1","","39 57:45.580","","0","75 14:48.419","2","0","0","0","67301","0","0","0","N","0","0","0","3","67301","0","","4.0","","1","N","N","N","0","","0","2","1","","2","","","1","2","0","0","0","0","0","2","0","1","","03","","N","","","","","","","","","",""
"2022064074","0805","1","0","0","0","0","0","0","0","0","4","0","","67","7","2022","3","40.071945","-75.17909","0759","6","0","0","0","0","0","0","0","0","","0","0","0","","","1","N","0","","40 04:19.001","6","7","75 10:44.723","2","0","1","1","67301","0","0","0","N","0","0","0","2","67301","0","","1.0","1040.0","1","N","N","N","0","","0","1","0","","0","N","","2","1","0","0","0","0","0","2","0","2","","03","","N","","","","","","","","","",""
"2022077073","0305","1","0","0","0","0","0","0","0","0","7","0","","67","7","2022","5","39.952651","-75.190815","0301","6","0","0","0","0","0","0","0","0","","0","0","0","","","1","N","0","","39 57:09.544","","0","75 11:26.935","8","0","0","0","67301","0","0","0","N","0","0","0","1","67504","0","","9.0","","1","N","N","N","0","","0","0","0","","2","","","1","1","1","0","0","1","0","2","0","1","","03","","N","","","","","","","","","",""
"2022065605","0755","0","0","0","0","0","0","0","0","0","1","0","","67","7","2022","6","39.958048","-75.163221","0740","6","0","0","0","0","0","0","0","0","","0","0","0","","","1","N","0","","39 57:28.974","","0","75 09:47.596","3","0","0","1","67301","0","0","0","N","0","0","0","2","68K01","0","","1.0","","1","N","N","N","0","","1","0","1","","0","","","2","1","0","0","0","0","0","2","0","2","","03","","N","","","","","","","","","",""
"2022061681","1943","0","0","0","0","0","0","0","0","0","4","0","","67","7","2022","2","39.948485","-75.229321","1930","6","0","0","0","0","0","0","0","0","","0","0","0","","","1","","1","","39 56:54.545","","0","75 13:45.555","3","0","0","0","67301","0","0","0","N","0","0","0","3","67301","0","","1.0","","1","N","N","N","0","","1","0","1","","3","","","2","1","0","0","0","0","0","2","0","2","","03","","N","","","","","","","","","",""
"2022075795","1232","1","0","0","0","0","0","0","0","0","4","0","","67","8","2022","5","39.972297","-75.124274","1231","6","0","0","0","0","0","1","0","0","","0","0","0","","","0","N","0","","39 58:20.270","","0","75 07:27.387","0","0","0","0","67301","0","0","0","N","0","0","0","3","67301","0","","1.0","","1","N","N","N","0","","0","0","1","","0","","","2","0","0","0","0","0","0","2","0","2","","","","N","","","","","","","","","",""
"2022074862","0728","1","0","0","0","0","0","0","0","0","1","0","","67","8","2022","2","39.89893","-75.170827","0719","6","0","0","0","0","0","1","0","0","","0","0","0","","","0","N","0","","39 53:56.149","","0","75 10:14.976","0","0","0","0","67301","0","0","0","N","0","0","0","2","68K01","0","","1.0","","1","N","N","N","0","","0","0","1","","0","","","2","0","0","0","0","0","0","2","0","2","","03","","N","","","","","","","","","",""
"2022061514","0120","1","0","0","0","0","0","0","0","0","4","0","","67","7","2022","2","40.059926","-75.018391","0111","6","0","0","0","0","1","0","0","0","","0","0","0","","","0","","1","","40 03:35.733","","0","75 01:06.209","9","0","0","0","67301","0","0","0","N","0","0","0","2","67301","0","","1.0","","1","N","N","N","0","","0","0","1","","2","","","2","0","2","0","0","0","1","2","0","2","","03","","N","","","","","","","","","",""
"2022062100","","1","0","0","0","0","0","0","0","0","4","0","","67","5","2022","6","39.921017","-75.22412","","6","0","0","0","0","1","0","0","0","","0","0","0","","","1","","1","","39 55:15.660","","0","75 13:26.832","8","0","0","0","67301","0","0","0","N","0","0","0","2","00000","0","","1.0","","1","","","N","0","","0","0","0","","2","","","2","1","0","0","0","1","0","2","1","2","","","","N","","","","","","","","","",""
"2022066912","2014","1","0","0","0","0","0","0","0","0","4","0","","67","7","2022","1","40.006493","-75.154338","2014","6","0","0","0","0","0","0","0","0","","0","0","0","","","1","","1","","40 00:23.374","","0","75 09:15.616","8","0","0","1","67301","0","0","0","N","0","0","0","4","67301","0","","1.0","","1","N","Y","N","0","","0","0","0","","3","","","2","1","0","0","0","1","1","2","0","2","","04","","N","","","","","","","","","",""
"2022069893","2140","0","0","0","0","0","0","0","0","0","7","0","","67","7","2022","7","39.93751","-75.198534","2125","6","0","0","0","0","0","1","0","0","","0","0","0","","","1","N","0","","39 56:15.035","4","3","75 11:54.721","8","0","0","1","67301","0","0","0","N","0","0","0","1","68K01","0","","2.0","2200.0","1","N","N","N","0","","0","0","0","","0","N","","1","1","0","0","0","1","0","2","0","1","","","","N","","","","","","","","","",""
"2022078772","1042","0","0","0","0","0","0","0","0","0","5","1","","67","8","2022","2","39.898969","-75.16807","1018","6","0","0","0","0","0","1","1","0","","0","1","0","","","0","N","0","","39 53:56.288","","0","75 10:05.052","0","0","0","0","67301","0","0","0","N","0","0","0","2","68K01","0","","1.0","","1","N","N","N","0","","0","0","0","","0","","","2","0","0","0","0","0","0","2","1","2","","","","N","","","","","","","","","",""
"2022066981","1905","1","0","0","0","0","0","0","0","0","4","0","","67","7","2022","4","40.003847","-75.139665","1900","6","0","0","0","0","0","1","0","0","","0","0","0","","","1","","1","","40 00:13.849","","0","75 08:22.793","8","0","0","0","67301","0","0","0","N","0","0","0","2","67301","0","","1.0","","1","N","N","N","0","","0","0","0","","3","","","2","1","0","0","0","1","1","2","1","2","","03","","N","","","","","","","","","",""
"2022075752","0438","1","0","0","0","0","0","0","0","0","2","0","","67","7","2022","7","40.065972","-74.98805","0437","6","0","0","0","0","0","0","0","0","","0","0","0","","","0","N","0","","40 03:57.500","","7","74 59:16.980","0","0","0","0","67301","0","0","0","N","0","0","0","1","67301","0","","6.0","","1","N","N","N","0","","0","0","1","","0","","","2","0","0","0","0","0","0","2","0","2","","03","","N","","","","","","","","","",""
"2022063883","1830","2","0","0","0","0","0","0","0","0","0","0","","67","7","2022","2","40.036463","-75.209553","1827","6","0","0","0","0","0","1","0","0","","0","0","0","","","0","N","0","","40 02:11.266","","0","75 12:34.390","0","0","0","0","67301","0","0","0","N","0","0","0","2","67301","0","","1.0","","1","N","N","N","0","","0","0","0","","0","","","2","0","0","0","0","0","0","2","0","2","","03","","N","","","","","","","","","",""
"2022070300","1521","1","0","0","0","0","0","0","0","0","1","0","","67","7","2022","4","39.955047","-75.152727","1520","6","0","0","0","0","0","0","0","0","","0","0","0","","","2","","1","","39 57:18.170","","0","75 09:09.818","8","0","0","0","67301","0","0","0","N","0","0","0","3","67301","0","","1.0","","1","N","N","N","0","","0","0","0","","2","","","2","2","0","0","0","2","1","2","1","2","","","","N","","","","","","","","","",""
"2022079163","2135","1","0","0","0","0","0","0","0","0","1","0","","67","8","2022","7","40.027515","-75.099303","2135","6","0","0","0","0","0","1","1","0","","0","0","0","","","0","N","0","","40 01:39.055","","0","75 05:57.492","0","0","0","0","67301","0","0","0","N","0","0","0","2","67301","0","","1.0","","1","N","N","N","0","","0","0","1","","0","","","2","0","1","0","0","0","0","2","0","2","","03","","N","","","","","","","","","",""
"2022066605","1935","1","0","0","0","0","0","0","0","0","4","0","","67","7","2022","2","40.062022","-75.083486","1928","6","0","1","0","0","0","0","0","0","","0","0","0","","","0","","3","","40 03:43.278","5","0","75 05:00.549","0","0","0","0","67301","0","0","0","N","0","0","0","2","67301","0","","1.0","2000.0","9","N","N","N","0","","0","0","1","","0","Y","","2","0","0","0","0","0","0","2","0","2","","","","N","","","","","","","","","",""
"2022063228","1315","1","0","0","0","0","0","0","0","0","1","0","","67","7","2022","5","40.099036","-75.061556","1315","6","0","0","0","0","0","0","0","0","","0","0","0","","","1","N","0","","40 05:56.530","","0","75 03:41.600","3","0","0","0","67301","0","0","0","N","0","0","0","1","67301","0","","6.0","","1","N","N","N","0","","1","0","1","","0","","","2","1","0","0","0","0","0","2","0","2","","03","","N","","","","","","","","","",""
"2022075984","1531","1","0","0","0","0","0","0","0","0","1","0","","67","8","2022","6","39.951232","-75.141024","1520","6","0","0","0","0","0","0","0","0","","0","0","0","","","1","N","0","","39 57:04.435","1","0","75 08:27.685","8","0","0","0","67301","0","0","0","N","0","0","0","3","68K01","0","","1.0","1644.0","1","N","N","N","1","","0","0","0","","0","N","","2","1","0","0","0","1","0","2","0","2","","","","N","","","","","","","","","",""
"2022068611","1033","2","0","0","0","0","0","0","0","0","4","0","","67","7","2022","6","40.040034","-75.121299","1033","6","0","0","0","0","1","0","0","0","","0","0","0","","","0","","2","","40 02:24.122","","0","75 07:16.676","9","0","0","0","67301","0","0","0","N","0","0","0","2","67301","0","","1.0","","99","N","N","N","0","","0","0","0","","0","","","2","0","2","0","0","0","2","2","0","2","","","","N","","","","","","","","","",""
"2022080466","1431","0","0","0","0","0","0","0","0","0","8","0","","67","8","2022","4","40.042544","-75.160069","1430","6","0","0","0","0","0","0","0","0","","0","0","0","","","1","N","0","","40 02:33.159","","7","75 09:36.247","3","0","0","0","67301","1","0","0","N","1","0","0","2","67301","0","","5.0","","1","N","N","N","0","","1","0","0","","0","","","2","1","0","0","0","0","1","2","0","1","","","","N","","","","","","","","","",""
"2022080044","0755","0","0","0","0","0","0","0","0","0","1","0","","67","8","2022","3","40.034868","-75.018341","0738","6","0","0","0","0","0","0","0","0","","0","0","0","","","0","N","0","","40 02:05.526","","0","75 01:06.029","0","0","0","0","67301","0","0","0","N","0","0","0","4","68K01","0","","1.0","","1","N","N","N","0","","0","0","3","","0","","","3","0","0","0","0","0","0","2","0","3","","","","N","","","","","","","","","",""
"2022071371","0028","1","0","0","0","0","0","0","0","0","1","0","","67","7","2022","5","39.961874","-75.182833","0018","6","0","0","0","0","0","0","0","0","","0","0","0","","","1","N","0","","39 57:42.745","3","3","75 10:58.197","8","0","0","0","67301","0","0","0","N","0","0","0","3","68K03","0","","1.0","30.0","1","N","N","N","0","","0","0","1","","0","Y","","2","1","1","0","0","1","0","2","0","2","","03","","N","","","","","","","","","",""
"2022061414","1805","1","0","0","0","0","0","0","0","0","4","0","","67","7","2022","7","39.975563","-75.190761","1755","6","0","0","0","1","0","0","0","1","","0","0","0","","","1","","3","","39 58:32.026","4","0","75 11:26.738","8","0","0","0","67301","0","0","0","N","0","0","0","3","67301","0","","1.0","1830.0","1","N","N","N","0","","0","0","1","","3","N","","2","1","0","0","0","1","2","2","0","2","","03","","N","","","","","","","","","",""
"2022074157","1620","0","0","0","0","0","0","0","0","0","7","0","","67","8","2022","7","39.910898","-75.242518","1614","6","0","0","0","0","0","0","0","1","","0","0","0","","","1","N","0","","39 54:39.231","","0","75 14:33.065","3","0","0","0","67301","0","0","0","N","0","0","0","1","67301","0","","5.0","","1","N","N","N","1","","1","0","0","","0","","","1","1","1","0","0","0","0","2","0","1","","03","","N","","","","","","","","","",""
"2022065284","1700","0","0","0","0","0","0","0","0","0","8","0","","67","7","2022","4","39.95194","-75.159916","1700","6","0","0","0","0","0","0","0","0","","0","0","0","","","1","","1","","39 57:06.984","","0","75 09:35.699","3","0","0","0","67301","1","0","0","N","1","0","0","2","67301","0","","1.0","","1","N","N","N","0","","1","0","1","","2","","","2","1","0","0","0","0","1","2","0","1","","03","","N","","","","","","","","","",""
"2022063485","1808","1","0","0","0","0","0","0","0","0","4","0","","67","7","2022","1","39.984697","-75.15663","1806","6","0","0","0","0","0","0","1","0","","0","0","0","","","2","","1","","39 59:04.910","1","0","75 09:23.867","2","0","0","0","67301","0","0","0","N","0","0","0","2","67505","0","","1.0","1900.0","1","N","N","N","0","","1","1","1","","2","N","","2","2","0","0","0","0","0","2","0","2","","03","","N","","","","","","","","","",""
"2022066406","0102","2","0","0","0","0","0","0","0","0","1","0","","67","7","2022","3","39.904253","-75.197035","0102","6","0","0","0","0","0","0","0","0","","0","0","0","","","0","N","0","","39 54:15.311","","0","75 11:49.326","0","0","0","0","67301","0","0","0","N","0","0","0","2","67301","0","","1.0","","99","N","N","N","0","","0","0","0","","0","","","2","0","0","0","0","0","0","2","0","2","","04","","N","","","","","","","","","",""
"2022074019","1742","1","0","0","0","0","0","0","0","0","8","0","","67","8","2022","4","40.051546","-75.1501","1742","6","0","0","0","0","0","1","0","0","","0","0","0","","","1","","1","","40 03:05.564","","0","75 09:00.360","3","0","0","0","67301","1","0","0","N","1","0","0","2","67301","0","","1.0","","1","N","N","N","0","","1","0","0","","1","","","2","1","0","0","0","0","0","2","0","1","","03","","N","","","","","","","","","",""
"2022068622","2220","1","0","0","0","0","0","0","0","0","4","0","","67","7","2022","1","40.004935","-75.178718","2218","6","0","0","0","0","0","0","0","0","","0","0","0","","","0","","5","","40 00:17.766","","0","75 10:43.386","0","0","0","0","67301","0","0","0","N","0","0","0","2","67301","0","","1.0","","1","N","N","N","0","","0","0","1","","2","","","2","0","0","0","0","0","0","2","0","2","","03","","N","","","","","","","","","",""
"2022078804","1448","1","0","0","0","0","0","0","0","0","1","0","","67","7","2022","1","39.979766","-75.204711","1439","6","0","0","0","0","0","1","1","0","","0","0","0","","","0","N","0","","39 58:47.157","","0","75 12:16.961","0","0","0","0","67301","0","0","0","N","0","0","0","9","68K01","0","","1.0","","1","N","N","N","1","","0","0","2","","0","","","4","0","0","0","0","0","0","2","0","4","","","","N","","","","","","","","","",""
"2022075336","0703","1","0","0","0","0","0","0","0","0","1","0","","67","7","2022","1","39.954141","-75.181393","0655","6","0","0","0","1","0","1","0","0","","0","0","0","","","2","N","0","","39 57:14.908","3","0","75 10:53.014","3","0","0","0","67301","0","0","0","N","0","0","0","2","68K01","0","","1.0","746.0","1","N","N","N","1","","1","0","0","","0","N","","2","2","0","0","0","1","0","2","0","2","","","","N","","","","","","","","","",""
"2022074290","0125","3","0","0","0","0","0","0","0","0","5","0","","67","5","2022","1","39.959468","-75.245759","0120","6","0","0","0","0","0","1","0","0","","0","0","0","","","1","N","0","","39 57:34.084","4","0","75 14:44.733","8","0","0","0","67301","0","0","0","N","0","0","0","2","67301","0","","1.0","400.0","9","N","N","N","0","","0","0","1","","0","Y","","4","1","0","0","0","1","0","2","0","4","","07","","N","","","","","","","","","",""
"2022078663","1821","1","0","0","0","0","0","0","0","0","7","0","","67","8","2022","2","40.04904","-75.174914","1820","6","0","0","0","0","0","1","0","0","","0","0","0","","","1","","1","","40 02:56.544","","0","75 10:29.690","8","0","0","0","67301","0","0","0","N","0","0","0","1","67301","0","","3.0","","3","N","N","N","0","","0","0","0","","0","","","1","1","0","0","0","1","0","2","0","1","","07","","N","","","","","","","","","",""
"2022075858","1624","1","0","0","0","0","0","0","0","0","4","0","","67","8","2022","7","40.009544","-75.130969","1615","6","0","0","1","0","0","0","0","0","","0","0","0","","","2","N","0","","40 00:34.360","1","0","75 07:51.490","2","0","2","1","67301","0","0","0","N","0","0","0","5","67301","0","","1.0","1717.0","1","N","N","Y","0","","0","2","1","","0","N","","3","2","3","0","0","0","0","2","0","3","","03","","N","","","","","","","","","",""
"2022063787","1750","0","0","0","0","0","0","0","0","0","8","0","","67","7","2022","5","39.973614","-75.209312","1749","6","0","0","0","0","0","0","0","0","","0","0","0","","","1","N","0","","39 58:25.009","","0","75 12:33.523","2","0","0","0","67301","1","0","1","N","1","0","1","2","67301","0","","1.0","","1","N","N","N","1","","0","1","0","","0","","","2","1","0","0","0","0","0","2","0","1","","03","","N","","","","","","","","","",""
"2022061564","1912","1","0","0","0","0","0","0","0","0","4","0","","67","7","2022","2","40.063974","-75.059602","1900","6","0","0","0","0","0","0","0","0","","0","0","0","","","1","","1","","40 03:50.306","","0","75 03:34.568","3","0","0","0","67301","0","0","0","N","0","0","0","3","67301","0","","1.0","","1","N","N","N","0","","1","0","1","","3","","","2","1","0","0","0","0","0","2","0","2","","03","","N","","","","","","","","","",""
"2022063195","1742","2","0","0","0","0","0","0","0","0","4","0","","67","7","2022","4","39.958684","-75.23941","1742","6","0","0","0","0","0","0","0","0","","0","0","0","","","1","","1","","39 57:31.262","","0","75 14:21.875","3","0","0","0","67301","0","0","0","N","0","0","0","2","67301","0","","1.0","","1","N","N","N","0","","1","0","1","","2","","","3","1","0","0","0","0","0","2","0","3","","03","","N","","","","","","","","","",""
"2022068671","","0","0","0","0","0","0","0","0","0","5","0","","67","5","2022","4","39.946091","-75.198507","","6","0","0","0","0","0","0","0","0","","0","0","0","","","1","N","0","","39 56:45.926","","0","75 11:54.625","8","0","0","0","67301","0","0","0","N","0","0","0","2","00000","0","","1.0","","1","","","N","0","","0","0","2","","0","","","2","1","1","0","0","1","0","2","0","2","","","","N","","","","","","","","","",""
"2022079697","0258","1","0","0","0","0","0","0","0","0","7","0","","67","8","2022","1","40.003536","-75.195209","0258","6","0","0","0","0","0","0","0","0","","0","0","0","","","2","","7","","40 00:12.729","1","0","75 11:42.753","8","0","0","0","67301","0","0","0","N","0","0","0","2","68K01","0","","2.0","330.0","1","N","N","N","0","","0","0","0","","0","N","","1","2","0","0","0","2","0","2","0","1","","","","N","","","","","","","","","",""
"2022064580","1749","0","0","0","0","0","0","0","0","0","5","0","","67","7","2022","4","39.957439","-75.14136","1749","6","0","0","0","0","0","0","0","0","","0","0","0","","","0","N","0","","39 57:26.780","","0","75 08:28.897","0","0","0","0","67301","0","0","0","N","0","0","0","2","68K01","0","","1.0","","1","N","N","N","0","","0","0","2","","0","","","2","0","0","0","0","0","0","2","0","2","","","","N","","","","","","","","","",""
"2022063678","1009","0","0","0","0","0","0","0","0","0","4","0","","67","7","2022","5","40.009234","-75.196875","0946","6","0","0","0","0","0","0","0","0","","0","0","0","","","2","","1","","40 00:33.242","","3","75 11:48.751","3","0","0","0","67301","0","0","0","N","0","0","0","3","67301","0","","1.0","","9","N","N","N","0","","2","0","1","","2","","","2","2","0","0","0","0","0","2","1","2","","04","","N","","","","","","","","","",""
"2022079767","1846","0","0","0","0","0","0","0","0","0","8","0","","67","8","2022","2","39.926421","-75.179065","1845","6","0","0","0","0","0","0","0","0","","0","0","0","","","1","","2","","39 55:35.115","7","0","75 10:44.634","8","0","0","0","67301","1","0","0","N","1","0","0","2","67301","0","","1.0","2000.0","1","N","N","N","0","","0","0","1","","0","Y","","2","1","0","0","0","1","0","2","0","1","","04","","N","","","","","","","","","",""
"2022062033","0742","1","0","0","0","0","0","0","0","0","7","0","","67","7","2022","1","39.983374","-75.208051","0736","6","0","0","0","0","0","0","0","0","","0","0","0","","","1","N","0","","39 59:00.147","","0","75 12:28.982","3","0","0","0","67301","0","0","0","N","0","0","0","1","68K01","0","","3.0","","9","N","N","N","0","","1","0","0","","0","","","1","1","0","0","0","0","0","2","0","1","","","","N","","","","","","","","","",""
"2022066405","2236","1","0","0","1","0","1","0","0","0","8","0","","67","7","2022","2","39.9183","-75.172195","2233","6","0","0","0","0","0","0","0","0","","0","0","0","","","1","","1","","39 55:05.881","","0","75 10:19.901","2","0","0","0","67301","1","0","1","N","0","0","0","2","67301","0","","1.0","","1","N","N","N","0","","0","1","0","","3","","","2","1","0","0","0","0","0","2","0","1","","03","","N","","","","","","","","","",""
"2022068070","0930","1","0","0","0","0","0","0","0","0","5","0","","67","7","2022","5","39.950868","-75.141258","0924","6","0","0","0","0","0","0","0","0","","0","0","0","","","0","N","0","","39 57:03.126","1","8","75 08:28.528","0","0","0","0","67301","0","0","0","N","0","0","0","2","68K01","0","","1.0","1030.0","1","N","N","N","0","","0","0","1","","0","N","","2","0","0","0","0","0","0","2","0","2","","","","N","","","","","","","","","",""
"2022057716","","1","0","0","0","0","0","0","0","0","5","0","","67","6","2022","1","","","","6","0","0","0","0","0","1","0","0","","0","0","0","","","2","N","0","","","","0","","8","0","0","0","67301","0","0","0","N","0","0","0","3","00000","0","","1.0","","1","","","N","0","","0","0","0","","0","","","2","2","0","0","0","2","0","1","0","2","","","","N","","","","","","","","","",""
"2022061360","2359","2","0","0","0","0","0","0","0","0","6","0","","67","7","2022","7","40.054611","-75.054158","2355","6","0","0","0","0","0","0","0","0","","0","0","0","","","1","N","0","","40 03:16.601","5","0","75 03:14.969","3","0","0","0","67301","0","0","0","N","0","0","0","2","67301","0","","1.0","130.0","1","N","N","N","0","","1","0","1","","0","Y","","3","1","0","0","0","0","0","2","0","3","","03","","N","","","","","","","","","",""
"2022066384","1919","1","0","0","0","0","0","0","0","0","4","0","","67","7","2022","2","39.991616","-75.136171","1919","6","0","0","0","0","0","0","1","0","","0","0","0","","","4","","1","","39 59:29.818","","0","75 08:10.215","3","0","0","0","67301","0","0","0","N","0","0","0","5","67301","0","","1.0","","1","N","N","N","0","","4","0","1","","2","","","2","4","0","0","0","0","0","2","0","2","","03","","N","","","","","","","","","",""
"2022067243","0924","2","0","0","0","0","0","0","0","0","4","0","","67","7","2022","6","39.983434","-75.158573","0920","6","0","0","0","0","0","0","0","0","","0","0","0","","","2","","1","","39 59:00.364","2","0","75 09:30.861","3","0","0","0","67301","0","0","0","N","0","0","0","4","67505","0","","1.0","950.0","1","N","N","N","0","","2","0","1","","2","Y","","3","2","0","0","0","0","0","2","0","3","","03","","N","","","","","","","","","",""
"2022075626","2100","3","0","0","0","0","0","0","0","0","1","0","","67","7","2022","4","39.913447","-75.148423","2100","6","0","0","0","0","0","1","1","0","","0","0","0","","","3","N","0","","39 54:48.408","2","3","75 08:54.322","3","0","0","0","67301","0","0","0","N","0","0","0","5","68K01","1","","1.0","1140.0","1","N","N","N","0","","2","0","1","","0","N","","4","3","0","0","0","0","0","2","0","4","","","","N","","","","","","","","","",""
"2022071245","","0","0","0","0","0","0","0","0","0","5","0","","67","5","2022","7","40.087167","-74.964667","","6","0","0","0","0","0","1","0","0","","0","0","0","","","1","N","0","","40 05:13.800","","7","74 57:52.800","8","0","0","0","67301","0","0","0","N","0","0","0","2","00000","0","","1.0","","1","","","N","1","","0","0","0","","0","","","2","1","0","0","0","1","0","2","0","2","","","","N","","","","","","","","","",""
"2022074156","1610","1","0","0","0","0","0","0","0","0","2","0","","67","8","2022","7","39.916035","-75.236038","1605","6","0","0","0","0","0","1","0","0","","0","0","0","","","2","","1","","39 54:57.725","","0","75 14:09.736","3","0","0","0","67301","0","0","0","N","0","0","0","2","67301","0","","1.0","","1","N","N","N","0","","2","0","1","","2","","","2","2","0","0","0","0","0","2","0","2","","03","","N","","","","","","","","","",""
"2022075605","2125","0","0","0","0","0","0","0","0","0","7","0","","67","8","2022","7","40.007678","-75.071915","2107","6","0","0","0","0","0","1","0","0","","0","0","0","","","2","N","0","","40 00:27.640","1","0","75 04:18.893","4","0","0","0","67301","0","0","0","N","0","0","0","2","68K01","1","","4.0","2220.0","1","N","N","N","1","","0","0","1","","0","N","","2","2","0","0","0","1","0","2","0","2","","","","N","","","","","","","","","",""