"CRN","ARRIVAL_TM","AUTOMOBILE_COUNT","BELTED_DEATH_COUNT","BELTED_SUSP_SERIOUS_INJ_COUNT","BICYCLE_COUNT","BICYCLE_DEATH_COUNT","BICYCLE_SUSP_SERIOUS_INJ_COUNT","BUS_COUNT","CHLDPAS_DEATH_COUNT","CHLDPAS_SUSP_SERIOUS_INJ_COUNT","COLLISION_TYPE","COMM_VEH_COUNT","CONS_ZONE_SPD_LIM","COUNTY","CRASH_MONTH","CRASH_YEAR","DAY_OF_WEEK","DEC_LATITUDE","DEC_LONGITUDE","DISPATCH_TM","DISTRICT","DRIVER_COUNT_16YR","DRIVER_COUNT_17YR","DRIVER_COUNT_18YR","DRIVER_COUNT_19YR","DRIVER_COUNT_20YR","DRIVER_COUNT_50_64YR","DRIVER_COUNT_65_74YR","DRIVER_COUNT_75PLUS","EST_HRS_CLOSED","FATAL_COUNT","HEAVY_TRUCK_COUNT","HORSE_BUGGY_COUNT","HOUR_OF_DAY","ILLUMINATION","INJURY_COUNT","INTERSECTION_RELATED","INTERSECT_TYPE","LANE_CLOSED","LATITUDE","LN_CLOSE_DIR","LOCATION_TYPE","LONGITUDE","MAX_SEVERITY_LEVEL","MCYCLE_DEATH_COUNT","MCYCLE_SUSP_SERIOUS_INJ_COUNT","MOTORCYCLE_COUNT","MUNICIPALITY","NONMOTR_COUNT","NONMOTR_DEATH_COUNT","NONMOTR_SUSP_SERIOUS_INJ_COUNT","NTFY_HIWY_MAINT","PED_COUNT","PED_DEATH_COUNT","PED_SUSP_SERIOUS_INJ_COUNT","PERSON_COUNT","POLICE_AGCY","POSSIBLE_INJ_COUNT","RDWY_SURF_TYPE_CD","RELATION_TO_ROAD","ROADWAY_CLEARED","ROAD_CONDITION","SCH_BUS_IND","SCH_ZONE_IND","SECONDARY_CRASH","SMALL_TRUCK_COUNT","SPEC_JURIS_CD","SUSP_MINOR_INJ_COUNT","SUSP_SERIOUS_INJ_COUNT","SUV_COUNT","TCD_FUNC_CD","TCD_TYPE","TFC_DETOUR_IND","TIME_OF_DAY","TOTAL_UNITS","TOT_INJ_COUNT","UNBELTED_OCC_COUNT","UNB_DEATH_COUNT","UNB_SUSP_SERIOUS_INJ_COUNT","UNK_INJ_DEG_COUNT","UNK_INJ_PER_COUNT","URBAN_RURAL","VAN_COUNT","VEHICLE_COUNT","WEATHER1","WEATHER2","WORKERS_PRES","WORK_ZONE_IND","WORK_ZONE_LOC","WORK_ZONE_TYPE","WZ_CLOSE_DETOUR","WZ_FLAGGER","WZ_LAW_OFFCR_IND","WZ_LN_CLOSURE","WZ_MOVING","WZ_OTHER","WZ_SHLDER_MDN","WZ_WORKERS_INJ_KILLED"
"2022070888","1145","2","0","0","0","0","0","0","0","0","4","0","","67","7","2022","3","39.99552","-75.154117","1135","6","0","0","0","0","0","0","0","0","","0","0","0","","","0","","1","","39 59:43.871","","0","75 09:14.820","0","0","0","0","67301","0","0","0","N","0","0","0","4","67508","0","","1.0","","1","N","N","Y","0","","0","0","0","","2","","","2","0","0","0","0","0","0","2","0","2","","03","","N","","","","","","","","","",""
"2022066215","1620","1","0","0","0","0","0","0","0","0","5","0","","67","7","2022","3","40.050414","-75.050767","1610","6","0","0","0","0","0","0","0","0","","0","0","0","","","0","N","0","","40 03:01.492","","0","75 03:02.761","0","0","0","0","67301","0","0","0","N","0","0","0","5","67301","0","","1.0","","1","N","N","Y","0","","0","0","1","","0","","","2","0","1","0","0","0","0","2","0","2","","","","N","","","","","","","","","",""
"2022061212","1635","1","0","0","1","0","0","0","0","0","8","0","","67","7","2022","7","39.903583","-75.16475","1610","6","0","0","0","0","0","0","0","0","","0","0","0","","","1","N","0","","39 54:12.900","","0","75 09:53.100","3","0","0","0","67301","1","0","0","N","0","0","0","2","67301","0","","1.0","","1","N","N","N","0","","1","0","1","","0","","","3","1","0","0","0","0","0","2","0","2","","","","N","","","","","","","","","",""
"2022072610","2246","0","0","0","0","0","0","0","0","0","8","0","","67","7","2022","6","39.996438","-75.113451","2245","6","0","0","0","0","0","0","0","0","","0","0","0","","","1","","5","","39 59:47.175","","1","75 06:48.425","3","0","0","0","67301","1","0","0","N","1","0","0","2","67301","0","","1.0","","1","N","N","N","0","","1","0","0","","2","","","2","1","0","0","0","0","0","2","0","1","","03","","N","","","","","","","","","",""
"2022066977","0035","1","0","0","0","0","0","0","0","0","4","0","","67","7","2022","1","39.973833","-75.206444","0022","6","0","0","0","0","0","0","1","0","","0","0","0","","","1","","1","","39 58:25.797","","0","75 12:23.198","8","0","0","0","67301","0","0","0","N","0","0","0","3","67301","0","","1.0","","9","N","N","N","1","","0","0","1","","1","","","3","1","0","0","0","1","0","2","0","3","","07","","N","","","","","","","","","",""
"2022069390","0707","3","0","0","0","0","0","0","0","0","1","0","55","67","7","2022","4","40.018241","-75.047523","0652","6","0","0","0","1","0","1","1","0","","0","0","0","","","1","N","0","","40 01:05.667","1","0","75 02:51.081","8","0","0","0","67301","0","0","0","N","0","0","0","5","68K01","0","","1.0","715.0","1","N","N","N","0","","0","0","2","","0","N","","5","1","0","0","0","1","0","2","0","5","","","N","Y","4","1","","","N","","","","Y","N"
"2022075773","1524","2","0","0","0","0","0","0","0","0","4","0","","67","8","2022","3","40.00868","-75.068855","1524","6","0","0","0","0","0","0","1","0","","0","0","0","","","2","","1","","40 00:31.249","7","0","75 04:07.877","4","0","0","0","67301","0","0","0","N","0","0","0","4","67301","2","","1.0","1700.0","1","N","N","N","0","","0","0","0","","2","Y","","2","2","0","0","0","0","0","2","0","2","","","","N","","","","","","","","","",""
"2022063549","2228","1","0","0","0","0","0","0","0","0","1","0","","67","7","2022","7","40.03581","-75.067915","2100","6","0","0","0","0","0","1","0","0","","0","0","0","","","0","Y","0","","40 02:08.917","","0","75 04:04.493","9","0","0","0","67301","0","0","0","N","0","0","0","5","67301","0","","1.0","","1","N","N","N","0","","0","0","2","","2","","","3","0","4","0","0","0","3","2","0","3","","","","N","","","","","","","","","",""
"2022070231","1345","0","0","0","0","0","0","0","0","0","4","0","","67","7","2022","1","39.948679","-75.192892","1337","6","0","0","0","0","0","0","0","0","","0","0","0","","","0","","2","","39 56:55.246","","7","75 11:34.412","0","0","0","0","67301","0","0","0","N","0","0","0","2","67301","0","","1.0","","1","N","N","N","0","","0","0","2","","2","","","2","0","0","0","0","0","0","2","0","2","","03","","N","","","","","","","","","",""
"2022062525","1559","1","0","0","0","0","0","0","0","0","5","0","","67","7","2022","2","39.972053","-75.193574","1559","6","0","0","0","0","0","1","0","0","","0","0","0","","","0","N","0","","39 58:19.389","3","0","75 11:36.865","9","0","0","0","67301","0","0","0","N","0","0","0","4","68K01","0","","1.0","100.0","1","N","N","N","0","","0","0","2","","0","N","","3","0","1","0","0","0","1","2","0","3","","","","N","","","","","","","","","",""
"2022063032","2044","1","0","0","1","0","0","0","0","0","8","0","","67","7","2022","4","39.918167","-75.236061","2044","6","0","0","0","0","0","0","0","0","","0","0","0","","","1","","2","","39 55:05.401","","0","75 14:09.819","3","0","0","0","67301","1","0","0","N","0","0","0","2","67301","0","","1.0","","1","N","N","N","0","","1","0","0","","2","","","2","1","0","0","0","0","0","2","0","1","","03","","N","","","","","","","","","",""
"2022061202","2330","2","0","0","0","0","0","0","0","0","1","0","","67","7","2022","7","40.076019","-75.176805","2330","6","0","0","0","0","0","0","1","0","","0","0","0","","","0","","1","","40 04:33.670","","0","75 10:36.498","0","0","0","0","67301","0","0","0","N","0","0","0","3","67301","0","","1.0","","1","N","N","N","0","","0","0","0","","2","","","2","0","3","0","0","0","0","2","0","2","","","","N","","","","","","","","","",""
"2022072613","0049","1","0","0","0","0","0","0","0","0","5","0","","67","7","2022","7","39.989612","-75.118087","0044","6","0","0","0","0","0","0","0","0","","0","0","0","","","0","N","0","","39 59:22.602","","0","75 07:05.114","0","0","0","0","67301","0","0","0","N","0","0","0","1","67301","0","","4.0","","1","N","N","N","0","","0","0","0","","0","","","2","0","0","0","0","0","0","2","0","2","","03","","N","","","","","","","","","",""
"2022069439","1006","1","0","0","0","0","0","0","0","0","1","1","","67","7","2022","2","40.01182","-75.097752","1006","6","0","0","0","0","0","0","0","0","","0","1","0","","","1","","1","","40 00:42.552","","0","75 05:51.907","3","0","0","0","67301","0","0","0","N","0","0","0","2","67301","0","","1.0","","1","N","N","N","0","","1","0","0","","2","","","2","1","0","0","0","0","0","2","0","2","","03","","N","","","","","","","","","",""
"2022068815","1158","2","0","0","0","0","0","0","0","0","4","0","","67","7","2022","6","39.971284","-75.158582","1149","6","0","0","0","0","0","0","0","0","","0","0","0","","","1","","1","","39 58:16.621","","0","75 09:30.894","3","0","0","0","67301","0","0","0","N","0","0","0","2","67301","0","","1.0","","1","N","N","N","0","","1","0","2","","0","","","4","1","1","0","0","0","0","2","0","4","","03","","N","","","","","","","","","",""
"2022068556","1753","1","0","0","0","0","0","0","0","0","5","0","","67","7","2022","7","39.919286","-75.158981","1753","6","0","0","0","0","0","0","0","0","","0","0","0","","","0","N","0","","39 55:09.430","","0","75 09:32.330","0","0","0","0","67301","0","0","0","N","0","0","0","1","67301","0","","6.0","","1","N","N","N","0","","0","0","2","","0","","","3","0","0","0","0","0","0","2","0","3","","03","","N","","","","","","","","","",""
"2022072791","0648","0","0","0","0","0","0","0","0","0","7","1","","67","7","2022","5","39.888824","-75.217924","0633","6","0","0","0","0","0","0","0","0","","0","1","0","","","1","N","0","","39 53:19.767","","3","75 13:04.525","3","0","0","0","67301","0","0","0","N","0","0","0","1","68K03","0","","4.0","","8","N","N","N","0","","1","0","0","","0","","","1","1","0","0","0","0","0","2","0","1","","07","","N","","","","","","","","","",""
"2022061461","0351","1","0","0","0","0","0","0","0","0","5","0","","67","7","2022","7","39.943849","-75.165512","0350","6","0","0","0","0","0","0","0","0","","0","0","0","","","0","N","0","","39 56:37.855","","0","75 09:55.842","0","0","0","0","67301","0","0","0","N","0","0","0","1","67301","0","","6.0","","1","N","N","N","0","","0","0","1","","0","","","2","0","0","0","0","0","0","2","0","2","","03","","N","","","","","","","","","",""
"2022061457","2002","2","0","0","0","0","0","0","0","0","4","0","","67","7","2022","7","39.956136","-75.182989","1938","6","0","0","0","0","0","1","0","0","","0","0","0","","","1","","3","","39 57:22.089","","0","75 10:58.760","4","0","0","0","67301","0","0","0","N","0","0","0","2","67301","1","","1.0","","1","N","N","N","0","","0","0","0","","2","","","2","1","0","0","0","0","1","2","0","2","","03","","N","","","","","","","","","",""
"2022066361","1508","1","0","0","0","0","0","0","0","0","8","0","","67","7","2022","6","39.994714","-75.140311","1508","6","0","0","0","0","0","0","0","0","","0","0","0","","","1","N","0","","39 59:40.970","","0","75 08:25.120","2","0","0","0","67301","1","0","1","N","1","0","1","2","67301","0","","1.0","","1","N","N","N","0","","0","1","0","","0","","","2","1","0","0","0","0","0","2","0","1","","03","","N","","","","","","","","","",""
"2022063890","1250","1","0","0","0","0","0","0","0","0","5","0","","67","7","2022","6","39.965692","-75.228728","1241","6","0","0","0","0","0","0","0","0","","0","0","0","","","0","N","0","","39 57:56.490","","0","75 13:43.420","9","0","0","0","67301","0","0","0","N","0","0","0","2","67301","0","","1.0","","1","N","N","N","0","","0","0","2","","0","","","3","0","1","0","0","0","2","2","0","3","","04","","N","","","","","","","","","",""
"2022070449","0210","0","0","0","0","0","0","0","0","0","4","0","","67","7","2022","7","40.027797","-75.085229","0159","6","0","0","0","0","0","0","0","0","","0","0","0","","","1","","5","","40 01:40.069","","0","75 05:06.824","3","0","0","1","67301","0","0","0","N","0","0","0","2","67301","0","","1.0","","1","N","N","N","0","","1","0","1","","2","","","2","1","0","0","0","0","0","2","0","2","","","","N","","","","","","","","","",""
"2022078570","1558","1","0","0","0","0","0","0","0","0","7","0","","67","8","2022","7","40.058314","-75.047936","1551","6","0","0","0","0","0","0","1","0","","0","0","0","","","1","N","0","","40 03:29.930","","0","75 02:52.570","4","0","0","0","67301","0","0","0","N","0","0","0","1","67301","1","","5.0","","1","N","N","N","0","","0","0","0","","0","","","1","1","0","0","0","0","0","2","0","1","","03","","N","","","","","","","","","",""
"2022074053","1554","1","0","0","0","0","0","0","0","0","4","0","","67","8","2022","7","40.122619","-75.013767","1546","6","0","0","0","0","0","0","0","1","","0","0","0","","","1","N","0","","40 07:21.430","","0","75 00:49.560","3","0","0","0","67301","0","0","0","N","0","0","0","3","67301","0","","1.0","","1","N","N","N","0","","1","0","1","","0","","","2","1","0","0","0","0","0","2","0","2","","","","N","","","","","","","","","",""
"2022062483","1553","1","0","0","0","0","0","0","0","0","1","0","","67","7","2022","1","39.909156","-75.153004","1550","6","0","0","0","0","0","0","0","0","","0","0","0","","","3","N","0","","39 54:32.962","","3","75 09:10.814","3","0","0","0","67301","0","0","0","N","0","0","0","6","67501","0","","1.0","","1","N","N","N","0","","2","0","1","","8","","","2","3","0","0","0","1","0","2","0","2","","","","N","","","","","","","","","",""
"2022044076","1208","3","0","0","0","0","0","0","0","0","4","0","","67","5","2022","4","39.990651","-75.129479","1207","6","0","0","0","0","0","0","0","1","","0","0","0","","","3","N","0","","39 59:26.345","6","0","75 07:46.124","2","0","0","0","67301","0","0","0","N","0","0","0","4","67301","0","","1.0","1500.0","1","N","N","N","0","","2","1","1","","2","Y","","4","3","0","0","0","0","0","2","0","4","","03","","N","","","","","","","","","",""
"2022063788","1512","1","0","0","0","0","0","0","0","0","8","0","","67","7","2022","1","39.975868","-75.158557","1508","6","0","0","0","0","0","0","0","0","","0","0","0","","","1","","1","","39 58:33.126","","0","75 09:30.804","3","0","0","0","67301","1","0","0","N","1","0","0","2","67301","0","","1.0","","1","N","N","N","0","","1","0","0","","2","","","2","1","0","0","0","0","1","2","0","1","","03","","N","","","","","","","","","",""
"2022075742","1606","2","0","0","0","0","0","0","0","0","5","0","","67","8","2022","4","40.072892","-75.075887","1601","6","0","0","0","0","0","1","0","0","","0","0","0","","","1","","1","","40 04:22.410","5","0","75 04:33.193","3","0","0","0","67301","0","0","0","N","0","0","0","2","67301","0","","1.0","100.0","1","N","N","N","0","","1","0","0","","2","Y","","2","1","0","0","0","0","0","2","0","2","","","","N","","","","","","","","","",""
"2022069353","0125","0","0","0","0","0","0","0","0","0","4","0","","67","7","2022","1","40.034353","-75.074823","0122","6","0","0","0","0","0","1","0","0","","0","0","0","","","1","","5","","40 02:03.672","7","0","75 04:29.364","3","0","0","1","67301","0","0","0","N","0","0","0","2","67301","0","","1.0","233.0","1","N","N","N","0","","1","0","1","","2","Y","","2","1","1","0","0","0","0","2","0","2","","03","","N","","","","","","","","","",""
"2022074557","0454","0","0","0","0","0","0","0","0","0","7","0","","67","8","2022","5","40.027738","-75.024128","0431","6","0","0","0","0","0","0","0","0","","0","0","0","","","1","N","0","","40 01:39.855","","0","75 01:26.859","3","0","0","0","67301","0","0","0","N","0","0","0","1","68K01","0","","4.0","","9","N","N","N","0","","1","0","1","","0","","","1","1","0","0","0","0","0","2","0","1","","07","","N","","","","","","","","","",""
"2022071919","2246","1","0","0","0","0","0","0","0","0","3","0","","67","7","2022","6","40.012902","-75.058246","2234","6","0","0","0","0","0","0","0","1","","0","0","0","","","0","N","0","","40 00:46.446","1","0","75 03:29.686","9","0","0","0","67301","0","0","0","N","0","0","0","5","68K01","0","","1.0","1130.0","1","N","N","N","0","","0","0","1","","0","N","","3","0","0","0","0","0","1","2","0","3","","","","N","","","","","","","","","",""
"2022063330","2328","1","0","0","0","0","0","0","0","0","5","0","","67","7","2022","7","39.960978","-75.245415","2328","6","0","0","0","0","0","1","0","0","","0","0","0","","","1","N","0","","39 57:39.521","3","0","75 14:43.494","3","0","0","0","67301","0","0","0","N","0","0","0","1","67301","0","","6.0","2334.0","1","N","N","N","0","","1","0","1","","0","N","","3","1","0","0","0","0","0","2","1","3","","03","","N","","","","","","","","","",""
"2022064474","2104","2","0","0","0","0","0","0","0","0","5","0","","67","7","2022","1","40.055703","-75.232426","2101","6","0","0","0","0","0","0","0","0","","0","0","0","","","1","N","0","","40 03:20.531","","0","75 13:56.735","3","0","0","0","67301","0","0","0","N","0","0","0","3","67301","0","","6.0","","1","N","N","N","0","","1","0","2","","0","","","5","1","0","0","0","0","0","2","1","5","","","","N","","","","","","","","","",""
"2022069046","1815","1","0","0","0","0","0","0","0","0","5","0","","67","7","2022","4","39.921581","-75.155258","1808","6","0","0","0","0","0","0","0","0","","0","0","0","","","0","N","0","","39 55:17.690","","0","75 09:18.930","0","0","0","0","67301","0","0","0","N","0","0","0","1","67301","0","","6.0","","1","N","N","N","0","","0","0","1","","0","","","2","0","0","0","0","0","0","2","0","2","","03","","N","","","","","","","","","",""
"2022072271","1000","1","0","0","0","0","0","0","0","0","2","0","","67","7","2022","3","40.006121","-75.098969","0909","6","0","0","0","0","0","0","0","0","","0","0","0","","","1","N","0","","40 00:22.037","","0","75 05:56.289","4","0","0","0","67301","0","0","0","N","0","0","0","1","67301","1","","6.0","","1","N","N","N","0","","0","0","2","","0","","","4","1","0","0","0","0","0","2","1","4","","03","","N","","","","","","","","","",""
"2022065454","0744","0","0","0","0","0","0","0","0","0","2","0","","67","7","2022","5","40.026383","-75.045778","0730","6","0","0","0","0","0","0","0","0","","0","0","0","","","0","N","0","","40 01:34.980","","0","75 02:44.800","0","0","0","0","67301","0","0","0","N","0","0","0","1","67301","0","","6.0","","1","N","N","N","0","","0","0","3","","0","","","3","0","0","0","0","0","0","2","0","3","","","","N","","","","","","","","","",""
"2022066387","0453","2","0","0","0","0","0","0","0","0","1","0","","67","7","2022","1","40.018906","-75.14723","0446","6","0","0","0","0","0","0","0","0","","0","0","0","","","3","","1","","40 01:08.061","","0","75 08:50.029","3","0","0","0","67301","0","0","0","N","0","0","0","3","67301","0","","1.0","","1","N","N","N","0","","3","0","0","","2","","","2","3","0","0","0","0","0","2","0","2","","03","","N","","","","","","","","","",""
"2022065922","0330","1","0","0","0","0","0","0","0","0","5","0","","67","7","2022","3","39.962823","-75.139056","0321","6","0","0","0","0","1","0","0","0","","0","0","0","","","3","N","0","","39 57:46.163","1","0","75 08:20.601","8","0","0","0","67301","0","0","0","Y","0","0","0","5","68K01","0","","1.0","415.0","1","N","N","N","0","","0","0","1","","0","Y","","2","3","3","0","0","3","0","2","0","2","","03","","N","","","","","","","","","",""
"2022074187","1120","0","0","0","0","0","0","0","0","0","4","1","","67","8","2022","6","40.002118","-75.120316","1051","6","0","0","0","0","0","0","0","0","","0","1","0","","","1","","2","","40 00:07.624","","0","75 07:13.137","4","0","0","0","67301","0","0","0","N","0","0","0","3","67301","1","","1.0","","1","N","N","N","0","","0","0","1","","3","","","3","1","0","0","0","0","0","2","1","3","","03","","N","","","","","","","","","",""
"2022066911","0730","1","0","0","0","0","0","0","0","0","4","0","","67","7","2022","5","40.066952","-75.158297","0722","6","0","0","0","0","0","0","0","0","","0","0","0","","","1","","5","","40 04:01.027","","0","75 09:29.868","3","0","0","0","67301","0","0","0","N","0","0","0","2","67301","0","","1.0","","1","N","N","N","0","","1","0","1","","2","","","2","1","0","0","0","0","1","2","0","2","","03","","N","","","","","","","","","",""
"2022069983","0156","1","0","0","0","0","0","0","0","0","7","0","","67","7","2022","2","39.926988","-75.243496","0154","6","0","0","0","0","0","0","0","0","","0","0","0","","","1","","3","","39 55:37.155","","0","75 14:36.586","2","0","0","0","67301","0","0","0","N","0","0","0","1","67301","0","","5.0","","1","N","N","N","0","","0","1","0","","0","","","1","1","0","0","0","0","0","2","0","1","","03","","N","","","","","","","","","",""
"2022068612","2359","1","0","0","0","0","0","0","0","0","5","0","","67","7","2022","7","40.049592","-75.148047","2355","6","0","0","0","0","0","0","0","0","","0","0","0","","","0","N","0","","40 02:58.530","","0","75 08:52.970","9","0","0","0","67301","0","0","0","N","0","0","0","1","67301","0","","6.0","","1","N","N","N","0","","0","0","2","","0","","","3","0","0","0","0","0","1","2","0","3","","","","N","","","","","","","","","",""
"2022077258","1451","2","0","0","0","0","0","0","0","0","1","0","","67","7","2022","7","39.958855","-75.170687","1436","6","0","0","0","0","0","0","1","0","","0","0","0","","","1","N","0","","39 57:31.879","3","0","75 10:14.474","8","0","0","0","67301","0","0","0","N","0","0","0","3","68K01","0","","1.0","1510.0","1","N","N","N","0","","0","0","0","","0","N","","2","1","0","0","0","1","1","2","0","2","","","","N","","","","","","","","","",""
"2022063543","2040","1","0","0","0","0","0","0","0","0","7","0","","67","7","2022","7","40.040624","-75.191698","2031","6","0","0","0","0","0","0","0","0","","0","0","0","","","0","N","0","","40 02:26.248","","0","75 11:30.111","0","0","0","0","67301","0","0","0","N","0","0","0","1","67301","0","","4.0","","1","N","N","N","0","","0","0","0","","0","","","1","0","0","0","0","0","0","2","0","1","","03","","N","","","","","","","","","",""
"2022068679","","2","0","0","0","0","0","0","0","0","4","0","","67","7","2022","6","39.903432","-75.243164","","6","0","0","0","0","0","0","0","0","","0","0","0","","","0","","1","","39 54:12.355","","0","75 14:35.390","0","0","0","0","67301","0","0","0","N","0","0","0","2","00000","0","","1.0","","1","","","N","0","","0","0","0","","2","","","2","0","0","0","0","0","0","2","0","2","","","","N","","","","","","","","","",""
"2022064475","1714","0","0","0","0","0","0","0","0","0","4","0","","67","7","2022","3","40.033054","-75.222464","1707","6","0","0","0","0","0","1","0","0","","0","0","0","","","1","","2","","40 01:58.994","","0","75 13:20.870","8","0","0","0","67301","0","0","0","N","0","0","0","2","67301","0","","1.0","","1","N","N","N","0","","0","0","2","","0","","","2","1","2","0","0","1","0","2","0","2","","03","","N","","","","","","","","","",""
"2022076035","1210","2","0","0","0","0","0","0","0","0","1","0","","67","7","2022","5","39.92818","-75.196279","1147","6","0","0","0","0","0","0","0","0","","0","0","0","","","0","N","0","","39 55:41.447","3","0","75 11:46.606","9","0","0","0","67301","0","0","0","N","0","0","0","3","68K01","0","","4.0","1230.0","1","N","N","N","0","","0","0","0","","0","N","","2","0","0","0","0","0","1","2","0","2","","03","","N","","","","","","","","","",""
"2022063034","1545","3","0","0","0","0","0","0","0","0","5","0","","67","7","2022","2","40.077789","-75.176342","1542","6","0","0","0","0","0","1","0","0","","0","0","0","","","1","N","0","","40 04:40.040","","0","75 10:34.830","8","0","0","0","67301","0","0","0","N","0","0","0","1","67301","0","","6.0","","1","N","N","N","1","","0","0","3","","0","","","8","1","1","0","0","1","0","2","1","8","","","","N","","","","","","","","","",""
"2022068814","0006","2","0","0","0","0","0","0","0","0","5","0","","67","7","2022","7","39.990333","-75.155255","0005","6","0","0","0","0","0","0","0","0","","0","0","0","","","4","N","0","","39 59:25.200","1","0","75 09:18.918","3","0","0","0","67301","0","0","0","N","0","0","0","5","67301","2","","1.0","145.0","1","N","N","Y","0","","2","0","1","","0","Y","","3","4","0","0","0","0","1","2","0","3","","","","N","","","","","","","","","",""
"2022068632","0207","0","0","0","0","0","0","0","0","0","4","0","","67","7","2022","7","39.942443","-75.147383","0205","6","0","0","0","0","0","0","0","0","","0","0","0","","","2","","1","","39 56:32.795","","0","75 08:50.577","3","0","0","2","67301","0","0","0","N","0","0","0","3","67301","0","","1.0","","1","N","N","N","0","","2","0","0","","2","","","2","2","0","0","0","0","0","2","0","2","","03","","N","","","","","","","","","",""
"2022068596","1445","0","0","0","0","0","0","0","0","0","1","0","","67","7","2022","7","39.973776","-75.258236","1426","6","0","0","0","0","0","0","1","0","","0","0","0","","","2","","1","","39 58:25.593","","0","75 15:29.649","4","0","0","0","67301","0","0","0","N","0","0","0","2","67301","2","","1.0","","1","N","N","N","0","","0","0","2","","2","","","2","2","2","0","0","0","0","2","0","2","","03","","N","","","","","","","","","",""
"2022074304","0434","2","0","0","0","0","0","0","0","0","1","0","","67","7","2022","6","39.957054","-75.226244","0433","6","0","0","0","0","0","1","0","0","","0","0","0","","","2","N","0","","39 57:25.393","","0","75 13:34.479","2","0","0","0","67301","0","0","0","N","0","0","0","3","67301","0","","1.0","","1","N","N","N","0","","1","1","0","","0","","","2","2","0","0","0","0","1","2","0","2","","","","N","","","","","","","","","",""
"2022064789","","0","0","0","0","0","0","0","0","0","1","0","","67","6","2022","4","","","","6","0","0","0","0","0","1","0","0","","0","0","0","","","1","N","0","","","","0","","8","0","0","0","67301","0","0","0","N","0","0","0","3","00000","0","","1.0","","1","","","N","0","","0","0","1","","0","","","3","1","0","0","0","1","0","1","0","3","","","","N","","","","","","","","","",""
"2022063390","0438","0","0","0","0","0","0","0","0","0","4","0","","67","7","2022","4","40.039151","-75.110002","0436","6","0","0","0","0","0","0","0","0","","0","0","0","","","3","","1","","40 02:20.942","","0","75 06:36.006","2","0","0","0","67301","0","0","0","N","0","0","0","6","67301","0","","1.0","","1","N","N","N","0","","2","1","1","","2","","","2","3","4","0","1","0","0","2","1","2","","03","","N","","","","","","","","","",""
"2022070023","2044","2","0","0","0","0","0","0","0","0","4","0","","67","7","2022","7","39.990984","-75.156128","2034","6","0","0","0","0","0","1","1","0","","0","0","0","","","2","","1","","39 59:27.542","","0","75 09:22.060","4","0","0","0","67301","0","0","0","N","0","0","0","2","67301","2","","1.0","","1","N","N","N","0","","0","0","0","","3","","","2","2","0","0","0","0","0","2","0","2","","03","","N","","","","","","","","","",""
"2022069747","0118","1","0","0","0","0","0","0","0","0","5","0","","67","7","2022","7","39.942322","-75.153903","0115","6","0","0","0","0","0","0","0","0","","0","0","0","","","0","N","0","","39 56:32.360","","0","75 09:14.050","9","0","0","0","67301","0","0","0","N","0","0","0","1","67301","0","","6.0","","1","N","N","N","0","","0","0","1","","0","","","2","0","0","0","0","0","1","2","0","2","","04","","N","","","","","","","","","",""
"2022063026","2205","2","0","0","0","0","0","0","0","0","6","0","","67","7","2022","5","40.102511","-75.026408","2154","6","0","0","0","0","0","0","0","0","","0","0","0","","","0","N","0","","40 06:09.040","","0","75 01:35.070","9","0","0","0","67301","0","0","0","N","0","0","0","1","67301","0","","6.0","","1","N","N","N","0","","0","0","1","","0","","","3","0","0","0","0","0","1","2","0","3","","04","","N","","","","","","","","","",""
"2022061504","2259","0","0","0","0","0","0","0","0","0","5","0","","67","7","2022","2","40.052533","-75.061914","2256","6","0","0","0","0","0","0","0","0","","0","0","0","","","1","N","0","","40 03:09.120","","0","75 03:42.890","3","0","0","0","67301","0","0","0","N","0","0","0","1","67301","0","","6.0","","1","N","N","N","0","","1","0","2","","0","","","2","1","0","0","0","0","0","2","0","2","","03","","N","","","","","","","","","",""
"2022068616","1445","1","0","0","0","0","0","0","0","0","1","0","","67","7","2022","6","40.003528","-75.168853","1435","6","0","0","0","0","0","0","0","0","","0","0","0","","","1","N","0","","40 00:12.700","2","0","75 10:07.870","3","0","0","0","67301","0","0","0","N","0","0","0","3","67301","0","","1.0","130.0","1","N","N","N","0","","1","0","1","","0","N","","3","1","0","0","0","0","0","2","0","3","","","","N","","","","","","","","","",""
"2022072284","2210","2","0","0","0","0","0","0","0","0","4","0","","67","7","2022","1","40.012526","-75.140106","2208","6","0","0","0","0","0","0","0","0","","0","0","0","","","1","","1","","40 00:45.093","","0","75 08:24.381","3","0","0","0","67301","0","0","0","N","0","0","0","2","67301","0","","1.0","","1","N","N","Y","0","","1","0","2","","3","","","4","1","0","0","0","0","0","2","0","4","","03","","N","","","","","","","","","",""
"2022075636","1737","1","0","0","0","0","0","0","0","0","5","0","","67","7","2022","7","40.038088","-75.011158","1715","6","0","0","0","0","0","0","0","0","","0","0","0","","","2","N","0","","40 02:17.115","","0","75 00:40.169","3","0","0","0","67301","0","0","0","N","0","0","0","4","68K01","1","","1.0","","1","N","N","N","0","","1","0","1","","0","","","2","2","0","0","0","0","0","2","0","2","","","","N","","","","","","","","","",""