"CRN","ARRIVAL_TM","AUTOMOBILE_COUNT","BELTED_DEATH_COUNT","BELTED_SUSP_SERIOUS_INJ_COUNT","BICYCLE_COUNT","BICYCLE_DEATH_COUNT","BICYCLE_SUSP_SERIOUS_INJ_COUNT","BUS_COUNT","CHLDPAS_DEATH_COUNT","CHLDPAS_SUSP_SERIOUS_INJ_COUNT","COLLISION_TYPE","COMM_VEH_COUNT","CONS_ZONE_SPD_LIM","COUNTY","CRASH_MONTH","CRASH_YEAR","DAY_OF_WEEK","DEC_LATITUDE","DEC_LONGITUDE","DISPATCH_TM","DISTRICT","DRIVER_COUNT_16YR","DRIVER_COUNT_17YR","DRIVER_COUNT_18YR","DRIVER_COUNT_19YR","DRIVER_COUNT_20YR","DRIVER_COUNT_50_64YR","DRIVER_COUNT_65_74YR","DRIVER_COUNT_75PLUS","EST_HRS_CLOSED","FATAL_COUNT","HEAVY_TRUCK_COUNT","HORSE_BUGGY_COUNT","HOUR_OF_DAY","ILLUMINATION","INJURY_COUNT","INTERSECTION_RELATED","INTERSECT_TYPE","LANE_CLOSED","LATITUDE","LN_CLOSE_DIR","LOCATION_TYPE","LONGITUDE","MAX_SEVERITY_LEVEL","MCYCLE_DEATH_COUNT","MCYCLE_SUSP_SERIOUS_INJ_COUNT","MOTORCYCLE_COUNT","MUNICIPALITY","NONMOTR_COUNT","NONMOTR_DEATH_COUNT","NONMOTR_SUSP_SERIOUS_INJ_COUNT","NTFY_HIWY_MAINT","PED_COUNT","PED_DEATH_COUNT","PED_SUSP_SERIOUS_INJ_COUNT","PERSON_COUNT","POLICE_AGCY","POSSIBLE_INJ_COUNT","RDWY_SURF_TYPE_CD","RELATION_TO_ROAD","ROADWAY_CLEARED","ROAD_CONDITION","SCH_BUS_IND","SCH_ZONE_IND","SECONDARY_CRASH","SMALL_TRUCK_COUNT","SPEC_JURIS_CD","SUSP_MINOR_INJ_COUNT","SUSP_SERIOUS_INJ_COUNT","SUV_COUNT","TCD_FUNC_CD","TCD_TYPE","TFC_DETOUR_IND","TIME_OF_DAY","TOTAL_UNITS","TOT_INJ_COUNT","UNBELTED_OCC_COUNT","UNB_DEATH_COUNT","UNB_SUSP_SERIOUS_INJ_COUNT","UNK_INJ_DEG_COUNT","UNK_INJ_PER_COUNT","URBAN_RURAL","VAN_COUNT","VEHICLE_COUNT","WEATHER1","WEATHER2","WORKERS_PRES","WORK_ZONE_IND","WORK_ZONE_LOC","WORK_ZONE_TYPE","WZ_CLOSE_DETOUR","WZ_FLAGGER","WZ_LAW_OFFCR_IND","WZ_LN_CLOSURE","WZ_MOVING","WZ_OTHER","WZ_SHLDER_MDN","WZ_WORKERS_INJ_KILLED"
"2022075335","1002","0","0","0","0","0","0","0","0","0","1","0","","67","7","2022","7","39.958972","-75.170585","0955","6","0","0","0","1","0","0","0","0","","0","0","0","","","2","N","0","","39 57:32.299","3","0","75 10:14.106","3","0","0","0","67301","0","0","0","N","0","0","0","3","68K01","0","","1.0","1050.0","1","N","N","N","0","","2","0","1","","0","N","","2","2","0","0","0","0","0","2","1","2","","","","N","","","","","","","","","",""
"2022063031","1755","1","0","0","0","0","0","0","0","0","4","0","","67","7","2022","4","39.908973","-75.233051","1755","6","0","0","0","0","0","0","0","0","","0","0","0","","","1","","2","","39 54:32.303","","0","75 13:58.982","3","0","0","0","67301","0","0","0","N","0","0","0","2","67301","0","","1.0","","1","N","N","N","0","","1","0","0","","2","","","2","1","0","0","0","0","0","2","1","2","","03","","N","","","","","","","","","",""
"2022076014","1410","1","0","0","0","0","0","0","0","0","1","0","","67","8","2022","5","39.996007","-75.08277","1354","6","0","0","0","0","0","1","0","0","","0","0","0","","","0","N","0","","39 59:45.625","","0","75 04:57.973","0","0","0","0","67301","0","0","0","N","0","0","0","3","68K01","0","","1.0","","1","N","N","N","0","","0","0","1","","0","","","2","0","0","0","0","0","0","2","0","2","","03","","N","","","","","","","","","",""
"2022061690","0654","2","0","0","0","0","0","0","0","0","2","0","","67","7","2022","3","40.0441","-75.162593","0651","6","0","0","0","0","0","0","0","0","","0","0","0","","","1","N","0","","40 02:38.760","5","0","75 09:45.335","3","0","0","0","67301","0","0","0","N","0","0","0","2","67301","0","","1.0","805.0","1","N","N","N","0","","1","0","0","","0","Y","","2","1","0","0","0","0","0","2","0","2","","03","","N","","","","","","","","","",""
"2022064764","2300","1","0","0","0","0","0","0","0","0","5","0","","67","7","2022","3","39.914906","-75.160594","2251","6","0","0","0","0","0","0","1","0","","0","0","0","","","1","N","0","","39 54:53.660","","0","75 09:38.140","3","0","0","0","67301","0","0","0","N","0","0","0","1","67301","0","","6.0","","1","N","N","N","0","","1","0","2","","0","","","3","1","1","0","0","0","0","2","0","3","","03","","N","","","","","","","","","",""
"2022065026","1804","2","0","0","0","0","0","0","0","0","1","0","","67","7","2022","5","40.02595","-75.027984","1751","6","0","0","0","0","0","0","0","0","","0","0","0","","","0","N","0","","40 01:33.420","2","0","75 01:40.743","0","0","0","0","67301","0","0","0","N","0","0","0","3","68K01","0","","1.0","1830.0","1","N","N","N","0","","0","0","1","","0","N","","3","0","0","0","0","0","0","2","0","3","","03","","N","","","","","","","","","",""
"2022063118","0200","1","0","0","0","0","0","0","0","0","4","0","","67","7","2022","7","40.035118","-75.069504","0155","6","0","0","0","0","0","0","0","0","","0","0","0","","","1","","1","","40 02:06.425","","0","75 04:10.216","4","0","0","0","67301","0","0","0","N","0","0","0","2","67301","1","","1.0","","9","N","N","Y","0","","0","0","1","","2","","","2","1","0","0","0","0","0","2","0","2","","07","","N","","","","","","","","","",""
"2022062042","1520","2","0","0","0","0","0","0","0","0","5","0","","67","7","2022","3","39.953428","-75.153089","1515","6","0","0","0","0","0","1","0","0","","0","0","0","","","2","N","0","","39 57:12.340","","0","75 09:11.120","4","0","0","0","67301","0","0","0","N","0","0","0","3","67301","2","","1.0","","1","N","N","N","0","","0","0","0","","0","","","2","2","0","0","0","0","0","2","0","2","","04","","N","","","","","","","","","",""
"2022068745","0844","1","0","0","0","0","0","0","0","0","4","0","","67","7","2022","5","39.942651","-75.236421","0843","6","0","0","0","0","0","0","0","0","","0","0","0","","","1","","1","","39 56:33.543","","0","75 14:11.115","3","0","0","0","67301","0","0","0","N","0","0","0","2","67301","0","","1.0","","9","N","N","N","0","","1","0","0","","2","","","2","1","0","0","0","0","0","2","0","2","","04","","N","","","","","","","","","",""
"2022075974","1843","0","0","0","0","0","0","0","0","0","1","0","","67","8","2022","2","39.899963","-75.159968","1843","6","0","0","0","0","0","1","0","0","","0","0","0","","","1","N","0","","39 53:59.868","","0","75 09:35.883","3","0","0","0","67301","0","0","0","N","0","0","0","3","68K01","0","","1.0","","1","N","N","N","0","","1","0","2","","0","","","3","1","0","0","0","0","1","2","0","3","","","","N","","","","","","","","","",""
"2022073280","0619","0","0","0","0","0","0","0","0","0","7","0","","67","7","2022","6","39.976231","-75.195734","0614","6","0","0","0","0","0","0","0","0","","0","0","0","","","1","N","0","","39 58:34.432","","0","75 11:44.643","8","0","0","1","67301","0","0","0","N","0","0","0","1","68K01","0","","3.0","","1","N","N","N","0","","0","0","0","","0","","","1","1","0","0","0","1","0","2","0","1","","03","","N","","","","","","","","","",""
"2022075849","1430","1","0","0","0","0","0","0","0","0","5","0","","67","8","2022","5","39.993093","-75.184373","1430","6","0","0","0","0","0","0","0","0","","0","0","0","","","0","","2","","39 59:35.134","","0","75 11:03.742","9","0","0","0","67301","0","0","0","N","0","0","0","1","67301","0","","1.0","","1","N","N","N","0","","0","0","0","","2","","","2","0","0","0","0","0","1","2","0","2","","03","","N","","","","","","","","","",""
"2022075744","1206","3","0","0","0","0","0","0","0","0","5","0","","67","8","2022","4","39.912474","-75.15804","1202","6","0","0","0","0","0","1","0","0","","0","0","0","","","0","","2","","39 54:44.906","","0","75 09:28.944","0","0","0","0","67301","0","0","0","N","0","0","0","1","67301","0","","1.0","","1","N","N","N","0","","0","0","0","","0","","","3","0","0","0","0","0","0","2","0","3","","","","N","","","","","","","","","",""
"2022080458","0649","1","0","0","0","0","0","0","0","0","8","0","","67","8","2022","2","40.085472","-74.969469","0640","6","0","0","0","0","0","0","0","0","","0","0","0","","","1","","7","","40 05:07.699","2","2","74 58:10.087","2","0","0","0","67301","1","0","1","N","1","0","1","2","67301","0","","1.0","1027.0","1","N","N","N","0","","0","1","0","","0","N","","2","1","0","0","0","0","0","2","0","1","","03","","N","","","","","","","","","",""
"2022064186","1113","1","0","0","0","0","0","0","0","0","4","0","","67","7","2022","7","40.109325","-75.025634","1113","6","0","0","0","0","1","0","1","0","","0","0","0","","","1","","2","","40 06:33.569","","0","75 01:32.284","3","0","0","0","67301","0","0","0","N","0","0","0","3","67301","0","","1.0","","1","N","N","N","1","","1","0","0","","0","","","2","1","0","0","0","0","0","2","0","2","","","","N","","","","","","","","","",""
"2022075288","1410","1","0","0","0","0","0","0","0","0","1","0","","67","8","2022","5","40.025619","-75.027998","1342","6","0","0","0","0","0","1","0","0","","0","0","0","","","0","N","0","","40 01:32.227","","0","75 01:40.792","0","0","0","0","67301","0","0","0","N","0","0","0","3","68K01","0","","1.0","","1","N","N","N","0","","0","0","2","","0","","","3","0","0","0","0","0","0","2","0","3","","03","","N","","","","","","","","","",""
"2022076004","0924","1","0","0","0","0","0","0","0","0","1","0","","67","8","2022","4","39.944115","-75.191853","0908","6","0","0","0","0","1","0","0","0","","0","0","0","","","0","N","0","","39 56:38.813","4","0","75 11:30.669","0","0","0","0","67301","0","0","0","N","0","0","0","2","68K01","0","","3.0","931.0","1","N","N","N","1","","0","0","0","","0","N","","2","0","0","0","0","0","0","2","0","2","","","","N","","","","","","","","","",""
"2022075754","0733","2","0","0","0","0","0","0","0","0","2","0","","67","8","2022","3","40.093503","-74.980167","0727","6","0","0","0","0","0","0","0","0","","0","0","0","","","1","","1","","40 05:36.611","","0","74 58:48.600","4","0","0","0","67301","0","0","0","N","0","0","0","2","67301","1","","1.0","","1","N","N","N","0","","0","0","0","","2","","","2","1","1","0","0","0","0","2","0","2","","03","","N","","","","","","","","","",""
"2022068581","1018","2","0","0","0","0","0","0","0","0","1","0","","67","7","2022","1","40.031964","-75.050656","1018","6","0","0","0","0","0","0","0","0","","0","0","0","","","0","N","0","","40 01:55.070","","0","75 03:02.360","0","0","0","0","67301","0","0","0","N","0","0","0","1","67301","0","","6.0","","1","N","N","N","0","","0","0","0","","0","","","2","0","0","0","0","0","0","2","0","2","","","","N","","","","","","","","","",""
"2022075964","0020","2","0","0","0","0","0","0","0","0","2","0","","67","8","2022","5","39.945858","-75.240283","0020","6","0","0","0","0","0","0","0","0","","0","0","0","","","1","","1","","39 56:45.089","","7","75 14:25.018","8","0","0","0","67301","0","0","0","N","0","0","0","1","67301","0","","5.0","","1","N","N","N","0","","0","0","0","","0","","","2","1","1","0","0","1","0","2","0","2","","03","","N","","","","","","","","","",""
"2022061204","2239","0","0","0","0","0","0","0","0","0","8","0","","67","7","2022","7","40.017371","-75.149473","2239","6","0","0","0","0","0","0","0","0","","0","0","0","","","1","N","0","","40 01:02.535","","0","75 08:58.101","3","0","0","0","67301","1","0","0","N","1","0","0","2","67301","0","","1.0","","9","N","N","N","0","","1","0","1","","0","","","2","1","0","0","0","0","1","2","0","1","","","","N","","","","","","","","","",""
"2022063095","1745","1","0","0","0","0","0","0","0","0","5","0","","67","7","2022","3","39.97037","-75.245229","1739","6","0","0","0","0","0","1","0","0","","0","0","0","","","0","","1","","39 58:13.333","","0","75 14:42.826","0","0","0","0","67301","0","0","0","N","0","0","0","3","67301","0","","1.0","","1","N","N","N","0","","0","0","2","","2","","","3","0","0","0","0","0","0","2","0","3","","07","","N","","","","","","","","","",""
"2022061405","0950","0","0","0","0","0","0","0","0","0","5","0","","67","7","2022","7","40.05942","-75.080422","0937","6","0","0","0","0","0","0","0","0","","0","0","0","","","0","N","0","","40 03:33.912","3","0","75 04:49.518","0","0","0","0","67301","0","0","0","N","0","0","0","1","67301","0","","6.0","1027.0","1","N","N","N","0","","0","0","2","","0","N","","2","0","0","0","0","0","0","2","0","2","","03","","N","","","","","","","","","",""
"2022073969","0826","1","0","0","0","0","0","0","0","0","4","0","","67","8","2022","7","39.89318","-75.235951","0824","6","0","0","0","0","0","1","0","0","","0","0","0","","","1","N","0","","39 53:35.449","1","0","75 14:09.424","3","0","0","0","67301","0","0","0","N","0","0","0","3","67301","0","","1.0","100.0","1","N","N","N","0","","1","0","1","","0","N","","2","1","0","0","0","0","0","2","0","2","","03","","N","","","","","","","","","",""
"2022063531","1134","1","0","0","0","0","0","0","0","0","4","0","","67","7","2022","2","39.956141","-75.206336","1132","6","0","0","0","0","0","0","0","0","","0","0","0","","","1","","1","","39 57:22.108","","0","75 12:22.808","3","0","0","0","67301","0","0","0","N","0","0","0","1","67301","0","","1.0","","1","N","N","Y","0","","1","0","1","","2","","","3","1","0","0","0","0","0","2","0","2","","03","","N","","","","","","","","","",""
"2022061522","0506","1","0","0","0","0","0","0","0","0","5","0","","67","7","2022","3","40.030217","-75.139539","0505","6","0","0","0","0","0","0","0","0","","0","0","0","","","0","N","0","","40 01:48.780","","0","75 08:22.340","9","0","0","0","67301","0","0","0","N","0","0","0","2","67301","0","","6.0","","1","N","N","N","0","","0","0","1","","0","","","2","0","0","0","0","0","1","2","0","2","","03","","N","","","","","","","","","",""
"2022079177","1205","1","0","0","0","0","0","0","0","0","4","0","","67","8","2022","2","39.984272","-75.161618","2359","6","0","0","0","0","0","0","0","0","","0","0","0","","","0","","2","","39 59:03.379","","0","75 09:41.823","0","0","0","0","67301","0","0","0","N","0","0","0","1","67301","0","","1.0","","1","N","N","N","0","","0","0","1","","3","","","2","0","0","0","0","0","0","2","0","2","","","","N","","","","","","","","","",""
"2022065479","2218","2","0","0","0","0","0","0","0","0","4","0","","67","7","2022","2","39.954593","-75.206427","2214","6","0","0","0","1","0","0","0","0","","0","0","0","","","1","","1","","39 57:16.536","","0","75 12:23.138","3","0","0","0","67301","0","0","0","N","0","0","0","5","67301","0","","1.0","","1","N","N","N","0","","1","0","0","","2","","","3","1","0","0","0","0","1","2","1","3","","03","","N","","","","","","","","","",""
"2022061575","1613","0","0","0","0","0","0","0","0","0","1","0","","67","7","2022","2","39.940665","-75.219038","1613","6","0","0","0","0","0","0","0","0","","0","0","0","","","3","N","0","","39 56:26.394","","0","75 13:08.535","3","0","0","0","67301","0","0","0","N","0","0","0","5","67301","0","","6.0","","1","N","N","N","0","","3","0","4","","0","","","4","3","0","0","0","0","0","2","0","4","","","","N","","","","","","","","","",""
"2022074208","0137","2","0","0","0","0","0","0","0","0","1","0","","67","8","2022","2","39.946386","-75.242003","0134","6","0","0","0","0","0","0","0","0","","0","0","0","","","0","N","0","","39 56:46.990","2","0","75 14:31.210","0","0","0","0","67301","0","0","0","N","0","0","0","1","67301","0","","6.0","329.0","9","N","N","N","0","","0","0","2","","0","N","","4","0","0","0","0","0","0","2","0","4","","07","","N","","","","","","","","","",""
"2022068579","1835","3","0","0","0","0","0","0","0","0","5","0","","67","7","2022","6","40.024678","-75.084544","1831","6","0","0","0","0","0","0","0","0","","0","0","0","","","0","N","0","","40 01:28.840","2","0","75 05:04.360","0","0","0","0","67301","0","0","0","N","0","0","0","2","67301","0","","6.0","1957.0","1","N","N","N","0","","0","0","0","","0","N","","5","0","1","0","0","0","0","2","1","5","","03","","N","","","","","","","","","",""
"2022075798","1400","1","0","0","0","0","0","0","0","0","4","0","","67","8","2022","2","39.971819","-75.125928","1400","6","0","0","0","0","0","1","0","0","","0","0","0","","","0","","1","","39 58:18.550","","0","75 07:33.339","0","0","0","0","67301","0","0","0","N","0","0","0","2","67301","0","","1.0","","1","N","N","N","0","","0","0","1","","2","","","2","0","0","0","0","0","0","2","0","2","","","","N","","","","","","","","","",""
"2022074175","1212","1","0","0","0","0","0","0","0","0","5","0","","67","8","2022","3","39.988707","-75.253001","1211","6","0","0","0","0","0","0","0","0","","0","0","0","","","0","N","0","","39 59:19.345","","0","75 15:10.803","0","0","0","0","67301","0","0","0","N","0","0","0","1","67301","0","","1.0","","1","N","N","N","0","","0","0","0","","0","","","2","0","0","0","0","0","0","2","0","2","","03","","N","","","","","","","","","",""
"2022063413","1327","0","0","0","0","0","0","0","0","0","7","0","","67","7","2022","6","39.911944","-75.168083","1327","6","0","0","0","0","0","0","0","0","","0","0","0","","","0","","7","","39 54:43.000","4","8","75 10:05.100","0","0","0","0","67301","0","0","0","N","0","0","0","1","67501","0","","7.0","1400.0","1","N","N","N","1","","0","0","0","","0","N","","1","0","0","0","0","0","0","2","0","1","","","","N","","","","","","","","","",""
"2022075285","1541","2","0","0","0","0","0","0","0","0","1","0","","67","8","2022","2","39.958951","-75.170404","1541","6","0","0","0","1","0","0","0","0","","0","0","0","","","1","N","0","","39 57:32.225","4","0","75 10:13.456","4","0","0","0","67301","0","0","0","N","0","0","0","6","68K01","1","","1.0","1542.0","1","N","N","N","0","","0","0","1","","0","N","","4","1","2","0","0","0","1","2","0","4","","03","","N","","","","","","","","","",""
"2022069745","1845","0","0","0","0","0","0","0","0","0","8","0","","67","7","2022","6","39.939117","-75.142113","1842","6","0","0","0","0","0","1","0","0","","0","0","0","","","1","N","0","","39 56:20.821","","7","75 08:31.607","8","0","0","0","67301","1","0","0","N","1","0","0","2","67301","0","","1.0","","9","N","N","N","0","","0","0","1","","0","","","2","1","0","0","0","1","0","2","0","1","","07","","N","","","","","","","","","",""
"2022061691","1225","0","0","0","0","0","0","0","0","0","4","0","","67","7","2022","3","40.041053","-75.179119","1225","6","0","0","0","0","0","1","0","0","","0","0","0","","","1","","2","","40 02:27.791","","0","75 10:44.829","4","0","0","0","67301","0","0","0","N","0","0","0","2","67301","1","","1.0","","1","N","N","N","1","","0","0","1","","3","","","2","1","0","0","0","0","0","2","0","2","","03","","N","","","","","","","","","",""
"2022062531","1444","2","0","0","0","0","0","0","0","0","1","0","45","67","7","2022","3","39.992551","-75.085311","1421","6","0","0","0","0","0","0","0","1","","0","0","0","","","1","N","0","","39 59:33.182","","0","75 05:07.120","8","0","0","0","67301","0","0","0","N","0","0","0","3","68K01","0","","1.0","","1","N","N","N","0","","0","0","1","","0","","","3","1","1","0","0","1","0","2","0","3","","","N","Y","4","1","","","N","","","","Y","N"
"2022072289","0120","4","0","0","0","0","0","0","0","0","6","0","","67","7","2022","7","39.979519","-75.117278","0118","6","0","0","0","0","0","0","0","0","","0","0","0","","","0","N","0","","39 58:46.270","2","0","75 07:02.200","9","0","0","0","67301","0","0","0","N","0","0","0","1","67301","0","","6.0","200.0","1","N","N","N","0","","0","0","2","","0","N","","6","0","0","0","0","0","1","2","0","6","","","","N","","","","","","","","","",""
"2022063576","2350","1","0","0","0","0","0","0","0","0","1","0","","67","7","2022","1","40.073656","-75.164856","2345","6","0","0","0","0","0","0","0","0","","0","0","0","","","0","N","0","","40 04:25.160","","0","75 09:53.480","0","0","0","0","67301","0","0","0","N","0","0","0","2","67301","0","","6.0","","1","N","N","N","0","","0","0","2","","0","","","3","0","0","0","0","0","0","2","0","3","","03","","N","","","","","","","","","",""
"2022068078","0218","1","0","0","0","0","0","0","0","0","7","0","45","67","7","2022","1","40.009179","-75.067681","0159","6","0","0","0","0","1","0","0","0","","0","0","0","","","0","N","0","","40 00:33.045","","3","75 04:03.651","0","0","0","0","67301","0","0","0","N","0","0","0","1","68K01","0","","3.0","","1","N","N","N","0","","0","0","0","","0","","","1","0","0","0","0","0","0","2","0","1","","","N","Y","8","1","","","N","","","","Y","N"
"2022061702","1105","1","0","0","0","0","0","0","0","0","4","0","","67","7","2022","2","39.944339","-75.230956","1104","6","0","0","0","0","0","0","0","0","","0","0","0","","","1","","1","","39 56:39.619","","0","75 13:51.440","3","0","0","0","67301","0","0","0","N","0","0","0","2","67301","0","","1.0","","1","N","N","N","1","","1","0","0","","3","","","2","1","0","0","0","0","1","2","0","2","","03","","N","","","","","","","","","",""
"2022075797","2225","2","0","0","0","0","0","0","0","0","4","0","","67","8","2022","1","39.964483","-75.134208","2205","6","0","0","0","0","0","0","0","0","","0","0","0","","","1","","5","","39 57:52.138","2","0","75 08:03.150","3","0","0","0","67301","0","0","0","N","0","0","0","2","67301","0","","1.0","2240.0","1","N","N","N","0","","1","0","0","","2","N","","2","1","0","0","0","0","0","2","0","2","","","","N","","","","","","","","","",""
"2022061513","1500","1","0","0","0","0","0","0","0","0","5","0","","67","7","2022","2","40.087557","-75.058436","1435","6","0","0","0","0","0","0","1","1","","0","0","0","","","2","N","0","","40 05:15.205","5","0","75 03:30.370","3","0","0","0","67301","0","0","0","N","0","0","0","2","67301","0","","1.0","1600.0","1","N","N","N","0","","2","0","1","","0","Y","","2","2","0","0","0","0","0","2","0","2","","03","","N","","","","","","","","","",""
"2022071591","0555","1","0","0","0","0","0","1","0","0","1","1","","67","7","2022","7","40.035118","-75.069504","0531","6","0","0","0","0","0","0","0","0","","0","0","0","","","1","","1","","40 02:06.425","3","0","75 04:10.216","8","0","0","0","67301","0","0","0","N","0","0","0","2","67508","0","","1.0","9999.0","1","N","N","Y","0","","0","0","0","","2","Y","","2","1","0","0","0","1","0","2","0","2","","03","","N","","","","","","","","","",""
"2022063036","2049","2","0","0","0","0","0","0","0","0","5","0","","67","7","2022","3","40.045169","-75.165131","2049","6","0","0","0","0","0","0","0","0","","0","0","0","","","0","N","0","","40 02:42.610","","0","75 09:54.470","0","0","0","0","67301","0","0","0","N","0","0","0","2","67301","0","","1.0","","1","N","N","N","0","","0","0","0","","0","","","2","0","0","0","0","0","0","2","0","2","","03","","N","","","","","","","","","",""
"2022066419","","2","0","0","0","0","0","0","0","0","1","0","","67","6","2022","7","39.977974","-75.152589","","6","0","0","0","0","0","0","1","0","","0","0","0","","","1","","1","","39 58:40.705","","0","75 09:09.321","8","0","0","0","67301","0","0","0","N","0","0","0","2","00000","0","","1.0","","1","","","N","0","","0","0","0","","2","","","2","1","0","0","0","1","0","2","0","2","","","","N","","","","","","","","","",""
"2022063667","1555","0","0","0","0","0","0","0","0","0","4","0","","67","7","2022","7","40.044709","-75.06125","1547","6","0","1","0","0","0","1","0","0","","0","0","0","","","1","","2","","40 02:40.953","","0","75 03:40.501","3","0","0","0","67301","0","0","0","N","0","0","0","2","67301","0","","1.0","","1","N","N","N","0","","1","0","2","","3","","","2","1","0","0","0","0","0","2","0","2","","03","","N","","","","","","","","","",""
"2022074186","0945","0","0","0","0","0","0","0","0","0","4","0","","67","8","2022","5","39.977271","-75.198218","0945","6","0","0","0","0","0","0","0","0","","0","0","0","","","1","","1","","39 58:38.175","","0","75 11:53.584","8","0","0","0","67301","0","0","0","N","0","0","0","1","67301","0","","1.0","","1","N","N","N","0","","0","0","2","","3","","","2","1","0","0","0","1","0","2","0","2","","03","","N","","","","","","","","","",""
"2022067178","1029","1","0","0","0","0","0","0","0","0","1","0","","67","7","2022","4","39.953191","-75.140977","1025","6","0","0","0","0","0","1","0","0","","0","0","0","","","1","N","0","","39 57:11.487","1","3","75 08:27.518","8","0","0","1","67301","0","0","0","N","0","0","0","2","68K01","0","","1.0","1125.0","1","N","N","N","0","","0","0","0","","0","N","","2","1","0","0","0","1","0","2","0","2","","","","N","","","","","","","","","",""
"2022071367","1623","0","0","0","0","0","0","0","0","0","0","0","","67","7","2022","1","40.005779","-75.198114","1619","6","0","0","0","0","0","0","0","0","","0","0","0","","","1","N","0","","40 00:20.804","1","2","75 11:53.210","8","0","0","1","67301","0","0","0","N","0","0","0","1","68K01","0","","2.0","1700.0","1","N","N","N","0","","0","0","0","","0","N","","1","1","0","0","0","1","0","2","0","1","","","","N","","","","","","","","","",""
"2022063101","0423","1","0","0","0","0","0","0","0","0","8","0","","67","7","2022","5","39.981559","-75.117404","0419","6","0","0","0","0","0","0","0","0","","0","0","0","","","1","","1","","39 58:53.612","","0","75 07:02.654","3","0","0","0","67301","1","0","0","N","1","0","0","2","67301","0","","1.0","","9","N","N","N","0","","1","0","0","","2","","","2","1","0","0","0","0","0","2","0","1","","07","","N","","","","","","","","","",""
"2022073604","0852","1","0","0","0","0","0","0","0","0","1","0","","67","7","2022","2","40.036833","-75.055861","0823","6","0","0","0","0","0","0","0","0","","0","0","0","","","0","N","0","","40 02:12.600","","0","75 03:21.100","0","0","0","0","67301","0","0","0","N","0","0","0","1","67301","0","","6.0","","1","N","N","N","1","","0","0","1","","0","","","3","0","0","0","0","0","0","2","0","3","","","","N","","","","","","","","","",""
"2022061214","0451","1","0","0","0","0","0","0","0","0","4","0","","67","7","2022","1","40.030822","-75.146424","0444","6","0","0","0","0","0","0","0","0","","0","0","0","","","4","","3","","40 01:50.959","1","0","75 08:47.127","3","0","0","0","67301","0","0","0","N","0","0","0","4","67301","0","","1.0","550.0","1","N","N","N","0","","2","0","1","","2","Y","","2","4","2","0","0","2","0","2","0","2","","","","N","","","","","","","","","",""
"2022079397","1031","0","0","0","0","0","0","0","0","0","4","0","","67","8","2022","7","40.123438","-75.015524","1031","6","0","0","0","0","0","0","1","0","","0","0","0","","","1","N","0","","40 07:24.377","","7","75 00:55.888","8","0","0","0","67301","0","0","0","N","0","0","0","3","67301","0","","1.0","","1","N","N","Y","0","","0","0","2","","0","","","2","1","0","0","0","1","0","2","0","2","","","","N","","","","","","","","","",""
"2022061187","0140","1","0","0","0","0","0","0","0","0","1","0","","67","7","2022","7","40.007884","-75.072934","0129","6","0","0","0","0","0","0","0","0","","0","0","0","","","1","N","0","","40 00:28.383","","0","75 04:22.561","4","0","0","0","67301","0","0","0","N","0","0","0","2","67301","1","","1.0","","1","N","N","N","0","","0","0","1","","0","","","2","1","0","0","0","0","0","2","0","2","","03","","N","","","","","","","","","",""
"2022074121","1223","2","0","0","0","0","0","0","0","0","1","0","","67","8","2022","5","39.958014","-75.162952","1215","6","0","0","0","0","0","1","0","0","","0","0","0","","","1","N","0","","39 57:28.851","4","0","75 09:46.627","3","0","0","0","67301","0","0","0","N","0","0","0","5","68K01","0","","1.0","1400.0","1","N","N","N","1","","1","0","0","","0","N","","3","1","0","0","0","0","0","2","0","3","","03","","N","","","","","","","","","",""
"2022072608","1608","1","0","0","0","0","0","0","0","0","4","0","","67","7","2022","3","40.010232","-75.098089","1600","6","0","0","0","0","0","1","0","0","","0","0","0","","","1","","1","","40 00:36.834","2","0","75 05:53.119","8","0","0","0","67301","0","0","0","N","0","0","0","3","67301","0","","1.0","1800.0","1","N","N","N","0","","0","0","1","","2","Y","","2","1","0","0","0","1","2","2","0","2","","04","","N","","","","","","","","","",""
"2022048806","","1","0","0","0","0","0","0","0","0","1","0","","67","5","2022","2","39.893759","-75.238758","","6","0","0","0","0","0","1","0","0","","0","0","0","","","1","N","0","","39 53:37.533","","0","75 14:19.528","8","0","0","0","67301","0","0","0","N","0","0","0","3","00000","0","","1.0","","1","","","N","0","","0","0","0","","0","","","3","1","0","0","0","1","0","2","0","3","","","","N","","","","","","","","","",""
"2022080246","1831","0","0","0","0","0","0","0","0","0","8","0","","67","8","2022","4","39.967898","-75.165184","1825","6","0","0","0","0","0","0","0","0","","0","0","0","","","1","","2","","39 58:04.432","","0","75 09:54.662","3","0","0","0","67301","1","0","0","N","1","0","0","2","67301","0","","1.0","","1","N","N","N","0","","1","0","1","","0","","","2","1","0","0","0","0","1","2","0","1","","03","","N","","","","","","","","","",""
"2022063099","1500","1","0","0","0","0","0","0","0","0","4","0","","67","7","2022","5","39.976461","-75.189373","1426","6","0","0","0","0","1","0","0","0","","0","0","0","","","0","","3","","39 58:35.259","","0","75 11:21.744","0","0","0","0","67301","0","0","0","N","0","0","0","2","67301","0","","1.0","","1","N","N","N","0","","0","0","0","","3","","","2","0","1","0","0","0","0","2","1","2","","03","","N","","","","","","","","","",""