"CRN","ARRIVAL_TM","AUTOMOBILE_COUNT","BELTED_DEATH_COUNT","BELTED_SUSP_SERIOUS_INJ_COUNT","BICYCLE_COUNT","BICYCLE_DEATH_COUNT","BICYCLE_SUSP_SERIOUS_INJ_COUNT","BUS_COUNT","CHLDPAS_DEATH_COUNT","CHLDPAS_SUSP_SERIOUS_INJ_COUNT","COLLISION_TYPE","COMM_VEH_COUNT","CONS_ZONE_SPD_LIM","COUNTY","CRASH_MONTH","CRASH_YEAR","DAY_OF_WEEK","DEC_LATITUDE","DEC_LONGITUDE","DISPATCH_TM","DISTRICT","DRIVER_COUNT_16YR","DRIVER_COUNT_17YR","DRIVER_COUNT_18YR","DRIVER_COUNT_19YR","DRIVER_COUNT_20YR","DRIVER_COUNT_50_64YR","DRIVER_COUNT_65_74YR","DRIVER_COUNT_75PLUS","EST_HRS_CLOSED","FATAL_COUNT","HEAVY_TRUCK_COUNT","HORSE_BUGGY_COUNT","HOUR_OF_DAY","ILLUMINATION","INJURY_COUNT","INTERSECTION_RELATED","INTERSECT_TYPE","LANE_CLOSED","LATITUDE","LN_CLOSE_DIR","LOCATION_TYPE","LONGITUDE","MAX_SEVERITY_LEVEL","MCYCLE_DEATH_COUNT","MCYCLE_SUSP_SERIOUS_INJ_COUNT","MOTORCYCLE_COUNT","MUNICIPALITY","NONMOTR_COUNT","NONMOTR_DEATH_COUNT","NONMOTR_SUSP_SERIOUS_INJ_COUNT","NTFY_HIWY_MAINT","PED_COUNT","PED_DEATH_COUNT","PED_SUSP_SERIOUS_INJ_COUNT","PERSON_COUNT","POLICE_AGCY","POSSIBLE_INJ_COUNT","RDWY_SURF_TYPE_CD","RELATION_TO_ROAD","ROADWAY_CLEARED","ROAD_CONDITION","SCH_BUS_IND","SCH_ZONE_IND","SECONDARY_CRASH","SMALL_TRUCK_COUNT","SPEC_JURIS_CD","SUSP_MINOR_INJ_COUNT","SUSP_SERIOUS_INJ_COUNT","SUV_COUNT","TCD_FUNC_CD","TCD_TYPE","TFC_DETOUR_IND","TIME_OF_DAY","TOTAL_UNITS","TOT_INJ_COUNT","UNBELTED_OCC_COUNT","UNB_DEATH_COUNT","UNB_SUSP_SERIOUS_INJ_COUNT","UNK_INJ_DEG_COUNT","UNK_INJ_PER_COUNT","URBAN_RURAL","VAN_COUNT","VEHICLE_COUNT","WEATHER1","WEATHER2","WORKERS_PRES","WORK_ZONE_IND","WORK_ZONE_LOC","WORK_ZONE_TYPE","WZ_CLOSE_DETOUR","WZ_FLAGGER","WZ_LAW_OFFCR_IND","WZ_LN_CLOSURE","WZ_MOVING","WZ_OTHER","WZ_SHLDER_MDN","WZ_WORKERS_INJ_KILLED"
"2022076021","0945","0","0","0","0","0","0","0","0","0","1","0","","67","8","2022","6","39.978484","-75.202742","0939","6","0","0","0","0","0","0","0","0","","0","0","0","","","2","N","0","","39 58:42.541","","0","75 12:09.872","4","0","0","0","67301","0","0","0","N","0","0","0","4","68K01","1","","1.0","","1","N","N","N","0","","0","0","2","","0","","","2","2","0","0","0","1","0","2","0","2","","03","","N","","","","","","","","","",""
"2022068582","1215","1","0","0","0","0","0","0","0","0","4","0","","67","7","2022","1","40.040501","-75.047356","1212","6","0","0","0","0","0","0","0","0","","0","0","0","","","0","","1","","40 02:25.802","","0","75 02:50.481","0","0","0","0","67301","0","0","0","N","0","0","0","3","67301","0","","1.0","","1","N","N","N","0","","0","0","1","","2","","","2","0","0","0","0","0","0","2","0","2","","03","","N","","","","","","","","","",""
"2022064293","1818","2","0","0","0","0","0","0","0","0","6","0","","67","7","2022","2","39.993325","-75.149831","1808","6","0","0","0","0","0","0","0","0","","0","0","0","","","1","N","0","","39 59:35.971","3","0","75 08:59.390","3","0","0","0","67301","0","0","0","N","0","0","0","2","67301","0","","1.0","1845.0","1","N","N","N","0","","1","0","0","","0","N","","3","1","0","0","0","0","0","2","1","3","","03","","N","","","","","","","","","",""
"2022074724","1941","1","0","0","0","0","0","0","0","0","5","0","","67","5","2022","7","39.957416","-75.150945","1927","6","0","0","0","0","1","0","0","0","","0","0","0","","","0","N","0","","39 57:26.699","3","0","75 09:03.401","9","0","0","0","67301","0","0","0","N","0","0","0","2","68K01","0","","1.0","2000.0","1","N","N","N","0","","0","0","0","","0","N","","2","0","0","0","0","0","1","2","0","2","","","","N","","","","","","","","","",""
"2022063037","0735","0","0","0","0","0","0","0","0","0","4","0","","67","7","2022","5","40.037333","-75.173139","0730","6","0","0","0","0","0","1","0","1","","0","0","0","","","1","N","0","","40 02:14.400","","7","75 10:23.300","4","0","0","0","67301","0","0","0","N","0","0","0","2","67301","1","","1.0","","9","N","N","N","0","","0","0","2","","0","","","2","1","0","0","0","0","0","2","0","2","","07","","N","","","","","","","","","",""
"2022074947","0500","0","0","0","0","0","0","0","0","0","7","0","","67","8","2022","2","39.951587","-75.141481","0434","6","0","0","0","0","0","0","0","0","","0","1","0","","","0","N","0","","39 57:05.714","2","0","75 08:29.330","0","0","0","0","67301","0","0","0","N","0","0","0","1","68K01","0","","5.0","30.0","9","N","N","N","0","","0","0","0","","0","Y","","1","0","0","0","0","0","0","2","0","1","","","","N","","","","","","","","","",""
"2022075746","1116","0","0","0","1","0","0","0","0","0","8","0","","67","5","2022","3","39.944711","-75.158224","1108","6","0","0","0","0","0","0","0","0","","0","0","0","","","1","","1","","39 56:40.959","","0","75 09:29.607","8","0","0","0","67301","1","0","0","N","0","0","0","2","67301","0","","1.0","","1","N","N","N","0","","0","0","1","","2","","","2","1","1","0","0","1","0","2","0","1","","04","","N","","","","","","","","","",""
"2022075599","0453","0","0","0","0","0","0","0","0","0","7","0","","67","8","2022","5","39.891988","-75.236201","0453","6","0","0","0","0","0","0","0","0","","0","0","0","","","0","N","0","","39 53:31.157","","0","75 14:10.325","0","0","0","0","67301","0","0","0","N","0","0","0","1","68K01","0","","4.0","","9","N","N","N","0","","0","0","1","","0","","","1","0","0","0","0","0","0","2","0","1","","07","","N","","","","","","","","","",""
"2022080063","0409","1","0","0","0","0","0","0","0","0","7","0","","67","8","2022","7","39.987751","-75.207556","0405","6","0","0","0","0","0","0","0","0","","0","0","0","","","1","N","0","","39 59:15.905","3","0","75 12:27.201","4","0","0","0","67301","0","0","0","N","0","0","0","2","68K01","1","","3.0","430.0","1","N","N","N","0","","0","0","0","","0","N","","1","1","0","0","0","0","1","2","0","1","","03","","N","","","","","","","","","",""
"2022063550","1355","1","0","0","0","0","0","0","0","0","1","0","","67","7","2022","7","40.075086","-75.018165","1345","6","0","0","0","0","0","0","0","0","","0","0","0","","","1","N","0","","40 04:30.309","4","0","75 01:05.395","8","0","0","0","67301","0","0","0","N","0","0","0","3","67301","0","","1.0","20.0","1","N","N","N","0","","0","0","1","","0","N","","2","1","0","0","0","1","0","2","0","2","","03","","N","","","","","","","","","",""
"2022080537","1014","0","0","0","0","0","0","0","0","0","2","0","","67","8","2022","3","40.057334","-75.140679","1014","6","0","0","0","0","0","0","0","0","","0","0","0","","","1","","1","","40 03:26.402","","0","75 08:26.444","8","0","0","0","67301","0","0","0","N","0","0","0","2","67301","0","","1.0","","1","N","N","N","0","","0","0","1","","3","","","2","1","0","0","0","1","1","2","1","2","","","","N","","","","","","","","","",""
"2022061246","1418","4","0","0","0","0","0","0","0","0","5","0","","67","7","2022","1","40.005414","-75.152092","1418","6","0","0","0","0","0","1","0","0","","0","0","0","","","1","N","0","","40 00:19.489","2","0","75 09:07.531","3","0","0","0","67301","0","0","0","N","0","0","0","5","67505","0","","1.0","1418.0","1","N","N","N","0","","1","0","2","","0","N","","6","1","0","0","0","0","0","2","0","6","","03","","N","","","","","","","","","",""
"2022061515","0805","1","0","0","0","0","0","0","0","0","4","0","","67","7","2022","2","40.051453","-75.009068","0759","6","0","0","0","0","0","1","0","0","","0","0","0","","","0","","2","","40 03:05.232","","7","75 00:32.644","9","0","0","0","67301","0","0","0","N","0","0","0","2","67301","0","","1.0","","1","N","N","N","1","","0","0","0","","2","","","2","0","0","0","0","0","1","2","0","2","","03","","N","","","","","","","","","",""
"2022063024","1608","1","0","0","0","0","0","0","0","0","4","0","","67","7","2022","5","39.939766","-75.164142","1602","6","0","0","0","0","0","0","0","0","","0","0","0","","","3","","1","","39 56:23.157","","0","75 09:50.911","3","0","0","0","67301","0","0","0","N","0","0","0","3","67301","0","","1.0","","1","N","N","N","0","","3","0","1","","3","","","2","3","0","0","0","0","0","2","0","2","","03","","N","","","","","","","","","",""
"2022063488","2002","0","0","0","0","0","0","0","0","0","4","0","","67","7","2022","6","39.980367","-75.17092","2000","6","0","0","0","0","0","0","0","0","","0","0","0","","","0","","1","","39 58:49.320","","0","75 10:15.311","0","0","0","0","67301","0","0","0","N","0","0","0","2","67301","0","","1.0","","1","N","N","N","0","","0","0","2","","2","","","2","0","0","0","0","0","0","2","0","2","","03","","N","","","","","","","","","",""
"2022063332","0130","2","0","0","0","0","0","0","0","0","1","0","","67","7","2022","1","39.958684","-75.23941","0129","6","0","0","0","0","0","0","0","0","","0","0","0","","","1","","1","","39 57:31.262","","0","75 14:21.875","3","0","0","0","67301","0","0","0","N","0","0","0","2","67301","0","","1.0","","9","N","N","N","0","","1","0","2","","2","","","4","1","0","0","0","0","0","2","0","4","","03","","N","","","","","","","","","",""
"2022074414","9999","0","0","0","0","0","0","1","0","0","8","1","","67","7","2022","5","39.951249","-75.199138","9999","6","0","0","0","0","0","1","0","0","","0","0","0","","","1","","1","","39 57:04.496","","0","75 11:56.898","8","0","0","0","67301","1","0","0","N","1","0","0","3","67508","0","","1.0","","1","N","N","N","0","","0","0","0","","2","N","","2","1","0","0","0","1","0","2","0","1","","03","","N","","","","","","","","","",""
"2022066391","2121","1","0","0","0","0","0","0","0","0","4","0","","67","7","2022","1","40.009186","-75.13769","2115","6","0","0","1","1","0","0","0","0","","0","0","0","","","1","","3","","40 00:33.069","","0","75 08:15.683","3","0","0","1","67301","0","0","0","N","0","0","0","2","67301","0","","1.0","","1","N","N","N","0","","1","0","0","","0","","","2","1","0","0","0","0","0","2","0","2","","03","","N","","","","","","","","","",""
"2022080459","1114","0","0","0","0","0","0","0","0","0","2","0","","67","8","2022","6","39.988441","-75.185381","1114","6","0","0","0","0","0","0","0","0","","0","0","0","","","0","","2","","39 59:18.387","","0","75 11:07.371","9","0","0","0","67301","0","0","0","N","0","0","0","1","67301","0","","1.0","","1","N","N","N","0","","0","0","1","","3","","","2","0","0","0","0","0","1","2","0","2","","03","","N","","","","","","","","","",""
"2022063038","1858","1","0","0","0","0","0","0","0","0","6","0","","67","7","2022","6","40.057265","-75.193807","1855","6","0","0","0","0","0","0","0","0","","0","0","0","","","1","","1","","40 03:26.153","","0","75 11:37.705","3","0","0","0","67301","0","0","0","N","0","0","0","1","67301","0","","1.0","","1","N","N","N","0","","1","0","1","","3","","","2","1","0","0","0","0","0","2","0","2","","03","","N","","","","","","","","","",""
"2022068577","1736","1","0","0","0","0","0","0","0","0","4","0","","67","7","2022","3","40.024369","-75.034487","1725","6","0","0","0","0","0","0","0","0","","0","0","0","","","2","","1","","40 01:27.729","","0","75 02:04.154","4","0","0","0","67301","0","0","0","N","0","0","0","3","67301","2","","1.0","","1","N","N","N","0","","0","0","0","","3","","","2","2","2","0","0","0","0","2","1","2","","","","N","","","","","","","","","",""
"2022061521","1540","1","0","0","0","0","0","0","0","0","1","0","","67","7","2022","2","40.040414","-75.122683","1535","6","0","0","0","0","0","0","0","0","","0","0","0","","","0","N","0","","40 02:25.490","","0","75 07:21.660","0","0","0","0","67301","0","0","0","N","0","0","0","1","67301","0","","6.0","","1","N","N","N","0","","0","0","2","","0","","","3","0","0","0","0","0","0","2","0","3","","","","N","","","","","","","","","",""
"2022075340","1737","0","0","0","0","0","0","0","0","0","7","0","","67","7","2022","4","39.965434","-75.186061","1702","6","0","0","0","0","0","0","0","0","","0","0","0","","","1","N","0","","39 57:55.563","","0","75 11:09.821","8","0","0","0","67301","0","0","0","Y","0","0","0","1","68K01","0","","4.0","","1","N","N","N","0","","0","0","1","","0","","","1","1","0","0","0","1","0","2","0","1","","","","N","","","","","","","","","",""
"2022075774","1245","1","0","0","0","0","0","0","0","0","4","1","","67","8","2022","5","40.006126","-75.193549","1238","6","0","0","0","0","0","1","0","0","","0","0","0","","","0","","5","","40 00:22.052","1","3","75 11:36.777","0","0","0","0","67301","0","0","0","N","0","0","0","2","67301","0","","1.0","1400.0","1","N","N","N","1","","0","0","0","","0","Y","","2","0","0","0","0","0","0","2","0","2","","03","","N","","","","","","","","","",""
"2022061171","0648","1","0","0","0","0","0","0","0","0","4","0","","67","7","2022","7","40.014573","-75.156653","0648","6","0","0","0","0","0","0","0","1","","0","0","0","","","3","","1","","40 00:52.463","","0","75 09:23.952","3","0","0","0","67301","0","0","0","N","0","0","0","3","67301","0","","1.0","","1","N","N","N","0","","3","0","1","","2","","","2","3","0","0","0","0","0","2","0","2","","","","N","","","","","","","","","",""
"2022074554","2235","0","0","0","0","0","0","0","0","0","1","0","","67","8","2022","4","40.001354","-75.194969","2229","6","0","0","0","0","0","2","0","0","","0","0","0","","","1","N","0","","40 00:04.875","","0","75 11:41.890","8","0","0","0","67301","0","0","0","N","0","0","0","2","68K01","0","","1.0","","1","N","N","N","0","","0","0","1","","0","","","2","1","0","0","0","1","0","2","1","2","","","","N","","","","","","","","","",""
"2022075334","0733","1","0","0","0","0","0","0","0","0","0","0","","67","7","2022","6","39.98468","-75.095058","0733","6","0","0","0","0","0","0","0","0","","0","0","0","","","0","N","0","","39 59:04.848","","0","75 05:42.208","0","0","0","0","67301","0","0","0","N","0","0","0","3","68K01","0","","1.0","","1","N","N","N","0","","0","0","1","","0","","","2","0","0","0","0","0","0","2","0","2","","03","","N","","","","","","","","","",""
"2022074723","1516","1","0","0","0","0","0","0","0","0","1","0","","67","5","2022","4","39.971707","-75.122824","1504","6","0","0","0","0","0","0","0","0","","0","0","0","","","0","N","0","","39 58:18.144","","0","75 07:22.168","0","0","0","0","67301","0","0","0","N","0","0","0","2","68K01","0","","1.0","","1","N","N","N","0","","0","0","1","","0","","","2","0","1","0","0","0","0","2","0","2","","","","N","","","","","","","","","",""
"2022074743","1908","1","0","0","0","0","0","1","0","0","5","1","","67","8","2022","3","40.052077","-75.141781","1858","6","0","0","0","0","0","0","0","0","","0","0","0","","","1","","1","","40 03:07.476","","0","75 08:30.412","8","0","0","0","67301","0","0","0","N","0","0","0","2","67508","0","","1.0","","1","N","N","N","0","","0","0","0","","2","","","2","1","0","0","0","1","1","2","0","2","","03","","N","","","","","","","","","",""
"2022063716","0025","2","0","0","0","0","0","0","0","0","5","0","","67","7","2022","2","40.075589","-75.040294","0021","6","0","0","0","0","0","0","0","0","","0","0","0","","","1","N","0","","40 04:32.120","","0","75 02:25.060","3","0","0","0","67301","0","0","0","N","0","0","0","1","67301","0","","6.0","","1","N","N","N","0","","1","0","0","","0","","","2","1","0","0","0","0","0","2","0","2","","03","","N","","","","","","","","","",""
"2022068673","","1","0","0","0","0","0","0","0","0","1","0","","67","7","2022","6","39.950192","-75.183585","","6","0","0","0","0","0","0","0","0","","0","0","0","","","6","N","0","","39 57:00.692","","0","75 11:00.907","8","0","0","0","67301","0","0","0","N","0","0","0","7","00000","0","","1.0","","1","","","N","0","","0","0","1","","0","","","2","6","0","0","0","6","0","2","0","2","","","","N","","","","","","","","","",""
"2022072275","1306","2","0","0","0","0","0","0","0","0","4","0","","67","7","2022","3","39.995481","-75.108932","1305","6","0","0","0","0","0","0","0","0","","0","0","0","","","0","","1","","39 59:43.731","","0","75 06:32.155","9","0","0","0","67301","0","0","0","N","0","0","0","2","67301","0","","1.0","","1","N","N","N","0","","0","0","0","","2","","","3","0","0","0","0","0","1","2","0","3","","04","","N","","","","","","","","","",""
"2022079782","1733","2","0","0","0","0","0","0","0","0","4","0","","67","8","2022","3","40.035437","-75.108493","1730","6","1","0","0","0","0","1","0","0","","0","0","0","","","0","","1","","40 02:07.572","4","0","75 06:30.576","0","0","0","0","67301","0","0","0","N","0","0","0","2","67301","0","","1.0","1750.0","1","N","N","N","0","","0","0","0","","2","N","","2","0","0","0","0","0","0","2","0","2","","","","N","","","","","","","","","",""
"2022074611","0329","2","0","0","0","0","0","1","0","0","1","1","","67","7","2022","1","39.94557","-75.190107","0322","6","0","0","0","0","0","1","0","0","","0","0","0","","","4","N","0","","39 56:44.052","","0","75 11:24.385","3","0","0","0","67301","0","0","0","N","0","0","0","6","68K01","0","","1.0","","1","N","N","N","0","","4","0","0","","0","","","3","4","0","0","0","0","0","2","0","3","","03","","N","","","","","","","","","",""
"2022064807","0245","2","0","0","0","0","0","0","0","0","5","0","","67","7","2022","1","40.028061","-75.182691","0229","6","0","0","0","0","0","0","0","0","","0","0","0","","","0","","2","","40 01:41.019","","0","75 10:57.687","9","0","0","0","67301","0","0","0","N","0","0","0","1","67301","0","","1.0","","1","N","N","N","0","","0","0","0","","0","","","3","0","0","0","0","0","1","2","0","3","","03","","N","","","","","","","","","",""
"2022063102","0309","2","0","0","0","0","0","0","0","0","4","0","","67","7","2022","6","39.998705","-75.166884","0304","6","0","0","0","0","0","1","0","0","","0","0","0","","","0","","1","","39 59:55.337","","0","75 10:00.782","0","0","0","0","67301","0","0","0","N","0","0","0","2","67301","0","","1.0","","1","N","N","N","0","","0","0","0","","2","","","2","0","0","0","0","0","0","2","0","2","","03","","N","","","","","","","","","",""
"2022061569","1422","0","0","0","0","0","0","0","0","0","7","0","","67","7","2022","1","40.011127","-75.164245","1421","6","0","0","0","0","0","0","0","0","","0","0","0","","","0","","2","","40 00:40.056","","0","75 09:51.282","0","0","0","0","67301","0","0","0","N","0","0","0","1","67301","0","","4.0","","1","N","N","N","0","","0","0","1","","2","","","1","0","0","0","0","0","0","2","0","1","","03","","N","","","","","","","","","",""
"2022053359","","1","0","0","0","0","0","0","0","0","1","0","","67","5","2022","5","","","","6","0","0","0","0","0","0","0","0","","0","0","0","","","1","N","0","","","","0","","8","0","0","0","67301","0","0","0","N","0","0","0","2","00000","0","","1.0","","1","","","N","0","","0","0","0","","0","","","2","1","0","0","0","1","0","1","0","2","","","","N","","","","","","","","","",""
"2022062068","0331","1","0","0","0","0","0","0","0","0","5","0","","67","7","2022","3","39.96855","-75.207953","0320","6","0","0","0","0","0","0","0","0","","0","0","0","","","0","N","0","","39 58:06.780","","0","75 12:28.630","0","0","0","0","67301","0","0","0","N","0","0","0","1","67301","0","","6.0","","1","N","N","N","0","","0","0","2","","0","","","3","0","0","0","0","0","0","2","0","3","","03","","N","","","","","","","","","",""
"2022068077","0011","2","0","0","0","0","0","0","0","0","5","0","","67","7","2022","7","40.005032","-75.075967","2357","6","0","0","0","0","0","0","0","0","","0","0","0","","","1","N","0","","40 00:18.116","2","3","75 04:33.482","3","0","0","0","67301","0","0","0","Y","0","0","0","4","68K01","0","","1.0","100.0","1","N","N","N","0","","1","0","0","","0","N","","2","1","0","0","0","0","0","2","0","2","","03","","N","","","","","","","","","",""
"2022068610","0344","2","0","0","0","0","0","0","0","0","1","0","","67","7","2022","7","40.031464","-75.128272","0338","6","0","0","0","0","0","0","0","0","","0","0","0","","","1","N","0","","40 01:53.270","","0","75 07:41.780","3","0","0","0","67301","0","0","0","N","0","0","0","2","67301","0","","1.0","","1","N","N","N","0","","1","0","1","","0","","","3","1","0","0","0","0","0","2","0","3","","03","","N","","","","","","","","","",""
"2022073184","1611","1","0","0","0","0","0","0","0","0","4","0","","67","8","2022","4","40.040452","-75.178624","1605","6","0","0","0","0","0","0","0","0","","0","0","0","","","1","","1","","40 02:25.628","","0","75 10:43.047","3","0","0","0","67301","0","0","0","N","0","0","0","4","67301","0","","1.0","","1","N","N","N","0","","1","0","0","","2","","","2","1","0","0","0","0","0","2","1","2","","98","","N","","","","","","","","","",""
"2022068915","1525","0","0","0","0","0","0","0","0","0","4","0","","67","7","2022","3","40.05096","-75.057179","1521","6","0","0","1","0","0","0","0","0","","0","0","0","","","1","","2","","40 03:03.455","1","0","75 03:25.843","8","0","0","0","67301","0","0","0","N","0","0","0","2","67301","0","","1.0","1700.0","1","N","N","N","0","","0","0","1","","0","N","","2","1","0","0","0","1","0","2","1","2","","","","N","","","","","","","","","",""
"2022083975","1818","0","0","0","0","0","0","0","0","0","7","0","","67","9","2022","7","40.053659","-75.049217","1808","6","0","0","0","0","0","1","0","0","","0","0","0","","","7","N","0","","40 03:13.173","","0","75 02:57.180","3","0","0","0","67301","0","0","0","N","0","0","0","9","67301","0","","5.0","","1","N","N","N","0","","7","0","1","","0","","","1","7","0","0","0","0","0","2","0","1","","03","","N","","","","","","","","","",""
"2022073905","2115","1","0","0","0","0","0","0","0","0","2","0","","67","8","2022","6","40.064575","-75.172175","2110","6","0","0","0","0","0","0","0","0","","0","0","0","","","1","N","0","","40 03:52.470","","0","75 10:19.830","8","0","0","0","67301","0","0","0","N","0","0","0","1","67301","0","","6.0","","1","N","N","N","0","","0","0","2","","0","","","3","1","0","0","0","1","0","2","0","3","","","","N","","","","","","","","","",""
"2022063040","0438","0","0","0","0","0","0","0","0","0","5","0","","67","7","2022","5","39.999844","-75.071922","0433","6","0","0","0","0","0","0","0","0","","0","0","0","","","0","N","0","","39 59:59.440","","0","75 04:18.920","0","0","0","0","67301","0","0","0","N","0","0","0","1","67301","0","","6.0","","9","N","N","N","1","","0","0","1","","0","","","2","0","1","0","0","0","0","2","0","2","","04","","N","","","","","","","","","",""
"2022078409","0218","1","0","0","0","0","0","0","0","0","5","0","","67","7","2022","1","39.959564","-75.180799","0218","6","0","0","0","0","0","0","0","0","","0","0","0","","","0","N","0","","39 57:34.432","4","0","75 10:50.877","9","0","0","0","67301","0","0","0","N","0","0","0","3","68K01","0","","1.0","250.0","1","N","N","N","0","","0","0","0","","0","Y","","2","0","0","0","0","0","1","2","0","2","","03","","N","","","","","","","","","",""
"2022079328","1536","1","0","0","0","0","0","0","0","0","4","0","","67","8","2022","3","39.970414","-75.146542","1532","6","0","0","0","0","0","0","0","0","","0","0","0","","","3","","1","","39 58:13.489","","0","75 08:47.550","3","0","0","0","67301","0","0","0","N","0","0","0","5","67301","2","","1.0","","1","N","N","N","0","","1","0","1","","2","","","2","3","2","0","0","0","0","2","0","2","","03","","N","","","","","","","","","",""
"2022070329","2350","1","0","0","0","0","0","0","0","0","8","0","","67","7","2022","7","39.951755","-75.203075","2348","6","0","0","0","0","0","0","0","0","","0","0","0","","","1","","1","","39 57:06.318","","0","75 12:11.070","3","0","0","0","67301","1","0","0","N","1","0","0","2","67504","0","","1.0","","1","N","N","N","0","","1","0","0","","2","","","2","1","0","0","0","0","0","2","0","1","","03","","N","","","","","","","","","",""
"2022073393","1510","1","0","0","0","0","0","0","0","0","5","1","","67","8","2022","5","40.005112","-75.152156","1501","6","0","0","0","0","0","1","0","0","","0","1","0","","","1","N","0","","40 00:18.404","","0","75 09:07.760","3","0","0","0","67301","0","0","0","N","0","0","0","2","67505","0","","1.0","","1","N","N","N","0","","1","0","0","","0","","","2","1","0","0","0","0","0","2","0","2","","03","","N","","","","","","","","","",""
"2022068676","","0","0","0","0","0","0","0","0","0","5","0","","67","5","2022","1","39.917183","-75.246303","","6","0","0","0","0","0","0","0","0","","0","0","0","","","2","","1","","39 55:01.859","","0","75 14:46.691","8","0","0","0","67301","0","0","0","N","0","0","0","3","00000","0","","1.0","","1","","","N","0","","0","0","1","","0","","","2","2","0","0","0","2","0","2","0","2","","","","N","","","","","","","","","",""
"2022084472","0911","1","0","0","0","0","0","0","0","0","1","0","","67","8","2022","4","39.98053","-75.205889","0826","6","0","0","0","0","0","0","0","0","","0","0","0","","","1","N","0","","39 58:49.909","","0","75 12:21.200","4","0","0","0","67301","0","0","0","N","0","0","0","1","68K01","1","","1.0","","1","N","N","N","0","","0","0","1","","0","","","2","1","0","0","0","0","0","2","0","2","","","","N","","","","","","","","","",""
"2022079610","1046","1","0","0","0","0","0","0","0","0","4","0","","67","7","2022","5","39.945848","-75.174838","1032","6","0","0","0","0","0","1","0","0","","0","0","0","","","1","","1","","39 56:45.052","1","0","75 10:29.418","3","0","0","0","67301","0","0","0","N","0","0","0","2","67301","0","","1.0","1100.0","1","N","N","N","0","","1","0","1","","2","N","","2","1","0","0","0","0","0","2","0","2","","03","","N","","","","","","","","","",""
"2022073032","1245","2","0","0","0","0","0","0","0","0","4","0","","67","8","2022","2","40.008218","-75.071521","1240","6","0","0","0","0","0","0","0","0","","0","0","0","","","1","N","0","","40 00:29.584","5","0","75 04:17.476","4","0","0","0","67301","0","0","0","N","0","0","0","2","67301","1","","1.0","1315.0","9","N","N","N","0","","0","0","0","","0","Y","","2","1","0","0","0","0","0","2","0","2","","07","","N","","","","","","","","","",""
"2022075761","0432","3","0","0","0","0","0","0","0","0","5","0","","67","8","2022","6","40.041272","-75.186953","0430","6","0","0","0","0","0","0","0","0","","0","0","0","","","0","N","0","","40 02:28.580","","0","75 11:13.030","9","0","0","0","67301","0","0","0","N","0","0","0","1","67301","0","","6.0","","1","N","N","N","0","","0","0","1","","0","","","4","0","0","0","0","0","1","2","0","4","","","","N","","","","","","","","","",""
"2022069617","1030","1","0","0","0","0","0","0","0","0","1","0","","67","7","2022","4","39.917695","-75.177717","1027","6","0","0","0","0","0","0","0","0","","0","0","0","","","1","","1","","39 55:03.701","","0","75 10:39.781","8","0","0","0","67301","0","0","0","N","0","0","0","2","67301","0","","1.0","","1","N","N","N","0","","0","0","1","","2","","","2","1","0","0","0","1","0","2","0","2","","03","","N","","","","","","","","","",""
"2022075804","1946","2","0","0","0","0","0","0","0","0","4","0","","67","8","2022","4","39.971819","-75.125928","1945","6","0","0","0","0","0","0","0","0","","0","0","0","","","0","","1","","39 58:18.550","","0","75 07:33.339","0","0","0","0","67301","0","0","0","N","0","0","0","2","67301","0","","1.0","","1","N","N","N","0","","0","0","0","","2","","","2","0","0","0","0","0","0","2","0","2","","03","","N","","","","","","","","","",""
"2022068578","1736","2","0","0","0","0","0","0","0","0","4","0","","67","7","2022","6","40.026503","-75.04216","1734","6","0","0","0","0","0","1","0","0","","0","0","0","","","1","","1","","40 01:35.410","","0","75 02:31.776","4","0","0","0","67301","0","0","0","N","0","0","0","2","67301","1","","1.0","","1","N","N","N","0","","0","0","0","","3","","","2","1","2","0","0","0","0","2","0","2","","","","N","","","","","","","","","",""
"2022067814","2236","0","0","0","0","0","0","0","0","0","7","0","","67","7","2022","7","40.001585","-75.152798","2232","6","0","0","0","0","0","0","0","0","","0","0","0","","","3","","1","","40 00:05.705","5","0","75 09:10.074","8","0","0","0","67301","0","0","0","N","0","0","0","4","67505","0","","4.0","1200.0","1","N","N","N","0","","0","0","1","","2","Y","","1","3","2","0","0","3","0","2","0","1","","03","","N","","","","","","","","","",""
"2022084044","1238","1","0","0","0","0","0","0","0","0","4","0","","67","9","2022","3","40.077992","-75.023685","1233","6","0","0","0","0","0","0","0","0","","0","0","0","","","2","","2","","40 04:40.772","1","7","75 01:25.266","3","0","0","0","67301","0","0","0","N","0","0","0","2","67301","0","","1.0","1335.0","1","N","N","N","0","","2","0","1","","0","N","","2","2","0","0","0","0","0","2","0","2","","03","","N","","","","","","","","","",""
"2022085022","1837","0","0","0","0","0","0","0","0","0","4","0","","67","9","2022","6","40.00868","-75.068855","1832","6","0","0","0","0","0","1","0","0","","1","0","0","","","1","","1","","40 00:31.249","7","0","75 04:07.877","1","1","0","1","67301","0","0","0","N","0","0","0","7","67301","0","2","1.0","2220.0","1","N","N","N","0","0","0","1","0","","2","Y","","2","1","0","0","0","0","0","2","1","2","","03","","N","","","","","","","","","",""
"2022063098","1158","1","0","0","0","0","0","0","0","0","4","0","","67","7","2022","5","39.987779","-75.167648","1154","6","0","0","0","0","0","0","0","0","","0","0","0","","","0","","1","","39 59:16.004","","0","75 10:03.532","0","0","0","0","67301","0","0","0","N","0","0","0","2","67301","0","","1.0","","1","N","N","N","0","","0","0","0","","2","","","2","0","0","0","0","0","0","2","1","2","","03","","N","","","","","","","","","",""