"CRN","ARRIVAL_TM","AUTOMOBILE_COUNT","BELTED_DEATH_COUNT","BELTED_SUSP_SERIOUS_INJ_COUNT","BICYCLE_COUNT","BICYCLE_DEATH_COUNT","BICYCLE_SUSP_SERIOUS_INJ_COUNT","BUS_COUNT","CHLDPAS_DEATH_COUNT","CHLDPAS_SUSP_SERIOUS_INJ_COUNT","COLLISION_TYPE","COMM_VEH_COUNT","CONS_ZONE_SPD_LIM","COUNTY","CRASH_MONTH","CRASH_YEAR","DAY_OF_WEEK","DEC_LATITUDE","DEC_LONGITUDE","DISPATCH_TM","DISTRICT","DRIVER_COUNT_16YR","DRIVER_COUNT_17YR","DRIVER_COUNT_18YR","DRIVER_COUNT_19YR","DRIVER_COUNT_20YR","DRIVER_COUNT_50_64YR","DRIVER_COUNT_65_74YR","DRIVER_COUNT_75PLUS","EST_HRS_CLOSED","FATAL_COUNT","HEAVY_TRUCK_COUNT","HORSE_BUGGY_COUNT","HOUR_OF_DAY","ILLUMINATION","INJURY_COUNT","INTERSECTION_RELATED","INTERSECT_TYPE","LANE_CLOSED","LATITUDE","LN_CLOSE_DIR","LOCATION_TYPE","LONGITUDE","MAX_SEVERITY_LEVEL","MCYCLE_DEATH_COUNT","MCYCLE_SUSP_SERIOUS_INJ_COUNT","MOTORCYCLE_COUNT","MUNICIPALITY","NONMOTR_COUNT","NONMOTR_DEATH_COUNT","NONMOTR_SUSP_SERIOUS_INJ_COUNT","NTFY_HIWY_MAINT","PED_COUNT","PED_DEATH_COUNT","PED_SUSP_SERIOUS_INJ_COUNT","PERSON_COUNT","POLICE_AGCY","POSSIBLE_INJ_COUNT","RDWY_SURF_TYPE_CD","RELATION_TO_ROAD","ROADWAY_CLEARED","ROAD_CONDITION","SCH_BUS_IND","SCH_ZONE_IND","SECONDARY_CRASH","SMALL_TRUCK_COUNT","SPEC_JURIS_CD","SUSP_MINOR_INJ_COUNT","SUSP_SERIOUS_INJ_COUNT","SUV_COUNT","TCD_FUNC_CD","TCD_TYPE","TFC_DETOUR_IND","TIME_OF_DAY","TOTAL_UNITS","TOT_INJ_COUNT","UNBELTED_OCC_COUNT","UNB_DEATH_COUNT","UNB_SUSP_SERIOUS_INJ_COUNT","UNK_INJ_DEG_COUNT","UNK_INJ_PER_COUNT","URBAN_RURAL","VAN_COUNT","VEHICLE_COUNT","WEATHER1","WEATHER2","WORKERS_PRES","WORK_ZONE_IND","WORK_ZONE_LOC","WORK_ZONE_TYPE","WZ_CLOSE_DETOUR","WZ_FLAGGER","WZ_LAW_OFFCR_IND","WZ_LN_CLOSURE","WZ_MOVING","WZ_OTHER","WZ_SHLDER_MDN","WZ_WORKERS_INJ_KILLED"
"2022075781","2140","0","0","0","0","0","0","0","0","0","7","0","","67","8","2022","6","39.998157","-75.097647","2140","6","0","0","0","0","0","0","0","0","","0","0","0","","","0","N","0","","39 59:53.364","","0","75 05:51.529","0","0","0","0","67301","0","0","0","N","0","0","0","1","67301","0","","4.0","","1","N","N","N","0","","0","0","1","","0","","","1","0","1","0","0","0","0","2","0","1","","03","","N","","","","","","","","","",""
"2022069738","2135","2","0","0","0","0","0","0","0","0","1","0","","67","7","2022","6","39.921102","-75.194276","2132","6","0","0","0","0","0","0","0","0","","0","0","0","","","1","Y","0","","39 55:15.967","3","0","75 11:39.392","3","0","0","0","67301","0","0","0","N","0","0","0","4","67301","0","","1.0","100.0","1","N","N","N","1","","1","0","0","","2","N","","3","1","0","0","0","0","0","2","0","3","","03","","N","","","","","","","","","",""
"2022072286","1920","1","0","0","0","0","0","0","0","0","1","0","","67","7","2022","6","39.999991","-75.140509","1914","6","0","0","0","0","0","0","0","0","","0","0","0","","","1","","1","","39 59:59.969","","0","75 08:25.832","2","0","1","1","67301","0","0","0","N","0","0","0","1","67301","0","","4.0","","1","N","N","N","0","","0","1","0","","2","","","2","1","0","0","0","0","0","2","0","2","","03","","N","","","","","","","","","",""
"2022082984","0918","1","0","0","0","0","0","0","0","0","5","1","","67","8","2022","4","40.018889","-75.046189","0911","6","0","0","0","1","0","0","0","0","","0","1","0","","","0","N","0","","40 01:08.001","","0","75 02:46.282","0","0","0","0","67301","0","0","0","N","0","0","0","2","68K01","0","","1.0","","1","N","N","N","0","","0","0","0","","0","","","2","0","0","0","0","0","0","2","0","2","","03","","N","","","","","","","","","",""
"2022064415","","0","0","0","0","0","0","0","0","0","1","0","","67","6","2022","4","","","","6","0","0","0","0","0","1","0","0","","0","0","0","","","1","N","0","","","","0","","8","0","0","0","67301","0","0","0","N","0","0","0","3","00000","0","","1.0","","1","","","N","0","","0","0","2","","0","","","3","1","0","0","0","1","0","1","0","3","","","","N","","","","","","","","","",""
"2022069084","1640","1","0","0","0","0","0","0","0","0","1","0","","67","7","2022","3","40.009301","-75.151581","1638","6","0","0","0","0","0","0","0","0","","0","0","0","","","0","N","0","","40 00:33.482","","0","75 09:05.691","0","0","0","0","67301","0","0","0","N","0","0","0","2","67301","0","","1.0","","1","N","N","N","0","","0","0","1","","0","","","2","0","0","0","0","0","0","2","0","2","","03","","N","","","","","","","","","",""
"2022062071","0248","1","0","0","0","0","0","0","0","0","7","0","","67","7","2022","3","40.013278","-75.121583","0247","6","0","0","0","0","0","0","0","0","","0","0","0","","","1","N","0","","40 00:47.800","6","0","75 07:17.700","3","0","0","0","67301","0","0","0","N","0","0","0","1","67301","0","","4.0","1200.0","1","N","N","N","0","","1","0","0","","0","Y","","1","1","1","0","0","0","0","2","0","1","","03","","N","","","","","","","","","",""
"2022080742","1815","1","0","0","0","0","0","0","0","0","6","0","","67","9","2022","5","40.058818","-75.044171","1805","6","0","0","0","0","0","0","0","0","","0","0","0","","","0","","5","","40 03:31.744","","0","75 02:39.016","0","0","0","0","67301","0","0","0","N","0","0","0","2","67301","0","","1.0","","1","N","N","N","0","","0","0","1","","1","","","2","0","0","0","0","0","0","2","0","2","","03","","N","","","","","","","","","",""
"2022066464","","2","0","0","0","0","0","0","0","0","4","0","","67","6","2022","6","39.985822","-75.181018","","6","0","0","0","0","0","0","0","0","","0","0","0","","","3","","1","","39 59:08.960","","0","75 10:51.665","8","0","0","0","67301","0","0","0","N","0","0","0","4","00000","0","","1.0","","1","","","N","0","","0","0","0","","0","","","2","3","0","0","0","3","0","2","0","2","","","","N","","","","","","","","","",""
"2022083811","0032","0","0","0","0","0","0","0","0","0","7","1","","67","9","2022","2","39.9607","-75.181849","0031","6","0","0","0","0","0","0","0","0","","0","1","0","","","0","N","0","","39 57:38.520","","0","75 10:54.657","0","0","0","0","67301","0","0","0","N","0","0","0","1","68K01","0","","4.0","","9","N","N","N","0","","0","0","0","","0","","","1","0","0","0","0","0","0","2","0","1","","03","","N","","","","","","","","","",""
"2022073715","1201","0","0","0","0","0","0","0","0","0","3","0","","67","8","2022","3","40.026589","-75.174012","1140","6","0","0","0","0","0","0","0","0","","0","0","0","","","1","","1","","40 01:35.720","","0","75 10:26.443","3","0","0","0","67301","0","0","0","N","0","0","0","3","67301","0","","1.0","","1","N","N","N","0","","1","0","1","","3","","","2","1","0","0","0","0","0","2","1","2","","","","N","","","","","","","","","",""
"2022079571","0619","1","0","0","0","0","0","0","0","0","7","0","","67","7","2022","7","39.993555","-75.084869","0547","6","0","0","0","0","0","0","0","0","","0","0","0","","","0","N","0","","39 59:36.798","1","0","75 05:05.527","0","0","0","0","67301","0","0","0","N","0","0","0","1","68K01","0","","4.0","635.0","1","N","N","N","0","","0","0","0","","0","N","","1","0","0","0","0","0","0","2","0","1","","03","","N","","","","","","","","","",""
"2022068602","2234","2","0","0","0","0","0","0","0","0","4","0","","67","7","2022","7","40.001107","-75.124741","2232","6","0","0","0","0","0","0","0","0","","0","0","0","","","3","","1","","40 00:03.985","","0","75 07:29.066","3","0","0","0","67301","0","0","0","N","0","0","0","4","67301","2","","1.0","","1","N","N","Y","0","","1","0","1","","2","","","3","3","0","0","0","0","0","2","0","3","","03","","N","","","","","","","","","",""
"2022068564","1637","1","0","0","0","0","0","0","0","0","4","0","","67","7","2022","7","40.125008","-75.014824","1637","6","0","0","0","0","0","0","0","0","","0","0","0","","","1","","1","","40 07:30.027","","0","75 00:53.365","4","0","0","0","67301","0","0","0","N","0","0","0","2","67301","1","","1.0","","1","N","N","N","0","","0","0","1","","2","","","2","1","0","0","0","0","0","2","0","2","","","","N","","","","","","","","","",""
"2022068574","1450","1","0","0","0","0","0","0","0","0","4","0","","67","7","2022","1","40.037413","-75.181825","1450","6","0","0","0","0","0","0","0","0","","0","0","0","","","2","","1","","40 02:14.686","","0","75 10:54.569","3","0","0","0","67301","0","0","0","N","0","0","0","3","67301","0","","1.0","","1","N","N","N","0","","2","0","0","","2","","","2","2","0","0","0","0","0","2","1","2","","","","N","","","","","","","","","",""
"2022083581","1150","2","0","0","0","0","0","0","0","0","4","0","","67","9","2022","5","40.055349","-75.078616","1145","6","0","0","0","0","0","0","1","0","","0","0","0","","","0","","1","","40 03:19.256","","0","75 04:43.017","0","0","0","0","67301","0","0","0","N","0","0","0","2","67301","0","","1.0","","1","N","N","N","0","","0","0","0","","3","","","2","0","0","0","0","0","0","2","0","2","","","","N","","","","","","","","","",""
"2022073657","1820","1","0","0","0","0","0","0","0","0","4","0","","67","8","2022","5","39.940698","-75.224153","1806","6","0","0","0","0","0","1","0","0","","0","0","0","","","1","","1","","39 56:26.512","","0","75 13:26.950","3","0","0","0","67301","0","0","0","N","0","0","0","2","67301","0","","1.0","","1","N","N","N","0","","1","0","1","","1","","","2","1","0","0","0","0","0","2","0","2","","03","","N","","","","","","","","","",""
"2022078520","1208","0","0","0","0","0","0","0","0","0","4","0","","67","3","2022","4","39.999178","-75.134418","1205","6","0","0","0","0","0","0","0","0","","0","0","0","","","1","","1","","39 59:57.041","","0","75 08:03.904","8","0","0","0","67301","0","0","0","N","0","0","0","3","67301","0","","1.0","","1","N","N","N","1","","0","0","1","","3","","","2","1","0","0","0","1","0","2","0","2","","03","","N","","","","","","","","","",""
"2022083626","0830","1","0","0","0","0","0","0","0","0","4","0","","67","8","2022","2","39.959455","-75.22092","0826","6","0","0","0","0","1","0","0","0","","0","0","0","","","1","","1","","39 57:34.039","3","1","75 13:15.311","3","0","0","0","67301","0","0","0","N","0","0","0","3","67301","0","","1.0","1600.0","1","N","N","N","0","","1","0","1","","2","Y","","2","1","0","0","0","0","0","2","0","2","","","","N","","","","","","","","","",""
"2022069168","0311","1","0","0","0","0","0","0","0","0","5","0","","67","7","2022","5","40.057528","-75.161948","0311","6","0","0","0","1","0","0","0","0","","0","0","0","","","0","N","0","","40 03:27.102","","0","75 09:43.013","0","0","0","0","67301","0","0","0","N","0","0","0","2","67301","0","","1.0","","9","N","N","N","0","","0","0","1","","0","","","2","0","0","0","0","0","0","2","0","2","","03","","N","","","","","","","","","",""
"2022083823","1816","2","0","0","0","0","0","0","0","0","5","0","","67","9","2022","1","40.006869","-75.157369","1812","6","0","0","0","0","0","1","0","0","","0","0","0","","","1","N","0","","40 00:24.730","3","0","75 09:26.530","4","0","0","0","67301","0","0","0","N","0","0","0","1","67301","1","","1.0","1915.0","9","N","N","N","1","","0","0","0","","0","Y","","3","1","0","0","0","0","0","2","0","3","","07","","N","","","","","","","","","",""
"2022063432","0936","1","0","0","0","0","0","0","0","0","4","0","","67","7","2022","1","39.923299","-75.161318","0935","6","0","0","0","0","0","0","0","0","","0","0","0","","","1","","1","","39 55:23.877","1","0","75 09:40.743","3","0","0","0","67301","0","0","0","N","0","0","0","2","67301","0","","1.0","1000.0","1","N","N","N","0","","1","0","1","","2","N","","2","1","0","0","0","0","0","2","0","2","","03","","N","","","","","","","","","",""
"2022070460","0145","1","0","0","0","0","0","0","0","0","5","0","","67","7","2022","6","39.977467","-75.133739","0141","6","0","0","0","0","0","0","0","0","","0","0","0","","","1","N","0","","39 58:38.880","5","1","75 08:01.460","8","0","0","0","67301","0","0","0","N","0","0","0","2","67301","0","","6.0","700.0","1","N","N","N","0","","0","0","1","","0","Y","","2","1","0","0","0","1","1","2","0","2","","07","","N","","","","","","","","","",""
"2022064393","","1","0","0","0","0","0","0","0","0","4","0","","67","7","2022","4","39.892503","-75.222547","","6","0","0","0","0","0","0","0","0","","0","0","0","","","1","","1","","39 53:33.012","","2","75 13:21.169","8","0","0","0","67301","0","0","0","N","0","0","0","2","00000","0","","1.0","","1","","","N","0","","0","0","1","","2","","","2","1","0","0","0","1","0","2","0","2","","","","N","","","","","","","","","",""
"2022072285","1732","0","0","0","1","0","0","0","0","0","8","0","","67","7","2022","3","40.004646","-75.137447","1731","6","0","0","0","0","0","0","0","0","","0","0","0","","","1","","1","","40 00:16.725","","0","75 08:14.809","3","0","0","0","67301","1","0","0","N","0","0","0","2","67301","0","","1.0","","1","N","N","N","0","","1","0","1","","3","","","2","1","0","0","0","0","0","2","0","1","","","","N","","","","","","","","","",""
"2022069469","1301","0","0","0","0","0","0","0","0","0","5","0","","67","7","2022","4","40.020406","-75.116281","1301","6","0","0","0","0","0","0","0","0","","0","0","0","","","1","N","0","","40 01:13.460","","0","75 06:58.610","3","0","0","0","67301","0","0","0","N","0","0","0","2","67301","0","","1.0","","1","N","N","N","0","","1","0","2","","0","","","2","1","1","0","0","0","1","2","0","2","","03","","N","","","","","","","","","",""
"2022068575","0823","4","0","0","0","0","0","0","0","0","5","0","","67","7","2022","2","40.041853","-75.188733","0817","6","0","0","0","0","0","0","0","0","","0","0","0","","","2","N","0","","40 02:30.670","","0","75 11:19.440","3","0","0","0","67301","0","0","0","N","0","0","0","2","67301","1","","6.0","","1","N","N","N","0","","1","0","0","","0","","","4","2","0","0","0","0","0","2","0","4","","","","N","","","","","","","","","",""
"2022075276","1804","1","0","0","0","0","0","0","0","0","4","0","","67","8","2022","4","39.984681","-75.156494","1804","6","0","0","0","1","0","0","0","0","","0","0","0","","","0","N","1","","39 59:04.850","","0","75 09:23.377","0","0","0","0","67301","0","0","0","N","0","0","0","4","67505","0","","1.0","","1","N","N","N","0","","0","0","1","","2","","","2","0","0","0","0","0","0","2","0","2","","03","","N","","","","","","","","","",""
"2022082985","1242","3","0","0","0","0","0","0","0","0","1","0","","67","8","2022","1","40.008466","-75.070015","1230","6","0","0","0","0","0","0","0","0","","0","0","0","","","2","N","0","","40 00:30.477","1","0","75 04:12.054","8","0","0","0","67301","0","0","0","N","0","0","0","5","68K01","0","","1.0","1250.0","1","N","N","N","0","","0","0","0","","0","N","","3","2","0","0","0","2","0","2","0","3","","03","","N","","","","","","","","","",""
"2022068690","0002","0","0","0","0","0","0","0","0","0","6","0","","67","7","2022","7","40.039381","-75.164061","2358","6","0","0","0","0","0","1","0","0","","0","0","0","","","2","N","0","","40 02:21.770","","0","75 09:50.620","3","0","0","0","67301","0","0","0","N","0","0","0","10","67301","0","","1.0","","1","N","N","Y","0","","2","0","2","","0","","","2","2","3","0","0","0","0","2","0","2","","03","","N","","","","","","","","","",""
"2022068640","1710","0","0","0","0","0","0","0","0","0","8","0","","67","7","2022","3","39.950664","-75.162365","1700","6","0","0","0","0","0","0","0","0","","0","0","0","","","1","N","0","","39 57:02.390","","0","75 09:44.515","3","0","0","0","67301","1","0","0","N","1","0","0","2","67301","0","","1.0","","1","N","N","N","0","","1","0","1","","0","","","2","1","1","0","0","0","0","2","0","1","","","","N","","","","","","","","","",""
"2022072490","1615","0","0","0","0","0","0","0","0","0","4","0","","67","8","2022","1","39.989255","-75.183691","1605","6","0","0","1","0","0","0","0","0","","0","0","0","","","1","","3","","39 59:21.319","","0","75 11:01.289","3","0","0","0","67301","0","0","0","N","0","0","0","2","67301","0","","1.0","","1","N","N","N","0","","1","0","2","","3","","","2","1","0","0","0","0","1","2","0","2","","03","","N","","","","","","","","","",""
"2022078722","1800","2","0","0","0","0","0","0","0","0","4","0","","67","8","2022","1","40.046807","-75.137538","1758","6","0","0","0","0","0","1","0","0","","0","0","0","","","1","","1","","40 02:48.506","1","0","75 08:15.137","3","0","0","0","67301","0","0","0","N","0","0","0","2","67301","0","","1.0","2030.0","1","N","N","N","0","","1","0","1","","2","Y","","3","1","0","0","0","0","0","2","0","3","","","","N","","","","","","","","","",""
"2022083974","1603","1","0","0","0","0","0","0","0","0","4","1","","67","9","2022","6","40.036608","-75.064461","1557","6","0","0","0","0","0","1","0","1","","0","1","0","","","0","","1","","40 02:11.789","3","0","75 03:52.061","0","0","0","0","67301","0","0","0","N","0","0","0","2","67301","0","","1.0","20.0","1","N","N","N","0","","0","0","0","","2","N","","2","0","0","0","0","0","0","2","0","2","","","","N","","","","","","","","","",""
"2022070133","1103","0","0","0","0","0","0","0","0","0","0","0","","67","7","2022","7","40.082678","-75.032113","1102","6","0","0","0","0","0","0","0","0","","0","0","0","","","1","","1","","40 04:57.639","6","0","75 01:55.607","3","0","0","1","67301","0","0","0","N","0","0","0","1","67301","0","","1.0","1230.0","98","N","N","N","0","","1","0","0","","2","Y","","1","1","0","0","0","0","0","2","0","1","","03","","N","","","","","","","","","",""
"2022063401","0952","0","0","0","0","0","0","0","0","0","4","0","","67","7","2022","1","39.954079","-75.189725","0950","6","0","0","0","1","0","0","0","0","","0","0","0","","","1","","1","","39 57:14.683","3","0","75 11:23.010","3","0","0","0","67301","0","0","0","N","0","0","0","2","67507","0","","1.0","1015.0","1","N","N","N","0","","1","0","1","","2","Y","","2","1","0","0","0","0","0","2","1","2","","03","","N","","","","","","","","","",""
"2022069692","2255","0","0","0","0","0","0","0","0","0","8","0","","67","7","2022","6","40.034192","-75.047614","2251","6","0","0","0","0","0","0","0","0","","0","0","0","","","1","N","0","","40 02:03.090","","0","75 02:51.410","8","0","0","0","67301","1","0","0","N","1","0","0","2","67301","0","","1.0","","1","N","N","N","0","","0","0","1","","0","","","2","1","0","0","0","1","1","2","0","1","","","","N","","","","","","","","","",""
"2022084225","2314","2","0","0","0","0","0","0","0","0","5","0","","67","9","2022","7","39.995919","-75.082836","2301","6","0","0","0","0","0","0","0","0","","0","0","0","","","1","N","0","","39 59:45.307","1","0","75 04:58.208","3","0","0","0","67301","0","0","0","N","0","0","0","4","68K01","0","","1.0","30.0","1","N","N","N","0","","1","0","2","","0","N","","4","1","1","0","0","0","0","2","0","4","","03","","N","","","","","","","","","",""
"2022075779","1720","1","0","0","0","0","0","0","0","0","1","0","","67","8","2022","5","39.99625","-75.187549","1705","6","0","0","0","0","0","0","0","0","","0","0","0","","","1","N","0","","39 59:46.499","1","0","75 11:15.177","3","0","0","0","67301","0","0","0","N","0","0","0","2","67301","0","","6.0","1900.0","99","N","N","N","0","","1","0","1","","0","Y","","2","1","1","0","0","0","0","2","0","2","","03","","N","","","","","","","","","",""
"2022074610","0204","1","0","0","0","0","0","0","0","0","7","0","","67","7","2022","1","39.946122","-75.189279","0147","6","0","0","0","0","0","0","0","0","","0","0","0","","","0","N","0","","39 56:46.039","","0","75 11:21.403","0","0","0","0","67301","0","0","0","N","0","0","0","1","68K01","0","","4.0","","1","N","N","N","0","","0","0","0","","0","","","1","0","0","0","0","0","0","2","0","1","","03","","N","","","","","","","","","",""
"2022076057","2021","2","0","0","0","0","0","0","0","0","4","0","","67","8","2022","5","39.909061","-75.233198","2016","6","0","0","0","0","0","0","0","0","","0","0","0","","","1","","1","","39 54:32.618","","0","75 13:59.514","3","0","0","0","67301","0","0","0","N","0","0","0","1","67301","0","","1.0","","1","N","N","N","0","","1","0","0","","2","","","2","1","1","0","0","0","0","2","0","2","","03","","N","","","","","","","","","",""
"2022069985","0935","2","0","0","0","0","0","0","0","0","4","0","","67","7","2022","7","39.90369","-75.243251","0925","6","0","0","0","0","0","0","0","0","","0","0","0","","","1","","1","","39 54:13.283","","0","75 14:35.703","3","0","0","0","67301","0","0","0","N","0","0","0","4","67301","0","","1.0","","1","N","N","N","0","","1","0","1","","2","","","3","1","0","0","0","0","0","2","0","3","","03","","N","","","","","","","","","",""
"2022079162","0545","2","0","0","0","0","0","0","0","0","4","0","","67","8","2022","7","40.018622","-75.062242","0538","6","0","0","0","0","0","0","0","0","","0","0","0","","","1","N","0","","40 01:07.040","","0","75 03:44.070","3","0","0","0","67301","0","0","0","N","0","0","0","1","67301","0","","5.0","","1","N","N","N","0","","1","0","0","","0","","","2","1","0","0","0","0","0","2","0","2","","03","","N","","","","","","","","","",""
"2022075778","0820","0","0","0","0","0","0","0","0","0","5","0","","67","8","2022","2","39.956153","-75.198256","0815","6","0","0","0","0","0","1","0","0","","0","0","0","","","1","N","0","","39 57:22.152","","0","75 11:53.721","3","0","0","0","67301","0","0","0","N","0","0","0","2","67301","0","","1.0","","1","N","N","N","0","","1","0","2","","0","","","2","1","0","0","0","0","0","2","0","2","","","","N","","","","","","","","","",""
"2022073023","1427","0","0","0","0","0","0","0","0","0","4","0","","67","8","2022","3","40.097156","-75.018134","1417","6","0","0","0","0","0","0","1","0","","0","0","0","","","1","","1","","40 05:49.760","2","0","75 01:05.283","3","0","0","0","67301","0","0","0","N","0","0","0","3","67301","0","","1.0","1455.0","1","N","N","Y","1","","1","0","0","","2","N","","2","1","0","0","0","0","0","2","1","2","","04","","N","","","","","","","","","",""
"2022070220","1120","0","0","0","0","0","0","0","0","0","4","0","","67","7","2022","7","39.957138","-75.214339","1114","6","0","0","0","0","0","0","0","0","","0","0","0","","","1","","1","","39 57:25.697","","0","75 12:51.620","8","0","0","0","67301","0","0","0","N","0","0","0","2","67301","0","","1.0","","1","N","N","N","0","","0","0","2","","2","","","2","1","0","0","0","1","0","2","0","2","","03","","N","","","","","","","","","",""
"2022057692","","1","0","0","0","0","0","0","0","0","1","0","","67","5","2022","4","39.923927","-75.222089","","6","0","0","0","0","0","1","0","0","","0","0","0","","","1","","1","","39 55:26.137","","0","75 13:19.522","8","0","0","0","67301","0","0","0","N","0","0","0","2","00000","0","","1.0","","1","","","N","0","","0","0","0","","2","","","2","1","0","0","0","1","0","2","0","2","","","","N","","","","","","","","","",""
"2022070434","1435","1","0","0","0","0","0","0","0","0","4","0","","67","7","2022","7","39.997496","-75.169384","1433","6","0","0","0","0","0","0","1","0","","0","0","0","","","1","","1","","39 59:50.985","3","0","75 10:09.782","3","0","0","0","67301","0","0","0","N","0","0","0","1","67301","0","","1.0","45.0","1","N","N","N","1","","1","0","0","","3","Y","","2","1","0","0","0","0","0","2","0","2","","","","N","","","","","","","","","",""
"2022079569","0924","2","0","0","0","0","0","0","0","0","1","0","","67","7","2022","4","39.95443","-75.141606","0920","6","0","0","0","0","0","0","0","0","","0","0","0","","","1","N","0","","39 57:15.949","","0","75 08:29.783","4","0","0","0","67301","0","0","0","N","0","0","0","2","68K01","1","","1.0","","1","N","N","N","0","","0","0","0","","0","","","2","1","1","0","0","0","0","2","0","2","","","","N","","","","","","","","","",""
"2022084632","2022","2","0","0","0","0","0","0","0","0","4","0","","67","7","2022","1","40.000428","-75.079742","2008","6","0","0","0","0","0","0","0","0","","0","0","0","","","0","N","0","","40 00:01.541","","0","75 04:47.072","0","0","0","0","67301","0","0","0","N","0","0","0","4","68K01","0","","1.0","","1","N","N","N","0","","0","0","0","","0","","","2","0","0","0","0","0","0","2","0","2","","03","","N","","","","","","","","","",""
"2022076137","0710","1","0","0","0","0","0","0","0","0","4","0","","67","8","2022","5","39.97507","-75.23338","0708","6","0","0","0","0","0","1","0","0","","0","0","0","","","2","","1","","39 58:30.251","","0","75 14:00.168","3","0","0","0","67301","0","0","0","N","0","0","0","2","67301","0","","1.0","","1","N","N","N","0","","2","0","1","","3","","","2","2","0","0","0","0","0","2","0","2","","03","","N","","","","","","","","","",""
"2022072283","2105","1","0","0","0","0","0","0","0","0","4","0","","67","7","2022","1","39.999003","-75.116957","2100","6","0","0","0","0","0","0","0","0","","0","0","0","","","1","","2","","39 59:56.409","","0","75 07:01.044","3","0","0","0","67301","0","0","0","N","0","0","0","2","67301","0","","1.0","","1","N","N","N","0","","1","0","1","","0","","","2","1","0","0","0","0","1","2","0","2","","98","","N","","","","","","","","","",""
"2022080245","1858","1","0","0","0","0","0","0","0","0","5","0","","67","8","2022","4","39.916171","-75.166629","1843","6","0","0","0","0","0","0","0","1","","0","0","0","","","1","N","0","","39 54:58.217","","0","75 09:59.865","8","0","0","0","67301","0","0","0","N","0","0","0","1","67301","0","","6.0","","1","N","N","N","0","","0","0","0","","0","","","2","1","0","0","0","1","0","2","1","2","","03","","N","","","","","","","","","",""
"2022069354","0439","1","0","0","0","0","0","0","0","0","8","0","","67","7","2022","2","40.038651","-75.1098","0435","6","0","0","0","0","0","0","0","0","","0","0","0","","","1","N","0","","40 02:19.143","","0","75 06:35.281","2","0","0","0","67301","1","0","1","N","1","0","1","2","67301","0","","1.0","","1","N","N","N","0","","0","1","0","","0","","","2","1","0","0","0","0","0","2","0","1","","","","N","","","","","","","","","",""
"2022061567","0228","0","0","1","0","0","0","0","0","0","5","0","","67","7","2022","1","40.010601","-75.184634","0226","6","0","0","0","0","0","0","0","0","","0","0","0","","","4","N","0","","40 00:38.165","2","0","75 11:04.684","2","0","0","0","67301","0","0","0","N","0","0","0","4","67301","0","","1.0","427.0","1","N","N","Y","0","","3","1","2","","0","Y","","2","4","0","0","0","0","0","2","0","2","","04","","N","","","","","","","","","",""
"2022075793","1510","3","0","0","0","0","0","0","0","0","4","0","","67","8","2022","4","39.970228","-75.145006","1506","6","0","0","0","0","0","0","1","0","","0","0","0","","","0","","1","","39 58:12.820","","0","75 08:42.023","0","0","0","0","67301","0","0","0","N","0","0","0","2","67301","0","","1.0","","1","N","N","N","0","","0","0","1","","2","","","4","0","0","0","0","0","0","2","0","4","","03","","N","","","","","","","","","",""
"2022072841","1420","0","0","0","0","0","0","0","0","0","4","0","","67","8","2022","1","40.099527","-74.986368","1420","6","0","0","0","0","0","1","0","0","","0","0","0","","","0","","1","","40 05:58.296","","2","74 59:10.926","0","0","0","0","67301","0","0","0","N","0","0","0","2","67301","0","","1.0","","1","N","N","N","0","","0","0","2","","2","","","2","0","0","0","0","0","0","2","0","2","","03","","N","","","","","","","","","",""
"2022075633","0100","1","0","0","0","0","0","0","0","0","7","0","","67","7","2022","1","39.948328","-75.186444","0051","6","0","0","0","0","0","0","0","0","","0","0","0","","","0","N","0","","39 56:53.982","3","0","75 11:11.199","0","0","0","0","67301","0","0","0","N","0","0","0","1","68K01","0","","4.0","111.0","1","N","N","N","0","","0","0","0","","0","N","","1","0","0","0","0","0","0","2","0","1","","","","N","","","","","","","","","",""
"2022079877","1847","2","0","0","0","0","0","0","0","0","4","0","","67","8","2022","2","39.990168","-75.173655","1842","6","0","0","0","0","0","0","0","0","","0","0","0","","","0","","1","","39 59:24.604","","0","75 10:25.157","0","0","0","0","67301","0","0","0","N","0","0","0","2","67301","0","","1.0","","1","N","N","N","0","","0","0","0","","2","","","2","0","0","0","0","0","0","2","0","2","","03","","N","","","","","","","","","",""
"2022078365","0636","1","0","1","0","0","0","0","0","0","7","0","","67","8","2022","5","40.028614","-75.185148","0632","6","0","0","0","0","0","0","0","0","","0","0","0","","","1","N","0","","40 01:43.011","5","0","75 11:06.532","2","0","0","0","67301","0","0","0","N","0","0","0","1","67301","0","","2.0","740.0","1","N","N","N","0","","0","1","0","","0","Y","","1","1","0","0","0","0","0","2","0","1","","03","","N","","","","","","","","","",""
"2022075782","1724","1","0","0","0","0","0","0","0","0","5","0","","67","8","2022","5","39.991528","-75.122306","1724","6","0","0","0","0","0","0","0","0","","0","0","0","","","0","N","0","","39 59:29.500","","1","75 07:20.300","9","0","0","0","67301","0","0","0","N","0","0","0","1","67301","0","","6.0","","99","N","N","N","0","","0","0","0","","0","","","2","0","0","0","0","0","1","2","0","2","","","","N","","","","","","","","","",""