"CRN","ARRIVAL_TM","AUTOMOBILE_COUNT","BELTED_DEATH_COUNT","BELTED_SUSP_SERIOUS_INJ_COUNT","BICYCLE_COUNT","BICYCLE_DEATH_COUNT","BICYCLE_SUSP_SERIOUS_INJ_COUNT","BUS_COUNT","CHLDPAS_DEATH_COUNT","CHLDPAS_SUSP_SERIOUS_INJ_COUNT","COLLISION_TYPE","COMM_VEH_COUNT","CONS_ZONE_SPD_LIM","COUNTY","CRASH_MONTH","CRASH_YEAR","DAY_OF_WEEK","DEC_LATITUDE","DEC_LONGITUDE","DISPATCH_TM","DISTRICT","DRIVER_COUNT_16YR","DRIVER_COUNT_17YR","DRIVER_COUNT_18YR","DRIVER_COUNT_19YR","DRIVER_COUNT_20YR","DRIVER_COUNT_50_64YR","DRIVER_COUNT_65_74YR","DRIVER_COUNT_75PLUS","EST_HRS_CLOSED","FATAL_COUNT","HEAVY_TRUCK_COUNT","HORSE_BUGGY_COUNT","HOUR_OF_DAY","ILLUMINATION","INJURY_COUNT","INTERSECTION_RELATED","INTERSECT_TYPE","LANE_CLOSED","LATITUDE","LN_CLOSE_DIR","LOCATION_TYPE","LONGITUDE","MAX_SEVERITY_LEVEL","MCYCLE_DEATH_COUNT","MCYCLE_SUSP_SERIOUS_INJ_COUNT","MOTORCYCLE_COUNT","MUNICIPALITY","NONMOTR_COUNT","NONMOTR_DEATH_COUNT","NONMOTR_SUSP_SERIOUS_INJ_COUNT","NTFY_HIWY_MAINT","PED_COUNT","PED_DEATH_COUNT","PED_SUSP_SERIOUS_INJ_COUNT","PERSON_COUNT","POLICE_AGCY","POSSIBLE_INJ_COUNT","RDWY_SURF_TYPE_CD","RELATION_TO_ROAD","ROADWAY_CLEARED","ROAD_CONDITION","SCH_BUS_IND","SCH_ZONE_IND","SECONDARY_CRASH","SMALL_TRUCK_COUNT","SPEC_JURIS_CD","SUSP_MINOR_INJ_COUNT","SUSP_SERIOUS_INJ_COUNT","SUV_COUNT","TCD_FUNC_CD","TCD_TYPE","TFC_DETOUR_IND","TIME_OF_DAY","TOTAL_UNITS","TOT_INJ_COUNT","UNBELTED_OCC_COUNT","UNB_DEATH_COUNT","UNB_SUSP_SERIOUS_INJ_COUNT","UNK_INJ_DEG_COUNT","UNK_INJ_PER_COUNT","URBAN_RURAL","VAN_COUNT","VEHICLE_COUNT","WEATHER1","WEATHER2","WORKERS_PRES","WORK_ZONE_IND","WORK_ZONE_LOC","WORK_ZONE_TYPE","WZ_CLOSE_DETOUR","WZ_FLAGGER","WZ_LAW_OFFCR_IND","WZ_LN_CLOSURE","WZ_MOVING","WZ_OTHER","WZ_SHLDER_MDN","WZ_WORKERS_INJ_KILLED"
"2022078367","0025","0","0","0","0","0","0","0","0","0","8","0","","67","8","2022","6","39.994954","-75.15424","0018","6","0","0","0","0","0","0","0","0","","0","0","0","","","1","N","0","","39 59:41.834","","0","75 09:15.263","2","0","0","0","67301","1","0","1","N","1","0","1","2","67301","0","","1.0","","1","N","N","N","0","","0","1","1","","0","","","2","1","0","0","0","0","0","2","0","1","","","","N","","","","","","","","","",""
"2022068619","1410","1","0","0","0","0","0","0","0","0","8","0","","67","7","2022","7","40.011261","-75.177319","1405","6","0","0","1","0","0","0","0","0","","0","0","0","","","1","N","0","","40 00:40.541","","7","75 10:38.348","3","0","0","0","67301","1","0","0","N","1","0","0","2","67301","0","","1.0","","1","N","N","N","0","","1","0","0","","0","","","2","1","0","0","0","0","0","2","0","1","","03","","N","","","","","","","","","",""
"2022061213","0035","0","0","0","0","0","0","0","0","0","7","0","","67","7","2022","1","39.912556","-75.150378","0029","6","0","0","0","0","0","0","0","0","","0","0","0","","","1","N","0","","39 54:45.200","","0","75 09:01.360","3","0","0","1","67301","0","0","0","N","0","0","0","1","67301","0","","4.0","","1","N","N","N","0","","1","0","0","","0","","","1","1","0","0","0","0","0","2","0","1","","03","","N","","","","","","","","","",""
"2022071666","0449","1","0","0","0","0","0","0","0","0","7","0","","67","7","2022","2","39.990604","-75.204909","0446","6","0","0","0","0","0","1","0","0","","0","0","0","","","0","N","0","","39 59:26.173","3","0","75 12:17.672","0","0","0","0","67301","0","0","0","N","0","0","0","2","68K01","0","","3.0","500.0","1","N","N","N","0","","0","0","0","","0","Y","","1","0","0","0","0","0","0","2","0","1","","03","","N","","","","","","","","","",""
"2022079320","1230","2","0","0","0","0","0","0","0","0","4","0","","67","3","2022","7","40.016941","-75.060645","1210","6","0","0","0","0","0","0","0","0","","0","0","0","","","1","","1","","40 01:00.988","","0","75 03:38.322","3","0","0","0","67301","0","0","0","N","0","0","0","3","67301","0","","1.0","","1","N","N","N","0","","1","0","1","","2","","","3","1","0","0","0","0","0","2","0","3","","03","","N","","","","","","","","","",""
"2022068620","0010","1","0","0","0","0","0","0","0","0","4","0","","67","7","2022","7","40.023517","-75.171602","0001","6","0","0","0","0","0","0","0","0","","0","0","0","","","6","","1","","40 01:24.661","","0","75 10:17.767","4","0","0","0","67301","0","0","0","N","0","0","0","6","67301","1","","1.0","","1","N","N","N","0","","0","0","0","","3","","","2","6","0","0","0","5","0","2","1","2","","","","N","","","","","","","","","",""
"2022075813","1332","1","0","0","0","0","0","0","0","0","4","0","","67","7","2022","6","40.016961","-75.149808","1320","6","0","0","0","0","0","0","0","0","","0","0","0","","","0","Y","0","","40 01:01.060","","7","75 08:59.310","0","0","0","0","67301","0","0","0","N","0","0","0","2","67301","0","","1.0","","1","N","N","N","0","","0","0","1","","2","","","2","0","0","0","0","0","0","2","0","2","","","","N","","","","","","","","","",""
"2022070327","1322","0","0","0","0","0","0","0","0","0","8","0","","67","7","2022","3","39.947821","-75.193772","1321","6","0","0","0","0","0","0","0","0","","0","0","0","","","1","","2","","39 56:52.154","","0","75 11:37.578","4","0","0","0","67301","1","0","0","N","1","0","0","2","67504","1","","1.0","","1","N","N","N","0","","0","0","0","","2","","","2","1","0","0","0","0","0","2","1","1","","03","","N","","","","","","","","","",""
"2022069486","1430","1","0","0","0","0","0","0","0","0","8","0","","67","7","2022","6","39.985153","-75.159815","1428","6","0","0","0","0","0","0","0","0","","0","0","0","","","1","","1","","39 59:06.550","","0","75 09:35.335","3","0","0","0","67301","1","0","0","N","1","0","0","2","67505","0","","1.0","","1","N","N","N","0","","1","0","0","","2","","","2","1","0","0","0","0","0","2","0","1","","03","","N","","","","","","","","","",""
"2022069920","2106","1","0","0","0","0","0","0","0","0","8","0","","67","7","2022","7","39.99554","-75.154264","2058","6","0","0","0","0","0","0","0","0","","0","0","0","","","1","","1","","39 59:43.943","1","0","75 09:15.350","8","0","0","0","67301","1","0","0","N","1","0","0","2","67301","0","","1.0","2215.0","1","N","N","N","0","","0","0","0","","2","Y","","2","1","0","0","0","1","0","2","0","1","","04","","N","","","","","","","","","",""
"2022076060","1918","1","0","0","0","0","0","0","0","0","7","0","","67","8","2022","4","39.895902","-75.215663","1857","6","0","0","0","0","0","0","0","0","","0","0","0","","","0","N","0","","39 53:45.247","3","3","75 12:56.387","0","0","0","0","67301","0","0","0","N","0","0","0","2","67301","0","","3.0","100.0","1","N","N","N","0","","0","0","0","","0","N","","1","0","2","0","0","0","0","2","0","1","","03","","N","","","","","","","","","",""
"2022072620","2020","1","0","0","0","0","0","0","0","0","1","0","","67","7","2022","7","39.999169","-75.108567","2014","6","0","0","0","0","0","0","0","0","","0","0","0","","","0","N","0","","39 59:57.010","","1","75 06:30.840","0","0","0","0","67301","0","0","0","N","0","0","0","1","67301","0","","6.0","","1","N","N","N","0","","0","0","0","","0","","","3","0","0","0","0","0","0","2","1","3","","","","N","","","","","","","","","",""
"2022070063","2145","0","0","0","2","0","0","0","0","0","8","0","","67","7","2022","6","39.973776","-75.258236","2145","6","0","0","0","0","0","1","0","0","","0","0","0","","","2","","1","","39 58:25.593","","0","75 15:29.649","4","0","0","0","67301","2","0","0","N","0","0","0","3","67301","2","","1.0","","99","N","N","N","0","","0","0","0","","1","","","3","2","0","0","0","0","1","2","1","1","","","","N","","","","","","","","","",""
"2022084690","0154","0","0","0","0","0","0","0","0","0","1","0","15","67","9","2022","5","40.017664","-75.17225","0145","6","0","0","0","0","0","1","0","0","","0","1","0","","","1","","5","","40 01:03.591","1","0","75 10:20.099","3","0","0","0","67301","0","0","0","N","0","0","0","2","67301","0","","1.0","600.0","1","N","N","N","0","","1","0","1","","0","Y","","2","1","0","0","0","0","0","2","0","2","","03","N","Y","4","1","N","N","Y","Y","N","N","N","N"
"2022070074","1540","1","0","0","0","0","0","0","0","0","4","0","","67","7","2022","7","39.993651","-75.230601","1533","6","0","0","0","0","0","1","0","0","","0","0","0","","","1","","1","","39 59:37.143","","0","75 13:50.163","3","0","0","0","67301","0","0","0","N","0","0","0","3","67301","0","","1.0","","1","N","N","N","0","","1","0","1","","3","","","2","1","0","0","0","0","0","2","0","2","","03","","N","","","","","","","","","",""
"2022073708","0951","2","0","0","0","0","0","0","0","0","5","0","","67","8","2022","5","40.034222","-75.141903","2247","6","0","0","0","0","0","1","0","0","","0","0","0","","","0","N","0","","40 02:03.200","","0","75 08:30.850","9","0","0","0","67301","0","0","0","N","0","0","0","1","67301","0","","6.0","","1","N","N","N","0","","0","0","1","","0","","","3","0","0","0","0","0","1","2","0","3","","","","N","","","","","","","","","",""
"2022070253","2025","3","0","0","0","0","0","0","0","0","5","0","","67","7","2022","1","39.986933","-75.163486","2021","6","0","0","0","0","0","0","0","0","","0","0","0","","","0","N","0","","39 59:12.960","","0","75 09:48.550","0","0","0","0","67301","0","0","0","N","0","0","0","1","67301","0","","6.0","","9","N","N","N","0","","0","0","0","","0","","","3","0","0","0","0","0","0","2","0","3","","07","","N","","","","","","","","","",""
"2022083651","0524","0","0","0","0","0","0","0","0","0","8","0","","67","8","2022","2","40.017693","-75.150042","0524","6","0","0","0","0","0","0","0","0","","1","0","0","","","0","N","0","","40 01:03.696","","0","75 09:00.152","1","0","0","0","67301","1","1","0","N","1","1","0","2","67301","0","2","1.0","","1","N","N","N","0","0","0","0","0","","0","","","2","0","0","0","0","0","0","2","0","1","","03","","N","","","","","","","","","",""
"2022069937","1046","1","0","0","0","0","0","0","0","0","1","0","","67","7","2022","7","39.999286","-75.098646","1046","6","0","0","0","1","0","0","0","0","","0","0","0","","","0","Y","0","","39 59:57.430","","0","75 05:55.124","0","0","0","0","67301","0","0","0","N","0","0","0","3","67301","0","","1.0","","1","N","N","N","0","","0","0","2","","2","","","3","0","3","0","0","0","0","2","0","3","","03","","N","","","","","","","","","",""
"2022075807","0738","0","0","0","0","0","0","0","0","0","7","0","","67","8","2022","1","40.030737","-75.112002","0735","6","0","0","0","0","0","0","0","0","","0","0","0","","","0","","1","","40 01:50.653","","0","75 06:43.207","9","0","0","0","67301","0","0","0","N","0","0","0","1","67301","0","","4.0","","1","N","N","N","0","","0","0","0","","2","","","1","0","0","0","0","0","1","2","1","1","","03","","N","","","","","","","","","",""
"2022070065","0750","3","0","0","0","0","0","0","0","0","4","0","","67","7","2022","7","39.963628","-75.24108","0749","6","0","0","0","0","0","0","0","0","","0","0","0","","","2","","1","","39 57:49.060","3","0","75 14:27.888","3","0","0","0","67301","0","0","0","N","0","0","0","2","67301","0","","1.0","919.0","1","N","N","N","0","","2","0","0","","3","Y","","3","2","0","0","0","0","0","2","0","3","","","","N","","","","","","","","","",""
"2022073914","2204","1","0","0","0","0","0","0","0","0","4","0","","67","8","2022","6","40.102481","-74.982022","2156","6","0","0","0","0","0","0","0","1","","0","0","0","","","2","","2","","40 06:08.933","1","0","74 58:55.279","3","0","0","1","67301","0","0","0","N","0","0","0","4","67301","0","","1.0","30.0","1","N","N","N","0","","1","0","0","","2","N","","2","2","3","0","0","1","0","2","0","2","","03","","N","","","","","","","","","",""
"2022070330","1033","2","0","0","0","0","0","0","0","0","5","0","","67","7","2022","3","39.953213","-75.195303","1031","6","0","0","0","0","0","0","0","0","","0","0","0","","","1","N","0","","39 57:11.568","","0","75 11:43.092","4","0","0","0","67301","0","0","0","N","0","0","0","2","67504","1","","1.0","","1","N","N","N","0","","0","0","0","","0","","","2","1","0","0","0","0","1","2","0","2","","","","N","","","","","","","","","",""
"2022080016","0920","1","0","0","0","0","0","0","0","0","1","0","","67","8","2022","6","39.985314","-75.20818","0920","6","0","1","0","0","0","1","0","0","","0","0","0","","","2","N","0","","39 59:07.129","","0","75 12:29.448","3","0","0","0","67301","0","0","0","N","0","0","0","3","68K01","0","","1.0","","1","N","N","N","0","","2","0","2","","0","","","3","2","0","0","0","0","0","2","0","3","","","","N","","","","","","","","","",""
"2022064020","0145","2","0","0","0","0","0","0","0","0","1","0","","67","7","2022","1","39.894612","-75.236717","0145","6","0","0","0","0","0","1","0","0","","0","0","0","","","1","","1","","39 53:40.603","","0","75 14:12.181","8","0","0","0","67301","0","0","0","N","0","0","0","3","67301","0","","1.0","","1","N","N","N","0","","0","0","1","","2","","","3","1","0","0","0","1","1","2","0","3","","","","N","","","","","","","","","",""
"2022064952","1618","2","0","0","0","0","0","0","0","0","4","0","","67","7","2022","1","39.95762","-75.145687","1612","6","0","0","0","0","1","0","0","0","","0","0","0","","","2","","1","","39 57:27.432","4","0","75 08:44.473","3","0","0","0","67301","0","0","0","N","0","0","0","4","67301","0","","1.0","1630.0","1","N","N","N","0","","2","0","0","","2","N","","2","2","0","0","0","0","0","2","0","2","","03","","N","","","","","","","","","",""
"2022080650","1154","0","0","0","0","0","0","0","0","0","8","0","","67","9","2022","6","39.965591","-75.231913","1154","6","0","0","0","0","0","0","0","0","","0","2","0","","","3","","1","","39 57:56.127","","0","75 13:54.886","2","0","0","0","67301","3","0","2","N","3","0","2","4","67301","0","","1.0","","1","N","N","N","0","","0","2","0","","2","","","5","3","0","0","0","1","1","2","0","2","","03","","N","","","","","","","","","",""
"2022069564","2005","1","0","0","0","0","0","0","0","0","4","0","","67","7","2022","2","39.957398","-75.157071","2004","6","0","1","0","0","0","0","0","0","","0","0","0","","","3","","1","","39 57:26.633","1","3","75 09:25.457","3","0","0","0","67301","0","0","0","N","0","0","0","6","67301","0","","1.0","2100.0","1","N","N","N","0","","3","0","1","","2","Y","","2","3","6","0","0","0","0","2","0","2","","03","","N","","","","","","","","","",""
"2022073946","0230","2","0","0","0","0","0","0","0","0","5","0","","67","8","2022","7","39.931414","-75.231861","0226","6","0","0","0","0","0","0","0","0","","0","0","0","","","0","N","0","","39 55:53.089","","0","75 13:54.699","0","0","0","0","67301","0","0","0","N","0","0","0","1","67301","0","","6.0","","1","N","N","N","0","","0","0","5","","0","","","7","0","0","0","0","0","0","2","0","7","","03","","N","","","","","","","","","",""
"2022064332","","0","0","0","0","0","0","0","0","0","4","0","","67","6","2022","7","39.977768","-75.21345","","6","0","0","0","0","0","1","0","0","","0","0","0","","","0","","1","","39 58:39.965","","0","75 12:48.419","0","0","0","0","67301","0","0","0","N","0","0","0","2","00000","0","","1.0","","1","","","N","0","","0","0","1","","2","","","2","0","0","0","0","0","0","2","0","2","","","","N","","","","","","","","","",""
"2022069942","1730","2","0","0","0","0","0","0","0","0","5","0","","67","7","2022","6","40.045123","-75.06096","1723","6","0","0","0","1","0","0","0","0","","0","0","0","","","1","N","0","","40 02:42.442","2","0","75 03:39.456","3","0","0","0","67301","0","0","0","N","0","0","0","2","67301","0","","6.0","100.0","1","N","N","N","0","","1","0","1","","0","N","","3","1","0","0","0","0","0","2","0","3","","03","","N","","","","","","","","","",""
"2022074721","0958","0","0","0","0","0","0","0","0","0","1","0","","67","4","2022","2","39.979088","-75.203663","0953","6","0","0","0","0","0","0","0","1","","0","0","0","","","0","N","0","","39 58:44.715","","0","75 12:13.186","0","0","0","0","67301","0","0","0","N","0","0","0","2","68K01","0","","1.0","","1","N","N","N","1","","0","0","1","","0","","","2","0","0","0","0","0","0","2","0","2","","","","N","","","","","","","","","",""
"2022063551","2034","0","0","0","0","0","0","0","0","0","7","0","","67","7","2022","7","40.081965","-74.966378","2034","6","0","0","0","0","0","0","0","0","","0","0","0","","","1","N","0","","40 04:55.075","4","0","74 57:58.961","2","0","1","1","67301","0","0","0","N","0","0","0","1","67301","0","","2.0","2015.0","1","N","N","N","0","","0","1","0","","0","N","","1","1","0","0","0","0","0","2","0","1","","03","","N","","","","","","","","","",""
"2022064089","1723","2","0","0","0","0","0","0","0","0","5","0","","67","7","2022","1","39.924183","-75.149108","1722","6","0","0","0","0","0","0","0","0","","0","0","0","","","0","N","0","","39 55:27.060","3","0","75 08:56.790","0","0","0","0","67301","0","0","0","N","0","0","0","1","67301","0","","6.0","1820.0","1","N","N","N","0","","0","0","1","","0","Y","","3","0","0","0","0","0","0","2","0","3","","","","N","","","","","","","","","",""
"2022074117","1432","1","0","0","0","0","0","0","0","0","5","0","","67","7","2022","3","40.026699","-75.025991","1419","6","0","0","0","1","0","0","0","0","","0","0","0","","","0","N","0","","40 01:36.118","","0","75 01:33.567","0","0","0","0","67301","0","0","0","N","0","0","0","3","68K01","0","","1.0","","1","N","N","N","0","","0","0","1","","0","","","2","0","0","0","0","0","0","2","0","2","","03","","N","","","","","","","","","",""
"2022062143","","0","0","0","0","0","0","0","0","0","1","0","","67","6","2022","3","40.015238","-75.149829","","6","0","0","0","0","0","1","0","0","","0","0","0","","","3","","1","","40 00:54.857","","0","75 08:59.386","8","0","0","0","67301","0","0","0","N","0","0","0","6","00000","0","","1.0","","1","","","N","0","","0","0","2","","2","","","2","3","0","0","0","3","0","2","0","2","","","","N","","","","","","","","","",""
"2022084451","0045","0","0","0","0","0","0","0","0","0","1","0","","67","8","2022","2","39.959994","-75.178778","0044","6","0","0","0","0","0","0","0","0","","0","0","0","","","0","N","0","","39 57:35.978","","0","75 10:43.599","0","0","0","0","67301","0","0","0","N","0","0","0","2","68K01","0","","1.0","","9","N","N","N","1","","0","0","0","","0","","","2","0","0","0","0","0","0","2","1","2","","","","N","","","","","","","","","",""
"2022079875","1231","0","0","0","0","0","0","0","0","0","1","1","","67","8","2022","3","40.090436","-75.046568","1231","6","0","0","0","0","0","1","0","1","","0","1","0","","","1","N","0","","40 05:25.571","6","7","75 02:47.645","3","0","0","0","67301","0","0","0","N","0","0","0","3","67301","0","","1.0","1350.0","1","N","N","N","0","","1","0","2","","0","N","","3","1","0","0","0","0","0","2","0","3","","03","","N","","","","","","","","","",""
"2022083996","2000","1","0","0","0","0","0","0","0","0","3","0","","67","9","2022","2","40.040608","-75.089892","1946","6","0","0","0","0","0","0","0","0","","0","0","0","","","3","N","0","","40 02:26.190","","0","75 05:23.610","4","0","0","0","67301","0","0","0","N","0","0","0","6","67301","3","","1.0","","9","N","N","N","0","","0","0","1","","0","","","2","3","0","0","0","0","0","2","0","2","","","","N","","","","","","","","","",""
"2022079835","0917","1","0","0","0","0","0","0","0","0","8","0","","67","8","2022","3","39.921225","-75.145307","0907","6","0","0","0","0","0","1","0","0","","0","0","0","","","1","","3","","39 55:16.410","","0","75 08:43.106","8","0","0","0","67301","1","0","0","N","1","0","0","2","67301","0","","1.0","","1","N","N","N","0","","0","0","0","","3","","","2","1","0","0","0","1","0","2","0","1","","","","N","","","","","","","","","",""
"2022070079","0630","1","0","0","0","0","0","0","0","0","8","0","","67","7","2022","1","39.997836","-75.124159","0630","6","0","0","0","0","0","0","0","0","","0","0","0","","","1","N","0","","39 59:52.210","","0","75 07:26.972","2","0","0","0","67301","1","0","1","N","1","0","1","2","67301","0","","4.0","","1","N","N","N","0","","0","1","0","","0","","","2","1","1","0","0","0","0","2","0","1","","03","","N","","","","","","","","","",""
"2022079933","2130","0","0","0","0","0","0","1","0","0","8","1","","67","8","2022","4","40.037413","-75.181825","2128","6","0","0","0","0","0","1","0","0","","1","0","0","","","0","","1","","40 02:14.686","","0","75 10:54.569","1","0","0","0","67301","1","1","0","N","1","1","0","2","67301","0","2","1.0","","1","N","N","Y","0","0","0","0","0","","2","","","2","0","0","0","0","0","0","2","0","1","","03","","N","","","","","","","","","",""
"2022079863","2024","2","0","0","0","0","0","0","0","0","2","0","","67","8","2022","6","40.00868","-75.068855","2022","6","0","0","0","0","0","1","0","0","","0","0","0","","","0","","1","","40 00:31.249","","1","75 04:07.877","0","0","0","0","67301","0","0","0","N","0","0","0","2","67301","0","","4.0","","1","N","N","N","0","","0","0","0","","2","","","2","0","0","0","0","0","0","2","0","2","","03","","N","","","","","","","","","",""
"2022080299","0845","0","0","0","1","0","0","1","0","0","8","1","","67","9","2022","5","40.047885","-75.171539","0821","6","0","0","0","0","0","1","0","0","","0","0","0","","","1","","1","","40 02:52.385","7","0","75 10:17.540","3","0","0","0","67301","1","0","0","N","0","0","0","8","67301","0","","1.0","915.0","1","Y","N","N","0","","1","0","0","","3","N","","2","1","0","0","0","0","0","2","0","1","","03","","N","","","","","","","","","",""
"2022079638","1049","0","0","0","0","0","0","0","0","0","5","1","","67","8","2022","2","40.070611","-75.014553","1049","6","0","0","0","0","0","1","0","0","","0","1","0","","","0","N","0","","40 04:14.200","5","0","75 00:52.390","0","0","0","0","67301","0","0","0","N","0","0","0","1","67301","0","","6.0","100.0","1","N","N","N","0","","0","0","1","","0","Y","","2","0","0","0","0","0","0","2","0","2","","","","N","","","","","","","","","",""
"2022070230","1340","1","0","0","0","0","0","0","0","0","4","0","","67","7","2022","5","39.951266","-75.226701","1338","6","0","0","0","0","0","1","0","0","","0","0","0","","","2","","2","","39 57:04.559","6","0","75 13:36.122","3","0","0","0","67301","0","0","0","N","0","0","0","4","67301","0","","1.0","1700.0","1","N","N","N","0","","2","0","0","","3","N","","2","2","0","0","0","0","0","2","1","2","","03","","N","","","","","","","","","",""
"2022068675","","0","0","0","0","0","0","0","0","0","1","0","","67","7","2022","3","39.898744","-75.179666","","6","0","0","0","0","0","1","0","0","","0","0","0","","","1","N","0","","39 53:55.480","","0","75 10:46.799","8","0","0","0","67301","0","0","0","N","0","0","0","2","00000","0","","1.0","","1","","","N","0","","0","0","1","","0","","","2","1","0","0","0","1","0","2","1","2","","","","N","","","","","","","","","",""
"2022069060","1511","1","0","0","0","0","0","0","0","0","4","0","","67","7","2022","6","40.056814","-75.047008","1506","6","0","0","0","0","0","0","0","0","","0","0","0","","","1","","1","","40 03:24.532","2","0","75 02:49.228","8","0","0","0","67301","0","0","0","N","0","0","0","2","67301","0","","1.0","100.0","1","N","N","N","0","","0","0","1","","2","N","","2","1","0","0","0","1","0","2","0","2","","","","N","","","","","","","","","",""
"2022069159","1506","1","0","0","0","0","0","0","0","0","5","0","","67","7","2022","2","39.943369","-75.148786","1502","6","0","0","0","0","0","0","0","1","","0","0","0","","","1","N","0","","39 56:36.130","2","0","75 08:55.630","3","0","0","0","67301","0","0","0","N","0","0","0","1","67301","0","","6.0","1525.0","1","N","N","N","0","","1","0","2","","0","Y","","3","1","0","0","0","0","0","2","0","3","","03","","N","","","","","","","","","",""
"2022070458","2035","2","0","0","0","0","0","0","0","0","4","0","","67","7","2022","1","40.031262","-75.072993","2035","6","0","0","0","0","0","0","0","0","","0","0","0","","","0","","2","","40 01:52.542","","0","75 04:22.773","0","0","0","0","67301","0","0","0","N","0","0","0","2","67301","0","","1.0","","9","N","N","N","0","","0","0","2","","3","","","4","0","2","0","0","0","0","2","0","4","","07","","N","","","","","","","","","",""
"2022069977","1712","1","0","0","0","0","0","0","0","0","8","0","","67","7","2022","5","39.894279","-75.237428","1706","6","0","0","0","0","0","0","0","0","","0","0","0","","","1","N","0","","39 53:39.404","","0","75 14:14.740","3","0","0","0","67301","1","0","0","N","1","0","0","2","67301","0","","1.0","","99","N","N","N","0","","1","0","0","","0","","","2","1","1","0","0","0","0","2","0","1","","03","","N","","","","","","","","","",""
"2022070141","1435","1","0","0","0","0","0","0","0","0","2","0","","67","7","2022","7","40.121844","-75.012461","1430","6","0","0","0","0","0","0","0","0","","0","0","0","","","0","N","0","","40 07:18.640","","0","75 00:44.860","0","0","0","0","67301","0","0","0","N","0","0","0","2","67301","0","","1.0","","1","N","N","N","0","","0","0","1","","0","","","2","0","0","0","0","0","0","2","0","2","","03","","N","","","","","","","","","",""
"2022084558","2345","1","0","0","0","0","0","0","0","0","4","0","","67","9","2022","6","40.05494","-75.053943","2340","6","0","0","0","0","0","0","0","0","","0","0","0","","","0","","1","","40 03:17.783","2","0","75 03:14.193","9","0","0","1","67301","0","0","0","N","0","0","0","2","67301","0","","1.0","20.0","1","N","N","N","0","","0","0","0","","2","N","","2","0","0","0","0","0","1","2","0","2","","","","N","","","","","","","","","",""
"2022073213","2340","1","0","0","0","0","0","0","0","0","8","0","","67","7","2022","6","39.986343","-75.180236","2340","6","0","0","0","0","0","0","0","0","","0","0","0","","","1","","1","","39 59:10.834","","0","75 10:48.850","2","0","0","0","67301","1","0","1","N","1","0","1","3","67301","0","","1.0","","1","N","N","N","0","","0","1","0","","2","","","2","1","0","0","0","0","0","2","0","1","","","","N","","","","","","","","","",""
"2022074173","2355","1","0","0","0","0","0","0","0","0","4","0","","67","7","2022","6","39.978916","-75.232258","2355","6","0","0","0","0","0","0","0","0","","0","0","0","","","0","","1","","39 58:44.097","","0","75 13:56.128","0","0","0","0","67301","0","0","0","N","0","0","0","2","67301","0","","1.0","","1","N","N","N","0","","0","0","1","","3","","","2","0","0","0","0","0","0","2","0","2","","03","","N","","","","","","","","","",""
"2022079326","1649","1","0","0","0","0","0","0","0","0","4","0","","67","8","2022","1","40.027845","-75.035359","1647","6","0","0","0","0","0","0","0","0","","0","0","0","","","1","","1","","40 01:40.242","3","0","75 02:07.292","4","0","0","0","67301","0","0","0","N","0","0","0","2","67301","1","","1.0","100.0","1","N","N","N","0","","0","0","0","","3","N","","2","1","2","0","0","0","0","2","0","2","","","","N","","","","","","","","","",""
"2022078884","0840","2","0","0","0","0","0","0","0","0","4","0","","67","8","2022","2","40.080855","-75.028774","0830","6","0","0","0","0","0","1","0","0","","0","0","0","","","1","","1","","40 04:51.077","","0","75 01:43.585","3","0","0","0","67301","0","0","0","N","0","0","0","2","67301","0","","1.0","","1","N","N","Y","0","","1","0","0","","0","","","2","1","0","0","0","0","0","2","0","2","","03","","N","","","","","","","","","",""
"2022076308","0530","1","0","0","0","0","0","0","0","0","4","0","","67","8","2022","1","39.943107","-75.215286","0445","6","0","0","0","1","0","0","0","0","","0","0","0","","","0","","1","","39 56:35.185","","0","75 12:55.029","0","0","0","0","67301","0","0","0","N","0","0","0","2","67301","0","","1.0","","1","N","N","N","0","","0","0","1","","2","","","2","0","2","0","0","0","0","2","0","2","","03","","N","","","","","","","","","",""
"2022068700","2105","1","0","0","0","0","0","0","0","0","8","0","","67","7","2022","3","40.033544","-75.164517","2105","6","0","0","0","0","0","0","0","0","","0","0","0","","","1","N","0","","40 02:00.760","","0","75 09:52.260","3","0","0","0","67301","1","0","0","N","1","0","0","2","67301","0","","1.0","","1","N","N","N","0","","1","0","0","","0","","","2","1","0","0","0","0","0","2","0","1","","98","","N","","","","","","","","","",""
"2022071507","1430","1","0","0","0","0","0","1","0","0","4","1","","67","7","2022","1","40.088094","-74.965633","1400","6","0","0","0","0","0","1","0","0","","0","0","0","","","0","","1","","40 05:17.138","","7","74 57:56.278","0","0","0","0","67301","0","0","0","N","0","0","0","2","67508","0","","1.0","","1","N","N","Y","0","","0","0","0","","3","","","2","0","0","0","0","0","0","2","0","2","","03","","N","","","","","","","","","",""
"2022073043","1728","2","0","0","0","0","0","0","0","0","5","0","","67","8","2022","3","40.052278","-75.157839","1728","6","0","0","0","0","0","0","0","0","","0","0","0","","","0","N","0","","40 03:08.200","","0","75 09:28.220","0","0","0","0","67301","0","0","0","N","0","0","0","1","67301","0","","6.0","","1","N","N","N","1","","0","0","1","","0","","","4","0","0","0","0","0","0","2","0","4","","","","N","","","","","","","","","",""