"CRN","ARRIVAL_TM","AUTOMOBILE_COUNT","BELTED_DEATH_COUNT","BELTED_SUSP_SERIOUS_INJ_COUNT","BICYCLE_COUNT","BICYCLE_DEATH_COUNT","BICYCLE_SUSP_SERIOUS_INJ_COUNT","BUS_COUNT","CHLDPAS_DEATH_COUNT","CHLDPAS_SUSP_SERIOUS_INJ_COUNT","COLLISION_TYPE","COMM_VEH_COUNT","CONS_ZONE_SPD_LIM","COUNTY","CRASH_MONTH","CRASH_YEAR","DAY_OF_WEEK","DEC_LATITUDE","DEC_LONGITUDE","DISPATCH_TM","DISTRICT","DRIVER_COUNT_16YR","DRIVER_COUNT_17YR","DRIVER_COUNT_18YR","DRIVER_COUNT_19YR","DRIVER_COUNT_20YR","DRIVER_COUNT_50_64YR","DRIVER_COUNT_65_74YR","DRIVER_COUNT_75PLUS","EST_HRS_CLOSED","FATAL_COUNT","HEAVY_TRUCK_COUNT","HORSE_BUGGY_COUNT","HOUR_OF_DAY","ILLUMINATION","INJURY_COUNT","INTERSECTION_RELATED","INTERSECT_TYPE","LANE_CLOSED","LATITUDE","LN_CLOSE_DIR","LOCATION_TYPE","LONGITUDE","MAX_SEVERITY_LEVEL","MCYCLE_DEATH_COUNT","MCYCLE_SUSP_SERIOUS_INJ_COUNT","MOTORCYCLE_COUNT","MUNICIPALITY","NONMOTR_COUNT","NONMOTR_DEATH_COUNT","NONMOTR_SUSP_SERIOUS_INJ_COUNT","NTFY_HIWY_MAINT","PED_COUNT","PED_DEATH_COUNT","PED_SUSP_SERIOUS_INJ_COUNT","PERSON_COUNT","POLICE_AGCY","POSSIBLE_INJ_COUNT","RDWY_SURF_TYPE_CD","RELATION_TO_ROAD","ROADWAY_CLEARED","ROAD_CONDITION","SCH_BUS_IND","SCH_ZONE_IND","SECONDARY_CRASH","SMALL_TRUCK_COUNT","SPEC_JURIS_CD","SUSP_MINOR_INJ_COUNT","SUSP_SERIOUS_INJ_COUNT","SUV_COUNT","TCD_FUNC_CD","TCD_TYPE","TFC_DETOUR_IND","TIME_OF_DAY","TOTAL_UNITS","TOT_INJ_COUNT","UNBELTED_OCC_COUNT","UNB_DEATH_COUNT","UNB_SUSP_SERIOUS_INJ_COUNT","UNK_INJ_DEG_COUNT","UNK_INJ_PER_COUNT","URBAN_RURAL","VAN_COUNT","VEHICLE_COUNT","WEATHER1","WEATHER2","WORKERS_PRES","WORK_ZONE_IND","WORK_ZONE_LOC","WORK_ZONE_TYPE","WZ_CLOSE_DETOUR","WZ_FLAGGER","WZ_LAW_OFFCR_IND","WZ_LN_CLOSURE","WZ_MOVING","WZ_OTHER","WZ_SHLDER_MDN","WZ_WORKERS_INJ_KILLED"
"2022066423","","1","0","0","0","0","0","0","0","0","7","0","","67","7","2022","7","39.878134","-75.257384","","6","0","0","0","0","0","0","0","0","","0","0","0","","","1","N","0","","39 52:41.282","","0","75 15:26.584","8","0","0","0","67301","0","0","0","N","0","0","0","1","00000","0","","4.0","","1","","","N","0","","0","0","0","","0","","","1","1","0","0","0","1","0","2","0","1","","","","N","","","","","","","","","",""
"2022071414","2323","2","0","0","0","0","0","0","0","0","1","0","","67","7","2022","7","39.954833","-75.144889","2323","6","0","0","0","0","0","1","0","0","","0","0","0","","","0","N","0","","39 57:17.400","","3","75 08:41.600","0","0","0","0","67301","0","0","0","N","0","0","0","6","67501","0","","1.0","","1","N","N","N","0","","0","0","0","","0","","","2","0","0","0","0","0","0","2","0","2","","","","N","","","","","","","","","",""
"2022069851","0035","1","0","0","0","0","0","0","0","0","8","0","","67","7","2022","6","39.958973","-75.216992","0029","6","0","0","0","0","0","0","0","0","","0","0","0","","","1","","1","","39 57:32.301","","0","75 13:01.172","3","0","0","0","67301","1","0","0","N","1","0","0","2","67301","0","","1.0","","1","N","N","N","0","","1","0","0","","2","","","2","1","0","0","0","0","0","2","0","1","","03","","N","","","","","","","","","",""
"2022079371","1005","0","0","0","0","0","0","1","0","0","4","1","","67","8","2022","2","39.990008","-75.185048","0953","6","0","0","0","0","0","0","1","0","","0","0","0","","","0","","1","","39 59:24.028","2","0","75 11:06.172","0","0","0","0","67301","0","0","0","N","0","0","0","1","67301","0","","1.0","1005.0","1","Y","N","N","0","","0","0","1","","3","Y","","3","0","0","0","0","0","0","2","1","3","","03","","N","","","","","","","","","",""
"2022073253","1841","0","0","0","0","0","0","0","0","0","0","0","55","67","8","2022","2","39.901334","-75.152313","1829","6","0","0","0","0","0","0","0","0","","0","0","0","","","1","N","0","","39 54:04.801","1","3","75 09:08.327","3","0","0","1","67301","0","0","0","N","0","0","0","1","68K01","0","","1.0","1910.0","1","N","N","N","0","","1","0","0","","0","N","","1","1","0","0","0","0","0","2","0","1","","","N","Y","4","1","","","N","","","Y","","N"
"2022070252","2124","0","0","0","0","0","0","0","0","0","1","0","","67","7","2022","7","40.011403","-75.0769","2119","6","0","0","0","0","0","0","0","0","","0","0","0","","","1","","1","","40 00:41.052","5","0","75 04:36.839","4","0","0","0","67301","0","0","0","N","0","0","0","2","67301","1","","1.0","1022.0","1","N","N","Y","1","","0","0","1","","2","Y","","2","1","1","0","0","0","1","2","0","2","","","","N","","","","","","","","","",""
"2022083554","0710","1","0","0","0","0","0","0","0","0","4","0","","67","8","2022","4","40.006922","-75.068388","0659","6","0","0","0","0","0","0","0","0","","1","0","0","","","1","","3","","40 00:24.918","6","2","75 04:06.198","1","1","0","1","67301","0","0","0","N","0","0","0","3","67301","0","2","1.0","850.0","1","N","N","N","0","0","0","0","0","","0","N","","2","1","0","0","0","1","0","2","0","2","","03","","N","","","","","","","","","",""
"2022069694","2150","1","0","0","0","0","0","0","0","0","4","0","","67","7","2022","4","39.970855","-75.20591","2150","6","0","0","0","0","0","0","0","0","","0","0","0","","","1","","2","","39 58:15.077","","0","75 12:21.275","3","0","0","0","67301","0","0","0","N","0","0","0","3","67301","0","","1.0","","1","N","N","N","0","","1","0","0","","3","","","2","1","0","0","0","0","0","2","0","2","","03","","N","","","","","","","","","",""
"2022079327","1850","1","0","0","0","0","0","0","0","0","8","0","","67","8","2022","2","39.956404","-75.208446","1845","6","0","0","0","0","0","0","0","0","","0","0","0","","","2","","1","","39 57:23.054","","0","75 12:30.404","3","0","0","0","67301","1","0","0","N","1","0","0","2","67301","0","","1.0","","1","N","N","N","0","","1","0","0","","2","","","2","2","0","0","0","1","0","2","0","1","","03","","N","","","","","","","","","",""
"2022067155","0240","2","0","0","0","0","0","0","0","0","7","0","","67","7","2022","5","40.06815","-75.02965","0239","6","0","0","0","0","0","0","0","0","","0","0","0","","","1","","2","","40 04:05.340","","0","75 01:46.740","8","0","0","0","67301","0","0","0","N","0","0","0","1","67301","0","","5.0","","1","N","N","Y","0","","0","0","1","","2","","","3","1","0","0","0","1","0","2","0","3","","03","","N","","","","","","","","","",""
"2022079172","0609","0","0","0","0","0","0","0","0","0","4","0","","67","8","2022","2","39.959487","-75.162091","0606","6","0","0","0","0","0","1","0","0","","0","0","0","","","1","","1","","39 57:34.154","","0","75 09:43.529","3","0","0","0","67301","0","0","0","N","0","0","0","3","67301","0","","1.0","","1","N","N","N","0","","1","0","2","","2","","","2","1","0","0","0","0","2","2","0","2","","04","","N","","","","","","","","","",""
"2022073954","1327","1","0","0","0","0","0","0","0","0","7","0","","67","8","2022","6","39.918956","-75.147358","1326","6","0","0","0","0","0","0","0","1","","0","0","0","","","0","N","0","","39 55:08.240","","0","75 08:50.490","0","0","0","0","67301","0","0","0","N","0","0","0","1","67301","0","","1.0","","1","N","N","Y","0","","0","0","0","","0","","","1","0","0","0","0","0","0","2","0","1","","03","","N","","","","","","","","","",""
"2022074082","0127","1","0","0","0","0","0","0","0","0","5","0","","67","8","2022","2","39.982219","-75.140447","0127","6","0","0","0","0","0","0","1","0","","0","0","0","","","0","N","0","","39 58:55.990","2","0","75 08:25.610","0","0","0","0","67301","0","0","0","N","0","0","0","1","67301","0","","6.0","230.0","1","N","N","N","0","","0","0","1","","0","N","","2","0","0","0","0","0","0","2","0","2","","03","","N","","","","","","","","","",""
"2022078198","1240","1","0","0","0","0","0","0","0","0","4","1","","67","8","2022","6","39.931432","-75.228869","1229","6","0","0","0","0","0","0","0","0","","0","1","0","","","0","","1","","39 55:53.155","","0","75 13:43.928","0","0","0","0","67301","0","0","0","N","0","0","0","3","67301","0","","1.0","","1","N","N","N","0","","0","0","0","","3","","","2","0","0","0","0","0","0","2","0","2","","03","","N","","","","","","","","","",""
"2022073513","1855","1","0","0","0","0","0","0","0","0","1","0","","67","8","2022","1","39.908444","-75.147833","1851","6","0","0","0","0","0","0","0","0","","0","0","0","","","1","N","0","","39 54:30.400","","3","75 08:52.200","4","0","0","0","67301","0","0","0","N","0","0","0","10","67501","1","","1.0","","1","N","N","Y","1","","0","0","2","","8","","","4","1","0","0","0","0","0","2","0","4","","03","","N","","","","","","","","","",""
"2022068565","1651","1","0","0","0","0","0","0","0","0","1","0","","67","7","2022","2","40.106819","-75.053348","1640","6","0","0","0","0","0","1","0","0","","0","0","0","","","0","Y","0","","40 06:24.548","","0","75 03:12.051","9","0","0","0","67301","0","0","0","N","0","0","0","4","67301","0","","1.0","","9","N","N","N","0","","0","0","2","","2","","","3","0","0","0","0","0","1","2","0","3","","07","","N","","","","","","","","","",""
"2022083638","1300","1","0","0","0","0","0","0","0","0","5","1","","67","9","2022","4","40.014439","-75.130536","1245","6","0","0","0","0","0","1","0","0","","0","1","0","","","1","Y","0","","40 00:51.980","4","0","75 07:49.930","3","0","0","0","67301","0","0","0","N","0","0","0","2","67301","0","","1.0","1421.0","1","N","N","N","0","","1","0","0","","2","N","","2","1","1","0","0","0","0","2","0","2","","04","","N","","","","","","","","","",""
"2022072252","1641","4","0","0","0","0","0","0","0","0","4","0","","67","7","2022","7","39.932461","-75.173937","1640","6","0","0","0","0","0","0","0","0","","0","0","0","","","2","","1","","39 55:56.861","3","0","75 10:26.172","3","0","0","0","67301","0","0","0","N","0","0","0","2","67301","0","","1.0","1710.0","1","N","N","Y","0","","2","0","0","","3","Y","","4","2","0","0","0","0","0","2","0","4","","03","","N","","","","","","","","","",""
"2022069919","0520","2","0","0","0","0","0","0","0","0","1","0","","67","7","2022","7","39.998194","-75.126898","0515","6","0","0","0","0","1","0","0","0","","0","0","0","","","1","N","0","","39 59:53.498","","0","75 07:36.832","3","0","0","0","67301","0","0","0","N","0","0","0","1","67301","0","","6.0","","1","N","N","N","1","","1","0","0","","0","","","3","1","0","0","0","0","0","2","0","3","","03","","N","","","","","","","","","",""
"2022080192","2010","3","0","0","0","0","0","0","0","0","4","0","","67","7","2022","2","39.958263","-75.165812","1919","6","0","0","0","0","0","2","0","0","","0","0","0","","","1","","7","","39 57:29.748","","2","75 09:56.922","3","0","0","0","67301","0","0","0","N","0","0","0","4","68K01","0","","1.0","","1","N","N","N","0","","1","0","0","","4","","","4","1","0","0","0","0","1","2","0","4","","03","","N","","","","","","","","","",""
"2022083608","2323","0","0","0","0","0","0","0","0","0","7","0","","67","9","2022","5","40.031972","-75.173139","2323","6","0","0","0","0","0","0","0","0","","1","0","0","","","0","N","0","","40 01:55.100","5","0","75 10:23.300","1","0","0","0","67301","1","1","0","N","1","1","0","3","67301","0","2","4.0","245.0","1","N","N","N","0","0","0","0","1","","0","Y","","2","0","0","0","0","0","0","2","0","1","","","","N","","","","","","","","","",""
"2022080020","0931","1","0","0","0","0","0","0","0","0","1","0","","67","8","2022","2","39.978951","-75.203454","0929","6","0","0","0","0","0","1","0","0","","0","0","0","","","1","N","0","","39 58:44.223","3","0","75 12:12.435","3","0","0","0","67301","0","0","0","N","0","0","0","2","68K01","0","","1.0","950.0","1","N","N","N","1","","1","0","0","","0","N","","2","1","0","0","0","0","0","2","0","2","","03","","N","","","","","","","","","",""
"2022083635","1835","2","0","0","0","0","0","0","0","0","4","0","","67","9","2022","6","40.000869","-75.099236","1832","6","0","0","0","0","0","0","0","0","","0","0","0","","","0","N","0","","40 00:03.130","","0","75 05:57.250","9","0","0","0","67301","0","0","0","N","0","0","0","1","67301","0","","1.0","","1","N","N","N","1","","0","0","0","","0","","","3","0","0","0","0","0","1","2","0","3","","98","","N","","","","","","","","","",""
"2022079943","0258","1","0","0","0","0","0","0","0","0","7","0","","67","8","2022","6","40.034278","-75.074591","0251","6","0","0","0","0","0","0","0","0","","1","0","0","","","1","N","1","","40 02:03.402","4","0","75 04:28.529","1","0","0","0","67301","0","0","0","N","0","0","0","2","67301","0","2","4.0","515.0","1","N","N","N","0","0","0","0","0","","2","Y","","1","1","0","0","0","1","0","2","0","1","","03","","N","","","","","","","","","",""
"2022078436","1630","1","0","0","0","0","0","0","0","0","1","0","","67","7","2022","1","40.011024","-75.206126","1630","6","0","0","0","0","0","1","0","0","","0","0","0","","","0","","6","","40 00:39.685","","8","75 12:22.055","0","0","0","0","67301","0","0","0","N","0","0","0","2","67301","0","","7.0","","99","N","N","N","0","","0","0","1","","3","","","2","0","0","0","0","0","0","2","0","2","","","","N","","","","","","","","","",""
"2022070085","0416","1","0","0","0","0","0","0","0","0","7","0","","67","7","2022","1","40.052016","-75.050711","0414","6","0","0","0","0","0","0","0","0","","0","0","0","","","2","N","0","","40 03:07.258","","0","75 03:02.561","3","0","0","0","67301","0","0","0","N","0","0","0","2","67301","0","","3.0","","1","N","N","N","0","","2","0","0","","0","","","1","2","0","0","0","0","0","2","0","1","","","","N","","","","","","","","","",""
"2022069987","1702","0","0","0","0","0","0","0","0","0","4","0","","67","7","2022","7","39.993875","-75.093863","1702","6","0","0","0","0","0","0","1","0","","0","0","0","","","1","N","0","","39 59:37.950","4","7","75 05:37.907","3","0","0","1","67301","0","0","0","N","0","0","0","2","67301","0","","1.0","100.0","1","N","N","N","0","","1","0","1","","0","N","","2","1","1","0","0","0","0","2","0","2","","03","","N","","","","","","","","","",""
"2022080619","0935","1","0","0","0","0","0","0","0","0","1","0","","67","8","2022","1","40.035558","-75.069017","0933","6","0","0","0","0","0","0","0","0","","0","0","0","","","1","Y","0","","40 02:08.009","","0","75 04:08.460","4","0","0","0","67301","0","0","0","N","0","0","0","2","67301","1","","1.0","","1","N","N","N","0","","0","0","1","","2","","","2","1","0","0","0","0","0","2","0","2","","","","N","","","","","","","","","",""
"2022083544","2250","0","0","0","0","0","0","0","0","0","8","0","","67","9","2022","7","40.058751","-75.050583","2246","6","0","0","0","0","0","0","0","0","","0","0","0","","","1","","1","","40 03:31.504","","0","75 03:02.099","2","0","0","0","67301","1","0","1","N","1","0","1","2","67301","0","","1.0","","1","N","N","N","0","","0","1","1","","0","","","2","1","0","0","0","0","0","2","0","1","","","","N","","","","","","","","","",""
"2022073576","0622","2","0","0","0","0","0","0","0","0","4","0","","67","8","2022","4","40.048512","-75.150825","0621","6","0","0","0","0","0","1","0","0","","0","0","0","","","2","","1","","40 02:54.643","","0","75 09:02.970","3","0","0","0","67301","0","0","0","N","0","0","0","2","67301","0","","1.0","","1","N","N","N","0","","1","0","0","","2","","","2","2","0","0","0","1","0","2","0","2","","03","","N","","","","","","","","","",""
"2022083609","1033","1","0","0","0","0","0","0","0","0","8","0","30","67","9","2022","5","40.083529","-75.222281","1031","6","0","0","0","0","0","0","0","0","","0","0","0","","","3","","2","","40 05:00.706","1","0","75 13:20.211","2","0","0","0","67301","2","0","1","N","2","0","1","3","67301","0","","5.0","1130.0","1","N","N","N","0","","2","1","0","","2","Y","","3","3","1","0","0","0","0","2","0","1","","03","Y","Y","4","2","N","N","N","N","N","N","Y","Y"
"2022080190","1915","2","0","0","0","0","0","0","0","0","5","0","","67","7","2022","7","39.989235","-75.087874","1846","6","0","0","0","0","0","0","0","0","","0","0","0","","","0","N","0","","39 59:21.245","","0","75 05:16.348","0","0","0","0","67301","0","0","0","Y","0","0","0","4","68K01","0","","1.0","","1","N","N","N","0","","0","0","0","","0","","","2","0","0","0","0","0","0","2","0","2","","03","","N","","","","","","","","","",""
"2022079161","0120","0","0","0","0","0","0","0","0","0","1","1","","67","8","2022","6","40.017531","-75.048074","0110","6","0","0","0","0","0","1","0","0","","0","1","0","","","0","N","0","","40 01:03.111","","0","75 02:53.068","0","0","0","0","67301","0","0","0","N","0","0","0","2","67301","0","","1.0","","1","N","N","N","0","","0","0","1","","0","","","2","0","0","0","0","0","0","2","0","2","","","","N","","","","","","","","","",""
"2022073664","1305","0","0","0","0","0","0","0","0","0","4","0","","67","8","2022","5","40.055696","-75.058914","1258","6","0","0","0","0","0","1","0","1","","0","0","0","","","1","","5","","40 03:20.504","","0","75 03:32.090","3","0","0","0","67301","0","0","0","N","0","0","0","2","67301","0","","1.0","","1","N","N","N","0","","1","0","2","","2","","","2","1","0","0","0","0","0","2","0","2","","03","","N","","","","","","","","","",""
"2022069938","1715","1","0","0","0","0","0","0","0","0","8","0","","67","7","2022","7","40.030775","-75.145861","1715","6","0","0","0","0","0","1","0","0","","0","0","0","","","1","N","0","","40 01:50.790","","0","75 08:45.100","3","0","0","0","67301","1","0","0","N","1","0","0","2","67301","0","","1.0","","1","N","N","N","0","","1","0","0","","0","","","2","1","0","0","0","0","0","2","0","1","","03","","N","","","","","","","","","",""
"2022072251","1052","1","0","0","0","0","0","0","0","0","4","0","","67","7","2022","7","39.938271","-75.19856","1052","6","0","0","0","0","0","1","0","0","","0","0","0","","","2","","1","","39 56:17.777","3","0","75 11:54.817","8","0","0","0","67301","0","0","0","N","0","0","0","2","67301","0","","1.0","1200.0","1","N","N","N","0","","0","0","1","","2","N","","2","2","0","0","0","2","0","2","0","2","","03","","N","","","","","","","","","",""
"2022069746","1924","1","0","0","1","0","0","0","0","0","8","0","","67","7","2022","6","39.918898","-75.156945","1918","6","0","0","0","0","0","0","0","0","","0","0","0","","","1","","2","","39 55:08.032","","0","75 09:25.002","3","0","0","0","67301","1","0","0","N","0","0","0","2","67301","0","","1.0","","9","N","N","N","0","","1","0","0","","3","","","2","1","0","0","0","0","0","2","0","1","","07","","N","","","","","","","","","",""
"2022083517","0147","0","0","0","0","0","0","1","0","0","8","1","","67","9","2022","1","40.016105","-75.084236","0145","6","0","0","0","0","0","0","0","0","","0","0","0","","","1","","2","","40 00:57.978","","1","75 05:03.249","3","0","0","0","67301","1","0","0","N","1","0","0","2","67508","0","","1.0","","1","N","N","N","0","","1","0","0","","0","","","2","1","0","0","0","0","0","2","0","1","","03","","N","","","","","","","","","",""
"2022068587","1826","0","0","1","0","0","0","0","0","0","4","0","","67","7","2022","6","40.029898","-75.087801","1825","6","0","0","0","0","0","1","0","0","","0","0","0","","","1","","1","","40 01:47.633","","0","75 05:16.085","2","0","0","0","67301","0","0","0","N","0","0","0","2","67301","0","","1.0","","1","N","N","N","1","","0","1","1","","2","","","2","1","0","0","0","0","0","2","0","2","","","","N","","","","","","","","","",""
"2022070251","2104","1","0","0","0","0","0","0","0","0","1","0","","67","7","2022","7","40.001403","-75.081576","2032","6","0","0","0","0","0","0","0","0","","0","0","0","","","0","","3","","40 00:05.051","","0","75 04:53.673","0","0","0","0","67301","0","0","0","N","0","0","0","2","67301","0","","1.0","","1","N","N","N","0","","0","0","0","","2","","","2","0","0","0","0","0","0","2","0","2","","03","","N","","","","","","","","","",""
"2022070926","0855","1","0","0","0","0","0","0","0","0","4","0","","67","7","2022","6","39.996795","-75.153987","0850","6","0","0","0","1","0","0","0","0","","0","0","0","","","1","","1","","39 59:48.463","","0","75 09:14.352","4","0","0","1","67301","0","0","0","N","0","0","0","2","67508","1","","1.0","","1","N","N","Y","0","","0","0","0","","2","","","2","1","0","0","0","0","0","2","0","2","","03","","N","","","","","","","","","",""
"2022070073","1622","0","0","0","0","0","0","0","0","0","4","0","","67","7","2022","6","39.980464","-75.228151","1620","6","0","0","0","1","0","0","0","0","","0","0","0","","","1","","1","","39 58:49.670","","0","75 13:41.343","2","0","1","1","67301","0","0","0","N","0","0","0","2","67301","0","","1.0","","1","N","N","N","0","","0","1","1","","2","","","2","1","1","0","0","0","0","2","0","2","","04","","N","","","","","","","","","",""
"2022069201","2222","0","0","0","0","0","0","0","0","0","7","0","","67","7","2022","4","40.005897","-75.151861","2218","6","0","0","0","0","0","0","0","0","","0","0","0","","","1","N","0","","40 00:21.229","","0","75 09:06.699","8","0","0","0","67301","0","0","0","N","0","0","0","1","67505","0","","5.0","","1","N","N","N","0","","0","0","0","","0","","","1","1","0","0","0","1","0","2","1","1","","03","","N","","","","","","","","","",""
"2022073034","0838","1","0","0","0","0","0","0","0","0","8","0","","67","8","2022","4","40.010325","-75.089703","0835","6","0","0","0","0","0","0","0","0","","0","0","0","","","1","N","0","","40 00:37.170","","0","75 05:22.930","3","0","0","0","67301","1","0","0","N","1","0","0","2","67301","0","","1.0","","1","N","N","N","0","","1","0","0","","0","","","2","1","0","0","0","0","0","2","0","1","","03","","N","","","","","","","","","",""
"2022077566","0903","1","0","0","0","0","0","0","0","0","6","0","","67","8","2022","7","39.982083","-75.224528","0855","6","0","0","0","0","0","0","0","0","","0","0","0","","","0","N","0","","39 58:55.500","","0","75 13:28.300","0","0","0","0","67301","0","0","0","N","0","0","0","2","67301","0","","1.0","","1","N","N","N","0","","0","0","1","","0","","","2","0","0","0","0","0","0","2","0","2","","03","","N","","","","","","","","","",""
"2022078872","1805","0","0","0","0","0","0","0","0","0","4","0","","67","8","2022","1","40.087537","-74.971134","1801","6","0","0","0","0","0","1","0","0","","0","0","0","","","1","","1","","40 05:15.133","","0","74 58:16.083","3","0","0","0","67301","0","0","0","N","0","0","0","4","67301","0","","1.0","","1","N","N","N","1","","1","0","1","","2","","","2","1","0","0","0","0","0","2","0","2","","","","N","","","","","","","","","",""
"2022069749","0725","0","0","0","0","0","0","0","0","0","7","0","","67","7","2022","7","39.998827","-75.156011","0721","6","0","0","0","0","0","1","0","0","","0","0","0","","","1","","2","","39 59:55.776","","0","75 09:21.641","3","0","0","0","67301","0","0","0","N","0","0","0","1","67301","0","","5.0","","1","N","N","N","0","","1","0","1","","3","","","1","1","0","0","0","0","0","2","0","1","","03","","N","","","","","","","","","",""
"2022084689","2248","1","0","0","0","0","0","0","0","0","8","0","","67","9","2022","2","40.01078","-75.151367","2248","6","0","0","0","0","0","0","0","0","","0","0","0","","","1","N","0","","40 00:38.809","","0","75 09:04.921","2","0","0","0","67301","1","0","1","N","1","0","1","2","67301","0","","1.0","","1","N","N","N","0","","0","1","0","","0","","","2","1","0","0","0","0","1","2","0","1","","","","N","","","","","","","","","",""
"2022084454","0413","1","0","0","0","0","0","0","0","0","7","0","","67","8","2022","2","39.98098","-75.206549","0413","6","0","0","0","0","0","1","0","0","","0","0","0","","","0","N","0","","39 58:51.529","3","0","75 12:23.577","0","0","0","0","67301","0","0","0","N","0","0","0","1","68K01","0","","5.0","500.0","9","N","N","N","0","","0","0","0","","0","N","","1","0","0","0","0","0","0","2","0","1","","03","","N","","","","","","","","","",""
"2022068558","0735","1","0","0","0","0","0","0","0","0","5","0","","67","7","2022","3","39.929078","-75.157522","0732","6","0","0","0","0","0","0","0","0","","0","0","0","","","0","N","0","","39 55:44.680","4","0","75 09:27.080","0","0","0","0","67301","0","0","0","N","0","0","0","1","67301","0","","6.0","830.0","1","N","N","N","1","","0","0","2","","0","Y","","4","0","0","0","0","0","0","2","0","4","","","","N","","","","","","","","","",""
"2022068617","0143","1","0","0","0","0","0","0","0","0","1","0","","67","7","2022","7","40.020642","-75.175877","0137","6","0","0","0","0","0","0","0","0","","0","0","0","","","1","N","0","","40 01:14.312","","0","75 10:33.158","3","0","0","0","67301","0","0","0","N","0","0","0","1","67301","0","","6.0","","1","N","N","N","0","","1","0","1","","0","","","2","1","0","0","0","0","0","2","0","2","","03","","N","","","","","","","","","",""
"2022078753","0035","0","0","0","0","0","0","0","0","0","0","0","","67","8","2022","1","39.96976","-75.131475","0030","6","0","0","0","0","0","0","0","0","","0","0","0","","","1","N","0","","39 58:11.137","","0","75 07:53.309","3","0","0","1","67301","0","0","0","N","0","0","0","1","67301","0","","1.0","","1","N","N","N","0","","1","0","0","","2","","","1","1","0","0","0","0","0","2","0","1","","03","","N","","","","","","","","","",""
"2022083024","1825","1","0","0","0","0","0","0","0","0","1","0","","67","7","2022","7","39.887884","-75.20363","1825","6","0","0","0","0","0","1","0","0","","0","0","0","","","5","N","0","","39 53:16.383","1","3","75 12:13.068","3","0","0","0","67301","0","0","0","N","0","0","0","6","68K01","0","","1.0","1915.0","1","N","N","N","0","","5","0","2","","0","N","","3","5","0","0","0","0","0","2","0","3","","","","N","","","","","","","","","",""
"2022076790","2253","1","0","0","0","0","0","0","0","0","4","0","","67","7","2022","4","39.956107","-75.223687","2253","6","0","0","0","0","0","0","0","0","","0","0","0","","","2","","1","","39 57:21.985","","0","75 13:25.273","3","0","0","0","67301","0","0","0","N","0","0","0","3","67301","0","","1.0","","1","N","N","N","0","","2","0","1","","3","","","2","2","0","0","0","0","0","2","0","2","","03","","N","","","","","","","","","",""
"2022072273","1752","0","0","0","0","0","0","0","0","0","4","0","","67","7","2022","6","39.994206","-75.107791","1746","6","0","0","0","0","0","1","0","0","","0","0","0","","","2","","1","","39 59:39.142","","0","75 06:28.047","3","0","0","0","67301","0","0","0","N","0","0","0","2","67301","1","","1.0","","1","N","N","N","0","","1","0","2","","2","","","2","2","1","0","0","0","0","2","0","2","","03","","N","","","","","","","","","",""
"2022069844","1728","1","0","0","0","0","0","0","0","0","4","0","","67","7","2022","3","40.066959","-75.15829","1726","6","0","0","0","0","0","0","0","0","","0","0","0","","","3","","5","","40 04:01.051","2","0","75 09:29.845","4","0","0","0","67301","0","0","0","N","0","0","0","4","67301","2","","1.0","1840.0","1","N","N","N","0","","0","0","1","","2","N","","2","3","0","0","0","1","0","2","0","2","","03","","N","","","","","","","","","",""
"2022068627","1622","1","0","0","0","0","0","0","0","0","1","0","","67","7","2022","3","40.060398","-74.990435","1619","6","0","0","0","0","0","0","1","0","","0","0","0","","","1","","1","","40 03:37.434","","0","74 59:25.565","3","0","0","0","67301","0","0","0","N","0","0","0","2","67301","0","","1.0","","1","N","N","N","0","","1","0","1","","2","","","2","1","0","0","0","0","1","2","0","2","","04","","N","","","","","","","","","",""
"2022080538","1009","2","0","0","0","0","0","0","0","0","4","0","","67","8","2022","4","40.043281","-75.143699","1009","6","0","0","0","0","0","0","1","0","","0","0","0","","","1","N","0","","40 02:35.811","","7","75 08:37.316","4","0","0","0","67301","0","0","0","N","0","0","0","2","67301","1","","1.0","","1","N","N","N","0","","0","0","0","","0","","","2","1","0","0","0","0","0","2","0","2","","","","N","","","","","","","","","",""
"2022068553","0006","2","0","0","0","0","0","0","0","0","1","0","","67","7","2022","2","40.040097","-75.074358","0006","6","0","0","0","0","0","0","1","0","","0","0","0","","","1","N","0","","40 02:24.350","","0","75 04:27.690","3","0","0","0","67301","0","0","0","N","0","0","0","1","67301","0","","6.0","","1","N","N","N","0","","1","0","1","","0","","","3","1","1","0","0","0","0","2","0","3","","","","N","","","","","","","","","",""
"2022078333","1228","2","0","0","0","0","0","0","0","0","2","0","","67","8","2022","7","40.054845","-75.16896","1236","6","0","0","0","0","0","0","0","1","","0","0","0","","","1","","1","","40 03:17.441","","0","75 10:08.256","3","0","0","0","67301","0","0","0","N","0","0","0","2","67301","0","","1.0","","1","N","N","N","0","","1","0","0","","2","","","2","1","0","0","0","0","0","2","0","2","","03","","N","","","","","","","","","",""
"2022072078","2119","1","0","0","0","0","0","0","0","0","4","0","","67","8","2022","1","39.954079","-75.189725","2117","6","0","0","0","0","0","0","1","0","","0","0","0","","","1","","1","","39 57:14.683","3","0","75 11:23.010","4","0","0","0","67301","0","0","0","N","0","0","0","2","67507","1","","1.0","2200.0","1","N","N","N","0","","0","0","1","","2","Y","","2","1","0","0","0","0","0","2","0","2","","","","N","","","","","","","","","",""