"CRN","ARRIVAL_TM","AUTOMOBILE_COUNT","BELTED_DEATH_COUNT","BELTED_SUSP_SERIOUS_INJ_COUNT","BICYCLE_COUNT","BICYCLE_DEATH_COUNT","BICYCLE_SUSP_SERIOUS_INJ_COUNT","BUS_COUNT","CHLDPAS_DEATH_COUNT","CHLDPAS_SUSP_SERIOUS_INJ_COUNT","COLLISION_TYPE","COMM_VEH_COUNT","CONS_ZONE_SPD_LIM","COUNTY","CRASH_MONTH","CRASH_YEAR","DAY_OF_WEEK","DEC_LATITUDE","DEC_LONGITUDE","DISPATCH_TM","DISTRICT","DRIVER_COUNT_16YR","DRIVER_COUNT_17YR","DRIVER_COUNT_18YR","DRIVER_COUNT_19YR","DRIVER_COUNT_20YR","DRIVER_COUNT_50_64YR","DRIVER_COUNT_65_74YR","DRIVER_COUNT_75PLUS","EST_HRS_CLOSED","FATAL_COUNT","HEAVY_TRUCK_COUNT","HORSE_BUGGY_COUNT","HOUR_OF_DAY","ILLUMINATION","INJURY_COUNT","INTERSECTION_RELATED","INTERSECT_TYPE","LANE_CLOSED","LATITUDE","LN_CLOSE_DIR","LOCATION_TYPE","LONGITUDE","MAX_SEVERITY_LEVEL","MCYCLE_DEATH_COUNT","MCYCLE_SUSP_SERIOUS_INJ_COUNT","MOTORCYCLE_COUNT","MUNICIPALITY","NONMOTR_COUNT","NONMOTR_DEATH_COUNT","NONMOTR_SUSP_SERIOUS_INJ_COUNT","NTFY_HIWY_MAINT","PED_COUNT","PED_DEATH_COUNT","PED_SUSP_SERIOUS_INJ_COUNT","PERSON_COUNT","POLICE_AGCY","POSSIBLE_INJ_COUNT","RDWY_SURF_TYPE_CD","RELATION_TO_ROAD","ROADWAY_CLEARED","ROAD_CONDITION","SCH_BUS_IND","SCH_ZONE_IND","SECONDARY_CRASH","SMALL_TRUCK_COUNT","SPEC_JURIS_CD","SUSP_MINOR_INJ_COUNT","SUSP_SERIOUS_INJ_COUNT","SUV_COUNT","TCD_FUNC_CD","TCD_TYPE","TFC_DETOUR_IND","TIME_OF_DAY","TOTAL_UNITS","TOT_INJ_COUNT","UNBELTED_OCC_COUNT","UNB_DEATH_COUNT","UNB_SUSP_SERIOUS_INJ_COUNT","UNK_INJ_DEG_COUNT","UNK_INJ_PER_COUNT","URBAN_RURAL","VAN_COUNT","VEHICLE_COUNT","WEATHER1","WEATHER2","WORKERS_PRES","WORK_ZONE_IND","WORK_ZONE_LOC","WORK_ZONE_TYPE","WZ_CLOSE_DETOUR","WZ_FLAGGER","WZ_LAW_OFFCR_IND","WZ_LN_CLOSURE","WZ_MOVING","WZ_OTHER","WZ_SHLDER_MDN","WZ_WORKERS_INJ_KILLED"
"2022069935","1717","1","0","0","0","0","0","0","0","0","0","0","","67","7","2022","7","39.910306","-75.15725","1716","6","0","0","0","0","0","0","0","0","","0","0","0","","","0","N","0","","39 54:37.100","4","3","75 09:26.100","0","0","0","0","67301","0","0","0","N","0","0","0","1","67501","0","","1.0","1745.0","1","N","N","N","0","","0","0","0","","0","N","","1","0","1","0","0","0","0","2","0","1","","03","","N","","","","","","","","","",""
"2022080737","1642","1","0","0","0","0","0","0","0","0","4","0","","67","9","2022","6","39.934317","-75.167466","1632","6","0","0","0","0","0","0","0","0","","0","0","0","","","1","N","0","","39 56:03.540","","0","75 10:02.876","3","0","0","1","67301","0","0","0","N","0","0","0","2","67301","0","","1.0","","1","N","N","N","0","","1","0","0","","0","","","2","1","0","0","0","0","0","2","0","2","","03","","N","","","","","","","","","",""
"2022084240","0857","1","0","0","0","0","0","0","0","0","5","1","","67","7","2022","5","40.006064","-75.197708","0842","6","0","0","0","0","0","0","0","0","","0","1","0","","","0","N","0","","40 00:21.829","","0","75 11:51.747","0","0","0","0","67301","0","0","0","N","0","0","0","2","68K01","0","","1.0","","1","N","N","N","0","","0","0","0","","0","","","2","0","0","0","0","0","0","2","0","2","","03","","N","","","","","","","","","",""
"2022078424","2208","0","0","0","0","0","0","0","0","0","0","0","","67","8","2022","7","40.005097","-75.127869","2207","6","0","0","0","0","0","0","0","0","","0","0","0","","","1","N","0","","40 00:18.350","","3","75 07:40.330","2","0","1","1","67301","0","0","0","N","0","0","0","1","67301","0","","1.0","","1","N","N","N","0","","0","1","0","","0","","","1","1","0","0","0","0","0","2","0","1","","03","","N","","","","","","","","","",""
"2022079611","1955","1","0","0","0","0","0","0","0","0","8","0","","67","7","2022","5","39.951118","-75.1785","1951","6","0","0","0","0","0","0","0","0","","0","0","0","","","1","","1","","39 57:04.026","4","0","75 10:42.601","2","0","0","0","67301","1","0","1","N","1","0","1","2","67301","0","","1.0","300.0","1","N","N","N","0","","0","1","0","","2","Y","","2","1","0","0","0","0","0","2","0","1","","03","","N","","","","","","","","","",""
"2022072617","2339","0","0","0","0","0","0","0","0","0","8","0","","67","7","2022","6","39.994569","-75.107117","2330","6","0","0","0","0","0","0","0","0","","0","0","0","","","1","N","0","","39 59:40.448","5","0","75 06:25.622","2","0","0","0","67301","1","0","1","N","1","0","1","2","67301","0","","1.0","46.0","1","N","N","N","0","","0","1","0","","0","Y","","2","1","0","0","0","0","1","2","0","1","","03","","N","","","","","","","","","",""
"2022069874","1929","1","0","0","0","0","0","0","0","0","1","0","","67","7","2022","7","40.048233","-75.183392","1927","6","0","0","0","0","0","0","0","0","","0","0","0","","","4","","1","","40 02:53.638","","0","75 11:00.210","4","0","0","0","67301","0","0","0","N","0","0","0","4","67301","4","","1.0","","1","N","N","N","0","","0","0","2","","2","","","3","4","0","0","0","0","0","2","0","3","","04","","N","","","","","","","","","",""
"2022071663","2244","0","0","0","0","0","0","0","0","0","5","0","","67","7","2022","6","39.910224","-75.148931","2232","6","0","0","0","0","0","0","0","0","","0","0","0","","","3","N","0","","39 54:36.808","1","0","75 08:56.150","3","0","0","0","67301","0","0","0","N","0","0","0","3","68K01","0","","2.0","2300.0","1","N","N","N","1","","2","0","1","","0","N","","2","3","1","0","0","1","0","2","0","2","","03","","N","","","","","","","","","",""
"2022069158","0657","1","0","0","0","0","0","0","0","0","4","0","","67","7","2022","2","39.957136","-75.151069","0657","6","0","0","0","0","0","0","0","0","","0","0","0","","","1","","5","","39 57:25.688","","2","75 09:03.847","4","0","0","0","67301","0","0","0","N","0","0","0","2","67301","1","","1.0","","1","N","N","N","0","","0","0","1","","2","","","2","1","0","0","0","0","0","2","0","2","","03","","N","","","","","","","","","",""
"2022073395","1630","1","0","0","0","0","0","0","0","0","4","0","","67","8","2022","2","39.992692","-75.12034","1630","6","0","0","0","0","0","0","0","0","","0","0","0","","","2","","5","","39 59:33.691","","1","75 07:13.223","3","0","0","0","67301","0","0","0","N","0","0","0","3","67301","0","","1.0","","1","N","N","N","0","","2","0","1","","2","","","2","2","0","0","0","0","0","2","0","2","","","","N","","","","","","","","","",""
"2022069849","1535","2","0","0","0","0","0","0","0","0","4","0","","67","7","2022","5","39.972339","-75.231934","1530","6","0","0","1","0","0","0","1","0","","0","0","0","","","1","","1","","39 58:20.420","","0","75 13:54.962","3","0","0","0","67301","0","0","0","N","0","0","0","2","67301","0","","1.0","","1","N","N","N","0","","1","0","0","","3","","","2","1","0","0","0","0","0","2","0","2","","03","","N","","","","","","","","","",""
"2022059988","","1","0","0","0","0","0","0","0","0","5","0","","67","6","2022","1","39.944806","-75.159028","","6","0","0","0","0","0","0","0","0","","0","0","0","","","0","N","0","","39 56:41.300","","0","75 09:32.500","0","0","0","0","67301","0","0","0","N","0","0","0","2","00000","0","","1.0","","1","","","N","0","","0","0","0","","0","","","2","0","0","0","0","0","0","2","0","2","","","","N","","","","","","","","","",""
"2022084136","0912","3","0","0","0","0","0","0","0","0","5","0","","67","7","2022","1","40.020753","-75.042916","0853","6","0","0","0","0","0","0","0","0","","0","0","0","","","0","N","0","","40 01:14.710","","0","75 02:34.496","0","0","0","0","67301","0","0","0","N","0","0","0","4","68K01","0","","1.0","","1","N","N","N","1","","0","0","0","","0","","","4","0","0","0","0","0","0","2","0","4","","","","N","","","","","","","","","",""
"2022069748","1024","1","0","0","0","0","0","0","0","0","1","0","","67","7","2022","6","40.004314","-75.152327","1023","6","0","0","0","1","0","0","0","0","","0","0","0","","","0","N","0","","40 00:15.530","","0","75 09:08.378","0","0","0","0","67301","0","0","0","N","0","0","0","1","67301","0","","6.0","","1","N","N","N","0","","0","0","0","","0","","","2","0","0","0","0","0","0","2","1","2","","","","N","","","","","","","","","",""
"2022066442","","2","0","0","0","0","0","0","0","0","1","0","","67","7","2022","6","39.891942","-75.241906","","6","0","0","0","0","0","0","0","0","","0","0","0","","","4","","2","","39 53:30.990","","0","75 14:30.862","8","0","0","0","67301","0","0","0","N","0","0","0","5","00000","0","","1.0","","1","","","N","0","","0","0","0","","2","","","2","4","0","0","0","4","0","2","0","2","","","","N","","","","","","","","","",""
"2022074058","1720","3","0","0","0","0","0","0","0","0","1","0","","67","8","2022","4","39.978278","-75.177236","1703","6","0","0","0","0","0","0","0","0","","0","0","0","","","1","N","0","","39 58:41.800","","0","75 10:38.050","3","0","0","0","67301","0","0","0","N","0","0","0","1","67301","0","","6.0","","1","N","N","N","0","","1","0","0","","0","","","3","1","0","0","0","0","0","2","0","3","","","","N","","","","","","","","","",""
"2022057689","","0","0","0","0","0","0","0","0","0","1","0","","67","6","2022","3","","","","6","0","0","0","0","0","0","0","0","","0","0","0","","","2","N","0","","","","0","","8","0","0","0","67301","0","0","0","N","0","0","0","3","00000","0","","1.0","","1","","","N","0","","0","0","0","","0","","","2","2","0","0","0","2","0","1","0","2","","","","N","","","","","","","","","",""
"2022078410","0458","1","0","0","0","0","0","0","0","0","7","0","","67","8","2022","2","39.935025","-75.144761","0439","6","0","0","0","0","0","0","0","0","","0","0","0","","","0","N","0","","39 56:06.091","1","0","75 08:41.140","0","0","0","0","67301","0","0","0","N","0","0","0","1","68K01","0","","4.0","30.0","9","N","N","N","0","","0","0","0","","0","N","","1","0","0","0","0","0","0","2","0","1","","07","","N","","","","","","","","","",""
"2022068567","1545","1","0","0","0","0","0","0","0","0","4","0","","67","7","2022","7","40.037061","-75.011178","1542","6","0","0","0","0","0","0","1","0","","0","0","0","","","1","","2","","40 02:13.421","1","7","75 00:40.242","8","0","0","0","67301","0","0","0","N","0","0","0","3","67301","0","","1.0","130.0","1","N","N","N","0","","0","0","1","","2","N","","2","1","0","0","0","1","0","2","0","2","","03","","N","","","","","","","","","",""
"2022068614","0845","1","0","0","0","0","0","0","0","0","2","0","","67","7","2022","1","40.039408","-75.124136","0835","6","0","0","0","0","0","0","0","0","","0","0","0","","","0","N","0","","40 02:21.870","","0","75 07:26.890","0","0","0","0","67301","0","0","0","N","0","0","0","1","67301","0","","6.0","","1","N","N","N","0","","0","0","1","","0","","","2","0","0","0","0","0","0","2","0","2","","","","N","","","","","","","","","",""
"2022078251","0903","1","0","0","0","0","0","0","0","0","4","0","","67","8","2022","6","40.101833","-75.0275","0856","6","0","0","0","0","0","0","1","0","","0","0","0","","","1","","1","","40 06:06.598","","0","75 01:39.000","8","0","0","0","67301","0","0","0","N","0","0","0","3","67301","0","","1.0","","1","N","N","N","0","","0","0","1","","2","","","2","1","0","0","0","1","1","2","0","2","","","","N","","","","","","","","","",""
"2022074342","0005","1","0","0","1","0","0","0","0","0","8","0","","67","8","2022","7","40.000417","-75.106722","0005","6","0","0","0","0","0","0","0","0","","0","0","0","","","1","N","0","","40 00:01.500","","0","75 06:24.200","8","0","0","0","67301","1","0","0","N","0","0","0","2","67301","0","","1.0","","1","N","N","N","0","","0","0","0","","0","","","2","1","0","0","0","1","0","2","0","1","","03","","N","","","","","","","","","",""
"2022079879","0910","1","0","0","0","0","0","0","0","0","4","0","","67","8","2022","5","39.977806","-75.162221","0900","6","0","0","0","0","0","0","0","0","","0","0","0","","","0","","3","","39 58:40.101","","0","75 09:43.997","0","0","0","0","67301","0","0","0","N","0","0","0","2","67301","0","","1.0","","1","N","N","N","0","","0","0","1","","0","","","2","0","0","0","0","0","0","2","0","2","","03","","N","","","","","","","","","",""
"2022080014","1125","0","0","0","0","0","0","0","0","0","1","1","","67","8","2022","5","39.922709","-75.191812","1117","6","0","0","0","0","0","0","0","0","","0","1","0","","","0","","6","","39 55:21.751","3","2","75 11:30.524","0","0","0","0","67301","0","0","0","N","0","0","0","2","68K01","0","","1.0","1300.0","1","N","N","N","0","","0","0","1","","2","N","","2","0","0","0","0","0","0","2","0","2","","","","N","","","","","","","","","",""
"2022070328","1610","0","0","0","0","0","0","0","0","0","8","0","","67","7","2022","5","39.952671","-75.198968","1609","6","0","0","0","0","0","0","0","0","","0","0","0","","","1","N","0","","39 57:09.615","","0","75 11:56.286","4","0","0","0","67301","1","0","0","N","1","0","0","3","67504","1","","1.0","","1","N","N","N","0","","0","0","0","","0","","","2","1","0","0","0","0","0","2","1","1","","","","N","","","","","","","","","",""
"2022064408","","1","0","0","0","0","0","0","0","0","1","0","","67","7","2022","6","39.957324","-75.152279","","6","0","0","0","0","0","0","0","0","","0","0","0","","","1","","1","","39 57:26.368","","2","75 09:08.204","8","0","0","0","67301","0","0","0","N","0","0","0","6","00000","0","","1.0","","1","","","N","0","","0","0","1","","2","","","3","1","0","0","0","1","0","2","0","3","","","","N","","","","","","","","","",""
"2022072496","1745","1","0","0","0","0","0","0","0","0","4","0","","67","8","2022","2","39.903432","-75.243164","1739","6","0","0","0","0","0","0","1","0","","0","0","0","","","2","","1","","39 54:12.355","","0","75 14:35.390","8","0","0","0","67301","0","0","0","N","0","0","0","2","67301","0","","1.0","","1","N","N","N","0","","0","0","1","","2","","","2","2","0","0","0","2","0","2","0","2","","","","N","","","","","","","","","",""
"2022079340","1710","1","0","0","1","0","0","0","0","0","8","0","","67","3","2022","6","40.006362","-75.153561","1654","6","0","0","0","0","0","0","0","0","","0","0","0","","","1","","1","","40 00:22.903","","0","75 09:12.819","4","0","0","0","67301","1","0","0","N","0","0","0","2","67301","1","","1.0","","1","N","N","N","0","","0","0","0","","3","","","2","1","0","0","0","0","0","2","0","1","","03","","N","","","","","","","","","",""
"2022079917","0007","1","0","0","0","0","0","0","0","0","5","0","","67","8","2022","7","39.950592","-75.161791","2355","6","0","0","0","0","0","0","0","0","","0","0","0","","","1","N","0","","39 57:02.132","","0","75 09:42.447","4","0","0","0","67301","0","0","0","N","0","0","0","3","67301","1","","1.0","","1","N","N","N","0","","0","0","1","","0","","","2","1","0","0","0","0","0","2","0","2","","03","","N","","","","","","","","","",""
"2022072853","0536","2","0","0","0","0","0","0","0","0","4","0","","67","8","2022","3","39.958705","-75.233331","0535","6","0","0","0","0","0","0","0","0","","0","0","0","","","0","","1","","39 57:31.337","","0","75 13:59.991","9","0","0","0","67301","0","0","0","N","0","0","0","3","67301","0","","1.0","","1","N","N","N","0","","0","0","0","","3","","","2","0","0","0","0","0","2","2","0","2","","04","","N","","","","","","","","","",""
"2022081020","1440","1","0","0","0","0","0","0","0","0","8","0","","67","9","2022","6","40.050662","-75.173264","1440","6","0","0","0","0","0","0","0","0","","0","0","0","","","1","","1","","40 03:02.383","","0","75 10:23.749","3","0","0","0","67301","1","0","0","N","1","0","0","2","67301","0","","1.0","","1","N","N","N","0","","1","0","0","","2","","","2","1","0","0","0","0","0","2","0","1","","03","","N","","","","","","","","","",""
"2022072254","2015","1","0","0","1","0","0","0","0","0","8","0","","67","8","2022","1","39.939665","-75.181491","2015","6","0","0","0","0","0","0","0","1","","0","0","0","","","1","","1","","39 56:22.794","","0","75 10:53.366","3","0","0","0","67301","1","0","0","N","0","0","0","2","67301","0","","1.0","","1","N","N","N","0","","1","0","0","","2","","","2","1","0","0","0","0","1","2","0","1","","","","N","","","","","","","","","",""
"2022070066","1335","0","0","0","0","0","0","0","0","0","1","0","","67","7","2022","1","40.047015","-75.112431","1327","6","0","0","0","0","0","0","0","0","","0","0","0","","","0","Y","0","","40 02:49.255","2","0","75 06:44.751","0","0","0","0","67301","0","0","0","N","0","0","0","5","67301","0","","1.0","30.0","1","N","N","N","0","","0","0","3","","2","Y","","3","0","0","0","0","0","0","2","0","3","","","","N","","","","","","","","","",""
"2022074210","1500","1","0","0","0","0","0","0","0","0","4","0","","67","8","2022","2","40.02415","-75.133203","1500","6","0","0","0","0","0","0","0","0","","0","0","0","","","2","","1","","40 01:26.939","","0","75 07:59.530","3","0","0","0","67301","0","0","0","N","0","0","0","3","67301","0","","1.0","","1","N","N","N","0","","2","0","0","","2","","","2","2","0","0","0","0","1","2","1","2","","03","","N","","","","","","","","","",""
"2022078885","1735","0","0","0","0","0","0","0","0","0","4","0","","67","7","2022","7","39.947778","-75.227428","1722","6","0","0","0","0","0","0","0","0","","0","0","0","","","2","","5","","39 56:52.000","","0","75 13:38.740","3","0","0","0","67301","0","0","0","N","0","0","0","3","67301","0","","1.0","","1","N","N","N","1","","2","0","1","","2","","","2","2","1","0","0","0","0","2","0","2","","03","","N","","","","","","","","","",""
"2022083633","1854","2","0","0","0","0","0","0","0","0","4","0","","67","9","2022","7","39.990109","-75.173196","1854","6","0","0","0","0","0","0","0","1","","0","0","0","","","1","","1","","39 59:24.393","","0","75 10:23.506","3","0","0","0","67301","0","0","0","N","0","0","0","2","67301","0","","1.0","","1","N","N","Y","2","","1","0","0","","2","","","4","1","1","0","0","0","1","2","0","4","","","","N","","","","","","","","","",""
"2022083462","0031","1","0","0","0","0","0","0","0","0","7","0","","67","9","2022","1","39.943259","-75.14278","0020","6","0","0","0","0","0","0","0","0","","0","0","0","","","0","N","0","","39 56:35.734","","0","75 08:34.007","0","0","0","0","67301","0","0","0","N","0","0","0","1","68K01","0","","4.0","","9","N","N","N","0","","0","0","0","","0","","","1","0","0","0","0","0","0","2","0","1","","07","","N","","","","","","","","","",""
"2022097366","1652","0","0","0","0","0","0","0","0","0","1","0","","67","9","2022","4","40.007557","-75.072455","1613","6","0","0","0","0","0","0","0","0","","0","0","0","","","1","N","0","","40 00:27.206","","0","75 04:20.837","4","0","0","0","67301","0","0","0","N","0","0","0","4","68K01","1","","1.0","","1","N","N","N","0","","0","0","2","","0","","","3","1","0","0","0","0","3","2","0","3","","","","N","","","","","","","","","",""
"2022097019","0415","1","0","0","0","0","0","0","0","0","5","0","","67","7","2022","7","39.967144","-75.247956","0405","6","0","0","0","0","0","0","0","0","","0","0","0","","","1","N","0","","39 58:01.720","","0","75 14:52.640","3","0","0","0","67301","0","0","0","N","0","0","0","2","67301","0","","6.0","","1","N","N","N","0","","1","0","1","","0","","","2","1","0","0","0","0","1","2","0","2","","","","N","","","","","","","","","",""
"2022068721","0210","2","0","0","0","0","0","0","0","0","5","0","","67","7","2022","7","39.97045","-75.216689","0210","6","0","0","0","0","0","0","0","0","","0","0","0","","","0","N","0","","39 58:13.620","","0","75 13:00.080","9","0","0","0","67301","0","0","0","N","0","0","0","1","67301","0","","6.0","","1","N","N","N","0","","0","0","1","","0","","","3","0","0","0","0","0","1","2","0","3","","","","N","","","","","","","","","",""
"2022096768","1556","2","0","0","0","0","0","0","0","0","4","0","","67","10","2022","6","39.983289","-75.119519","1556","6","0","0","0","0","0","0","0","0","","0","0","0","","","0","N","0","","39 58:59.840","","0","75 07:10.270","0","0","0","0","67301","0","0","0","N","0","0","0","1","67301","0","","6.0","","1","N","N","N","0","","0","0","0","","0","","","2","0","0","0","0","0","0","2","0","2","","03","","N","","","","","","","","","",""
"2022075786","1726","0","0","0","0","0","0","0","0","0","8","0","","67","8","2022","2","39.988053","-75.142433","1725","6","0","0","0","0","0","0","0","0","","0","0","0","","","1","N","0","","39 59:16.990","","0","75 08:32.760","3","0","0","0","67301","1","0","0","N","1","0","0","2","67301","0","","1.0","","1","N","N","N","0","","1","0","1","","0","","","2","1","1","0","0","0","0","2","0","1","","03","","N","","","","","","","","","",""
"2022081198","0913","0","0","0","0","0","0","0","0","0","8","0","","67","9","2022","7","40.056581","-75.028216","0908","6","0","0","0","0","0","1","0","0","","0","0","0","","","1","","1","","40 03:23.692","","0","75 01:41.577","3","0","0","0","67301","1","0","0","N","1","0","0","2","67301","0","","1.0","","1","N","N","N","0","","1","0","1","","2","","","2","1","0","0","0","0","0","2","0","1","","03","","N","","","","","","","","","",""
"2022083619","0140","1","0","0","0","0","0","0","0","0","1","0","","67","9","2022","6","40.023639","-75.056461","0138","6","0","0","0","0","0","0","0","0","","0","0","0","","","0","","1","","40 01:25.099","","0","75 03:23.258","9","0","0","0","67301","0","0","0","N","0","0","0","1","67301","0","","4.0","","1","N","N","N","0","","0","0","1","","2","","","2","0","0","0","0","0","1","2","0","2","","","","N","","","","","","","","","",""
"2022084445","2358","0","0","0","0","0","0","0","0","0","5","1","","67","8","2022","6","39.962128","-75.182881","2349","6","0","0","0","0","0","0","0","0","","0","1","0","","","0","N","0","","39 57:43.661","4","0","75 10:58.370","0","0","0","0","67301","0","0","0","N","0","0","0","2","68K01","0","","1.0","57.0","1","N","N","N","0","","0","0","1","","0","N","","2","0","0","0","0","0","0","2","0","2","","03","","N","","","","","","","","","",""
"2022097390","1952","1","0","0","0","0","0","0","0","0","1","1","","67","10","2022","7","40.055793","-74.984339","1932","6","0","0","0","0","1","1","0","0","","0","1","0","","","1","N","0","","40 03:20.854","2","0","74 59:03.622","8","0","0","0","67301","0","0","0","N","0","0","0","3","68K01","0","","1.0","2100.0","1","N","N","N","0","","0","0","1","","0","Y","","3","1","0","0","0","1","0","2","0","3","","","","N","","","","","","","","","",""
"2022081829","2233","2","0","0","0","0","0","0","0","0","5","0","","67","9","2022","1","40.026564","-75.177047","2233","6","0","0","0","0","0","0","0","0","","0","0","0","","","0","N","0","","40 01:35.630","","0","75 10:37.370","9","0","0","0","67301","0","0","0","N","0","0","0","1","67301","0","","6.0","","1","N","N","N","1","","0","0","1","","0","","","4","0","0","0","0","0","1","2","0","4","","03","","N","","","","","","","","","",""
"2022096225","0712","1","0","0","0","0","0","0","0","0","7","0","","67","9","2022","4","39.902086","-75.151504","0653","6","0","0","0","0","0","0","0","0","","0","0","0","","","1","N","0","","39 54:07.511","2","0","75 09:05.414","8","0","0","0","67301","0","0","0","N","0","0","0","1","68K01","0","","4.0","730.0","1","N","N","N","0","","0","0","0","","0","N","","1","1","0","0","0","1","0","2","0","1","","","","N","","","","","","","","","",""
"2022095225","1938","3","0","1","0","0","0","0","0","0","4","0","","67","8","2022","7","39.914939","-75.237602","1937","6","0","0","0","0","0","0","0","0","","0","0","0","","","1","","1","","39 54:53.780","","0","75 14:15.367","2","0","0","0","67301","0","0","0","N","0","0","0","3","67301","0","","1.0","","1","N","N","N","0","","0","1","1","","2","","","6","1","0","0","0","0","1","2","2","6","","03","","N","","","","","","","","","",""
"2022097444","2325","1","0","0","0","0","0","0","0","0","1","0","","67","7","2022","2","39.994862","-75.218089","2314","6","0","0","0","0","0","0","0","0","","0","0","0","","","1","N","0","","39 59:41.503","","0","75 13:05.119","3","0","0","0","67301","0","0","0","N","0","0","0","2","67301","0","","1.0","","1","N","N","N","0","","1","0","1","","0","","","2","1","0","0","0","0","0","2","0","2","","03","","N","","","","","","","","","",""
"2022081539","1557","0","0","0","0","0","0","0","0","0","1","0","","67","9","2022","2","39.945723","-75.189877","1538","6","0","0","0","0","0","1","1","0","","0","0","0","","","0","N","0","","39 56:44.603","","3","75 11:23.558","0","0","0","0","67301","0","0","0","N","0","0","0","2","68K01","0","","1.0","","1","N","N","N","1","","0","0","1","","0","","","2","0","0","0","0","0","0","2","0","2","","03","","N","","","","","","","","","",""
"2022083655","1301","2","0","0","0","0","0","0","0","0","4","0","","67","9","2022","5","40.010483","-75.160772","1245","6","0","0","0","0","0","0","0","0","","0","0","0","","","0","","1","","40 00:37.740","","0","75 09:38.779","9","0","0","0","67301","0","0","0","N","0","0","0","2","67301","0","","1.0","","1","N","N","N","0","","0","0","0","","3","","","2","0","0","0","0","0","1","2","0","2","","","","N","","","","","","","","","",""
"2022075783","1410","2","0","0","0","0","0","0","0","0","4","0","","67","8","2022","4","40.003184","-75.141429","1357","6","0","0","0","0","0","0","0","0","","0","0","0","","","0","","1","","40 00:11.462","4","0","75 08:29.144","0","0","0","0","67301","0","0","0","N","0","0","0","3","67301","0","","1.0","1420.0","1","N","N","N","0","","0","0","0","","3","N","","2","0","0","0","0","0","0","2","0","2","","04","","N","","","","","","","","","",""
"2022068613","0220","1","0","0","0","0","0","0","0","0","8","0","","67","7","2022","1","40.028181","-75.132306","0220","6","0","0","0","0","0","0","0","0","","0","0","0","","","1","N","0","","40 01:41.450","5","0","75 07:56.300","2","0","0","0","67301","1","0","1","N","1","0","1","2","67301","0","","1.0","225.0","1","N","N","N","0","","0","1","0","","0","Y","","2","1","0","0","0","0","0","2","0","1","","03","","N","","","","","","","","","",""
"2022081875","2128","2","0","0","0","0","0","0","0","0","4","0","","67","9","2022","2","40.058141","-75.174302","2123","6","0","0","0","1","0","0","0","0","","0","0","0","","","4","","1","","40 03:29.309","6","0","75 10:27.487","3","0","0","0","67301","0","0","0","N","0","0","0","4","67301","1","","1.0","2134.0","1","N","N","N","0","","3","0","0","","2","Y","","2","4","0","0","0","0","0","2","0","2","","98","","N","","","","","","","","","",""
"2022097346","0627","0","0","0","0","0","0","0","0","0","7","0","","67","8","2022","7","39.971725","-75.193331","0621","6","0","0","0","0","0","0","0","0","","0","0","0","","","0","","7","","39 58:18.209","","2","75 11:35.991","0","0","0","0","67301","0","0","0","Y","0","0","0","2","68K01","0","","7.0","","1","N","N","N","0","","0","0","1","","0","","","1","0","0","0","0","0","0","2","0","1","","03","","N","","","","","","","","","",""
"2022072632","1450","0","0","0","1","0","0","0","0","0","8","0","","67","8","2022","2","39.917929","-75.159278","1445","6","0","0","0","0","0","0","0","0","","0","0","0","","","1","","1","","39 55:04.544","","0","75 09:33.400","4","0","0","0","67301","1","0","0","N","0","0","0","2","67301","1","","1.0","","1","N","N","N","0","","0","0","0","","3","","","2","1","0","0","0","0","0","2","1","1","","03","","N","","","","","","","","","",""
"2022080607","1440","0","0","0","1","0","0","0","0","0","8","0","","67","8","2022","4","39.98507","-75.247378","1435","6","0","0","0","0","0","0","0","0","","0","0","0","","","1","","1","","39 59:06.252","","0","75 14:50.560","4","0","0","0","67301","1","0","0","N","0","0","0","2","67301","1","","1.0","","1","N","N","N","0","","0","0","0","","2","","","2","1","0","0","0","0","0","2","0","1","","03","","N","","","","","","","","","",""
"2022081977","0016","0","0","0","1","0","0","0","0","0","8","0","","67","9","2022","1","39.939018","-75.232391","0009","6","0","0","0","0","0","0","0","0","","0","0","0","","","1","","1","","39 56:20.464","","0","75 13:56.607","8","0","0","0","67301","1","0","0","N","0","0","0","2","67301","0","","1.0","","1","N","N","N","0","","0","0","1","","2","","","2","1","0","0","0","1","1","2","0","1","","03","","N","","","","","","","","","",""
"2022080943","2033","0","0","0","0","0","0","0","0","0","5","0","","67","9","2022","6","39.969265","-75.159855","2033","6","0","0","0","0","0","1","0","0","","0","0","0","","","1","N","0","","39 58:09.355","","0","75 09:35.479","4","0","0","0","67301","0","0","0","N","0","0","0","2","67301","1","","1.0","","1","N","N","N","0","","0","0","2","","0","","","2","1","1","0","0","0","0","2","0","2","","03","","N","","","","","","","","","",""
"2022073507","1717","1","0","0","0","0","0","0","0","0","4","0","","67","8","2022","3","40.0279","-75.106476","1703","6","0","0","0","0","0","0","1","0","","0","0","0","","","2","","2","","40 01:40.440","","0","75 06:23.314","3","0","0","0","67301","0","0","0","N","0","0","0","3","67301","0","","1.0","","1","N","N","N","0","","2","0","1","","2","","","2","2","2","0","0","0","0","2","0","2","","03","","N","","","","","","","","","",""