"CRN","ARRIVAL_TM","AUTOMOBILE_COUNT","BELTED_DEATH_COUNT","BELTED_SUSP_SERIOUS_INJ_COUNT","BICYCLE_COUNT","BICYCLE_DEATH_COUNT","BICYCLE_SUSP_SERIOUS_INJ_COUNT","BUS_COUNT","CHLDPAS_DEATH_COUNT","CHLDPAS_SUSP_SERIOUS_INJ_COUNT","COLLISION_TYPE","COMM_VEH_COUNT","CONS_ZONE_SPD_LIM","COUNTY","CRASH_MONTH","CRASH_YEAR","DAY_OF_WEEK","DEC_LATITUDE","DEC_LONGITUDE","DISPATCH_TM","DISTRICT","DRIVER_COUNT_16YR","DRIVER_COUNT_17YR","DRIVER_COUNT_18YR","DRIVER_COUNT_19YR","DRIVER_COUNT_20YR","DRIVER_COUNT_50_64YR","DRIVER_COUNT_65_74YR","DRIVER_COUNT_75PLUS","EST_HRS_CLOSED","FATAL_COUNT","HEAVY_TRUCK_COUNT","HORSE_BUGGY_COUNT","HOUR_OF_DAY","ILLUMINATION","INJURY_COUNT","INTERSECTION_RELATED","INTERSECT_TYPE","LANE_CLOSED","LATITUDE","LN_CLOSE_DIR","LOCATION_TYPE","LONGITUDE","MAX_SEVERITY_LEVEL","MCYCLE_DEATH_COUNT","MCYCLE_SUSP_SERIOUS_INJ_COUNT","MOTORCYCLE_COUNT","MUNICIPALITY","NONMOTR_COUNT","NONMOTR_DEATH_COUNT","NONMOTR_SUSP_SERIOUS_INJ_COUNT","NTFY_HIWY_MAINT","PED_COUNT","PED_DEATH_COUNT","PED_SUSP_SERIOUS_INJ_COUNT","PERSON_COUNT","POLICE_AGCY","POSSIBLE_INJ_COUNT","RDWY_SURF_TYPE_CD","RELATION_TO_ROAD","ROADWAY_CLEARED","ROAD_CONDITION","SCH_BUS_IND","SCH_ZONE_IND","SECONDARY_CRASH","SMALL_TRUCK_COUNT","SPEC_JURIS_CD","SUSP_MINOR_INJ_COUNT","SUSP_SERIOUS_INJ_COUNT","SUV_COUNT","TCD_FUNC_CD","TCD_TYPE","TFC_DETOUR_IND","TIME_OF_DAY","TOTAL_UNITS","TOT_INJ_COUNT","UNBELTED_OCC_COUNT","UNB_DEATH_COUNT","UNB_SUSP_SERIOUS_INJ_COUNT","UNK_INJ_DEG_COUNT","UNK_INJ_PER_COUNT","URBAN_RURAL","VAN_COUNT","VEHICLE_COUNT","WEATHER1","WEATHER2","WORKERS_PRES","WORK_ZONE_IND","WORK_ZONE_LOC","WORK_ZONE_TYPE","WZ_CLOSE_DETOUR","WZ_FLAGGER","WZ_LAW_OFFCR_IND","WZ_LN_CLOSURE","WZ_MOVING","WZ_OTHER","WZ_SHLDER_MDN","WZ_WORKERS_INJ_KILLED"
"2022097178","1443","1","0","0","0","0","0","0","0","0","8","0","","67","10","2022","3","40.086423","-75.039268","1443","6","0","0","0","0","0","0","0","0","","0","0","0","","","1","N","0","","40 05:11.123","","7","75 02:21.365","3","0","0","0","67301","1","0","0","N","1","0","0","1","67301","0","","9.0","","1","N","N","N","0","","1","0","0","","0","","","2","1","0","0","0","0","0","2","0","1","","","","N","","","","","","","","","",""
"2022073702","0730","1","0","0","0","0","0","0","0","0","4","0","","67","8","2022","5","39.975398","-75.189951","0721","6","0","0","0","0","0","0","0","0","","0","0","0","","","1","","3","","39 58:31.433","4","0","75 11:23.825","3","0","0","0","67301","0","0","0","N","0","0","0","3","67301","0","","1.0","921.0","9","N","N","N","0","","1","0","0","","2","Y","","2","1","0","0","0","0","2","2","1","2","","03","","N","","","","","","","","","",""
"2022075850","2330","1","0","0","0","0","0","0","0","0","1","0","","67","8","2022","1","40.01384","-75.12598","2330","6","0","0","0","0","0","0","0","0","","0","0","0","","","0","","1","","40 00:49.823","","0","75 07:33.528","0","0","0","0","67301","0","0","0","N","0","0","0","2","67301","0","","1.0","","1","N","N","N","0","","0","0","1","","2","","","2","0","1","0","0","0","0","2","0","2","","","","N","","","","","","","","","",""
"2022095568","0345","1","0","0","0","0","0","0","0","0","1","0","","67","10","2022","1","40.006168","-75.151802","0339","6","0","0","0","0","0","0","0","0","","0","0","0","","","0","N","1","","40 00:22.203","1","0","75 09:06.487","9","0","0","0","67301","0","0","0","N","0","0","0","3","67505","0","","1.0","515.0","1","N","N","N","0","","0","0","1","","2","Y","","2","0","0","0","0","0","3","2","0","2","","03","","N","","","","","","","","","",""
"2022072790","2025","2","0","0","0","0","0","0","0","0","4","0","","67","8","2022","2","39.971558","-75.160228","2025","6","0","0","0","0","0","0","0","0","","0","0","0","","","2","","1","","39 58:17.607","","0","75 09:36.821","3","0","0","0","67301","0","0","0","N","0","0","0","3","67301","0","","1.0","","1","N","N","N","0","","2","0","0","","3","","","2","2","0","0","0","0","0","2","0","2","","03","","N","","","","","","","","","",""
"2022083623","1156","2","0","0","0","0","0","0","0","0","4","1","","67","9","2022","5","39.973237","-75.212226","1110","6","0","0","0","0","0","1","0","0","","0","1","0","","","0","","1","","39 58:23.653","7","0","75 12:44.012","9","0","0","0","67301","0","0","0","N","0","0","0","4","67301","0","","1.0","1330.0","1","N","N","N","0","","0","0","0","","2","N","","3","0","0","0","0","0","1","2","0","3","","03","","N","","","","","","","","","",""
"2022096233","0516","1","0","0","0","0","0","0","0","0","7","0","","67","10","2022","2","39.943534","-75.142727","0508","6","0","0","0","0","0","0","0","0","","0","0","0","","","0","N","0","","39 56:36.721","","0","75 08:33.817","0","0","0","0","67301","0","0","0","N","0","0","0","1","68K01","0","","4.0","","9","N","N","N","0","","0","0","0","","0","","","1","0","0","0","0","0","0","2","0","1","","","","N","","","","","","","","","",""
"2022080596","1348","1","0","0","0","0","0","0","0","0","4","0","","67","8","2022","1","39.971089","-75.228729","1347","6","0","0","0","0","0","0","0","0","","0","0","0","","","1","","1","","39 58:15.920","","0","75 13:43.424","3","0","0","0","67301","0","0","0","N","0","0","0","2","67301","0","","1.0","","1","N","N","N","0","","1","0","1","","2","","","2","1","0","0","0","0","0","2","0","2","","03","","N","","","","","","","","","",""
"2022084011","0915","2","0","0","0","0","0","0","0","0","4","0","","67","9","2022","3","40.007085","-75.073767","0908","6","0","0","0","0","1","0","0","0","","0","0","0","","","1","N","0","","40 00:25.507","","0","75 04:25.560","8","0","0","0","67301","0","0","0","N","0","0","0","4","67301","0","","1.0","","1","N","N","N","1","","0","0","0","","0","","","3","1","0","0","0","1","0","2","0","3","","03","","N","","","","","","","","","",""
"2022081864","2030","1","0","0","0","0","0","0","0","0","8","0","","67","9","2022","7","40.023167","-75.124407","2030","6","0","0","0","0","0","1","0","0","","1","0","0","","","0","","1","","40 01:23.401","","0","75 07:27.865","1","0","0","0","67301","1","1","0","N","1","1","0","2","67301","0","2","1.0","","1","N","N","N","0","0","0","0","0","","0","","","2","0","1","0","0","0","0","2","0","1","","","","N","","","","","","","","","",""
"2022096765","1601","0","0","0","0","0","0","0","0","0","8","0","","67","10","2022","5","39.997622","-75.088813","1604","6","0","0","0","0","0","0","0","0","","0","0","0","","","1","N","0","","39 59:51.438","","7","75 05:19.725","3","0","0","0","67301","1","0","0","N","1","0","0","1","67301","0","","1.0","","1","N","N","N","0","","1","0","0","","0","","","2","1","0","0","0","0","0","2","0","1","","03","","N","","","","","","","","","",""
"2022096636","0240","1","0","0","0","0","0","0","0","0","7","0","","67","9","2022","1","39.93015","-75.198183","0231","6","0","0","0","0","0","0","0","0","","0","0","0","","","3","N","0","","39 55:48.539","4","0","75 11:53.459","8","0","0","0","67301","0","0","0","N","0","0","0","3","68K01","0","","4.0","250.0","1","N","N","N","0","","0","0","0","","0","N","","1","3","0","0","0","3","0","2","0","1","","","","N","","","","","","","","","",""
"2022084684","1718","1","0","0","1","0","0","0","0","0","8","0","","67","9","2022","3","40.015873","-75.153841","1718","6","0","0","0","0","0","1","0","0","","0","0","0","","","1","","1","","40 00:57.144","","0","75 09:13.828","3","0","0","0","67301","1","0","0","N","0","0","0","2","67301","0","","1.0","","1","N","N","N","0","","1","0","0","","2","","","2","1","0","0","0","0","0","2","0","1","","03","","N","","","","","","","","","",""
"2022097371","0755","1","0","0","0","0","0","0","0","0","5","1","","67","9","2022","3","39.990017","-75.205689","0741","6","0","0","0","0","0","1","0","0","","0","1","0","","","1","N","0","","39 59:24.060","3","0","75 12:20.482","3","0","0","0","67301","0","0","0","N","0","0","0","2","68K01","0","","1.0","820.0","1","N","N","N","0","","1","0","0","","0","N","","2","1","0","0","0","0","0","2","0","2","","","","N","","","","","","","","","",""
"2022083606","0933","0","0","0","0","0","0","0","0","0","7","1","","67","9","2022","7","39.932392","-75.218917","0933","6","0","0","0","0","0","0","0","0","","0","1","0","","","0","N","0","","39 55:56.610","","1","75 13:08.100","0","0","0","0","67301","0","0","0","N","0","0","0","1","67301","0","","1.0","","1","N","N","N","0","","0","0","0","","0","","","1","0","0","0","0","0","0","2","0","1","","03","","N","","","","","","","","","",""
"2022078050","1840","1","0","0","0","0","0","0","0","0","1","0","","67","8","2022","5","39.98647","-75.156103","1839","6","0","0","0","0","0","0","0","0","","0","0","0","","","0","N","0","","39 59:11.293","","0","75 09:21.972","0","0","0","0","67301","0","0","0","N","0","0","0","6","67301","0","","1.0","","1","N","N","N","0","","0","0","1","","0","","","2","0","0","0","0","0","0","2","0","2","","03","","N","","","","","","","","","",""
"2022076283","0830","2","0","0","0","0","0","0","0","0","4","0","","67","8","2022","2","39.996486","-75.228787","0830","6","0","0","0","0","0","0","0","0","","0","0","0","","","1","","1","","39 59:47.349","","0","75 13:43.633","4","0","0","0","67301","0","0","0","N","0","0","0","2","67301","1","","1.0","","99","N","N","N","0","","0","0","0","","3","","","2","1","0","0","0","0","0","2","0","2","","","","N","","","","","","","","","",""
"2022079137","1638","2","0","0","0","0","0","0","0","0","1","0","","67","8","2022","2","39.902943","-75.239946","1636","6","0","0","0","0","0","0","0","0","","0","0","0","","","1","N","0","","39 54:10.593","","0","75 14:23.806","3","0","0","0","67301","0","0","0","N","0","0","0","2","67301","0","","1.0","","1","N","N","N","0","","1","0","0","","0","","","2","1","0","0","0","0","0","2","0","2","","03","","N","","","","","","","","","",""
"2022096216","2310","0","0","0","0","0","0","0","0","0","7","0","","67","9","2022","6","40.045654","-75.001669","2302","6","0","0","0","0","0","0","1","0","","0","0","0","","","2","N","0","","40 02:44.355","1","0","75 00:06.010","2","0","0","0","67301","0","0","0","N","0","0","0","2","68K01","0","","4.0","200.0","1","N","N","N","0","","0","2","1","","0","N","","1","2","0","0","0","0","0","2","0","1","","","","N","","","","","","","","","",""
"2022096720","0837","1","0","0","0","0","0","0","0","0","4","0","","67","10","2022","7","39.922401","-75.223165","0836","6","0","0","0","0","0","1","0","0","","0","0","0","","","1","","1","","39 55:20.644","7","0","75 13:23.395","3","0","0","0","67301","0","0","0","N","0","0","0","3","67301","0","","1.0","901.0","1","N","N","N","0","","1","0","1","","2","N","","2","1","0","0","0","0","0","2","0","2","","03","","N","","","","","","","","","",""
"2022081976","1326","1","0","0","0","0","0","0","0","0","7","0","","67","9","2022","1","39.895431","-75.233493","1325","6","0","0","0","0","0","0","0","0","","0","0","0","","","0","","2","","39 53:43.553","","0","75 14:00.574","0","0","0","0","67301","0","0","0","N","0","0","0","1","67301","0","","4.0","","1","N","N","N","0","","0","0","0","","2","","","1","0","0","0","0","0","0","2","0","1","","03","","N","","","","","","","","","",""
"2022074174","1029","2","0","0","0","0","0","0","0","0","4","0","","67","8","2022","2","39.968637","-75.233854","1029","6","0","0","0","0","0","0","0","0","","0","0","0","","","2","","1","","39 58:07.093","","0","75 14:01.874","4","0","0","0","67301","0","0","0","N","0","0","0","3","67301","2","","1.0","","1","N","N","N","0","","0","0","0","","2","","","2","2","2","0","0","0","0","2","0","2","","03","","N","","","","","","","","","",""
"2022073981","1051","1","0","0","0","0","0","0","0","0","2","0","","67","8","2022","2","40.004014","-75.128086","1050","6","0","0","0","0","0","0","0","0","","0","0","0","","","0","N","0","","40 00:14.450","","0","75 07:41.110","0","0","0","0","67301","0","0","0","N","0","0","0","2","67301","0","","6.0","","1","N","N","N","1","","0","0","0","","0","","","2","0","0","0","0","0","0","2","0","2","","03","","N","","","","","","","","","",""
"2022073744","2238","1","0","0","0","0","0","0","0","0","5","0","","67","8","2022","2","39.942694","-75.157833","2238","6","0","0","0","0","0","1","0","0","","0","0","0","","","0","N","0","","39 56:33.700","","0","75 09:28.200","0","0","0","0","67301","0","0","0","N","0","0","0","1","67301","0","","6.0","","1","N","N","N","0","","0","0","1","","0","","","2","0","1","0","0","0","0","2","0","2","","03","","N","","","","","","","","","",""
"2022083565","0136","1","0","0","0","0","0","0","0","0","4","0","","67","9","2022","6","39.984328","-75.124821","0134","6","0","0","0","0","0","1","0","0","","0","0","0","","","3","","1","","39 59:03.579","","0","75 07:29.354","8","0","0","0","67301","0","0","0","N","0","0","0","3","67301","0","","1.0","","1","N","N","N","0","","0","0","1","","3","","","2","3","0","0","0","3","0","2","0","2","","03","","N","","","","","","","","","",""
"2022084687","1525","1","0","0","0","0","0","0","0","0","4","0","","67","9","2022","4","40.011956","-75.176015","1520","6","0","0","0","0","0","0","0","0","","0","0","0","","","1","","1","","40 00:43.041","2","0","75 10:33.654","3","0","0","1","67301","0","0","0","N","0","0","0","2","67301","0","","1.0","1543.0","1","N","N","N","0","","1","0","0","","2","N","","2","1","1","0","0","0","0","2","0","2","","03","","N","","","","","","","","","",""
"2022097028","1535","1","0","0","0","0","0","0","0","0","4","0","","67","10","2022","4","40.016776","-75.083619","1532","6","0","0","0","0","0","0","0","0","","0","0","0","","","1","","1","","40 01:00.392","5","0","75 05:01.030","3","0","0","0","67301","0","0","0","N","0","0","0","1","67301","0","","1.0","1645.0","1","N","N","Y","0","","1","0","0","","3","Y","","2","1","0","0","0","0","0","2","0","2","","","","N","","","","","","","","","",""
"2022080261","2038","0","0","0","0","0","0","0","0","0","7","0","","67","8","2022","4","40.078378","-75.053866","2034","6","0","0","0","0","0","0","0","0","","0","0","0","","","0","N","0","","40 04:42.160","","0","75 03:13.917","0","0","0","0","67301","0","0","0","N","0","0","0","1","67301","0","","4.0","","1","N","N","N","0","","0","0","1","","0","","","1","0","0","0","0","0","0","2","0","1","","","","N","","","","","","","","","",""
"2022097439","0152","2","0","0","0","0","0","0","0","0","4","0","","67","7","2022","1","39.989111","-75.227222","0150","6","0","0","0","0","0","0","0","0","","0","0","0","","","0","N","0","","39 59:20.800","","7","75 13:38.000","0","0","0","0","67301","0","0","0","N","0","0","0","2","67301","0","","1.0","","1","N","N","N","0","","0","0","0","","0","","","2","0","0","0","0","0","0","2","0","2","","03","","N","","","","","","","","","",""
"2022095734","2155","1","0","0","0","0","0","0","0","0","4","0","","67","10","2022","7","40.057022","-75.156165","2154","6","0","0","0","0","0","0","0","0","","0","0","0","","","0","","1","","40 03:25.278","","0","75 09:22.193","0","0","0","0","67301","0","0","0","N","0","0","0","1","67301","0","","1.0","","1","N","N","N","0","","0","0","0","","3","","","2","0","0","0","0","0","0","2","0","2","","03","","N","","","","","","","","","",""
"2022080959","2239","2","0","0","0","0","0","0","0","0","4","0","","67","9","2022","7","40.038464","-75.046881","2239","6","0","0","0","0","0","0","0","0","","0","0","0","","","0","","1","","40 02:18.470","5","0","75 02:48.771","0","0","0","0","67301","0","0","0","N","0","0","0","3","67301","0","","1.0","33.0","1","N","N","N","0","","0","0","1","","3","Y","","3","0","0","0","0","0","0","2","0","3","","03","","N","","","","","","","","","",""
"2022097020","0315","1","0","0","0","0","0","0","0","0","1","0","","67","8","2022","1","39.961878","-75.226517","0305","6","0","0","0","0","0","0","0","0","","0","0","0","","","0","N","0","","39 57:42.760","","0","75 13:35.460","9","0","0","0","67301","0","0","0","N","0","0","0","3","67301","0","","1.0","","1","N","N","N","0","","0","0","1","","0","","","2","0","0","0","0","0","1","2","0","2","","03","","N","","","","","","","","","",""
"2022085006","1734","0","0","0","0","0","0","0","0","0","1","0","","67","9","2022","5","39.911132","-75.148986","1719","6","0","0","0","0","0","1","0","0","","0","0","0","","","1","N","0","","39 54:40.074","","0","75 08:56.349","3","0","0","0","67301","0","0","0","N","0","0","0","2","68K01","0","","2.0","","1","N","N","N","0","","1","0","2","","0","","","2","1","0","0","0","0","0","2","0","2","","03","","N","","","","","","","","","",""
"2022090862","0144","0","0","0","0","0","0","0","0","0","7","0","","67","10","2022","7","39.960361","-75.18101","0144","6","0","0","0","0","0","0","0","0","","0","0","0","","","0","N","0","","39 57:37.301","4","2","75 10:51.637","0","0","0","0","67301","0","0","0","N","0","0","0","3","68K01","0","","2.0","200.0","9","N","N","N","0","","0","0","1","","0","Y","","1","0","0","0","0","0","0","2","0","1","","","","N","","","","","","","","","",""
"2022083625","0747","1","0","0","0","0","0","0","0","0","4","1","","67","8","2022","7","39.951943","-75.2388","0747","6","0","0","0","0","0","0","0","0","","0","1","0","","","1","","1","","39 57:06.994","4","0","75 14:19.680","3","0","0","0","67301","0","0","0","N","0","0","0","2","67301","0","","1.0","900.0","1","N","N","N","0","","1","0","1","","2","Y","","3","1","0","0","0","0","0","2","0","3","","","","N","","","","","","","","","",""
"2022072923","1124","0","0","0","0","0","0","0","0","0","1","0","","67","7","2022","1","40.036769","-75.014807","1123","6","0","0","0","0","0","3","0","0","","0","0","0","","","4","N","0","","40 02:12.370","2","0","75 00:53.306","8","0","0","3","67301","0","0","0","N","0","0","0","4","68K01","0","","1.0","1432.0","1","N","N","N","0","","0","0","0","","0","N","","3","4","0","0","0","4","0","2","0","3","","03","","N","","","","","","","","","",""
"2022097445","0155","1","0","0","0","0","0","0","0","0","4","0","","67","8","2022","7","39.971089","-75.228729","0148","6","0","0","0","0","0","0","0","0","","0","0","0","","","0","","1","","39 58:15.920","","0","75 13:43.424","0","0","0","0","67301","0","0","0","N","0","0","0","4","67301","0","","1.0","","1","N","N","N","0","","0","0","1","","2","","","2","0","4","0","0","0","0","2","0","2","","03","","N","","","","","","","","","",""
"2022068621","0920","0","0","0","0","0","0","0","0","0","8","0","","67","7","2022","7","40.014573","-75.156653","0917","6","0","0","0","0","0","0","0","0","","0","0","0","","","1","","1","","40 00:52.463","","0","75 09:23.952","3","0","0","0","67301","1","0","0","N","1","0","0","2","67301","0","","1.0","","1","N","N","N","0","","1","0","0","","2","","","2","1","0","0","0","0","0","2","0","1","","03","","N","","","","","","","","","",""
"2022074309","2121","2","0","0","0","0","0","0","0","0","5","0","","67","8","2022","7","39.955284","-75.14776","2118","6","0","0","0","0","0","0","0","0","","0","0","0","","","0","N","0","","39 57:19.023","4","8","75 08:51.936","0","0","0","0","67301","0","0","0","N","0","0","0","5","67501","0","","1.0","2126.0","1","N","N","N","0","","0","0","0","","0","N","","2","0","0","0","0","0","0","2","0","2","","","","N","","","","","","","","","",""
"2022084479","0131","1","0","0","0","0","0","0","0","0","7","0","","67","9","2022","7","39.957722","-75.162358","0127","6","0","0","0","0","0","0","0","0","","0","0","0","","","0","","7","","39 57:27.800","3","2","75 09:44.488","0","0","0","0","67301","0","0","0","N","0","0","0","3","68K01","0","","4.0","300.0","1","N","N","N","0","","0","0","0","","0","Y","","1","0","0","0","0","0","0","2","0","1","","","","N","","","","","","","","","",""
"2022080826","1513","1","0","0","0","0","0","0","0","0","6","0","","67","9","2022","6","40.064667","-75.001008","1503","6","0","0","0","0","0","0","0","1","","0","0","0","","","2","N","0","","40 03:52.800","6","0","75 00:03.630","3","0","0","0","67301","0","0","0","N","0","0","0","2","67301","0","","1.0","1540.0","1","N","N","N","0","","2","0","1","","0","N","","2","2","2","0","0","0","0","2","0","2","","03","","N","","","","","","","","","",""
"2022080831","0827","1","0","0","0","0","0","0","0","0","7","0","","67","9","2022","7","40.049175","-75.170845","0826","6","0","0","0","0","0","1","0","0","","0","0","0","","","1","","1","","40 02:57.031","","0","75 10:15.042","3","0","0","0","67301","0","0","0","N","0","0","0","1","67301","0","","4.0","","1","N","N","N","0","","1","0","0","","2","","","1","1","1","0","0","0","0","2","0","1","","03","","N","","","","","","","","","",""
"2022089885","2308","1","0","0","0","0","0","0","0","0","4","0","","67","9","2022","7","39.995678","-75.180524","2307","6","0","0","0","0","0","0","0","0","","0","0","0","","","2","","1","","39 59:44.440","4","0","75 10:49.886","3","0","0","0","67301","0","0","0","N","0","0","0","2","67301","0","","1.0","450.0","1","N","N","N","0","","1","0","1","","3","N","","2","2","0","0","0","1","0","2","0","2","","03","","N","","","","","","","","","",""
"2022081170","2234","1","0","0","0","0","0","0","0","0","4","0","","67","9","2022","5","40.030322","-75.064461","1127","6","0","0","0","0","0","1","0","0","","0","0","0","","","1","","1","","40 01:49.158","","0","75 03:52.059","3","0","0","0","67301","0","0","0","N","0","0","0","2","67301","0","","1.0","","1","N","N","N","1","","1","0","1","","0","","","3","1","0","0","0","0","0","2","0","3","","","","N","","","","","","","","","",""
"2022079341","1023","1","0","0","0","0","0","0","0","0","8","0","","67","8","2022","7","40.016994","-75.188321","1020","6","0","0","0","0","0","0","0","0","","0","0","0","","","1","","1","","40 01:01.180","","0","75 11:17.957","3","0","0","0","67301","1","0","0","N","1","0","0","2","67301","0","","1.0","","1","N","N","N","0","","1","0","0","","2","","","2","1","0","0","0","0","0","2","0","1","","","","N","","","","","","","","","",""
"2022070024","2037","1","0","0","0","0","0","0","0","0","5","0","","67","7","2022","7","39.994497","-75.167817","2037","6","0","0","0","0","0","0","0","0","","0","0","0","","","0","N","0","","39 59:40.190","","0","75 10:04.140","0","0","0","0","67301","0","0","0","N","0","0","0","1","67301","0","","6.0","","1","N","N","N","0","","0","0","2","","0","","","4","0","1","0","0","0","0","2","1","4","","03","","N","","","","","","","","","",""
"2022080815","1935","1","0","0","0","0","0","0","0","0","8","0","","67","9","2022","6","39.918036","-75.233867","1928","6","0","0","0","0","0","0","0","0","","0","0","0","","","1","N","0","","39 55:04.930","","0","75 14:01.920","3","0","0","0","67301","1","0","0","N","1","0","0","3","67301","0","","1.0","","1","N","N","N","0","","1","0","0","","0","","","2","1","0","0","0","0","0","2","0","1","","03","","N","","","","","","","","","",""
"2022088171","0915","1","0","0","0","0","0","0","0","0","6","0","","67","9","2022","1","40.003728","-75.128153","0915","6","0","0","0","0","0","0","0","0","","0","0","0","","","1","N","0","","40 00:13.420","","0","75 07:41.350","3","0","0","0","67301","0","0","0","N","0","0","0","1","67301","0","","6.0","","1","N","N","N","0","","1","0","2","","0","","","3","1","1","0","0","0","0","2","0","3","","","","N","","","","","","","","","",""
"2022083627","1528","0","0","0","0","0","0","0","0","0","4","0","","67","9","2022","7","39.978916","-75.232258","1518","6","0","0","0","0","0","0","0","0","","0","0","0","","","1","","1","","39 58:44.097","","0","75 13:56.128","3","0","0","0","67301","0","0","0","N","0","0","0","2","67301","0","","1.0","","1","N","N","N","0","","1","0","1","","3","","","2","1","0","0","0","0","0","2","1","2","","03","","N","","","","","","","","","",""
"2022083551","0740","2","0","0","0","0","0","0","0","0","4","0","","67","9","2022","7","39.918225","-75.208762","0737","6","0","0","0","0","0","0","0","0","","0","0","0","","","1","","1","","39 55:05.610","2","0","75 12:31.544","3","0","0","0","67301","0","0","0","N","0","0","0","5","67301","0","","1.0","750.0","1","N","N","N","0","","1","0","0","","2","N","","2","1","0","0","0","0","0","2","0","2","","","","N","","","","","","","","","",""
"2022078993","1555","1","0","0","0","0","0","0","0","0","4","0","","67","6","2022","4","39.957951","-75.227322","1551","6","0","0","0","0","0","0","0","0","","0","0","0","","","2","","1","","39 57:28.623","","0","75 13:38.359","3","0","0","0","67301","0","0","0","N","0","0","0","3","67301","0","","1.0","","1","N","N","Y","0","","2","0","1","","3","","","2","2","0","0","0","0","1","2","0","2","","","","N","","","","","","","","","",""
"2022088704","0155","1","0","0","0","0","0","0","0","0","1","0","","67","9","2022","1","39.925301","-75.193649","0149","6","0","0","0","0","0","1","0","0","","0","0","0","","","2","N","0","","39 55:31.085","","0","75 11:37.135","3","0","0","0","67301","0","0","0","N","0","0","0","4","68K01","0","","1.0","","1","N","N","N","0","","1","0","1","","0","","","3","2","0","0","0","1","1","2","0","3","","","","N","","","","","","","","","",""
"2022081242","1343","1","0","0","0","0","0","0","0","0","3","0","","67","9","2022","7","40.012919","-75.118775","1340","6","0","0","0","0","1","0","1","0","","0","0","0","","","1","N","0","","40 00:46.510","","7","75 07:07.590","8","0","0","1","67301","0","0","0","N","0","0","0","2","67301","0","","1.0","","1","N","N","N","0","","0","0","0","","0","","","2","1","1","0","0","1","0","2","0","2","","03","","N","","","","","","","","","",""
"2022083845","1643","1","0","1","0","0","0","0","0","0","4","0","","67","9","2022","1","39.916992","-75.173025","1642","6","0","0","1","0","0","0","0","0","","0","0","0","","","3","","1","","39 55:01.171","","0","75 10:22.889","2","0","0","0","67301","0","0","0","N","0","0","0","6","67301","1","","1.0","","9","N","N","Y","0","","0","1","2","","2","","","3","3","0","0","0","1","0","2","0","3","","04","","N","","","","","","","","","",""
"2022073714","1251","2","0","0","0","0","0","0","0","0","5","0","","67","8","2022","5","40.026724","-75.182935","1251","6","0","0","0","0","0","0","0","0","","0","0","0","","","0","N","0","","40 01:36.206","1","0","75 10:58.565","0","0","0","0","67301","0","0","0","N","0","0","0","1","67301","0","","6.0","200.0","1","N","N","Y","0","","0","0","1","","0","N","","3","0","1","0","0","0","0","2","0","3","","03","","N","","","","","","","","","",""
"2022060055","2304","2","0","0","0","0","0","0","0","0","8","0","","67","6","2022","4","39.967874","-75.211239","2259","6","0","0","0","0","0","0","0","0","","1","0","0","","","2","","1","","39 58:04.346","","0","75 12:40.460","1","0","0","0","67301","2","1","0","N","2","1","0","3","67301","0","2","1.0","","1","N","N","N","0","0","2","0","1","","2","","","6","2","0","0","0","0","0","2","1","4","","","","N","","","","","","","","","",""
"2022069730","0810","1","0","0","0","0","0","0","0","0","8","0","","67","7","2022","7","40.071201","-75.038108","0802","6","0","0","0","0","0","0","0","0","","0","0","0","","","1","","1","","40 04:16.325","","0","75 02:17.187","8","0","0","0","67301","1","0","0","N","1","0","0","2","67301","0","","1.0","","1","N","N","N","0","","0","0","0","","2","","","2","1","0","0","0","1","0","2","0","1","","03","","N","","","","","","","","","",""
"2022074158","0352","1","0","0","0","0","0","0","0","0","4","0","","67","8","2022","1","39.938303","-75.216251","0243","6","0","0","0","0","0","1","0","0","","0","0","0","","","2","","1","","39 56:17.890","","0","75 12:58.503","8","0","0","0","67301","0","0","0","N","0","0","0","4","67301","0","","1.0","","1","N","N","N","0","","0","0","1","","2","","","2","2","0","0","0","2","2","2","0","2","","03","","N","","","","","","","","","",""
"2022096717","0730","2","0","0","0","0","0","0","0","0","2","0","","67","4","2022","3","40.097944","-75.047074","0726","6","0","1","0","0","0","1","0","0","","0","0","0","","","0","N","0","","40 05:52.599","6","0","75 02:49.467","9","0","0","0","67301","0","0","0","N","0","0","0","3","67301","0","","1.0","1030.0","9","N","N","Y","0","","0","0","1","","0","N","","3","0","0","0","0","0","2","2","0","3","","","","N","","","","","","","","","",""
"2022097443","0115","0","0","0","0","0","0","0","0","0","8","0","","67","7","2022","1","39.977768","-75.21345","0109","6","0","0","0","0","0","0","0","0","","0","0","0","","","1","","1","","39 58:39.965","","0","75 12:48.419","8","0","0","0","67301","1","0","0","N","1","0","0","2","67301","0","","1.0","","1","N","N","N","0","","0","0","0","","2","","","2","1","0","0","0","1","0","2","0","1","","03","","N","","","","","","","","","",""
"2022096478","0735","0","0","0","0","0","0","0","0","0","0","0","","67","9","2022","3","39.957654","-75.148861","0727","6","0","0","0","0","0","0","0","0","","0","0","0","","","0","","6","","39 57:27.556","","2","75 08:55.899","9","0","0","0","67301","0","0","0","N","0","0","0","1","68K01","0","","1.0","","9","N","N","N","0","","0","0","1","","0","","","1","0","0","0","0","0","1","2","0","1","","07","","N","","","","","","","","","",""