"CRN","ARRIVAL_TM","AUTOMOBILE_COUNT","BELTED_DEATH_COUNT","BELTED_SUSP_SERIOUS_INJ_COUNT","BICYCLE_COUNT","BICYCLE_DEATH_COUNT","BICYCLE_SUSP_SERIOUS_INJ_COUNT","BUS_COUNT","CHLDPAS_DEATH_COUNT","CHLDPAS_SUSP_SERIOUS_INJ_COUNT","COLLISION_TYPE","COMM_VEH_COUNT","CONS_ZONE_SPD_LIM","COUNTY","CRASH_MONTH","CRASH_YEAR","DAY_OF_WEEK","DEC_LATITUDE","DEC_LONGITUDE","DISPATCH_TM","DISTRICT","DRIVER_COUNT_16YR","DRIVER_COUNT_17YR","DRIVER_COUNT_18YR","DRIVER_COUNT_19YR","DRIVER_COUNT_20YR","DRIVER_COUNT_50_64YR","DRIVER_COUNT_65_74YR","DRIVER_COUNT_75PLUS","EST_HRS_CLOSED","FATAL_COUNT","HEAVY_TRUCK_COUNT","HORSE_BUGGY_COUNT","HOUR_OF_DAY","ILLUMINATION","INJURY_COUNT","INTERSECTION_RELATED","INTERSECT_TYPE","LANE_CLOSED","LATITUDE","LN_CLOSE_DIR","LOCATION_TYPE","LONGITUDE","MAX_SEVERITY_LEVEL","MCYCLE_DEATH_COUNT","MCYCLE_SUSP_SERIOUS_INJ_COUNT","MOTORCYCLE_COUNT","MUNICIPALITY","NONMOTR_COUNT","NONMOTR_DEATH_COUNT","NONMOTR_SUSP_SERIOUS_INJ_COUNT","NTFY_HIWY_MAINT","PED_COUNT","PED_DEATH_COUNT","PED_SUSP_SERIOUS_INJ_COUNT","PERSON_COUNT","POLICE_AGCY","POSSIBLE_INJ_COUNT","RDWY_SURF_TYPE_CD","RELATION_TO_ROAD","ROADWAY_CLEARED","ROAD_CONDITION","SCH_BUS_IND","SCH_ZONE_IND","SECONDARY_CRASH","SMALL_TRUCK_COUNT","SPEC_JURIS_CD","SUSP_MINOR_INJ_COUNT","SUSP_SERIOUS_INJ_COUNT","SUV_COUNT","TCD_FUNC_CD","TCD_TYPE","TFC_DETOUR_IND","TIME_OF_DAY","TOTAL_UNITS","TOT_INJ_COUNT","UNBELTED_OCC_COUNT","UNB_DEATH_COUNT","UNB_SUSP_SERIOUS_INJ_COUNT","UNK_INJ_DEG_COUNT","UNK_INJ_PER_COUNT","URBAN_RURAL","VAN_COUNT","VEHICLE_COUNT","WEATHER1","WEATHER2","WORKERS_PRES","WORK_ZONE_IND","WORK_ZONE_LOC","WORK_ZONE_TYPE","WZ_CLOSE_DETOUR","WZ_FLAGGER","WZ_LAW_OFFCR_IND","WZ_LN_CLOSURE","WZ_MOVING","WZ_OTHER","WZ_SHLDER_MDN","WZ_WORKERS_INJ_KILLED"
"2022081226","1210","1","0","0","0","0","0","0","0","0","4","0","","67","9","2022","6","40.021693","-75.150218","1158","6","0","0","0","0","0","0","0","0","","0","0","0","","","1","","1","","40 01:18.095","","0","75 09:00.784","8","0","0","0","67301","0","0","0","N","0","0","0","2","67301","0","","1.0","","1","N","N","N","0","","0","0","0","","3","","","2","1","0","0","0","1","1","2","0","2","","03","","N","","","","","","","","","",""
"2022083567","1852","0","0","0","0","0","0","0","0","0","4","0","","67","9","2022","4","39.994795","-75.15932","1849","6","0","0","0","0","0","0","0","0","","0","0","0","","","6","","1","","39 59:41.262","7","0","75 09:33.551","3","0","0","0","67301","0","0","0","N","0","0","0","6","67301","1","","1.0","1848.0","1","N","Y","N","1","","5","0","1","","2","N","","2","6","0","0","0","0","0","2","0","2","","","","N","","","","","","","","","",""
"2022081171","0341","2","0","0","0","0","0","0","0","0","4","0","","67","9","2022","7","40.011746","-75.076091","0328","6","0","0","0","0","0","0","0","0","","0","0","0","","","0","","2","","40 00:42.286","","0","75 04:33.927","0","0","0","0","67301","0","0","0","N","0","0","0","2","67301","0","","1.0","","1","N","N","N","0","","0","0","0","","3","","","2","0","1","0","0","0","0","2","0","2","","03","","N","","","","","","","","","",""
"2022096714","0835","1","0","0","0","0","0","0","0","0","1","1","","67","10","2022","1","40.049578","-75.095619","0835","6","0","0","0","0","0","1","0","0","","0","1","0","","","0","","1","","40 02:58.479","1","0","75 05:44.227","0","0","0","0","67301","0","0","0","N","0","0","0","2","67301","0","","1.0","100.0","1","N","N","N","0","","0","0","0","","2","N","","2","0","1","0","0","0","0","2","0","2","","03","","N","","","","","","","","","",""
"2022079019","1009","0","0","0","0","0","0","0","0","0","1","0","","67","8","2022","7","39.986778","-75.208556","0942","6","0","0","0","0","0","1","0","0","","0","0","0","","","2","","3","","39 59:12.400","","2","75 12:30.800","4","0","0","0","67301","0","0","0","N","0","0","0","3","68K01","1","","1.0","","1","N","N","N","1","","0","0","1","","3","","","2","2","0","0","0","1","1","2","0","2","","","","N","","","","","","","","","",""
"2022083642","1331","1","0","0","0","0","0","0","0","0","5","0","","67","9","2022","3","39.978421","-75.118783","1330","6","0","0","0","0","0","0","0","0","","0","0","0","","","0","N","0","","39 58:42.316","","0","75 07:07.620","9","0","0","0","67301","0","0","0","N","0","0","0","2","67301","0","","1.0","","1","N","N","N","0","","0","0","0","","0","","","2","0","1","0","0","0","1","2","0","2","","03","","N","","","","","","","","","",""
"2022073371","1142","2","0","0","0","0","0","0","0","0","4","0","","67","8","2022","5","39.922519","-75.145881","1142","6","0","0","0","0","0","0","0","0","","0","0","0","","","1","","1","","39 55:21.068","","0","75 08:45.172","3","0","0","0","67301","0","0","0","N","0","0","0","2","67301","0","","1.0","","1","N","N","N","0","","1","0","0","","3","","","2","1","2","0","0","0","0","2","0","2","","","","N","","","","","","","","","",""
"2022078329","1153","0","0","0","0","0","0","0","0","0","4","0","","67","8","2022","6","40.066414","-75.146908","1141","6","0","0","0","0","0","0","0","1","","0","0","0","","","0","","1","","40 03:59.090","","0","75 08:48.868","0","0","0","0","67301","0","0","0","N","0","0","0","3","67301","0","","1.0","","1","N","N","N","0","","0","0","3","","3","","","3","0","0","0","0","0","0","2","0","3","","03","","N","","","","","","","","","",""
"2022072322","0846","1","0","0","0","0","0","0","0","0","4","0","","67","8","2022","2","40.036787","-75.069235","0846","6","0","0","0","0","0","0","0","0","","0","0","0","","","2","","1","","40 02:12.433","","0","75 04:09.245","3","0","0","0","67301","0","0","0","N","0","0","0","3","67301","0","","1.0","","1","N","N","N","0","","2","0","0","","3","","","2","2","0","0","0","0","1","2","1","2","","04","","N","","","","","","","","","",""
"2022097352","0840","0","0","0","0","0","0","0","0","0","7","0","","67","9","2022","4","39.91062","-75.149078","0825","6","0","0","0","0","0","0","0","0","","0","0","0","","","1","","6","","39 54:38.233","","2","75 08:56.679","3","0","0","0","67301","0","0","0","N","0","0","0","1","68K01","0","","2.0","","9","N","N","N","0","","1","0","1","","0","","","1","1","0","0","0","0","0","2","0","1","","","","N","","","","","","","","","",""
"2022072852","1720","1","0","0","0","0","0","0","0","0","1","0","","67","8","2022","3","40.081442","-74.981789","1712","6","0","0","0","0","0","0","1","0","","0","0","0","","","1","N","0","","40 04:53.190","1","0","74 58:54.440","4","0","0","0","67301","0","0","0","N","0","0","0","1","67301","1","","6.0","100.0","1","N","N","N","0","","0","0","1","","0","N","","2","1","1","0","0","0","0","2","0","2","","03","","N","","","","","","","","","",""
"2022083577","1640","0","0","0","0","0","0","0","0","0","8","0","","67","9","2022","6","39.928942","-75.182194","1635","6","0","0","0","0","0","0","0","0","","0","0","0","","","1","N","0","","39 55:44.190","","0","75 10:55.900","2","0","0","1","67301","1","0","1","N","1","0","1","2","67301","0","","4.0","","1","N","N","N","0","","0","1","0","","0","","","2","1","0","0","0","0","1","2","0","1","","03","","N","","","","","","","","","",""
"2022097737","1321","0","0","0","0","0","0","0","0","0","1","0","","67","10","2022","2","39.957422","-75.158471","1314","6","0","0","0","0","1","0","0","0","","0","0","0","","","0","N","0","","39 57:26.720","4","0","75 09:30.495","0","0","0","0","67301","0","0","0","N","0","0","0","3","68K01","0","","1.0","1335.0","1","N","N","N","0","","0","0","2","","0","N","","2","0","0","0","0","0","0","2","0","2","","","","N","","","","","","","","","",""
"2022078366","2232","0","0","0","0","0","0","0","0","0","1","0","","67","8","2022","5","40.010868","-75.164805","2232","6","0","0","0","0","0","0","0","0","","0","0","0","","","1","N","0","","40 00:39.124","","0","75 09:53.299","2","0","0","0","67301","0","0","0","N","0","0","0","1","67301","0","","6.0","","1","N","N","N","0","","0","1","3","","0","","","3","1","0","0","0","0","0","2","0","3","","03","","N","","","","","","","","","",""
"2022091798","1737","0","0","0","0","0","0","0","0","0","1","0","","67","8","2022","2","39.898924","-75.168443","1720","6","0","0","0","0","0","1","0","0","","0","0","0","","","3","N","0","","39 53:56.125","","3","75 10:06.393","8","0","0","0","67301","0","0","0","N","0","0","0","6","68K01","0","","1.0","","1","N","N","N","1","","0","0","1","","0","","","2","3","0","0","0","3","0","2","0","2","","","","N","","","","","","","","","",""
"2022087228","0055","0","0","0","0","0","0","0","0","0","7","0","","67","9","2022","5","39.964101","-75.184298","0055","6","0","0","0","0","0","0","0","0","","0","0","0","","","1","","2","","39 57:50.764","","8","75 11:03.472","3","0","0","0","67301","0","0","0","N","0","0","0","2","67301","0","","4.0","","1","N","N","N","0","","1","0","1","","2","","","1","1","0","0","0","0","0","2","0","1","","03","","N","","","","","","","","","",""
"2022092000","0456","0","0","0","0","0","0","0","0","0","7","0","","67","10","2022","3","40.118242","-75.006886","0452","6","0","0","0","0","0","1","0","0","","0","0","0","","","1","N","0","","40 07:05.670","","0","75 00:24.790","3","0","0","0","67301","0","0","0","N","0","0","0","1","67301","0","","5.0","","9","N","N","N","1","","1","0","0","","0","","","1","1","0","0","0","0","0","2","0","1","","07","","N","","","","","","","","","",""
"2022077172","1515","1","0","0","0","0","0","0","0","0","1","0","","67","8","2022","1","39.958535","-75.168091","1501","6","0","0","0","0","0","0","0","0","","0","0","0","","","0","N","0","","39 57:30.727","","0","75 10:05.126","0","0","0","0","67301","0","0","0","N","0","0","0","3","68K01","0","","1.0","","1","N","N","N","0","","0","0","1","","0","","","2","0","0","0","0","0","0","2","0","2","","03","","N","","","","","","","","","",""
"2022076944","2257","0","0","0","0","0","0","0","0","0","7","0","","67","8","2022","3","39.885971","-75.213176","2244","6","0","0","0","0","0","0","0","0","","0","0","0","","","1","N","0","","39 53:09.497","1","3","75 12:47.433","8","0","0","0","67301","0","0","0","N","0","0","0","1","68K01","0","","2.0","2330.0","9","N","N","N","0","","0","0","1","","0","Y","","1","1","1","0","0","1","0","2","0","1","","07","","N","","","","","","","","","",""
"2022075970","0739","2","0","0","0","0","0","0","0","0","1","0","","67","8","2022","2","40.020439","-75.04293","0733","6","0","0","0","0","0","0","1","0","","0","0","0","","","1","N","0","","40 01:13.582","1","0","75 02:34.547","8","0","0","0","67301","0","0","0","N","0","0","0","4","68K01","0","","1.0","745.0","1","N","N","N","0","","0","0","1","","0","N","","4","1","0","0","0","1","0","2","1","4","","03","","N","","","","","","","","","",""
"2022083741","1125","2","0","0","0","0","0","0","0","0","2","0","","67","9","2022","2","39.904249","-75.164635","1121","6","0","0","0","0","0","1","0","0","","0","0","0","","","2","","1","","39 54:15.296","","0","75 09:52.687","4","0","0","0","67301","0","0","0","N","0","0","0","2","67301","2","","1.0","","1","N","N","N","0","","0","0","0","","2","","","2","2","0","0","0","0","0","2","0","2","","","","N","","","","","","","","","",""
"2022084658","0832","2","0","0","0","0","0","0","0","0","4","0","","67","9","2022","4","39.956562","-75.15133","0826","6","0","0","0","0","0","0","0","0","","0","0","0","","","1","","1","","39 57:23.624","1","0","75 09:04.788","3","0","0","0","67301","0","0","0","N","0","0","0","2","67301","0","","1.0","855.0","1","N","N","N","0","","1","0","0","","2","N","","2","1","0","0","0","0","0","2","0","2","","03","","N","","","","","","","","","",""
"2022074211","0845","2","0","0","0","0","0","0","0","0","4","0","","67","8","2022","7","40.031754","-75.142465","0845","6","0","0","0","0","1","0","0","0","","0","0","0","","","2","","1","","40 01:54.314","","0","75 08:32.873","3","0","0","0","67301","0","0","0","N","0","0","0","3","67301","0","","1.0","","1","N","N","N","0","","2","0","0","","3","","","2","2","0","0","0","0","1","2","0","2","","03","","N","","","","","","","","","",""
"2022075796","0400","1","0","0","0","0","0","0","0","0","4","0","","67","8","2022","7","39.970556","-75.149879","0349","6","0","0","0","0","0","0","0","0","","0","0","0","","","3","","1","","39 58:14.003","","0","75 08:59.563","3","0","0","0","67301","0","0","0","N","0","0","0","3","67301","2","","1.0","","1","N","N","N","0","","1","0","1","","2","","","2","3","0","0","0","0","0","2","0","2","","03","","N","","","","","","","","","",""
"2022091558","1445","1","0","0","0","0","0","0","0","0","4","0","","67","9","2022","6","39.976416","-75.119678","1445","6","0","0","0","0","0","1","0","0","","0","0","0","","","0","","1","","39 58:35.096","","0","75 07:10.841","0","0","0","0","67301","0","0","0","N","0","0","0","2","67301","0","","1.0","","99","N","N","N","0","","0","0","1","","2","","","2","0","0","0","0","0","0","2","0","2","","","","N","","","","","","","","","",""
"2022082303","0124","0","0","0","0","0","0","0","0","0","1","0","","67","9","2022","1","39.955381","-75.147957","0124","6","0","0","0","0","0","0","0","0","","0","0","0","","","1","","3","","39 57:19.370","4","2","75 08:52.644","2","0","0","0","67301","0","0","0","N","0","0","0","2","67501","0","","1.0","145.0","1","N","N","N","0","","0","1","0","","0","N","","2","1","0","0","0","0","1","2","0","2","","","","N","","","","","","","","","",""
"2022076943","2255","2","0","0","0","0","0","0","0","0","5","0","","67","8","2022","2","39.971262","-75.123505","2227","6","0","0","0","0","0","0","0","0","","0","0","0","","","0","N","0","","39 58:16.542","","3","75 07:24.617","9","0","0","0","67301","0","0","0","N","0","0","0","4","68K01","0","","1.0","","1","N","N","N","0","","0","0","0","","0","","","2","0","0","0","0","0","1","2","0","2","","03","","N","","","","","","","","","",""
"2022091926","1201","2","0","0","0","0","0","0","0","0","4","0","","67","10","2022","7","40.022428","-75.138008","1200","6","0","0","0","0","0","0","0","0","","0","0","0","","","0","N","0","","40 01:20.740","","0","75 08:16.830","0","0","0","0","67301","0","0","0","N","0","0","0","3","67301","0","","1.0","","99","N","N","N","0","","0","0","0","","0","","","2","0","0","0","0","0","0","2","0","2","","04","","N","","","","","","","","","",""
"2022077755","1940","2","0","0","0","0","0","0","0","0","4","0","","67","8","2022","3","39.913333","-75.15025","1940","6","0","0","0","0","0","0","0","0","","0","0","0","","","0","N","0","","39 54:48.000","","7","75 09:00.900","0","0","0","0","67301","0","0","0","N","0","0","0","2","67301","0","","1.0","","1","N","N","N","0","","0","0","0","","0","","","2","0","2","0","0","0","0","2","0","2","","","","N","","","","","","","","","",""
"2022096267","0019","1","0","0","0","0","0","0","0","0","1","0","","67","10","2022","4","39.94857","-75.185972","0011","6","0","0","0","0","0","0","1","0","","0","0","0","","","2","N","0","","39 56:54.851","","0","75 11:09.499","3","0","0","0","67301","0","0","0","N","0","0","0","3","68K01","0","","1.0","","1","N","N","N","0","","2","0","0","","0","","","2","2","0","0","0","0","1","2","0","2","","03","","N","","","","","","","","","",""
"2022097776","1903","2","0","0","0","0","0","0","0","0","4","0","","67","10","2022","1","40.021912","-75.069087","1902","6","0","0","0","0","0","0","0","0","","0","0","0","","","2","","1","","40 01:18.883","7","0","75 04:08.713","8","0","0","0","67301","0","0","0","N","0","0","0","4","67301","0","","1.0","1940.0","1","N","N","N","0","","0","0","0","","3","Y","","2","2","0","0","0","2","0","2","0","2","","03","","N","","","","","","","","","",""
"2022081471","0537","0","0","0","0","0","0","0","0","0","4","0","","67","9","2022","3","40.001585","-75.152798","0537","6","0","0","0","0","0","0","0","0","","0","0","0","","","1","","1","","40 00:05.705","1","0","75 09:10.074","8","0","0","0","67301","0","0","0","N","0","0","0","2","67505","0","","1.0","610.0","9","N","N","N","0","","0","0","2","","2","N","","2","1","0","0","0","1","0","2","0","2","","03","","N","","","","","","","","","",""
"2022083836","1529","1","0","0","0","0","0","0","0","0","8","0","10","67","9","2022","2","39.937492","-75.193608","1527","6","0","0","0","0","0","0","0","0","","0","0","0","","","1","","2","","39 56:14.971","","0","75 11:36.988","8","0","0","0","67301","1","0","0","N","1","0","0","2","67301","0","","1.0","","1","N","N","N","0","","0","0","0","","3","","","2","1","0","0","0","1","0","2","0","1","","","Y","Y","4","1","N","N","N","N","N","Y","N","Y"
"2022080560","2101","0","0","0","0","0","0","0","0","0","7","0","","67","9","2022","5","39.916292","-75.167574","2054","6","0","0","0","0","0","1","0","0","","0","0","0","","","1","","1","","39 54:58.650","3","0","75 10:03.268","3","0","0","0","67301","0","0","0","N","0","0","0","1","67301","0","","4.0","2300.0","1","N","N","N","0","","1","0","0","","2","N","","1","1","0","0","0","0","0","2","1","1","","03","","N","","","","","","","","","",""
"2022077349","1949","2","0","0","0","0","0","0","0","0","4","0","","67","8","2022","7","39.948517","-75.20568","1949","6","0","0","0","0","0","0","0","0","","0","0","0","","","2","","1","","39 56:54.661","","0","75 12:20.448","4","0","0","0","67301","0","0","0","N","0","0","0","5","67504","2","","1.0","","1","N","N","N","0","","0","0","0","","3","","","2","2","0","0","0","0","0","2","0","2","","","","N","","","","","","","","","",""
"2022073968","1058","2","0","0","0","0","0","0","0","0","4","0","","67","8","2022","6","40.056421","-75.053338","1052","6","0","0","0","0","0","0","0","2","","0","0","0","","","3","","1","","40 03:23.116","","0","75 03:12.018","8","0","0","0","67301","0","0","0","N","0","0","0","3","67301","0","","1.0","","1","N","N","N","0","","0","0","0","","2","","","2","3","0","0","0","3","0","2","0","2","","","","N","","","","","","","","","",""
"2022081516","0808","0","0","0","0","0","0","0","0","0","4","0","","67","9","2022","7","39.991086","-75.156907","0807","6","0","0","0","0","0","0","0","0","","0","0","0","","","2","","1","","39 59:27.909","","0","75 09:24.865","3","0","0","0","67301","0","0","0","N","0","0","0","4","67301","1","","1.0","","1","N","N","N","0","","1","0","2","","2","","","2","2","0","0","0","0","0","2","0","2","","03","","N","","","","","","","","","",""
"2022083597","0825","1","0","0","0","0","0","0","0","0","4","0","","67","9","2022","6","40.123541","-75.015353","0805","6","0","0","1","0","0","0","1","0","","0","0","0","","","1","","1","","40 07:24.748","","0","75 00:55.269","4","0","0","0","67301","0","0","0","N","0","0","0","2","67301","1","","1.0","","1","N","N","N","0","","0","0","1","","2","","","2","1","0","0","0","0","0","2","0","2","","","","N","","","","","","","","","",""
"2022087884","1852","1","0","0","0","0","0","0","0","0","1","0","","67","9","2022","6","40.024174","-75.031667","1837","6","0","0","0","0","0","0","1","0","","0","0","0","","","0","N","0","","40 01:27.025","","0","75 01:54.002","0","0","0","0","67301","0","0","0","N","0","0","0","7","68K01","0","","1.0","","1","N","N","N","0","","0","0","2","","0","","","3","0","0","0","0","0","0","2","0","3","","03","","N","","","","","","","","","",""
"2022075980","0311","1","0","0","0","0","0","0","0","0","5","0","","67","8","2022","5","39.960097","-75.179659","0256","6","0","0","0","0","0","0","0","0","","0","0","0","","","2","N","0","","39 57:36.350","4","3","75 10:46.771","8","0","0","0","67301","0","0","0","N","0","0","0","2","68K01","0","","1.0","45.0","1","N","N","N","0","","0","0","1","","0","Y","","2","2","0","0","0","2","0","2","0","2","","","","N","","","","","","","","","",""
"2022090453","0942","1","0","0","0","0","0","1","0","0","5","1","","67","9","2022","5","40.028225","-75.225339","0927","6","0","0","0","0","0","0","1","0","","0","0","0","","","1","N","0","","40 01:41.610","7","0","75 13:31.220","3","0","0","0","67301","0","0","0","N","0","0","0","10","67301","0","","6.0","1105.0","1","Y","N","N","0","","1","0","1","","0","Y","","3","1","0","0","0","0","0","2","0","3","","03","","N","","","","","","","","","",""
"2022075784","1955","2","0","0","0","0","0","0","0","0","4","0","","67","8","2022","5","39.99394","-75.14183","1950","6","0","0","0","0","0","1","0","0","","0","0","0","","","2","","1","","39 59:38.184","","0","75 08:30.587","2","0","0","0","67301","0","0","0","N","0","0","0","2","67301","0","","1.0","","1","N","N","N","0","","1","1","0","","2","","","2","2","0","0","0","0","0","2","0","2","","03","","N","","","","","","","","","",""
"2022079173","0156","2","0","0","0","0","0","0","0","0","1","0","","67","8","2022","7","39.987339","-75.155914","0155","6","0","0","0","0","0","0","0","0","","0","0","0","","","0","Y","0","","39 59:14.422","","0","75 09:21.289","9","0","0","0","67301","0","0","0","N","0","0","0","2","67301","0","","1.0","","1","N","N","N","0","","0","0","0","","2","","","2","0","0","0","0","0","2","2","0","2","","03","","N","","","","","","","","","",""
"2022097372","0854","2","0","0","0","0","0","0","0","0","1","0","","67","9","2022","4","39.961221","-75.182403","0854","6","0","0","0","0","0","0","0","0","","0","0","0","","","0","","7","","39 57:40.397","","2","75 10:56.651","0","0","0","0","67301","0","0","0","N","0","0","0","2","68K01","0","","1.0","","1","N","N","N","0","","0","0","0","","0","","","2","0","0","0","0","0","0","2","0","2","","03","","N","","","","","","","","","",""
"2022083997","2103","0","0","0","0","0","0","0","0","0","7","0","","67","9","2022","2","40.067897","-75.068178","2056","6","0","0","0","0","0","0","0","0","","0","0","0","","","1","N","0","","40 04:04.430","5","0","75 04:05.440","3","0","0","0","67301","0","0","0","N","0","0","0","1","67301","0","","5.0","2103.0","9","N","N","N","1","","1","0","0","","0","N","","1","1","0","0","0","0","0","2","0","1","","07","","N","","","","","","","","","",""
"2022081254","1311","4","0","0","0","0","0","0","0","0","5","0","","67","9","2022","5","39.928188","-75.16892","1307","6","0","0","0","0","0","0","0","0","","0","0","0","","","1","N","0","","39 55:41.478","","0","75 10:08.113","4","0","0","0","67301","0","0","0","N","0","0","0","2","67301","1","","4.0","","1","N","N","N","0","","0","0","0","","2","","","4","1","0","0","0","0","0","2","0","4","","","","N","","","","","","","","","",""
"2022080985","0726","0","0","0","0","0","0","0","0","0","4","0","","67","9","2022","1","40.007656","-75.151478","0725","6","0","0","0","0","0","0","0","0","","0","0","0","","","1","N","1","","40 00:27.560","5","0","75 09:05.322","8","0","0","0","67301","0","0","0","N","0","0","0","3","67505","0","","1.0","843.0","1","N","N","N","1","","0","0","2","","2","Y","","3","1","0","0","0","1","2","2","0","3","","03","","N","","","","","","","","","",""
"2022092152","2134","0","0","0","0","0","0","0","0","0","8","0","","67","10","2022","3","39.964959","-75.224574","2130","6","0","0","0","0","0","0","0","0","","0","0","0","","","1","","1","","39 57:53.852","","0","75 13:28.466","2","0","0","0","67301","1","0","1","N","1","0","1","1","67301","0","","9.0","","9","N","N","N","0","","0","1","0","","2","","","2","1","0","0","0","0","0","2","0","1","","04","","N","","","","","","","","","",""
"2022075869","1807","2","0","0","0","0","0","0","0","0","5","0","","67","8","2022","7","39.996625","-75.113239","1803","6","0","0","0","0","0","0","0","0","","0","0","0","","","1","N","0","","39 59:47.850","","1","75 06:47.660","3","0","0","0","67301","0","0","0","N","0","0","0","1","67301","0","","6.0","","1","N","N","N","0","","1","0","0","","0","","","2","1","0","0","0","0","0","2","0","2","","03","","N","","","","","","","","","",""
"2022097017","0135","0","0","0","0","0","0","0","0","0","4","0","","67","7","2022","5","39.975908","-75.240234","0135","6","0","0","0","0","0","0","0","0","","0","0","0","","","0","","1","","39 58:33.268","6","0","75 14:24.842","0","0","0","0","67301","0","0","0","N","0","0","0","2","67301","0","","1.0","345.0","1","N","N","N","0","","0","0","2","","2","Y","","2","0","0","0","0","0","0","2","0","2","","03","","N","","","","","","","","","",""
"2022075918","2217","1","0","0","0","0","0","0","0","0","4","0","","67","8","2022","5","40.011294","-75.106103","2211","6","0","0","0","0","0","1","0","0","","0","0","0","","","4","","1","","40 00:40.660","","0","75 06:21.970","8","0","0","0","67301","0","0","0","N","0","0","0","5","67301","0","","1.0","","1","N","N","N","0","","0","0","0","","2","","","2","4","0","0","0","4","1","2","1","2","","03","","N","","","","","","","","","",""
"2022085259","1750","1","0","0","0","0","0","0","0","0","4","0","","67","9","2022","4","39.92681","-75.24357","1747","6","0","0","0","0","0","0","0","0","","0","0","0","","","1","N","0","","39 55:36.515","","0","75 14:36.852","8","0","0","0","67301","0","0","0","N","0","0","0","8","67301","0","","1.0","","1","N","N","N","0","","0","0","3","","0","","","4","1","0","0","0","1","4","2","0","4","","","","N","","","","","","","","","",""
"2022083027","1502","1","0","0","0","0","0","0","0","0","5","0","","67","8","2022","2","39.877592","-75.252828","1440","6","0","0","0","0","0","0","0","0","","0","0","0","","","0","N","0","","39 52:39.332","","0","75 15:10.181","0","0","0","0","67301","0","0","0","N","0","0","0","2","68K01","0","","1.0","","1","N","N","N","0","","0","0","0","","0","","","2","0","0","0","0","0","0","2","0","2","","","","N","","","","","","","","","",""
"2022073947","0902","0","0","0","1","0","0","0","0","0","8","0","","67","8","2022","6","40.052302","-75.171589","0853","6","0","0","0","0","0","0","0","0","","0","0","0","","","1","N","0","","40 03:08.288","","0","75 10:17.719","3","0","0","0","67301","1","0","0","N","0","0","0","2","67301","0","","1.0","","1","N","N","N","0","","1","0","1","","0","","","2","1","1","0","0","0","1","2","0","1","","03","","N","","","","","","","","","",""
"2022076295","2320","1","0","0","0","0","0","0","0","0","5","0","","67","8","2022","6","39.956528","-75.231528","2320","6","0","0","0","0","0","0","0","0","","0","0","0","","","0","N","0","","39 57:23.500","","0","75 13:53.500","0","0","0","0","67301","0","0","0","N","0","0","0","1","67301","0","","6.0","","1","N","N","N","1","","0","0","0","","0","","","4","0","0","0","0","0","0","2","2","4","","03","","N","","","","","","","","","",""
"2022091236","1904","2","0","0","0","0","0","0","0","0","1","0","","67","8","2022","4","39.994402","-75.083961","1853","6","0","0","0","0","0","0","0","0","","0","0","0","","","0","N","0","","39 59:39.846","","0","75 05:02.260","0","0","0","0","67301","0","0","0","N","0","0","0","2","68K01","0","","1.0","","1","N","N","N","0","","0","0","0","","0","","","2","0","0","0","0","0","0","2","0","2","","","","N","","","","","","","","","",""
"2022096748","0830","1","0","0","0","0","0","0","0","0","2","0","","67","10","2022","7","39.981339","-75.174","0830","6","0","0","0","0","0","0","0","0","","0","0","0","","","0","","2","","39 58:52.820","","0","75 10:26.399","0","0","0","0","67301","0","0","0","N","0","0","0","2","67301","0","","1.0","","1","N","N","N","0","","0","0","0","","3","","","2","0","0","0","0","0","0","2","0","2","","03","","N","","","","","","","","","",""
"2022081217","1125","1","0","0","0","0","0","0","0","0","5","0","","67","9","2022","6","39.953411","-75.153092","1121","6","0","0","0","0","0","0","0","0","","0","0","0","","","2","N","0","","39 57:12.280","","0","75 09:11.130","3","0","0","0","67301","0","0","0","N","0","0","0","3","67301","0","","1.0","","1","N","N","N","0","","2","0","1","","0","","","2","2","0","0","0","0","0","2","0","2","","","","N","","","","","","","","","",""
"2022080859","0959","1","0","0","0","0","0","0","0","0","4","0","","67","9","2022","7","39.907243","-75.228027","0958","6","0","0","0","0","0","0","0","0","","0","0","0","","","1","","2","","39 54:26.074","","0","75 13:40.897","4","0","0","0","67301","0","0","0","N","0","0","0","2","67301","1","","1.0","","1","N","N","N","0","","0","0","1","","3","","","2","1","0","0","0","0","0","2","0","2","","03","","N","","","","","","","","","",""
"2022096238","2242","0","0","0","0","0","0","0","0","0","7","0","","67","10","2022","2","40.039068","-75.008464","2227","6","0","0","0","0","0","0","0","0","","0","0","0","","","0","N","0","","40 02:20.646","","0","75 00:30.469","0","0","0","0","67301","0","0","0","N","0","0","0","1","68K01","0","","4.0","","8","N","N","N","0","","0","0","0","","0","","","1","0","0","0","0","0","0","2","1","1","","","","N","","","","","","","","","",""
"2022083028","2053","1","0","0","0","0","0","0","0","0","7","0","","67","8","2022","2","39.943589","-75.142716","2049","6","0","1","0","0","0","0","0","0","","0","0","0","","","0","N","0","","39 56:36.919","1","0","75 08:33.779","9","0","0","0","67301","0","0","0","N","0","0","0","1","68K01","0","","4.0","2113.0","1","N","N","N","0","","0","0","0","","0","N","","1","0","0","0","0","0","1","2","0","1","","","","N","","","","","","","","","",""