"CRN","ARRIVAL_TM","AUTOMOBILE_COUNT","BELTED_DEATH_COUNT","BELTED_SUSP_SERIOUS_INJ_COUNT","BICYCLE_COUNT","BICYCLE_DEATH_COUNT","BICYCLE_SUSP_SERIOUS_INJ_COUNT","BUS_COUNT","CHLDPAS_DEATH_COUNT","CHLDPAS_SUSP_SERIOUS_INJ_COUNT","COLLISION_TYPE","COMM_VEH_COUNT","CONS_ZONE_SPD_LIM","COUNTY","CRASH_MONTH","CRASH_YEAR","DAY_OF_WEEK","DEC_LATITUDE","DEC_LONGITUDE","DISPATCH_TM","DISTRICT","DRIVER_COUNT_16YR","DRIVER_COUNT_17YR","DRIVER_COUNT_18YR","DRIVER_COUNT_19YR","DRIVER_COUNT_20YR","DRIVER_COUNT_50_64YR","DRIVER_COUNT_65_74YR","DRIVER_COUNT_75PLUS","EST_HRS_CLOSED","FATAL_COUNT","HEAVY_TRUCK_COUNT","HORSE_BUGGY_COUNT","HOUR_OF_DAY","ILLUMINATION","INJURY_COUNT","INTERSECTION_RELATED","INTERSECT_TYPE","LANE_CLOSED","LATITUDE","LN_CLOSE_DIR","LOCATION_TYPE","LONGITUDE","MAX_SEVERITY_LEVEL","MCYCLE_DEATH_COUNT","MCYCLE_SUSP_SERIOUS_INJ_COUNT","MOTORCYCLE_COUNT","MUNICIPALITY","NONMOTR_COUNT","NONMOTR_DEATH_COUNT","NONMOTR_SUSP_SERIOUS_INJ_COUNT","NTFY_HIWY_MAINT","PED_COUNT","PED_DEATH_COUNT","PED_SUSP_SERIOUS_INJ_COUNT","PERSON_COUNT","POLICE_AGCY","POSSIBLE_INJ_COUNT","RDWY_SURF_TYPE_CD","RELATION_TO_ROAD","ROADWAY_CLEARED","ROAD_CONDITION","SCH_BUS_IND","SCH_ZONE_IND","SECONDARY_CRASH","SMALL_TRUCK_COUNT","SPEC_JURIS_CD","SUSP_MINOR_INJ_COUNT","SUSP_SERIOUS_INJ_COUNT","SUV_COUNT","TCD_FUNC_CD","TCD_TYPE","TFC_DETOUR_IND","TIME_OF_DAY","TOTAL_UNITS","TOT_INJ_COUNT","UNBELTED_OCC_COUNT","UNB_DEATH_COUNT","UNB_SUSP_SERIOUS_INJ_COUNT","UNK_INJ_DEG_COUNT","UNK_INJ_PER_COUNT","URBAN_RURAL","VAN_COUNT","VEHICLE_COUNT","WEATHER1","WEATHER2","WORKERS_PRES","WORK_ZONE_IND","WORK_ZONE_LOC","WORK_ZONE_TYPE","WZ_CLOSE_DETOUR","WZ_FLAGGER","WZ_LAW_OFFCR_IND","WZ_LN_CLOSURE","WZ_MOVING","WZ_OTHER","WZ_SHLDER_MDN","WZ_WORKERS_INJ_KILLED"
"2022075814","1445","1","0","0","0","0","0","0","0","0","4","0","","67","8","2022","5","40.02262","-75.157387","1445","6","0","0","0","0","0","0","0","0","","0","0","0","","","1","","2","","40 01:21.432","","0","75 09:26.593","3","0","0","1","67301","0","0","0","N","0","0","0","2","67301","0","","1.0","","1","N","N","N","0","","1","0","0","","3","","","2","1","0","0","0","0","0","2","0","2","","03","","N","","","","","","","","","",""
"2022083637","2138","1","0","0","0","0","0","0","0","0","8","0","","67","9","2022","6","39.991114","-75.133059","2136","6","0","0","0","0","0","0","0","0","","0","0","0","","","2","N","0","","39 59:28.011","","0","75 07:59.013","3","0","0","0","67301","1","0","0","N","1","0","0","2","67301","0","","1.0","","1","N","N","N","0","","2","0","0","","0","","","2","2","0","0","0","0","0","2","0","1","","","","N","","","","","","","","","",""
"2022091582","2018","2","0","0","0","0","0","0","0","0","5","0","","67","9","2022","7","39.924558","-75.147104","2016","6","0","0","0","0","1","0","0","0","","0","0","0","","","2","N","0","","39 55:28.409","","3","75 08:49.574","4","0","0","0","67301","0","0","0","N","0","0","0","3","68K01","2","","1.0","","1","N","N","N","0","","0","0","1","","0","","","3","2","1","0","0","0","0","2","0","3","","","","N","","","","","","","","","",""
"2022074160","2125","0","0","0","0","0","0","0","0","0","4","0","","67","8","2022","4","39.956747","-75.217493","2122","6","0","0","0","0","0","0","0","0","","0","0","0","","","1","","1","","39 57:24.289","","0","75 13:02.974","3","0","0","1","67301","0","0","0","N","0","0","0","3","67301","0","","1.0","","1","N","N","N","0","","1","0","1","","3","","","2","1","0","0","0","0","0","2","0","2","","03","","N","","","","","","","","","",""
"2022082077","1849","1","0","0","0","0","0","0","0","0","8","0","","67","9","2022","6","40.027613","-75.096254","1842","6","0","0","0","0","0","0","0","0","","0","0","0","","","1","","1","","40 01:39.408","","0","75 05:46.513","3","0","0","0","67301","1","0","0","N","1","0","0","2","67301","0","","1.0","","1","N","N","N","0","","1","0","0","","0","","","2","1","0","0","0","0","0","2","0","1","","","","N","","","","","","","","","",""
"2022091581","1749","1","0","0","0","0","0","0","0","0","1","0","","67","9","2022","7","40.039375","-75.101325","1749","6","0","0","0","0","0","0","0","0","","0","0","0","","","0","N","0","","40 02:21.750","3","0","75 06:04.770","0","0","0","0","67301","0","0","0","N","0","0","0","2","68K01","0","","3.0","1840.0","1","N","N","N","1","","0","0","1","","0","N","","3","0","1","0","0","0","0","2","0","3","","","","N","","","","","","","","","",""
"2022072851","0857","2","0","0","0","0","0","0","0","0","1","0","","67","8","2022","3","40.06035","-75.009419","0844","6","0","0","0","0","0","0","1","0","","0","0","0","","","1","N","0","","40 03:37.260","","0","75 00:33.910","8","0","0","0","67301","0","0","0","N","0","0","0","2","67301","0","","6.0","","1","N","N","N","0","","0","0","0","","0","","","2","1","0","0","0","1","0","2","0","2","","03","","N","","","","","","","","","",""
"2022073677","1403","1","0","0","0","0","0","0","0","0","4","0","","67","8","2022","4","39.919533","-75.211664","1357","6","0","0","0","0","0","0","0","0","","0","0","0","","","2","N","0","","39 55:10.320","","0","75 12:41.990","3","0","0","0","67301","0","0","0","N","0","0","0","3","67301","0","","1.0","","1","N","N","N","0","","2","0","1","","0","","","2","2","0","0","0","0","0","2","0","2","","03","","N","","","","","","","","","",""
"2022073963","1706","0","0","0","1","0","0","0","0","0","8","0","","67","8","2022","3","40.016942","-75.137228","1706","6","0","0","0","0","0","0","1","0","","0","0","0","","","1","N","0","","40 01:00.990","","0","75 08:14.020","8","0","0","0","67301","1","0","0","N","0","0","0","2","67301","0","","1.0","","1","N","N","N","0","","0","0","1","","0","","","2","1","0","0","0","1","0","2","0","1","","","","N","","","","","","","","","",""
"2022083599","0127","1","0","0","0","0","0","0","0","0","7","0","","67","9","2022","1","40.098581","-75.047265","0125","6","0","0","0","0","0","0","0","0","","0","0","0","","","0","N","0","","40 05:54.892","","7","75 02:50.155","0","0","0","0","67301","0","0","0","N","0","0","0","1","67301","0","","5.0","","1","N","N","N","0","","0","0","0","","0","","","1","0","0","0","0","0","0","2","0","1","","03","","N","","","","","","","","","",""
"2022077871","1955","2","0","0","0","0","0","0","0","0","4","0","","67","8","2022","4","39.990003","-75.160369","1955","6","0","0","0","0","0","0","1","0","","0","0","0","","","2","","1","","39 59:24.010","","0","75 09:37.328","4","0","0","0","67301","0","0","0","N","0","0","0","2","67301","2","","1.0","","1","N","N","N","0","","0","0","0","","2","","","2","2","1","0","0","0","0","2","0","2","","03","","N","","","","","","","","","",""
"2022073806","1845","1","0","0","0","0","0","0","0","0","1","0","","67","8","2022","1","39.973389","-75.204417","1844","6","0","0","0","0","0","0","0","0","","0","0","0","","","1","N","0","","39 58:24.200","","0","75 12:15.900","3","0","0","0","67301","0","0","0","N","0","0","0","2","67301","0","","6.0","","1","N","N","N","0","","1","0","1","","0","","","2","1","0","0","0","0","1","2","0","2","","","","N","","","","","","","","","",""
"2022097578","1250","1","0","0","0","0","0","0","0","0","4","1","","67","9","2022","2","39.987821","-75.180584","1247","6","0","0","0","0","1","0","0","0","","0","1","0","","","2","","1","","39 59:16.154","","0","75 10:50.102","3","0","0","0","67301","0","0","0","N","0","0","0","3","67301","0","","1.0","","1","N","N","N","0","","2","0","0","","2","","","2","2","0","0","0","0","1","2","0","2","","03","","N","","","","","","","","","",""
"2022083553","0225","1","0","0","0","0","0","0","0","0","1","0","","67","9","2022","6","40.042895","-75.160638","0217","6","0","0","0","0","0","0","0","0","","0","0","0","","","0","N","0","","40 02:34.422","","0","75 09:38.297","9","0","0","0","67301","0","0","0","N","0","0","0","7","67301","0","","5.0","","1","N","N","N","0","","0","0","1","","0","","","2","0","0","0","0","0","7","2","0","2","","03","","N","","","","","","","","","",""
"2022097397","2106","0","0","0","0","0","0","0","0","0","1","0","45","67","10","2022","2","39.899136","-75.175773","2055","6","0","0","0","0","0","1","0","0","","0","0","0","","","1","N","0","","39 53:56.890","","0","75 10:32.782","3","0","0","0","67301","0","0","0","N","0","0","0","3","68K01","0","","1.0","","1","N","N","N","0","","1","0","2","","0","","","2","1","0","0","0","0","0","2","0","2","","03","Y","Y","3","2","N","N","Y","Y","N","N","N","N"
"2022095492","0203","1","0","0","0","0","0","0","0","0","5","0","","67","8","2022","3","39.982833","-75.252139","0201","6","0","0","0","0","0","0","0","0","","0","0","0","","","0","N","0","","39 58:58.200","5","0","75 15:07.700","0","0","0","0","67301","0","0","0","N","0","0","0","1","67301","0","","6.0","30.0","1","N","Y","N","1","","0","0","1","","0","Y","","3","0","0","0","0","0","0","2","0","3","","03","","N","","","","","","","","","",""
"2022081492","0524","1","0","0","0","0","0","0","0","0","5","0","45","67","8","2022","3","40.008997","-75.067891","0509","6","0","0","1","0","0","0","0","0","","0","0","0","","","2","N","0","","40 00:32.388","1","3","75 04:04.407","3","0","0","0","67301","0","0","0","Y","0","0","0","2","68K01","0","","1.0","610.0","1","N","N","N","0","","1","0","1","","0","N","","2","2","1","0","0","1","0","2","0","2","","","N","Y","2","1","","","N","","","","Y","N"
"2022073983","1220","1","0","0","0","0","0","0","0","0","1","0","","67","8","2022","6","40.023694","-75.196117","1207","6","0","0","0","0","0","0","1","0","","0","0","0","","","1","N","0","","40 01:25.300","2","0","75 11:46.020","3","0","0","1","67301","0","0","0","N","0","0","0","2","67301","0","","1.0","30.0","1","N","N","N","0","","1","0","0","","0","N","","2","1","0","0","0","0","0","2","0","2","","03","","N","","","","","","","","","",""
"2022090617","0412","2","0","0","0","0","0","1","0","0","4","1","","67","10","2022","7","40.015296","-75.155233","0410","6","0","0","0","0","1","0","0","0","","0","0","0","","","3","","2","","40 00:55.067","","0","75 09:18.839","3","0","0","0","67301","0","0","0","N","0","0","0","4","67301","0","","1.0","","9","N","N","N","0","","3","0","0","","2","","","3","3","3","0","0","0","0","2","0","3","","07","","N","","","","","","","","","",""
"2022090458","1642","2","0","0","0","0","0","0","0","0","4","0","","67","9","2022","6","39.944708","-75.165792","1642","6","0","0","0","0","0","0","0","0","","0","0","0","","","0","N","0","","39 56:40.950","4","0","75 09:56.850","0","0","0","0","67301","0","0","0","N","0","0","0","2","67301","0","","1.0","1730.0","1","N","N","N","0","","0","0","0","","0","N","","2","0","0","0","0","0","0","2","0","2","","","","N","","","","","","","","","",""
"2022081089","0955","1","0","0","0","0","0","0","0","0","5","0","","67","9","2022","1","39.922672","-75.161456","0951","6","0","0","0","0","0","0","0","0","","0","0","0","","","0","N","0","","39 55:21.620","","0","75 09:41.240","9","0","0","0","67301","0","0","0","N","0","0","0","1","67301","0","","6.0","","1","N","N","Y","2","","0","0","0","","0","","","4","0","0","0","0","0","1","2","1","4","","03","","N","","","","","","","","","",""
"2022097356","1922","0","0","0","0","0","0","0","0","0","7","0","","67","9","2022","1","39.890034","-75.219875","1922","6","0","0","0","0","0","0","0","0","","0","0","0","","","0","N","0","","39 53:24.124","2","0","75 13:11.550","0","0","0","0","67301","0","0","0","Y","0","0","0","1","68K01","0","","4.0","2030.0","9","N","N","N","0","","0","0","1","","0","Y","","1","0","0","0","0","0","0","2","0","1","","","","N","","","","","","","","","",""
"2022082141","2055","1","0","0","0","0","0","0","0","0","4","0","","67","9","2022","5","40.000959","-75.100054","2050","6","0","1","0","0","0","0","0","0","","0","0","0","","","3","","1","","40 00:03.453","3","0","75 06:00.194","3","0","0","0","67301","0","0","0","N","0","0","0","5","67301","0","","1.0","1000.0","1","N","N","N","0","","3","0","1","","2","N","","3","3","0","0","0","0","0","2","1","3","","03","","N","","","","","","","","","",""
"2022080262","1726","1","0","0","1","0","0","0","0","0","8","0","","67","8","2022","4","39.953618","-75.218152","1722","6","0","0","0","0","0","0","0","0","","0","0","0","","","1","","1","","39 57:13.024","","0","75 13:05.347","8","0","0","0","67301","1","0","0","N","0","0","0","2","67301","0","","1.0","","1","N","N","N","0","","0","0","0","","2","","","2","1","0","0","0","1","0","2","0","1","","","","N","","","","","","","","","",""
"2022084450","0022","1","0","0","0","0","0","0","0","0","7","0","","67","8","2022","2","39.98326","-75.208017","0019","6","0","0","0","0","0","0","0","0","","0","0","0","","","0","N","0","","39 58:59.736","4","0","75 12:28.860","9","0","0","0","67301","0","0","0","N","0","0","0","1","68K01","0","","3.0","106.0","9","N","N","N","0","","0","0","0","","0","N","","1","0","0","0","0","0","1","2","0","1","","07","","N","","","","","","","","","",""
"2022073906","0030","2","0","0","0","0","0","0","0","0","4","0","","67","8","2022","5","39.96999","-75.143093","0020","6","0","0","0","0","0","0","0","0","","0","0","0","","","0","","1","","39 58:11.965","","0","75 08:35.133","0","0","0","0","67301","0","0","0","N","0","0","0","2","67301","0","","1.0","","1","N","N","N","0","","0","0","0","","2","","","2","0","0","0","0","0","0","2","0","2","","03","","N","","","","","","","","","",""
"2022088706","0022","1","0","0","0","0","0","0","0","0","7","0","","67","9","2022","1","39.883644","-75.244731","2248","6","0","0","0","0","0","0","0","0","","0","0","0","","","0","N","0","","39 53:01.119","","0","75 14:41.031","9","0","0","0","67301","0","0","0","N","0","0","0","1","68K01","0","","4.0","","1","N","N","N","0","","0","0","0","","0","","","1","0","1","0","0","0","1","2","0","1","","","","N","","","","","","","","","",""
"2022078871","1140","2","0","2","0","0","0","0","0","0","4","0","","67","8","2022","7","40.067323","-75.008847","1138","6","0","0","0","0","0","0","0","0","","0","0","0","","","3","","1","","40 04:02.363","7","0","75 00:31.848","2","0","0","0","67301","0","0","0","N","0","0","0","3","67301","0","","1.0","100.0","1","N","N","N","0","","0","2","0","","3","N","","2","3","0","0","0","1","0","2","0","2","","03","","N","","","","","","","","","",""
"2022095567","0708","1","0","0","0","0","0","0","0","0","5","1","","67","10","2022","3","39.906722","-75.138444","0708","6","0","0","0","0","0","0","0","0","","0","1","0","","","1","N","0","","39 54:24.200","","3","75 08:18.400","3","0","0","0","67301","0","0","0","N","0","0","0","2","67501","0","","1.0","","1","N","N","N","0","","1","0","0","","0","","","2","1","0","0","0","0","0","2","0","2","","","","N","","","","","","","","","",""
"2022073982","1140","0","0","0","0","0","0","0","0","0","4","0","","67","8","2022","2","40.000779","-75.143381","1135","6","0","0","0","0","0","0","0","0","","0","0","0","","","4","","1","","40 00:02.806","","0","75 08:36.172","2","0","0","0","67301","0","0","0","N","0","0","0","7","67301","0","","1.0","","99","N","N","N","0","","3","1","4","","2","","","4","4","1","0","1","0","0","2","0","4","","03","","N","","","","","","","","","",""
"2022073200","0225","1","0","0","0","0","0","0","0","0","7","0","","67","8","2022","3","40.039458","-75.154157","0223","6","0","0","0","0","0","0","0","0","","0","0","0","","","0","N","0","","40 02:22.047","","0","75 09:14.965","0","0","0","0","67301","0","0","0","N","0","0","0","1","67301","0","","5.0","","1","N","N","N","0","","0","0","0","","0","","","1","0","0","0","0","0","0","2","0","1","","","","N","","","","","","","","","",""
"2022081865","0031","1","0","0","0","0","0","0","0","0","4","0","","67","9","2022","1","40.014674","-75.132323","0027","6","0","0","0","0","0","0","0","0","","0","0","0","","","0","","2","","40 00:52.826","","0","75 07:56.362","0","0","0","0","67301","0","0","0","N","0","0","0","3","67301","0","","1.0","","1","N","N","N","1","","0","0","1","","2","","","3","0","0","0","0","0","0","2","0","3","","03","","N","","","","","","","","","",""
"2022090927","0030","2","0","0","0","0","0","0","0","0","3","0","","67","9","2022","5","40.042718","-75.104609","0025","6","0","0","0","0","0","0","0","0","","0","0","0","","","1","N","0","","40 02:33.785","","0","75 06:16.591","3","0","0","0","67301","0","0","0","N","0","0","0","2","67301","0","","1.0","","9","N","N","N","0","","1","0","0","","0","","","2","1","1","0","0","0","1","2","0","2","","07","","N","","","","","","","","","",""
"2022084411","0059","1","0","0","0","0","0","0","0","0","2","0","","67","9","2022","1","39.956723","-75.198135","0058","6","0","0","0","0","0","0","0","0","","0","0","0","","","1","","1","","39 57:24.202","2","0","75 11:53.285","3","0","0","0","67301","0","0","0","N","0","0","0","3","67504","0","","1.0","110.0","9","N","N","N","0","","1","0","1","","2","Y","","2","1","0","0","0","0","0","2","0","2","","03","","N","","","","","","","","","",""
"2022077565","0900","1","0","0","0","0","0","0","0","0","4","0","","67","8","2022","5","39.961807","-75.226533","0857","6","0","0","0","0","0","0","0","0","","0","0","0","","","0","","1","","39 57:42.505","","0","75 13:35.518","0","0","0","0","67301","0","0","0","N","0","0","0","2","67301","0","","1.0","","1","N","N","N","0","","0","0","2","","3","","","3","0","0","0","0","0","0","2","0","3","","03","","N","","","","","","","","","",""
"2022081435","1730","2","0","0","0","0","0","0","0","0","4","0","","67","9","2022","2","40.045087","-75.158216","1723","6","0","0","0","0","0","0","0","0","","0","0","0","","","2","","1","","40 02:42.313","","0","75 09:29.577","3","0","0","0","67301","0","0","0","N","0","0","0","3","67301","0","","1.0","","1","N","N","N","0","","2","0","0","","2","","","2","2","0","0","0","0","0","2","0","2","","","","N","","","","","","","","","",""
"2022090380","1045","1","0","0","1","0","0","0","0","0","8","0","","67","9","2022","4","39.956361","-75.195838","1044","6","0","0","0","0","0","0","0","0","","0","0","0","","","1","N","0","","39 57:22.899","3","0","75 11:45.015","8","0","0","0","67301","1","0","0","N","0","0","0","2","67504","0","","1.0","1104.0","1","N","N","N","0","","0","0","0","","0","N","","2","1","0","0","0","1","0","2","0","1","","","","N","","","","","","","","","",""
"2022073022","1647","1","0","0","0","0","0","0","0","0","7","0","","67","8","2022","2","40.117608","-75.021644","1647","6","0","0","0","0","0","0","0","1","","0","0","0","","","1","N","0","","40 07:03.390","","0","75 01:17.920","3","0","0","0","67301","0","0","0","N","0","0","0","1","67301","0","","5.0","","1","N","N","N","0","","1","0","0","","0","","","1","1","0","0","0","0","0","2","0","1","","03","","N","","","","","","","","","",""
"2022097095","1620","0","0","0","0","0","0","0","0","0","1","0","","67","8","2022","6","39.952528","-75.189784","1616","6","0","0","0","0","0","0","1","0","","0","0","0","","","0","N","0","","39 57:09.099","","0","75 11:23.222","0","0","0","0","67301","0","0","0","N","0","0","0","3","67504","0","","1.0","","1","N","N","N","0","","0","0","2","","2","","","2","0","0","0","0","0","0","2","0","2","","03","","N","","","","","","","","","",""
"2022091594","1044","3","0","0","0","0","0","0","0","0","1","0","","67","9","2022","7","39.979344","-75.204061","1033","6","0","0","0","0","0","1","0","0","","0","0","0","","","0","N","0","","39 58:45.640","3","0","75 12:14.618","0","0","0","0","67301","0","0","0","N","0","0","0","7","68K01","0","","1.0","1105.0","1","N","N","N","1","","0","0","1","","0","N","","5","0","0","0","0","0","0","2","0","5","","03","","N","","","","","","","","","",""
"2022079781","0040","2","0","0","0","0","0","0","0","0","5","0","","67","8","2022","6","39.926167","-75.172636","0032","6","0","0","0","0","0","0","0","0","","0","0","0","","","0","N","0","","39 55:34.200","","0","75 10:21.490","0","0","0","0","67301","0","0","0","N","0","0","0","1","67301","0","","6.0","","1","N","N","N","0","","0","0","0","","0","","","2","0","0","0","0","0","0","2","0","2","","03","","N","","","","","","","","","",""
"2022090091","1958","2","0","0","0","0","0","0","0","0","5","0","","67","9","2022","7","39.989749","-75.250783","2235","6","0","0","0","0","0","0","0","0","","0","0","0","","","0","","2","","39 59:23.096","","0","75 15:02.818","0","0","0","0","67301","0","0","0","N","0","0","0","2","67301","0","","1.0","","1","N","N","N","0","","0","0","0","","2","","","2","0","0","0","0","0","0","2","0","2","","","","N","","","","","","","","","",""
"2022075760","1922","0","0","0","0","0","0","0","0","0","1","0","","67","8","2022","5","40.057853","-75.172267","1922","6","0","0","0","0","0","1","0","0","","0","0","0","","","1","N","0","","40 03:28.270","","0","75 10:20.160","8","0","0","0","67301","0","0","0","N","0","0","0","1","67301","0","","6.0","","1","N","N","N","0","","0","0","2","","0","","","2","1","0","0","0","1","0","2","0","2","","03","","N","","","","","","","","","",""
"2022073206","0040","0","0","0","0","0","0","0","0","0","6","0","","67","8","2022","4","40.057296","-75.000981","0032","6","0","0","0","0","0","1","0","0","","0","0","0","","","0","N","0","","40 03:26.265","","0","75 00:03.531","0","0","0","0","67301","0","0","0","N","0","0","0","1","67301","0","","6.0","","1","N","N","N","0","","0","0","2","","0","","","2","0","0","0","0","0","0","2","0","2","","03","","N","","","","","","","","","",""
"2022078429","1945","2","0","0","0","0","0","0","0","0","4","0","","67","8","2022","7","39.965046","-75.227659","1934","6","0","0","0","0","0","0","0","0","","0","0","0","","","1","","1","","39 57:54.165","","0","75 13:39.572","3","0","0","0","67301","0","0","0","N","0","0","0","2","67301","0","","1.0","","1","N","N","N","0","","1","0","0","","2","","","2","1","0","0","0","0","0","2","0","2","","","","N","","","","","","","","","",""
"2022073505","1611","1","0","0","0","0","0","0","0","0","4","0","","67","8","2022","5","40.11296","-75.023011","1611","6","0","0","0","0","0","1","0","1","","0","0","0","","","2","","1","","40 06:46.657","1","0","75 01:22.840","8","0","0","0","67301","0","0","0","N","0","0","0","2","67301","0","","1.0","1750.0","1","N","Y","N","0","","0","0","1","","2","Y","","2","2","0","0","0","2","0","2","0","2","","","","N","","","","","","","","","",""
"2022084564","1730","1","0","0","0","0","0","0","0","0","8","0","","67","9","2022","1","40.001585","-75.152798","1717","6","0","0","0","0","0","0","0","0","","0","0","0","","","1","","1","","40 00:05.705","","0","75 09:10.074","4","0","0","0","67301","1","0","0","N","1","0","0","2","67301","1","","1.0","","99","N","N","N","0","","0","0","0","","2","","","2","1","0","0","0","0","0","2","0","1","","03","","N","","","","","","","","","",""
"2022091726","0656","1","0","0","0","0","0","0","0","0","1","0","","67","8","2022","5","39.930911","-75.198936","0649","6","0","0","0","0","0","0","0","0","","0","0","0","","","3","N","0","","39 55:51.278","4","0","75 11:56.170","3","0","0","0","67301","0","0","0","N","0","0","0","7","68K01","0","","1.0","808.0","9","N","N","N","0","","3","0","4","","0","N","","6","3","0","0","0","0","0","2","1","6","","","","N","","","","","","","","","",""
"2022073506","0234","1","0","0","0","0","0","0","0","0","1","0","","67","8","2022","5","40.032248","-75.036836","0231","6","0","0","0","0","1","0","0","0","","0","0","0","","","0","","1","","40 01:56.091","","0","75 02:12.611","0","0","0","0","67301","0","0","0","N","0","0","0","2","67301","0","","1.0","","1","N","N","N","0","","0","0","1","","2","","","2","0","0","0","0","0","0","2","0","2","","03","","N","","","","","","","","","",""
"2022091629","1606","0","0","0","0","0","0","0","0","0","1","0","","67","9","2022","4","39.966241","-75.135559","1605","6","0","0","0","0","0","1","0","0","","0","0","0","","","0","N","0","","39 57:58.467","","0","75 08:08.014","0","0","0","0","67301","0","0","0","N","0","0","0","2","68K01","0","","1.0","","1","N","N","N","0","","0","0","2","","0","","","2","0","0","0","0","0","0","2","0","2","","","","N","","","","","","","","","",""
"2022091654","0625","0","0","0","0","0","0","0","0","0","7","0","","67","10","2022","2","39.977068","-75.199304","0614","6","0","0","0","0","0","0","0","0","","0","0","0","","","0","N","0","","39 58:37.444","","0","75 11:57.494","0","0","0","0","67301","0","0","0","N","0","0","0","1","68K01","0","","2.0","","9","N","N","N","0","","0","0","1","","0","","","1","0","0","0","0","0","0","2","0","1","","","","N","","","","","","","","","",""
"2022082123","1753","0","0","0","0","0","0","0","0","0","8","0","","67","9","2022","6","39.986132","-75.104242","1753","6","0","0","0","0","0","0","0","0","","0","0","0","","","1","N","0","","39 59:10.075","","0","75 06:15.272","3","0","0","0","67301","1","0","0","N","1","0","0","2","67301","0","","1.0","","1","N","N","N","1","","1","0","0","","0","","","2","1","1","0","0","0","0","2","0","1","","03","","N","","","","","","","","","",""
"2022073605","1340","0","0","0","0","0","0","0","0","0","7","0","","67","8","2022","4","40.022935","-75.087164","1335","6","0","0","0","1","0","0","0","0","","0","0","0","","","0","","1","","40 01:22.566","","0","75 05:13.790","0","0","0","0","67301","0","0","0","N","0","0","0","1","67301","0","","5.0","","1","N","N","Y","0","","0","0","1","","0","","","1","0","1","0","0","0","0","2","0","1","","","","N","","","","","","","","","",""
"2022097442","0056","2","0","0","0","0","0","0","0","0","4","0","","67","7","2022","6","39.984849","-75.237235","0055","6","0","0","0","0","0","0","0","0","","0","0","0","","","2","","5","","39 59:05.457","","0","75 14:14.047","8","0","0","0","67301","0","0","0","N","0","0","0","2","67301","0","","1.0","","1","N","N","N","1","","0","0","0","","2","","","3","2","0","0","0","2","0","2","0","3","","03","","N","","","","","","","","","",""
"2022097018","0049","0","0","0","0","0","0","0","0","0","2","0","","67","7","2022","1","39.965086","-75.240361","0049","6","0","0","0","0","0","0","0","0","","0","0","0","","","1","N","0","","39 57:54.310","","0","75 14:25.300","3","0","0","0","67301","0","0","0","N","0","0","0","2","67301","0","","1.0","","1","N","N","N","0","","1","0","2","","0","","","3","1","0","0","0","0","0","2","0","3","","03","","N","","","","","","","","","",""
"2022077756","1900","2","0","0","0","0","0","0","0","0","4","0","","67","8","2022","4","40.031922","-75.162919","1900","6","0","0","0","0","0","1","0","0","","0","0","0","","","0","","1","","40 01:54.919","","0","75 09:46.508","0","0","0","0","67301","0","0","0","N","0","0","0","2","67301","0","","1.0","","1","N","N","N","0","","0","0","0","","3","","","2","0","0","0","0","0","0","2","0","2","","","","N","","","","","","","","","",""
"2022097034","1742","2","0","0","0","0","0","0","0","0","4","0","","67","10","2022","1","39.969793","-75.141502","1740","6","0","0","0","0","0","0","0","0","","0","0","0","","","0","","1","","39 58:11.255","","0","75 08:29.406","9","0","0","0","67301","0","0","0","N","0","0","0","3","67301","0","","1.0","","1","N","N","N","0","","0","0","0","","2","","","2","0","2","0","0","0","2","2","0","2","","03","","N","","","","","","","","","",""
"2022084602","2006","1","0","0","0","0","0","0","0","0","5","1","","67","8","2022","5","39.948747","-75.14199","1955","6","0","0","0","0","0","0","1","0","","0","1","0","","","0","N","0","","39 56:55.488","","0","75 08:31.165","0","0","0","0","67301","0","0","0","N","0","0","0","2","68K01","0","","1.0","","1","N","N","N","0","","0","0","0","","0","","","3","0","0","0","0","0","0","2","0","2","","","","N","","","","","","","","","",""
"2022080555","0842","1","0","0","0","0","0","0","0","0","4","0","","67","9","2022","6","40.00468","-75.152126","0840","6","0","0","0","0","0","1","0","0","","0","0","0","","","1","","1","","40 00:16.847","4","0","75 09:07.652","4","0","0","0","67301","0","0","0","N","0","0","0","3","67505","1","","1.0","900.0","1","N","N","N","0","","0","0","1","","2","N","","2","1","0","0","0","0","1","2","0","2","","03","","N","","","","","","","","","",""
"2022072208","1833","1","0","0","1","0","0","0","0","0","8","0","","67","8","2022","3","39.961855","-75.157718","1829","6","0","0","0","0","0","1","0","0","","0","0","0","","","1","","5","","39 57:42.677","","0","75 09:27.784","4","0","0","0","67301","1","0","0","N","0","0","0","2","67301","1","","1.0","","1","N","N","N","0","","0","0","0","","2","","","2","1","0","0","0","0","0","2","0","1","","03","","N","","","","","","","","","",""
"2022072308","0846","3","0","0","0","0","0","0","0","0","1","0","","67","8","2022","7","39.924564","-75.23005","0845","6","0","0","0","0","0","0","0","0","","0","0","0","","","0","N","0","","39 55:28.430","","0","75 13:48.180","9","0","0","0","67301","0","0","0","N","0","0","0","1","67301","0","","6.0","","1","N","N","N","0","","0","0","0","","0","","","3","0","0","0","0","0","1","2","0","3","","03","","N","","","","","","","","","",""