"CRN","ARRIVAL_TM","AUTOMOBILE_COUNT","BELTED_DEATH_COUNT","BELTED_SUSP_SERIOUS_INJ_COUNT","BICYCLE_COUNT","BICYCLE_DEATH_COUNT","BICYCLE_SUSP_SERIOUS_INJ_COUNT","BUS_COUNT","CHLDPAS_DEATH_COUNT","CHLDPAS_SUSP_SERIOUS_INJ_COUNT","COLLISION_TYPE","COMM_VEH_COUNT","CONS_ZONE_SPD_LIM","COUNTY","CRASH_MONTH","CRASH_YEAR","DAY_OF_WEEK","DEC_LATITUDE","DEC_LONGITUDE","DISPATCH_TM","DISTRICT","DRIVER_COUNT_16YR","DRIVER_COUNT_17YR","DRIVER_COUNT_18YR","DRIVER_COUNT_19YR","DRIVER_COUNT_20YR","DRIVER_COUNT_50_64YR","DRIVER_COUNT_65_74YR","DRIVER_COUNT_75PLUS","EST_HRS_CLOSED","FATAL_COUNT","HEAVY_TRUCK_COUNT","HORSE_BUGGY_COUNT","HOUR_OF_DAY","ILLUMINATION","INJURY_COUNT","INTERSECTION_RELATED","INTERSECT_TYPE","LANE_CLOSED","LATITUDE","LN_CLOSE_DIR","LOCATION_TYPE","LONGITUDE","MAX_SEVERITY_LEVEL","MCYCLE_DEATH_COUNT","MCYCLE_SUSP_SERIOUS_INJ_COUNT","MOTORCYCLE_COUNT","MUNICIPALITY","NONMOTR_COUNT","NONMOTR_DEATH_COUNT","NONMOTR_SUSP_SERIOUS_INJ_COUNT","NTFY_HIWY_MAINT","PED_COUNT","PED_DEATH_COUNT","PED_SUSP_SERIOUS_INJ_COUNT","PERSON_COUNT","POLICE_AGCY","POSSIBLE_INJ_COUNT","RDWY_SURF_TYPE_CD","RELATION_TO_ROAD","ROADWAY_CLEARED","ROAD_CONDITION","SCH_BUS_IND","SCH_ZONE_IND","SECONDARY_CRASH","SMALL_TRUCK_COUNT","SPEC_JURIS_CD","SUSP_MINOR_INJ_COUNT","SUSP_SERIOUS_INJ_COUNT","SUV_COUNT","TCD_FUNC_CD","TCD_TYPE","TFC_DETOUR_IND","TIME_OF_DAY","TOTAL_UNITS","TOT_INJ_COUNT","UNBELTED_OCC_COUNT","UNB_DEATH_COUNT","UNB_SUSP_SERIOUS_INJ_COUNT","UNK_INJ_DEG_COUNT","UNK_INJ_PER_COUNT","URBAN_RURAL","VAN_COUNT","VEHICLE_COUNT","WEATHER1","WEATHER2","WORKERS_PRES","WORK_ZONE_IND","WORK_ZONE_LOC","WORK_ZONE_TYPE","WZ_CLOSE_DETOUR","WZ_FLAGGER","WZ_LAW_OFFCR_IND","WZ_LN_CLOSURE","WZ_MOVING","WZ_OTHER","WZ_SHLDER_MDN","WZ_WORKERS_INJ_KILLED"
"2022072211","1336","0","0","0","0","0","0","0","0","0","4","0","","67","8","2022","3","40.081818","-75.030469","1331","6","0","0","0","0","0","0","0","1","","0","0","0","","","1","","1","","40 04:54.545","","0","75 01:49.687","3","0","0","1","67301","0","0","0","N","0","0","0","2","67301","0","","1.0","","1","N","N","N","0","","1","0","1","","2","","","2","1","0","0","0","0","0","2","0","2","","03","","N","","","","","","","","","",""
"2022070551","1638","2","0","0","0","0","0","0","0","0","1","0","","67","8","2022","2","39.917477","-75.212791","1638","6","0","0","0","0","0","0","0","0","","0","0","0","","","0","N","0","","39 55:02.918","3","0","75 12:46.047","0","0","0","0","67301","0","0","0","N","0","0","0","1","67301","0","","1.0","1700.0","1","N","N","N","0","","0","0","0","","0","N","","2","0","0","0","0","0","0","2","0","2","","","","N","","","","","","","","","",""
"2022076271","0800","0","0","0","0","0","0","0","0","0","7","0","","67","8","2022","2","39.999544","-75.14655","0754","6","0","0","0","0","0","0","0","0","","0","0","0","","","1","N","0","","39 59:58.360","","0","75 08:47.580","2","0","0","0","67301","0","0","0","N","0","0","0","1","67301","0","","4.0","","1","N","N","N","0","","0","1","1","","0","","","1","1","0","0","0","0","0","2","0","1","","03","","N","","","","","","","","","",""
"2022072198","1339","1","0","0","0","0","0","0","0","0","4","0","","67","8","2022","5","40.028647","-75.095228","1334","6","0","0","0","0","0","0","0","2","","0","0","0","","","2","N","0","","40 01:43.130","","7","75 05:42.820","3","0","0","0","67301","0","0","0","N","0","0","0","3","67301","0","","1.0","","1","N","N","Y","1","","2","0","1","","0","","","3","2","0","0","0","0","0","2","0","3","","","","N","","","","","","","","","",""
"2022081857","2249","2","0","0","0","0","0","0","0","0","5","0","","67","8","2022","3","39.996838","-75.15383","2245","6","0","0","1","0","0","0","0","0","","0","0","0","","","1","","1","","39 59:48.618","","0","75 09:13.788","3","0","0","0","67301","0","0","0","N","0","0","0","3","67301","0","","1.0","","1","N","N","N","0","","1","0","0","","2","","","2","1","0","0","0","0","0","2","0","2","","03","","N","","","","","","","","","",""
"2022081540","1851","1","0","0","0","0","0","0","0","0","7","0","","67","9","2022","2","39.993663","-75.199379","1851","6","0","0","0","0","0","0","0","0","","0","0","0","","","1","N","0","","39 59:37.187","4","0","75 11:57.764","3","0","0","0","67301","0","0","0","N","0","0","0","1","68K01","0","","2.0","1720.0","1","N","N","N","0","","1","0","0","","0","N","","1","1","1","0","0","0","0","2","0","1","","","","N","","","","","","","","","",""
"2022072228","0755","2","0","0","0","0","0","0","0","0","4","0","","67","8","2022","4","39.935845","-75.234142","0750","6","0","0","0","0","0","0","0","0","","0","0","0","","","1","","2","","39 56:09.042","","0","75 14:02.911","8","0","0","0","67301","0","0","0","N","0","0","0","3","67301","0","","1.0","","1","N","N","N","0","","0","0","0","","3","","","2","1","0","0","0","1","1","2","0","2","","","","N","","","","","","","","","",""
"2022072261","2102","2","0","0","0","0","0","0","0","0","5","0","","67","8","2022","7","39.971162","-75.225777","2101","6","0","0","0","0","1","0","0","0","","0","0","0","","","1","N","0","","39 58:16.184","","0","75 13:32.797","3","0","0","0","67301","0","0","0","N","0","0","0","2","67301","0","","1.0","","1","N","N","N","0","","1","0","0","","0","","","2","1","0","0","0","0","0","2","0","2","","03","","N","","","","","","","","","",""
"2022075780","1819","1","0","0","0","0","0","0","0","0","8","0","","67","8","2022","2","39.974722","-75.173667","1811","6","0","0","0","0","0","0","0","0","","0","0","0","","","1","N","0","","39 58:29.000","","0","75 10:25.200","4","0","0","0","67301","1","0","0","N","1","0","0","3","67301","1","","1.0","","1","N","N","N","0","","0","0","0","","0","","","2","1","0","0","0","0","0","2","0","1","","03","","N","","","","","","","","","",""
"2022078808","1048","1","0","0","0","0","0","0","0","0","7","0","","67","8","2022","2","40.05126","-74.989139","1032","6","0","0","0","0","0","0","0","0","","0","0","0","","","0","N","0","","40 03:04.535","","0","74 59:20.901","0","0","0","0","67301","0","0","0","N","0","0","0","5","68K01","0","","2.0","","1","N","N","N","0","","0","0","0","","0","","","3","0","1","0","0","0","0","2","2","3","","","","N","","","","","","","","","",""
"2022080700","1515","0","0","0","0","0","0","0","0","0","0","0","","67","8","2022","1","39.93249","-75.200023","1437","6","0","0","0","0","0","0","0","0","","1","0","0","","","0","N","0","","39 55:56.963","4","0","75 12:00.083","1","1","0","1","67301","0","0","0","N","0","0","0","1","68K01","0","2","1.0","1710.0","1","N","N","N","0","0","0","0","0","","0","Y","","1","0","0","0","0","0","0","2","0","1","","","","N","","","","","","","","","",""
"2022072384","2250","3","0","0","0","0","0","0","0","0","5","0","","67","8","2022","7","39.989281","-75.160539","2236","6","0","0","0","0","0","0","0","0","","0","0","0","","","0","N","0","","39 59:21.410","2","0","75 09:37.940","9","0","0","0","67301","0","0","0","N","0","0","0","1","67301","0","","6.0","1200.0","1","N","N","N","0","","0","0","2","","0","Y","","5","0","0","0","0","0","1","2","0","5","","03","","N","","","","","","","","","",""
"2022082413","2159","2","0","0","0","0","0","0","0","0","4","0","","67","7","2022","2","40.003105","-75.177252","2159","6","0","0","0","0","0","1","0","0","","0","0","0","","","2","","1","","40 00:11.177","7","0","75 10:38.108","2","0","0","0","67301","0","0","0","N","0","0","0","2","68K01","0","","1.0","100.0","1","N","Y","N","0","","1","1","0","","2","Y","","2","2","0","0","0","0","0","2","0","2","","03","","N","","","","","","","","","",""
"2022085583","1635","2","0","0","0","0","0","0","0","0","1","0","","67","9","2022","5","40.114839","-74.988664","1615","6","0","0","0","0","0","0","0","0","","0","0","0","","","1","N","0","","40 06:53.420","","0","74 59:19.190","3","0","0","0","67301","0","0","0","N","0","0","0","3","67301","0","","1.0","","1","N","N","N","0","","1","0","1","","0","","","3","1","0","0","0","0","0","2","0","3","","","","N","","","","","","","","","",""
"2022080536","0931","1","0","0","0","0","0","0","0","0","4","0","","67","7","2022","7","40.022673","-75.13676","0931","6","0","0","0","0","0","0","0","0","","0","0","0","","","0","","1","","40 01:21.624","","0","75 08:12.337","0","0","0","0","67301","0","0","0","N","0","0","0","2","67301","0","","1.0","","99","N","N","N","0","","0","0","1","","2","","","2","0","0","0","0","0","0","2","0","2","","03","","N","","","","","","","","","",""
"2022081499","0833","1","0","0","0","0","0","0","0","0","1","0","","67","8","2022","4","39.980581","-75.205736","0823","6","0","1","0","0","0","0","0","0","","0","0","0","","","0","N","0","","39 58:50.091","4","0","75 12:20.651","0","0","0","0","67301","0","0","0","N","0","0","0","3","68K01","0","","1.0","643.0","1","N","N","N","0","","0","0","1","","0","N","","2","0","0","0","0","0","0","2","0","2","","","","N","","","","","","","","","",""
"2022075756","1345","1","0","0","0","0","0","0","0","0","3","0","","67","8","2022","7","39.958057","-75.165272","1345","6","0","0","0","0","0","1","0","0","","0","0","0","","","0","N","0","","39 57:29.004","","0","75 09:54.979","0","0","0","0","67301","0","0","0","N","0","0","0","2","67301","0","","1.0","","1","N","N","N","0","","0","0","1","","0","","","2","0","0","0","0","0","0","2","0","2","","03","","N","","","","","","","","","",""
"2022075640","1828","1","0","0","0","0","0","0","0","0","1","0","","67","8","2022","3","39.982685","-75.100282","1813","6","0","0","0","0","0","0","0","0","","0","0","0","","","0","N","0","","39 58:57.666","","2","75 06:01.015","0","0","0","0","67301","0","0","0","N","0","0","0","3","68K01","0","","1.0","","1","N","N","N","0","","0","0","1","","0","","","3","0","0","0","0","0","0","2","1","3","","","","N","","","","","","","","","",""
"2022075765","0554","0","0","0","0","0","0","0","0","0","4","0","","67","8","2022","3","40.046241","-75.166071","0552","6","0","0","0","0","0","1","0","0","","0","0","0","","","2","","1","","40 02:46.469","","0","75 09:57.857","8","0","0","0","67301","0","0","0","N","0","0","0","2","67301","0","","1.0","","1","N","N","N","0","","0","0","2","","3","","","2","2","0","0","0","2","0","2","0","2","","","","N","","","","","","","","","",""
"2022080184","1235","0","0","0","1","0","0","0","0","0","8","0","","67","8","2022","4","39.938719","-75.224301","1230","6","0","0","0","0","0","0","1","0","","0","0","0","","","1","","1","","39 56:19.388","","0","75 13:27.483","3","0","0","0","67301","1","0","0","N","0","0","0","2","67301","0","","1.0","","1","N","N","N","0","","1","0","1","","2","","","2","1","0","0","0","0","0","2","0","1","","","","N","","","","","","","","","",""
"2022081594","0908","0","0","0","0","0","0","0","0","0","7","1","","67","9","2022","6","39.88625","-75.218083","0903","6","0","0","0","0","0","1","0","0","","0","1","0","","","1","N","0","","39 53:10.500","6","0","75 13:05.100","3","0","0","0","67301","0","0","0","N","0","0","0","1","67301","0","","4.0","1300.0","1","N","N","N","0","","1","0","0","","0","N","","1","1","0","0","0","0","0","2","0","1","","03","","N","","","","","","","","","",""
"2022086494","0706","3","0","0","0","0","0","0","0","0","5","1","","67","8","2022","2","39.947993","-75.142138","0706","6","0","0","0","0","1","0","1","0","","0","0","0","","","2","N","0","","39 56:52.775","","0","75 08:31.695","3","0","0","0","67301","0","0","0","N","0","0","0","3","68K01","0","","1.0","","1","N","N","N","0","","2","0","0","","0","","","3","2","0","0","0","0","0","2","0","3","","03","","N","","","","","","","","","",""
"2022075799","1700","0","0","0","0","0","0","0","0","0","1","0","","67","8","2022","2","39.988793","-75.127362","1655","6","0","0","0","0","0","1","1","0","","0","0","0","","","2","","5","","39 59:19.655","","1","75 07:38.503","3","0","0","0","67301","0","0","0","N","0","0","0","3","67301","0","","1.0","","1","N","N","N","0","","2","0","1","","2","","","2","2","0","0","0","0","0","2","1","2","","","","N","","","","","","","","","",""
"2022082641","1524","1","0","0","0","0","0","0","0","0","1","0","","67","8","2022","5","39.958464","-75.167497","1524","6","0","0","0","0","1","1","0","0","","0","0","0","","","1","N","0","","39 57:30.472","","0","75 10:02.989","3","0","0","0","67301","0","0","0","N","0","0","0","5","68K01","0","","1.0","","1","N","N","N","1","","1","0","0","","0","","","3","1","0","0","0","0","0","2","1","3","","03","","N","","","","","","","","","",""
"2022079773","1616","1","0","0","0","0","0","0","0","0","1","1","","67","8","2022","2","39.91113","-75.16246","1615","6","0","0","0","0","0","0","0","0","","0","1","0","","","1","N","0","","39 54:40.067","4","3","75 09:44.855","2","0","0","0","67301","0","0","0","N","0","0","0","3","67501","0","","1.0","1711.0","1","N","N","N","0","","0","1","1","","0","Y","","3","1","1","0","1","0","0","2","0","3","","03","","N","","","","","","","","","",""
"2022076158","1846","2","0","0","0","0","0","0","0","0","4","0","","67","8","2022","3","39.991664","-75.137323","1836","6","0","0","0","0","0","0","0","0","","0","0","0","","","3","","1","","39 59:29.991","4","0","75 08:14.364","3","0","0","0","67301","0","0","0","N","0","0","0","4","67301","0","","1.0","1930.0","1","N","N","Y","0","","3","0","1","","0","N","","3","3","0","0","0","0","0","2","0","3","","03","","N","","","","","","","","","",""
"2022075645","2218","0","0","0","0","0","0","0","0","0","1","0","45","67","8","2022","4","39.898937","-75.168334","2218","6","0","0","0","0","0","0","0","0","","0","0","0","","","1","N","0","","39 53:56.173","","3","75 10:06.001","8","0","0","1","67301","0","0","0","N","0","0","0","2","68K01","0","","1.0","","1","N","N","N","0","","0","0","0","","0","","","2","1","0","0","0","1","0","2","1","2","","03","Y","Y","4","2","N","N","Y","Y","N","N","N","N"
"2022081501","0840","0","0","0","0","0","0","0","0","0","1","0","","67","8","2022","6","39.957569","-75.159575","0830","6","0","0","0","0","0","1","0","0","","0","0","0","","","1","N","0","","39 57:27.248","4","0","75 09:34.469","8","0","0","0","67301","0","0","0","N","0","0","0","4","68K01","0","","1.0","920.0","1","N","N","N","0","","0","0","2","","0","N","","2","1","1","0","0","1","0","2","0","2","","03","","N","","","","","","","","","",""
"2022075769","0746","2","0","0","0","0","0","0","0","0","1","0","","67","8","2022","2","40.035385","-75.049764","0726","6","0","0","0","0","0","0","0","0","","0","0","0","","","2","","1","","40 02:07.385","","0","75 02:59.150","4","0","0","0","67301","0","0","0","N","0","0","0","4","67301","2","","1.0","","1","N","N","N","0","","0","0","0","","2","","","2","2","4","0","0","0","0","2","0","2","","","","N","","","","","","","","","",""
"2022082586","0720","1","0","0","0","0","0","0","0","0","1","0","","67","8","2022","6","39.898093","-75.183319","0711","6","0","0","0","0","0","0","0","0","","0","0","0","","","0","N","0","","39 53:53.133","","0","75 10:59.950","0","0","0","0","67301","0","0","0","N","0","0","0","2","68K01","0","","1.0","","1","N","N","N","1","","0","0","0","","0","","","2","0","0","0","0","0","0","2","0","2","","03","","N","","","","","","","","","",""
"2022072783","1319","0","0","0","0","0","0","0","0","0","4","0","","67","8","2022","6","39.99218","-75.233706","1314","6","0","0","0","0","0","0","1","0","","0","0","0","","","0","","1","","39 59:31.848","","0","75 14:01.341","0","0","0","0","67301","0","0","0","N","0","0","0","3","67301","0","","1.0","","1","N","N","N","0","","0","0","2","","2","","","2","0","0","0","0","0","0","2","0","2","","","","N","","","","","","","","","",""
"2022072301","0159","3","0","0","0","0","0","0","0","0","5","0","","67","8","2022","1","39.998317","-75.175203","0156","6","0","0","0","0","0","0","0","0","","0","0","0","","","0","N","0","","39 59:53.940","1","0","75 10:30.730","0","0","0","0","67301","0","0","0","N","0","0","0","1","67301","0","","1.0","300.0","1","N","N","N","0","","0","0","2","","0","Y","","5","0","0","0","0","0","0","2","0","5","","","","N","","","","","","","","","",""
"2022074345","2332","1","0","0","0","0","0","0","0","0","4","0","","67","8","2022","1","40.040424","-75.065534","2327","6","0","0","0","0","0","0","0","0","","0","0","0","","","0","","5","","40 02:25.526","","0","75 03:55.923","0","0","0","0","67301","0","0","0","N","0","0","0","2","67301","0","","1.0","","1","N","N","N","0","","0","0","1","","2","","","2","0","0","0","0","0","0","2","0","2","","","","N","","","","","","","","","",""
"2022072230","1750","0","0","0","0","0","0","0","0","0","2","0","","67","8","2022","7","39.935054","-75.235204","1745","6","0","0","0","0","0","1","0","0","","0","0","0","","","2","N","0","","39 56:06.194","","0","75 14:06.736","2","0","0","0","67301","0","0","0","N","0","0","0","3","67301","0","","1.0","","1","N","N","N","0","","0","1","1","","0","","","2","2","0","0","0","1","0","2","1","2","","03","","N","","","","","","","","","",""
"2022072257","1215","0","0","0","0","0","0","0","0","0","4","0","","67","8","2022","4","39.952435","-75.242751","1208","6","0","0","0","0","0","1","0","0","","0","0","0","","","1","","1","","39 57:08.766","","0","75 14:33.903","8","0","0","0","67301","0","0","0","N","0","0","0","3","67301","0","","1.0","","1","N","N","N","1","","0","0","1","","2","","","2","1","0","0","0","1","2","2","0","2","","03","","N","","","","","","","","","",""
"2022075748","1250","0","0","0","0","0","0","0","0","0","4","0","","67","8","2022","7","39.950098","-75.164001","1250","6","0","0","0","0","0","0","0","0","","0","0","0","","","0","","1","","39 57:00.353","","0","75 09:50.402","0","0","0","0","67301","0","0","0","N","0","0","0","2","67301","0","","1.0","","1","N","N","N","0","","0","0","2","","2","","","2","0","0","0","0","0","0","2","0","2","","03","","N","","","","","","","","","",""
"2022072278","2205","0","0","0","0","0","0","0","0","0","7","0","","67","8","2022","2","40.004006","-75.105661","2154","6","0","0","0","0","0","0","0","0","","0","0","0","","","1","N","0","","40 00:14.420","","0","75 06:20.380","3","0","0","0","67301","0","0","0","N","0","0","0","1","67301","0","","4.0","","1","N","N","N","0","","1","0","1","","0","","","1","1","1","0","0","0","0","2","0","1","","","","N","","","","","","","","","",""
"2022072234","1245","0","0","0","0","0","0","0","0","0","4","0","","67","8","2022","5","40.063523","-75.169834","1245","6","0","0","0","0","0","0","0","0","","0","0","0","","","1","","1","","40 03:48.682","","0","75 10:11.404","3","0","0","0","67301","0","0","0","N","0","0","0","2","67301","0","","1.0","","1","N","N","N","0","","1","0","0","","2","","","2","1","0","0","0","0","1","2","2","2","","03","","N","","","","","","","","","",""
"2022072279","1310","1","0","0","0","0","0","0","0","0","1","0","","67","8","2022","3","39.987237","-75.108782","1310","6","0","0","0","0","0","1","0","0","","0","0","0","","","0","","1","","39 59:14.052","","0","75 06:31.614","0","0","0","0","67301","0","0","0","N","0","0","0","2","67301","0","","1.0","","1","N","N","N","0","","0","0","2","","2","","","3","0","2","0","0","0","0","2","0","3","","03","","N","","","","","","","","","",""
"2022072196","1615","0","0","0","0","0","0","0","0","0","8","0","","67","8","2022","4","40.045222","-75.094111","1610","6","0","0","0","0","0","0","0","0","","0","0","0","","","1","N","0","","40 02:42.800","","0","75 05:38.800","8","0","0","0","67301","1","0","0","N","1","0","0","2","67301","0","","4.0","","1","N","N","N","0","","0","0","1","","0","","","2","1","1","0","0","1","0","2","0","1","","","","N","","","","","","","","","",""
"2022081495","0820","1","0","0","0","0","0","0","0","0","1","0","","67","8","2022","3","39.974647","-75.118016","0820","6","0","0","0","0","0","0","0","0","","0","0","0","","","0","N","0","","39 58:28.730","","0","75 07:04.856","9","0","0","0","67301","0","0","0","N","0","0","0","2","68K01","0","","1.0","","1","N","N","N","0","","0","0","0","","0","","","2","0","0","0","0","0","1","2","0","2","","03","","N","","","","","","","","","",""
"2022072192","1306","1","0","0","1","0","0","0","0","0","8","0","","67","8","2022","2","39.927833","-75.18675","1305","6","0","0","0","0","0","1","0","0","","0","0","0","","","1","N","0","","39 55:40.200","","0","75 11:12.300","3","0","0","0","67301","1","0","0","N","0","0","0","2","67301","0","","1.0","","1","N","Y","N","0","","1","0","0","","0","","","2","1","0","0","0","0","0","2","0","1","","04","","N","","","","","","","","","",""
"2022072193","1101","1","0","0","0","0","0","0","0","0","8","0","","67","8","2022","6","39.924017","-75.186596","1100","6","0","0","0","0","0","1","0","0","","0","0","0","","","1","","1","","39 55:26.461","","0","75 11:11.745","4","0","0","0","67301","1","0","0","N","1","0","0","2","67301","1","","1.0","","1","N","N","N","0","","0","0","0","","3","","","2","1","0","0","0","0","0","2","0","1","","03","","N","","","","","","","","","",""
"2022087352","0810","2","0","0","0","0","0","0","0","0","4","0","","67","9","2022","5","40.046049","-75.025886","0751","6","0","0","1","0","0","0","0","0","","0","0","0","","","1","","1","","40 02:45.776","","0","75 01:33.189","8","0","0","0","67301","0","0","0","N","0","0","0","2","67301","0","","1.0","","1","N","N","N","0","","0","0","0","","0","","","2","1","1","0","0","1","0","2","0","2","","","","N","","","","","","","","","",""
"2022076058","1424","1","0","0","0","0","0","0","0","0","6","0","","67","8","2022","3","39.915853","-75.239351","1422","6","0","0","0","0","0","0","0","0","","0","0","0","","","0","N","0","","39 54:57.071","6","0","75 14:21.665","0","0","0","0","67301","0","0","0","N","0","0","0","2","67301","0","","1.0","236.0","1","N","N","N","0","","0","0","0","","0","Y","","2","0","0","0","0","0","0","2","0","2","","","","N","","","","","","","","","",""
"2022086857","2355","2","0","0","0","0","0","0","0","0","4","0","","67","9","2022","1","39.949615","-75.15391","2355","6","0","0","0","0","0","0","0","0","","0","0","0","","","0","","1","","39 56:58.614","","0","75 09:14.075","0","0","0","0","67301","0","0","0","N","0","0","0","2","67301","0","","1.0","","1","N","N","N","0","","0","0","0","","0","","","2","0","2","0","0","0","0","2","0","2","","03","","N","","","","","","","","","",""
"2022072237","1245","2","0","0","0","0","0","0","0","0","4","0","","67","8","2022","5","40.044833","-75.163782","1240","6","0","0","0","0","0","0","0","0","","0","0","0","","","3","","1","","40 02:41.397","","0","75 09:49.614","3","0","0","0","67301","0","0","0","N","0","0","0","5","67301","0","","1.0","","1","N","N","N","0","","3","0","1","","3","","","3","3","0","0","0","0","0","2","0","3","","03","","N","","","","","","","","","",""
"2022082027","2205","1","0","0","0","0","0","0","0","0","8","0","","67","8","2022","3","39.993147","-75.123794","2205","6","0","0","0","0","0","0","0","0","","0","0","0","","","1","N","0","","39 59:35.330","","0","75 07:25.660","3","0","0","0","67301","1","0","0","N","1","0","0","2","67301","0","","1.0","","1","N","N","N","0","","1","0","0","","0","","","2","1","0","0","0","0","1","2","0","1","","03","","N","","","","","","","","","",""
"2022075789","1514","2","0","0","0","0","0","0","0","0","4","0","","67","8","2022","7","39.971811","-75.125954","1513","6","0","0","0","0","0","0","0","0","","0","0","0","","","1","","1","","39 58:18.518","6","0","75 07:33.433","3","0","0","0","67301","0","0","0","N","0","0","0","4","67301","0","","1.0","130.0","1","N","N","N","0","","1","0","0","","2","N","","2","1","0","0","0","0","0","2","0","2","","","","N","","","","","","","","","",""
"2022076696","1205","0","0","0","1","0","0","0","0","0","8","0","","67","8","2022","6","39.992578","-75.12055","1200","6","0","0","0","0","0","0","0","0","","0","0","0","","","1","N","0","","39 59:33.280","","1","75 07:13.980","3","0","0","0","67301","1","0","0","N","0","0","0","2","67301","0","","1.0","","1","N","N","N","0","","1","0","0","","0","","","2","1","0","0","0","0","0","2","0","1","","","","N","","","","","","","","","",""
"2022081491","1120","1","0","0","0","0","0","0","0","0","1","0","","67","8","2022","2","39.957725","-75.161418","1115","6","0","0","0","0","0","0","0","0","","0","0","0","","","0","N","0","","39 57:27.810","","0","75 09:41.106","0","0","0","0","67301","0","0","0","N","0","0","0","2","68K01","0","","1.0","","1","N","N","N","0","","0","0","1","","0","","","2","0","0","0","0","0","0","2","0","2","","","","N","","","","","","","","","",""
"2022081598","2140","0","0","0","0","0","0","0","0","0","1","0","","67","8","2022","3","40.03378","-75.208313","2125","6","0","0","0","0","0","0","0","0","","0","0","0","","","1","N","0","","40 02:01.609","","0","75 12:29.928","4","0","0","0","67301","0","0","0","N","0","0","0","2","67508","1","","1.0","","1","N","N","N","0","","0","0","2","","0","","","2","1","0","0","0","0","0","2","0","2","","03","","N","","","","","","","","","",""
"2022097015","0645","0","0","0","0","0","0","0","0","0","4","0","","67","10","2022","4","40.063119","-75.021999","0643","6","0","0","0","0","0","0","0","0","","0","0","0","","","3","","2","","40 03:47.229","7","0","75 01:19.196","3","0","0","0","67301","0","0","0","N","0","0","0","3","67301","0","","1.0","20.0","1","N","N","N","0","","3","0","2","","3","N","","2","3","0","0","0","0","0","2","0","2","","03","","N","","","","","","","","","",""
"2022086648","0003","0","0","0","0","0","0","0","0","0","4","0","","67","9","2022","3","39.999825","-75.153311","0000","6","0","0","0","0","0","1","0","0","","1","0","0","","","1","N","0","","39 59:59.370","","7","75 09:11.918","1","1","0","1","67301","0","0","0","N","0","0","0","2","67301","0","2","1.0","","1","N","N","N","0","0","1","0","0","","0","","","2","1","0","0","0","0","0","2","1","2","","","","N","","","","","","","","","",""
"2022072497","1809","1","0","0","0","0","0","0","0","0","4","0","","67","8","2022","3","39.918211","-75.208835","1809","6","0","0","0","0","0","0","0","0","","0","0","0","","","2","","2","","39 55:05.558","","0","75 12:31.805","3","0","0","0","67301","0","0","0","N","0","0","0","3","67301","0","","1.0","","1","N","N","N","0","","2","0","1","","2","","","2","2","0","0","0","0","1","2","0","2","","03","","N","","","","","","","","","",""
"2022073519","1234","2","0","0","0","0","0","0","0","0","4","0","","67","8","2022","4","39.994246","-75.16949","1216","6","0","0","0","0","0","0","0","0","","0","0","0","","","3","","1","","39 59:39.285","1","0","75 10:10.164","3","0","0","0","67301","0","0","0","N","0","0","0","4","67301","0","","1.0","115.0","1","N","N","N","0","","3","0","2","","3","Y","","5","3","2","0","0","0","0","2","1","5","","04","","N","","","","","","","","","",""
"2022072292","1640","1","0","0","0","0","0","0","0","0","1","0","","67","8","2022","2","40.023325","-75.148569","1640","6","0","0","0","0","0","0","0","0","","0","0","0","","","2","N","0","","40 01:23.970","","0","75 08:54.850","4","0","0","0","67301","0","0","0","N","0","0","0","3","67301","2","","1.0","","99","N","N","N","0","","0","0","0","","0","","","2","2","2","0","0","0","1","2","0","2","","","","N","","","","","","","","","",""
"2022082166","2327","2","0","0","0","0","0","0","0","0","1","0","","67","8","2022","6","39.932247","-75.199968","2314","6","0","0","0","0","1","0","0","0","","0","0","0","","","1","N","0","","39 55:56.090","4","0","75 11:59.883","3","0","0","0","67301","0","0","0","N","0","0","0","3","68K01","0","","1.0","2350.0","1","N","N","N","0","","1","0","1","","0","N","","3","1","0","0","0","0","0","2","0","3","","","","N","","","","","","","","","",""
"2022082018","1557","2","0","0","0","0","0","0","0","0","1","0","","67","9","2022","3","40.108744","-75.001481","1552","6","0","0","0","0","0","0","0","0","","0","0","0","","","1","N","0","","40 06:31.480","","0","75 00:05.330","8","0","0","0","67301","0","0","0","N","0","0","0","2","67301","0","","1.0","","1","N","N","N","0","","0","0","0","","0","","","2","1","0","0","0","1","0","2","0","2","","","","N","","","","","","","","","",""
"2022075983","1514","0","0","0","0","0","0","0","0","0","1","0","","67","8","2022","6","39.943304","-75.192684","1458","6","0","0","0","0","0","1","0","0","","0","0","0","","","1","N","0","","39 56:35.895","4","3","75 11:33.663","3","0","0","0","67301","0","0","0","N","0","0","0","3","68K01","0","","1.0","30.0","1","N","N","N","0","","1","0","3","","0","N","","3","1","0","0","0","0","0","2","0","3","","","","N","","","","","","","","","",""
"2022072203","1935","1","0","0","0","0","0","0","0","0","8","0","","67","8","2022","5","39.927076","-75.164789","1932","6","0","0","0","0","0","1","0","0","","0","0","0","","","1","","2","","39 55:37.473","","0","75 09:53.240","4","0","0","0","67301","1","0","0","N","1","0","0","2","67301","1","","1.0","","1","N","N","N","0","","0","0","0","","0","","","2","1","0","0","0","0","0","2","0","1","","","","N","","","","","","","","","",""