"CRN","ARRIVAL_TM","AUTOMOBILE_COUNT","BELTED_DEATH_COUNT","BELTED_SUSP_SERIOUS_INJ_COUNT","BICYCLE_COUNT","BICYCLE_DEATH_COUNT","BICYCLE_SUSP_SERIOUS_INJ_COUNT","BUS_COUNT","CHLDPAS_DEATH_COUNT","CHLDPAS_SUSP_SERIOUS_INJ_COUNT","COLLISION_TYPE","COMM_VEH_COUNT","CONS_ZONE_SPD_LIM","COUNTY","CRASH_MONTH","CRASH_YEAR","DAY_OF_WEEK","DEC_LATITUDE","DEC_LONGITUDE","DISPATCH_TM","DISTRICT","DRIVER_COUNT_16YR","DRIVER_COUNT_17YR","DRIVER_COUNT_18YR","DRIVER_COUNT_19YR","DRIVER_COUNT_20YR","DRIVER_COUNT_50_64YR","DRIVER_COUNT_65_74YR","DRIVER_COUNT_75PLUS","EST_HRS_CLOSED","FATAL_COUNT","HEAVY_TRUCK_COUNT","HORSE_BUGGY_COUNT","HOUR_OF_DAY","ILLUMINATION","INJURY_COUNT","INTERSECTION_RELATED","INTERSECT_TYPE","LANE_CLOSED","LATITUDE","LN_CLOSE_DIR","LOCATION_TYPE","LONGITUDE","MAX_SEVERITY_LEVEL","MCYCLE_DEATH_COUNT","MCYCLE_SUSP_SERIOUS_INJ_COUNT","MOTORCYCLE_COUNT","MUNICIPALITY","NONMOTR_COUNT","NONMOTR_DEATH_COUNT","NONMOTR_SUSP_SERIOUS_INJ_COUNT","NTFY_HIWY_MAINT","PED_COUNT","PED_DEATH_COUNT","PED_SUSP_SERIOUS_INJ_COUNT","PERSON_COUNT","POLICE_AGCY","POSSIBLE_INJ_COUNT","RDWY_SURF_TYPE_CD","RELATION_TO_ROAD","ROADWAY_CLEARED","ROAD_CONDITION","SCH_BUS_IND","SCH_ZONE_IND","SECONDARY_CRASH","SMALL_TRUCK_COUNT","SPEC_JURIS_CD","SUSP_MINOR_INJ_COUNT","SUSP_SERIOUS_INJ_COUNT","SUV_COUNT","TCD_FUNC_CD","TCD_TYPE","TFC_DETOUR_IND","TIME_OF_DAY","TOTAL_UNITS","TOT_INJ_COUNT","UNBELTED_OCC_COUNT","UNB_DEATH_COUNT","UNB_SUSP_SERIOUS_INJ_COUNT","UNK_INJ_DEG_COUNT","UNK_INJ_PER_COUNT","URBAN_RURAL","VAN_COUNT","VEHICLE_COUNT","WEATHER1","WEATHER2","WORKERS_PRES","WORK_ZONE_IND","WORK_ZONE_LOC","WORK_ZONE_TYPE","WZ_CLOSE_DETOUR","WZ_FLAGGER","WZ_LAW_OFFCR_IND","WZ_LN_CLOSURE","WZ_MOVING","WZ_OTHER","WZ_SHLDER_MDN","WZ_WORKERS_INJ_KILLED"
"2022070254","0945","0","0","0","0","0","0","0","0","0","8","0","","67","8","2022","2","40.052077","-75.141781","0945","6","0","0","0","0","0","0","1","0","","0","0","0","","","1","","1","","40 03:07.476","","0","75 08:30.412","3","0","0","0","67301","1","0","0","N","1","0","0","2","67301","0","","1.0","","1","N","N","N","0","","1","0","1","","2","","","2","1","0","0","0","0","0","2","0","1","","","","N","","","","","","","","","",""
"2022072214","1346","1","0","0","0","0","0","0","0","0","1","0","","67","8","2022","7","40.079624","-75.029977","1346","6","0","0","0","0","0","2","0","0","","0","0","0","","","1","N","0","","40 04:46.645","2","0","75 01:47.916","4","0","0","0","67301","0","0","0","N","0","0","0","3","67301","1","","1.0","1409.0","1","N","N","N","0","","0","0","2","","0","N","","3","1","0","0","0","0","0","2","0","3","","","","N","","","","","","","","","",""
"2022072243","1938","0","0","0","0","0","0","0","0","0","4","0","","67","8","2022","2","40.008888","-75.071869","1938","6","0","0","0","0","1","0","0","0","","0","0","0","","","0","","5","","40 00:31.996","","0","75 04:18.728","0","0","0","0","67301","0","0","0","N","0","0","0","3","67301","0","","1.0","","1","N","N","N","0","","0","0","2","","2","","","2","0","0","0","0","0","0","2","0","2","","","","N","","","","","","","","","",""
"2022073813","2106","1","0","0","1","0","0","0","0","0","8","0","","67","8","2022","1","39.954837","-75.227984","2047","6","0","0","0","0","0","0","0","0","","0","0","0","","","1","","1","","39 57:17.413","","0","75 13:40.742","3","0","0","0","67301","1","0","0","N","0","0","0","2","67301","0","","1.0","","1","N","N","N","0","","1","0","0","","2","","","2","1","0","0","0","0","0","2","0","1","","","","N","","","","","","","","","",""
"2022082271","0954","3","0","0","0","0","0","0","0","0","1","0","","67","7","2022","7","40.013852","-75.056414","0937","6","0","0","0","0","0","0","0","0","","0","0","0","","","0","N","0","","40 00:49.867","","0","75 03:23.092","0","0","0","0","67301","0","0","0","N","0","0","0","8","68K01","0","","1.0","","1","N","N","N","0","","0","0","0","","0","","","3","0","0","0","0","0","0","2","0","3","","03","","N","","","","","","","","","",""
"2022081493","0814","0","0","0","0","0","0","0","0","0","1","0","","67","8","2022","3","39.974618","-75.118069","0814","6","0","0","0","0","0","1","0","0","","0","0","0","","","0","N","0","","39 58:28.625","2","0","75 07:05.048","0","0","0","0","67301","0","0","0","N","0","0","0","2","68K01","0","","1.0","815.0","1","N","N","Y","0","","0","0","2","","0","N","","2","0","0","0","0","0","0","2","0","2","","","","N","","","","","","","","","",""
"2022082071","1634","0","0","0","0","0","0","0","0","0","1","0","","67","9","2022","6","40.039697","-75.099942","1632","6","0","0","0","0","1","0","0","0","","0","0","0","","","1","N","0","","40 02:22.910","","0","75 05:59.790","4","0","0","0","67301","0","0","0","N","0","0","0","3","67301","1","","1.0","","1","N","N","N","1","","0","0","1","","0","","","2","1","0","0","0","0","0","2","0","2","","","","N","","","","","","","","","",""
"2022072621","1701","0","0","0","0","0","0","0","0","0","8","0","","67","8","2022","3","39.996887","-75.112741","1700","6","0","0","0","0","0","0","0","0","","0","0","0","","","1","","2","","39 59:48.793","","1","75 06:45.867","2","0","0","0","67301","1","0","1","N","1","0","1","2","67301","0","","1.0","","1","N","N","N","1","","0","1","0","","0","","","2","1","0","0","0","0","0","2","0","1","","03","","N","","","","","","","","","",""
"2022072242","0830","1","0","0","0","0","0","0","0","0","1","1","","67","8","2022","2","40.054093","-75.049043","0819","6","0","0","0","0","0","0","0","0","","0","1","0","","","1","","1","","40 03:14.734","","0","75 02:56.553","3","0","0","0","67301","0","0","0","N","0","0","0","3","67301","0","","1.0","","99","N","N","N","0","","1","0","1","","2","","","3","1","0","0","0","0","2","2","0","3","","","","N","","","","","","","","","",""
"2022081013","1855","2","0","0","0","0","0","0","0","0","4","0","","67","7","2022","5","39.957512","-75.21734","1834","6","0","0","0","0","0","0","0","0","","0","0","0","","","0","","1","","39 57:27.042","","0","75 13:02.424","0","0","0","0","67301","0","0","0","N","0","0","0","2","67301","0","","1.0","","1","N","N","N","0","","0","0","0","","2","","","2","0","0","0","0","0","0","2","0","2","","03","","N","","","","","","","","","",""
"2022072220","1549","0","0","0","0","0","0","0","0","0","4","0","","67","8","2022","6","40.072048","-75.013029","1543","6","0","1","0","0","0","0","0","0","","0","0","0","","","5","","1","","40 04:19.373","7","0","75 00:46.904","8","0","0","0","67301","0","0","0","N","0","0","0","5","67301","0","","1.0","1645.0","1","N","N","N","0","","0","0","2","","2","Y","","2","5","0","0","0","5","0","2","0","2","","03","","N","","","","","","","","","",""
"2022082718","0720","0","0","0","0","0","0","0","0","0","7","1","99","67","9","2022","6","39.958833","-75.18875","0718","6","0","0","0","0","1","0","0","0","","0","1","0","","","0","N","0","","39 57:31.800","","0","75 11:19.500","0","0","0","0","67301","0","0","0","N","0","0","0","1","67507","0","","4.0","","1","N","N","N","0","","0","0","0","","8","","","1","0","0","0","0","0","0","2","0","1","","","U","Y","4","1","","","U","Y","","","","N"
"2022081503","2353","1","0","0","0","0","0","0","0","0","1","0","","67","8","2022","7","39.945164","-75.190665","2321","6","0","0","0","0","0","0","0","0","","0","0","0","","","0","N","0","","39 56:42.591","","0","75 11:26.394","0","0","0","0","67301","0","0","0","N","0","0","0","3","68K01","0","","1.0","","1","N","N","N","0","","0","0","1","","0","","","2","0","0","0","0","0","0","2","0","2","","","","N","","","","","","","","","",""
"2022082639","1120","0","0","0","0","0","0","0","0","0","1","0","","67","7","2022","1","39.990314","-75.205321","1120","6","0","0","0","0","0","0","0","0","","0","0","0","","","1","N","0","","39 59:25.130","","0","75 12:19.157","3","0","0","0","67301","0","0","0","N","0","0","0","5","68K01","0","","1.0","","1","N","N","N","0","","1","0","2","","0","","","3","1","0","0","0","0","0","2","0","3","","03","","N","","","","","","","","","",""
"2022071100","2349","1","0","0","0","0","0","0","0","0","7","0","","67","8","2022","4","39.963219","-75.188824","2348","6","0","0","0","0","0","0","0","0","","0","0","0","","","0","N","0","","39 57:47.590","","0","75 11:19.767","0","0","0","0","67301","0","0","0","N","0","0","0","2","67507","0","","6.0","","1","N","N","N","0","","0","0","0","","0","","","1","0","0","0","0","0","0","2","0","1","","","","N","","","","","","","","","",""
"2022085594","1002","1","0","0","0","0","0","0","0","0","7","0","","67","9","2022","4","39.961745","-75.23879","0954","6","0","0","0","0","0","0","0","0","","0","0","0","","","1","","1","","39 57:42.283","4","0","75 14:19.644","3","0","0","0","67301","0","0","0","N","0","0","0","1","67301","0","","3.0","1015.0","1","N","N","N","0","","1","0","0","","2","N","","1","1","0","0","0","0","0","2","0","1","","","","N","","","","","","","","","",""
"2022070092","0015","1","0","0","0","0","0","0","0","0","5","0","","67","8","2022","2","","","0012","6","0","0","0","0","0","0","0","0","","0","0","0","","","0","N","0","","","","3","","0","0","0","0","67301","0","0","0","N","0","0","0","6","67501","0","","1.0","","9","N","N","N","0","","0","0","1","","0","","","2","0","0","0","0","0","0","1","0","2","","","","N","","","","","","","","","",""
"2022097393","2012","1","0","0","0","0","0","0","0","0","1","0","","67","10","2022","1","39.999484","-75.080213","2002","6","0","0","0","0","0","0","0","0","","0","0","0","","","1","N","0","","39 59:58.143","2","2","75 04:48.766","3","0","0","0","67301","0","0","0","N","0","0","0","3","68K01","0","","1.0","500.0","1","N","N","N","0","","1","0","1","","0","N","","2","1","0","0","0","0","0","2","0","2","","03","","N","","","","","","","","","",""
"2022082167","2130","1","0","0","0","0","0","0","0","0","7","0","","67","9","2022","2","40.019877","-75.080868","2121","6","0","0","0","0","0","0","0","0","","0","0","0","","","1","","1","","40 01:11.557","","0","75 04:51.126","8","0","0","0","67301","0","0","0","N","0","0","0","1","67301","0","","5.0","","1","N","N","N","0","","0","0","0","","2","","","1","1","0","0","0","1","0","2","0","1","","","","N","","","","","","","","","",""
"2022081286","2347","2","0","0","0","0","0","0","0","0","5","0","","67","9","2022","7","40.023741","-75.179486","2346","6","0","0","0","0","0","0","0","0","","0","0","0","","","1","N","0","","40 01:25.467","","0","75 10:46.151","2","0","0","0","67301","0","0","0","N","0","0","0","1","67301","0","","1.0","","1","N","N","N","0","","0","1","2","","0","","","4","1","0","0","0","0","0","2","0","4","","03","","N","","","","","","","","","",""
"2022075743","0035","0","0","0","0","0","0","0","0","0","5","0","","67","8","2022","6","39.904603","-75.167403","0024","6","0","0","0","0","0","0","0","0","","0","0","0","","","1","N","0","","39 54:16.570","","0","75 10:02.650","3","0","0","1","67301","0","0","0","N","0","0","0","2","67301","0","","1.0","","1","N","N","N","0","","1","0","0","","0","","","2","1","0","0","0","0","0","2","1","2","","03","","N","","","","","","","","","",""
"2022077082","2051","0","0","0","0","0","0","0","0","0","8","0","","67","8","2022","2","40.119273","-75.017743","2041","6","0","0","0","0","0","0","0","0","","0","0","0","","","1","N","0","","40 07:09.382","","0","75 01:03.874","2","0","0","0","67301","1","0","1","N","1","0","1","2","67301","0","","1.0","","9","N","N","N","0","","0","1","0","","0","","","2","1","0","0","0","0","0","2","1","1","","07","","N","","","","","","","","","",""
"2022081991","1345","4","0","0","0","0","0","0","0","0","6","1","","67","9","2022","3","40.003966","-75.066824","1240","6","0","0","0","0","0","1","0","0","","0","1","0","","","0","N","0","","40 00:14.277","3","0","75 04:00.566","0","0","0","0","67301","0","0","0","N","0","0","0","1","67301","0","","6.0","300.0","9","N","N","N","2","","0","0","1","","0","N","","8","0","0","0","0","0","0","2","0","8","","07","","N","","","","","","","","","",""
"2022080898","2347","0","0","0","0","0","0","0","0","0","8","0","","67","8","2022","2","40.042109","-75.10553","2346","6","0","0","0","0","0","0","0","0","","0","0","0","","","1","N","0","","40 02:31.591","5","0","75 06:19.908","2","0","0","0","67301","1","0","1","N","1","0","1","2","67301","0","","1.0","128.0","1","N","N","N","0","","0","1","0","","0","Y","","2","1","0","0","0","0","0","2","0","1","","03","","N","","","","","","","","","",""
"2022086865","2015","0","0","0","0","0","0","1","0","0","8","1","","67","9","2022","6","39.951334","-75.154973","2015","6","0","0","0","0","0","0","0","0","","0","0","0","","","1","N","0","","39 57:04.801","","0","75 09:17.901","8","0","0","0","67301","1","0","0","N","1","0","0","2","67301","0","","1.0","","1","N","N","N","0","","0","0","0","","0","","","2","1","0","0","0","1","0","2","0","1","","","","N","","","","","","","","","",""
"2022081502","2233","1","0","0","0","0","0","0","0","0","1","0","","67","8","2022","7","39.962189","-75.13945","2222","6","0","0","0","0","0","1","0","0","","0","0","0","","","0","N","0","","39 57:43.880","","0","75 08:22.021","9","0","0","0","67301","0","0","0","N","0","0","0","6","68K01","0","","1.0","","1","N","N","N","0","","0","0","2","","0","","","4","0","0","0","0","0","1","2","0","4","","","","N","","","","","","","","","",""
"2022081070","1635","1","0","0","0","0","0","0","0","0","5","1","","67","9","2022","7","40.034942","-75.105114","1630","6","0","0","0","0","0","0","0","1","","0","1","0","","","2","N","0","","40 02:05.790","","0","75 06:18.410","8","0","0","0","67301","0","0","0","N","0","0","0","2","67301","0","","1.0","","1","N","N","N","0","","0","0","0","","0","","","2","2","1","0","0","2","0","2","0","2","","04","","N","","","","","","","","","",""
"2022075772","0712","0","0","0","0","0","0","0","0","0","4","0","","67","8","2022","3","40.029486","-75.103826","0706","6","0","0","0","0","0","0","0","0","","0","0","0","","","0","","3","","40 01:46.148","1","0","75 06:13.773","0","0","0","0","67301","0","0","0","N","0","0","0","2","67301","0","","1.0","815.0","1","N","N","N","0","","0","0","2","","2","Y","","2","0","0","0","0","0","0","2","0","2","","03","","N","","","","","","","","","",""
"2022072244","0004","1","0","0","0","0","0","0","0","0","5","0","","67","8","2022","4","40.024781","-75.072692","0002","6","0","0","0","0","0","0","0","0","","0","0","0","","","0","N","0","","40 01:29.212","","0","75 04:21.691","0","0","0","0","67301","0","0","0","N","0","0","0","2","67301","0","","6.0","","1","N","N","N","0","","0","0","1","","0","","","3","0","0","0","0","0","0","2","1","3","","03","","N","","","","","","","","","",""
"2022075868","0915","1","0","0","0","0","0","0","0","0","8","0","","67","8","2022","6","39.992978","-75.119839","0913","6","0","0","0","0","0","0","0","0","","0","0","0","","","1","N","0","","39 59:34.720","","1","75 07:11.420","2","0","0","0","67301","1","0","1","N","1","0","1","2","67301","0","","6.0","","1","N","N","N","0","","0","1","1","","0","","","3","1","0","0","0","0","0","2","0","2","","03","","N","","","","","","","","","",""
"2022072083","0126","0","0","0","0","0","0","0","0","0","7","0","","67","8","2022","4","39.909583","-75.154278","0125","6","0","0","0","0","0","0","0","0","","0","0","0","","","0","N","0","","39 54:34.500","4","5","75 09:15.400","0","0","0","0","67301","0","0","0","N","0","0","0","1","67501","0","","4.0","201.0","1","N","","N","1","","0","0","0","","8","N","","1","0","0","0","0","0","0","2","0","1","","03","","N","","","","","","","","","",""
"2022085769","1953","2","0","0","0","0","0","0","0","0","4","0","","67","9","2022","7","40.073146","-75.189233","1952","6","0","0","0","0","0","1","1","0","","0","0","0","","","2","","5","","40 04:23.324","4","0","75 11:21.237","3","0","0","0","67301","0","0","0","N","0","0","0","2","67301","1","","1.0","2046.0","1","N","N","N","0","","1","0","0","","2","Y","","2","2","0","0","0","0","0","2","0","2","","03","","N","","","","","","","","","",""
"2022076175","1939","2","0","0","0","0","0","0","0","0","4","0","","67","8","2022","3","39.959472","-75.233176","1934","6","0","0","0","0","0","0","0","0","","0","0","0","","","3","","1","","39 57:34.098","","0","75 13:59.434","4","0","0","0","67301","0","0","0","N","0","0","0","5","67301","3","","1.0","","1","N","N","N","0","","0","0","0","","2","","","2","3","0","0","0","0","0","2","0","2","","03","","N","","","","","","","","","",""
"2022070465","0004","0","0","0","0","0","0","0","0","0","4","0","","67","8","2022","2","40.046241","-75.166071","2358","6","0","0","0","0","0","0","1","0","","0","0","0","","","1","","1","","40 02:46.469","","0","75 09:57.857","3","0","0","0","67301","0","0","0","N","0","0","0","2","67301","0","","1.0","","1","N","N","N","0","","1","0","2","","3","","","2","1","0","0","0","0","0","2","0","2","","03","","N","","","","","","","","","",""
"2022079174","0245","0","0","0","1","0","0","0","0","0","8","0","","67","8","2022","1","39.975325","-75.192849","0240","6","0","0","0","0","0","0","0","0","","0","0","0","","","1","N","0","","39 58:31.171","","3","75 11:34.255","8","0","0","0","67301","1","0","0","N","0","0","0","2","67301","0","","1.0","","1","N","N","N","0","","0","0","0","","0","","","2","1","0","0","0","1","0","2","0","1","","","","N","","","","","","","","","",""
"2022072746","1027","1","0","0","0","0","0","0","0","0","4","0","","67","8","2022","5","40.012329","-75.13865","1026","6","0","0","0","0","0","0","0","0","","0","0","0","","","1","","1","","40 00:44.384","","0","75 08:19.139","3","0","0","0","67301","0","0","0","N","0","0","0","2","67301","0","","1.0","","1","N","N","N","0","","1","0","1","","3","","","3","1","0","0","0","0","0","2","1","3","","03","","N","","","","","","","","","",""
"2022072258","0740","1","0","0","0","0","0","0","0","0","4","0","","67","8","2022","7","39.952184","-75.240772","0738","6","0","0","0","0","0","0","0","0","","0","0","0","","","1","","1","","39 57:07.862","","0","75 14:26.779","4","0","0","0","67301","0","0","0","N","0","0","0","2","67301","1","","1.0","","1","N","N","N","0","","0","0","1","","2","","","2","1","0","0","0","0","0","2","0","2","","03","","N","","","","","","","","","",""
"2022085675","2135","1","0","0","0","0","0","0","0","0","4","0","","67","8","2022","3","39.954758","-75.236221","2131","6","0","0","0","0","0","0","0","0","","0","0","0","","","3","","1","","39 57:17.128","","0","75 14:10.395","4","0","0","0","67301","0","0","0","N","0","0","0","3","67301","3","","1.0","","9","N","N","N","0","","0","0","3","","2","","","4","3","0","0","0","0","0","2","0","4","","04","","N","","","","","","","","","",""
"2022081862","0142","0","0","0","0","0","0","0","0","0","7","0","","67","8","2022","3","40.002081","-75.122289","0142","6","0","0","0","0","0","0","0","0","","0","0","0","","","0","N","0","","40 00:07.490","","0","75 07:20.240","0","0","0","0","67301","0","0","0","N","0","0","0","0","67301","0","","5.0","","1","N","N","N","0","","0","0","1","","0","","","1","0","0","0","0","0","0","2","0","1","","","","N","","","","","","","","","",""
"2022072255","2103","1","0","0","0","0","0","0","0","0","4","0","","67","8","2022","2","39.954826","-75.217894","2103","6","0","0","0","0","0","0","0","0","","0","0","0","","","3","","1","","39 57:17.373","","0","75 13:04.418","3","0","0","0","67301","0","0","0","N","0","0","0","3","67301","0","","1.0","","1","N","N","N","0","","3","0","1","","2","","","2","3","0","0","0","0","0","2","0","2","","03","","N","","","","","","","","","",""
"2022072202","2240","0","0","0","0","0","0","0","0","0","4","0","","67","8","2022","3","39.919922","-75.142983","2208","6","0","0","0","0","0","0","0","0","","0","0","0","","","0","N","0","","39 55:11.720","","7","75 08:34.740","0","0","0","0","67301","0","0","0","N","0","0","0","5","67301","0","","1.0","","1","N","N","N","0","","0","0","2","","3","","","2","0","0","0","0","0","0","2","0","2","","03","","N","","","","","","","","","",""
"2022081486","1902","1","0","0","0","0","0","0","0","0","1","0","","67","8","2022","1","39.958316","-75.166253","1854","6","0","0","0","0","0","1","1","0","","0","0","0","","","0","N","0","","39 57:29.938","3","0","75 09:58.511","0","0","0","0","67301","0","0","0","N","0","0","0","7","68K01","0","","1.0","1910.0","1","N","N","N","0","","0","0","3","","0","N","","4","0","0","0","0","0","0","2","0","4","","","","N","","","","","","","","","",""
"2022070255","1521","3","0","0","0","0","0","0","0","0","4","0","","67","8","2022","2","40.003008","-75.151291","1511","6","0","0","0","0","0","0","0","0","","0","0","0","","","2","","1","","40 00:10.828","2","0","75 09:04.647","8","0","0","0","67301","0","0","0","N","0","0","0","3","67505","0","","1.0","1108.0","1","N","N","Y","0","","0","0","2","","3","N","","5","2","0","0","0","2","0","2","0","5","","03","","N","","","","","","","","","",""
"2022086701","0025","1","0","0","0","0","0","0","0","0","2","0","","67","9","2022","3","40.02475","-75.133064","0025","6","0","0","0","0","0","0","0","0","","0","0","0","","","0","N","0","","40 01:29.100","","0","75 07:59.030","9","0","0","1","67301","0","0","0","N","0","0","0","1","67301","0","","1.0","","99","N","N","N","0","","0","0","0","","2","","","2","0","0","0","0","0","1","2","0","2","","03","","N","","","","","","","","","",""
"2022080945","1900","2","0","0","0","0","0","0","0","0","1","0","","67","9","2022","7","40.06873","-75.18147","1900","6","0","0","0","0","0","0","0","0","","0","0","0","","","2","N","0","","40 04:07.429","","0","75 10:53.291","3","0","0","0","67301","0","0","0","N","0","0","0","5","67301","0","","1.0","","1","N","N","N","0","","2","0","0","","0","","","2","2","0","0","0","0","0","2","0","2","","03","","N","","","","","","","","","",""
"2022077914","0045","1","0","0","0","0","0","0","0","0","5","0","","67","8","2022","4","39.982108","-75.132742","0045","6","0","0","0","0","0","0","0","0","","0","0","0","","","0","N","0","","39 58:55.590","1","1","75 07:57.870","9","0","0","0","67301","0","0","0","N","0","0","0","1","67301","0","","6.0","145.0","1","N","N","N","1","","0","0","0","","0","N","","2","0","0","0","0","0","1","2","0","2","","03","","N","","","","","","","","","",""
"2022081484","2002","1","0","0","0","0","0","0","0","0","7","0","","67","8","2022","4","39.90707","-75.149754","2002","6","0","0","0","0","0","0","0","0","","0","0","0","","","2","N","0","","39 54:25.453","","0","75 08:59.115","3","0","0","0","67301","0","0","0","N","0","0","0","3","68K01","0","","4.0","","1","N","N","N","0","","2","0","0","","0","","","1","2","2","0","0","0","0","2","0","1","","","","N","","","","","","","","","",""
"2022082172","0213","0","0","0","0","0","0","0","0","0","7","0","","67","8","2022","2","40.027985","-75.023745","0213","6","0","0","0","0","0","0","0","0","","0","0","0","","","0","N","0","","40 01:40.747","1","0","75 01:25.481","0","0","0","0","67301","0","0","0","N","0","0","0","1","68K01","0","","4.0","230.0","9","N","N","N","0","","0","0","1","","0","N","","1","0","0","0","0","0","0","2","0","1","","","","N","","","","","","","","","",""
"2022072253","2006","0","0","0","0","0","0","0","0","0","8","0","","67","8","2022","2","39.937869","-75.166816","2002","6","0","0","0","0","0","0","0","0","","0","0","0","","","1","","1","","39 56:16.329","","0","75 10:00.536","8","0","0","0","67301","1","0","0","N","1","0","0","5","67301","0","","1.0","","1","N","N","N","0","","0","0","1","","2","","","2","1","2","0","0","1","0","2","0","1","","03","","N","","","","","","","","","",""
"2022072219","1058","2","0","0","0","0","0","0","0","0","4","0","","67","8","2022","5","40.074374","-75.001988","1058","6","0","0","0","0","0","0","0","0","","0","0","0","","","1","","2","","40 04:27.746","","0","75 00:07.158","4","0","0","0","67301","0","0","0","N","0","0","0","3","67301","1","","1.0","","1","N","N","N","0","","0","0","0","","3","","","2","1","0","0","0","0","0","2","0","2","","03","","N","","","","","","","","","",""
"2022081105","1349","1","0","0","0","0","0","0","0","0","1","0","","67","8","2022","5","39.958159","-75.164098","1335","6","0","0","0","0","0","2","2","0","","0","0","0","","","0","N","0","","39 57:29.372","","0","75 09:50.751","0","0","0","0","67301","0","0","0","N","0","0","0","4","68K01","0","","1.0","","1","N","N","N","1","","0","0","2","","0","","","4","0","0","0","0","0","0","2","0","4","","03","","N","","","","","","","","","",""
"2022080793","0753","1","0","0","0","0","0","0","0","0","1","0","","67","8","2022","3","39.980407","-75.205699","0748","6","0","0","0","0","0","1","0","0","","0","0","0","","","0","N","0","","39 58:49.464","3","0","75 12:20.515","0","0","0","0","67301","0","0","0","N","0","0","0","3","68K01","0","","1.0","841.0","1","N","N","N","0","","0","0","2","","0","Y","","3","0","0","0","0","0","0","2","0","3","","03","","N","","","","","","","","","",""
"2022072270","1840","0","0","0","0","0","0","0","0","0","7","0","","67","8","2022","4","39.9895","-75.155439","1835","6","0","0","0","0","0","1","0","0","","0","0","0","","","1","N","0","","39 59:22.199","1","0","75 09:19.580","3","0","0","0","67301","0","0","0","N","0","0","0","3","67301","0","","3.0","1850.0","1","N","N","N","0","","1","0","1","","0","N","","1","1","0","0","0","0","0","2","0","1","","03","","N","","","","","","","","","",""
"2022075811","1708","1","0","0","0","0","0","0","0","0","8","0","","67","8","2022","3","40.030204","-75.118458","1705","6","0","0","0","0","0","0","0","0","","0","0","0","","","1","","1","","40 01:48.734","","0","75 07:06.449","3","0","0","0","67301","1","0","0","N","1","0","0","2","67301","0","","1.0","","1","N","N","N","0","","1","0","0","","2","","","2","1","1","0","0","0","0","2","0","1","","03","","N","","","","","","","","","",""
"2022072223","1108","1","0","0","0","0","0","0","0","0","8","0","","67","8","2022","3","39.953837","-75.175072","1108","6","0","0","0","0","0","0","0","0","","0","0","0","","","1","","1","","39 57:13.812","","0","75 10:30.258","8","0","0","0","67301","1","0","0","N","1","0","0","2","67301","0","","1.0","","1","N","N","N","0","","0","0","0","","2","","","2","1","0","0","0","1","1","2","0","1","","03","","N","","","","","","","","","",""
"2022081444","0322","2","0","0","0","0","0","0","0","0","6","0","","67","9","2022","7","39.945848","-75.174838","0315","6","0","0","0","0","0","0","0","0","","0","0","0","","","1","","2","","39 56:45.052","","0","75 10:29.418","4","0","0","0","67301","0","0","0","N","0","0","0","2","67301","1","","1.0","","1","N","N","N","0","","0","0","0","","2","","","2","1","0","0","0","0","0","2","0","2","","03","","N","","","","","","","","","",""
"2022081035","1409","2","0","0","0","0","0","0","0","0","8","0","","67","9","2022","1","39.984697","-75.15663","1405","6","0","0","1","0","0","0","0","0","","0","0","0","","","1","N","1","","39 59:04.910","3","0","75 09:23.867","2","0","0","0","67301","1","0","1","N","1","0","1","4","67505","0","","1.0","1430.0","1","N","N","Y","0","","0","1","0","","2","N","","3","1","0","0","0","0","0","2","0","2","","03","","N","","","","","","","","","",""
"2022075757","1738","1","0","0","0","0","0","0","0","0","4","0","","67","8","2022","2","39.910768","-75.222509","1736","6","0","0","0","0","0","1","0","0","","0","0","0","","","3","N","0","","39 54:38.764","6","6","75 13:21.031","2","0","1","1","67301","0","0","0","N","0","0","0","3","67301","1","","1.0","2010.0","1","N","N","N","0","","1","1","0","","3","N","","2","3","0","0","0","0","0","2","0","2","","03","","N","","","","","","","","","",""
"2022073659","1454","1","0","0","0","0","0","0","0","0","1","0","","67","8","2022","5","39.907564","-75.143561","1454","6","0","0","0","0","0","0","0","0","","0","0","0","","","0","N","0","","39 54:27.230","","3","75 08:36.820","0","0","0","0","67301","0","0","0","N","0","0","0","3","67501","0","","1.0","","1","N","N","N","0","","0","0","1","","8","","","2","0","1","0","0","0","0","2","0","2","","03","","N","","","","","","","","","",""
"2022081988","1931","1","0","0","0","0","0","0","0","0","5","1","","67","9","2022","3","39.95698","-75.157018","1923","6","0","0","0","0","0","0","0","0","","0","1","0","","","1","N","0","","39 57:25.127","3","0","75 09:25.264","3","0","0","0","67301","0","0","0","N","0","0","0","2","67301","0","","1.0","2015.0","1","N","N","N","0","","1","0","0","","0","N","","2","1","0","0","0","0","0","2","0","2","","03","","N","","","","","","","","","",""
"2022081494","1219","1","0","0","0","0","0","0","0","0","7","0","","67","9","2022","2","40.057913","-75.040631","1209","6","0","0","0","0","0","0","0","0","","0","0","0","","","0","N","0","","40 03:28.487","","0","75 02:26.273","0","0","0","0","67301","0","0","0","N","0","0","0","0","67301","0","","3.0","","1","N","N","N","0","","0","0","0","","0","","","1","0","0","0","0","0","0","2","0","1","","","","N","","","","","","","","","",""