"CRN","ARRIVAL_TM","AUTOMOBILE_COUNT","BELTED_DEATH_COUNT","BELTED_SUSP_SERIOUS_INJ_COUNT","BICYCLE_COUNT","BICYCLE_DEATH_COUNT","BICYCLE_SUSP_SERIOUS_INJ_COUNT","BUS_COUNT","CHLDPAS_DEATH_COUNT","CHLDPAS_SUSP_SERIOUS_INJ_COUNT","COLLISION_TYPE","COMM_VEH_COUNT","CONS_ZONE_SPD_LIM","COUNTY","CRASH_MONTH","CRASH_YEAR","DAY_OF_WEEK","DEC_LATITUDE","DEC_LONGITUDE","DISPATCH_TM","DISTRICT","DRIVER_COUNT_16YR","DRIVER_COUNT_17YR","DRIVER_COUNT_18YR","DRIVER_COUNT_19YR","DRIVER_COUNT_20YR","DRIVER_COUNT_50_64YR","DRIVER_COUNT_65_74YR","DRIVER_COUNT_75PLUS","EST_HRS_CLOSED","FATAL_COUNT","HEAVY_TRUCK_COUNT","HORSE_BUGGY_COUNT","HOUR_OF_DAY","ILLUMINATION","INJURY_COUNT","INTERSECTION_RELATED","INTERSECT_TYPE","LANE_CLOSED","LATITUDE","LN_CLOSE_DIR","LOCATION_TYPE","LONGITUDE","MAX_SEVERITY_LEVEL","MCYCLE_DEATH_COUNT","MCYCLE_SUSP_SERIOUS_INJ_COUNT","MOTORCYCLE_COUNT","MUNICIPALITY","NONMOTR_COUNT","NONMOTR_DEATH_COUNT","NONMOTR_SUSP_SERIOUS_INJ_COUNT","NTFY_HIWY_MAINT","PED_COUNT","PED_DEATH_COUNT","PED_SUSP_SERIOUS_INJ_COUNT","PERSON_COUNT","POLICE_AGCY","POSSIBLE_INJ_COUNT","RDWY_SURF_TYPE_CD","RELATION_TO_ROAD","ROADWAY_CLEARED","ROAD_CONDITION","SCH_BUS_IND","SCH_ZONE_IND","SECONDARY_CRASH","SMALL_TRUCK_COUNT","SPEC_JURIS_CD","SUSP_MINOR_INJ_COUNT","SUSP_SERIOUS_INJ_COUNT","SUV_COUNT","TCD_FUNC_CD","TCD_TYPE","TFC_DETOUR_IND","TIME_OF_DAY","TOTAL_UNITS","TOT_INJ_COUNT","UNBELTED_OCC_COUNT","UNB_DEATH_COUNT","UNB_SUSP_SERIOUS_INJ_COUNT","UNK_INJ_DEG_COUNT","UNK_INJ_PER_COUNT","URBAN_RURAL","VAN_COUNT","VEHICLE_COUNT","WEATHER1","WEATHER2","WORKERS_PRES","WORK_ZONE_IND","WORK_ZONE_LOC","WORK_ZONE_TYPE","WZ_CLOSE_DETOUR","WZ_FLAGGER","WZ_LAW_OFFCR_IND","WZ_LN_CLOSURE","WZ_MOVING","WZ_OTHER","WZ_SHLDER_MDN","WZ_WORKERS_INJ_KILLED"
"2022081981","1319","2","0","0","0","0","0","0","0","0","5","0","","67","9","2022","2","39.970228","-75.145006","1317","6","0","0","0","0","0","0","0","0","","0","0","0","","","1","","1","","39 58:12.820","3","0","75 08:42.023","8","0","0","0","67301","0","0","0","N","0","0","0","8","67301","0","","1.0","1500.0","1","N","N","N","0","","0","0","0","","2","Y","","2","1","1","0","0","1","6","2","0","2","","03","","N","","","","","","","","","",""
"2022075764","1503","0","0","0","0","0","0","0","0","0","4","1","","67","8","2022","2","40.061026","-75.190128","1457","6","0","0","0","0","0","0","1","0","","0","0","0","","","1","","2","","40 03:39.695","","0","75 11:24.461","3","0","0","0","67301","0","0","0","N","0","0","0","2","67301","0","","1.0","","1","N","N","N","1","","1","0","1","","2","","","2","1","0","0","0","0","0","2","0","2","","03","","N","","","","","","","","","",""
"2022073575","0143","0","0","0","0","0","0","0","0","0","7","0","","67","8","2022","3","39.975606","-75.191228","0135","6","0","0","0","0","0","0","0","0","","0","0","0","","","0","N","0","","39 58:32.182","6","0","75 11:28.419","9","0","0","0","67301","0","0","0","N","0","0","0","1","67301","0","","4.0","300.0","1","N","N","N","0","","0","0","1","","0","Y","","1","0","0","0","0","0","1","2","0","1","","","","N","","","","","","","","","",""
"2022072288","2335","1","0","0","0","0","0","0","0","0","4","1","","67","8","2022","7","39.99999","-75.153145","2329","6","0","0","0","0","0","0","0","0","","0","1","0","","","0","","1","","39 59:59.964","","0","75 09:11.322","9","0","0","0","67301","0","0","0","N","0","0","0","2","67301","0","","1.0","","1","N","N","N","0","","0","0","0","","2","","","2","0","0","0","0","0","1","2","0","2","","","","N","","","","","","","","","",""
"2022072280","0928","1","0","0","0","0","0","0","0","0","5","0","","67","8","2022","5","40.010997","-75.103869","0925","6","0","0","0","0","0","1","0","0","","0","0","0","","","2","N","0","","40 00:39.590","","0","75 06:13.930","4","0","0","0","67301","0","0","0","N","0","0","0","2","67301","1","","1.0","","1","N","N","N","0","","0","0","1","","0","","","2","2","0","0","0","1","0","2","0","2","","03","","N","","","","","","","","","",""
"2022082618","1004","1","0","0","0","0","0","0","0","0","7","0","","67","9","2022","3","40.039434","-75.0071","0956","6","0","0","0","0","0","1","0","0","","0","0","0","","","0","N","0","","40 02:21.961","","0","75 00:25.559","0","0","0","0","67301","0","0","0","N","0","0","0","1","68K01","0","","4.0","","9","N","N","N","0","","0","0","0","","0","","","1","0","0","0","0","0","0","2","0","1","","04","","N","","","","","","","","","",""
"2022077657","2141","0","0","0","0","0","0","0","0","0","7","0","","67","8","2022","2","39.973719","-75.258075","2139","6","0","0","0","0","0","0","0","0","","0","0","0","","","0","N","0","","39 58:25.387","","0","75 15:29.069","0","0","0","0","67301","0","0","0","N","0","0","0","1","67301","0","","4.0","","1","N","N","N","1","","0","0","0","","0","","","2","0","0","0","0","0","0","2","0","1","","","","N","","","","","","","","","",""
"2022086493","1545","1","0","0","0","0","0","0","0","0","1","1","","67","8","2022","3","39.956685","-75.143564","1541","6","0","0","0","0","0","0","0","0","","0","1","0","","","1","","7","","39 57:24.067","","8","75 08:36.830","8","0","0","0","67301","0","0","0","N","0","0","0","2","68K01","0","","7.0","","1","N","N","N","0","","0","0","0","","0","","","2","1","0","0","0","1","0","2","0","2","","03","","N","","","","","","","","","",""
"2022078521","1101","0","0","0","0","0","0","0","0","0","5","0","","67","8","2022","4","39.998487","-75.153469","1100","6","0","0","0","0","0","1","0","0","","0","0","0","","","1","","2","","39 59:54.553","","0","75 09:12.487","2","0","1","1","67301","0","0","0","N","0","0","0","2","67301","0","","1.0","","1","N","N","N","0","","0","1","1","","2","","","2","1","0","0","0","0","0","2","0","2","","","","N","","","","","","","","","",""
"2022085391","0910","0","0","0","0","0","0","0","0","0","7","0","","67","9","2022","7","39.981214","-75.197689","0830","6","0","0","0","0","0","0","0","0","","0","0","0","","","0","N","0","","39 58:52.370","","0","75 11:51.680","9","0","0","0","67301","0","0","0","N","0","0","0","1","67301","0","","3.0","","1","N","N","N","1","","0","0","0","","0","","","1","0","1","0","0","0","1","2","0","1","","03","","N","","","","","","","","","",""
"2022077567","1131","1","0","0","0","0","0","0","0","0","4","0","","67","8","2022","1","39.968229","-75.240493","1130","6","0","0","0","0","0","0","0","1","","0","0","0","","","0","","1","","39 58:05.624","","0","75 14:25.774","0","0","0","0","67301","0","0","0","N","0","0","0","2","67301","0","","1.0","","1","N","N","N","1","","0","0","0","","3","","","2","0","0","0","0","0","0","2","0","2","","","","N","","","","","","","","","",""
"2022082361","0414","0","0","0","0","0","0","0","0","0","1","1","","67","8","2022","1","39.967892","-75.189964","0405","6","0","0","0","0","0","0","1","0","","0","1","0","","","0","N","0","","39 58:04.412","","0","75 11:23.869","0","0","0","0","67301","0","0","0","N","0","0","0","2","68K01","0","","1.0","","1","N","N","N","0","","0","0","1","","0","","","2","0","0","0","0","0","0","2","0","2","","","","N","","","","","","","","","",""
"2022087872","1228","1","0","0","0","0","0","0","0","0","8","0","","67","9","2022","6","39.925559","-75.169417","1219","6","0","0","0","0","0","0","0","0","","0","0","0","","","1","","3","","39 55:32.012","3","0","75 10:09.901","3","0","0","0","67301","1","0","0","N","1","0","0","1","67301","0","","1.0","1305.0","1","N","N","N","0","","1","0","0","","2","Y","","2","1","0","0","0","0","0","2","0","1","","03","","N","","","","","","","","","",""
"2022075762","1751","2","0","0","0","0","0","0","0","0","4","0","","67","8","2022","1","40.040916","-75.187325","1742","6","0","0","0","0","1","0","0","1","","0","0","0","","","2","","1","","40 02:27.297","","0","75 11:14.369","3","0","0","0","67301","0","0","0","N","0","0","0","5","67301","1","","1.0","","1","N","N","N","0","","1","0","0","","2","","","2","2","0","0","0","0","0","2","0","2","","03","","N","","","","","","","","","",""
"2022072491","2156","0","0","0","1","0","0","0","0","0","8","0","","67","8","2022","6","39.997217","-75.119346","2144","6","0","0","0","0","0","0","0","0","","0","0","0","","","1","","1","","39 59:49.981","","0","75 07:09.644","3","0","0","0","67301","1","0","0","N","0","0","0","2","67301","0","","1.0","","1","N","N","N","0","","1","0","1","","2","","","2","1","0","0","0","0","0","2","0","1","","03","","N","","","","","","","","","",""
"2022072249","2139","1","0","0","1","0","0","0","0","0","8","0","","67","8","2022","6","39.963255","-75.188499","2135","6","0","0","0","1","0","0","0","0","","0","0","0","","","1","","1","","39 57:47.719","","0","75 11:18.597","3","0","0","0","67301","1","0","0","N","0","0","0","2","67301","0","","1.0","","1","N","N","N","0","","1","0","0","","2","","","2","1","0","0","0","0","0","2","0","1","","","","N","","","","","","","","","",""
"2022072622","2300","1","0","0","0","0","0","0","0","0","4","0","","67","8","2022","6","40.013303","-75.097438","2300","6","0","0","0","0","0","1","0","0","","0","0","0","","","0","","1","","40 00:47.892","","0","75 05:50.775","0","0","0","0","67301","0","0","0","N","0","0","0","3","67301","0","","1.0","","1","N","N","N","1","","0","0","0","","3","","","2","0","0","0","0","0","0","2","0","2","","03","","N","","","","","","","","","",""
"2022072221","1959","1","0","0","0","0","0","0","0","0","4","0","","67","8","2022","6","40.045606","-75.008561","1957","6","0","0","0","0","0","0","0","0","","0","0","0","","","1","","2","","40 02:44.181","","0","75 00:30.819","3","0","0","0","67301","0","0","0","N","0","0","0","2","67301","0","","1.0","","1","N","N","N","0","","1","0","1","","3","","","2","1","0","0","0","0","0","2","0","2","","04","","N","","","","","","","","","",""
"2022085589","0935","1","0","0","0","0","0","0","0","0","5","1","","67","9","2022","1","40.027191","-75.160947","0933","6","0","0","0","0","0","0","0","1","","0","1","0","","","1","N","0","","40 01:37.889","1","0","75 09:39.409","4","0","0","0","67301","0","0","0","N","0","0","0","1","67301","1","","6.0","1044.0","1","N","N","N","0","","0","0","0","","0","N","","2","1","0","0","0","0","0","2","0","2","","03","","N","","","","","","","","","",""
"2022077074","0527","1","0","0","0","0","0","0","0","0","8","0","","67","8","2022","4","39.95044","-75.192585","0527","6","0","0","0","0","0","0","0","0","","0","0","0","","","1","","1","","39 57:01.583","","0","75 11:33.306","3","0","0","0","67301","1","0","0","N","1","0","0","2","67504","0","","1.0","","1","N","N","N","0","","1","0","0","","2","","","2","1","0","0","0","0","0","2","0","1","","03","","N","","","","","","","","","",""
"2022080972","0117","2","0","0","0","0","0","0","0","0","2","0","","67","9","2022","1","40.061292","-75.172057","0112","6","0","0","0","0","0","1","0","0","","0","0","0","","","1","","1","","40 03:40.652","","0","75 10:19.404","3","0","0","0","67301","0","0","0","N","0","0","0","2","67301","0","","1.0","","1","N","N","N","0","","1","0","0","","3","","","2","1","0","0","0","0","1","2","0","2","","03","","N","","","","","","","","","",""
"2022079765","1331","1","0","0","0","0","0","0","0","0","1","0","","67","8","2022","1","39.902228","-75.201758","1330","6","0","0","0","0","0","0","0","0","","0","0","0","","","1","N","0","","39 54:08.021","","3","75 12:06.330","8","0","0","0","67301","0","0","0","N","0","0","0","2","67301","0","","1.0","","1","N","N","N","1","","0","0","0","","0","","","2","1","1","0","0","1","0","2","0","2","","03","","N","","","","","","","","","",""
"2022081458","1630","1","0","0","0","0","0","0","0","0","2","0","","67","9","2022","2","40.01734","-75.211414","1626","6","0","0","0","0","0","0","0","0","","0","0","0","","","0","N","0","","40 01:02.424","","0","75 12:41.092","0","0","0","0","67301","0","0","0","N","0","0","0","2","67301","0","","1.0","","1","N","N","N","0","","0","0","1","","0","","","2","0","0","0","0","0","0","2","0","2","","03","","N","","","","","","","","","",""
"2022080922","0135","2","0","0","0","0","0","0","0","0","4","1","","67","9","2022","7","40.130787","-75.015951","0130","6","0","0","0","0","0","0","0","0","","0","1","0","","","1","N","0","","40 07:50.833","","0","75 00:57.425","4","0","0","0","67301","2","0","0","N","2","0","0","5","67301","1","","4.0","","1","N","N","N","0","","0","0","0","","0","","","5","1","0","0","0","0","1","2","0","3","","03","","N","","","","","","","","","",""
"2022072238","0019","1","0","0","0","0","0","0","0","0","5","0","","67","8","2022","7","40.057651","-75.162163","0019","6","0","0","0","0","0","0","0","0","","0","0","0","","","1","","1","","40 03:27.545","","0","75 09:43.786","3","0","0","0","67301","0","0","0","N","0","0","0","2","67301","0","","1.0","","1","N","N","N","0","","1","0","1","","2","","","2","1","0","0","0","0","1","2","0","2","","","","N","","","","","","","","","",""
"2022073730","1628","1","0","0","0","0","0","0","0","0","8","0","","67","8","2022","4","39.974224","-75.226355","1628","6","0","0","0","0","0","0","0","0","","0","0","0","","","1","","1","","39 58:27.207","","0","75 13:34.879","3","0","0","0","67301","1","0","0","N","1","0","0","2","67301","0","","1.0","","1","N","N","N","0","","1","0","0","","2","","","2","1","1","0","0","0","0","2","0","1","","03","","N","","","","","","","","","",""
"2022080968","2347","2","0","0","0","0","0","0","0","0","4","0","","67","9","2022","7","40.050117","-75.064072","2345","6","0","0","0","0","0","0","0","0","","0","0","0","","","0","","1","","40 03:00.421","","0","75 03:50.659","0","0","0","0","67301","0","0","0","N","0","0","0","4","67301","0","","1.0","","1","N","N","N","0","","0","0","0","","2","","","2","0","0","0","0","0","0","2","0","2","","","","N","","","","","","","","","",""
"2022072233","1730","1","0","0","0","0","0","0","0","0","4","0","","67","8","2022","4","40.053078","-75.177189","1730","6","0","0","0","0","0","0","0","0","","0","0","0","","","1","","2","","40 03:11.079","","0","75 10:37.881","3","0","0","0","67301","0","0","0","N","0","0","0","2","67301","0","","1.0","","1","N","N","N","0","","1","0","1","","3","","","2","1","0","0","0","0","0","2","0","2","","","","N","","","","","","","","","",""
"2022082336","2354","0","0","0","0","0","0","0","0","0","5","0","","67","8","2022","2","39.886176","-75.207753","2340","6","0","0","0","0","0","0","0","0","","0","0","0","","","0","N","0","","39 53:10.234","2","3","75 12:27.910","9","0","0","0","67301","0","0","0","N","0","0","0","3","68K01","0","","1.0","2350.0","1","N","N","N","1","","0","0","1","","0","N","","2","0","0","0","0","0","1","2","0","2","","","","N","","","","","","","","","",""
"2022075749","2137","0","0","0","0","0","0","0","0","0","4","0","","67","8","2022","3","39.95762","-75.145687","2135","6","0","0","0","0","0","0","0","0","","0","0","0","","","1","","1","","39 57:27.432","","0","75 08:44.473","2","0","1","1","67301","0","0","0","N","0","0","0","2","67301","0","","1.0","","1","N","N","N","0","","0","1","1","","2","","","2","1","0","0","0","0","0","2","0","2","","03","","N","","","","","","","","","",""
"2022080768","1752","0","0","0","0","0","0","0","0","0","4","0","","67","9","2022","6","40.072642","-75.15795","1752","6","0","0","0","0","0","0","1","0","","0","0","0","","","1","N","0","","40 04:21.510","","7","75 09:28.620","4","0","0","0","67301","0","0","0","N","0","0","0","2","67301","1","","1.0","","1","N","N","N","0","","0","0","2","","0","","","2","1","0","0","0","0","0","2","0","2","","","","N","","","","","","","","","",""
"2022086339","2312","2","0","0","0","0","0","0","0","0","1","0","","67","9","2022","7","39.885744","-75.243466","2254","6","0","0","0","0","0","1","0","0","","0","0","0","","","2","N","0","","39 53:08.678","","0","75 14:36.478","4","0","0","0","67301","0","0","0","N","0","0","0","3","68K01","2","","1.0","","1","N","N","N","0","","0","0","1","","0","","","3","2","0","0","0","0","0","2","0","3","","","","N","","","","","","","","","",""
"2022072267","0450","1","0","0","0","0","0","0","0","0","1","0","","67","8","2022","3","39.976306","-75.182944","0444","6","0","0","0","0","0","0","0","0","","0","0","0","","","0","N","0","","39 58:34.700","","0","75 10:58.600","9","0","0","0","67301","0","0","0","N","0","0","0","1","67301","0","","6.0","","1","N","N","N","0","","0","0","1","","0","","","2","0","1","0","0","0","1","2","0","2","","","","N","","","","","","","","","",""
"2022072246","0400","1","0","0","0","0","0","0","0","0","5","0","","67","8","2022","5","40.035333","-75.0335","0354","6","0","0","0","0","0","0","0","0","","0","0","0","","","1","N","0","","40 02:07.200","","0","75 02:00.600","3","0","0","0","67301","0","0","0","N","0","0","0","1","67301","0","","6.0","","1","N","N","N","0","","1","0","1","","0","","","2","1","0","0","0","0","0","2","0","2","","03","","N","","","","","","","","","",""
"2022070432","0850","1","0","0","0","0","0","0","0","0","8","0","","67","8","2022","2","39.958475","-75.225184","0841","6","0","0","0","0","0","0","0","0","","0","0","0","","","1","","1","","39 57:30.510","","0","75 13:30.663","3","0","0","0","67301","1","0","0","N","1","0","0","2","67301","0","","1.0","","9","N","N","N","0","","1","0","0","","2","","","2","1","0","0","0","0","0","2","0","1","","07","","N","","","","","","","","","",""
"2022086345","2229","1","0","0","0","0","0","0","0","0","7","0","","67","9","2022","1","40.036242","-75.015417","2213","6","0","0","0","0","0","0","0","0","","0","0","0","","","0","N","0","","40 02:10.470","","0","75 00:55.500","0","0","0","0","67301","0","0","0","N","0","0","0","1","68K01","0","","4.0","","9","N","N","N","0","","0","0","0","","0","","","1","0","0","0","0","0","0","2","0","1","","","","N","","","","","","","","","",""
"2022075809","0856","0","0","0","0","0","0","0","0","0","8","0","","67","8","2022","2","40.036763","-75.138105","0854","6","0","0","0","0","0","0","0","0","","0","0","0","","","1","","1","","40 02:12.346","","0","75 08:17.177","8","0","0","0","67301","1","0","0","N","1","0","0","2","67301","0","","1.0","","1","N","N","N","0","","0","0","1","","3","","","2","1","1","0","0","1","1","2","0","1","","","","N","","","","","","","","","",""
"2022082026","2355","3","0","0","0","0","0","0","0","0","4","0","","67","8","2022","1","39.960502","-75.241551","2355","6","0","0","0","0","0","0","0","0","","0","0","0","","","0","N","0","","39 57:37.808","","0","75 14:29.585","9","0","0","0","67301","0","0","0","N","0","0","0","1","67301","0","","4.0","","9","N","N","N","0","","0","0","0","","0","","","3","0","1","0","0","0","1","2","0","3","","07","","N","","","","","","","","","",""
"2022075750","2155","2","0","0","0","0","0","0","0","0","4","0","","67","8","2022","3","40.094814","-75.050726","2155","6","0","1","0","1","0","0","0","0","","0","0","0","","","1","","1","","40 05:41.329","","0","75 03:02.612","3","0","0","0","67301","0","0","0","N","0","0","0","4","67301","0","","1.0","","1","N","N","N","0","","1","0","0","","2","","","2","1","0","0","0","0","0","2","0","2","","03","","N","","","","","","","","","",""
"2022073197","0339","1","0","0","0","0","0","0","0","0","4","0","","67","8","2022","6","40.041653","-75.122094","0331","6","0","0","0","0","0","0","0","0","","0","0","0","","","2","","1","","40 02:29.950","","0","75 07:19.538","3","0","0","0","67301","0","0","0","N","0","0","0","3","67301","0","","1.0","","1","N","N","N","0","","2","0","1","","2","","","2","2","0","0","0","0","1","2","0","2","","03","","N","","","","","","","","","",""
"2022070437","0610","1","0","0","0","0","0","0","0","0","6","0","","67","8","2022","2","40.044178","-75.069186","0601","6","0","0","0","0","0","0","0","0","","0","0","0","","","0","N","0","","40 02:39.040","4","0","75 04:09.070","0","0","0","0","67301","0","0","0","N","0","0","0","1","67301","0","","6.0","707.0","9","N","N","N","0","","0","0","4","","0","N","","5","0","0","0","0","0","0","2","0","5","","","","N","","","","","","","","","",""
"2022075766","0059","0","0","0","0","0","0","0","0","0","8","0","","67","8","2022","3","40.059851","-75.15013","0059","6","0","0","0","0","0","0","0","0","","0","0","0","","","1","","1","","40 03:35.463","","0","75 09:00.467","3","0","0","0","67301","1","0","0","N","1","0","0","2","67301","0","","1.0","","1","N","N","N","0","","1","0","0","","2","","","2","1","0","0","0","0","1","2","0","1","","03","","N","","","","","","","","","",""
"2022089836","0859","1","0","0","0","0","0","0","0","0","4","1","","67","9","2022","5","40.009322","-75.139326","0859","6","0","0","0","0","0","0","0","0","","0","1","0","","","2","","1","","40 00:33.559","","0","75 08:21.573","8","0","0","0","67301","0","0","0","N","0","0","0","3","67301","0","","1.0","","1","N","N","N","0","","0","0","0","","3","","","3","2","0","0","0","2","1","2","0","3","","","","N","","","","","","","","","",""
"2022076174","0955","2","0","0","0","0","0","0","0","0","4","0","","67","8","2022","7","40.029978","-75.211294","0955","6","0","0","0","0","0","1","0","0","","0","0","0","","","0","","1","","40 01:47.922","","0","75 12:40.658","9","0","0","0","67301","0","0","0","N","0","0","0","4","67301","0","","1.0","","1","N","N","N","0","","0","0","0","","2","","","2","0","0","0","0","0","2","2","0","2","","","","N","","","","","","","","","",""
"2022092515","0820","1","0","0","0","0","0","0","0","0","5","1","","67","10","2022","4","40.021919","-75.165656","0820","6","0","0","0","0","0","0","0","0","","0","1","0","","","0","N","0","","40 01:18.910","","0","75 09:56.360","0","0","0","0","67301","0","0","0","N","0","0","0","1","67301","0","","6.0","","1","N","N","N","0","","0","0","0","","0","","","2","0","1","0","0","0","0","2","0","2","","03","","N","","","","","","","","","",""
"2022087827","0530","2","0","0","0","0","0","1","0","0","5","1","","67","9","2022","2","40.012586","-75.104514","0415","6","0","0","0","0","0","0","1","0","","0","0","0","","","1","N","0","","40 00:45.310","","0","75 06:16.250","3","0","0","0","67301","0","0","0","N","0","0","0","2","67301","0","","6.0","","1","Y","Y","N","0","","1","0","1","","0","","","4","1","0","0","0","0","0","2","0","4","","03","","N","","","","","","","","","",""
"2022082179","1621","2","0","0","0","0","0","0","0","0","1","0","","67","8","2022","6","40.021651","-75.040805","1621","6","0","0","0","1","0","0","0","0","","0","0","0","","","1","N","0","","40 01:17.943","2","2","75 02:26.899","8","0","0","0","67301","0","0","0","N","0","0","0","4","68K01","0","","1.0","1623.0","1","N","N","N","0","","0","0","1","","0","N","","3","1","0","0","0","1","1","2","0","3","","04","","N","","","","","","","","","",""
"2022075969","1652","1","0","0","0","0","0","0","0","0","7","0","","67","8","2022","5","39.889706","-75.233626","1651","6","0","0","0","0","0","0","0","0","","0","0","0","","","1","","1","","39 53:22.940","1","0","75 14:01.052","3","0","0","0","67301","0","0","0","N","0","0","0","1","67301","0","","3.0","100.0","1","N","N","N","0","","1","0","0","","2","N","","1","1","1","0","0","0","0","2","0","1","","03","","N","","","","","","","","","",""
"2022075812","1210","1","0","0","0","0","0","0","0","0","4","0","","67","8","2022","4","40.030443","-75.116299","1210","6","0","0","0","0","0","0","0","0","","0","0","0","","","0","","1","","40 01:49.594","","0","75 06:58.676","9","0","0","0","67301","0","0","0","N","0","0","0","3","67301","0","","1.0","","1","N","N","N","0","","0","0","1","","3","","","2","0","0","0","0","0","1","2","0","2","","03","","N","","","","","","","","","",""
"2022088961","1900","1","0","0","0","0","0","0","0","0","1","0","","67","9","2022","2","39.91386","-75.148809","1818","6","0","0","0","0","0","0","1","1","","0","0","0","","","2","N","0","","39 54:49.895","","0","75 08:55.711","3","0","0","0","67301","0","0","0","N","0","0","0","3","67301","0","","1.0","","1","N","N","Y","0","","2","0","1","","0","","","2","2","0","0","0","0","0","2","0","2","","03","","N","","","","","","","","","",""
"2022090311","1430","0","0","0","0","0","0","0","0","0","4","0","","67","9","2022","5","40.025943","-75.080688","1427","6","0","0","0","0","0","0","0","0","","0","0","0","","","0","","1","","40 01:33.395","6","0","75 04:50.478","0","0","0","0","67301","0","0","0","N","0","0","0","3","67301","0","","1.0","1523.0","1","N","N","N","0","","0","0","2","","3","Y","","2","0","1","0","0","0","0","2","0","2","","","","N","","","","","","","","","",""
"2022078403","1830","2","0","0","0","0","0","0","0","0","1","0","","67","8","2022","6","39.976176","-75.160962","1823","6","0","0","0","0","0","0","0","0","","0","0","0","","","2","","1","","39 58:34.232","","0","75 09:39.464","4","0","0","0","67301","0","0","0","N","0","0","0","4","67301","2","","1.0","","1","N","N","N","0","","0","0","0","","3","","","2","2","0","0","0","0","0","2","0","2","","03","","N","","","","","","","","","",""
"2022088158","2310","1","0","0","0","0","0","0","0","0","2","0","","67","9","2022","6","39.916004","-75.165312","2310","6","0","0","0","0","0","0","0","0","","0","0","0","","","1","N","0","","39 54:57.613","","0","75 09:55.124","3","0","0","0","67301","0","0","0","N","0","0","0","1","67301","0","","1.0","","1","N","N","N","0","","1","0","1","","0","","","2","1","1","0","0","0","0","2","0","2","","","","N","","","","","","","","","",""
"2022075848","1252","2","0","0","0","0","0","0","0","0","1","0","","67","8","2022","4","40.054387","-75.177142","1250","6","0","0","0","0","0","1","0","0","","0","0","0","","","1","N","0","","40 03:15.793","","0","75 10:37.711","8","0","0","0","67301","0","0","0","N","0","0","0","2","67301","0","","1.0","","1","N","N","Y","0","","0","0","1","","0","","","4","1","0","0","0","1","0","2","0","4","","03","","N","","","","","","","","","",""
"2022076881","1846","1","0","0","0","0","0","0","0","0","4","0","","67","8","2022","2","40.014214","-75.141461","1815","6","0","0","0","0","0","0","0","0","","0","0","0","","","0","","2","","40 00:51.170","","0","75 08:29.259","0","0","0","0","67301","0","0","0","N","0","0","0","2","67301","0","","1.0","","1","N","N","N","2","","0","0","0","","3","","","3","0","0","0","0","0","0","2","0","3","","03","","N","","","","","","","","","",""
"2022088052","0030","0","0","0","0","0","0","0","0","0","4","1","","67","9","2022","3","40.060917","-75.137279","0011","6","0","0","0","0","0","0","0","0","","0","1","0","","","0","","2","","40 03:39.301","","7","75 08:14.205","0","0","0","0","67301","0","0","0","N","0","0","0","2","67508","0","","1.0","","1","N","N","N","0","","0","0","1","","0","","","2","0","0","0","0","0","0","2","0","2","","","","N","","","","","","","","","",""
"2022076473","1528","1","0","0","0","0","0","0","0","0","8","0","","67","8","2022","1","40.059926","-75.018391","1520","6","0","0","0","0","0","1","0","0","","0","0","0","","","1","","1","","40 03:35.733","","0","75 01:06.209","3","0","0","0","67301","1","0","0","N","1","0","0","2","67301","0","","1.0","","1","N","N","N","0","","1","0","0","","2","","","2","1","0","0","0","0","0","2","0","1","","","","N","","","","","","","","","",""
"2022077714","1500","1","0","0","0","0","0","0","0","0","4","0","","67","8","2022","3","40.035931","-75.126612","1456","6","0","0","0","0","0","1","0","0","","0","0","0","","","1","","1","","40 02:09.352","","0","75 07:35.804","3","0","0","0","67301","0","0","0","N","0","0","0","2","67301","0","","1.0","","1","N","N","N","0","","1","0","1","","3","","","2","1","0","0","0","0","0","2","0","2","","03","","N","","","","","","","","","",""
"2022076274","1632","1","0","0","0","0","0","0","0","0","4","0","","67","8","2022","6","39.916095","-75.165289","1630","6","0","0","0","0","0","0","0","0","","0","0","0","","","1","N","0","","39 54:57.943","","0","75 09:55.039","3","0","0","0","67301","0","0","0","N","0","0","0","4","67301","0","","1.0","","1","N","N","N","1","","1","0","0","","0","","","2","1","0","0","0","0","1","2","0","2","","","","N","","","","","","","","","",""
"2022090175","0955","0","0","0","1","0","0","0","0","0","8","0","","67","9","2022","5","39.956707","-75.142279","0952","6","0","0","0","0","0","0","0","0","","0","0","0","","","1","","2","","39 57:24.144","","0","75 08:32.205","8","0","0","0","67301","1","0","0","N","0","0","0","1","67301","0","","1.0","","99","N","N","N","1","","0","0","0","","2","","","2","1","0","0","0","1","0","2","0","1","","","","N","","","","","","","","","",""
"2022075768","1033","1","0","0","0","0","0","0","0","0","8","0","","67","8","2022","5","40.035824","-75.174723","1033","6","0","0","0","0","0","0","0","0","","0","0","0","","","1","","1","","40 02:08.965","6","0","75 10:29.001","8","0","0","0","67301","1","0","0","N","1","0","0","3","67301","0","","1.0","1205.0","1","N","N","N","0","","0","0","0","","2","Y","","2","1","2","0","0","1","0","2","0","1","","03","","N","","","","","","","","","",""
"2022077083","2330","0","0","0","0","0","0","0","0","0","4","0","","67","8","2022","2","40.099181","-75.012354","2330","6","0","0","0","0","0","0","0","0","","0","0","0","","","0","","1","","40 05:57.051","","0","75 00:44.474","0","0","0","0","67301","0","0","0","N","0","0","0","2","67301","0","","1.0","","9","N","N","N","1","","0","0","0","","2","","","2","0","1","0","0","0","0","2","1","2","","","","N","","","","","","","","","",""