"CRN","ARRIVAL_TM","AUTOMOBILE_COUNT","BELTED_DEATH_COUNT","BELTED_SUSP_SERIOUS_INJ_COUNT","BICYCLE_COUNT","BICYCLE_DEATH_COUNT","BICYCLE_SUSP_SERIOUS_INJ_COUNT","BUS_COUNT","CHLDPAS_DEATH_COUNT","CHLDPAS_SUSP_SERIOUS_INJ_COUNT","COLLISION_TYPE","COMM_VEH_COUNT","CONS_ZONE_SPD_LIM","COUNTY","CRASH_MONTH","CRASH_YEAR","DAY_OF_WEEK","DEC_LATITUDE","DEC_LONGITUDE","DISPATCH_TM","DISTRICT","DRIVER_COUNT_16YR","DRIVER_COUNT_17YR","DRIVER_COUNT_18YR","DRIVER_COUNT_19YR","DRIVER_COUNT_20YR","DRIVER_COUNT_50_64YR","DRIVER_COUNT_65_74YR","DRIVER_COUNT_75PLUS","EST_HRS_CLOSED","FATAL_COUNT","HEAVY_TRUCK_COUNT","HORSE_BUGGY_COUNT","HOUR_OF_DAY","ILLUMINATION","INJURY_COUNT","INTERSECTION_RELATED","INTERSECT_TYPE","LANE_CLOSED","LATITUDE","LN_CLOSE_DIR","LOCATION_TYPE","LONGITUDE","MAX_SEVERITY_LEVEL","MCYCLE_DEATH_COUNT","MCYCLE_SUSP_SERIOUS_INJ_COUNT","MOTORCYCLE_COUNT","MUNICIPALITY","NONMOTR_COUNT","NONMOTR_DEATH_COUNT","NONMOTR_SUSP_SERIOUS_INJ_COUNT","NTFY_HIWY_MAINT","PED_COUNT","PED_DEATH_COUNT","PED_SUSP_SERIOUS_INJ_COUNT","PERSON_COUNT","POLICE_AGCY","POSSIBLE_INJ_COUNT","RDWY_SURF_TYPE_CD","RELATION_TO_ROAD","ROADWAY_CLEARED","ROAD_CONDITION","SCH_BUS_IND","SCH_ZONE_IND","SECONDARY_CRASH","SMALL_TRUCK_COUNT","SPEC_JURIS_CD","SUSP_MINOR_INJ_COUNT","SUSP_SERIOUS_INJ_COUNT","SUV_COUNT","TCD_FUNC_CD","TCD_TYPE","TFC_DETOUR_IND","TIME_OF_DAY","TOTAL_UNITS","TOT_INJ_COUNT","UNBELTED_OCC_COUNT","UNB_DEATH_COUNT","UNB_SUSP_SERIOUS_INJ_COUNT","UNK_INJ_DEG_COUNT","UNK_INJ_PER_COUNT","URBAN_RURAL","VAN_COUNT","VEHICLE_COUNT","WEATHER1","WEATHER2","WORKERS_PRES","WORK_ZONE_IND","WORK_ZONE_LOC","WORK_ZONE_TYPE","WZ_CLOSE_DETOUR","WZ_FLAGGER","WZ_LAW_OFFCR_IND","WZ_LN_CLOSURE","WZ_MOVING","WZ_OTHER","WZ_SHLDER_MDN","WZ_WORKERS_INJ_KILLED"
"2022076554","0608","0","0","0","1","0","0","0","0","0","8","0","","67","8","2022","4","39.918968","-75.167131","0602","6","0","0","0","0","0","0","0","0","","0","0","0","","","1","","5","","39 55:08.284","","0","75 10:01.671","8","0","0","0","67301","1","0","0","N","0","0","0","2","67301","0","","1.0","","1","N","N","N","0","","0","0","0","","2","","","2","1","0","0","0","1","0","2","0","1","","","","N","","","","","","","","","",""
"2022091391","0250","4","0","0","0","0","0","0","0","0","4","1","","67","9","2022","1","40.049669","-75.160527","0248","6","0","0","0","0","0","1","0","0","","1","1","0","","","0","","1","","40 02:58.808","7","0","75 09:37.897","1","0","0","0","67301","0","0","0","N","0","0","0","2","67301","0","2","1.0","730.0","1","N","N","N","0","0","0","0","1","","2","Y","","6","0","0","0","0","0","1","2","0","6","","03","","N","","","","","","","","","",""
"2022077668","0220","1","0","0","0","0","0","0","0","0","1","0","","67","8","2022","5","39.985739","-75.215964","0220","6","0","0","0","0","0","1","0","0","","0","0","0","","","1","N","0","","39 59:08.660","","0","75 12:57.470","8","0","0","0","67301","0","0","0","N","0","0","0","2","67301","0","","1.0","","1","N","N","N","0","","0","0","0","","0","","","2","1","0","0","0","1","1","2","1","2","","","","N","","","","","","","","","",""
"2022079030","0824","2","0","0","0","0","0","0","0","0","1","0","45","67","8","2022","4","40.011251","-75.061591","0800","6","0","0","0","0","0","0","0","0","","0","0","0","","","2","N","0","","40 00:40.504","","0","75 03:41.728","3","0","0","0","67301","0","0","0","N","0","0","0","5","68K01","0","","1.0","","1","N","N","N","0","","2","0","1","","0","","","4","2","0","0","0","0","1","2","0","4","","","Y","Y","4","1","N","N","N","N","N","N","Y","N"
"2022078752","0035","1","0","0","0","0","0","0","0","0","4","0","","67","8","2022","6","39.970451","-75.150975","0030","6","0","0","0","0","0","0","0","0","","0","0","0","","","2","","1","","39 58:13.623","","1","75 09:03.509","8","0","0","0","67301","0","0","0","N","0","0","0","4","67301","0","","1.0","","1","N","N","N","0","","0","0","1","","3","","","2","2","0","0","0","2","2","2","0","2","","03","","N","","","","","","","","","",""
"2022089235","0123","0","0","0","0","0","0","0","0","0","7","0","","67","9","2022","3","39.953927","-75.140889","0123","6","0","0","0","0","0","0","0","0","","0","0","0","","","0","N","0","","39 57:14.136","1","2","75 08:27.200","0","0","0","0","67301","0","0","0","N","0","0","0","1","68K01","0","","4.0","145.0","1","N","N","N","1","","0","0","0","","0","N","","1","0","0","0","0","0","0","2","0","1","","03","","N","","","","","","","","","",""
"2022077933","1327","0","0","0","0","0","0","0","0","0","4","0","","67","8","2022","2","39.996486","-75.228787","1321","6","0","0","0","0","0","1","0","0","","0","0","0","","","1","","1","","39 59:47.349","","0","75 13:43.633","8","0","0","0","67301","0","0","0","N","0","0","0","2","67301","0","","1.0","","1","N","N","N","0","","0","0","2","","3","","","2","1","0","0","0","1","0","2","0","2","","03","","N","","","","","","","","","",""
"2022076059","1817","2","0","0","0","0","0","0","0","0","5","0","","67","8","2022","4","39.924822","-75.238306","1817","6","0","0","0","0","0","0","0","0","","0","0","0","","","1","N","0","","39 55:29.360","","0","75 14:17.900","3","0","0","0","67301","0","0","0","N","0","0","0","2","67301","0","","6.0","","1","N","N","N","0","","1","0","1","","0","","","3","1","0","0","0","0","0","2","0","3","","03","","N","","","","","","","","","",""
"2022076698","2230","2","0","0","0","0","0","0","0","0","5","0","","67","8","2022","5","39.985439","-75.120762","2230","6","0","0","0","0","1","0","0","0","","0","0","0","","","1","N","0","","39 59:07.580","","0","75 07:14.744","4","0","0","0","67301","0","0","0","N","0","0","0","2","67301","1","","1.0","","1","N","N","N","0","","0","0","0","","0","","","2","1","0","0","0","0","1","2","0","2","","03","","N","","","","","","","","","",""
"2022089311","0942","2","0","0","0","0","0","0","0","0","5","0","","67","9","2022","4","40.07003","-75.031156","0937","6","0","0","0","0","0","0","0","0","","0","0","0","","","1","N","0","","40 04:12.107","3","0","75 01:52.160","3","0","0","0","67301","0","0","0","N","0","0","0","2","67301","0","","6.0","100.0","1","N","N","N","0","","1","0","1","","0","N","","4","1","0","0","0","0","0","2","1","4","","03","","N","","","","","","","","","",""
"2022091564","0226","0","0","0","0","0","0","0","0","0","1","1","45","67","8","2022","3","39.958263","-75.165812","0219","6","0","0","0","0","0","1","0","0","","0","1","0","","","0","","7","","39 57:29.748","3","2","75 09:56.922","9","0","0","0","67301","0","0","0","N","0","0","0","2","68K01","0","","7.0","305.0","1","N","N","N","0","","0","0","0","","1","N","","2","0","0","0","0","0","1","2","1","2","","03","Y","Y","4","2","N","N","N","Y","N","N","N","N"
"2022089219","0110","1","0","0","0","0","0","0","0","0","7","0","","67","9","2022","1","39.880381","-75.247032","0108","6","0","0","0","0","0","0","0","0","","0","0","0","","","1","N","0","","39 52:49.371","","0","75 14:49.314","8","0","0","0","67301","0","0","0","N","0","0","0","1","68K01","0","","4.0","","1","N","N","N","0","","0","0","0","","0","","","1","1","1","0","0","1","0","2","0","1","","03","","N","","","","","","","","","",""
"2022081270","1910","1","0","0","0","0","0","0","0","0","1","0","","67","8","2022","5","39.959867","-75.224188","1910","6","0","0","1","0","0","0","0","0","","0","0","0","","","2","N","0","","39 57:35.520","","0","75 13:27.078","3","0","0","0","67301","0","0","0","N","0","0","0","4","67301","0","","1.0","","1","N","N","N","0","","2","0","2","","0","","","3","2","0","0","0","0","1","2","0","3","","03","","N","","","","","","","","","",""
"2022080320","2330","0","0","0","0","0","0","0","0","0","1","0","","67","8","2022","1","39.958336","-75.152042","2322","6","0","0","0","0","0","0","0","0","","0","0","0","","","2","","1","","39 57:30.009","","0","75 09:07.351","3","0","0","0","67301","0","0","0","N","0","0","0","3","67301","0","","1.0","","99","N","N","N","1","","2","0","1","","2","","","2","2","0","0","0","0","0","2","0","2","","03","","N","","","","","","","","","",""
"2022077708","0911","0","0","0","0","0","0","0","0","0","8","0","","67","8","2022","3","39.98629","-75.15628","0911","6","0","0","0","0","0","1","0","0","","0","0","0","","","1","","1","","39 59:10.645","","0","75 09:22.609","4","0","0","0","67301","1","0","0","N","1","0","0","3","67301","1","","1.0","","1","N","N","N","0","","0","0","0","","2","","","2","1","1","0","0","0","0","2","1","1","","03","","N","","","","","","","","","",""
"2022076169","1153","2","0","0","0","0","0","0","0","0","4","0","","67","8","2022","6","40.037583","-75.050187","1152","6","0","0","0","0","0","0","1","0","","0","0","0","","","1","","1","","40 02:15.298","","0","75 03:00.673","3","0","0","0","67301","0","0","0","N","0","0","0","2","67301","0","","1.0","","1","N","N","N","0","","1","0","0","","3","","","2","1","0","0","0","0","0","2","0","2","","","","N","","","","","","","","","",""
"2022075971","1217","0","0","0","0","0","0","0","0","0","4","0","","67","8","2022","6","39.938124","-75.225168","0014","6","0","0","0","0","0","0","0","0","","0","0","0","","","1","","2","","39 56:17.246","6","0","75 13:30.604","2","0","1","1","67301","0","0","0","N","0","0","0","2","67301","0","","1.0","230.0","1","N","N","N","0","","0","1","1","","0","Y","","2","1","0","0","0","0","0","2","0","2","","03","","N","","","","","","","","","",""
"2022076617","1356","1","0","0","0","0","0","0","0","0","4","0","","67","8","2022","1","40.009056","-75.151283","1356","6","0","0","0","0","0","1","0","0","","0","0","0","","","1","N","0","","40 00:32.602","1","0","75 09:04.619","3","0","0","1","67301","0","0","0","N","0","0","0","2","67301","0","","1.0","1356.0","1","N","N","N","0","","1","0","0","","0","N","","2","1","0","0","0","0","0","2","0","2","","","","N","","","","","","","","","",""
"2022090305","2221","0","0","0","0","0","0","0","0","0","1","0","","67","8","2022","6","39.976833","-75.11271","2216","6","0","0","0","0","0","1","0","0","","0","0","0","","","0","Y","0","","39 58:36.598","","0","75 06:45.755","0","0","0","0","67301","0","0","0","N","0","0","0","2","67301","0","","1.0","","1","N","N","N","0","","0","0","2","","2","","","2","0","1","0","0","0","0","2","0","2","","03","","N","","","","","","","","","",""
"2022091244","1654","2","0","0","0","0","0","0","0","0","1","0","","67","9","2022","6","39.947618","-75.18702","1630","6","0","0","0","0","0","1","0","0","","0","0","0","","","3","N","0","","39 56:51.423","","0","75 11:13.271","3","0","0","0","67301","0","0","0","N","0","0","0","4","68K01","0","","1.0","","1","N","N","N","0","","2","0","0","","8","","","2","3","0","0","0","1","0","2","0","2","","","","N","","","","","","","","","",""
"2022089302","1505","0","0","0","0","0","0","0","0","0","1","0","","67","9","2022","3","40.094226","-75.030825","1457","6","0","0","0","0","0","1","1","0","","0","0","0","","","1","","2","","40 05:39.215","1","0","75 01:50.969","3","0","0","0","67301","0","0","0","N","0","0","0","2","67301","0","","1.0","1530.0","1","N","N","N","1","","1","0","1","","2","N","","2","1","0","0","0","0","0","2","0","2","","","","N","","","","","","","","","",""
"2022076897","2145","0","0","0","0","0","0","0","0","0","4","0","","67","8","2022","6","40.084494","-74.973783","2122","6","0","0","0","0","0","1","0","0","","0","0","0","","","1","","1","","40 05:04.180","","0","74 58:25.617","8","0","0","1","67301","0","0","0","N","0","0","0","3","67301","0","","1.0","","1","N","N","N","0","","0","0","1","","2","","","2","1","0","0","0","1","0","2","0","2","","03","","N","","","","","","","","","",""
"2022089657","1400","1","0","0","0","0","0","0","0","0","4","0","","67","9","2022","4","40.014573","-75.156653","1349","6","0","0","0","0","0","2","0","0","","1","0","0","","","4","","1","","40 00:52.463","3","0","75 09:23.952","1","0","0","0","67301","0","0","0","N","0","0","0","6","67301","4","2","1.0","1426.0","1","N","N","N","0","0","0","0","2","","2","Y","","3","4","0","0","0","0","0","2","0","3","","","","N","","","","","","","","","",""
"2022090916","0034","0","0","0","0","0","0","0","0","0","7","0","","67","10","2022","2","40.015346","-75.177056","0032","6","0","0","0","0","0","0","0","0","","0","0","0","","","0","N","0","","40 00:55.247","2","0","75 10:37.400","0","0","0","0","67301","0","0","0","N","0","0","0","1","67301","0","","3.0","50.0","8","N","N","N","0","","0","0","1","","0","Y","","1","0","0","0","0","0","0","2","0","1","","07","","N","","","","","","","","","",""
"2022091248","2015","1","0","0","0","0","0","0","0","0","7","0","","67","9","2022","7","39.9342","-75.145209","2015","6","0","0","0","0","0","0","0","0","","0","0","0","","","0","N","0","","39 56:03.119","","0","75 08:42.754","0","0","0","0","67301","0","0","0","N","0","0","0","1","68K01","0","","2.0","","9","N","N","Y","0","","0","0","0","","0","","","1","0","0","0","0","0","0","2","0","1","","","","N","","","","","","","","","",""
"2022078232","0119","1","0","0","0","0","0","0","0","0","4","0","","67","8","2022","3","40.025129","-75.082673","0104","6","0","0","0","0","0","0","0","0","","0","0","0","","","0","","1","","40 01:30.464","","0","75 04:57.622","0","0","0","0","67301","0","0","0","N","0","0","0","2","67301","0","","1.0","","1","N","N","N","0","","0","0","3","","3","","","4","0","2","0","0","0","0","2","0","4","","03","","N","","","","","","","","","",""
"2022075965","0115","2","0","0","0","0","0","0","0","0","4","0","","67","8","2022","5","39.917005","-75.234662","0114","6","0","0","0","0","0","0","0","0","","0","0","0","","","0","","1","","39 55:01.218","","0","75 14:04.783","9","0","0","0","67301","0","0","0","N","0","0","0","2","67301","0","","1.0","","1","N","N","N","0","","0","0","0","","2","","","2","0","0","0","0","0","2","2","0","2","","03","","N","","","","","","","","","",""
"2022077569","1341","1","0","0","0","0","0","0","0","0","4","0","","67","8","2022","5","39.962155","-75.242704","1341","6","0","0","0","0","0","0","0","0","","0","0","0","","","0","","1","","39 57:43.759","","1","75 14:33.733","0","0","0","0","67301","0","0","0","N","0","0","0","2","67301","0","","1.0","","1","N","N","N","0","","0","0","1","","2","","","2","0","0","0","0","0","0","2","0","2","","","","N","","","","","","","","","",""
"2022089258","1910","0","0","0","0","0","0","1","0","0","5","1","","67","9","2022","4","40.050337","-75.064639","1832","6","0","0","0","0","0","0","0","0","","0","0","0","","","1","N","0","","40 03:01.214","","0","75 03:52.699","8","0","0","0","67301","0","0","0","N","0","0","0","3","67508","0","","1.0","","1","N","N","N","0","","0","0","0","","0","N","","2","1","0","0","0","1","1","2","1","2","","03","","N","","","","","","","","","",""
"2022075116","1005","1","0","0","0","0","0","0","0","0","1","0","","67","8","2022","4","39.984697","-75.15663","1000","6","0","0","0","0","0","0","0","0","","0","0","0","","","0","","1","","39 59:04.910","","0","75 09:23.867","0","0","0","0","67301","0","0","0","N","0","0","0","2","67505","0","","1.0","","1","N","N","N","0","","0","0","0","","2","","","2","0","0","0","0","0","0","2","1","2","","03","","N","","","","","","","","","",""
"2022078442","0006","1","0","0","0","0","0","0","0","0","4","0","","67","8","2022","5","39.987001","-75.187422","0003","6","0","0","0","0","0","1","1","0","","0","0","0","","","1","N","0","","39 59:13.204","","0","75 11:14.719","4","0","0","0","67301","0","0","0","N","0","0","0","2","67301","1","","1.0","","1","N","N","N","1","","0","0","0","","0","","","2","1","0","0","0","0","1","2","0","2","","","","N","","","","","","","","","",""
"2022076622","1610","2","0","0","0","0","0","0","0","0","4","0","","67","8","2022","7","40.069043","-75.164764","1606","6","0","0","0","0","0","1","1","0","","0","0","0","","","2","","2","","40 04:08.554","2","0","75 09:53.150","3","0","0","0","67301","0","0","0","N","0","0","0","3","67301","0","","1.0","1643.0","1","N","N","N","1","","2","0","0","","0","Y","","3","2","0","0","0","0","0","2","0","3","","03","","N","","","","","","","","","",""
"2022088591","0145","1","0","0","0","0","0","0","0","0","4","0","","67","9","2022","2","39.92135","-75.160114","0139","6","0","0","0","0","1","0","0","0","","0","0","0","","","0","N","0","","39 55:16.860","","0","75 09:36.410","0","0","0","0","67301","0","0","0","N","0","0","0","1","67301","0","","6.0","","1","N","N","N","0","","0","0","1","","0","","","3","0","0","0","0","0","0","2","1","3","","","","N","","","","","","","","","",""
"2022079812","1618","3","0","0","0","0","0","0","0","0","1","0","","67","8","2022","6","39.913336","-75.192363","1612","6","0","0","0","0","0","2","0","0","","0","0","0","","","3","N","0","","39 54:48.011","","0","75 11:32.507","3","0","0","0","67301","0","0","0","N","0","0","0","4","67301","1","","1.0","","1","N","N","N","0","","2","0","1","","0","","","4","3","0","0","0","0","0","2","0","4","","03","","N","","","","","","","","","",""
"2022076159","0920","1","0","0","0","0","0","0","0","0","2","0","","67","8","2022","7","40.043122","-75.119744","0910","6","0","0","0","0","0","0","0","0","","0","0","0","","","0","N","0","","40 02:35.240","","0","75 07:11.080","0","0","0","0","67301","0","0","0","N","0","0","0","1","67301","0","","6.0","","1","N","N","N","0","","0","0","1","","0","","","3","0","0","0","0","0","0","2","1","3","","","","N","","","","","","","","","",""
"2022076558","1845","2","0","0","0","0","0","0","0","0","4","0","","67","8","2022","6","39.983434","-75.158573","1842","6","0","0","0","0","1","0","0","0","","0","0","0","","","0","","1","","39 59:00.364","","0","75 09:30.861","0","0","0","0","67301","0","0","0","N","0","0","0","2","67505","0","","1.0","","1","N","N","N","0","","0","0","0","","2","","","2","0","0","0","0","0","0","2","0","2","","03","","N","","","","","","","","","",""
"2022075847","0823","0","0","0","0","0","0","0","0","0","5","1","","67","8","2022","5","40.043733","-75.016064","0823","6","0","0","0","0","0","1","0","0","","0","1","0","","","1","N","0","","40 02:37.440","","0","75 00:57.830","8","0","0","0","67301","0","0","0","N","0","0","0","4","67301","0","","1.0","","1","N","N","N","0","","0","0","0","","0","","","2","1","0","0","0","1","0","2","1","2","","03","","N","","","","","","","","","",""
"2022077154","1950","1","0","0","0","0","0","0","0","0","8","0","","67","8","2022","6","40.029789","-75.085119","1948","6","0","0","0","0","0","0","0","0","","0","0","0","","","1","N","0","","40 01:47.240","","0","75 05:06.430","8","0","0","0","67301","1","0","0","N","1","0","0","2","67301","0","","1.0","","1","N","N","N","0","","0","0","0","","0","","","3","1","0","0","0","1","0","2","0","2","","","","N","","","","","","","","","",""
"2022092507","2043","0","0","0","0","0","0","0","0","0","4","0","","67","1","2022","5","40.041558","-75.072264","2037","6","0","0","0","0","0","1","0","0","","1","0","0","","","0","N","0","","40 02:29.610","5","0","75 04:20.150","1","0","0","0","67301","0","0","0","N","0","0","0","1","67301","0","2","6.0","2130.0","1","N","N","N","0","0","0","0","2","","0","Y","","2","0","0","0","0","0","0","2","0","2","","03","","N","","","","","","","","","",""
"2022081247","1753","1","0","0","0","0","0","0","0","0","4","1","","67","9","2022","6","39.948883","-75.189669","1745","6","0","0","0","0","0","1","0","0","","0","1","0","","","1","","2","","39 56:55.978","","0","75 11:22.808","4","0","0","0","67301","0","0","0","N","0","0","0","3","67301","1","","1.0","","1","N","N","N","0","","0","0","0","","2","","","2","1","0","0","0","0","0","2","0","2","","03","","N","","","","","","","","","",""
"2022091426","2152","2","0","0","0","0","0","0","0","0","1","0","","67","9","2022","7","39.989855","-75.107529","2152","6","0","0","0","0","0","1","0","0","","1","0","0","","","0","Y","0","","39 59:23.478","","0","75 06:27.103","1","1","0","1","67301","0","0","0","N","0","0","0","4","67301","0","2","1.0","","1","N","N","N","1","0","0","0","2","","2","","","6","0","2","0","0","0","0","2","0","6","","","","N","","","","","","","","","",""
"2022091322","1008","1","0","0","0","0","0","0","0","0","1","1","","67","10","2022","2","39.999181","-75.153455","0942","6","0","0","0","0","0","1","1","0","","0","1","0","","","1","N","0","","39 59:57.052","2","0","75 09:12.437","3","0","0","0","67301","0","0","0","N","0","0","0","4","67301","0","","1.0","1100.0","9","N","N","N","0","","1","0","1","","0","N","","3","1","0","0","0","0","2","2","0","3","","04","","N","","","","","","","","","",""
"2022084467","0804","0","0","0","0","0","0","0","0","0","7","0","","67","8","2022","2","39.987278","-75.088139","0755","6","0","0","0","0","0","0","0","0","","0","0","0","","","1","","3","","39 59:14.200","","2","75 05:17.300","3","0","0","0","67301","0","0","0","N","0","0","0","1","68K01","0","","4.0","","1","N","N","N","0","","1","0","0","","0","","","1","1","0","0","0","0","0","2","1","1","","","","N","","","","","","","","","",""
"2022076536","2140","1","0","0","0","0","0","0","0","0","4","0","","67","8","2022","7","40.040702","-75.030185","2129","6","0","0","0","0","0","0","0","0","","0","0","0","","","2","Y","0","","40 02:26.526","","7","75 01:48.667","4","0","0","0","67301","0","0","0","N","0","0","0","3","67301","2","","1.0","","1","N","N","N","1","","0","0","0","","0","","","2","2","0","0","0","0","0","2","0","2","","","","N","","","","","","","","","",""
"2022091344","0545","0","0","0","0","0","0","0","0","0","7","0","","67","7","2022","1","40.098086","-75.030942","0542","6","0","0","0","0","0","0","0","0","","0","0","0","","","0","N","0","","40 05:53.110","","0","75 01:51.390","0","0","0","0","67301","0","0","0","N","0","0","0","1","67301","0","","2.0","","1","N","N","N","0","","0","0","1","","0","","","1","0","1","0","0","0","0","2","0","1","","","","N","","","","","","","","","",""
"2022075816","1945","1","0","0","0","0","0","0","0","0","5","0","","67","8","2022","4","40.015361","-75.176444","1940","6","0","0","0","0","0","0","0","0","","0","0","0","","","1","N","0","","40 00:55.300","","6","75 10:35.200","3","0","0","0","67301","0","0","0","N","0","0","0","2","67301","0","","1.0","","1","N","N","N","0","","1","0","1","","4","","","2","1","2","0","0","0","0","2","0","2","","03","","N","","","","","","","","","",""
"2022078522","1240","1","0","0","0","0","0","0","0","0","5","0","","67","8","2022","2","40.003514","-75.141464","1240","6","0","0","0","0","0","0","0","0","","0","0","0","","","0","N","0","","40 00:12.650","","0","75 08:29.270","0","0","0","0","67301","0","0","0","N","0","0","0","1","67301","0","","6.0","","9","N","N","N","0","","0","0","0","","0","","","2","0","0","0","0","0","0","2","0","2","","","","N","","","","","","","","","",""
"2022085507","0539","3","0","0","0","0","0","0","0","0","5","0","","67","8","2022","7","39.949625","-75.225028","0539","6","0","0","0","0","0","0","0","0","","0","0","0","","","0","N","0","","39 56:58.650","","0","75 13:30.100","0","0","0","0","67301","0","0","0","N","0","0","0","1","67301","0","","6.0","","1","N","N","N","0","","0","0","1","","0","","","4","0","1","0","0","0","0","2","0","4","","03","","N","","","","","","","","","",""
"2022076168","1025","1","0","0","0","0","0","0","0","0","4","0","","67","8","2022","7","39.938651","-75.142337","0200","6","0","0","0","0","0","0","0","0","","0","0","0","","","1","","1","","39 56:19.144","","2","75 08:32.414","3","0","0","0","67301","0","0","0","N","0","0","0","2","67301","0","","1.0","","99","N","N","N","0","","1","0","1","","2","","","2","1","0","0","0","0","1","2","0","2","","03","","N","","","","","","","","","",""
"2022088703","0019","2","0","0","0","0","0","0","0","0","1","0","","67","9","2022","6","39.928385","-75.1963","0009","6","0","0","0","0","0","0","0","0","","0","0","0","","","3","N","0","","39 55:42.186","4","0","75 11:46.679","3","0","0","0","67301","0","0","0","N","0","0","0","4","68K01","0","","1.0","1235.0","1","N","N","N","0","","3","0","0","","0","N","","2","3","0","0","0","0","0","2","0","2","","","","N","","","","","","","","","",""
"2022076371","1912","0","0","0","0","0","0","0","0","0","4","0","","67","8","2022","7","40.007408","-75.078112","1908","6","0","0","0","0","0","0","1","0","","0","0","0","","","2","","2","","40 00:26.667","","0","75 04:41.203","3","0","0","0","67301","0","0","0","N","0","0","0","4","67301","0","","1.0","","1","N","N","N","0","","2","0","1","","2","","","2","2","0","0","0","0","0","2","1","2","","03","","N","","","","","","","","","",""
"2022080263","0552","1","0","0","0","0","0","0","0","0","1","0","","67","8","2022","2","40.011943","-75.182071","0551","6","0","0","0","0","0","0","0","0","","0","0","0","","","1","N","0","","40 00:42.995","2","0","75 10:55.455","3","0","0","0","67301","0","0","0","N","0","0","0","2","67301","0","","1.0","700.0","1","N","N","N","0","","1","0","0","","0","N","","2","1","0","0","0","0","0","2","1","2","","04","","N","","","","","","","","","",""
"2022090303","1932","0","0","0","0","0","0","0","0","0","1","0","","67","8","2022","1","39.958748","-75.172095","1930","6","0","1","0","0","0","0","0","0","","0","0","0","","","1","","1","","39 57:31.491","","0","75 10:19.542","4","0","0","0","67301","0","0","0","N","0","0","0","2","67301","1","","1.0","","1","N","N","N","0","","0","0","2","","2","","","2","1","0","0","0","0","0","2","0","2","","04","","N","","","","","","","","","",""
"2022090278","1154","0","0","0","0","0","0","0","0","0","4","0","","67","9","2022","7","39.994631","-75.094531","1154","6","0","1","0","0","0","0","0","0","","0","0","0","","","1","","1","","39 59:40.673","","0","75 05:40.311","3","0","0","0","67301","0","0","0","N","0","0","0","2","67301","0","","1.0","","1","N","N","N","0","","1","0","2","","1","","","2","1","0","0","0","0","0","2","0","2","","03","","N","","","","","","","","","",""
"2022076094","0231","1","0","0","0","0","0","0","0","0","4","0","","67","8","2022","7","40.00468","-75.152126","0231","6","0","0","0","0","1","0","0","0","","0","0","0","","","7","","1","","40 00:16.847","1","0","75 09:07.652","8","0","0","0","67301","0","0","0","N","0","0","0","9","67505","0","","1.0","540.0","1","N","N","N","0","","0","0","2","","2","Y","","3","7","4","0","0","7","1","2","0","3","","","","N","","","","","","","","","",""
"2022090093","1559","1","0","0","0","0","0","0","0","0","4","0","","67","9","2022","6","39.970585","-75.150863","1554","6","0","0","0","0","0","0","0","0","","0","0","0","","","1","","1","","39 58:14.107","","0","75 09:03.108","4","0","0","0","67301","0","0","0","N","0","0","0","3","67301","1","","1.0","","1","N","N","N","0","","0","0","1","","3","","","2","1","0","0","0","0","0","2","0","2","","03","","N","","","","","","","","","",""
"2022092492","1219","1","0","0","0","0","0","0","0","0","7","0","","67","10","2022","4","40.043539","-75.003057","1219","6","0","0","0","0","0","0","0","0","","0","0","0","","","0","N","0","","40 02:36.739","","0","75 00:11.006","0","0","0","0","67301","0","0","0","Y","0","0","0","1","68K01","0","","4.0","","9","N","N","N","0","","0","0","0","","0","","","1","0","0","0","0","0","0","2","0","1","","","","N","","","","","","","","","",""
"2022079164","0302","1","0","0","0","0","0","0","0","0","4","0","","67","8","2022","1","40.013587","-75.068535","0259","6","0","0","0","0","0","0","0","0","","0","0","0","","","2","","5","","40 00:48.913","5","0","75 04:06.725","2","0","1","1","67301","0","0","0","N","0","0","0","4","67301","0","","1.0","500.0","1","N","N","N","0","","1","1","0","","2","Y","","2","2","0","0","0","0","2","2","0","2","","03","","N","","","","","","","","","",""
"2022076697","2055","1","0","0","0","0","0","0","0","0","5","0","","67","8","2022","4","39.98422","-75.099055","2055","6","0","0","0","0","0","0","1","0","","0","0","0","","","0","","1","","39 59:03.192","","0","75 05:56.598","9","0","0","0","67301","0","0","0","N","0","0","0","2","67301","0","","1.0","","1","N","N","N","0","","0","0","1","","2","","","2","0","0","0","0","0","1","2","0","2","","","","N","","","","","","","","","",""
"2022076269","1628","2","0","0","0","0","0","0","0","0","4","0","","67","8","2022","7","39.95762","-75.145687","1628","6","0","0","0","0","0","0","0","0","","0","0","0","","","2","","1","","39 57:27.432","","0","75 08:44.473","8","0","0","0","67301","0","0","0","N","0","0","0","4","67301","0","","1.0","","1","N","N","N","0","","0","0","0","","2","","","2","2","0","0","0","2","0","2","0","2","","","","N","","","","","","","","","",""
"2022077899","0140","0","0","0","0","0","0","0","0","0","8","0","","67","8","2022","5","39.95194","-75.159916","0139","6","0","0","0","0","0","0","0","0","","0","0","0","","","1","","1","","39 57:06.984","","0","75 09:35.699","8","0","0","0","67301","1","0","0","N","1","0","0","2","67301","0","","1.0","","1","N","N","N","0","","0","0","1","","2","","","2","1","1","0","0","1","0","2","0","1","","03","","N","","","","","","","","","",""