"CRN","ARRIVAL_TM","AUTOMOBILE_COUNT","BELTED_DEATH_COUNT","BELTED_SUSP_SERIOUS_INJ_COUNT","BICYCLE_COUNT","BICYCLE_DEATH_COUNT","BICYCLE_SUSP_SERIOUS_INJ_COUNT","BUS_COUNT","CHLDPAS_DEATH_COUNT","CHLDPAS_SUSP_SERIOUS_INJ_COUNT","COLLISION_TYPE","COMM_VEH_COUNT","CONS_ZONE_SPD_LIM","COUNTY","CRASH_MONTH","CRASH_YEAR","DAY_OF_WEEK","DEC_LATITUDE","DEC_LONGITUDE","DISPATCH_TM","DISTRICT","DRIVER_COUNT_16YR","DRIVER_COUNT_17YR","DRIVER_COUNT_18YR","DRIVER_COUNT_19YR","DRIVER_COUNT_20YR","DRIVER_COUNT_50_64YR","DRIVER_COUNT_65_74YR","DRIVER_COUNT_75PLUS","EST_HRS_CLOSED","FATAL_COUNT","HEAVY_TRUCK_COUNT","HORSE_BUGGY_COUNT","HOUR_OF_DAY","ILLUMINATION","INJURY_COUNT","INTERSECTION_RELATED","INTERSECT_TYPE","LANE_CLOSED","LATITUDE","LN_CLOSE_DIR","LOCATION_TYPE","LONGITUDE","MAX_SEVERITY_LEVEL","MCYCLE_DEATH_COUNT","MCYCLE_SUSP_SERIOUS_INJ_COUNT","MOTORCYCLE_COUNT","MUNICIPALITY","NONMOTR_COUNT","NONMOTR_DEATH_COUNT","NONMOTR_SUSP_SERIOUS_INJ_COUNT","NTFY_HIWY_MAINT","PED_COUNT","PED_DEATH_COUNT","PED_SUSP_SERIOUS_INJ_COUNT","PERSON_COUNT","POLICE_AGCY","POSSIBLE_INJ_COUNT","RDWY_SURF_TYPE_CD","RELATION_TO_ROAD","ROADWAY_CLEARED","ROAD_CONDITION","SCH_BUS_IND","SCH_ZONE_IND","SECONDARY_CRASH","SMALL_TRUCK_COUNT","SPEC_JURIS_CD","SUSP_MINOR_INJ_COUNT","SUSP_SERIOUS_INJ_COUNT","SUV_COUNT","TCD_FUNC_CD","TCD_TYPE","TFC_DETOUR_IND","TIME_OF_DAY","TOTAL_UNITS","TOT_INJ_COUNT","UNBELTED_OCC_COUNT","UNB_DEATH_COUNT","UNB_SUSP_SERIOUS_INJ_COUNT","UNK_INJ_DEG_COUNT","UNK_INJ_PER_COUNT","URBAN_RURAL","VAN_COUNT","VEHICLE_COUNT","WEATHER1","WEATHER2","WORKERS_PRES","WORK_ZONE_IND","WORK_ZONE_LOC","WORK_ZONE_TYPE","WZ_CLOSE_DETOUR","WZ_FLAGGER","WZ_LAW_OFFCR_IND","WZ_LN_CLOSURE","WZ_MOVING","WZ_OTHER","WZ_SHLDER_MDN","WZ_WORKERS_INJ_KILLED"
"2022087931","1842","1","0","0","0","0","0","0","0","0","1","0","","67","7","2022","3","40.005064","-75.194259","1836","6","0","0","0","0","0","0","0","0","","0","0","0","","","2","N","0","","40 00:18.232","4","2","75 11:39.334","8","0","0","0","67301","0","0","0","N","0","0","0","3","68K01","0","","1.0","1910.0","1","N","N","N","0","","0","0","0","","0","N","","2","2","2","0","0","2","1","2","1","2","","03","","N","","","","","","","","","",""
"2022088061","1842","0","0","0","0","0","0","1","0","0","4","1","","67","9","2022","3","39.957398","-75.157071","1836","6","0","0","0","0","0","1","0","0","","0","0","0","","","0","","1","","39 57:26.633","1","0","75 09:25.457","0","0","0","0","67301","0","0","0","N","0","0","0","2","67508","0","","1.0","9999.0","1","N","N","Y","0","","0","0","1","","2","N","","2","0","1","0","0","0","0","2","0","2","","03","","N","","","","","","","","","",""
"2022075652","2112","0","0","0","0","0","0","0","0","0","5","0","","67","8","2022","5","39.984557","-75.15666","2111","6","0","0","0","0","0","0","1","0","","0","0","0","","","0","N","0","","39 59:04.404","2","0","75 09:23.977","0","0","0","0","67301","0","0","0","N","0","0","0","2","67505","0","","1.0","2140.0","1","N","N","N","0","","0","0","2","","0","N","","2","0","0","0","0","0","0","2","0","2","","03","","N","","","","","","","","","",""
"2022087982","0152","3","0","0","0","0","0","0","0","0","4","0","","67","9","2022","6","40.010108","-75.079972","0145","6","0","0","0","0","0","1","0","0","","0","0","0","","","0","N","0","","40 00:36.389","","0","75 04:47.898","0","0","0","0","67301","0","0","0","N","0","0","0","2","67301","0","","6.0","","1","N","N","N","0","","0","0","1","","2","","","4","0","0","0","0","0","0","2","0","4","","","","N","","","","","","","","","",""
"2022077863","1746","2","0","0","0","0","0","0","0","0","1","0","","67","8","2022","7","39.898501","-75.181827","1740","6","0","0","0","0","0","0","0","0","","0","0","0","","","2","","6","","39 53:54.602","2","2","75 10:54.578","8","0","0","0","67301","0","0","0","N","0","0","0","4","68K01","0","","7.0","50.0","1","N","N","N","0","","0","0","0","","4","Y","","2","2","0","0","0","2","0","2","0","2","","03","","N","","","","","","","","","",""
"2022089067","2107","1","0","0","0","0","0","0","0","0","1","0","","67","8","2022","7","39.968372","-75.129588","2045","6","0","0","0","1","0","1","0","0","","0","0","0","","","3","N","0","","39 58:06.140","","0","75 07:46.518","3","0","0","0","67301","0","0","0","N","0","0","0","6","68K01","0","","1.0","","1","N","N","N","1","","3","0","1","","0","","","3","3","1","0","0","0","2","2","0","3","","","","N","","","","","","","","","",""
"2022088169","1738","1","0","0","0","0","0","0","0","0","8","0","","67","8","2022","3","39.959671","-75.247404","1737","6","0","0","0","0","0","0","0","0","","0","0","0","","","1","","2","","39 57:34.816","","0","75 14:50.653","3","0","0","0","67301","1","0","0","N","1","0","0","2","67301","0","","1.0","","1","N","N","N","0","","1","0","0","","2","","","2","1","1","0","0","0","0","2","0","1","","03","","N","","","","","","","","","",""
"2022076739","0055","2","0","0","0","0","0","0","0","0","5","0","","67","8","2022","7","39.941125","-75.152361","0050","6","0","0","0","0","0","1","0","0","","0","0","0","","","0","N","0","","39 56:28.050","","0","75 09:08.500","0","0","0","0","67301","0","0","0","N","0","0","0","1","67301","0","","6.0","","1","N","N","Y","0","","0","0","1","","0","","","3","0","0","0","0","0","0","2","0","3","","03","","N","","","","","","","","","",""
"2022093134","1930","0","0","0","0","0","0","0","0","0","1","0","","67","10","2022","2","40.037294","-75.047973","1922","6","0","0","0","0","0","1","0","0","","0","0","0","","","1","","1","","40 02:14.258","","0","75 02:52.702","3","0","0","0","67301","0","0","0","N","0","0","0","2","67301","0","","1.0","","9","N","N","N","0","","1","0","2","","0","","","2","1","0","0","0","0","1","2","0","2","","","","N","","","","","","","","","",""
"2022077585","2132","0","0","0","0","0","0","0","0","0","1","0","","67","8","2022","1","39.955309","-75.147825","2132","6","0","1","0","0","0","0","0","0","","0","0","0","","","0","N","0","","39 57:19.112","4","2","75 08:52.171","0","0","0","0","67301","0","0","0","N","0","0","0","4","67501","0","","1.0","2136.0","1","N","N","N","0","","0","0","2","","0","N","","3","0","0","0","0","0","0","2","0","2","","03","","N","","","","","","","","","",""
"2022081859","0414","2","0","0","0","0","0","0","0","0","5","0","","67","8","2022","7","40.009526","-75.140791","0409","6","0","0","0","0","1","0","0","0","","0","0","0","","","0","","1","","40 00:34.293","","0","75 08:26.847","0","0","0","0","67301","0","0","0","N","0","0","0","3","67301","0","","1.0","","1","N","N","Y","0","","0","0","2","","3","","","4","0","3","0","0","0","0","2","0","4","","","","N","","","","","","","","","",""
"2022088699","1721","3","0","0","0","0","0","0","0","0","1","0","","67","8","2022","1","39.950714","-75.141096","1713","6","0","0","1","1","0","0","0","0","","0","0","0","","","0","N","0","","39 57:02.571","","0","75 08:27.945","9","0","0","0","67301","0","0","0","N","0","0","0","3","68K01","0","","1.0","","1","N","N","N","0","","0","0","0","","0","","","3","0","0","0","0","0","1","2","0","3","","03","","N","","","","","","","","","",""
"2022078415","0123","1","0","0","0","0","0","0","0","0","8","0","","67","8","2022","7","39.9444","-75.163136","0121","6","0","0","0","0","0","1","0","0","","0","0","0","","","1","","1","","39 56:39.841","","0","75 09:47.288","2","0","0","0","67301","1","0","1","N","1","0","1","2","67301","0","","1.0","","1","N","N","N","0","","0","1","0","","1","","","2","1","0","0","0","0","0","2","0","1","","03","","N","","","","","","","","","",""
"2022075950","1538","2","0","0","0","0","0","0","0","0","4","0","","67","8","2022","6","40.068905","-75.18175","1538","6","0","1","0","0","0","0","0","0","","0","0","0","","","0","","1","","40 04:08.058","","0","75 10:54.300","0","0","0","0","67301","0","0","0","N","0","0","0","3","67301","0","","1.0","","1","N","N","N","0","","0","0","1","","2","","","3","0","1","0","0","0","0","2","0","3","","03","","N","","","","","","","","","",""
"2022080288","1714","0","0","0","0","0","0","0","0","0","1","0","","67","8","2022","4","40.081182","-75.028451","1709","6","0","0","0","0","0","0","0","0","","0","0","0","","","1","Y","0","","40 04:52.256","","0","75 01:42.423","3","0","0","0","67301","0","0","0","N","0","0","0","1","67301","0","","1.0","","1","N","N","N","0","","1","0","1","","2","","","2","1","1","0","0","0","0","2","0","2","","03","","N","","","","","","","","","",""
"2022089255","1040","0","0","0","0","0","0","0","0","0","4","1","","67","9","2022","6","39.938019","-75.197696","1030","6","0","0","0","1","0","0","0","0","","0","1","0","","","0","","1","","39 56:16.868","","0","75 11:51.705","9","0","0","0","67301","0","0","0","N","0","0","0","2","67301","0","","1.0","","1","N","N","N","0","","0","0","1","","3","","","2","0","0","0","0","0","1","2","0","2","","03","","N","","","","","","","","","",""
"2022080070","0310","2","0","0","0","0","0","0","0","0","1","0","","67","8","2022","1","39.951098","-75.182821","0305","6","0","0","0","0","0","0","0","0","","0","0","0","","","0","N","0","","39 57:03.952","4","3","75 10:58.156","9","0","0","0","67301","0","0","0","N","0","0","0","3","68K01","0","","1.0","315.0","1","N","N","N","0","","0","0","0","","0","N","","2","0","0","0","0","0","1","2","0","2","","03","","N","","","","","","","","","",""
"2022089586","0643","1","0","0","0","0","0","0","0","0","5","1","","67","9","2022","2","39.967124","-75.188175","0628","6","0","0","0","0","0","0","0","0","","0","1","0","","","0","N","0","","39 58:01.645","4","0","75 11:17.430","0","0","0","0","67301","0","0","0","N","0","0","0","2","68K01","0","","1.0","705.0","1","N","N","N","0","","0","0","0","","0","N","","2","0","0","0","0","0","0","2","0","2","","","","N","","","","","","","","","",""
"2022089234","0004","1","0","0","0","0","0","0","0","0","7","0","","67","9","2022","2","40.05346","-74.986564","2347","6","0","0","0","0","0","0","0","0","","0","0","0","","","0","N","0","","40 03:12.455","","0","74 59:11.629","0","0","0","0","67301","0","0","0","Y","0","0","0","1","68K01","0","","4.0","","1","N","N","N","0","","0","0","0","","0","","","1","0","0","0","0","0","0","2","0","1","","","","N","","","","","","","","","",""
"2022076877","2100","1","0","0","0","0","0","0","0","0","1","0","","67","8","2022","1","40.030221","-75.088209","2045","6","0","0","0","0","0","0","0","0","","0","0","0","","","0","","1","","40 01:48.794","","0","75 05:17.552","0","0","0","0","67301","0","0","0","N","0","0","0","2","67301","0","","1.0","","1","N","N","N","0","","0","0","1","","2","","","2","0","2","0","0","0","0","2","0","2","","03","","N","","","","","","","","","",""
"2022078206","2237","3","0","0","0","0","0","0","0","0","1","0","","67","8","2022","6","39.982345","-75.160429","2237","6","0","0","0","0","0","0","0","0","","0","0","0","","","1","N","0","","39 58:56.441","1","0","75 09:37.545","8","0","0","0","67301","0","0","0","N","0","0","0","1","67505","0","","6.0","2320.0","1","N","N","N","0","","0","0","2","","0","Y","","5","1","1","0","0","1","0","2","0","5","","","","N","","","","","","","","","",""
"2022081861","0212","2","0","0","0","0","0","0","0","0","4","0","","67","8","2022","1","40.018616","-75.138141","0209","6","0","0","0","0","0","0","0","0","","0","0","0","","","1","","1","","40 01:07.017","","0","75 08:17.308","4","0","0","0","67301","0","0","0","N","0","0","0","2","67301","1","","1.0","","9","N","N","N","1","","0","0","0","","3","","","3","1","2","0","0","0","1","2","0","3","","04","","N","","","","","","","","","",""
"2022076572","1345","1","0","0","0","0","0","0","0","0","4","0","","67","8","2022","1","40.064009","-75.239716","1342","6","0","0","0","0","0","0","0","1","","0","0","0","","","0","","1","","40 03:50.433","","0","75 14:22.976","0","0","0","0","67301","0","0","0","N","0","0","0","3","67301","0","","1.0","","1","N","N","N","0","","0","0","1","","2","","","2","0","0","0","0","0","0","2","0","2","","03","","N","","","","","","","","","",""
"2022076149","0922","1","0","0","0","0","0","0","0","0","4","0","","67","8","2022","5","40.057459","-75.148169","0922","6","0","0","0","0","0","0","0","0","","0","0","0","","","1","","1","","40 03:26.852","","0","75 08:53.408","8","0","0","0","67301","0","0","0","N","0","0","0","2","67301","0","","1.0","","1","N","N","N","0","","0","0","1","","3","","","2","1","0","0","0","1","0","2","0","2","","03","","N","","","","","","","","","",""
"2022092511","1225","0","0","0","0","0","0","0","0","0","4","1","","67","9","2022","6","40.023927","-75.035446","1210","6","0","0","0","0","0","0","0","0","","0","1","0","","","0","","1","","40 01:26.136","1","2","75 02:07.607","0","0","0","0","67301","0","0","0","N","0","0","0","2","67301","0","","1.0","1415.0","1","N","N","N","0","","0","0","0","","2","Y","","2","0","0","0","0","0","0","2","1","2","","03","","N","","","","","","","","","",""
"2022089884","0030","1","0","0","0","0","0","0","0","0","7","0","","67","8","2022","7","39.991583","-75.184705","0023","6","0","0","0","0","0","0","0","0","","0","0","0","","","0","","1","","39 59:29.698","","0","75 11:04.939","0","0","0","0","67301","0","0","0","N","0","0","0","1","67301","0","","4.0","","1","N","N","N","0","","0","0","0","","2","","","1","0","0","0","0","0","0","2","0","1","","03","","N","","","","","","","","","",""
"2022076626","2115","1","0","0","0","0","0","0","0","0","4","0","","67","8","2022","7","40.010723","-75.162622","2111","6","0","0","0","0","0","2","0","0","","0","0","0","","","1","","1","","40 00:38.603","","0","75 09:45.439","8","0","0","0","67301","0","0","0","N","0","0","0","2","67301","0","","1.0","","1","N","N","N","0","","0","0","1","","3","","","2","1","0","0","0","1","0","2","0","2","","","","N","","","","","","","","","",""
"2022075767","1807","2","0","0","0","0","0","0","0","0","4","0","","67","8","2022","4","40.035824","-75.174723","1804","6","0","0","0","0","0","0","0","0","","0","0","0","","","1","","1","","40 02:08.965","","0","75 10:29.001","3","0","0","0","67301","0","0","0","N","0","0","0","2","67301","0","","1.0","","1","N","N","N","0","","1","0","0","","2","","","2","1","0","0","0","0","0","2","0","2","","03","","N","","","","","","","","","",""
"2022075859","2056","2","0","0","0","0","0","0","0","0","1","0","","67","8","2022","5","40.017011","-75.147175","2056","6","0","0","0","0","0","0","0","0","","0","0","0","","","1","N","0","","40 01:01.240","","0","75 08:49.830","8","0","0","0","67301","0","0","0","N","0","0","0","2","67301","0","","1.0","","1","N","N","N","0","","0","0","0","","0","","","2","1","0","0","0","1","0","2","0","2","","03","","N","","","","","","","","","",""
"2022087687","0059","1","0","0","0","0","0","0","0","0","7","0","","67","8","2022","4","39.994361","-75.083389","0056","6","0","0","0","0","0","0","0","0","","0","0","0","","","0","","3","","39 59:39.700","","2","75 05:00.200","0","0","0","0","67301","0","0","0","Y","0","0","0","1","68K01","0","","4.0","","1","N","N","N","0","","0","0","0","","0","","","1","0","0","0","0","0","0","2","0","1","","03","","N","","","","","","","","","",""
"2022075803","0922","1","0","0","0","0","0","0","0","0","4","0","","67","8","2022","4","39.969373","-75.139054","0922","6","0","0","0","0","0","1","0","0","","0","0","0","","","1","","2","","39 58:09.743","","0","75 08:20.593","8","0","0","0","67301","0","0","0","N","0","0","0","2","67301","0","","1.0","","1","N","N","N","0","","0","0","1","","0","","","2","1","0","0","0","1","0","2","0","2","","","","N","","","","","","","","","",""
"2022089240","0004","0","0","0","0","0","0","0","0","0","5","0","","67","9","2022","3","39.974082","-75.118333","2339","6","0","0","0","0","0","0","0","0","","0","0","0","","","1","N","0","","39 58:26.695","","0","75 07:06.000","3","0","0","0","67301","0","0","0","N","0","0","0","3","68K01","0","","1.0","","1","N","N","N","0","","1","0","1","","0","","","2","1","0","0","0","0","1","2","0","2","","","","N","","","","","","","","","",""
"2022090021","0455","2","0","0","0","0","0","0","0","0","4","0","","67","9","2022","5","40.029777","-75.104616","0451","6","0","0","0","0","0","0","0","0","","0","0","0","","","1","","2","","40 01:47.196","4","0","75 06:16.616","3","0","0","0","67301","0","0","0","N","0","0","0","2","67301","0","","1.0","520.0","1","N","N","N","0","","1","0","0","","2","Y","","2","1","0","0","0","0","1","2","0","2","","03","","N","","","","","","","","","",""
"2022089218","0220","1","0","0","0","0","0","0","0","0","7","0","","67","9","2022","7","39.956824","-75.15106","0219","6","0","0","0","0","0","0","0","0","","0","0","0","","","0","N","0","","39 57:24.565","3","0","75 09:03.817","0","0","0","0","67301","0","0","0","N","0","0","0","3","68K01","0","","4.0","300.0","1","N","N","N","0","","0","0","0","","0","N","","1","0","0","0","0","0","0","2","0","1","","","","N","","","","","","","","","",""
"2022078695","0122","1","0","0","0","0","0","0","0","0","7","0","35","67","8","2022","7","39.955433","-75.148034","0122","6","0","0","0","0","0","0","0","0","","0","0","0","","","0","N","0","","39 57:19.558","4","2","75 08:52.921","0","0","0","0","67301","0","0","0","N","0","0","0","2","67501","0","","4.0","430.0","1","N","N","N","0","","0","0","0","","0","N","","1","0","0","0","0","0","0","2","0","1","","03","U","Y","5","1","","","N","Y","Y","","","N"
"2022086782","1725","0","0","0","0","0","0","0","0","0","4","0","","67","8","2022","1","39.956797","-75.155574","1725","6","0","0","0","0","0","0","0","0","","0","0","0","","","1","","1","","39 57:24.468","","0","75 09:20.068","3","0","0","0","67301","0","0","0","N","0","0","0","2","67301","0","","1.0","","1","N","N","N","1","","1","0","2","","2","","","3","1","2","0","0","0","0","2","0","3","","03","","N","","","","","","","","","",""
"2022085494","0028","2","0","0","0","0","0","0","0","0","4","0","","67","8","2022","7","39.956963","-75.225512","0022","6","0","0","0","0","0","0","0","0","","0","0","0","","","2","","1","","39 57:25.065","","0","75 13:31.843","3","0","0","0","67301","0","0","0","N","0","0","0","3","67301","0","","1.0","","1","N","N","N","0","","2","0","0","","2","","","2","2","0","0","0","0","0","2","0","2","","03","","N","","","","","","","","","",""
"2022084440","0942","0","0","0","0","0","0","0","0","0","1","0","","67","8","2022","4","40.018504","-75.046987","0919","6","0","0","0","1","0","0","0","0","","0","0","0","","","0","N","0","","40 01:06.616","","0","75 02:49.153","0","0","0","0","67301","0","0","0","N","0","0","0","1","68K01","0","","2.0","","1","N","N","N","1","","0","0","1","","0","","","2","0","0","0","0","0","0","2","0","2","","03","","N","","","","","","","","","",""
"2022089162","1535","0","0","0","0","0","0","0","0","0","4","0","","67","9","2022","3","40.013391","-75.184124","1535","6","0","0","0","0","0","0","0","0","","0","0","0","","","0","","2","","40 00:48.207","","0","75 11:02.845","9","0","0","0","67301","0","0","0","N","0","0","0","2","67301","0","","1.0","","1","N","N","N","0","","0","0","2","","3","","","2","0","0","0","0","0","1","2","0","2","","","","N","","","","","","","","","",""
"2022077713","0845","1","0","0","0","0","0","0","0","0","5","0","","67","8","2022","1","40.038139","-75.131489","0838","6","0","0","0","0","0","1","0","0","","0","0","0","","","0","N","0","","40 02:17.300","4","0","75 07:53.360","0","0","0","0","67301","0","0","0","N","0","0","0","1","67301","0","","6.0","1023.0","1","N","N","N","0","","0","0","1","","0","N","","2","0","0","0","0","0","0","2","0","2","","","","N","","","","","","","","","",""
"2022079322","1545","1","0","0","0","0","0","0","0","0","4","0","","67","8","2022","2","40.036254","-75.025832","1526","6","0","0","0","0","0","0","0","0","","0","0","0","","","0","","1","","40 02:10.516","","0","75 01:32.995","0","0","0","0","67301","0","0","0","N","0","0","0","1","67301","0","","1.0","","1","N","N","N","1","","0","0","0","","3","","","2","0","0","0","0","0","0","2","0","2","","","","N","","","","","","","","","",""
"2022089655","2140","2","0","0","0","0","0","0","0","0","8","0","","67","9","2022","6","40.043291","-75.052235","2134","6","0","0","0","0","0","0","0","0","","1","0","0","","","0","","1","","40 02:35.849","","0","75 03:08.046","1","0","0","0","67301","1","1","0","N","1","1","0","2","67301","0","2","1.0","","1","N","N","Y","0","0","0","0","0","","2","","","3","0","0","0","0","0","1","2","0","2","","03","","N","","","","","","","","","",""
"2022077568","1712","0","0","0","0","0","0","0","0","0","5","0","","67","8","2022","1","39.992461","-75.226567","1701","6","0","0","0","0","0","0","0","0","","0","0","0","","","2","N","0","","39 59:32.860","3","0","75 13:35.640","4","0","0","0","67301","0","0","0","N","0","0","0","3","67301","2","","1.0","1848.0","1","N","N","N","0","","0","0","2","","0","N","","2","2","0","0","0","0","0","2","0","2","","03","","N","","","","","","","","","",""
"2022076623","0108","1","0","1","0","0","0","0","0","0","1","0","","67","8","2022","1","40.04908","-75.193179","0107","6","0","0","0","0","1","0","0","0","","0","0","0","","","2","","1","","40 02:56.688","","0","75 11:35.443","2","0","0","0","67301","0","0","0","N","0","0","0","2","67301","0","","1.0","","1","N","N","N","0","","1","1","1","","2","","","2","2","0","0","0","0","0","2","0","2","","03","","N","","","","","","","","","",""
"2022075802","0002","2","0","0","0","0","0","0","0","0","5","0","","67","8","2022","4","39.985078","-75.142408","0002","6","0","0","0","0","0","0","0","0","","0","0","0","","","0","N","0","","39 59:06.280","","0","75 08:32.670","0","0","0","0","67301","0","0","0","N","0","0","0","1","67301","0","","6.0","","1","N","N","N","0","","0","0","2","","0","","","4","0","0","0","0","0","0","2","0","4","","","","N","","","","","","","","","",""
"2022075866","1620","1","0","0","0","0","0","0","0","0","5","0","","67","8","2022","5","39.967409","-75.178633","1607","6","0","0","0","0","0","0","1","0","","0","0","0","","","0","","1","","39 58:02.671","","0","75 10:43.078","0","0","0","0","67301","0","0","0","N","0","0","0","3","67301","0","","1.0","","1","N","N","Y","0","","0","0","2","","2","","","3","0","0","0","0","0","0","2","0","3","","03","","N","","","","","","","","","",""
"2022078423","1740","0","0","0","0","0","0","0","0","0","8","0","","67","8","2022","6","39.9983","-75.127699","1736","6","0","0","0","0","0","0","0","1","","0","0","0","","","1","N","0","","39 59:53.879","","0","75 07:39.717","3","0","0","0","67301","1","0","0","N","1","0","0","2","67301","0","","1.0","","1","N","N","N","0","","1","0","1","","0","","","2","1","0","0","0","0","0","2","0","1","","","","N","","","","","","","","","",""
"2022080804","1225","1","0","0","0","0","0","0","0","0","4","0","","67","8","2022","2","39.981559","-75.117404","1217","6","0","0","0","0","0","0","0","0","","0","0","0","","","2","","1","","39 58:53.612","3","0","75 07:02.654","2","0","0","0","67301","0","0","0","N","0","0","0","4","67301","0","","1.0","200.0","1","N","N","N","0","","1","1","2","","2","N","","3","2","0","0","0","0","0","2","0","3","","03","","N","","","","","","","","","",""
"2022091579","1936","1","0","0","0","0","0","0","0","0","5","1","","67","9","2022","6","39.892953","-75.227762","1922","6","0","0","0","0","0","0","0","0","","0","1","0","","","0","N","0","","39 53:34.630","","0","75 13:39.944","0","0","0","0","67301","0","0","0","N","0","0","0","3","68K01","0","","1.0","","1","N","N","N","0","","0","0","0","","0","","","2","0","0","0","0","0","0","2","0","2","","","","N","","","","","","","","","",""
"2022077450","1830","0","0","0","0","0","0","0","0","0","4","0","","67","8","2022","3","40.046496","-75.09008","1803","6","0","1","0","0","0","1","0","0","","0","0","0","","","1","","1","","40 02:47.384","","0","75 05:24.289","4","0","0","0","67301","0","0","0","N","0","0","0","2","67301","1","","1.0","","1","N","N","N","0","","0","0","2","","0","","","2","1","0","0","0","0","0","2","0","2","","03","","N","","","","","","","","","",""
"2022088129","1959","0","1","0","0","0","0","0","0","0","1","0","","67","8","2022","7","39.927404","-75.146484","1959","6","0","0","0","0","0","0","0","0","","1","0","0","","","0","N","0","","39 55:38.655","1","3","75 08:47.344","1","0","0","0","67301","0","0","0","N","0","0","0","1","68K01","0","1","2.0","2300.0","1","N","N","N","0","0","0","0","0","","0","Y","","2","0","0","0","0","0","0","2","2","2","","","","N","","","","","","","","","",""
"2022093797","2324","1","0","0","0","0","0","0","0","0","8","0","","67","10","2022","7","39.922061","-75.161594","2324","6","0","0","0","0","0","0","0","0","","0","0","0","","","1","","1","","39 55:19.419","","0","75 09:41.738","2","0","0","0","67301","1","0","1","N","1","0","1","1","67301","0","","1.0","","1","N","N","N","0","","0","1","0","","3","","","2","1","0","0","0","0","0","2","0","1","","98","","N","","","","","","","","","",""
"2022089411","0846","2","0","0","0","0","0","0","0","0","5","0","","67","9","2022","4","39.955898","-75.204381","0845","6","0","0","0","0","0","0","0","0","","0","0","0","","","0","N","0","","39 57:21.231","3","0","75 12:15.770","0","0","0","0","67301","0","0","0","N","0","0","0","2","67504","0","","1.0","1016.0","1","N","N","Y","0","","0","0","0","","0","N","","2","0","0","0","0","0","0","2","0","2","","","","N","","","","","","","","","",""
"2022077695","1923","0","0","0","0","0","0","0","0","0","4","0","","67","8","2022","2","39.964959","-75.224574","1912","6","0","0","0","0","0","0","0","0","","0","0","0","","","2","","1","","39 57:53.852","","0","75 13:28.466","3","0","0","1","67301","0","0","0","N","0","0","0","3","67301","0","","1.0","","1","N","N","N","1","","2","0","0","","2","","","2","2","0","0","0","0","1","2","0","2","","03","","N","","","","","","","","","",""
"2022089081","2302","0","0","0","0","0","0","0","0","0","1","0","","67","9","2022","2","39.959779","-75.177059","2301","6","0","0","0","0","0","0","0","0","","0","0","0","","","1","N","0","","39 57:35.205","4","0","75 10:37.412","8","0","0","0","67301","0","0","0","N","0","0","0","2","68K01","0","","1.0","2321.0","1","N","N","N","0","","0","0","2","","0","N","","2","1","1","0","0","1","0","2","0","2","","03","","N","","","","","","","","","",""
"2022087402","0856","1","0","0","0","0","0","0","0","0","5","1","","67","9","2022","3","40.036225","-75.064686","0845","6","0","1","0","0","0","0","0","0","","0","1","0","","","1","N","0","","40 02:10.411","","0","75 03:52.869","4","0","0","0","67301","0","0","0","N","0","0","0","2","67301","1","","1.0","","1","N","N","N","0","","0","0","0","","0","","","2","1","2","0","0","0","0","2","0","2","","03","","N","","","","","","","","","",""
"2022075689","1816","2","0","0","0","0","0","0","0","0","4","0","","67","8","2022","5","39.978988","-75.160225","1815","6","0","0","0","0","0","0","0","0","","0","0","0","","","3","","1","","39 58:44.355","","0","75 09:36.809","3","0","0","0","67301","0","0","0","N","0","0","0","3","67505","0","","1.0","","1","N","N","N","0","","3","0","0","","3","","","2","3","0","0","0","0","0","2","0","2","","03","","N","","","","","","","","","",""
"2022077688","1232","2","0","0","0","0","0","0","0","0","4","0","","67","8","2022","1","40.026503","-75.04216","1228","6","0","0","0","0","0","0","0","0","","0","0","0","","","1","","1","","40 01:35.410","3","0","75 02:31.776","3","0","0","0","67301","0","0","0","N","0","0","0","3","67301","0","","1.0","1250.0","1","N","N","N","0","","1","0","0","","3","N","","2","1","0","0","0","0","0","2","0","2","","","","N","","","","","","","","","",""
"2022090863","0501","1","0","0","0","0","0","0","0","0","7","0","","67","10","2022","7","39.909287","-75.149311","0501","6","0","0","0","0","0","0","0","0","","0","0","0","","","1","N","0","","39 54:33.434","","0","75 08:57.518","3","0","0","0","67301","0","0","0","N","0","0","0","1","68K01","0","","4.0","","9","N","N","N","0","","1","0","0","","0","","","1","1","0","0","0","0","0","2","0","1","","","","N","","","","","","","","","",""
"2022089207","0224","0","0","0","0","0","0","0","0","0","0","0","","67","9","2022","5","39.898022","-75.184689","0218","6","0","0","0","0","0","0","0","0","","0","0","0","","","2","N","0","","39 53:52.879","2","0","75 11:04.879","3","0","0","0","67301","0","0","0","N","0","0","0","2","68K01","0","","1.0","245.0","1","N","N","N","0","","2","0","1","","0","N","","1","2","0","0","0","0","0","2","0","1","","","","N","","","","","","","","","",""
"2022090257","2032","1","0","0","0","0","0","0","0","0","4","1","","67","9","2022","1","39.920655","-75.170557","2032","6","0","0","0","0","0","0","0","0","","0","1","0","","","0","","1","","39 55:14.358","","0","75 10:14.006","0","0","0","0","67301","0","0","0","N","0","0","0","3","67301","0","","1.0","","1","N","N","Y","0","","0","0","0","","2","","","2","0","3","0","0","0","0","2","0","2","","03","","N","","","","","","","","","",""