"CRN","ARRIVAL_TM","AUTOMOBILE_COUNT","BELTED_DEATH_COUNT","BELTED_SUSP_SERIOUS_INJ_COUNT","BICYCLE_COUNT","BICYCLE_DEATH_COUNT","BICYCLE_SUSP_SERIOUS_INJ_COUNT","BUS_COUNT","CHLDPAS_DEATH_COUNT","CHLDPAS_SUSP_SERIOUS_INJ_COUNT","COLLISION_TYPE","COMM_VEH_COUNT","CONS_ZONE_SPD_LIM","COUNTY","CRASH_MONTH","CRASH_YEAR","DAY_OF_WEEK","DEC_LATITUDE","DEC_LONGITUDE","DISPATCH_TM","DISTRICT","DRIVER_COUNT_16YR","DRIVER_COUNT_17YR","DRIVER_COUNT_18YR","DRIVER_COUNT_19YR","DRIVER_COUNT_20YR","DRIVER_COUNT_50_64YR","DRIVER_COUNT_65_74YR","DRIVER_COUNT_75PLUS","EST_HRS_CLOSED","FATAL_COUNT","HEAVY_TRUCK_COUNT","HORSE_BUGGY_COUNT","HOUR_OF_DAY","ILLUMINATION","INJURY_COUNT","INTERSECTION_RELATED","INTERSECT_TYPE","LANE_CLOSED","LATITUDE","LN_CLOSE_DIR","LOCATION_TYPE","LONGITUDE","MAX_SEVERITY_LEVEL","MCYCLE_DEATH_COUNT","MCYCLE_SUSP_SERIOUS_INJ_COUNT","MOTORCYCLE_COUNT","MUNICIPALITY","NONMOTR_COUNT","NONMOTR_DEATH_COUNT","NONMOTR_SUSP_SERIOUS_INJ_COUNT","NTFY_HIWY_MAINT","PED_COUNT","PED_DEATH_COUNT","PED_SUSP_SERIOUS_INJ_COUNT","PERSON_COUNT","POLICE_AGCY","POSSIBLE_INJ_COUNT","RDWY_SURF_TYPE_CD","RELATION_TO_ROAD","ROADWAY_CLEARED","ROAD_CONDITION","SCH_BUS_IND","SCH_ZONE_IND","SECONDARY_CRASH","SMALL_TRUCK_COUNT","SPEC_JURIS_CD","SUSP_MINOR_INJ_COUNT","SUSP_SERIOUS_INJ_COUNT","SUV_COUNT","TCD_FUNC_CD","TCD_TYPE","TFC_DETOUR_IND","TIME_OF_DAY","TOTAL_UNITS","TOT_INJ_COUNT","UNBELTED_OCC_COUNT","UNB_DEATH_COUNT","UNB_SUSP_SERIOUS_INJ_COUNT","UNK_INJ_DEG_COUNT","UNK_INJ_PER_COUNT","URBAN_RURAL","VAN_COUNT","VEHICLE_COUNT","WEATHER1","WEATHER2","WORKERS_PRES","WORK_ZONE_IND","WORK_ZONE_LOC","WORK_ZONE_TYPE","WZ_CLOSE_DETOUR","WZ_FLAGGER","WZ_LAW_OFFCR_IND","WZ_LN_CLOSURE","WZ_MOVING","WZ_OTHER","WZ_SHLDER_MDN","WZ_WORKERS_INJ_KILLED"
"2022092612","2251","1","0","0","0","0","0","0","0","0","4","0","","67","9","2022","1","39.975189","-75.188202","2250","6","0","0","0","0","0","0","0","0","","0","0","0","","","2","","5","","39 58:30.681","7","0","75 11:17.526","4","0","0","0","67301","0","0","0","N","0","0","0","3","67301","1","","1.0","2325.0","1","N","N","N","0","","0","0","1","","2","N","","2","2","0","0","0","1","0","2","0","2","","","","N","","","","","","","","","",""
"2022077602","2330","1","0","0","0","0","0","0","0","0","4","0","","67","8","2022","2","40.073556","-75.194044","2330","6","0","0","0","0","1","1","0","0","","0","0","0","","","1","N","0","","40 04:24.800","","7","75 11:38.560","3","0","0","0","67301","0","0","0","N","0","0","0","2","67301","0","","1.0","","99","N","N","N","0","","1","0","1","","0","","","2","1","0","0","0","0","1","2","0","2","","03","","N","","","","","","","","","",""
"2022089256","1157","0","0","0","0","0","0","0","0","0","5","1","","67","9","2022","2","39.949279","-75.199516","1137","6","0","0","0","1","0","1","0","0","","0","1","0","","","0","","2","","39 56:57.404","1","0","75 11:58.259","0","0","0","0","67301","0","0","0","N","0","0","0","2","67301","0","","1.0","1342.0","1","N","N","N","0","","0","0","1","","2","N","","2","0","0","0","0","0","0","2","0","2","","03","","N","","","","","","","","","",""
"2022092119","2221","0","0","0","0","0","0","0","0","0","7","1","","67","10","2022","2","39.982614","-75.207764","2214","6","0","0","0","0","0","0","0","0","","0","1","0","","","1","N","0","","39 58:57.409","4","0","75 12:27.950","3","0","0","0","67301","0","0","0","Y","0","0","0","1","68K01","0","","4.0","8.0","8","N","N","N","0","","1","0","0","","0","Y","","1","1","0","0","0","0","0","2","0","1","","","","N","","","","","","","","","",""
"2022075806","0940","1","0","0","0","0","0","0","0","0","0","0","","67","8","2022","5","39.970755","-75.128641","0939","6","0","0","0","0","0","0","0","0","","0","0","0","","","1","N","0","","39 58:14.718","","0","75 07:43.106","3","0","0","0","67301","0","0","0","N","0","0","0","1","67301","0","","1.0","","1","N","N","N","0","","1","0","0","","0","","","2","1","1","0","0","0","0","2","1","2","","03","","N","","","","","","","","","",""
"2022075870","0830","1","0","0","0","0","0","0","0","0","8","0","","67","8","2022","6","39.987237","-75.108782","0822","6","0","0","0","0","0","0","0","0","","0","0","0","","","1","","1","","39 59:14.052","","0","75 06:31.614","2","0","0","0","67301","1","0","1","N","1","0","1","2","67301","0","","1.0","","1","N","N","N","0","","0","1","0","","2","","","2","1","0","0","0","0","0","2","0","1","","","","N","","","","","","","","","",""
"2022077081","0028","1","0","0","0","0","0","0","0","0","7","0","","67","8","2022","5","40.064085","-75.053871","0028","6","0","0","0","0","0","0","0","0","","0","0","0","","","0","N","0","","40 03:50.707","","0","75 03:13.934","0","0","0","0","67301","0","0","0","N","0","0","0","1","67301","0","","4.0","","1","N","N","N","0","","0","0","0","","0","","","1","0","0","0","0","0","0","2","0","1","","","","N","","","","","","","","","",""
"2022091240","1438","1","0","0","0","0","0","0","0","0","1","0","","67","9","2022","7","40.030312","-75.022055","1428","6","0","0","0","0","0","0","0","0","","0","0","0","","","0","N","0","","40 01:49.124","","0","75 01:19.399","0","0","0","0","67301","0","0","0","N","0","0","0","2","68K01","0","","1.0","","1","N","N","N","1","","0","0","0","","0","","","2","0","0","0","0","0","0","2","0","2","","","","N","","","","","","","","","",""
"2022079813","1350","0","0","0","0","0","0","0","0","0","1","0","","67","8","2022","3","40.041679","-75.088322","1345","6","0","0","0","0","0","1","0","0","","0","0","0","","","1","","3","","40 02:30.045","","0","75 05:17.959","3","0","0","0","67301","0","0","0","N","0","0","0","7","67301","0","","1.0","","1","N","N","N","0","","1","0","3","","2","","","3","1","0","0","0","0","1","2","0","3","","","","N","","","","","","","","","",""
"2022087330","1750","0","0","0","0","0","0","1","0","0","4","1","","67","9","2022","3","39.976584","-75.113171","1732","6","0","0","0","0","0","0","0","0","","0","0","0","","","1","","2","","39 58:35.702","1","0","75 06:47.416","4","0","0","0","67301","0","0","0","N","0","0","0","2","67508","1","","1.0","9999.0","1","N","N","N","0","","0","0","1","","2","N","","2","1","0","0","0","0","0","2","0","2","","03","","N","","","","","","","","","",""
"2022088196","0337","2","0","0","0","0","0","0","0","0","4","0","","67","9","2022","7","40.041422","-75.147225","0334","6","0","0","0","0","0","0","0","0","","0","0","0","","","1","N","0","","40 02:29.120","","0","75 08:50.010","3","0","0","0","67301","0","0","0","N","0","0","0","1","67301","0","","1.0","","1","N","N","N","0","","1","0","1","","0","","","3","1","0","0","0","0","0","2","0","3","","03","","N","","","","","","","","","",""
"2022075967","0230","1","0","0","0","0","0","0","0","0","4","0","","67","8","2022","5","39.928019","-75.219299","0224","6","1","0","0","0","0","0","0","0","","0","0","0","","","0","","1","","39 55:40.869","5","0","75 13:09.477","9","0","0","0","67301","0","0","0","N","0","0","0","1","67301","0","","1.0","407.0","1","N","N","N","1","","0","0","1","","2","Y","","3","0","0","0","0","0","1","2","0","3","","03","","N","","","","","","","","","",""
"2022076625","1118","1","0","0","0","0","0","0","0","0","1","0","","67","8","2022","6","39.975333","-75.253889","1113","6","0","0","0","0","0","0","0","0","","0","0","0","","","0","N","0","","39 58:31.200","","0","75 15:14.000","0","0","0","0","67301","0","0","0","N","0","0","0","1","67301","0","","6.0","","1","N","N","N","0","","0","0","2","","0","","","3","0","0","0","0","0","0","2","0","3","","03","","N","","","","","","","","","",""
"2022077726","2017","1","0","0","0","0","0","0","0","0","8","0","","67","8","2022","1","40.07019","-75.031281","2016","6","0","0","0","0","0","0","0","0","","0","0","0","","","1","","2","","40 04:12.683","","0","75 01:52.611","2","0","0","0","67301","1","0","1","N","1","0","1","2","67301","0","","1.0","","1","N","N","N","0","","0","1","0","","2","","","2","1","0","0","0","0","0","2","0","1","","03","","N","","","","","","","","","",""
"2022088793","0323","0","0","0","0","0","0","0","0","0","8","0","","67","9","2022","1","40.131798","-75.012822","0318","6","0","0","0","0","0","0","0","0","","0","0","0","","","1","","1","","40 07:54.472","","7","75 00:46.159","3","0","0","0","67301","1","0","0","N","1","0","0","1","67301","0","","5.0","","1","N","N","N","0","","1","0","0","","0","","","2","1","0","0","0","0","0","2","0","1","","","","N","","","","","","","","","",""
"2022076522","0418","1","0","0","0","0","0","0","0","0","4","0","","67","8","2022","1","39.942803","-75.239191","0418","6","0","0","0","0","0","0","0","0","","0","0","0","","","2","","3","","39 56:34.091","","0","75 14:21.087","3","0","0","0","67301","0","0","0","N","0","0","0","2","67301","1","","1.0","","1","N","N","N","0","","1","0","1","","0","","","2","2","1","0","0","0","0","2","0","2","","","","N","","","","","","","","","",""
"2022089518","1220","0","0","0","0","0","0","0","0","0","8","0","","67","8","2022","3","39.936756","-75.167075","1215","6","0","0","0","0","0","0","0","0","","0","0","0","","","1","","1","","39 56:12.323","","0","75 10:01.469","3","0","0","0","67301","1","0","0","N","1","0","0","2","67301","0","","1.0","","1","N","N","N","0","","1","0","0","","2","","","2","1","0","0","0","0","0","2","0","1","","03","","N","","","","","","","","","",""
"2022090285","1035","0","0","0","0","0","0","0","0","0","1","1","","67","9","2022","6","40.053681","-75.048267","1026","6","0","0","0","0","0","0","0","0","","0","1","0","","","2","N","0","","40 03:13.250","","0","75 02:53.760","3","0","0","0","67301","0","0","0","N","0","0","0","3","67301","0","","1.0","","1","N","N","N","0","","2","0","1","","0","","","2","2","0","0","0","0","0","2","0","2","","03","","N","","","","","","","","","",""
"2022079650","2335","1","0","0","0","0","0","0","0","0","5","0","","67","8","2022","1","39.928694","-75.178583","2330","6","0","0","0","0","0","1","0","0","","0","0","0","","","0","N","0","","39 55:43.300","","0","75 10:42.900","0","0","0","0","67301","0","0","0","N","0","0","0","1","67301","0","","6.0","","1","N","N","N","0","","0","0","1","","0","","","2","0","0","0","0","0","0","2","0","2","","03","","N","","","","","","","","","",""
"2022094268","0142","2","0","0","0","0","0","0","0","0","1","0","","67","10","2022","1","40.027493","-75.059817","0135","6","0","0","0","0","0","0","0","0","","0","0","0","","","1","N","0","","40 01:38.974","3","0","75 03:35.342","3","0","0","0","67301","0","0","0","N","0","0","0","1","67301","0","","1.0","245.0","1","N","N","N","0","","1","0","0","","0","Y","","2","1","0","0","0","0","0","2","0","2","","","","N","","","","","","","","","",""
"2022083580","2129","1","0","0","0","0","0","0","0","0","4","0","","67","9","2022","1","40.027844","-75.096008","2123","6","0","0","0","0","0","0","0","0","","0","0","0","","","2","N","0","","40 01:40.240","7","0","75 05:45.630","2","0","1","1","67301","0","0","0","N","0","0","0","2","67301","0","","1.0","1.0","1","N","N","N","0","","1","1","0","","0","Y","","2","2","1","0","0","0","0","2","0","2","","03","","N","","","","","","","","","",""
"2022083611","2051","0","0","0","0","0","0","0","0","0","4","0","","67","9","2022","7","40.05195","-75.179628","2051","6","0","0","0","0","0","0","1","0","","0","0","0","","","1","","1","","40 03:07.021","","0","75 10:46.660","3","0","0","0","67301","0","0","0","N","0","0","0","2","67301","0","","1.0","","1","N","N","N","0","","1","0","1","","3","","","2","1","0","0","0","0","1","2","0","2","","03","","N","","","","","","","","","",""
"2022093068","0958","0","0","0","0","0","0","0","0","0","5","0","","67","10","2022","7","40.058658","-75.186269","0957","6","0","0","0","0","0","0","0","0","","0","0","0","","","1","","1","","40 03:31.170","","0","75 11:10.567","4","0","0","0","67301","0","0","0","N","0","0","0","1","67301","1","","1.0","","1","N","N","N","0","","0","0","2","","3","","","2","1","0","0","0","0","0","2","0","2","","","","N","","","","","","","","","",""
"2022091577","1742","1","0","0","0","0","0","0","0","0","1","0","","67","9","2022","5","39.98556","-75.207954","1731","6","0","0","0","0","0","0","0","0","","0","0","0","","","0","N","0","","39 59:08.016","","2","75 12:28.634","0","0","0","0","67301","0","0","0","N","0","0","0","7","68K01","0","","1.0","","1","N","N","N","0","","0","0","1","","0","","","2","0","0","0","0","0","0","2","0","2","","","","N","","","","","","","","","",""
"2022093650","1122","0","0","0","0","0","0","0","0","0","8","0","","67","8","2022","6","39.951356","-75.155153","1121","6","0","0","0","0","0","0","0","0","","0","0","0","","","1","","1","","39 57:04.881","4","0","75 09:18.550","8","0","0","0","67301","1","0","0","N","1","0","0","2","67301","0","","1.0","1150.0","1","N","N","N","1","","0","0","0","","2","N","","2","1","0","0","0","1","0","2","0","1","","03","","N","","","","","","","","","",""
"2022089164","1945","0","0","0","0","0","0","0","0","0","8","0","","67","9","2022","3","40.043155","-75.16721","1944","6","0","0","0","0","0","0","0","0","","1","0","0","","","0","","1","","40 02:35.358","","0","75 10:01.956","1","0","0","0","67301","1","1","0","N","1","1","0","2","67301","0","2","1.0","","1","N","N","N","0","0","0","0","1","","2","","","2","0","0","0","0","0","1","2","0","1","","03","","N","","","","","","","","","",""
"2022094029","2048","1","0","0","0","0","0","0","0","0","1","0","","67","8","2022","2","40.043608","-75.003024","2034","6","0","0","0","0","0","1","0","0","","0","0","0","","","1","N","0","","40 02:36.987","","3","75 00:10.887","3","0","0","0","67301","0","0","0","N","0","0","0","2","68K01","0","","1.0","","9","N","N","N","0","","1","0","1","","0","","","2","1","1","0","0","0","0","2","0","2","","","","N","","","","","","","","","",""
"2022079946","1650","1","0","0","0","0","0","0","0","0","4","0","","67","8","2022","3","40.067497","-75.179319","1647","6","0","0","0","0","0","1","0","0","","0","0","0","","","1","","1","","40 04:02.989","","0","75 10:45.548","4","0","0","0","67301","0","0","0","N","0","0","0","2","67301","1","","1.0","","1","N","N","N","0","","0","0","1","","2","","","2","1","0","0","0","0","0","2","0","2","","03","","N","","","","","","","","","",""
"2022081224","1621","0","0","0","0","0","0","0","0","0","4","0","","67","9","2022","7","40.061974","-75.159888","1621","6","0","0","0","0","0","0","0","0","","0","0","0","","","3","","1","","40 03:43.106","","6","75 09:35.596","3","0","0","0","67301","0","0","0","N","0","0","0","3","67301","0","","1.0","","1","N","N","N","0","","3","0","2","","3","","","2","3","0","0","0","0","0","2","0","2","","03","","N","","","","","","","","","",""
"2022093390","0228","1","0","0","0","0","0","0","0","0","7","0","","67","10","2022","7","39.958043","-75.163178","0228","6","0","0","0","0","0","0","0","0","","0","0","0","","","0","N","0","","39 57:28.954","","0","75 09:47.441","0","0","0","0","67301","0","0","0","N","0","0","0","1","68K01","0","","2.0","","1","N","N","N","0","","0","0","0","","0","","","1","0","1","0","0","0","0","2","0","1","","","","N","","","","","","","","","",""
"2022081725","1600","2","0","0","0","0","0","0","0","0","4","0","","67","9","2022","1","39.972436","-75.138918","1600","6","0","0","0","0","1","0","0","0","","0","0","0","","","0","","1","","39 58:20.769","","0","75 08:20.104","0","0","0","0","67301","0","0","0","N","0","0","0","2","67301","0","","1.0","","1","N","N","N","0","","0","0","0","","2","","","2","0","0","0","0","0","0","2","0","2","","","","N","","","","","","","","","",""
"2022094880","0101","3","0","0","0","0","0","0","0","0","1","0","","67","10","2022","5","40.028046","-75.110038","0056","6","0","0","0","0","0","0","0","0","","0","0","0","","","0","","2","","40 01:40.967","4","0","75 06:36.138","0","0","0","0","67301","0","0","0","N","0","0","0","4","67301","0","","1.0","145.0","1","N","N","N","0","","0","0","0","","2","N","","3","0","2","0","0","0","0","2","0","3","","04","","N","","","","","","","","","",""
"2022094617","1950","1","0","0","0","0","0","0","0","0","8","0","","67","10","2022","3","39.931734","-75.168023","1945","6","0","0","0","0","0","0","0","0","","0","0","0","","","1","","1","","39 55:54.243","","0","75 10:04.882","3","0","0","0","67301","1","0","0","N","1","0","0","1","67301","0","","1.0","","1","N","N","N","0","","1","0","0","","3","","","2","1","0","0","0","0","0","2","0","1","","","","N","","","","","","","","","",""
"2022097384","2000","1","0","0","0","0","0","0","0","0","1","0","","67","10","2022","5","40.005137","-75.196373","1955","6","0","0","0","0","0","0","0","0","","0","0","0","","","0","N","0","","40 00:18.494","","0","75 11:46.944","0","0","0","0","67301","0","0","0","N","0","0","0","2","68K01","0","","1.0","","1","N","N","N","0","","0","0","0","","0","","","2","0","0","0","0","0","0","2","1","2","","03","","N","","","","","","","","","",""
"2022097399","1718","2","0","0","0","0","0","0","0","0","1","0","","67","10","2022","3","39.978801","-75.203227","1653","6","0","0","0","0","0","1","0","0","","0","0","0","","","0","N","0","","39 58:43.684","3","0","75 12:11.618","0","0","0","0","67301","0","0","0","N","0","0","0","3","68K01","0","","1.0","5.0","1","N","N","N","0","","0","0","1","","0","N","","3","0","0","0","0","0","0","2","0","3","","03","","N","","","","","","","","","",""
"2022097387","1555","0","0","0","0","0","0","0","0","0","1","0","","67","10","2022","6","39.977668","-75.111591","1555","6","0","0","0","0","0","0","1","0","","0","0","0","","","1","N","0","","39 58:39.603","","0","75 06:41.729","3","0","0","0","67301","0","0","0","N","0","0","0","2","68K01","0","","1.0","","1","N","N","N","0","","1","0","1","","0","","","2","1","0","0","0","0","0","2","1","2","","03","","N","","","","","","","","","",""
"2022079639","1250","2","0","0","0","0","0","0","0","0","4","0","","67","8","2022","3","40.073681","-74.980229","1243","6","0","0","0","0","0","0","0","0","","0","0","0","","","1","","2","","40 04:25.251","1","0","74 58:48.825","3","0","0","0","67301","0","0","0","N","0","0","0","3","67301","0","","1.0","20.0","1","N","N","N","0","","1","0","0","","3","N","","2","1","0","0","0","0","0","2","0","2","","03","","N","","","","","","","","","",""
"2022085871","1646","1","0","0","0","0","0","0","0","0","4","0","","67","9","2022","1","40.029937","-75.153268","1645","6","0","0","0","0","0","2","0","0","","0","0","0","","","2","","5","","40 01:47.773","","0","75 09:11.764","8","0","0","0","67301","0","0","0","N","0","0","0","2","67301","0","","1.0","","1","N","N","N","0","","0","0","1","","2","","","2","2","0","0","0","2","0","2","0","2","","98","","N","","","","","","","","","",""
"2022096244","2326","1","0","0","0","0","0","0","0","0","7","0","","67","10","2022","3","40.040849","-75.005325","2324","6","0","0","0","0","0","0","0","0","","0","0","0","","","0","N","0","","40 02:27.055","","0","75 00:19.171","0","0","0","0","67301","0","0","0","N","0","0","0","1","68K01","0","","4.0","","9","N","N","N","0","","0","0","0","","0","","","1","0","0","0","0","0","0","2","0","1","","03","","N","","","","","","","","","",""
"2022080460","2000","2","0","0","0","0","0","0","0","0","4","0","","67","8","2022","4","39.988657","-75.187059","1947","6","0","0","0","0","0","0","0","0","","0","0","0","","","0","","1","","39 59:19.164","","0","75 11:13.413","0","0","0","0","67301","0","0","0","N","0","0","0","4","67301","0","","1.0","","1","N","N","Y","0","","0","0","0","","2","","","3","0","4","0","0","0","0","2","1","3","","03","","N","","","","","","","","","",""
"2022082148","2345","0","0","0","0","0","0","0","0","0","4","0","","67","9","2022","1","40.050401","-74.999883","2340","6","0","0","0","0","0","0","0","0","","0","0","0","","","0","","1","","40 03:01.444","","0","74 59:59.580","0","0","0","0","67301","0","0","0","N","0","0","0","2","67301","0","","1.0","","1","N","N","N","2","","0","0","0","","2","","","2","0","2","0","0","0","0","2","0","2","","","","N","","","","","","","","","",""
"2022093130","0704","1","0","0","0","0","0","0","0","0","4","0","","67","10","2022","7","39.959696","-75.155849","0700","6","0","0","0","0","0","0","0","0","","0","0","0","","","0","","2","","39 57:34.905","","0","75 09:21.056","9","0","0","0","67301","0","0","0","N","0","0","0","1","67301","0","","1.0","","99","N","N","N","0","","0","0","0","","3","","","2","0","0","0","0","0","1","2","0","1","","","","N","","","","","","","","","",""
"2022080395","2143","1","0","0","0","0","0","0","0","0","4","0","","67","8","2022","4","40.029911","-75.103076","2143","6","0","0","1","0","0","0","0","0","","0","0","0","","","1","","1","","40 01:47.679","2","0","75 06:11.073","3","0","0","0","67301","0","0","0","N","0","0","0","3","67301","0","","1.0","2220.0","1","N","N","N","1","","1","0","0","","2","N","","2","1","0","0","0","0","0","2","0","2","","","","N","","","","","","","","","",""
"2022097189","0330","1","0","0","0","0","0","0","0","0","4","0","","67","8","2022","7","39.988513","-75.106348","0325","6","0","0","0","0","0","1","0","0","","0","0","0","","","2","","1","","39 59:18.647","","0","75 06:22.851","4","0","0","0","67301","0","0","0","N","0","0","0","4","67301","2","","1.0","","1","N","N","N","1","","0","0","1","","2","","","3","2","0","0","0","0","1","2","0","3","","","","N","","","","","","","","","",""
"2022096674","0431","0","0","0","0","0","0","0","0","0","7","0","","67","10","2022","7","39.987341","-75.090334","0424","6","0","0","0","0","0","0","0","0","","0","0","0","","","5","N","0","","39 59:14.427","2","0","75 05:25.203","3","0","0","0","67301","0","0","0","N","0","0","0","5","68K01","0","","4.0","500.0","1","N","N","N","0","","5","0","1","","0","Y","","1","5","0","0","0","0","0","2","0","1","","","","N","","","","","","","","","",""
"2022081000","2320","0","0","0","0","0","0","0","0","0","8","0","","67","9","2022","7","39.907564","-75.169778","2312","6","0","0","0","0","0","0","0","0","","0","0","0","","","1","N","0","","39 54:27.230","","7","75 10:11.200","8","0","0","0","67301","1","0","0","N","1","0","0","2","67301","0","","1.0","","1","N","N","N","1","","0","0","0","","3","","","2","1","0","0","0","1","0","2","0","1","","","","N","","","","","","","","","",""
"2022086681","2048","1","0","0","0","0","0","0","0","0","8","0","","67","9","2022","2","39.903669","-75.160142","2028","6","0","0","0","0","0","0","0","0","","1","0","0","","","0","N","0","","39 54:13.210","3","0","75 09:36.510","1","0","0","0","67301","1","1","0","N","1","1","0","2","67301","0","2","1.0","2130.0","1","N","N","N","0","0","0","0","0","","0","Y","","2","0","0","0","0","0","0","2","0","1","","03","","N","","","","","","","","","",""
"2022095022","0802","2","0","0","0","0","0","0","0","0","1","0","","67","10","2022","1","39.961381","-75.232769","0757","6","0","0","0","0","0","0","0","0","","0","0","0","","","1","N","0","","39 57:40.970","","7","75 13:57.970","3","0","0","0","67301","0","0","0","N","0","0","0","1","67301","0","","2.0","","9","N","N","N","0","","1","0","1","","0","","","3","1","0","0","0","0","0","2","0","3","","","","N","","","","","","","","","",""
"2022091092","1701","3","0","0","0","0","0","0","0","0","5","0","","67","9","2022","6","39.977564","-75.112435","1643","6","0","0","0","0","0","1","0","0","","0","0","0","","","2","N","0","","39 58:39.230","","3","75 06:44.765","4","0","0","0","67301","0","0","0","N","0","0","0","4","68K01","2","","1.0","","1","N","N","N","0","","0","0","0","","0","","","3","2","0","0","0","0","0","2","0","3","","03","","N","","","","","","","","","",""
"2022078725","0023","0","0","0","0","0","0","0","0","0","5","0","","67","8","2022","2","40.059153","-75.151","0020","6","0","0","0","0","0","0","0","0","","0","0","0","","","0","N","0","","40 03:32.950","","0","75 09:03.600","0","0","0","0","67301","0","0","0","N","0","0","0","1","67301","0","","6.0","","1","N","N","N","0","","0","0","3","","0","","","3","0","0","0","0","0","0","2","0","3","","","","N","","","","","","","","","",""
"2022092614","0720","0","0","0","0","0","0","1","0","0","1","1","","67","9","2022","6","40.001858","-75.140272","0715","6","0","0","0","0","0","0","0","0","","0","0","0","","","3","N","0","","40 00:06.690","","0","75 08:24.980","3","0","0","0","67301","0","0","0","N","0","0","0","3","67301","0","","1.0","","1","Y","N","N","0","","3","0","1","","0","","","2","3","0","0","0","0","0","2","0","2","","03","","N","","","","","","","","","",""
"2022097374","1258","0","0","0","0","0","0","0","0","0","1","1","","67","9","2022","5","39.972934","-75.19384","1245","6","0","0","0","0","0","1","0","0","","0","1","0","","","1","N","0","","39 58:22.561","","0","75 11:37.824","3","0","0","0","67301","0","0","0","N","0","0","0","2","68K01","0","","1.0","","1","N","N","N","0","","1","0","1","","0","","","2","1","0","0","0","0","0","2","0","2","","03","","N","","","","","","","","","",""
"2022094262","0850","2","0","0","0","0","0","0","0","0","1","0","","67","10","2022","3","39.920942","-75.24663","0841","6","0","0","0","0","1","1","0","0","","0","0","0","","","1","N","0","","39 55:15.390","1","0","75 14:47.868","3","0","0","0","67301","0","0","0","N","0","0","0","5","67301","0","","1.0","30.0","1","N","N","N","0","","1","0","0","","0","N","","3","1","0","0","0","0","0","2","1","3","","03","","N","","","","","","","","","",""
"2022080558","1912","0","0","0","0","0","0","0","0","0","8","0","","67","8","2022","4","40.053372","-75.075104","1909","6","0","0","0","0","0","0","0","0","","0","0","0","","","1","","1","","40 03:12.139","5","0","75 04:30.374","2","0","0","0","67301","1","0","1","N","1","0","1","2","67301","0","","1.0","100.0","1","N","N","N","1","","0","1","0","","2","N","","2","1","0","0","0","0","0","2","0","1","","03","","N","","","","","","","","","",""
"2022096712","1347","0","0","0","0","0","0","0","0","0","5","0","","67","10","2022","1","40.049885","-75.063665","1347","6","0","0","1","0","0","1","0","0","","0","0","0","","","0","N","0","","40 02:59.585","","7","75 03:49.194","0","0","0","0","67301","0","0","0","N","0","0","0","2","67301","0","","1.0","","1","N","N","N","1","","0","0","1","","0","","","2","0","0","0","0","0","0","2","0","2","","03","","N","","","","","","","","","",""
"2022095214","1646","0","0","0","0","0","0","0","0","0","1","0","","67","10","2022","5","40.024104","-75.031879","1617","6","0","0","0","0","0","1","0","0","","0","1","0","","","1","N","0","","40 01:26.774","","0","75 01:54.766","4","0","0","0","67301","0","0","0","N","0","0","0","4","68K01","1","","1.0","","9","N","N","N","0","","0","0","2","","0","","","3","1","0","0","0","0","0","2","0","3","","","","N","","","","","","","","","",""
"2022079931","1115","1","0","0","0","0","0","0","0","0","7","0","","67","8","2022","4","40.11296","-75.023011","1110","6","0","1","0","0","0","0","0","0","","0","0","0","","","1","","1","","40 06:46.657","1","0","75 01:22.840","8","0","0","0","67301","0","0","0","N","0","0","0","1","67301","0","","4.0","1200.0","1","N","Y","N","0","","0","0","0","","2","N","","1","1","0","0","0","1","0","2","0","1","","","","N","","","","","","","","","",""
"2022093563","0139","0","0","0","0","0","0","0","0","0","1","0","","67","8","2022","5","39.953941","-75.201088","0134","6","0","0","0","0","0","0","0","0","","0","0","0","","","0","N","0","","39 57:14.189","","0","75 12:03.918","0","0","0","0","67301","0","0","0","N","0","0","0","1","67504","0","","6.0","","1","N","N","N","0","","0","0","1","","0","","","2","0","0","0","0","0","0","2","1","2","","03","","N","","","","","","","","","",""
"2022093625","0131","1","0","0","0","0","0","0","0","0","7","0","","67","10","2022","7","40.007059","-75.073053","0120","6","0","0","0","0","0","0","0","0","","0","0","0","","","1","N","0","","40 00:25.411","","0","75 04:22.989","8","0","0","0","67301","0","0","0","N","0","0","0","1","68K01","0","","4.0","","1","N","N","N","0","","0","0","0","","0","","","1","1","0","0","0","1","0","2","0","1","","03","","N","","","","","","","","","",""
"2022097096","0532","1","0","0","0","0","0","0","0","0","1","0","","67","8","2022","1","39.952951","-75.193241","0530","6","0","0","0","0","0","0","0","0","","0","0","0","","","0","N","0","","39 57:10.622","4","0","75 11:35.667","0","0","0","0","67301","0","0","0","N","0","0","0","1","67504","0","","6.0","550.0","1","N","N","N","0","","0","0","1","","0","N","","2","0","0","0","0","0","0","2","0","2","","","","N","","","","","","","","","",""
"2022097376","0915","0","0","0","0","0","0","0","0","0","7","0","","67","10","2022","1","40.043871","-75.002898","0915","6","0","0","0","0","0","0","0","0","","0","0","0","","","1","N","0","","40 02:37.936","2","0","75 00:10.433","3","0","0","0","67301","0","0","0","Y","0","0","0","2","68K01","0","","2.0","30.0","9","N","N","N","0","","1","0","1","","0","N","","1","1","0","0","0","0","0","2","0","1","","07","","N","","","","","","","","","",""