"CRN","ARRIVAL_TM","AUTOMOBILE_COUNT","BELTED_DEATH_COUNT","BELTED_SUSP_SERIOUS_INJ_COUNT","BICYCLE_COUNT","BICYCLE_DEATH_COUNT","BICYCLE_SUSP_SERIOUS_INJ_COUNT","BUS_COUNT","CHLDPAS_DEATH_COUNT","CHLDPAS_SUSP_SERIOUS_INJ_COUNT","COLLISION_TYPE","COMM_VEH_COUNT","CONS_ZONE_SPD_LIM","COUNTY","CRASH_MONTH","CRASH_YEAR","DAY_OF_WEEK","DEC_LATITUDE","DEC_LONGITUDE","DISPATCH_TM","DISTRICT","DRIVER_COUNT_16YR","DRIVER_COUNT_17YR","DRIVER_COUNT_18YR","DRIVER_COUNT_19YR","DRIVER_COUNT_20YR","DRIVER_COUNT_50_64YR","DRIVER_COUNT_65_74YR","DRIVER_COUNT_75PLUS","EST_HRS_CLOSED","FATAL_COUNT","HEAVY_TRUCK_COUNT","HORSE_BUGGY_COUNT","HOUR_OF_DAY","ILLUMINATION","INJURY_COUNT","INTERSECTION_RELATED","INTERSECT_TYPE","LANE_CLOSED","LATITUDE","LN_CLOSE_DIR","LOCATION_TYPE","LONGITUDE","MAX_SEVERITY_LEVEL","MCYCLE_DEATH_COUNT","MCYCLE_SUSP_SERIOUS_INJ_COUNT","MOTORCYCLE_COUNT","MUNICIPALITY","NONMOTR_COUNT","NONMOTR_DEATH_COUNT","NONMOTR_SUSP_SERIOUS_INJ_COUNT","NTFY_HIWY_MAINT","PED_COUNT","PED_DEATH_COUNT","PED_SUSP_SERIOUS_INJ_COUNT","PERSON_COUNT","POLICE_AGCY","POSSIBLE_INJ_COUNT","RDWY_SURF_TYPE_CD","RELATION_TO_ROAD","ROADWAY_CLEARED","ROAD_CONDITION","SCH_BUS_IND","SCH_ZONE_IND","SECONDARY_CRASH","SMALL_TRUCK_COUNT","SPEC_JURIS_CD","SUSP_MINOR_INJ_COUNT","SUSP_SERIOUS_INJ_COUNT","SUV_COUNT","TCD_FUNC_CD","TCD_TYPE","TFC_DETOUR_IND","TIME_OF_DAY","TOTAL_UNITS","TOT_INJ_COUNT","UNBELTED_OCC_COUNT","UNB_DEATH_COUNT","UNB_SUSP_SERIOUS_INJ_COUNT","UNK_INJ_DEG_COUNT","UNK_INJ_PER_COUNT","URBAN_RURAL","VAN_COUNT","VEHICLE_COUNT","WEATHER1","WEATHER2","WORKERS_PRES","WORK_ZONE_IND","WORK_ZONE_LOC","WORK_ZONE_TYPE","WZ_CLOSE_DETOUR","WZ_FLAGGER","WZ_LAW_OFFCR_IND","WZ_LN_CLOSURE","WZ_MOVING","WZ_OTHER","WZ_SHLDER_MDN","WZ_WORKERS_INJ_KILLED"
"2022094469","0200","0","0","0","0","0","0","0","0","0","7","0","","67","10","2022","2","40.030429","-75.022001","0127","6","0","0","0","0","0","0","0","0","","0","0","0","","","0","N","0","","40 01:49.545","","0","75 01:19.203","0","0","0","0","67301","0","0","0","N","0","0","0","1","68K01","0","","5.0","","9","N","N","N","0","","0","0","1","","0","","","1","0","0","0","0","0","0","2","0","1","","","","N","","","","","","","","","",""
"2022081091","1217","1","0","0","0","0","0","0","0","0","8","0","","67","9","2022","7","39.917673","-75.167395","1217","6","0","0","0","0","0","0","0","0","","0","0","0","","","1","","1","","39 55:03.622","","0","75 10:02.621","3","0","0","0","67301","1","0","0","N","1","0","0","2","67301","0","","1.0","","1","N","N","N","0","","1","0","0","","3","","","2","1","0","0","0","0","0","2","0","1","","03","","N","","","","","","","","","",""
"2022094621","1750","1","0","0","0","0","0","0","0","0","2","0","","67","10","2022","6","39.918286","-75.209044","1750","6","0","0","0","0","0","0","0","1","","0","0","0","","","2","","1","","39 55:05.829","","0","75 12:32.558","3","0","0","0","67301","0","0","0","N","0","0","0","2","67301","0","","1.0","","99","N","N","N","0","","1","0","1","","2","","","2","2","0","0","0","1","0","2","0","2","","03","","N","","","","","","","","","",""
"2022094150","0957","0","0","0","0","0","0","0","0","0","3","1","","67","10","2022","5","39.963528","-75.174578","0954","6","0","0","0","0","0","0","1","0","","0","1","0","","","0","N","0","","39 57:48.700","1","7","75 10:28.480","0","0","0","0","67301","0","0","0","N","0","0","0","2","67301","0","","1.0","1050.0","1","N","N","N","0","","0","0","1","","0","N","","2","0","0","0","0","0","0","2","0","2","","","","N","","","","","","","","","",""
"2022088029","2053","2","0","0","0","0","0","0","0","0","4","0","","67","8","2022","4","39.962926","-75.191387","2053","6","0","0","0","0","0","0","0","1","","0","0","0","","","1","","1","","39 57:46.535","","0","75 11:28.992","3","0","0","0","67301","0","0","0","N","0","0","0","2","67301","0","","1.0","","1","N","N","N","0","","1","0","0","","2","","","2","1","0","0","0","0","0","2","0","2","","03","","N","","","","","","","","","",""
"2022080291","1025","1","0","0","0","0","0","0","0","0","1","0","","67","8","2022","4","39.985075","-75.178531","1022","6","0","0","0","0","0","1","0","0","","0","0","0","","","1","Y","0","","39 59:06.269","","0","75 10:42.710","3","0","0","0","67301","0","0","0","N","0","0","0","3","67301","0","","1.0","","1","N","N","N","0","","1","0","0","","2","","","2","1","2","0","0","0","1","2","0","2","","03","","N","","","","","","","","","",""
"2022097385","0211","1","0","0","0","0","0","0","0","0","7","0","","67","10","2022","6","39.975864","-75.195135","0211","6","0","0","0","0","0","0","0","0","","0","0","0","","","0","N","0","","39 58:33.110","3","0","75 11:42.487","0","0","0","0","67301","0","0","0","N","0","0","0","1","68K01","0","","5.0","245.0","1","N","N","N","0","","0","0","0","","0","N","","1","0","0","0","0","0","0","2","0","1","","03","","N","","","","","","","","","",""
"2022080561","0757","2","0","0","0","0","0","0","0","0","5","0","","67","9","2022","5","40.024772","-75.136931","0747","6","0","0","0","0","0","0","0","0","","0","0","0","","","0","N","0","","40 01:29.180","","0","75 08:12.950","0","0","0","0","67301","0","0","0","N","0","0","0","1","67301","0","","6.0","","1","N","N","N","0","","0","0","0","","0","","","2","0","0","0","0","0","0","2","0","2","","","","N","","","","","","","","","",""
"2022094032","0625","1","0","0","0","0","0","0","0","0","1","0","","67","8","2022","4","39.975508","-75.194525","0625","6","0","0","0","0","0","1","0","0","","0","0","0","","","1","N","0","","39 58:31.828","4","0","75 11:40.290","3","0","0","0","67301","0","0","0","N","0","0","0","3","68K01","0","","1.0","712.0","1","N","N","N","0","","1","0","1","","0","Y","","2","1","0","0","0","0","0","2","0","2","","","","N","","","","","","","","","",""
"2022093293","1044","1","0","0","0","0","0","0","0","0","2","0","","67","10","2022","1","40.066303","-75.180518","1040","6","0","1","0","0","0","0","0","0","","0","0","0","","","0","","1","","40 03:58.690","","0","75 10:49.864","9","0","0","0","67301","0","0","0","N","0","0","0","3","67301","0","","1.0","","1","N","N","N","0","","0","0","1","","3","","","2","0","0","0","0","0","1","2","0","2","","","","N","","","","","","","","","",""
"2022082142","0915","1","0","0","0","0","0","0","0","0","4","0","","67","9","2022","7","39.993879","-75.129448","0910","6","0","0","0","0","0","0","0","0","","0","0","0","","","0","","3","","39 59:37.964","","0","75 07:46.012","0","0","0","0","67301","0","0","0","N","0","0","0","2","67301","0","","1.0","","1","N","N","N","0","","0","0","1","","3","","","2","0","2","0","0","0","0","2","0","2","","98","","N","","","","","","","","","",""
"2022093778","2249","1","0","0","0","0","0","0","0","0","5","0","","67","10","2022","2","40.01219","-75.059485","2238","6","0","0","0","0","0","0","0","0","","0","0","0","","","0","N","0","","40 00:43.885","","0","75 03:34.147","9","0","0","0","67301","0","0","0","N","0","0","0","2","68K01","0","","1.0","","1","N","N","N","0","","0","0","0","","0","","","2","0","0","0","0","0","1","2","0","2","","03","","N","","","","","","","","","",""
"2022094155","2015","2","0","1","0","0","0","0","0","0","4","0","","67","10","2022","3","39.972102","-75.246877","2014","6","0","0","0","0","0","0","0","0","","0","0","0","","","3","","2","","39 58:19.566","","0","75 14:48.756","2","0","0","0","67301","0","0","0","N","0","0","0","3","67301","0","","1.0","","9","N","N","N","1","","2","1","0","","3","","","3","3","2","0","0","0","0","2","0","3","","04","","N","","","","","","","","","",""
"2022095343","1025","0","0","0","0","0","0","0","0","0","4","0","","67","10","2022","6","40.034625","-75.177389","1025","6","0","0","0","0","0","0","0","0","","0","1","0","","","0","N","0","","40 02:04.650","","0","75 10:38.600","0","0","0","0","67301","0","0","0","N","0","0","0","1","67301","0","","1.0","","1","N","N","N","0","","0","0","1","","0","","","2","0","0","0","0","0","0","2","0","2","","03","","N","","","","","","","","","",""
"2022095015","1841","1","0","0","0","0","0","0","0","0","1","0","","67","8","2022","1","39.948781","-75.204356","1815","6","0","0","0","0","0","0","0","0","","0","0","0","","","0","N","0","","39 56:55.610","","0","75 12:15.680","0","0","0","0","67301","0","0","0","N","0","0","0","2","67301","0","","1.0","","1","N","N","N","0","","0","0","1","","0","","","2","0","0","0","0","0","0","2","0","2","","03","","N","","","","","","","","","",""
"2022094028","2030","0","0","0","0","0","0","0","0","0","0","0","","67","8","2022","6","39.892203","-75.197776","2023","6","0","0","0","0","0","0","0","0","","0","0","0","","","1","N","0","","39 53:31.930","1","3","75 11:51.994","8","0","0","1","67301","0","0","0","N","0","0","0","1","68K01","0","","1.0","2100.0","1","N","N","N","0","","0","0","0","","0","Y","","1","1","0","0","0","1","0","1","0","1","","","","N","","","","","","","","","",""
"2022081072","0740","2","0","0","0","0","0","0","0","0","4","0","","67","9","2022","1","40.032209","-75.084117","0735","6","0","0","0","0","0","0","0","0","","0","0","0","","","3","","5","","40 01:55.951","","0","75 05:02.822","3","0","0","0","67301","0","0","0","N","0","0","0","6","67301","0","","1.0","","1","N","N","N","0","","1","0","1","","2","","","3","3","1","0","0","2","1","2","0","3","","04","","N","","","","","","","","","",""
"2022090205","0010","1","0","0","0","0","0","0","0","0","4","0","","67","9","2022","6","40.03054","-75.118198","0006","6","0","0","0","0","0","0","0","0","","0","0","0","","","2","","1","","40 01:49.943","","0","75 07:05.511","8","0","0","0","67301","0","0","0","N","0","0","0","3","67301","0","","1.0","","9","N","N","N","0","","0","0","1","","2","","","2","2","0","0","0","2","0","2","0","2","","03","","N","","","","","","","","","",""
"2022093636","0333","1","0","0","0","0","0","0","0","0","1","0","","67","10","2022","1","39.957038","-75.152368","0326","6","0","0","1","0","0","0","0","0","","0","0","0","","","0","N","0","","39 57:25.337","3","0","75 09:08.526","9","0","0","0","67301","0","0","0","N","0","0","0","5","68K01","0","","1.0","435.0","1","N","N","N","0","","0","0","1","","0","N","","2","0","0","0","0","0","1","2","0","2","","03","","N","","","","","","","","","",""
"2022060047","1035","1","0","0","0","0","0","0","0","0","4","0","","67","6","2022","5","40.022789","-75.047933","1035","6","0","0","0","0","0","0","0","0","","0","0","0","","","0","","1","","40 01:22.040","","0","75 02:52.558","0","0","0","0","67301","0","0","0","N","0","0","0","2","67301","0","","1.0","","9","N","N","N","0","","0","0","1","","3","","","2","0","0","0","0","0","0","2","0","2","","07","","N","","","","","","","","","",""
"2022095014","2350","2","0","0","0","0","0","0","0","0","1","0","","67","8","2022","4","39.955803","-75.238006","2349","6","0","0","0","0","0","0","0","0","","0","0","0","","","2","N","0","","39 57:20.890","1","0","75 14:16.820","3","0","0","0","67301","0","0","0","N","0","0","0","3","67301","0","","1.0","30.0","1","N","N","Y","0","","2","0","1","","7","Y","","3","2","0","0","0","0","0","2","0","3","","03","","N","","","","","","","","","",""
"2022081117","1744","1","0","0","0","0","0","0","0","0","5","0","","67","8","2022","4","39.944975","-75.142448","1733","6","0","0","0","0","0","1","1","0","","0","0","0","","","1","N","0","","39 56:41.911","1","0","75 08:32.811","3","0","0","0","67301","0","0","0","N","0","0","0","3","68K01","0","","1.0","1813.0","1","N","N","N","0","","1","0","1","","0","N","","2","1","0","0","0","0","0","2","0","2","","03","","N","","","","","","","","","",""
"2022094127","0034","2","0","0","0","0","0","0","0","0","5","0","","67","10","2022","1","39.992901","-75.085066","0026","6","0","0","0","0","1","0","0","0","","0","0","0","","","1","N","0","","39 59:34.443","1","0","75 05:06.239","3","0","0","0","67301","0","0","0","N","0","0","0","3","68K01","0","","1.0","100.0","1","N","N","N","0","","1","0","0","","0","N","","2","1","0","0","0","0","1","2","0","2","","03","","N","","","","","","","","","",""
"2022077266","0232","1","0","0","0","0","0","0","0","0","7","0","","67","8","2022","2","40.017503","-75.202164","0222","6","0","0","0","0","0","0","0","0","","0","0","0","","","0","N","0","","40 01:03.010","","0","75 12:07.790","0","0","0","0","67301","0","0","0","N","0","0","0","1","67301","0","","3.0","","9","N","N","N","0","","0","0","0","","0","","","1","0","0","0","0","0","0","2","0","1","","03","","N","","","","","","","","","",""
"2022072611","0543","2","0","0","0","0","0","0","0","0","1","0","","67","7","2022","7","40.006199","-75.098953","0534","6","0","0","0","0","0","0","0","0","","0","0","0","","","1","N","0","","40 00:22.317","","0","75 05:56.229","2","0","0","0","67301","1","0","1","N","1","0","1","3","67301","0","","1.0","","1","N","N","N","0","","0","1","0","","0","","","3","1","1","0","0","0","1","2","0","2","","03","","N","","","","","","","","","",""
"2022081679","1845","1","0","0","0","0","0","0","0","0","4","0","","67","9","2022","2","40.062647","-75.043","1835","6","0","0","0","0","0","1","0","0","","0","0","0","","","1","","1","","40 03:45.528","","0","75 02:34.801","3","0","0","0","67301","0","0","0","N","0","0","0","3","67301","0","","1.0","","1","N","N","Y","0","","1","0","1","","2","","","3","1","0","0","0","0","0","2","0","3","","","","N","","","","","","","","","",""
"2022080736","1655","0","0","0","1","0","0","0","0","0","8","0","","67","9","2022","6","39.940198","-75.166194","1650","6","0","0","0","0","0","1","0","0","","0","0","0","","","1","N","0","","39 56:24.711","","0","75 09:58.298","3","0","0","0","67301","1","0","0","N","0","0","0","2","67301","0","","1.0","","1","N","N","N","0","","1","0","1","","0","","","2","1","0","0","0","0","0","2","0","1","","","","N","","","","","","","","","",""
"2022097448","2030","2","0","0","0","0","0","0","0","0","2","0","","67","10","2022","6","39.993539","-75.226569","2028","6","0","0","0","0","0","0","0","0","","0","0","0","","","1","N","0","","39 59:36.740","","0","75 13:35.650","8","0","0","0","67301","0","0","0","N","0","0","0","1","67301","0","","6.0","","1","N","N","N","0","","0","0","0","","0","","","2","1","0","0","0","1","0","2","0","2","","03","","N","","","","","","","","","",""
"2022081838","1835","0","0","0","0","0","0","0","0","0","8","0","","67","9","2022","6","39.954003","-75.16821","1830","6","0","0","0","0","0","0","0","0","","0","0","0","","","1","","1","","39 57:14.411","","0","75 10:05.557","3","0","0","0","67301","1","0","0","N","1","0","0","2","67301","0","","1.0","","1","N","N","N","0","","1","0","0","","2","","","2","1","0","0","0","0","0","2","0","1","","03","","N","","","","","","","","","",""
"2022094265","0559","3","0","0","0","0","0","0","0","0","4","0","","67","10","2022","1","40.026863","-75.078848","0555","6","0","0","0","1","0","0","0","0","","0","0","0","","","1","","1","","40 01:36.706","2","0","75 04:43.852","3","0","0","0","67301","0","0","0","N","0","0","0","2","67301","0","","1.0","625.0","9","N","N","N","0","","1","0","1","","3","N","","4","1","2","0","0","0","0","2","0","4","","","","N","","","","","","","","","",""
"2022093657","1717","1","0","0","0","0","0","0","0","0","4","1","","67","10","2022","1","39.966868","-75.209634","1630","6","0","0","0","0","0","0","0","0","","0","1","0","","","1","","1","","39 58:00.724","","0","75 12:34.682","8","0","0","0","67301","0","0","0","N","0","0","0","2","67301","0","","1.0","","1","N","N","N","0","","0","0","0","","3","","","2","1","0","0","0","1","1","2","0","2","","03","","N","","","","","","","","","",""
"2022095021","1100","0","0","0","0","0","0","0","0","0","4","0","","67","10","2022","7","39.969433","-75.245306","1100","6","1","0","0","0","0","0","0","0","","0","0","0","","","0","N","0","","39 58:09.959","2","7","75 14:43.102","0","0","0","0","67301","0","0","0","N","0","0","0","3","67301","0","","1.0","1200.0","9","N","N","N","0","","0","0","2","","2","N","","2","0","0","0","0","0","0","2","0","2","","","","N","","","","","","","","","",""
"2022080290","1135","2","0","0","0","0","0","0","0","0","5","0","","67","8","2022","3","39.947858","-75.207039","1135","6","0","0","0","0","0","0","0","0","","0","0","0","","","0","N","0","","39 56:52.290","","0","75 12:25.340","0","0","0","0","67301","0","0","0","N","0","0","0","3","67301","0","","1.0","","1","N","N","N","0","","0","0","0","","0","","","2","0","0","0","0","0","0","2","0","2","","03","","N","","","","","","","","","",""
"2022086889","2225","0","0","0","0","0","0","0","0","0","8","0","","67","9","2022","3","40.071256","-75.161453","2223","6","0","0","0","0","0","0","0","0","","0","0","0","","","1","N","0","","40 04:16.521","","0","75 09:41.230","8","0","0","0","67301","1","0","0","N","1","0","0","1","67301","0","","1.0","","1","N","N","N","0","","0","0","0","","0","","","2","1","0","0","0","1","0","2","0","1","","","","N","","","","","","","","","",""
"2022096724","1105","1","0","0","0","0","0","0","0","0","4","0","","67","10","2022","1","39.935632","-75.22587","1100","6","0","0","0","0","0","1","0","0","","0","0","0","","","1","","1","","39 56:08.274","4","0","75 13:33.131","3","0","0","0","67301","0","0","0","N","0","0","0","2","67301","0","","1.0","1130.0","1","N","N","N","0","","1","0","2","","2","N","","3","1","0","0","0","0","0","2","0","3","","03","","N","","","","","","","","","",""
"2022094289","0103","0","0","0","0","0","0","1","0","0","1","1","","67","10","2022","6","40.018608","-75.183092","0020","6","0","0","0","0","0","0","0","0","","0","0","0","","","2","","1","","40 01:06.988","","0","75 10:59.131","8","0","0","0","67301","0","0","0","N","0","0","0","2","67508","0","","1.0","","1","N","N","N","0","","0","0","1","","3","","","2","2","1","0","0","2","0","2","0","2","","03","","N","","","","","","","","","",""
"2022095045","1010","0","0","0","0","0","0","0","0","0","4","1","","67","10","2022","6","39.985774","-75.156255","1005","6","0","0","0","0","0","1","0","0","","0","1","0","","","1","N","0","","39 59:08.788","1","7","75 09:22.518","8","0","0","0","67301","0","0","0","N","0","0","0","3","67505","0","","1.0","1030.0","1","N","N","N","0","","0","0","1","","0","N","","2","1","0","0","0","1","0","2","0","2","","03","","N","","","","","","","","","",""
"2022094031","1639","0","0","0","0","0","0","0","0","0","1","0","","67","8","2022","3","40.007828","-75.201261","1627","6","0","0","0","0","0","0","0","0","","0","0","0","","","1","N","0","","40 00:28.182","4","0","75 12:04.541","3","0","0","0","67301","0","0","0","N","0","0","0","3","68K01","0","","1.0","1645.0","1","N","N","N","0","","1","0","0","","0","N","","2","1","0","0","0","0","0","2","2","2","","","","N","","","","","","","","","",""
"2022093066","0741","0","0","0","0","0","0","0","0","0","7","0","","67","10","2022","7","40.052885","-75.008333","0737","6","0","0","0","1","0","0","0","0","","0","0","0","","","0","N","0","","40 03:10.385","","0","75 00:29.997","0","0","0","0","67301","0","0","0","N","0","0","0","1","67301","0","","5.0","","1","N","N","N","0","","0","0","1","","0","","","1","0","0","0","0","0","0","2","0","1","","03","","N","","","","","","","","","",""
"2022090276","1606","1","0","0","0","0","0","0","0","0","4","0","","67","8","2022","2","39.992235","-75.099329","1556","6","0","0","0","0","0","1","0","0","","0","0","0","","","1","","1","","39 59:32.047","2","0","75 05:57.585","8","0","0","0","67301","0","0","0","N","0","0","0","4","67301","0","","1.0","1620.0","1","N","N","N","0","","0","0","1","","2","N","","2","1","0","0","0","1","3","2","0","2","","03","","N","","","","","","","","","",""
"2022080272","2036","0","0","0","0","0","0","0","0","0","8","0","","67","8","2022","4","40.113965","-75.024702","2030","6","0","0","0","0","0","0","0","1","","0","0","0","","","1","","2","","40 06:50.274","","0","75 01:28.927","3","0","0","0","67301","1","0","0","N","1","0","0","2","67301","0","","1.0","","1","N","N","N","0","","1","0","0","","3","","","2","1","0","0","0","0","0","2","1","1","","","","N","","","","","","","","","",""
"2022060069","2200","3","0","0","0","0","0","0","0","0","5","0","","67","6","2022","6","39.978025","-75.18105","2145","6","0","0","0","0","0","1","0","0","","0","0","0","","","1","N","0","","39 58:40.890","2","0","75 10:51.780","4","0","0","0","67301","0","0","0","N","0","0","0","1","67301","1","","6.0","2215.0","1","N","N","N","0","","0","0","2","","0","Y","","5","1","0","0","0","0","0","2","0","5","","03","","N","","","","","","","","","",""
"2022096298","0532","1","0","0","0","0","0","0","0","0","7","0","","67","10","2022","2","39.997397","-75.196371","0523","6","0","0","0","0","1","0","0","0","","0","0","0","","","1","N","0","","39 59:50.628","3","0","75 11:46.937","3","0","0","0","67301","0","0","0","N","0","0","0","1","68K01","0","","4.0","550.0","1","N","N","N","0","","1","0","0","","0","N","","1","1","0","0","0","0","0","2","0","1","","","","N","","","","","","","","","",""
"2022096753","0145","0","0","0","0","0","0","0","0","0","5","0","","67","8","2022","2","40.01024","-75.098087","0114","6","0","0","0","0","0","0","0","0","","0","0","0","","","1","","1","","40 00:36.863","","0","75 05:53.112","8","0","0","1","67301","0","0","0","N","0","0","0","2","67301","0","","1.0","","1","N","N","N","0","","0","0","1","","2","","","2","1","0","0","0","1","0","2","0","2","","03","","N","","","","","","","","","",""
"2022094157","1335","2","0","0","0","0","0","0","0","0","4","0","","67","10","2022","5","39.97699","-75.155999","1330","6","0","0","0","0","0","0","0","0","","0","0","0","","","1","","1","","39 58:37.164","","0","75 09:21.596","3","0","0","0","67301","0","0","0","N","0","0","0","2","67301","0","","1.0","","99","N","N","N","0","","1","0","0","","2","","","2","1","0","0","0","0","0","2","0","2","","03","","N","","","","","","","","","",""
"2022093598","1157","0","0","0","0","0","0","0","0","0","1","1","","67","10","2022","3","40.003227","-75.077638","1157","6","0","0","0","0","0","0","0","0","","0","1","0","","","1","N","0","","40 00:11.616","2","3","75 04:39.497","8","0","0","0","67301","0","0","0","N","0","0","0","2","68K01","0","","1.0","1222.0","9","N","N","N","0","","0","0","1","","0","N","","2","1","1","0","0","1","0","2","0","2","","","","N","","","","","","","","","",""
"2022092102","0307","1","0","0","0","0","0","0","0","0","7","0","","67","10","2022","1","40.030111","-75.022149","0256","6","0","0","0","0","0","0","0","0","","0","0","0","","","1","N","0","","40 01:48.399","2","0","75 01:19.738","3","0","0","0","67301","0","0","0","N","0","0","0","1","68K01","0","","4.0","316.0","9","N","N","N","0","","1","0","0","","0","N","","1","1","0","0","0","0","0","2","0","1","","","","N","","","","","","","","","",""
"2022094440","1713","0","0","0","0","0","0","0","0","0","7","0","","67","8","2022","6","40.036452","-75.015658","1704","6","0","0","0","0","0","1","0","0","","0","0","0","","","0","N","0","","40 02:11.228","","0","75 00:56.367","0","0","0","0","67301","0","0","0","N","0","0","0","1","68K01","0","","4.0","","1","N","N","N","0","","0","0","1","","0","","","1","0","0","0","0","0","0","2","0","1","","03","","N","","","","","","","","","",""
"2022080473","2020","2","0","0","0","0","0","0","0","0","5","0","","67","8","2022","3","39.942919","-75.172233","2006","6","0","0","0","0","0","0","0","0","","0","0","0","","","0","N","0","","39 56:34.510","","0","75 10:20.040","0","0","0","0","67301","0","0","0","N","0","0","0","1","67301","0","","6.0","","9","N","N","N","0","","0","0","0","","0","","","2","0","0","0","0","0","0","2","0","2","","04","","N","","","","","","","","","",""
"2022094637","1320","0","0","0","0","0","0","1","0","0","1","1","","67","10","2022","4","40.00221","-75.1577","1310","6","0","0","0","0","0","1","0","0","","0","0","0","","","4","","1","","40 00:07.957","","0","75 09:27.721","4","0","0","0","67301","0","0","0","N","0","0","0","5","67508","2","","1.0","","1","N","N","N","1","","0","0","0","","2","N","","2","4","1","0","0","2","0","2","0","2","","03","","N","","","","","","","","","",""
"2022093417","0353","0","0","0","0","0","0","0","0","0","4","0","","67","10","2022","1","40.024148","-75.133202","0350","6","0","0","0","0","0","0","0","0","","0","0","0","","","1","","2","","40 01:26.931","3","0","75 07:59.528","3","0","0","0","67301","0","0","0","N","0","0","0","2","67301","0","","1.0","415.0","1","N","N","N","0","","1","0","1","","2","Y","","2","1","0","0","0","0","0","2","0","2","","03","","N","","","","","","","","","",""
"2022087022","1540","1","0","0","0","0","0","1","0","0","4","1","","67","9","2022","6","39.961998","-75.240725","1525","6","0","0","0","0","0","1","0","0","","0","0","0","","","1","","1","","39 57:43.192","","1","75 14:26.610","4","0","0","0","67301","0","0","0","N","0","0","0","2","67508","1","","1.0","","1","N","N","Y","0","","0","0","0","","2","","","2","1","0","0","0","0","0","2","0","2","","03","","N","","","","","","","","","",""
"2022096716","1840","1","0","0","0","0","0","0","0","0","8","0","","67","10","2022","1","39.905417","-75.173545","1837","6","0","0","0","0","0","0","0","0","","0","0","0","","","1","","2","","39 54:19.500","","7","75 10:24.761","3","0","0","0","67301","1","0","0","N","1","0","0","4","67301","0","","1.0","","1","N","N","N","0","","1","0","0","","7","","","2","1","0","0","0","0","0","2","0","1","","03","","N","","","","","","","","","",""
"2022077971","1642","2","0","0","0","0","0","0","0","0","1","0","","67","8","2022","5","40.02564","-75.125365","1642","6","0","0","0","0","0","0","0","0","","0","0","0","","","1","","1","","40 01:32.303","2","0","75 07:31.314","3","0","0","0","67301","0","0","0","N","0","0","0","2","67301","0","","1.0","1655.0","1","N","N","N","0","","1","0","0","","2","Y","","2","1","0","0","0","0","0","2","0","2","","03","","N","","","","","","","","","",""
"2022081287","2233","1","0","0","0","0","0","0","0","0","5","0","","67","9","2022","1","40.025814","-75.175814","2233","6","0","0","0","0","0","1","0","0","","0","0","0","","","0","N","0","","40 01:32.930","","0","75 10:32.930","0","0","0","0","67301","0","0","0","N","0","0","0","1","67301","0","","6.0","","1","N","N","N","1","","0","0","0","","0","","","2","0","0","0","0","0","0","2","0","2","","","","N","","","","","","","","","",""
"2022095026","0855","1","0","0","0","0","0","0","0","0","2","0","","67","10","2022","3","40.043736","-75.13821","0850","6","0","0","0","0","0","1","1","0","","0","0","0","","","0","","1","","40 02:37.449","","0","75 08:17.556","0","0","0","0","67301","0","0","0","N","0","0","0","2","67301","0","","1.0","","1","N","N","N","0","","0","0","1","","3","","","2","0","0","0","0","0","0","2","0","2","","","","N","","","","","","","","","",""
"2022097441","0019","1","0","0","0","0","0","0","0","0","1","0","","67","7","2022","4","40.00839","-75.211014","0019","6","0","0","0","0","0","0","0","0","","0","0","0","","","0","Y","0","","40 00:30.203","","0","75 12:39.649","0","0","0","0","67301","0","0","0","N","0","0","0","2","67301","0","","1.0","","1","N","N","N","1","","0","0","0","","2","","","2","0","0","0","0","0","0","2","0","2","","03","","N","","","","","","","","","",""
"2022080191","1717","1","0","0","0","0","0","0","0","0","2","0","","67","8","2022","4","40.039456","-75.174136","1716","6","0","0","1","0","0","0","0","0","","0","0","0","","","1","N","0","","40 02:22.040","","0","75 10:26.890","3","0","0","0","67301","0","0","0","N","0","0","0","1","67301","0","","6.0","","1","N","N","N","1","","1","0","1","","0","","","3","1","1","0","0","0","0","2","0","3","","","","N","","","","","","","","","",""
"2022083558","1920","1","0","0","0","0","0","0","0","0","4","0","","67","9","2022","2","39.970507","-75.234205","1916","6","0","0","0","0","0","1","0","0","","0","0","0","","","3","","1","","39 58:13.825","7","0","75 14:03.137","8","0","0","0","67301","0","0","0","N","0","0","0","3","67301","0","","1.0","2044.0","1","N","N","N","0","","0","0","1","","2","Y","","2","3","2","0","0","3","0","2","0","2","","","","N","","","","","","","","","",""
"2022095011","1107","0","0","0","0","0","0","0","0","0","6","1","","67","10","2022","5","39.918105","-75.209925","1103","6","0","0","0","0","0","1","0","0","","0","1","0","","","0","N","0","","39 55:05.177","","0","75 12:35.729","9","0","0","0","67301","0","0","0","N","0","0","0","2","67301","0","","1.0","","9","N","N","N","0","","0","0","1","","0","","","2","0","0","0","0","0","1","2","0","2","","07","","N","","","","","","","","","",""
"2022083621","1711","2","0","0","0","0","0","0","0","0","4","0","","67","9","2022","6","39.968556","-75.202133","1710","6","0","0","0","0","0","0","0","0","","0","0","0","","","0","","1","","39 58:06.801","","0","75 12:07.678","9","0","0","0","67301","0","0","0","N","0","0","0","3","67301","0","","1.0","","1","N","N","N","0","","0","0","0","","3","","","2","0","0","0","0","0","1","2","0","2","","03","","N","","","","","","","","","",""