"CRN","ARRIVAL_TM","AUTOMOBILE_COUNT","BELTED_DEATH_COUNT","BELTED_SUSP_SERIOUS_INJ_COUNT","BICYCLE_COUNT","BICYCLE_DEATH_COUNT","BICYCLE_SUSP_SERIOUS_INJ_COUNT","BUS_COUNT","CHLDPAS_DEATH_COUNT","CHLDPAS_SUSP_SERIOUS_INJ_COUNT","COLLISION_TYPE","COMM_VEH_COUNT","CONS_ZONE_SPD_LIM","COUNTY","CRASH_MONTH","CRASH_YEAR","DAY_OF_WEEK","DEC_LATITUDE","DEC_LONGITUDE","DISPATCH_TM","DISTRICT","DRIVER_COUNT_16YR","DRIVER_COUNT_17YR","DRIVER_COUNT_18YR","DRIVER_COUNT_19YR","DRIVER_COUNT_20YR","DRIVER_COUNT_50_64YR","DRIVER_COUNT_65_74YR","DRIVER_COUNT_75PLUS","EST_HRS_CLOSED","FATAL_COUNT","HEAVY_TRUCK_COUNT","HORSE_BUGGY_COUNT","HOUR_OF_DAY","ILLUMINATION","INJURY_COUNT","INTERSECTION_RELATED","INTERSECT_TYPE","LANE_CLOSED","LATITUDE","LN_CLOSE_DIR","LOCATION_TYPE","LONGITUDE","MAX_SEVERITY_LEVEL","MCYCLE_DEATH_COUNT","MCYCLE_SUSP_SERIOUS_INJ_COUNT","MOTORCYCLE_COUNT","MUNICIPALITY","NONMOTR_COUNT","NONMOTR_DEATH_COUNT","NONMOTR_SUSP_SERIOUS_INJ_COUNT","NTFY_HIWY_MAINT","PED_COUNT","PED_DEATH_COUNT","PED_SUSP_SERIOUS_INJ_COUNT","PERSON_COUNT","POLICE_AGCY","POSSIBLE_INJ_COUNT","RDWY_SURF_TYPE_CD","RELATION_TO_ROAD","ROADWAY_CLEARED","ROAD_CONDITION","SCH_BUS_IND","SCH_ZONE_IND","SECONDARY_CRASH","SMALL_TRUCK_COUNT","SPEC_JURIS_CD","SUSP_MINOR_INJ_COUNT","SUSP_SERIOUS_INJ_COUNT","SUV_COUNT","TCD_FUNC_CD","TCD_TYPE","TFC_DETOUR_IND","TIME_OF_DAY","TOTAL_UNITS","TOT_INJ_COUNT","UNBELTED_OCC_COUNT","UNB_DEATH_COUNT","UNB_SUSP_SERIOUS_INJ_COUNT","UNK_INJ_DEG_COUNT","UNK_INJ_PER_COUNT","URBAN_RURAL","VAN_COUNT","VEHICLE_COUNT","WEATHER1","WEATHER2","WORKERS_PRES","WORK_ZONE_IND","WORK_ZONE_LOC","WORK_ZONE_TYPE","WZ_CLOSE_DETOUR","WZ_FLAGGER","WZ_LAW_OFFCR_IND","WZ_LN_CLOSURE","WZ_MOVING","WZ_OTHER","WZ_SHLDER_MDN","WZ_WORKERS_INJ_KILLED"
"2022095012","1452","1","0","0","0","0","0","0","0","0","8","0","","67","10","2022","5","39.920403","-75.232885","1452","6","0","0","0","0","0","0","0","0","","0","0","0","","","1","","1","","39 55:13.451","","0","75 13:58.387","3","0","0","0","67301","1","0","0","N","1","0","0","1","67301","0","","4.0","","9","N","N","N","0","","1","0","0","","2","","","2","1","0","0","0","0","0","2","0","1","","07","","N","","","","","","","","","",""
"2022081285","2006","0","0","0","0","0","0","0","0","0","8","0","","67","8","2022","4","39.996967","-75.117401","2006","6","0","0","0","0","0","0","0","0","","0","0","0","","","1","","1","","39 59:49.080","","0","75 07:02.645","3","0","0","0","67301","1","0","0","N","1","0","0","2","67301","0","","1.0","","1","N","N","N","0","","1","0","0","","2","","","2","1","0","0","0","0","0","2","0","1","","03","","N","","","","","","","","","",""
"2022091276","1544","1","0","0","0","0","0","0","0","0","1","0","","67","9","2022","5","39.958763","-75.168887","1529","6","0","0","0","0","0","0","0","0","","0","0","0","","","0","N","0","","39 57:31.547","4","0","75 10:07.994","0","0","0","0","67301","0","0","0","N","0","0","0","2","68K01","0","","1.0","1529.0","1","N","N","N","0","","0","0","0","","0","N","","2","0","0","0","0","0","0","2","1","2","","03","","N","","","","","","","","","",""
"2022072586","2103","1","0","0","0","0","0","0","0","0","4","0","","67","8","2022","2","40.04306","-75.055433","2059","6","0","0","0","0","0","0","0","0","","1","0","0","","","0","N","0","","40 02:35.015","1","0","75 03:19.560","1","1","0","1","67301","0","0","0","N","0","0","0","2","67301","0","2","1.0","2359.0","1","N","N","N","0","0","0","0","0","","2","Y","","2","0","0","0","0","0","0","2","0","2","","03","","N","","","","","","","","","",""
"2022085448","0805","1","0","0","0","0","0","0","0","0","2","0","","67","9","2022","7","40.069972","-75.157165","0737","6","0","0","0","0","0","1","0","0","","0","0","0","","","1","","1","","40 04:11.899","","0","75 09:25.794","8","0","0","0","67301","0","0","0","N","0","0","0","2","67301","0","","1.0","","1","N","N","N","0","","0","0","0","","2","","","2","1","0","0","0","1","1","2","0","2","","03","","N","","","","","","","","","",""
"2022097381","1956","0","0","0","0","0","0","0","0","0","1","0","","67","10","2022","1","39.970633","-75.124431","1954","6","0","0","0","0","0","0","0","0","","0","0","0","","","2","N","0","","39 58:14.277","1","2","75 07:27.951","3","0","0","0","67301","0","0","0","N","0","0","0","3","68K01","1","","2.0","2050.0","9","N","N","N","0","","1","0","1","","0","N","","2","2","1","0","0","0","0","2","1","2","","","","N","","","","","","","","","",""
"2022083639","2310","0","0","0","0","0","0","0","0","0","4","0","","67","9","2022","7","39.976361","-75.119813","2301","6","0","0","0","0","0","0","0","0","","0","0","0","","","0","","1","","39 58:34.901","","0","75 07:11.326","0","0","0","0","67301","0","0","0","N","0","0","0","2","67301","0","","1.0","","1","N","N","N","0","","0","0","2","","2","","","2","0","0","0","0","0","0","2","0","2","","03","","N","","","","","","","","","",""
"2022084300","2022","2","0","0","0","0","0","0","0","0","1","0","","67","9","2022","2","40.058398","-75.07852","2022","6","0","0","0","1","0","1","0","0","","0","0","0","","","1","Y","0","","40 03:30.234","4","0","75 04:42.673","8","0","0","0","67301","0","0","0","N","0","0","0","5","67301","0","","1.0","2200.0","1","N","N","N","0","","0","0","1","","2","N","","3","1","0","0","0","1","0","2","0","3","","03","","N","","","","","","","","","",""
"2022094857","2331","2","0","0","0","0","0","0","0","0","7","0","","67","10","2022","7","39.932181","-75.200087","2321","6","0","0","0","0","0","0","0","0","","0","0","0","","","0","N","0","","39 55:55.853","","0","75 12:00.312","0","0","0","0","67301","0","0","0","N","0","0","0","2","68K01","0","","4.0","","1","N","N","N","0","","0","0","0","","0","","","2","0","0","0","0","0","0","2","0","2","","03","","N","","","","","","","","","",""
"2022080289","0730","0","0","0","0","0","0","0","0","0","5","0","","67","8","2022","3","39.951827","-75.226571","0730","6","0","0","0","0","0","0","0","0","","0","0","0","","","0","N","0","","39 57:06.577","1","0","75 13:35.655","0","0","0","0","67301","0","0","0","N","0","0","0","2","67301","0","","6.0","845.0","1","N","N","N","0","","0","0","2","","0","N","","2","0","0","0","0","0","0","2","0","2","","03","","N","","","","","","","","","",""
"2022061315","1705","1","0","0","0","0","0","0","0","0","4","0","","67","6","2022","2","40.084453","-75.038374","1700","6","0","0","0","0","0","0","0","0","","0","0","0","","","1","","1","","40 05:04.029","1","0","75 02:18.148","3","0","0","0","67301","0","0","0","N","0","0","0","2","67301","0","","1.0","1600.0","9","N","N","N","0","","1","0","1","","2","N","","2","1","1","0","0","0","0","2","0","2","","","","N","","","","","","","","","",""
"2022093809","0045","2","0","0","0","0","0","0","0","0","2","0","","67","10","2022","2","39.892957","-75.240194","0040","6","0","0","1","0","0","0","0","0","","0","0","0","","","3","N","0","","39 53:34.646","3","0","75 14:24.698","3","0","0","0","67301","0","0","0","N","0","0","0","4","67301","0","","1.0","330.0","1","N","N","N","0","","3","0","0","","2","Y","","2","3","0","0","0","0","0","2","0","2","","03","","N","","","","","","","","","",""
"2022083593","0915","1","0","0","0","0","0","0","0","0","1","0","","67","9","2022","5","39.958132","-75.150458","0910","6","0","0","0","0","0","0","0","0","","0","0","0","","","1","","1","","39 57:29.275","","0","75 09:01.648","3","0","0","0","67301","0","0","0","N","0","0","0","3","67301","0","","1.0","","1","N","N","N","0","","1","0","0","","2","","","2","1","0","0","0","0","0","2","1","2","","04","","N","","","","","","","","","",""
"2022096786","0920","0","0","0","0","0","0","1","0","0","5","1","","67","10","2022","4","40.05947","-75.138185","0852","6","0","0","0","0","0","1","0","0","","0","0","0","","","4","","2","","40 03:34.091","","0","75 08:17.465","3","0","0","0","67301","0","0","0","N","0","0","0","6","67508","3","","1.0","","1","N","N","Y","0","","1","0","1","","0","","","2","4","0","0","0","0","0","2","0","2","","03","","N","","","","","","","","","",""
"2022078936","0105","2","0","0","0","0","0","0","0","0","4","0","","67","8","2022","1","39.938719","-75.224301","0105","6","0","0","0","0","0","0","0","0","","0","0","0","","","3","","1","","39 56:19.388","","0","75 13:27.483","3","0","0","0","67301","0","0","0","N","0","0","0","3","67301","0","","1.0","","1","N","N","N","0","","3","0","0","","2","","","2","3","0","0","0","0","0","2","0","2","","03","","N","","","","","","","","","",""
"2022094022","0743","2","0","0","0","0","0","0","0","0","1","0","","67","8","2022","4","40.01848","-75.047039","0725","6","0","0","0","0","0","0","0","0","","0","0","0","","","0","N","0","","40 01:06.527","","0","75 02:49.339","0","0","0","0","67301","0","0","0","N","0","0","0","4","68K01","0","","1.0","","1","N","N","N","0","","0","0","1","","0","","","3","0","0","0","0","0","0","2","0","3","","03","","N","","","","","","","","","",""
"2022095013","1740","1","0","0","0","0","0","0","0","0","5","0","","67","10","2022","5","39.916941","-75.237803","1740","6","0","0","0","0","0","0","0","0","","0","0","0","","","1","N","0","","39 55:00.987","","0","75 14:16.090","4","0","0","0","67301","0","0","0","N","0","0","0","2","67301","1","","1.0","","9","N","N","N","0","","0","0","1","","0","","","3","1","1","0","0","0","0","2","0","3","","03","","N","","","","","","","","","",""
"2022092945","0840","2","0","0","0","0","0","1","0","0","5","1","","67","9","2022","4","40.026108","-75.208979","0745","6","0","0","0","0","0","1","0","0","","0","0","0","","","2","N","0","","40 01:33.989","","0","75 12:32.323","8","0","0","0","67301","0","0","0","N","0","0","0","3","67508","0","","6.0","","1","N","N","Y","0","","0","0","0","","0","","","3","2","0","0","0","2","0","2","0","3","","03","","N","","","","","","","","","",""
"2022081433","1337","0","0","0","1","0","0","0","0","0","8","0","","67","8","2022","4","40.032137","-75.146136","1337","6","0","0","0","0","0","1","0","0","","0","0","0","","","1","","1","","40 01:55.692","","0","75 08:46.089","3","0","0","0","67301","1","0","0","N","0","0","0","2","67301","0","","1.0","","1","N","N","N","0","","1","0","1","","2","","","2","1","0","0","0","0","0","2","0","1","","03","","N","","","","","","","","","",""
"2022093801","1625","0","0","0","0","0","0","0","0","0","8","0","","67","10","2022","2","40.070853","-74.985731","1621","6","0","0","0","0","0","0","0","1","","0","0","0","","","1","N","0","","40 04:15.070","","0","74 59:08.630","8","0","0","0","67301","1","0","0","N","1","0","0","2","67301","0","","1.0","","1","N","N","N","0","","0","0","0","","0","","","2","1","0","0","0","1","0","2","1","1","","03","","N","","","","","","","","","",""
"2022091580","1506","1","0","0","0","0","0","0","0","0","1","0","","67","9","2022","7","40.049537","-74.995747","1500","6","0","0","0","0","1","0","0","0","","0","0","0","","","2","N","0","","40 02:58.334","","0","74 59:44.689","4","0","0","0","67301","0","0","0","N","0","0","0","4","68K01","2","","1.0","","1","N","N","N","0","","0","0","1","","0","","","2","2","2","0","0","0","0","2","0","2","","","","N","","","","","","","","","",""
"2022072917","0335","1","0","0","0","0","0","0","0","0","5","0","","67","7","2022","5","39.890408","-75.220486","0322","6","0","0","0","0","0","1","0","0","","0","0","0","","","0","N","0","","39 53:25.469","","0","75 13:13.750","9","0","0","0","67301","0","0","0","N","0","0","0","2","68K01","0","","1.0","","1","N","N","N","0","","0","0","1","","0","","","2","0","0","0","0","0","1","2","0","2","","03","","N","","","","","","","","","",""
"2022093361","0115","3","0","1","0","0","0","0","0","0","1","0","","67","8","2022","1","40.005849","-75.075059","0102","6","0","0","0","0","0","2","0","0","","0","0","0","","","1","N","0","","40 00:21.057","2","0","75 04:30.212","2","0","0","0","67301","0","0","0","N","0","0","0","4","68K01","0","","1.0","400.0","1","N","N","N","0","","0","1","1","","0","Y","","4","1","0","0","0","0","0","2","0","4","","03","","N","","","","","","","","","",""
"2022086911","0643","1","0","0","0","0","0","0","0","0","1","0","","67","9","2022","4","40.02318","-75.03556","0643","6","0","0","0","0","0","1","0","0","","0","0","0","","","0","N","0","","40 01:23.448","","0","75 02:08.016","0","0","0","0","67301","0","0","0","N","0","0","0","2","68K01","0","","1.0","","1","N","N","N","1","","0","0","0","","0","","","2","0","0","0","0","0","0","2","0","2","","","","N","","","","","","","","","",""
"2022092112","0641","0","0","0","0","0","0","0","0","0","7","0","","67","10","2022","2","40.031104","-75.021711","0620","6","0","0","0","0","0","0","0","0","","0","0","0","","","0","N","0","","40 01:51.974","","0","75 01:18.158","0","0","0","0","67301","0","0","0","N","0","0","0","1","68K01","0","","2.0","","9","N","N","N","1","","0","0","0","","0","","","1","0","0","0","0","0","0","2","0","1","","","","N","","","","","","","","","",""
"2022084268","1640","0","0","0","0","0","0","1","0","0","4","1","","67","9","2022","5","40.065219","-75.1681","1610","6","0","0","0","0","0","0","0","0","","0","0","0","","","2","","1","","40 03:54.789","","0","75 10:05.159","4","0","0","0","67301","0","0","0","N","0","0","0","6","67508","2","","1.0","","1","N","N","N","0","","0","0","1","","2","","","2","2","0","0","0","0","3","2","0","2","","03","","N","","","","","","","","","",""
"2022094159","0735","0","0","0","0","0","0","0","0","0","6","2","","67","10","2022","1","40.018428","-75.140539","0732","6","0","0","0","0","0","0","0","0","","0","2","0","","","0","N","0","","40 01:06.340","","0","75 08:25.940","0","0","0","0","67301","0","0","0","N","0","0","0","1","67301","0","","6.0","","1","N","N","Y","1","","0","0","1","","0","","","4","0","1","0","0","0","0","2","0","4","","03","","N","","","","","","","","","",""
"2022081301","1210","1","0","0","0","0","0","0","0","0","1","0","","67","9","2022","6","40.082647","-75.031828","1208","6","0","0","0","0","0","0","0","0","","0","0","0","","","1","Y","0","","40 04:57.528","","0","75 01:54.580","4","0","0","0","67301","0","0","0","N","0","0","0","3","67301","1","","1.0","","1","N","N","N","0","","0","0","0","","2","","","2","1","1","0","0","0","0","2","1","2","","","","N","","","","","","","","","",""
"2022081241","2217","2","0","0","0","0","0","0","0","0","5","0","","67","8","2022","3","40.002626","-75.124413","2214","6","0","0","0","0","0","0","0","0","","0","0","0","","","1","","1","","40 00:09.455","4","0","75 07:27.886","4","0","0","0","67301","0","0","0","N","0","0","0","2","67301","1","","1.0","2245.0","1","N","N","N","0","","0","0","0","","2","Y","","2","1","0","0","0","0","0","2","0","2","","03","","N","","","","","","","","","",""
"2022093469","1627","0","0","0","1","0","0","1","0","0","8","1","","67","9","2022","2","39.951118","-75.1785","1622","6","0","0","0","0","0","1","0","0","","0","0","0","","","1","","1","","39 57:04.026","","0","75 10:42.601","3","0","0","0","67301","1","0","0","N","0","0","0","2","67508","0","","1.0","","1","N","N","N","0","","1","0","0","","2","N","","2","1","0","0","0","0","0","2","0","1","","03","","N","","","","","","","","","",""
"2022078203","2315","0","0","0","0","0","0","0","0","0","4","0","","67","8","2022","6","39.985109","-75.1564","2311","6","0","0","0","0","0","0","0","0","","0","0","0","","","1","N","0","","39 59:06.391","5","0","75 09:23.041","3","0","0","0","67301","0","0","0","N","0","0","0","2","67505","0","","1.0","2345.0","1","N","N","N","0","","1","0","2","","0","Y","","2","1","0","0","0","0","1","2","0","2","","03","","N","","","","","","","","","",""
"2022078992","1950","1","0","0","0","0","0","0","0","0","4","0","","67","8","2022","1","39.954661","-75.149521","1945","6","0","0","0","0","0","0","1","0","","0","0","0","","","2","","5","","39 57:16.781","","2","75 08:58.276","4","0","0","0","67301","0","0","0","N","0","0","0","2","67301","2","","1.0","","1","N","N","N","0","","0","0","1","","2","","","2","2","0","0","0","0","0","2","0","2","","04","","N","","","","","","","","","",""
"2022091863","0225","0","0","0","0","0","0","0","0","0","8","0","","67","10","2022","7","40.021202","-75.054323","0220","6","0","0","0","0","0","0","0","0","","1","0","0","","","0","N","0","","40 01:16.326","","0","75 03:15.564","1","0","0","0","67301","1","1","0","N","1","1","0","2","67301","0","2","1.0","","9","N","N","N","0","0","0","0","1","","0","","","2","0","0","0","0","0","1","2","0","1","","07","","N","","","","","","","","","",""
"2022072987","2155","1","0","0","0","0","0","0","0","0","8","0","","67","8","2022","7","40.076324","-75.020351","2152","6","0","0","0","1","0","0","0","0","","1","0","0","","","0","N","0","","40 04:34.768","6","0","75 01:13.264","1","0","0","0","67301","1","1","0","N","1","1","0","2","67301","0","2","1.0","2155.0","1","N","N","N","0","0","0","0","0","","0","Y","","2","0","0","0","0","0","0","2","0","1","","","","N","","","","","","","","","",""
"2022072607","2127","0","0","0","0","0","0","0","0","0","8","0","","67","6","2022","5","39.995869","-75.114564","2127","6","0","0","0","0","0","0","0","0","","0","0","0","","","1","N","0","","39 59:45.130","","1","75 06:52.430","2","0","0","0","67301","1","0","1","N","1","0","1","2","67301","0","","1.0","","1","N","N","N","0","","0","1","0","","0","","","2","1","0","0","0","0","1","2","0","1","","03","","N","","","","","","","","","",""
"2022078942","1654","0","0","0","0","0","0","0","0","0","4","0","","67","8","2022","1","39.965455","-75.200077","1652","6","0","0","0","0","0","0","0","0","","0","0","0","","","1","","1","","39 57:55.637","","0","75 12:00.277","3","0","0","0","67301","0","0","0","N","0","0","0","2","67301","0","","1.0","","1","N","N","N","0","","1","0","1","","3","","","2","1","0","0","0","0","1","2","0","2","","","","N","","","","","","","","","",""
"2022075758","1926","0","0","0","0","0","0","0","0","0","8","0","","67","8","2022","2","39.929581","-75.221225","1925","6","0","0","0","0","0","1","0","0","","0","0","0","","","1","N","0","","39 55:46.490","","0","75 13:16.410","8","0","0","0","67301","1","0","0","N","1","0","0","2","67301","0","","1.0","","1","N","N","N","0","","0","0","1","","0","","","2","1","0","0","0","1","0","2","0","1","","03","","N","","","","","","","","","",""
"2022091725","0806","0","0","0","0","0","0","0","0","0","1","0","","67","8","2022","4","40.035822","-75.017108","0806","6","0","0","0","0","0","1","0","0","","0","0","0","","","7","N","0","","40 02:08.959","","0","75 01:01.589","3","0","0","0","67301","0","0","0","N","0","0","0","7","68K01","0","","1.0","","1","N","N","N","0","","7","0","1","","0","","","2","7","0","0","0","0","0","2","1","2","","","","N","","","","","","","","","",""
"2022075755","1705","1","0","0","0","0","0","0","0","0","1","0","","67","8","2022","3","40.072277","-74.981007","1653","6","0","0","0","0","1","1","0","0","","0","0","0","","","1","Y","0","","40 04:20.198","2","0","74 58:51.626","4","0","0","0","67301","0","0","0","N","0","0","0","3","67301","1","","1.0","30.0","1","N","N","N","1","","0","0","1","","2","Y","","3","1","0","0","0","0","0","2","0","3","","03","","N","","","","","","","","","",""
"2022060185","2114","1","0","0","0","0","0","0","0","0","8","0","","67","6","2022","3","40.024967","-75.168047","2112","6","0","0","0","0","0","0","0","0","","0","0","0","","","1","N","0","","40 01:29.880","","0","75 10:04.970","3","0","0","0","67301","1","0","0","N","1","0","0","2","67301","0","","1.0","","1","N","N","N","0","","1","0","0","","0","","","2","1","1","0","0","0","0","2","0","1","","03","","N","","","","","","","","","",""
"2022078430","1812","1","0","0","0","0","0","0","0","0","5","0","","67","8","2022","7","39.992939","-75.167653","1802","6","0","0","0","0","0","0","0","1","","0","0","0","","","1","N","0","","39 59:34.580","","0","75 10:03.550","3","0","0","0","67301","0","0","0","N","0","0","0","2","67301","0","","1.0","","1","N","N","N","0","","1","0","0","","0","","","2","1","0","0","0","0","0","2","0","2","","03","","N","","","","","","","","","",""
"2022077730","1358","1","0","0","0","0","0","0","0","0","1","0","","67","8","2022","4","39.905889","-75.133947","1358","6","0","0","0","0","0","1","0","0","","0","0","0","","","0","N","0","","39 54:21.200","3","3","75 08:02.210","0","0","0","0","67301","0","0","0","N","0","0","0","2","67501","0","","1.0","1425.0","1","N","N","N","0","","0","0","1","","0","N","","2","0","0","0","0","0","0","2","0","2","","03","","N","","","","","","","","","",""
"2022091566","1730","3","0","0","0","0","0","0","0","0","1","0","","67","8","2022","4","39.942061","-75.193912","1709","6","0","0","1","0","0","3","0","0","","0","0","0","","","3","N","0","","39 56:31.418","4","3","75 11:38.084","8","0","0","0","67301","0","0","0","N","0","0","0","9","68K01","0","","1.0","1740.0","1","N","N","N","0","","0","0","1","","0","N","","4","3","0","0","0","3","0","2","0","4","","","","N","","","","","","","","","",""
"2022080681","0340","1","0","0","0","0","0","0","0","0","4","0","","67","8","2022","1","39.955636","-75.202281","0338","6","0","0","0","0","0","1","0","0","","0","0","0","","","1","","1","","39 57:20.290","3","0","75 12:08.213","3","0","0","0","67301","0","0","0","N","0","0","0","2","67504","0","","1.0","1000.0","1","N","N","N","0","","1","0","1","","2","Y","","2","1","0","0","0","0","0","2","0","2","","03","","N","","","","","","","","","",""
"2022091114","1314","2","0","0","0","0","0","0","0","0","1","0","","67","9","2022","7","39.967507","-75.132513","1314","6","0","1","0","0","0","0","1","0","","0","0","0","","","0","N","0","","39 58:03.026","2","0","75 07:57.045","0","0","0","0","67301","0","0","0","N","0","0","0","3","68K01","0","","1.0","1320.0","1","N","N","N","0","","0","0","0","","0","N","","3","0","0","0","0","0","0","2","1","3","","03","","N","","","","","","","","","",""
"2022081240","1558","5","0","0","0","0","0","0","0","0","4","0","","67","8","2022","7","40.000221","-75.142173","1557","6","0","0","0","0","1","0","1","0","","0","0","0","","","3","","1","","40 00:00.797","","0","75 08:31.824","3","0","0","0","67301","0","0","0","N","0","0","0","4","67301","0","","1.0","","1","N","N","N","0","","1","0","4","","2","","","9","3","0","0","0","2","1","2","0","9","","03","","N","","","","","","","","","",""
"2022076890","1930","0","0","0","0","0","0","0","0","0","4","0","","67","8","2022","2","40.0517","-75.194031","1930","6","0","0","0","0","0","0","0","1","","0","0","0","","","1","","2","","40 03:06.120","","0","75 11:38.513","3","0","0","0","67301","0","0","0","N","0","0","0","2","67301","0","","1.0","","1","N","N","N","0","","1","0","1","","2","","","2","1","0","0","0","0","0","2","1","2","","","","N","","","","","","","","","",""
"2022078699","2027","2","0","0","0","0","0","0","0","0","5","0","","67","8","2022","7","39.966406","-75.191614","2024","6","0","0","0","0","0","1","0","0","","0","0","0","","","0","N","0","","39 57:59.060","","0","75 11:29.810","0","0","0","0","67301","0","0","0","N","0","0","0","1","67301","0","","6.0","","1","N","N","N","1","","0","0","1","","0","","","5","0","0","0","0","0","0","2","0","4","","03","","N","","","","","","","","","",""
"2022072240","1330","1","0","1","0","0","0","0","0","0","4","1","","67","4","2022","3","40.020085","-75.043114","1246","6","0","0","0","0","1","0","0","0","","0","1","0","","","1","","1","","40 01:12.306","6","0","75 02:35.209","2","0","0","0","67301","0","0","0","N","0","0","0","2","67301","0","","1.0","1445.0","1","N","N","N","0","","0","1","0","","2","Y","","2","1","0","0","0","0","0","2","0","2","","04","","N","","","","","","","","","",""
"2022072200","1000","2","0","0","0","0","0","0","0","0","4","1","","67","4","2022","4","39.902943","-75.173996","0916","6","0","0","0","0","0","0","0","0","","0","0","0","","","1","","2","","39 54:10.595","1","0","75 10:26.386","3","0","0","0","67301","0","0","0","N","0","0","0","2","67301","0","","1.0","1030.0","1","N","N","N","0","","1","0","0","","2","N","","2","1","0","0","0","0","0","2","0","2","","03","","N","","","","","","","","","",""
"2022079811","1445","1","0","0","1","0","0","0","0","0","8","0","","67","8","2022","2","39.922841","-75.184045","1445","6","0","0","0","0","0","0","0","0","","0","0","0","","","1","","3","","39 55:22.227","","0","75 11:02.562","8","0","0","0","67301","1","0","0","N","0","0","0","2","67301","0","","1.0","","1","N","N","N","0","","0","0","0","","0","","","2","1","0","0","0","1","0","2","0","1","","03","","N","","","","","","","","","",""
"2022077351","0745","0","0","0","0","0","0","0","0","0","7","0","","67","8","2022","2","39.98246","-75.083761","0731","6","0","0","0","0","0","1","0","0","","0","0","0","","","0","","2","","39 58:56.857","","0","75 05:01.541","0","0","0","0","67301","0","0","0","N","0","0","0","1","67301","0","","4.0","","9","N","N","N","1","","0","0","0","","2","","","1","0","0","0","0","0","0","2","0","1","","","","N","","","","","","","","","",""
"2022090291","0651","0","0","0","0","0","0","1","0","0","4","1","","67","9","2022","1","39.944939","-75.148423","0645","6","0","0","0","0","0","1","0","0","","0","0","0","","","2","","1","","39 56:41.782","","0","75 08:54.322","4","0","0","0","67301","0","0","0","N","0","0","0","4","67508","2","","1.0","","9","N","N","N","0","","0","0","1","","2","","","2","2","0","0","0","0","2","2","0","2","","07","","N","","","","","","","","","",""
"2022076925","0138","2","0","0","0","0","0","0","0","0","4","0","","67","8","2022","3","40.051546","-75.1501","0125","6","0","0","0","1","0","0","0","0","","0","0","0","","","1","","1","","40 03:05.564","","0","75 09:00.360","4","0","0","0","67301","0","0","0","N","0","0","0","2","67301","1","","1.0","","1","N","N","N","0","","0","0","0","","2","","","2","1","0","0","0","0","0","2","0","2","","","","N","","","","","","","","","",""
"2022086950","0728","0","0","1","0","0","0","1","0","0","4","1","","67","9","2022","3","39.954581","-75.226004","0649","6","0","0","0","0","0","2","0","0","","0","0","0","","","5","","1","","39 57:16.492","7","0","75 13:33.613","2","0","0","0","67301","0","0","0","N","0","0","0","6","67301","0","","1.0","1000.0","1","Y","N","N","0","","4","1","1","","2","N","","2","5","0","0","0","0","0","2","0","2","","03","","N","","","","","","","","","",""
"2022086667","0848","0","0","0","1","0","0","0","0","0","8","0","","67","9","2022","4","39.956458","-75.176147","0843","6","0","0","0","0","0","0","0","0","","0","0","0","","","1","N","0","","39 57:23.250","1","7","75 10:34.130","3","0","0","0","67301","1","0","0","N","0","0","0","2","67301","0","","1.0","905.0","9","N","N","N","0","","1","0","1","","0","N","","2","1","0","0","0","0","0","2","0","1","","","","N","","","","","","","","","",""
"2022068821","2214","1","0","0","0","0","0","0","0","0","8","0","","67","6","2022","2","39.997717","-75.123234","2214","6","0","0","0","0","0","0","0","0","","0","0","0","","","1","","1","","39 59:51.782","","0","75 07:23.643","3","0","0","0","67301","1","0","0","N","1","0","0","2","67301","0","","1.0","","1","N","N","N","0","","1","0","0","","2","","","2","1","1","0","0","0","0","2","0","1","","03","","N","","","","","","","","","",""
"2022072302","1215","0","0","0","0","0","0","1","0","0","8","1","","67","7","2022","1","39.87665","-75.242478","1209","6","0","0","0","0","0","1","0","0","","0","0","0","","","2","N","0","","39 52:35.940","","0","75 14:32.920","3","0","0","0","67301","2","0","0","N","2","0","0","3","67301","0","","6.0","","1","N","N","N","0","","2","0","1","","0","","","4","2","0","0","0","0","0","2","0","2","","","","N","","","","","","","","","",""
"2022079159","2251","0","0","0","0","0","0","0","0","0","5","0","35","67","8","2022","2","39.9535","-75.137889","2249","6","0","0","0","0","0","0","0","0","","0","0","0","","","0","N","0","","39 57:12.600","3","3","75 08:16.400","0","0","0","0","67301","0","0","0","N","0","0","0","3","67501","0","","1.0","9999.0","1","N","N","N","0","","0","0","2","","8","N","","2","0","0","0","0","0","0","2","0","2","","","N","Y","4","1","","","N","Y","","","","N"
"2022085495","0311","2","0","0","0","0","0","0","0","0","4","0","","67","9","2022","7","39.954841","-75.208368","0311","6","0","0","0","0","0","0","0","0","","0","0","0","","","1","N","0","","39 57:17.429","","0","75 12:30.123","3","0","0","0","67301","0","0","0","N","0","0","0","4","67301","0","","1.0","","1","N","N","N","0","","1","0","0","","2","","","2","1","0","0","0","0","0","2","0","2","","","","N","","","","","","","","","",""