"CRN","ARRIVAL_TM","AUTOMOBILE_COUNT","BELTED_DEATH_COUNT","BELTED_SUSP_SERIOUS_INJ_COUNT","BICYCLE_COUNT","BICYCLE_DEATH_COUNT","BICYCLE_SUSP_SERIOUS_INJ_COUNT","BUS_COUNT","CHLDPAS_DEATH_COUNT","CHLDPAS_SUSP_SERIOUS_INJ_COUNT","COLLISION_TYPE","COMM_VEH_COUNT","CONS_ZONE_SPD_LIM","COUNTY","CRASH_MONTH","CRASH_YEAR","DAY_OF_WEEK","DEC_LATITUDE","DEC_LONGITUDE","DISPATCH_TM","DISTRICT","DRIVER_COUNT_16YR","DRIVER_COUNT_17YR","DRIVER_COUNT_18YR","DRIVER_COUNT_19YR","DRIVER_COUNT_20YR","DRIVER_COUNT_50_64YR","DRIVER_COUNT_65_74YR","DRIVER_COUNT_75PLUS","EST_HRS_CLOSED","FATAL_COUNT","HEAVY_TRUCK_COUNT","HORSE_BUGGY_COUNT","HOUR_OF_DAY","ILLUMINATION","INJURY_COUNT","INTERSECTION_RELATED","INTERSECT_TYPE","LANE_CLOSED","LATITUDE","LN_CLOSE_DIR","LOCATION_TYPE","LONGITUDE","MAX_SEVERITY_LEVEL","MCYCLE_DEATH_COUNT","MCYCLE_SUSP_SERIOUS_INJ_COUNT","MOTORCYCLE_COUNT","MUNICIPALITY","NONMOTR_COUNT","NONMOTR_DEATH_COUNT","NONMOTR_SUSP_SERIOUS_INJ_COUNT","NTFY_HIWY_MAINT","PED_COUNT","PED_DEATH_COUNT","PED_SUSP_SERIOUS_INJ_COUNT","PERSON_COUNT","POLICE_AGCY","POSSIBLE_INJ_COUNT","RDWY_SURF_TYPE_CD","RELATION_TO_ROAD","ROADWAY_CLEARED","ROAD_CONDITION","SCH_BUS_IND","SCH_ZONE_IND","SECONDARY_CRASH","SMALL_TRUCK_COUNT","SPEC_JURIS_CD","SUSP_MINOR_INJ_COUNT","SUSP_SERIOUS_INJ_COUNT","SUV_COUNT","TCD_FUNC_CD","TCD_TYPE","TFC_DETOUR_IND","TIME_OF_DAY","TOTAL_UNITS","TOT_INJ_COUNT","UNBELTED_OCC_COUNT","UNB_DEATH_COUNT","UNB_SUSP_SERIOUS_INJ_COUNT","UNK_INJ_DEG_COUNT","UNK_INJ_PER_COUNT","URBAN_RURAL","VAN_COUNT","VEHICLE_COUNT","WEATHER1","WEATHER2","WORKERS_PRES","WORK_ZONE_IND","WORK_ZONE_LOC","WORK_ZONE_TYPE","WZ_CLOSE_DETOUR","WZ_FLAGGER","WZ_LAW_OFFCR_IND","WZ_LN_CLOSURE","WZ_MOVING","WZ_OTHER","WZ_SHLDER_MDN","WZ_WORKERS_INJ_KILLED"
"2022103328","1527","0","0","0","0","0","0","1","0","0","4","2","","67","11","2022","3","40.044427","-75.14356","1527","6","0","0","0","0","0","0","0","0","","0","1","0","","","0","","1","","40 02:39.936","2","0","75 08:36.817","9","0","0","0","67301","0","0","0","N","0","0","0","6","67301","0","","1.0","1730.0","1","Y","N","N","0","","0","0","0","","2","N","","2","0","0","0","0","0","6","2","0","2","","03","","N","","","","","","","","","",""
"2022089200","0731","0","0","0","0","0","0","0","0","0","1","0","","67","9","2022","4","40.021994","-75.039261","0712","6","0","0","0","0","0","1","0","0","","0","0","0","","","0","N","0","","40 01:19.180","","0","75 02:21.340","0","0","0","0","67301","0","0","0","N","0","0","0","2","68K01","0","","1.0","","1","N","N","N","0","","0","0","0","","0","","","2","0","0","0","0","0","0","2","2","2","","","","N","","","","","","","","","",""
"2022115583","0146","1","0","0","0","0","0","0","0","0","5","0","","67","11","2022","3","39.961093","-75.182319","0118","6","0","0","0","0","0","1","0","0","","0","0","0","","","0","N","0","","39 57:39.936","3","0","75 10:56.348","0","0","0","0","67301","0","0","0","N","0","0","0","3","68K01","0","","1.0","150.0","1","N","N","N","0","","0","0","1","","0","N","","2","0","0","0","0","0","0","2","0","2","","","","N","","","","","","","","","",""
"2022104141","1553","1","0","0","0","0","0","0","0","0","8","0","","67","11","2022","2","40.086283","-75.046083","1545","6","0","0","0","0","0","0","0","1","","0","0","0","","","1","","1","","40 05:10.618","","0","75 02:45.898","3","0","0","0","67301","1","0","0","N","1","0","0","2","67301","0","","1.0","","1","N","N","N","0","","1","0","0","","2","","","2","1","0","0","0","0","0","2","0","1","","03","","N","","","","","","","","","",""
"2022100199","","0","0","0","0","0","0","0","0","0","5","0","","67","10","2022","5","39.962028","-75.148083","","6","0","0","0","0","0","1","0","0","","0","0","0","","","1","N","0","","39 57:43.300","","0","75 08:53.100","8","0","0","0","67301","0","0","0","N","0","0","0","2","00000","0","","6.0","","1","","","N","0","","0","0","1","","0","","","2","1","0","0","0","1","0","2","0","2","","","","N","","","","","","","","","",""
"2022088030","1140","1","0","0","0","0","0","0","0","0","5","0","","67","9","2022","4","39.970344","-75.217175","1130","6","0","0","1","0","0","0","0","0","","0","0","0","","","1","","1","","39 58:13.238","","0","75 13:01.830","3","0","0","0","67301","0","0","0","N","0","0","0","2","67301","0","","1.0","","1","N","N","N","0","","1","0","1","","2","","","2","1","0","0","0","0","0","2","0","2","","03","","N","","","","","","","","","",""
"2022114292","0825","0","0","0","0","0","0","0","0","0","3","1","","67","11","2022","4","39.945778","-75.194917","0822","6","0","0","0","0","0","0","1","0","","0","1","0","","","0","N","0","","39 56:44.800","4","0","75 11:41.700","0","0","0","0","67301","0","0","0","N","0","0","0","2","67504","0","","1.0","835.0","9","N","N","N","0","","0","0","1","","0","Y","","2","0","0","0","0","0","0","2","0","2","","07","","N","","","","","","","","","",""
"2022104545","1110","1","0","0","0","0","0","0","0","0","5","0","","67","11","2022","2","39.886196","-75.207656","1108","6","0","0","0","0","0","0","0","0","","0","0","0","","","2","N","0","","39 53:10.306","","3","75 12:27.561","4","0","0","0","67301","0","0","0","N","0","0","0","3","68K01","2","","1.0","","1","N","N","N","0","","0","0","0","","0","","","2","2","0","0","0","0","1","2","0","2","","","","N","","","","","","","","","",""
"2022105127","1201","1","0","0","0","0","0","0","0","0","7","0","","67","3","2022","7","40.064848","-75.168479","1157","6","0","0","0","0","0","1","0","0","","0","0","0","","","1","N","0","","40 03:53.453","6","0","75 10:06.525","4","0","0","0","67301","0","0","0","N","0","0","0","1","67301","1","","5.0","1400.0","9","N","N","N","0","","0","0","0","","0","Y","","1","1","1","0","0","0","0","2","0","1","","","","N","","","","","","","","","",""
"2022115929","1340","4","0","0","0","0","0","0","0","0","1","0","","67","12","2022","3","40.079917","-75.027103","1331","6","0","0","0","1","0","0","0","0","","0","0","0","","","1","N","0","","40 04:47.701","3","0","75 01:37.572","4","0","0","0","67301","0","0","0","N","0","0","0","4","67301","1","","1.0","30.0","9","N","N","N","0","","0","0","0","","0","N","","4","1","4","0","0","0","0","2","0","4","","07","","N","","","","","","","","","",""
"2022090302","1836","0","0","0","0","0","0","0","0","0","4","0","","67","9","2022","5","39.968093","-75.156346","1835","6","0","0","0","0","0","1","0","0","","0","0","0","","","1","","1","","39 58:05.134","","0","75 09:22.845","4","0","0","0","67301","0","0","0","N","0","0","0","2","67301","1","","1.0","","1","N","N","N","0","","0","0","1","","3","","","2","1","0","0","0","0","1","2","0","2","","04","","N","","","","","","","","","",""
"2022097355","1736","1","0","0","0","0","0","0","0","0","1","0","","67","9","2022","1","40.022204","-75.038627","1722","6","0","0","0","0","0","0","0","0","","0","0","0","","","1","N","0","","40 01:19.934","","0","75 02:19.056","3","0","0","0","67301","0","0","0","N","0","0","0","2","68K01","0","","1.0","","9","N","N","N","0","","1","0","0","","0","","","2","1","0","0","0","0","0","2","1","2","","04","","N","","","","","","","","","",""
"2022083649","0118","1","0","0","0","0","0","0","0","0","5","0","","67","9","2022","7","40.034094","-75.141931","0118","6","0","0","0","0","0","0","0","0","","0","0","0","","","1","N","0","","40 02:02.740","","0","75 08:30.950","3","0","0","0","67301","0","0","0","N","0","0","0","2","67301","0","","6.0","","1","N","N","N","0","","1","0","1","","0","","","2","1","2","0","0","0","1","2","0","2","","03","","N","","","","","","","","","",""
"2022088803","2142","1","0","0","0","0","0","0","0","0","4","0","","67","9","2022","1","40.008666","-75.068949","2142","6","0","0","0","0","0","0","0","0","","0","0","0","","","1","","1","","40 00:31.197","","0","75 04:08.216","4","0","0","0","67301","0","0","0","N","0","0","0","2","67301","1","","1.0","","9","N","N","N","0","","0","0","1","","2","","","2","1","0","0","0","0","0","2","0","2","","","","N","","","","","","","","","",""
"2022083550","1453","0","0","0","0","0","0","0","0","0","8","0","","67","9","2022","7","39.944939","-75.148423","1439","6","0","0","0","0","0","0","0","1","","0","0","0","","","1","","1","","39 56:41.782","","0","75 08:54.322","3","0","0","0","67301","1","0","0","N","1","0","0","2","67301","0","","1.0","","1","N","N","N","0","","1","0","0","","2","","","2","1","0","0","0","0","0","2","1","1","","","","N","","","","","","","","","",""
"2022083130","1934","1","0","0","0","0","0","0","0","0","5","0","","67","9","2022","7","40.002046","-75.152827","1930","6","0","0","0","0","0","0","0","0","","0","0","0","","","1","N","0","","40 00:07.365","2","0","75 09:10.176","8","0","0","1","67301","0","0","0","N","0","0","0","2","67505","0","","1.0","1945.0","1","N","N","N","0","","0","0","0","","0","N","","2","1","1","0","0","1","0","2","0","2","","03","","N","","","","","","","","","",""
"2022090152","2030","0","0","0","0","0","0","0","0","0","4","0","","67","9","2022","6","39.991616","-75.136169","2027","6","0","0","0","0","0","1","0","0","","0","0","0","","","2","","1","","39 59:29.817","","0","75 08:10.209","8","0","0","0","67301","0","0","0","N","0","0","0","3","67301","0","","1.0","","1","N","N","N","1","","0","0","0","","2","","","2","2","0","0","0","2","0","2","0","2","","","","N","","","","","","","","","",""
"2022104552","2211","1","0","0","0","0","0","0","0","0","7","0","","67","11","2022","2","39.97924","-75.107746","2205","6","0","0","0","0","0","0","0","0","","0","0","0","","","1","N","0","","39 58:45.263","","0","75 06:27.885","4","0","0","0","67301","0","0","0","N","0","0","0","1","68K01","1","","2.0","","1","N","N","N","0","","0","0","0","","0","","","1","1","1","0","0","0","0","2","0","1","","03","","N","","","","","","","","","",""
"2022095227","2142","0","0","0","0","0","0","0","0","0","4","0","","67","10","2022","5","39.929053","-75.220583","2140","6","0","0","0","0","0","0","0","0","","0","0","0","","","1","","1","","39 55:44.592","","0","75 13:14.099","3","0","0","0","67301","0","0","0","N","0","0","0","2","67301","0","","1.0","","9","N","N","N","1","","1","0","1","","2","","","2","1","2","0","0","0","0","2","0","2","","05","","N","","","","","","","","","",""
"2022090799","0410","2","0","0","0","0","0","0","0","0","5","0","","67","9","2022","7","39.998935","-75.132537","0350","6","0","0","0","0","0","0","0","0","","0","0","0","","","0","N","0","","39 59:56.165","","0","75 07:57.134","0","0","0","0","67301","0","0","0","N","0","0","0","1","67301","0","","6.0","","1","N","N","N","0","","0","0","2","","0","","","4","0","0","0","0","0","0","2","0","4","","03","","N","","","","","","","","","",""
"2022115631","1910","1","0","0","0","0","0","1","0","0","4","1","","67","12","2022","1","40.052391","-75.007889","1900","6","0","0","0","0","0","1","0","0","","0","0","0","","","0","","1","","40 03:08.606","3","0","75 00:28.400","0","0","0","0","67301","0","0","0","N","0","0","0","2","67301","0","","1.0","20.0","1","Y","N","N","0","","0","0","0","","2","N","","2","0","0","0","0","0","0","2","0","2","","03","","N","","","","","","","","","",""
"2022083547","0955","1","0","0","0","0","0","0","0","0","4","0","","67","9","2022","6","39.919742","-75.163705","0947","6","0","0","0","0","0","0","0","0","","0","0","0","","","0","","5","","39 55:11.071","","0","75 09:49.337","0","0","0","0","67301","0","0","0","N","0","0","0","2","67301","0","","1.0","","1","N","N","N","0","","0","0","1","","3","","","2","0","1","0","0","0","0","2","0","2","","03","","N","","","","","","","","","",""
"2022105713","2231","1","0","0","0","0","0","0","0","0","7","0","","67","10","2022","2","39.984669","-75.208215","2228","6","0","0","0","0","0","0","0","0","","0","0","0","","","0","N","0","","39 59:04.808","4","0","75 12:29.575","0","0","0","0","67301","0","0","0","N","0","0","0","1","68K01","0","","2.0","1115.0","9","N","N","N","0","","0","0","0","","0","N","","1","0","0","0","0","0","0","2","0","1","","","","N","","","","","","","","","",""
"2022104520","1434","1","0","0","0","0","0","0","0","0","7","0","","67","11","2022","6","40.005277","-75.196544","1434","6","0","0","0","0","0","0","0","0","","0","0","0","","","0","N","0","","40 00:18.998","1","0","75 11:47.558","0","0","0","0","67301","0","0","0","N","0","0","0","1","68K01","0","","4.0","1506.0","1","N","N","N","0","","0","0","0","","0","N","","1","0","0","0","0","0","0","2","0","1","","","","N","","","","","","","","","",""
"2022083607","1550","2","0","0","0","0","0","0","0","0","2","0","","67","9","2022","7","39.936693","-75.224362","1544","6","0","0","0","0","0","0","0","0","","0","0","0","","","2","","1","","39 56:12.095","","0","75 13:27.703","8","0","0","0","67301","0","0","0","N","0","0","0","3","67301","0","","1.0","","1","N","N","N","0","","0","0","0","","2","","","2","2","3","0","0","2","0","2","0","2","","03","","N","","","","","","","","","",""
"2022083630","1150","1","0","0","0","0","0","0","0","0","5","0","","67","9","2022","5","39.977","-75.252111","1150","6","0","0","0","0","0","0","0","0","","0","0","0","","","0","N","0","","39 58:37.200","","0","75 15:07.600","0","0","0","0","67301","0","0","0","N","0","0","0","1","67301","0","","6.0","","1","N","N","N","0","","0","0","0","","0","","","2","0","0","0","0","0","0","2","0","2","","","","N","","","","","","","","","",""
"2022105361","1434","1","0","0","0","0","0","0","0","0","8","0","","67","11","2022","3","40.020778","-75.094749","1428","6","0","0","0","0","0","0","0","0","","0","0","0","","","1","N","0","","40 01:14.799","5","0","75 05:41.095","3","0","0","0","67301","1","0","0","N","1","0","0","1","67301","0","","1.0","1515.0","1","N","Y","N","0","","1","0","0","","0","Y","","2","1","0","0","0","0","0","2","0","1","","03","","N","","","","","","","","","",""
"2022103479","1723","0","0","0","0","0","0","0","0","0","7","0","","67","9","2022","1","39.931534","-75.199524","1713","6","0","0","0","0","0","0","0","0","","0","0","0","","","0","N","0","","39 55:53.524","4","0","75 11:58.288","0","0","0","0","67301","0","0","0","N","0","0","0","1","68K01","0","","4.0","1740.0","1","N","N","N","0","","0","0","1","","0","N","","1","0","0","0","0","0","0","2","0","1","","","","N","","","","","","","","","",""
"2022105804","0310","1","0","0","0","0","0","0","0","0","5","0","","67","7","2022","3","39.957925","-75.233279","0305","6","0","0","0","0","0","0","0","0","","0","0","0","","","0","N","0","","39 57:28.531","4","0","75 13:59.806","9","0","0","0","67301","0","0","0","N","0","0","0","1","67301","0","","6.0","500.0","1","N","N","N","1","","0","0","0","","0","Y","","2","0","0","0","0","0","1","2","0","2","","03","","N","","","","","","","","","",""
"2022104954","2040","2","0","0","0","0","0","0","0","0","4","0","","67","11","2022","3","40.036753","-75.040739","2033","6","0","0","0","0","1","0","0","0","","0","0","0","","","4","","1","","40 02:12.310","","0","75 02:26.659","8","0","0","0","67301","0","0","0","N","0","0","0","5","67301","0","","1.0","","1","N","N","N","0","","0","0","0","","2","","","2","4","0","0","0","4","1","2","0","2","","","","N","","","","","","","","","",""
"2022091315","0700","1","0","0","0","0","0","0","0","0","4","0","","67","10","2022","2","40.052142","-75.067794","0655","6","0","0","0","0","0","0","0","0","","0","0","0","","","1","","1","","40 03:07.711","","0","75 04:04.059","3","0","0","0","67301","0","0","0","N","0","0","0","2","67301","0","","1.0","","9","N","N","N","0","","1","0","1","","2","","","2","1","0","0","0","0","0","2","0","2","","","","N","","","","","","","","","",""
"2022101993","","1","0","0","0","0","0","0","0","0","5","0","","67","10","2022","7","","","","6","0","0","0","0","0","0","0","0","","0","0","0","","","1","N","0","","","","0","","8","0","0","0","67301","0","0","0","N","0","0","0","2","00000","0","","1.0","","1","","","N","0","","0","0","0","","0","","","2","1","0","0","0","1","0","1","0","2","","","","N","","","","","","","","","",""
"2022102943","1959","0","0","0","0","0","0","0","0","0","8","0","","67","10","2022","6","40.072576","-75.076209","1959","6","0","0","0","0","0","0","0","0","","1","0","0","","","0","N","0","","40 04:21.275","","0","75 04:34.352","1","0","0","0","67301","1","1","0","N","1","1","0","2","67301","0","2","1.0","","1","N","N","N","0","0","0","0","0","","0","","","2","0","0","0","0","0","0","2","0","1","","03","","N","","","","","","","","","",""
"2022105070","0921","1","0","0","0","0","0","0","0","0","1","1","","67","9","2022","3","39.99176","-75.202739","0917","6","0","0","0","0","0","1","0","0","","0","1","0","","","0","N","0","","39 59:30.337","3","0","75 12:09.862","0","0","0","0","67301","0","0","0","N","0","0","0","3","68K01","0","","1.0","1000.0","2","N","N","N","0","","0","0","0","","0","N","","2","0","0","0","0","0","0","2","0","2","","03","","N","","","","","","","","","",""
"2022103478","1723","1","0","0","0","0","0","0","0","0","1","0","","67","9","2022","7","39.917781","-75.147849","1714","6","0","0","0","0","0","0","0","0","","0","0","0","","","3","N","0","","39 55:04.012","","0","75 08:52.258","4","0","0","0","67301","0","0","0","N","0","0","0","3","68K01","3","","1.0","","1","N","N","N","0","","0","0","1","","0","","","2","3","0","0","0","0","0","2","0","2","","","","N","","","","","","","","","",""
"2022096778","0759","3","0","0","0","0","0","0","0","0","1","0","","67","10","2022","2","40.002867","-75.169269","0718","6","0","0","0","0","0","0","0","0","","0","0","0","","","1","N","0","","40 00:10.320","","0","75 10:09.370","3","0","0","0","67301","0","0","0","N","0","0","0","1","67301","0","","1.0","","1","N","N","N","0","","1","0","1","","0","","","4","1","0","0","0","0","0","2","0","4","","03","","N","","","","","","","","","",""
"2022091832","","0","0","0","0","0","0","0","0","0","1","0","","67","9","2022","1","39.957939","-75.163091","","6","0","0","0","0","0","0","0","0","","0","0","0","","","3","N","0","","39 57:28.582","","0","75 09:47.128","8","0","0","0","67301","0","0","0","N","0","0","0","3","00000","0","","1.0","","1","","","N","0","","0","0","1","","0","","","2","3","0","0","0","3","0","2","1","2","","","","N","","","","","","","","","",""
"2022086919","2357","1","0","0","0","0","0","0","0","0","5","0","","67","9","2022","1","40.035708","-75.016688","2337","6","0","0","0","0","0","0","0","0","","0","0","0","","","2","N","0","","40 02:08.550","1","0","75 01:00.076","8","0","0","0","67301","0","0","0","N","0","0","0","2","68K01","0","","1.0","11.0","9","N","N","Y","1","","0","0","0","","0","N","","2","2","0","0","0","2","0","2","0","2","","","","N","","","","","","","","","",""
"2022105791","1645","1","0","0","0","0","0","0","0","0","4","0","","67","11","2022","5","40.051438","-75.056769","1639","6","0","0","0","0","0","0","0","0","","0","0","0","","","0","N","0","","40 03:05.178","","7","75 03:24.370","9","0","0","0","67301","0","0","0","N","0","0","0","2","67301","0","","1.0","","1","N","N","N","0","","0","0","1","","0","","","2","0","0","0","0","0","1","2","0","2","","03","","N","","","","","","","","","",""
"2022088281","1645","2","0","0","0","0","0","0","0","0","1","0","","67","9","2022","6","39.99045","-75.127913","1630","6","0","0","0","0","1","1","0","0","","0","0","0","","","0","Y","0","","39 59:25.621","","0","75 07:40.485","0","0","0","0","67301","0","0","0","N","0","0","0","3","67301","0","","1.0","","1","N","N","N","0","","0","0","1","","2","","","3","0","3","0","0","0","0","2","0","3","","03","","N","","","","","","","","","",""
"2022088195","2325","2","0","0","0","0","0","0","0","0","5","0","","67","9","2022","6","40.025667","-75.131722","2319","6","0","0","0","0","0","0","0","0","","0","0","0","","","1","N","0","","40 01:32.400","6","0","75 07:54.200","3","0","0","0","67301","0","0","0","N","0","0","0","1","67301","0","","6.0","1201.0","1","N","N","Y","0","","1","0","0","","0","Y","","2","1","0","0","0","0","0","2","0","2","","03","","N","","","","","","","","","",""
"2022083559","0949","0","0","0","0","0","0","0","0","0","6","0","","67","9","2022","7","39.974778","-75.236253","0949","6","0","0","0","0","0","0","0","0","","0","0","0","","","1","N","0","","39 58:29.200","6","0","75 14:10.510","3","0","0","0","67301","0","0","0","N","0","0","0","6","67301","0","","1.0","1059.0","1","N","N","N","0","","1","0","1","","0","N","","2","1","0","0","0","0","0","2","1","2","","","","N","","","","","","","","","",""
"2022083596","0703","1","0","0","0","0","0","0","0","0","4","0","","67","9","2022","6","40.097156","-75.018134","0654","6","0","0","0","0","0","0","1","0","","0","0","0","","","0","","1","","40 05:49.760","","0","75 01:05.283","0","0","0","0","67301","0","0","0","N","0","0","0","3","67301","0","","1.0","","1","N","N","N","0","","0","0","2","","2","","","3","0","0","0","0","0","0","2","0","3","","","","N","","","","","","","","","",""
"2022090346","1115","1","0","0","0","0","0","0","0","0","4","0","","67","9","2022","4","39.985436","-75.096701","1108","6","0","0","0","0","0","0","0","0","","0","0","0","","","1","","1","","39 59:07.571","","0","75 05:48.123","3","0","0","1","67301","0","0","0","N","0","0","0","2","67301","0","","1.0","","1","N","N","N","0","","1","0","0","","2","","","2","1","0","0","0","0","0","2","0","2","","","","N","","","","","","","","","",""
"2022105128","2335","0","0","0","0","0","0","0","0","0","4","0","","67","11","2022","3","40.080732","-75.169985","2334","6","0","0","0","0","0","1","0","0","","0","0","0","","","2","","1","","40 04:50.635","","0","75 10:11.945","8","0","0","0","67301","0","0","0","N","0","0","0","3","67301","0","","1.0","","1","N","N","Y","0","","0","0","0","","1","","","2","2","0","0","0","2","0","2","2","2","","03","","N","","","","","","","","","",""
"2022083646","1450","1","0","0","0","0","0","0","0","0","5","0","","67","9","2022","7","39.972352","-75.124081","1450","6","0","0","0","0","0","0","0","0","","0","0","0","","","0","","3","","39 58:20.466","","2","75 07:26.692","0","0","0","0","67301","0","0","0","N","0","0","0","2","67301","0","","1.0","","1","N","N","N","1","","0","0","0","","0","","","2","0","1","0","0","0","0","2","0","2","","","","N","","","","","","","","","",""
"2022088271","1104","1","0","0","0","0","0","0","0","0","8","0","","67","9","2022","4","39.933324","-75.180645","1104","6","0","0","0","0","0","0","0","0","","0","0","0","","","1","","1","","39 55:59.968","","0","75 10:50.323","4","0","0","0","67301","1","0","0","N","1","0","0","2","67301","1","","1.0","","1","N","N","N","0","","0","0","0","","0","","","2","1","1","0","0","0","0","2","0","1","","03","","N","","","","","","","","","",""
"2022091073","2056","1","0","0","0","0","0","0","0","0","5","0","","67","9","2022","6","40.01","-75.120417","2037","6","0","0","0","0","0","0","0","0","","0","0","0","","","0","N","0","","40 00:36.000","","0","75 07:13.500","9","0","0","0","67301","0","0","0","N","0","0","0","1","67301","0","","1.0","","9","N","N","N","0","","0","0","1","","0","","","2","0","0","0","0","0","1","2","0","2","","07","","N","","","","","","","","","",""
"2022083568","2301","1","0","0","0","0","0","0","0","0","6","0","","67","9","2022","6","40.001283","-75.185921","2255","6","0","0","0","0","0","0","0","0","","0","0","0","","","1","N","0","","40 00:04.618","","0","75 11:09.317","3","0","0","0","67301","0","0","0","N","0","0","0","2","67301","0","","1.0","","1","N","N","N","0","","1","0","0","","0","","","2","1","0","0","0","0","0","2","0","2","","03","","N","","","","","","","","","",""
"2022087404","1131","1","0","0","0","0","0","0","0","0","8","0","","67","9","2022","4","39.987418","-75.232409","1130","6","0","0","0","0","0","0","0","0","","0","0","0","","","1","","1","","39 59:14.704","","0","75 13:56.672","3","0","0","0","67301","1","0","0","N","1","0","0","2","67301","0","","1.0","","1","N","N","N","0","","1","0","0","","2","","","2","1","1","0","0","0","0","2","0","1","","03","","N","","","","","","","","","",""
"2022103322","1500","1","0","0","0","0","0","1","0","0","5","1","","67","9","2022","6","39.999908","-75.131006","1641","6","0","0","0","0","0","0","1","0","","0","0","0","","","1","N","0","","39 59:59.670","","0","75 07:51.620","3","0","0","0","67301","0","0","0","N","0","0","0","2","67301","0","","1.0","","1","N","N","N","0","","1","0","0","","0","","","2","1","0","0","0","0","0","2","0","2","","03","","N","","","","","","","","","",""
"2022101615","1755","0","0","0","0","0","0","0","0","0","1","0","","67","10","2022","3","40.01182","-75.097752","1754","6","0","0","0","0","0","0","0","0","","0","0","0","","","1","N","1","","40 00:42.552","","0","75 05:51.907","3","0","0","0","67301","0","0","0","N","0","0","0","3","67301","0","","1.0","","9","N","N","N","1","","1","0","1","","2","","","2","1","0","0","0","0","0","2","0","2","","07","","N","","","","","","","","","",""
"2022102948","1650","1","0","0","0","0","0","1","0","0","4","1","","67","11","2022","5","","","1646","6","0","0","0","0","0","0","2","0","","0","0","0","","","1","","1","","","","0","","8","0","0","0","67301","0","0","0","N","0","0","0","3","67301","0","","1.0","","1","Y","N","N","0","","0","0","1","","3","","","3","1","1","0","0","1","0","1","0","3","","","","N","","","","","","","","","",""
"2022086456","0432","3","0","0","0","0","0","0","0","0","5","0","","67","9","2022","7","39.995317","-75.132886","0432","6","0","0","0","0","0","0","0","0","","0","0","0","","","0","N","0","","39 59:43.140","","0","75 07:58.390","9","0","0","0","67301","0","0","0","N","0","0","0","1","67301","0","","6.0","","1","N","N","N","0","","0","0","0","","0","","","3","0","0","0","0","0","1","2","0","3","","03","","N","","","","","","","","","",""
"2022083640","1525","0","0","0","1","0","0","0","0","0","8","0","","67","9","2022","7","40.012425","-75.135747","1525","6","0","0","0","0","0","0","0","0","","0","0","0","","","1","Y","0","","40 00:44.730","","0","75 08:08.690","8","0","0","0","67301","1","0","0","N","0","0","0","2","67301","0","","1.0","","99","N","N","N","0","","0","0","0","","0","","","2","1","0","0","0","1","0","2","0","1","","03","","N","","","","","","","","","",""
"2022104966","0050","0","0","0","0","0","0","0","0","0","5","0","25","67","10","2022","2","40.019387","-75.145273","0045","6","0","0","0","0","0","0","0","0","","0","0","0","","","1","","7","","40 01:09.794","","0","75 08:42.984","3","0","0","0","67301","0","0","0","N","0","0","0","1","67301","0","","1.0","","9","N","N","N","0","","1","0","1","","0","","","2","1","0","0","0","0","0","2","0","2","","07","U","Y","4","1","N","N","N","N","N","N","Y","N"
"2022104383","0434","1","0","0","0","0","0","0","0","0","4","0","","67","11","2022","6","40.027709","-75.098754","0428","6","0","0","0","0","0","0","0","0","","0","0","0","","","0","","5","","40 01:39.753","4","0","75 05:55.513","0","0","0","0","67301","0","0","0","N","0","0","0","3","67301","0","","1.0","434.0","1","N","N","N","0","","0","0","1","","2","Y","","2","0","0","0","0","0","0","2","0","2","","03","","N","","","","","","","","","",""
"2022103994","0731","1","0","0","0","0","0","0","0","0","7","0","","67","11","2022","1","40.01655","-75.2108","0731","6","0","1","0","0","0","0","0","0","","0","0","0","","","0","N","0","","40 00:59.580","","3","75 12:38.880","0","0","0","0","67301","0","0","0","N","0","0","0","1","67301","0","","2.0","","1","N","N","N","0","","0","0","0","","0","","","1","0","0","0","0","0","0","2","0","1","","03","","N","","","","","","","","","",""
"2022114303","0324","0","0","0","0","0","0","0","0","0","7","0","","67","11","2022","1","40.000621","-75.194826","0306","6","0","0","0","0","0","0","0","0","","0","0","0","","","0","N","0","","40 00:02.237","4","0","75 11:41.375","0","0","0","0","67301","0","0","0","N","0","0","0","1","68K01","0","","4.0","500.0","1","N","N","N","0","","0","0","1","","0","N","","1","0","0","0","0","0","0","2","0","1","","","","N","","","","","","","","","",""
"2022098377","1836","2","0","0","0","0","0","0","0","0","5","0","","67","10","2022","2","39.940207","-75.200701","1836","6","0","0","0","0","0","0","0","0","","0","0","0","","","1","","2","","39 56:24.746","","0","75 12:02.525","3","0","0","0","67301","0","0","0","N","0","0","0","2","67301","0","","1.0","","9","N","N","N","0","","1","0","0","","0","","","2","1","2","0","0","0","1","2","0","2","","04","","N","","","","","","","","","",""
"2022103991","1355","0","0","0","0","0","0","0","0","0","8","1","","67","11","2022","3","40.026906","-75.227196","1339","6","0","0","0","0","0","0","0","0","","0","1","0","","","1","","1","","40 01:36.861","7","0","75 13:37.905","4","0","0","0","67301","1","0","0","N","1","0","0","2","67301","1","","1.0","1400.0","1","N","N","N","0","","0","0","0","","2","Y","","2","1","0","0","0","0","0","2","0","1","","","","N","","","","","","","","","",""