"CRN","ARRIVAL_TM","AUTOMOBILE_COUNT","BELTED_DEATH_COUNT","BELTED_SUSP_SERIOUS_INJ_COUNT","BICYCLE_COUNT","BICYCLE_DEATH_COUNT","BICYCLE_SUSP_SERIOUS_INJ_COUNT","BUS_COUNT","CHLDPAS_DEATH_COUNT","CHLDPAS_SUSP_SERIOUS_INJ_COUNT","COLLISION_TYPE","COMM_VEH_COUNT","CONS_ZONE_SPD_LIM","COUNTY","CRASH_MONTH","CRASH_YEAR","DAY_OF_WEEK","DEC_LATITUDE","DEC_LONGITUDE","DISPATCH_TM","DISTRICT","DRIVER_COUNT_16YR","DRIVER_COUNT_17YR","DRIVER_COUNT_18YR","DRIVER_COUNT_19YR","DRIVER_COUNT_20YR","DRIVER_COUNT_50_64YR","DRIVER_COUNT_65_74YR","DRIVER_COUNT_75PLUS","EST_HRS_CLOSED","FATAL_COUNT","HEAVY_TRUCK_COUNT","HORSE_BUGGY_COUNT","HOUR_OF_DAY","ILLUMINATION","INJURY_COUNT","INTERSECTION_RELATED","INTERSECT_TYPE","LANE_CLOSED","LATITUDE","LN_CLOSE_DIR","LOCATION_TYPE","LONGITUDE","MAX_SEVERITY_LEVEL","MCYCLE_DEATH_COUNT","MCYCLE_SUSP_SERIOUS_INJ_COUNT","MOTORCYCLE_COUNT","MUNICIPALITY","NONMOTR_COUNT","NONMOTR_DEATH_COUNT","NONMOTR_SUSP_SERIOUS_INJ_COUNT","NTFY_HIWY_MAINT","PED_COUNT","PED_DEATH_COUNT","PED_SUSP_SERIOUS_INJ_COUNT","PERSON_COUNT","POLICE_AGCY","POSSIBLE_INJ_COUNT","RDWY_SURF_TYPE_CD","RELATION_TO_ROAD","ROADWAY_CLEARED","ROAD_CONDITION","SCH_BUS_IND","SCH_ZONE_IND","SECONDARY_CRASH","SMALL_TRUCK_COUNT","SPEC_JURIS_CD","SUSP_MINOR_INJ_COUNT","SUSP_SERIOUS_INJ_COUNT","SUV_COUNT","TCD_FUNC_CD","TCD_TYPE","TFC_DETOUR_IND","TIME_OF_DAY","TOTAL_UNITS","TOT_INJ_COUNT","UNBELTED_OCC_COUNT","UNB_DEATH_COUNT","UNB_SUSP_SERIOUS_INJ_COUNT","UNK_INJ_DEG_COUNT","UNK_INJ_PER_COUNT","URBAN_RURAL","VAN_COUNT","VEHICLE_COUNT","WEATHER1","WEATHER2","WORKERS_PRES","WORK_ZONE_IND","WORK_ZONE_LOC","WORK_ZONE_TYPE","WZ_CLOSE_DETOUR","WZ_FLAGGER","WZ_LAW_OFFCR_IND","WZ_LN_CLOSURE","WZ_MOVING","WZ_OTHER","WZ_SHLDER_MDN","WZ_WORKERS_INJ_KILLED"
"2022088597","0810","2","0","0","0","0","0","0","0","0","4","0","","67","9","2022","2","40.058751","-75.050583","0805","6","0","0","0","0","1","0","0","0","","0","0","0","","","1","","1","","40 03:31.504","","0","75 03:02.099","4","0","0","0","67301","0","0","0","N","0","0","0","2","67301","1","","1.0","","1","N","N","N","0","","0","0","0","","3","","","2","1","0","0","0","0","0","2","0","2","","03","","N","","","","","","","","","",""
"2022083602","1700","1","0","0","0","0","0","0","0","0","4","0","","67","9","2022","7","40.099527","-74.986368","1658","6","0","0","0","0","1","0","0","0","","0","0","0","","","1","","1","","40 05:58.296","2","2","74 59:10.926","3","0","0","0","67301","0","0","0","N","0","0","0","2","67301","0","","1.0","100.0","1","N","N","N","0","","1","0","1","","2","N","","2","1","0","0","0","0","0","2","0","2","","03","","N","","","","","","","","","",""
"2022110722","","2","0","0","0","0","0","0","0","0","1","0","","67","11","2022","5","40.021542","-75.139806","","6","0","0","0","0","0","0","0","0","","0","0","0","","","1","","1","","40 01:17.552","","0","75 08:23.303","8","0","0","0","67301","0","0","0","N","0","0","0","2","00000","0","","1.0","","1","","","N","0","","0","0","0","","2","","","2","1","2","0","0","1","0","2","0","2","","","","N","","","","","","","","","",""
"2022089216","0007","0","0","0","0","0","0","0","0","0","5","0","","67","9","2022","6","39.959888","-75.177914","0001","6","0","0","0","0","0","1","0","0","","0","0","0","","","4","N","0","","39 57:35.597","4","3","75 10:40.491","4","0","0","0","67301","0","0","0","N","0","0","0","4","68K01","4","","1.0","23.0","1","N","N","N","0","","0","0","3","","0","N","","3","4","0","0","0","0","0","2","0","3","","","","N","","","","","","","","","",""
"2022097353","1138","1","0","0","0","0","0","0","0","0","5","0","","67","9","2022","6","39.95664","-75.180366","1135","6","0","0","0","0","0","0","0","0","","0","0","0","","","0","N","0","","39 57:23.905","4","1","75 10:49.318","0","0","0","0","67301","0","0","0","Y","0","0","0","3","68K01","0","","1.0","1210.0","1","N","N","N","0","","0","0","1","","0","N","","2","0","0","0","0","0","0","2","0","2","","03","","N","","","","","","","","","",""
"2022087008","1225","2","0","0","0","0","0","0","0","0","4","0","","67","9","2022","4","39.912022","-75.150508","1225","6","0","0","0","0","0","0","1","0","","0","0","0","","","1","","2","","39 54:43.280","","2","75 09:01.830","3","0","0","0","67301","0","0","0","N","0","0","0","3","67301","0","","1.0","","1","N","N","N","0","","1","0","0","","2","","","2","1","0","0","0","0","0","2","0","2","","03","","N","","","","","","","","","",""
"2022084674","1915","0","0","0","0","0","0","0","0","0","8","0","","67","9","2022","6","39.936363","-75.15359","1906","6","0","0","0","0","0","0","0","0","","0","0","0","","","1","","1","","39 56:10.906","","0","75 09:12.923","3","0","0","0","67301","1","0","0","N","1","0","0","2","67301","0","","1.0","","1","N","N","N","0","","1","0","0","","3","","","2","1","0","0","0","0","0","2","0","1","","03","","N","","","","","","","","","",""
"2022115925","0253","0","0","0","0","0","0","0","0","0","7","0","","67","12","2022","1","40.019709","-75.210619","0243","6","0","0","0","0","0","0","0","0","","0","0","0","","","0","","1","","40 01:10.951","","0","75 12:38.228","0","0","0","0","67301","0","0","0","N","0","0","0","1","67301","0","","5.0","","1","N","N","N","0","","0","0","1","","2","","","1","0","0","0","0","0","0","2","0","1","","03","","N","","","","","","","","","",""
"2022115629","1615","0","0","0","1","0","0","0","0","0","8","0","","67","8","2022","4","39.946465","-75.14154","1600","6","0","0","0","0","0","0","0","0","","0","0","0","","","1","","2","","39 56:47.275","","0","75 08:29.543","8","0","0","0","67301","1","0","0","N","0","0","0","2","67301","0","","1.0","","1","N","N","N","0","","0","0","1","","2","","","2","1","0","0","0","1","0","2","0","1","","03","","N","","","","","","","","","",""
"2022103092","1315","0","0","0","0","0","0","1","0","0","4","1","","67","10","2022","6","40.010941","-75.164646","1250","6","0","0","0","0","0","0","0","0","","0","0","0","","","2","","3","","40 00:39.388","","0","75 09:52.725","8","0","0","0","67301","0","0","0","N","0","0","0","3","67508","0","","1.0","","1","N","N","Y","0","","0","0","0","","2","N","","2","2","1","0","0","2","0","2","1","2","","03","","N","","","","","","","","","",""
"2022114103","1028","1","0","0","0","0","0","0","0","0","8","0","","67","12","2022","7","39.955859","-75.191456","1027","6","0","0","0","0","0","0","1","0","","0","0","0","","","1","","1","","39 57:21.092","","0","75 11:29.243","4","0","0","0","67301","1","0","0","N","1","0","0","2","67507","1","","1.0","","9","N","N","N","0","","0","0","0","","2","","","2","1","0","0","0","0","0","2","0","1","","04","","N","","","","","","","","","",""
"2022102043","","0","0","0","0","0","0","0","0","0","4","0","","67","10","2022","6","39.987173","-75.17552","","6","0","0","0","0","0","0","0","0","","0","0","0","","","1","","1","","39 59:13.822","","0","75 10:31.872","8","0","0","0","67301","0","0","0","N","0","0","0","2","00000","0","","1.0","","1","","","N","0","","0","0","1","","0","","","2","1","1","0","0","1","0","2","1","2","","","","N","","","","","","","","","",""
"2022097021","0213","1","0","0","0","0","0","0","0","0","5","0","","67","9","2022","7","39.972323","-75.248868","0208","6","0","0","0","0","0","0","0","0","","0","0","0","","","1","","1","","39 58:20.364","","0","75 14:55.925","3","0","0","0","67301","0","0","0","N","0","0","0","2","67301","0","","1.0","","1","N","N","N","0","","1","0","1","","2","","","2","1","0","0","0","0","0","2","0","2","","03","","N","","","","","","","","","",""
"2022114690","1928","0","0","0","0","0","0","0","0","0","7","0","","67","12","2022","7","40.019251","-75.191047","1926","6","0","0","0","0","0","0","0","0","","0","0","0","","","1","N","0","","40 01:09.304","2","0","75 11:27.768","4","0","0","0","67301","0","0","0","N","0","0","0","1","67301","1","","5.0","2022.0","9","N","N","N","0","","0","0","1","","0","Y","","1","1","0","0","0","0","0","2","0","1","","04","","N","","","","","","","","","",""
"2022115371","2131","1","0","0","0","0","0","0","0","0","7","0","","67","11","2022","1","40.038277","-75.010637","2116","6","0","0","0","0","0","0","0","0","","0","0","0","","","0","N","0","","40 02:17.796","","0","75 00:38.292","0","0","0","0","67301","0","0","0","N","0","0","0","1","68K01","0","","2.0","","9","N","N","N","0","","0","0","0","","0","","","1","0","0","0","0","0","0","2","0","1","","07","","N","","","","","","","","","",""
"2022088193","0234","1","0","0","0","0","0","0","0","0","7","0","","67","9","2022","7","40.058267","-75.090852","0225","6","0","0","0","0","0","0","0","0","","0","0","0","","","0","","2","","40 03:29.761","","0","75 05:27.067","0","0","0","0","67301","0","0","0","N","0","0","0","2","67301","0","","5.0","","1","N","N","N","0","","0","0","0","","3","","","1","0","0","0","0","0","0","2","0","1","","","","N","","","","","","","","","",""
"2022088503","1714","2","0","0","0","0","0","0","0","0","1","0","","67","9","2022","1","39.967972","-75.130941","1709","6","0","0","0","0","0","2","1","0","","0","0","0","","","0","N","0","","39 58:04.698","","0","75 07:51.388","0","0","0","0","67301","0","0","0","N","0","0","0","4","68K01","0","","1.0","","9","N","N","N","0","","0","0","0","","0","","","3","0","0","0","0","0","0","2","1","3","","03","","N","","","","","","","","","",""
"2022103699","0915","2","0","0","0","0","0","0","0","0","4","0","","67","9","2022","3","40.025464","-75.123484","0913","6","0","0","0","0","0","0","1","0","","0","0","0","","","0","","1","","40 01:31.670","","0","75 07:24.541","0","0","0","0","67301","0","0","0","N","0","0","0","3","67301","0","","1.0","","1","N","N","N","0","","0","0","1","","1","","","3","0","0","0","0","0","0","2","0","3","","03","","N","","","","","","","","","",""
"2022100200","","2","0","0","0","0","0","0","0","0","1","0","","67","8","2022","3","","","","6","0","0","0","0","0","0","0","1","","0","0","0","","","1","","1","","","","0","","8","0","0","0","67301","0","0","0","N","0","0","0","2","00000","0","","1.0","","1","","","N","0","","0","0","0","","2","","","2","1","1","0","0","1","0","1","0","2","","","","N","","","","","","","","","",""
"2022090466","1627","0","0","0","0","0","0","0","0","0","8","0","","67","9","2022","3","39.965687","-75.170522","1626","6","0","0","0","0","0","0","0","0","","0","0","0","","","1","","1","","39 57:56.473","","0","75 10:13.879","8","0","0","0","67301","1","0","0","N","1","0","0","2","67301","0","","1.0","","1","N","N","N","0","","0","0","1","","0","","","2","1","1","0","0","1","0","2","0","1","","03","","N","","","","","","","","","",""
"2022096956","1338","0","0","0","0","0","0","0","0","0","4","0","","67","9","2022","2","40.003361","-75.220559","1338","6","0","0","0","0","0","1","0","0","","0","0","0","","","1","N","0","","40 00:12.098","2","0","75 13:14.011","3","0","0","0","67301","0","0","0","N","0","0","0","3","68K01","0","","1.0","20.0","1","N","N","N","0","","1","0","2","","0","N","","2","1","0","0","0","0","0","2","0","2","","","","N","","","","","","","","","",""
"2022117629","0009","0","0","0","0","0","0","0","0","0","7","1","","67","11","2022","4","39.960005","-75.179783","0009","6","0","0","0","0","0","0","0","0","","0","1","0","","","0","","7","","39 57:36.017","4","2","75 10:47.219","0","0","0","0","67301","0","0","0","N","0","0","0","1","68K01","0","","4.0","150.0","9","N","N","N","0","","0","0","0","","0","N","","1","0","0","0","0","0","0","2","0","1","","","","N","","","","","","","","","",""
"2022118312","1737","0","0","0","0","0","0","0","0","0","1","0","","67","12","2022","2","40.084293","-74.968633","1732","6","0","0","0","0","0","0","0","1","","0","0","0","","","1","N","0","","40 05:03.454","","0","74 58:07.077","8","0","0","0","67301","0","0","0","N","0","0","0","3","67301","0","","1.0","","1","N","N","N","0","","0","0","2","","0","","","2","1","0","0","0","1","0","2","0","2","","03","","N","","","","","","","","","",""
"2022105121","1801","0","0","0","0","0","0","0","0","0","8","0","","67","10","2022","2","39.900978","-75.169358","1800","6","0","0","0","0","0","0","0","0","","0","0","0","","","2","N","0","","39 54:03.520","","0","75 10:09.690","2","0","0","0","67301","2","0","1","N","2","0","1","3","67301","0","","1.0","","99","N","N","N","1","","1","1","0","","0","","","3","2","0","0","0","0","1","2","0","1","","","","N","","","","","","","","","",""
"2022083603","0317","1","0","0","0","0","0","0","0","0","7","0","","67","9","2022","6","39.957722","-75.16425","0315","6","0","0","0","0","0","0","0","0","","0","0","0","","","1","","2","","39 57:27.800","","2","75 09:51.300","3","0","0","0","67301","0","0","0","N","0","0","0","1","67301","0","","4.0","","1","N","N","N","0","","1","0","0","","2","","","1","1","1","0","0","0","0","2","0","1","","03","","N","","","","","","","","","",""
"2022114089","1741","1","0","0","0","0","0","0","0","0","5","1","","67","12","2022","5","40.018169","-75.169543","1735","6","0","0","0","0","0","0","1","0","","0","1","0","","","1","N","0","","40 01:05.410","1","0","75 10:10.354","8","0","0","0","67301","0","0","0","N","0","0","0","2","67301","0","","1.0","1917.0","1","N","N","N","0","","0","0","0","","0","N","","2","1","0","0","0","1","0","2","0","2","","","","N","","","","","","","","","",""
"2022089779","1528","0","0","0","0","0","0","0","0","0","8","0","","67","9","2022","7","39.956334","-75.195617","1528","6","0","0","0","0","0","0","0","0","","0","0","0","","","1","","2","","39 57:22.801","","0","75 11:44.221","2","0","0","0","67301","1","0","1","N","1","0","1","2","67504","0","","1.0","","1","N","N","N","0","","0","1","1","","2","","","2","1","0","0","0","0","0","2","0","1","","03","","N","","","","","","","","","",""
"2022088318","0944","2","0","0","0","0","0","0","0","0","7","0","","67","9","2022","7","40.063744","-75.152811","0939","6","0","0","0","1","0","0","0","0","","0","0","0","","","1","N","0","","40 03:49.480","","0","75 09:10.120","3","0","0","0","67301","0","0","0","N","0","0","0","1","67301","0","","4.0","","1","N","N","N","0","","1","0","1","","0","","","3","1","0","0","0","0","0","2","0","3","","98","","N","","","","","","","","","",""
"2022119006","1545","0","0","0","0","0","0","0","0","0","8","1","","67","12","2022","4","40.044","-75.102649","1545","6","0","0","0","0","0","0","0","0","","0","1","0","","","1","","1","","40 02:38.401","","0","75 06:09.537","3","0","0","0","67301","1","0","0","N","1","0","0","2","67301","0","","1.0","","1","N","N","N","0","","1","0","0","","2","","","2","1","0","0","0","0","0","2","0","1","","","","N","","","","","","","","","",""
"2022098811","0217","0","0","0","0","0","0","0","0","0","1","0","","67","9","2022","3","39.955524","-75.201361","0216","6","0","0","0","0","0","0","0","0","","0","0","0","","","1","N","0","","39 57:19.885","","0","75 12:04.901","4","0","0","0","67301","0","0","0","N","0","0","0","1","67504","1","","6.0","","1","N","N","Y","0","","0","0","2","","0","","","2","1","0","0","0","0","0","2","0","2","","03","","N","","","","","","","","","",""
"2022119273","1829","0","0","0","0","0","0","0","0","0","8","0","","67","12","2022","5","40.047164","-75.17435","1818","6","0","0","0","0","0","0","0","0","","0","0","0","","","1","N","0","","40 02:49.790","","0","75 10:27.660","3","0","0","0","67301","1","0","0","N","1","0","0","1","67301","0","","1.0","","9","N","N","N","0","","1","0","0","","0","","","2","1","0","0","0","0","0","2","0","1","","07","","N","","","","","","","","","",""
"2022088522","1017","1","0","0","0","0","0","0","0","0","6","0","","67","9","2022","1","40.007816","-75.085406","1012","6","0","0","0","0","0","0","0","0","","0","0","0","","","0","N","0","","40 00:28.139","","0","75 05:07.461","9","0","0","0","67301","0","0","0","N","0","0","0","1","67301","0","","6.0","","99","N","N","N","0","","0","0","1","","0","","","2","0","0","0","0","0","1","2","0","2","","03","","N","","","","","","","","","",""
"2022083610","1607","0","0","0","0","0","0","0","0","0","8","0","","67","9","2022","6","40.051619","-75.174819","1603","6","0","0","0","0","0","0","0","0","","0","0","0","","","1","N","0","","40 03:05.828","","0","75 10:29.348","2","0","0","0","67301","1","0","1","N","1","0","1","2","67301","0","","1.0","","1","N","N","N","0","","0","1","1","","0","","","2","1","1","0","0","0","0","2","0","1","","03","","N","","","","","","","","","",""
"2022089289","2020","1","0","0","0","0","0","0","0","0","5","0","","67","9","2022","2","39.925667","-75.242936","2015","6","0","0","0","0","0","1","0","0","","0","0","0","","","0","N","0","","39 55:32.400","","0","75 14:34.570","0","0","0","0","67301","0","0","0","N","0","0","0","1","67301","0","","6.0","","1","N","N","N","1","","0","0","2","","0","","","5","0","0","0","0","0","0","2","1","5","","98","","N","","","","","","","","","",""
"2022103697","1631","5","0","0","0","0","0","0","0","0","1","1","","67","10","2022","2","39.973237","-75.212226","1612","6","0","0","0","0","0","1","0","0","","0","1","0","","","4","","1","","39 58:23.653","","0","75 12:44.012","8","0","0","0","67301","0","0","0","N","0","0","0","8","67301","0","","1.0","","1","N","N","N","0","","0","0","0","","2","","","7","4","2","0","0","4","1","2","1","7","","04","","N","","","","","","","","","",""
"2022110736","","1","0","0","0","0","0","0","0","0","1","0","","67","9","2022","7","39.953098","-75.181817","","6","0","0","0","1","0","0","0","0","","0","0","0","","","1","","1","","39 57:11.151","","2","75 10:54.540","8","0","0","0","67301","0","0","0","N","0","0","0","2","00000","0","","1.0","","1","","","N","0","","0","0","0","","2","","","2","1","0","0","0","1","0","2","0","2","","","","N","","","","","","","","","",""
"2022119164","1904","1","0","0","0","0","0","0","0","0","5","0","","67","11","2022","3","39.899681","-75.163275","1855","6","0","0","0","0","0","0","0","1","","0","0","0","","","1","N","0","","39 53:58.852","2","0","75 09:47.790","4","0","0","0","67301","0","0","0","N","0","0","0","3","68K01","1","","1.0","1950.0","1","N","N","N","0","","0","0","1","","0","N","","2","1","0","0","0","0","0","2","0","2","","","","N","","","","","","","","","",""
"2022112902","","0","0","0","0","0","0","0","0","0","2","0","","67","10","2022","6","40.004944","-75.15425","","6","0","0","0","0","0","1","0","0","","0","0","0","","","1","N","0","","40 00:17.800","","0","75 09:15.300","8","0","0","0","67301","0","0","0","N","0","0","0","2","00000","0","","1.0","","1","","","N","0","","0","0","1","","0","","","2","1","0","0","0","1","0","2","0","2","","","","N","","","","","","","","","",""
"2022087242","0202","0","0","0","0","0","0","0","0","0","1","0","","67","9","2022","5","39.978693","-75.157938","0200","6","0","0","0","0","0","0","0","0","","0","0","0","","","1","","1","","39 58:43.293","","0","75 09:28.577","2","0","1","2","67301","0","0","0","N","0","0","0","2","67505","0","","1.0","","1","N","N","N","0","","0","1","0","","2","","","2","1","0","0","0","0","1","2","0","2","","03","","N","","","","","","","","","",""
"2022118595","0456","1","0","0","0","0","0","0","0","0","4","0","","67","12","2022","1","39.943238","-75.177383","0453","6","0","0","0","0","0","0","0","0","","0","0","0","","","1","","1","","39 56:35.658","","0","75 10:38.579","8","0","0","0","67301","0","0","0","N","0","0","0","2","67301","0","","1.0","","1","N","N","N","0","","0","0","0","","3","","","2","1","1","0","0","1","0","2","1","2","","","","N","","","","","","","","","",""
"2022089313","1850","2","0","0","0","0","0","0","0","0","4","1","","67","9","2022","3","39.955809","-75.225742","1849","6","0","0","0","0","0","0","0","0","","0","1","0","","","1","","1","","39 57:20.911","","0","75 13:32.672","3","0","0","0","67301","0","0","0","N","0","0","0","3","67301","0","","1.0","","1","N","N","Y","0","","1","0","0","","2","","","3","1","0","0","0","0","1","2","0","3","","03","","N","","","","","","","","","",""
"2022089991","1631","0","0","0","1","0","0","0","0","0","8","0","","67","9","2022","2","39.973433","-75.194558","1621","6","0","0","0","0","0","0","1","0","","0","0","0","","","1","N","0","","39 58:24.360","","0","75 11:40.410","3","0","0","0","67301","1","0","0","N","0","0","0","2","67301","0","","1.0","","1","N","N","N","0","","1","0","1","","0","","","2","1","0","0","0","0","0","2","0","1","","03","","N","","","","","","","","","",""
"2022091246","1655","0","0","0","0","0","0","0","0","0","1","0","","67","9","2022","7","40.022975","-75.03628","1643","6","0","0","0","0","1","0","0","0","","0","0","0","","","0","N","0","","40 01:22.709","2","0","75 02:10.609","0","0","0","1","67301","0","0","0","N","0","0","0","5","68K01","0","","1.0","1743.0","1","N","N","N","0","","0","0","1","","8","N","","2","0","0","0","0","0","0","2","0","2","","03","","N","","","","","","","","","",""
"2022115119","2355","3","0","0","0","0","0","0","0","0","4","0","","67","12","2022","7","40.045289","-75.156994","2340","6","0","0","0","0","0","0","0","0","","0","0","0","","","1","N","0","","40 02:43.040","4","0","75 09:25.180","3","0","0","0","67301","0","0","0","N","0","0","0","1","67301","0","","1.0","128.0","1","N","N","N","1","","1","0","0","","0","N","","4","1","0","0","0","0","0","2","0","4","","03","","N","","","","","","","","","",""
"2022098812","2332","1","0","0","0","0","0","0","0","0","4","0","","67","9","2022","2","39.953609","-75.198625","2330","6","0","0","0","1","0","0","0","0","","0","0","0","","","1","","1","","39 57:12.991","","0","75 11:55.051","3","0","0","0","67301","0","0","0","N","0","0","0","3","67504","0","","1.0","","1","N","N","N","0","","1","0","1","","2","","","2","1","0","0","0","0","0","2","0","2","","03","","N","","","","","","","","","",""
"2022092923","1535","2","0","0","0","0","0","0","0","0","1","0","","67","9","2022","7","39.986071","-75.249416","1535","6","0","0","0","0","0","0","0","0","","0","0","0","","","1","","3","","39 59:09.855","","0","75 14:57.896","4","0","0","0","67301","0","0","0","N","0","0","0","3","67301","1","","1.0","","1","N","N","N","0","","0","0","1","","0","","","3","1","0","0","0","0","2","2","0","3","","03","","N","","","","","","","","","",""
"2022118711","0127","0","0","0","0","0","0","0","0","0","7","0","","67","12","2022","4","39.982474","-75.207692","0122","6","0","0","0","0","0","1","0","0","","0","0","0","","","1","N","0","","39 58:56.908","","0","75 12:27.690","3","0","0","0","67301","0","0","0","N","0","0","0","1","68K01","0","","2.0","","9","N","N","N","0","","1","0","1","","0","","","1","1","0","0","0","0","0","2","0","1","","","","N","","","","","","","","","",""
"2022105809","0036","1","0","0","0","0","0","0","0","0","7","0","","67","11","2022","6","40.042653","-75.129736","0035","6","0","0","0","0","0","0","0","0","","0","0","0","","","1","N","0","","40 02:33.550","","0","75 07:47.050","3","0","0","0","67301","0","0","0","N","0","0","0","1","67301","0","","4.0","","1","N","N","N","0","","1","0","0","","0","","","1","1","0","0","0","0","0","2","0","1","","","","N","","","","","","","","","",""
"2022098736","0010","1","0","0","0","0","0","0","0","0","2","0","","67","9","2022","3","40.006642","-75.147128","0000","6","0","0","1","0","0","0","0","0","","0","0","0","","","0","N","0","","40 00:23.910","","0","75 08:49.660","0","0","0","0","67301","0","0","0","N","0","0","0","1","67301","0","","1.0","","1","N","N","N","0","","0","0","4","","0","","","5","0","0","0","0","0","0","2","0","5","","03","","N","","","","","","","","","",""
"2022087246","1600","0","0","0","0","0","0","0","0","0","4","0","","67","9","2022","3","40.001422","-75.151546","1555","6","0","0","0","0","0","0","0","0","","0","0","0","","","1","","1","","40 00:05.120","","0","75 09:05.565","3","0","0","0","67301","0","0","0","N","0","0","0","2","67301","0","","1.0","","1","N","N","N","0","","1","0","2","","3","","","2","1","1","0","0","0","0","2","0","2","","03","","N","","","","","","","","","",""
"2022087433","0008","1","0","0","0","0","0","0","0","0","1","0","","67","9","2022","5","40.007907","-75.191921","0010","6","0","0","0","0","0","0","0","0","","0","0","0","","","1","N","0","","40 00:28.466","","3","75 11:30.916","3","0","0","0","67301","0","0","0","N","0","0","0","2","67301","0","","1.0","","1","N","N","N","0","","1","0","1","","0","","","2","1","0","0","0","0","1","2","0","2","","03","","N","","","","","","","","","",""
"2022091616","1727","1","0","0","0","0","0","0","0","0","5","0","","67","9","2022","7","39.978043","-75.201714","1713","6","0","0","0","0","0","1","0","0","","0","0","0","","","0","N","0","","39 58:40.953","4","0","75 12:06.171","0","0","0","0","67301","0","0","0","N","0","0","0","2","68K01","0","","1.0","1810.0","1","N","N","N","0","","0","0","1","","0","N","","2","0","0","0","0","0","0","2","0","2","","03","","N","","","","","","","","","",""
"2022117068","1340","1","0","0","0","0","0","1","0","0","4","1","","67","12","2022","5","39.944093","-75.165349","1320","6","0","0","0","0","0","1","0","0","","0","0","0","","","2","","2","","39 56:38.733","","0","75 09:55.258","8","0","0","0","67301","0","0","0","N","0","0","0","4","67508","0","","1.0","","1","N","N","Y","0","","0","0","0","","0","","","2","2","1","0","0","2","0","2","0","2","","03","","N","","","","","","","","","",""
"2022118496","2228","1","0","0","0","0","0","0","0","0","7","0","","67","11","2022","3","39.935986","-75.199622","2220","6","0","0","0","0","0","0","0","0","","0","0","0","","","0","N","0","","39 56:09.549","4","0","75 11:58.640","0","0","0","0","67301","0","0","0","N","0","0","0","1","68K01","0","","4.0","2235.0","1","N","N","N","0","","0","0","0","","0","N","","1","0","0","0","0","0","0","2","0","1","","","","N","","","","","","","","","",""
"2022104145","1444","0","0","0","0","0","0","0","0","0","7","1","","67","11","2022","6","40.050583","-75.191469","1356","6","0","0","0","0","0","0","0","0","","0","1","0","","","0","N","0","","40 03:02.100","7","1","75 11:29.290","0","0","0","0","67301","0","0","0","N","0","0","0","1","67301","0","","1.0","1850.0","1","N","N","Y","0","","0","0","0","","0","Y","","1","0","1","0","0","0","0","2","0","1","","03","","N","","","","","","","","","",""
"2022117873","1915","0","0","0","0","0","0","0","0","0","7","0","","67","12","2022","1","39.982593","-75.207754","1912","6","0","0","0","0","0","0","0","0","","0","0","0","","","0","N","0","","39 58:57.335","4","0","75 12:27.913","0","0","0","0","67301","0","0","0","N","0","0","0","1","68K01","0","","2.0","1945.0","9","N","N","N","1","","0","0","0","","0","N","","1","0","0","0","0","0","0","2","0","1","","","","N","","","","","","","","","",""
"2022119281","1751","1","0","0","0","0","0","0","0","0","8","0","","67","12","2022","5","39.94917","-75.241405","1746","6","0","0","0","0","0","0","0","0","","0","0","0","","","1","","1","","39 56:57.011","","0","75 14:29.057","3","0","0","0","67301","1","0","0","N","1","0","0","2","67301","0","","1.0","","9","N","N","N","0","","1","0","0","","3","","","2","1","0","0","0","0","0","2","0","1","","","","N","","","","","","","","","",""
"2022119859","0825","1","0","0","0","0","0","0","0","0","1","0","","67","11","2022","2","40.038449","-75.010163","0816","6","0","0","0","0","0","1","0","0","","0","0","0","","","0","N","0","","40 02:18.415","","0","75 00:36.587","0","0","0","0","67301","0","0","0","N","0","0","0","2","68K01","0","","1.0","","1","N","N","N","0","","0","0","1","","0","","","2","0","0","0","0","0","0","2","0","2","","03","","N","","","","","","","","","",""
"2022103313","2331","1","0","0","0","0","0","0","0","0","7","0","","67","11","2022","6","39.968998","-75.127811","2329","6","0","0","0","0","0","0","0","0","","0","0","0","","","1","N","0","","39 58:08.392","","0","75 07:40.120","8","0","0","0","67301","0","0","0","N","0","0","0","1","68K01","0","","4.0","","1","N","N","N","0","","0","0","0","","0","","","1","1","1","0","0","1","0","2","0","1","","03","","N","","","","","","","","","",""
"2022102778","0818","1","0","0","0","0","0","0","0","0","1","0","","67","9","2022","5","39.939972","-75.143494","0818","6","0","0","0","0","0","0","0","0","","0","0","0","","","2","N","0","","39 56:23.899","2","2","75 08:36.577","8","0","0","0","67301","0","0","0","N","0","0","0","3","68K01","0","","1.0","845.0","1","N","N","N","0","","0","0","1","","0","N","","2","2","0","0","0","2","0","2","0","2","","03","","N","","","","","","","","","",""
"2022086918","2349","0","0","0","0","0","0","0","0","0","7","0","","67","9","2022","1","40.035966","-75.016105","2334","6","0","0","0","0","0","0","0","0","","0","0","0","","","1","N","0","","40 02:09.479","1","0","75 00:57.979","8","0","0","0","67301","0","0","0","N","0","0","0","1","68K01","0","","2.0","11.0","9","N","N","Y","1","","0","0","0","","0","N","","1","1","0","0","0","1","0","2","0","1","","","","N","","","","","","","","","",""