"CRN","ARRIVAL_TM","AUTOMOBILE_COUNT","BELTED_DEATH_COUNT","BELTED_SUSP_SERIOUS_INJ_COUNT","BICYCLE_COUNT","BICYCLE_DEATH_COUNT","BICYCLE_SUSP_SERIOUS_INJ_COUNT","BUS_COUNT","CHLDPAS_DEATH_COUNT","CHLDPAS_SUSP_SERIOUS_INJ_COUNT","COLLISION_TYPE","COMM_VEH_COUNT","CONS_ZONE_SPD_LIM","COUNTY","CRASH_MONTH","CRASH_YEAR","DAY_OF_WEEK","DEC_LATITUDE","DEC_LONGITUDE","DISPATCH_TM","DISTRICT","DRIVER_COUNT_16YR","DRIVER_COUNT_17YR","DRIVER_COUNT_18YR","DRIVER_COUNT_19YR","DRIVER_COUNT_20YR","DRIVER_COUNT_50_64YR","DRIVER_COUNT_65_74YR","DRIVER_COUNT_75PLUS","EST_HRS_CLOSED","FATAL_COUNT","HEAVY_TRUCK_COUNT","HORSE_BUGGY_COUNT","HOUR_OF_DAY","ILLUMINATION","INJURY_COUNT","INTERSECTION_RELATED","INTERSECT_TYPE","LANE_CLOSED","LATITUDE","LN_CLOSE_DIR","LOCATION_TYPE","LONGITUDE","MAX_SEVERITY_LEVEL","MCYCLE_DEATH_COUNT","MCYCLE_SUSP_SERIOUS_INJ_COUNT","MOTORCYCLE_COUNT","MUNICIPALITY","NONMOTR_COUNT","NONMOTR_DEATH_COUNT","NONMOTR_SUSP_SERIOUS_INJ_COUNT","NTFY_HIWY_MAINT","PED_COUNT","PED_DEATH_COUNT","PED_SUSP_SERIOUS_INJ_COUNT","PERSON_COUNT","POLICE_AGCY","POSSIBLE_INJ_COUNT","RDWY_SURF_TYPE_CD","RELATION_TO_ROAD","ROADWAY_CLEARED","ROAD_CONDITION","SCH_BUS_IND","SCH_ZONE_IND","SECONDARY_CRASH","SMALL_TRUCK_COUNT","SPEC_JURIS_CD","SUSP_MINOR_INJ_COUNT","SUSP_SERIOUS_INJ_COUNT","SUV_COUNT","TCD_FUNC_CD","TCD_TYPE","TFC_DETOUR_IND","TIME_OF_DAY","TOTAL_UNITS","TOT_INJ_COUNT","UNBELTED_OCC_COUNT","UNB_DEATH_COUNT","UNB_SUSP_SERIOUS_INJ_COUNT","UNK_INJ_DEG_COUNT","UNK_INJ_PER_COUNT","URBAN_RURAL","VAN_COUNT","VEHICLE_COUNT","WEATHER1","WEATHER2","WORKERS_PRES","WORK_ZONE_IND","WORK_ZONE_LOC","WORK_ZONE_TYPE","WZ_CLOSE_DETOUR","WZ_FLAGGER","WZ_LAW_OFFCR_IND","WZ_LN_CLOSURE","WZ_MOVING","WZ_OTHER","WZ_SHLDER_MDN","WZ_WORKERS_INJ_KILLED"
"2022103087","1120","1","0","0","0","0","0","1","0","0","5","1","","67","10","2022","3","39.979037","-75.216833","1050","6","0","0","0","0","0","1","0","0","","0","0","0","","","1","","2","","39 58:44.533","","0","75 13:00.598","4","0","0","0","67301","0","0","0","N","0","0","0","3","67508","1","","1.0","","1","N","N","Y","0","","0","0","0","","0","","","2","1","0","0","0","0","0","2","0","2","","03","","N","","","","","","","","","",""
"2022089341","1629","1","0","0","0","0","0","0","0","0","4","0","","67","9","2022","2","40.054742","-75.004806","1629","6","0","1","0","0","0","0","1","0","","0","0","0","","","0","","1","","40 03:17.072","","0","75 00:17.300","9","0","0","0","67301","0","0","0","N","0","0","0","2","67301","0","","1.0","","1","N","N","N","0","","0","0","0","","2","","","2","0","1","0","0","0","1","2","1","2","","03","","N","","","","","","","","","",""
"2022097365","1245","0","0","0","0","0","0","0","0","0","5","0","","67","9","2022","4","40.008974","-75.068714","1216","6","0","0","1","0","0","0","0","0","","0","0","0","","","0","N","0","","40 00:32.308","2","3","75 04:07.372","0","0","0","0","67301","0","0","0","N","0","0","0","2","68K01","0","","1.0","1409.0","1","N","N","N","0","","0","0","2","","0","N","","2","0","1","0","0","0","0","2","0","2","","","","N","","","","","","","","","",""
"2022098150","2030","2","0","0","0","0","0","0","0","0","5","0","","67","9","2022","7","39.928236","-75.151231","2013","6","0","0","0","0","0","0","1","0","","0","0","0","","","1","N","0","","39 55:41.650","4","0","75 09:04.430","3","0","0","0","67301","0","0","0","N","0","0","0","1","67301","0","","6.0","1030.0","1","N","N","N","0","","1","0","1","","0","Y","","3","1","0","0","0","0","0","2","0","3","","","","N","","","","","","","","","",""
"2022104173","1415","0","0","0","0","0","0","2","0","0","4","2","","67","10","2022","4","40.028181","-75.038898","1400","6","0","0","0","0","0","2","0","0","","0","0","0","","","2","","1","","40 01:41.450","3","0","75 02:20.031","4","0","0","0","67301","0","0","0","N","0","0","0","4","67508","1","","1.0","9999.0","1","Y","N","N","0","","0","0","0","","2","N","","2","2","0","0","0","1","2","2","0","2","","03","","N","","","","","","","","","",""
"2022103475","0815","1","0","0","0","0","0","0","0","0","1","0","","67","9","2022","5","40.007519","-75.200408","0804","6","0","0","0","0","0","0","0","0","","0","0","0","","","1","N","0","","40 00:27.068","","0","75 12:01.469","3","0","0","1","67301","0","0","0","N","0","0","0","2","68K01","0","","1.0","","1","N","N","N","0","","1","0","0","","0","","","2","1","0","0","0","0","0","2","0","2","","03","","N","","","","","","","","","",""
"2022116665","2345","2","0","0","0","0","0","0","0","0","4","0","","67","12","2022","2","40.025956","-75.134814","2345","6","0","0","0","0","0","0","0","0","","0","0","0","","","0","N","0","","40 01:33.440","","0","75 08:05.330","0","0","0","0","67301","0","0","0","N","0","0","0","1","67301","0","","6.0","","1","N","N","N","1","","0","0","0","","0","","","3","0","0","0","0","0","0","2","0","3","","","","N","","","","","","","","","",""
"2022088962","1050","1","0","0","0","0","0","0","0","0","1","0","","67","9","2022","7","40.072143","-75.012958","1043","6","0","0","0","0","0","0","0","0","","0","0","0","","","1","","1","","40 04:19.713","4","0","75 00:46.648","3","0","0","0","67301","0","0","0","N","0","0","0","4","67301","0","","1.0","20.0","1","N","N","N","0","","1","0","1","","2","N","","2","1","1","0","0","0","0","2","0","2","","03","","N","","","","","","","","","",""
"2022118731","1709","1","0","0","0","0","0","0","0","0","5","1","","67","12","2022","4","39.909026","-75.15282","1708","6","0","0","0","0","0","2","0","0","","0","1","0","","","0","N","0","","39 54:32.492","3","3","75 09:10.152","0","0","0","0","67301","0","0","0","N","0","0","0","2","67501","0","","1.0","1735.0","1","N","N","N","0","","0","0","0","","8","N","","2","0","0","0","0","0","0","2","0","2","","03","","N","","","","","","","","","",""
"2022117431","0851","0","0","0","0","0","0","0","0","0","7","0","","67","12","2022","1","40.015229","-75.169953","0848","6","0","0","0","0","0","0","0","0","","0","0","0","","","0","","1","","40 00:54.823","","0","75 10:11.829","9","0","0","0","67301","0","0","0","N","0","0","0","1","67301","0","","5.0","","1","N","Y","N","0","","0","0","1","","2","","","1","0","0","0","0","0","1","2","0","1","","","","N","","","","","","","","","",""
"2022116781","1534","1","0","0","0","0","0","0","0","0","1","0","","67","12","2022","5","39.959491","-75.174758","1533","6","0","0","0","0","0","0","0","0","","0","0","0","","","0","N","0","","39 57:34.168","4","0","75 10:29.128","9","0","0","0","67301","0","0","0","N","0","0","0","3","68K01","0","","3.0","1540.0","1","N","N","N","0","","0","0","1","","0","N","","3","0","0","0","0","0","1","2","0","3","","","","N","","","","","","","","","",""
"2022114235","0940","2","0","0","0","0","0","0","0","0","4","0","","67","12","2022","7","40.049578","-75.095619","0937","6","0","0","0","0","0","0","0","0","","0","0","0","","","2","","1","","40 02:58.479","","0","75 05:44.227","3","0","0","0","67301","0","0","0","N","0","0","0","2","67301","0","","1.0","","9","N","N","N","0","","2","0","0","","2","","","2","2","0","0","0","0","0","2","0","2","","","","N","","","","","","","","","",""
"2022090454","0907","1","0","0","0","0","0","0","0","0","5","0","","67","10","2022","7","40.026539","-75.213681","0902","6","0","0","0","0","0","0","0","0","","0","0","0","","","0","N","0","","40 01:35.540","2","0","75 12:49.250","0","0","0","0","67301","0","0","0","N","0","0","0","1","67301","0","","6.0","100.0","9","N","N","N","1","","0","0","0","","0","Y","","2","0","0","0","0","0","0","2","0","2","","04","","N","","","","","","","","","",""
"2022117264","1500","0","0","0","0","0","0","0","0","0","8","0","","67","11","2022","3","39.958475","-75.225184","1457","6","0","0","0","0","0","0","0","0","","0","0","0","","","1","","1","","39 57:30.510","","0","75 13:30.663","2","0","0","0","67301","1","0","1","N","1","0","1","1","67301","0","","1.0","","1","N","N","N","0","","0","1","0","","2","","","2","1","0","0","0","0","0","2","0","1","","03","","N","","","","","","","","","",""
"2022119141","1009","0","0","0","0","0","0","0","0","0","7","0","","67","11","2022","1","39.951709","-75.141471","1003","6","0","0","0","0","0","0","0","0","","0","0","0","","","0","N","0","","39 57:06.151","","0","75 08:29.297","0","0","0","0","67301","0","0","0","N","0","0","0","1","68K01","0","","2.0","","1","N","N","N","0","","0","0","0","","0","","","1","0","0","0","0","0","0","2","1","1","","","","N","","","","","","","","","",""
"2022120512","1219","0","0","0","0","0","0","0","0","0","8","1","","67","12","2022","6","39.96942","-75.139306","1217","6","0","0","0","0","0","0","0","0","","0","1","0","","","1","N","0","","39 58:09.912","","0","75 08:21.501","3","0","0","0","67301","1","0","0","N","1","0","0","2","67301","0","","1.0","","9","N","N","N","0","","1","0","0","","0","","","2","1","1","0","0","0","0","2","0","1","","07","","N","","","","","","","","","",""
"2022088240","2200","2","0","0","0","0","0","0","0","0","1","0","","67","9","2022","7","40.020332","-75.080449","2151","6","0","0","0","0","0","1","0","0","","0","0","0","","","2","","1","","40 01:13.195","","1","75 04:49.615","3","0","0","0","67301","0","0","0","N","0","0","0","3","67301","0","","1.0","","1","N","N","N","0","","2","0","0","","2","","","2","2","0","0","0","0","0","2","0","2","","03","","N","","","","","","","","","",""
"2022118590","1930","1","0","0","0","0","0","0","0","0","7","0","","67","12","2022","2","40.044283","-75.187428","1925","6","0","0","0","0","0","0","0","0","","0","0","0","","","2","N","0","","40 02:39.420","","0","75 11:14.740","4","0","0","0","67301","0","0","0","N","0","0","0","2","67301","2","","2.0","","1","N","N","N","0","","0","0","0","","0","","","1","2","0","0","0","0","0","2","0","1","","","","N","","","","","","","","","",""
"2022117418","0559","2","0","0","0","0","0","0","0","0","7","0","","67","12","2022","1","40.073584","-75.178273","0555","6","0","0","0","0","0","0","0","0","","0","0","0","","","1","N","0","","40 04:24.903","6","0","75 10:41.781","3","0","0","0","67301","0","0","0","N","0","0","0","1","67301","0","","5.0","800.0","1","N","N","N","0","","1","0","0","","0","Y","","2","1","0","0","0","0","0","2","0","2","","","","N","","","","","","","","","",""
"2022089850","1622","1","0","0","0","0","0","0","0","0","4","0","","67","9","2022","3","39.956983","-75.219443","1622","6","0","0","0","0","0","0","0","0","","0","0","0","","","1","","1","","39 57:25.138","","0","75 13:09.994","3","0","0","0","67301","0","0","0","N","0","0","0","2","67301","0","","1.0","","1","N","N","N","0","","1","0","1","","3","","","2","1","0","0","0","0","0","2","0","2","","03","","N","","","","","","","","","",""
"2022089046","1401","0","0","0","0","0","0","0","0","0","8","0","","67","9","2022","7","39.986187","-75.167994","1401","6","0","0","0","0","0","1","0","0","","0","0","0","","","1","","1","","39 59:10.273","","0","75 10:04.778","3","0","0","0","67301","1","0","0","N","1","0","0","2","67301","0","","1.0","","1","N","N","N","0","","1","0","1","","1","","","2","1","0","0","0","0","0","2","0","1","","03","","N","","","","","","","","","",""
"2022097451","2130","0","0","0","0","0","0","0","0","0","8","0","","67","9","2022","2","40.020244","-75.114084","2116","6","0","0","0","0","0","0","0","0","","0","0","0","","","1","","1","","40 01:12.880","","0","75 06:50.704","8","0","0","0","67301","1","0","0","N","1","0","0","2","67301","0","","1.0","","1","N","N","N","1","","0","0","0","","2","","","2","1","0","0","0","1","0","2","0","1","","03","","N","","","","","","","","","",""
"2022088160","2355","1","0","0","0","0","0","0","0","0","7","0","","67","9","2022","6","39.906066","-75.240926","2350","6","0","0","0","0","0","0","0","0","","0","0","0","","","1","N","0","","39 54:21.838","","0","75 14:27.335","2","0","0","0","67301","0","0","0","N","0","0","0","1","67301","0","","4.0","","1","N","N","N","0","","0","1","0","","0","","","1","1","0","0","0","0","0","2","0","1","","03","","N","","","","","","","","","",""
"2022091370","2008","2","0","0","0","0","0","0","0","0","4","0","","67","10","2022","7","39.957456","-75.223393","2008","6","0","0","0","0","0","0","0","0","","0","0","0","","","2","","1","","39 57:26.841","1","0","75 13:24.214","3","0","0","0","67301","0","0","0","N","0","0","0","3","67301","0","","1.0","2100.0","9","N","N","N","0","","2","0","0","","3","Y","","2","2","2","0","0","0","0","2","0","2","","07","","N","","","","","","","","","",""
"2022119272","1537","2","0","0","0","0","0","0","0","0","4","0","","67","12","2022","5","40.034889","-75.184373","1536","6","0","0","0","0","0","1","0","0","","0","0","0","","","1","","1","","40 02:05.601","7","0","75 11:03.743","3","0","0","0","67301","0","0","0","N","0","0","0","2","67301","0","","1.0","45.0","9","N","N","N","0","","1","0","0","","2","Y","","2","1","0","0","0","0","1","2","0","2","","07","","N","","","","","","","","","",""
"2022089538","1749","0","0","0","0","0","0","0","0","0","4","0","","67","9","2022","2","40.047504","-75.142902","1731","6","0","0","0","0","0","0","1","0","","0","0","0","","","3","","1","","40 02:51.013","","0","75 08:34.447","3","0","0","0","67301","0","0","0","N","0","0","0","4","67301","0","","1.0","","1","N","N","N","0","","3","0","2","","2","","","2","3","0","0","0","0","1","2","0","2","","","","N","","","","","","","","","",""
"2022095494","0255","1","0","0","0","0","0","0","0","0","1","0","","67","9","2022","7","39.990286","-75.238631","0250","6","0","0","0","0","0","0","0","0","","0","0","0","","","0","N","0","","39 59:25.030","","0","75 14:19.070","0","0","0","0","67301","0","0","0","N","0","0","0","1","67301","0","","6.0","","1","N","N","N","0","","0","0","1","","0","","","2","0","0","0","0","0","0","2","0","2","","03","","N","","","","","","","","","",""
"2022089410","1630","1","0","0","0","0","0","0","0","0","4","0","","67","9","2022","2","39.96301","-75.158413","1628","6","0","0","0","0","0","0","0","0","","0","0","0","","","0","","1","","39 57:46.836","1","0","75 09:30.286","0","0","0","0","67301","0","0","0","N","0","0","0","2","67301","0","","1.0","100.0","1","N","N","N","0","","0","0","1","","0","N","","2","0","2","0","0","0","0","2","0","2","","03","","N","","","","","","","","","",""
"2022117413","1637","1","0","0","0","0","0","0","0","0","5","0","","67","12","2022","7","39.891914","-75.234912","1634","6","0","0","0","0","0","0","0","0","","0","0","0","","","0","N","0","","39 53:30.892","","0","75 14:05.683","0","0","0","0","67301","0","0","0","N","0","0","0","2","67301","0","","1.0","","1","N","N","Y","1","","0","0","0","","0","","","2","0","0","0","0","0","0","2","0","2","","03","","N","","","","","","","","","",""
"2022119588","1832","1","0","0","0","0","0","0","0","0","1","0","","67","12","2022","1","40.009186","-75.166264","1816","6","0","0","0","0","0","0","0","0","","0","0","0","","","0","N","0","","40 00:33.070","","0","75 09:58.550","9","0","0","0","67301","0","0","0","N","0","0","0","1","67301","0","","2.0","","9","N","N","N","0","","0","0","0","","0","","","2","0","0","0","0","0","1","2","0","2","","04","","N","","","","","","","","","",""
"2022088884","1909","0","0","0","0","0","0","0","0","0","1","0","","67","9","2022","7","39.985134","-75.178611","1905","6","0","0","0","0","0","1","0","0","","0","0","0","","","2","N","0","","39 59:06.481","","0","75 10:43.000","3","0","0","0","67301","0","0","0","N","0","0","0","3","67301","0","","1.0","","1","N","N","N","0","","2","0","1","","0","","","3","2","0","0","0","0","1","2","1","3","","03","","N","","","","","","","","","",""
"2022105912","0307","2","0","0","0","0","0","0","0","0","5","0","","67","9","2022","1","39.963862","-75.184267","0235","6","0","0","0","0","0","0","0","0","","0","0","0","","","0","","3","","39 57:49.902","","0","75 11:03.361","0","0","0","0","67301","0","0","0","N","0","0","0","2","68K01","0","","1.0","","1","N","N","N","0","","0","0","0","","0","","","2","0","0","0","0","0","0","2","0","2","","03","","N","","","","","","","","","",""
"2022117995","0708","0","0","0","0","0","0","1","0","0","5","1","","67","12","2022","5","39.998004","-75.233208","0658","6","0","0","0","0","0","2","0","0","","0","0","0","","","1","N","1","","39 59:52.816","","0","75 13:59.550","8","0","0","0","67301","0","0","0","N","0","0","0","3","67508","0","","1.0","","1","N","N","Y","0","","0","0","1","","2","N","","2","1","1","0","0","1","0","2","0","2","","03","","N","","","","","","","","","",""
"2022107516","2235","3","0","0","0","0","0","0","0","0","1","0","","67","10","2022","3","39.894299","-75.23744","2230","6","0","0","0","0","1","0","0","0","","0","0","0","","","0","Y","0","","39 53:39.476","","0","75 14:14.784","0","0","0","0","67301","0","0","0","N","0","0","0","3","67301","0","","1.0","","1","N","N","N","0","","0","0","0","","0","","","3","0","2","0","0","0","0","2","0","3","","03","","N","","","","","","","","","",""
"2022119276","0600","1","0","0","0","0","0","0","0","0","8","0","","67","12","2022","4","40.030129","-75.035161","0555","6","0","0","0","0","0","0","0","0","","0","0","0","","","1","","1","","40 01:48.464","","0","75 02:06.579","3","0","0","0","67301","1","0","0","N","1","0","0","2","67301","0","","1.0","","1","N","N","N","0","","1","0","0","","2","","","2","1","0","0","0","0","0","2","0","1","","03","","N","","","","","","","","","",""
"2022088821","1652","1","0","0","0","0","0","0","0","0","7","0","","67","9","2022","1","40.073408","-75.215283","1652","6","0","0","0","0","0","0","1","0","","0","0","0","","","1","N","0","","40 04:24.270","","0","75 12:55.020","3","0","0","0","67301","0","0","0","N","0","0","0","1","67301","0","","4.0","","9","N","N","N","0","","1","0","0","","3","","","1","1","0","0","0","0","0","2","0","1","","07","","N","","","","","","","","","",""
"2022118175","0054","0","0","0","0","0","0","0","0","0","4","1","","67","12","2022","2","40.037892","-75.139494","0054","6","0","0","0","0","0","2","0","0","","0","1","0","","","0","","1","","40 02:16.410","","0","75 08:22.177","0","0","0","0","67301","0","0","0","N","0","0","0","5","67301","0","","1.0","","1","N","N","N","0","","0","0","1","","2","","","2","0","0","0","0","0","0","2","0","2","","03","","N","","","","","","","","","",""
"2022117747","1845","0","0","0","0","0","0","0","0","0","7","0","","67","12","2022","1","39.945271","-75.142389","1843","6","0","0","0","0","0","0","0","0","","0","0","0","","","1","N","0","","39 56:42.976","1","0","75 08:32.601","8","0","0","0","67301","0","0","0","N","0","0","0","1","68K01","0","","3.0","1910.0","9","N","N","N","0","","0","0","1","","0","N","","1","1","1","0","0","1","0","2","0","1","","04","","N","","","","","","","","","",""
"2022115622","","1","0","0","0","0","0","0","0","0","5","0","","67","10","2022","6","39.921371","-75.19261","","6","0","0","0","0","0","0","0","0","","0","0","0","","","1","N","0","","39 55:16.936","","0","75 11:33.395","8","0","0","0","67301","0","0","0","N","0","0","0","2","00000","0","","1.0","","1","","","N","0","","0","0","1","","0","","","2","1","1","0","0","1","0","2","0","2","","","","N","","","","","","","","","",""
"2022115620","","0","0","0","0","0","0","0","0","0","1","0","","67","11","2022","4","40.039551","-75.045818","","6","0","0","0","0","0","0","0","0","","0","0","0","","","1","","1","","40 02:22.384","","0","75 02:44.945","8","0","0","0","67301","0","0","0","N","0","0","0","2","00000","0","","1.0","","1","","","N","0","","0","0","0","","2","","","2","1","0","0","0","1","0","2","1","2","","","","N","","","","","","","","","",""
"2022088255","1209","0","0","0","0","0","0","0","0","0","1","0","","67","9","2022","7","40.003185","-75.152576","1156","6","0","0","0","0","0","2","0","0","","0","0","0","","","1","","5","","40 00:11.467","","0","75 09:09.273","3","0","0","0","67301","0","0","0","N","0","0","0","2","67301","0","","1.0","","1","N","N","N","0","","1","0","2","","2","","","2","1","0","0","0","0","0","2","0","2","","03","","N","","","","","","","","","",""
"2022117892","2059","2","0","0","0","0","0","0","0","0","4","1","","67","12","2022","7","40.005443","-75.107331","2059","6","0","0","0","0","0","0","0","0","","0","1","0","","","0","","2","","40 00:19.593","","0","75 06:26.392","9","0","0","0","67301","0","0","0","N","0","0","0","2","67301","0","","1.0","","1","N","N","Y","0","","0","0","0","","0","","","3","0","0","0","0","0","2","2","0","3","","03","","N","","","","","","","","","",""
"2022117755","2352","0","0","0","0","0","0","0","0","0","4","0","","67","12","2022","7","40.094814","-75.050726","2350","6","0","0","0","0","0","1","1","0","","0","0","0","","","2","","1","","40 05:41.329","","0","75 03:02.612","8","0","0","0","67301","0","0","0","N","0","0","0","3","67301","0","","1.0","","1","N","N","N","0","","0","0","2","","2","","","2","2","0","0","0","2","0","2","0","2","","","","N","","","","","","","","","",""
"2022118550","2352","2","0","0","0","0","0","0","0","0","4","0","","67","12","2022","2","40.048931","-74.997045","2348","6","0","0","0","0","0","1","0","0","","0","0","0","","","1","N","0","","40 02:56.153","1","0","74 59:49.362","3","0","0","0","67301","0","0","0","N","0","0","0","3","68K01","0","","1.0","45.0","1","N","N","N","0","","1","0","0","","0","N","","2","1","0","0","0","0","0","2","0","2","","03","","N","","","","","","","","","",""
"2022116782","1655","1","0","0","0","0","0","0","0","0","5","0","","67","12","2022","5","40.036971","-75.013473","1648","6","0","0","0","0","0","1","1","0","","0","0","0","","","2","N","0","","40 02:13.096","","0","75 00:48.504","4","0","0","0","67301","0","0","0","N","0","0","0","3","68K01","2","","1.0","","1","N","N","N","0","","0","0","1","","0","","","2","2","0","0","0","0","0","2","0","2","","03","","N","","","","","","","","","",""
"2022094623","0427","1","0","0","0","0","0","0","0","0","5","0","","67","9","2022","1","39.999299","-75.069586","0427","6","0","0","0","0","0","0","0","0","","0","0","0","","","0","N","0","","39 59:57.478","","0","75 04:10.508","0","0","0","0","67301","0","0","0","N","0","0","0","1","67301","0","","6.0","","1","N","N","N","1","","0","0","1","","0","","","4","0","0","0","0","0","0","2","1","4","","","","N","","","","","","","","","",""
"2022115292","1752","0","0","0","0","0","0","0","0","0","2","0","","67","12","2022","3","40.006168","-75.151802","1751","6","0","0","0","0","0","0","0","0","","0","0","0","","","1","N","1","","40 00:22.203","3","0","75 09:06.487","3","0","0","0","67301","0","0","0","N","0","0","0","3","67505","0","","1.0","1830.0","9","N","N","N","0","","1","0","2","","2","Y","","2","1","0","0","0","0","1","2","0","2","","07","","N","","","","","","","","","",""
"2022112221","0206","0","0","0","0","0","0","0","0","0","7","0","","67","11","2022","2","40.065733","-74.982394","0202","6","0","0","0","0","0","0","0","0","","0","0","0","","","1","N","0","","40 03:56.639","","0","74 58:56.617","3","0","0","0","67301","0","0","0","N","0","0","0","1","67301","0","","5.0","","1","N","N","N","0","","1","0","1","","0","","","1","1","1","0","0","0","0","2","0","1","","03","","N","","","","","","","","","",""
"2022118591","2323","1","0","0","0","0","0","0","0","0","4","0","","67","12","2022","2","40.073935","-75.190428","2322","6","0","0","0","0","0","0","0","1","","0","0","0","","","1","N","0","","40 04:26.166","2","0","75 11:25.539","8","0","0","0","67301","0","0","0","N","0","0","0","1","67301","0","","1.0","15.0","1","N","N","N","0","","0","0","1","","0","N","","2","1","0","0","0","1","0","2","0","2","","03","","N","","","","","","","","","",""
"2022088927","1650","0","0","0","0","0","0","0","0","0","1","0","","67","9","2022","2","39.919425","-75.152119","1640","6","0","0","0","0","0","0","0","0","","0","0","0","","","0","N","0","","39 55:09.930","","0","75 09:07.630","0","0","0","0","67301","0","0","0","N","0","0","0","1","67301","0","","6.0","","1","N","N","N","0","","0","0","1","","0","","","3","0","0","0","0","0","0","2","1","3","","03","","N","","","","","","","","","",""
"2022104961","0327","2","0","0","0","0","0","0","0","0","4","0","","67","9","2022","7","39.998834","-75.119027","0323","6","0","0","0","0","0","0","0","0","","0","0","0","","","1","","1","","39 59:55.804","","0","75 07:08.496","3","0","0","0","67301","0","0","0","N","0","0","0","2","67301","0","","1.0","","1","N","N","N","0","","1","0","0","","3","","","2","1","2","0","0","0","0","2","0","2","","03","","N","","","","","","","","","",""
"2022118953","0838","1","0","0","0","0","0","0","0","0","1","0","","67","12","2022","2","39.90747","-75.149675","0824","6","0","0","0","0","0","0","0","0","","0","0","0","","","0","","6","","39 54:26.891","","2","75 08:58.831","0","0","0","0","67301","0","0","0","N","0","0","0","2","68K01","0","","1.0","","1","N","N","N","0","","0","0","1","","0","","","2","0","0","0","0","0","0","2","0","2","","","","N","","","","","","","","","",""
"2022089679","2158","0","0","0","0","0","0","0","0","0","4","0","","67","9","2022","4","39.927421","-75.231712","2157","6","0","0","0","0","0","2","0","0","","0","0","0","","","2","","1","","39 55:38.715","6","0","75 13:54.163","3","0","0","0","67301","0","0","0","N","0","0","0","3","67301","0","","1.0","100.0","1","N","N","N","1","","2","0","1","","2","Y","","2","2","0","0","0","0","0","2","0","2","","03","","N","","","","","","","","","",""
"2022093658","0555","1","0","0","0","0","0","0","0","0","7","0","25","67","9","2022","4","39.978706","-75.09767","0555","6","0","1","0","0","0","0","0","0","","0","0","0","","","2","","11","","39 58:43.342","","0","75 05:51.613","4","0","0","0","67301","0","0","0","N","0","0","0","2","67301","2","","4.0","","1","N","N","N","0","","0","0","0","","0","","","2","2","1","0","0","0","0","2","0","1","","03","N","Y","1","1","N","N","N","Y","N","N","N","N"
"2022112260","2004","0","0","0","0","0","0","0","0","0","8","0","","67","11","2022","6","39.991519","-75.226575","2004","6","0","0","0","0","0","1","0","0","","0","0","0","","","1","","1","","39 59:29.470","","0","75 13:35.669","3","0","0","0","67301","1","0","0","N","1","0","0","2","67301","0","","1.0","","8","N","N","N","0","","1","0","1","","2","","","2","1","0","0","0","0","0","2","0","1","","04","","N","","","","","","","","","",""
"2022119572","0916","1","0","0","0","0","0","0","0","0","7","0","","67","12","2022","5","40.069211","-75.237733","0912","6","0","0","0","0","0","1","0","0","","0","0","0","","","0","N","0","","40 04:09.160","5","0","75 14:15.840","9","0","0","0","67301","0","0","0","N","0","0","0","1","67301","0","","2.0","951.0","2","N","N","N","0","","0","0","0","","0","Y","","1","0","0","0","0","0","1","2","0","1","","06","","N","","","","","","","","","",""
"2022118461","2033","3","0","0","0","0","0","0","0","0","1","0","","67","10","2022","7","40.026198","-75.026899","2025","6","0","0","0","0","0","0","0","0","","0","0","0","","","1","N","0","","40 01:34.312","","0","75 01:36.835","3","0","0","0","67301","0","0","0","N","0","0","0","5","68K01","0","","1.0","","1","N","N","N","0","","1","0","0","","0","","","3","1","0","0","0","0","0","2","0","3","","03","","N","","","","","","","","","",""
"2022087937","1610","1","0","0","0","0","0","0","0","0","8","0","","67","9","2022","6","40.056888","-75.188063","1606","6","0","0","0","0","0","0","0","0","","0","0","0","","","1","","1","","40 03:24.795","","0","75 11:17.028","2","0","0","0","67301","1","0","1","N","1","0","1","2","67301","0","","1.0","","1","N","N","N","0","","0","1","0","","2","","","2","1","0","0","0","0","0","2","0","1","","03","","N","","","","","","","","","",""
"2022115617","","1","0","0","0","0","0","0","0","0","4","0","","67","11","2022","1","39.933306","-75.143376","","6","0","0","0","0","0","0","0","0","","0","0","0","","","1","","2","","39 55:59.902","","0","75 08:36.154","8","0","0","0","67301","0","0","0","N","0","0","0","2","00000","0","","1.0","","1","","","N","0","","0","0","0","","2","","","2","1","0","0","0","1","0","2","0","2","","","","N","","","","","","","","","",""
"2022117622","0103","0","0","0","0","0","0","0","0","0","7","0","","67","11","2022","2","39.890886","-75.238453","0049","6","0","0","0","0","0","0","0","0","","0","0","0","","","0","N","0","","39 53:27.191","","0","75 14:18.429","0","0","0","0","67301","0","0","0","N","0","0","0","1","68K01","0","","4.0","","1","N","N","N","0","","0","0","1","","0","","","1","0","0","0","0","0","0","2","0","1","","","","N","","","","","","","","","",""
"2022116753","0947","1","0","0","0","0","0","0","0","0","1","0","","67","10","2022","1","39.970301","-75.192762","0939","6","0","0","0","0","0","0","0","0","","0","0","0","","","0","N","0","","39 58:13.082","4","0","75 11:33.944","0","0","0","0","67301","0","0","0","N","0","0","0","2","68K01","0","","1.0","955.0","9","N","N","N","0","","0","0","1","","0","N","","2","0","0","0","0","0","0","2","0","2","","","","N","","","","","","","","","",""