"CRN","ARRIVAL_TM","AUTOMOBILE_COUNT","BELTED_DEATH_COUNT","BELTED_SUSP_SERIOUS_INJ_COUNT","BICYCLE_COUNT","BICYCLE_DEATH_COUNT","BICYCLE_SUSP_SERIOUS_INJ_COUNT","BUS_COUNT","CHLDPAS_DEATH_COUNT","CHLDPAS_SUSP_SERIOUS_INJ_COUNT","COLLISION_TYPE","COMM_VEH_COUNT","CONS_ZONE_SPD_LIM","COUNTY","CRASH_MONTH","CRASH_YEAR","DAY_OF_WEEK","DEC_LATITUDE","DEC_LONGITUDE","DISPATCH_TM","DISTRICT","DRIVER_COUNT_16YR","DRIVER_COUNT_17YR","DRIVER_COUNT_18YR","DRIVER_COUNT_19YR","DRIVER_COUNT_20YR","DRIVER_COUNT_50_64YR","DRIVER_COUNT_65_74YR","DRIVER_COUNT_75PLUS","EST_HRS_CLOSED","FATAL_COUNT","HEAVY_TRUCK_COUNT","HORSE_BUGGY_COUNT","HOUR_OF_DAY","ILLUMINATION","INJURY_COUNT","INTERSECTION_RELATED","INTERSECT_TYPE","LANE_CLOSED","LATITUDE","LN_CLOSE_DIR","LOCATION_TYPE","LONGITUDE","MAX_SEVERITY_LEVEL","MCYCLE_DEATH_COUNT","MCYCLE_SUSP_SERIOUS_INJ_COUNT","MOTORCYCLE_COUNT","MUNICIPALITY","NONMOTR_COUNT","NONMOTR_DEATH_COUNT","NONMOTR_SUSP_SERIOUS_INJ_COUNT","NTFY_HIWY_MAINT","PED_COUNT","PED_DEATH_COUNT","PED_SUSP_SERIOUS_INJ_COUNT","PERSON_COUNT","POLICE_AGCY","POSSIBLE_INJ_COUNT","RDWY_SURF_TYPE_CD","RELATION_TO_ROAD","ROADWAY_CLEARED","ROAD_CONDITION","SCH_BUS_IND","SCH_ZONE_IND","SECONDARY_CRASH","SMALL_TRUCK_COUNT","SPEC_JURIS_CD","SUSP_MINOR_INJ_COUNT","SUSP_SERIOUS_INJ_COUNT","SUV_COUNT","TCD_FUNC_CD","TCD_TYPE","TFC_DETOUR_IND","TIME_OF_DAY","TOTAL_UNITS","TOT_INJ_COUNT","UNBELTED_OCC_COUNT","UNB_DEATH_COUNT","UNB_SUSP_SERIOUS_INJ_COUNT","UNK_INJ_DEG_COUNT","UNK_INJ_PER_COUNT","URBAN_RURAL","VAN_COUNT","VEHICLE_COUNT","WEATHER1","WEATHER2","WORKERS_PRES","WORK_ZONE_IND","WORK_ZONE_LOC","WORK_ZONE_TYPE","WZ_CLOSE_DETOUR","WZ_FLAGGER","WZ_LAW_OFFCR_IND","WZ_LN_CLOSURE","WZ_MOVING","WZ_OTHER","WZ_SHLDER_MDN","WZ_WORKERS_INJ_KILLED"
"2022119018","1925","1","0","0","0","0","0","0","0","0","4","0","","67","8","2022","4","40.044366","-75.054037","1900","6","0","0","0","0","0","0","0","0","","0","0","0","","","3","","1","","40 02:39.718","4","0","75 03:14.534","3","0","0","0","67301","0","0","0","N","0","0","0","5","67301","0","","1.0","2000.0","1","N","N","N","0","","3","0","1","","2","N","","2","3","1","0","0","0","0","2","0","2","","","","N","","","","","","","","","",""
"2022089314","0025","0","0","0","0","0","0","0","0","0","1","0","","67","9","2022","3","40.051528","-75.148528","0025","6","0","0","0","0","0","1","0","0","","0","0","0","","","4","N","0","","40 03:05.500","","0","75 08:54.700","3","0","0","0","67301","0","0","0","N","0","0","0","4","67301","0","","1.0","","1","N","N","N","0","","4","0","2","","0","","","2","4","0","0","0","0","0","2","0","2","","03","","N","","","","","","","","","",""
"2022095495","0321","2","0","0","0","0","0","0","0","0","4","0","","67","9","2022","7","39.972953","-75.226117","0309","6","0","0","0","0","1","0","0","0","","0","0","0","","","1","","1","","39 58:22.631","","0","75 13:34.022","8","0","0","0","67301","0","0","0","N","0","0","0","3","67301","0","","1.0","","1","N","N","N","0","","0","0","0","","2","","","2","1","0","0","0","1","1","2","0","2","","","","N","","","","","","","","","",""
"2022090807","1652","1","0","0","0","0","0","0","0","0","8","0","","67","10","2022","7","40.04813","-75.158039","1652","6","0","0","0","0","0","0","0","0","","0","0","0","","","1","","3","","40 02:53.268","6","0","75 09:28.940","3","0","0","0","67301","1","0","0","N","1","0","0","2","67301","0","","1.0","1730.0","9","N","N","N","0","","1","0","0","","0","Y","","2","1","0","0","0","0","0","2","0","1","","07","","N","","","","","","","","","",""
"2022117034","1134","1","0","0","0","0","0","0","0","0","1","0","","67","12","2022","6","39.959407","-75.17408","1122","6","0","0","0","0","0","0","0","0","","0","0","0","","","0","N","0","","39 57:33.865","","0","75 10:26.688","0","0","0","0","67301","0","0","0","N","0","0","0","2","68K01","0","","1.0","","1","N","N","N","0","","0","0","0","","0","","","2","0","0","0","0","0","0","2","1","2","","03","","N","","","","","","","","","",""
"2022088194","0557","0","0","0","0","0","0","0","0","0","4","0","","67","9","2022","7","40.040505","-75.059087","0555","6","0","0","0","0","0","2","0","0","","0","0","0","","","3","","1","","40 02:25.817","2","0","75 03:32.713","3","0","0","0","67301","0","0","0","N","0","0","0","6","67301","2","","1.0","706.0","1","N","N","N","0","","1","0","2","","2","N","","2","3","0","0","0","0","0","2","0","2","","","","N","","","","","","","","","",""
"2022106157","0241","2","0","0","0","0","0","0","0","0","5","0","","67","9","2022","5","39.94783","-75.224326","0240","6","0","0","0","0","0","0","0","0","","0","0","0","","","1","N","0","","39 56:52.188","","0","75 13:27.572","4","0","0","0","67301","0","0","0","N","0","0","0","2","67301","1","","6.0","","1","N","N","N","0","","0","0","0","","0","","","2","1","0","0","0","0","1","2","0","2","","03","","N","","","","","","","","","",""
"2022119581","1905","0","0","0","0","0","0","0","0","0","8","0","","67","9","2022","1","40.036378","-75.041521","1854","6","0","0","0","0","0","0","0","0","","0","0","0","","","1","N","0","","40 02:10.959","","0","75 02:29.477","3","0","0","0","67301","1","0","0","N","1","0","0","1","67301","0","","1.0","","9","N","N","N","0","","1","0","1","","0","","","2","1","0","0","0","0","0","2","0","1","","07","","N","","","","","","","","","",""
"2022088272","0033","2","0","0","0","0","0","0","0","0","5","0","","67","9","2022","1","40.034847","-75.131181","0033","6","0","0","0","1","0","0","0","0","","0","0","0","","","1","N","0","","40 02:05.450","","0","75 07:52.250","8","0","0","0","67301","0","0","0","N","0","0","0","3","67301","0","","1.0","","1","N","N","N","0","","0","0","0","","2","","","2","1","3","0","0","1","0","2","0","2","","03","","N","","","","","","","","","",""
"2022117764","2125","1","0","0","0","0","0","0","0","0","8","0","","67","12","2022","7","39.981776","-75.120538","2124","6","0","0","0","0","0","0","0","0","","0","0","0","","","1","","1","","39 58:54.393","","0","75 07:13.936","3","0","0","0","67301","1","0","0","N","1","0","0","2","67301","0","","1.0","","1","N","N","N","0","","1","0","0","","0","","","2","1","1","0","0","0","0","2","0","1","","","","N","","","","","","","","","",""
"2022088883","1730","1","0","0","0","0","0","0","0","0","4","0","","67","9","2022","7","39.971446","-75.159371","1724","6","0","0","0","0","0","0","0","0","","0","0","0","","","0","","1","","39 58:17.205","","0","75 09:33.736","0","0","0","0","67301","0","0","0","N","0","0","0","2","67301","0","","1.0","","1","N","N","N","0","","0","0","1","","2","","","2","0","0","0","0","0","0","2","0","2","","03","","N","","","","","","","","","",""
"2022119268","1737","0","0","0","0","0","0","0","0","0","4","0","","67","12","2022","5","40.119653","-75.008744","1733","6","0","0","0","0","0","1","0","0","","0","0","0","","","1","","2","","40 07:10.752","","0","75 00:31.478","3","0","0","0","67301","0","0","0","N","0","0","0","2","67301","0","","1.0","","9","N","N","Y","0","","1","0","2","","3","","","2","1","0","0","0","0","0","2","0","2","","","","N","","","","","","","","","",""
"2022117762","0038","0","0","0","0","0","0","0","0","0","99","0","","67","12","2022","7","39.996175","-75.141342","0034","6","0","0","0","0","0","0","0","0","","0","0","0","","","0","N","0","","39 59:46.230","","0","75 08:28.830","9","0","0","0","67301","0","0","0","N","0","0","0","1","67301","0","","1.0","","1","N","N","N","0","","0","0","1","","2","","","1","0","0","0","0","0","1","2","0","1","","","","N","","","","","","","","","",""
"2022118703","2352","1","0","0","0","0","0","0","0","0","1","1","","67","12","2022","6","40.0126","-75.059159","2339","6","0","0","0","0","0","2","0","0","","0","1","0","","","1","N","0","","40 00:45.360","2","0","75 03:32.971","8","0","0","0","67301","0","0","0","N","0","0","0","3","68K01","0","","1.0","31.0","1","N","N","N","0","","0","0","0","","0","N","","2","1","0","0","0","1","0","2","0","2","","03","","N","","","","","","","","","",""
"2022089281","1117","2","0","0","0","0","0","0","0","0","4","0","","67","9","2022","2","40.020198","-75.150541","1112","6","0","0","0","0","0","0","1","0","","0","0","0","","","1","","1","","40 01:12.714","","3","75 09:01.947","3","0","0","0","67301","0","0","0","N","0","0","0","2","67301","0","","1.0","","1","N","N","N","0","","1","0","0","","2","","","2","1","2","0","0","0","0","2","0","2","","04","","N","","","","","","","","","",""
"2022089609","1718","0","0","0","0","0","0","0","0","0","0","0","","67","9","2022","4","40.012453","-75.168844","1715","6","0","0","0","0","0","0","0","0","","0","0","0","","","1","N","0","","40 00:44.829","","0","75 10:07.837","2","0","1","1","67301","0","0","0","N","0","0","0","1","67301","0","","4.0","","1","N","N","N","0","","0","1","0","","0","","","1","1","0","0","0","0","0","2","0","1","","03","","N","","","","","","","","","",""
"2022112920","","0","0","0","0","0","0","0","0","0","1","0","","67","11","2022","1","39.921349","-75.192829","","6","0","0","0","0","0","1","0","0","","0","0","0","","","1","N","0","","39 55:16.856","","0","75 11:34.184","8","0","0","0","67301","0","0","0","N","0","0","0","2","00000","0","","1.0","","1","","","N","0","","0","0","2","","0","","","2","1","1","0","0","1","0","2","0","2","","","","N","","","","","","","","","",""
"2022110735","","0","0","0","0","0","0","0","0","0","1","0","","67","11","2022","6","40.055325","-75.07335","","6","0","0","0","0","1","0","0","0","","0","0","0","","","1","","1","","40 03:19.170","","0","75 04:24.060","8","0","0","0","67301","0","0","0","N","0","0","0","2","00000","0","","1.0","","1","","","N","0","","0","0","1","","2","","","2","1","0","0","0","1","0","2","0","2","","","","N","","","","","","","","","",""
"2022117597","1857","2","0","0","0","0","0","0","0","0","5","0","","67","10","2022","5","39.899167","-75.17649","1844","6","0","0","1","0","0","0","0","0","","0","0","0","","","1","N","0","","39 53:57.002","1","0","75 10:35.363","3","0","0","0","67301","0","0","0","N","0","0","0","2","68K01","0","","1.0","2000.0","1","N","N","N","0","","1","0","0","","0","N","","2","1","0","0","0","0","0","2","0","2","","03","","N","","","","","","","","","",""
"2022090474","2230","0","0","0","1","0","1","0","0","0","8","0","","67","9","2022","1","39.953431","-75.163827","2230","6","0","0","0","0","0","0","0","0","","0","0","0","","","1","","3","","39 57:12.352","","0","75 09:49.776","2","0","0","0","67301","1","0","1","N","0","0","0","2","67301","0","","1.0","","1","N","N","N","0","","0","1","1","","2","","","2","1","0","0","0","0","0","2","0","1","","","","N","","","","","","","","","",""
"2022118697","0501","0","0","0","0","0","0","0","0","0","7","0","","67","12","2022","5","40.039306","-75.007357","0442","6","0","0","0","0","0","1","0","0","","0","0","0","","","1","N","0","","40 02:21.503","","0","75 00:26.486","4","0","0","0","67301","0","0","0","N","0","0","0","1","68K01","1","","2.0","","1","N","N","N","0","","0","0","1","","0","","","1","1","0","0","0","0","0","2","0","1","","","","N","","","","","","","","","",""
"2022118974","0343","2","0","0","0","0","0","0","0","0","5","0","","67","12","2022","1","39.997599","-75.196252","0342","6","0","0","0","1","0","0","0","0","","0","0","0","","","1","N","0","","39 59:51.358","6","0","75 11:46.507","3","0","0","0","67301","0","0","0","N","0","0","0","3","68K01","0","","1.0","425.0","1","N","N","N","0","","1","0","0","","0","N","","2","1","0","0","0","0","0","2","0","2","","","","N","","","","","","","","","",""
"2022088868","1736","1","0","0","0","0","0","0","0","0","1","0","","67","9","2022","1","39.967795","-75.131525","1736","6","0","0","0","0","0","1","0","0","","0","0","0","","","1","N","0","","39 58:04.062","2","0","75 07:53.491","4","0","0","0","67301","0","0","0","N","0","0","0","2","68K01","1","","1.0","1750.0","9","N","N","N","0","","0","0","1","","0","Y","","2","1","0","0","0","0","0","2","0","2","","03","","N","","","","","","","","","",""
"2022120700","1517","0","0","0","0","0","0","0","0","0","7","0","","67","11","2022","5","39.960812","-75.140104","1503","6","0","0","0","0","0","0","0","0","","0","0","0","","","0","N","0","","39 57:38.922","","0","75 08:24.374","0","0","0","0","67301","0","0","0","N","0","0","0","1","68K01","0","","2.0","","1","N","N","N","0","","0","0","1","","0","","","1","0","0","0","0","0","0","2","0","1","","03","","N","","","","","","","","","",""
"2022088161","1145","1","0","0","0","0","0","0","0","0","6","0","","67","9","2022","7","39.943822","-75.237857","1145","6","0","0","0","0","0","1","0","0","","0","0","0","","","0","","1","","39 56:37.760","7","0","75 14:16.286","0","0","0","0","67301","0","0","0","N","0","0","0","2","67301","0","","1.0","1210.0","1","N","N","N","0","","0","0","1","","2","Y","","2","0","2","0","0","0","0","2","0","2","","03","","N","","","","","","","","","",""
"2022118594","1130","0","0","0","0","0","0","0","0","0","4","1","","67","12","2022","2","40.054093","-75.049043","1120","6","0","0","0","0","0","1","1","0","","0","1","0","","","2","","1","","40 03:14.734","1","0","75 02:56.553","2","0","0","0","67301","0","0","0","N","0","0","0","3","67301","0","","1.0","1335.0","1","N","N","N","1","","0","2","0","","2","Y","","2","2","0","0","0","0","0","2","0","2","","04","","N","","","","","","","","","",""
"2022088589","1954","3","0","0","0","0","0","0","0","0","5","0","","67","9","2022","1","39.940378","-75.149456","1953","6","0","0","0","0","0","0","0","0","","0","0","0","","","0","N","0","","39 56:25.360","","0","75 08:58.040","0","0","0","0","67301","0","0","0","N","0","0","0","1","67301","0","","6.0","","9","N","N","N","0","","0","0","0","","0","","","3","0","1","0","0","0","0","2","0","3","","07","","N","","","","","","","","","",""
"2022112909","","1","0","0","0","0","0","0","0","0","1","0","","67","11","2022","1","40.131656","-75.0122","","6","0","0","0","0","0","0","0","0","","0","0","0","","","1","","1","","40 07:53.962","","0","75 00:43.919","8","0","0","0","67301","0","0","0","N","0","0","0","2","00000","0","","1.0","","1","","","N","1","","0","0","0","","2","","","2","1","0","0","0","1","0","2","0","2","","","","N","","","","","","","","","",""
"2022104958","1046","1","0","0","0","0","0","0","0","0","7","0","","67","11","2022","1","40.025692","-75.073739","1034","6","0","0","0","0","0","1","0","0","","0","0","0","","","0","N","0","","40 01:32.490","","0","75 04:25.460","0","0","0","0","67301","0","0","0","N","0","0","0","1","67301","0","","4.0","","1","N","N","N","0","","0","0","0","","2","","","1","0","1","0","0","0","0","2","0","1","","04","","N","","","","","","","","","",""
"2022117875","1654","1","0","0","0","0","0","0","0","0","1","0","","67","12","2022","2","39.916036","-75.147765","1654","6","0","0","0","0","1","0","0","0","","0","0","0","","","0","N","0","","39 54:57.729","","0","75 08:51.953","0","0","0","0","67301","0","0","0","N","0","0","0","2","68K01","0","","3.0","","1","N","N","N","1","","0","0","0","","0","","","2","0","0","0","0","0","0","2","0","2","","","","N","","","","","","","","","",""
"2022089315","1632","1","0","0","0","0","0","0","0","0","4","0","","67","9","2022","3","40.042871","-75.143921","1631","6","0","0","0","0","0","0","0","0","","0","0","0","","","1","","1","","40 02:34.337","1","0","75 08:38.117","3","0","0","0","67301","0","0","0","N","0","0","0","2","67301","0","","1.0","1900.0","1","N","N","N","0","","1","0","1","","2","Y","","2","1","0","0","0","0","0","2","0","2","","","","N","","","","","","","","","",""
"2022087870","1045","1","0","0","0","0","0","0","0","0","8","0","","67","9","2022","4","39.918968","-75.167131","1041","6","0","0","0","0","0","0","0","0","","0","0","0","","","1","","5","","39 55:08.284","","0","75 10:01.671","4","0","0","0","67301","1","0","0","N","1","0","0","2","67301","1","","1.0","","1","N","N","N","0","","0","0","0","","2","","","2","1","0","0","0","0","0","2","0","1","","03","","N","","","","","","","","","",""
"2022115559","2021","0","0","0","0","0","0","0","0","0","7","0","","67","10","2022","2","40.030884","-75.021803","2013","6","0","0","0","0","0","0","0","0","","0","0","0","","","0","N","0","","40 01:51.182","2","0","75 01:18.491","0","0","0","0","67301","0","0","0","N","0","0","0","1","68K01","0","","4.0","2050.0","9","N","N","N","0","","0","0","1","","0","N","","1","0","0","0","0","0","0","2","0","1","","","","N","","","","","","","","","",""
"2022115451","0145","1","0","0","0","0","0","0","0","0","4","0","","67","11","2022","6","39.986619","-75.245502","0141","6","0","0","0","0","0","0","0","0","","0","0","0","","","2","","1","","39 59:11.828","","0","75 14:43.808","8","0","0","0","67301","0","0","0","N","0","0","0","2","67301","0","","1.0","","1","N","N","N","0","","0","0","1","","2","","","2","2","0","0","0","2","0","2","0","2","","","","N","","","","","","","","","",""
"2022088731","0919","1","0","0","0","0","0","0","0","0","8","0","","67","9","2022","5","39.964472","-75.220111","0919","6","0","0","0","0","0","1","0","0","","0","0","0","","","1","N","0","","39 57:52.100","","0","75 13:12.400","3","0","0","0","67301","1","0","0","N","1","0","0","2","67301","0","","1.0","","1","N","N","N","0","","1","0","0","","0","","","2","1","0","0","0","0","0","2","0","1","","04","","N","","","","","","","","","",""
"2022085398","1020","0","0","0","0","0","0","0","0","0","8","0","","67","9","2022","6","40.015296","-75.155233","1020","6","0","1","0","0","0","0","0","0","","0","0","0","","","1","","2","","40 00:55.067","","0","75 09:18.839","3","0","0","0","67301","1","0","0","N","1","0","0","2","67301","0","","1.0","","1","N","N","N","0","","1","0","0","","2","","","2","1","0","0","0","0","0","2","1","1","","","","N","","","","","","","","","",""
"2022114500","0818","0","0","0","0","0","0","0","0","0","7","0","","67","12","2022","7","40.031169","-75.021681","0802","6","0","0","0","0","0","0","0","0","","0","0","0","","","0","N","0","","40 01:52.208","","0","75 01:18.052","0","0","0","0","67301","0","0","0","N","0","0","0","1","68K01","0","","2.0","","9","N","N","N","1","","0","0","0","","0","","","1","0","0","0","0","0","0","2","0","1","","07","","N","","","","","","","","","",""
"2022110561","1120","1","0","0","0","0","0","0","0","0","4","0","","67","10","2022","7","39.970505","-75.148148","1115","6","0","0","0","0","0","0","0","0","","0","0","0","","","0","","1","","39 58:13.819","","0","75 08:53.332","0","0","0","0","67301","0","0","0","N","0","0","0","2","67301","0","","1.0","","1","N","N","N","0","","0","0","1","","2","","","2","0","0","0","0","0","0","2","0","2","","03","","N","","","","","","","","","",""
"2022090503","0236","2","0","0","0","0","0","0","0","0","4","0","","67","9","2022","6","39.957931","-75.164145","0236","6","0","0","0","0","0","0","0","0","","0","0","0","","","0","","1","","39 57:28.550","","2","75 09:50.921","0","0","0","0","67301","0","0","0","N","0","0","0","2","67301","0","","1.0","","1","N","N","N","0","","0","0","0","","2","","","2","0","2","0","0","0","0","2","0","2","","03","","N","","","","","","","","","",""
"2022118538","0257","0","0","0","0","0","0","0","0","0","4","0","","67","12","2022","2","40.010322","-75.207049","0256","6","0","0","0","0","0","0","0","0","","0","0","0","","","0","N","0","","40 00:37.160","4","0","75 12:25.376","9","0","0","0","67301","0","0","0","N","0","0","0","2","68K01","0","","1.0","305.0","1","N","N","N","0","","0","0","1","","0","N","","2","0","0","0","0","0","1","2","0","2","","03","","N","","","","","","","","","",""
"2022106153","2303","3","0","0","0","0","0","0","0","0","4","0","","67","9","2022","5","39.953763","-75.236423","2205","6","0","0","0","0","0","0","0","0","","0","0","0","","","2","","1","","39 57:13.546","","0","75 14:11.122","3","0","0","0","67301","0","0","0","N","0","0","0","3","67301","0","","1.0","","1","N","N","N","0","","2","0","0","","3","","","3","2","3","0","0","0","0","2","0","3","","03","","N","","","","","","","","","",""
"2022090307","1716","0","0","0","0","0","0","0","0","0","5","0","","67","9","2022","5","39.997843","-75.110972","1715","6","0","0","0","1","0","0","0","0","","0","0","0","","","1","","5","","39 59:52.234","","1","75 06:39.499","3","0","0","1","67301","0","0","0","N","0","0","0","2","67301","0","","1.0","","1","N","N","N","1","","1","0","0","","2","","","2","1","1","0","0","0","0","2","0","2","","03","","N","","","","","","","","","",""
"2022109325","0754","1","0","0","0","0","0","0","0","0","7","0","","67","11","2022","4","39.890453","-75.239557","0748","6","0","0","0","0","0","0","0","0","","0","0","0","","","0","N","0","","39 53:25.632","","0","75 14:22.404","0","0","0","0","67301","0","0","0","N","0","0","0","3","68K01","0","","2.0","","1","N","N","N","1","","0","0","1","","0","","","3","0","0","0","0","0","0","2","0","3","","03","","N","","","","","","","","","",""
"2022117081","1325","0","0","0","0","0","0","1","0","0","1","1","","67","12","2022","6","40.010727","-75.151343","1315","6","0","0","0","0","0","0","0","0","","0","0","0","","","2","","1","","40 00:38.617","","0","75 09:04.835","8","0","0","0","67301","0","0","0","N","0","0","0","4","67508","0","","1.0","","1","N","N","Y","0","","0","0","0","","2","","","2","2","1","0","0","2","0","2","1","2","","03","","N","","","","","","","","","",""
"2022088958","0835","1","0","0","0","0","0","0","0","0","1","0","","67","9","2022","2","40.055964","-75.050172","0832","6","0","0","0","0","0","0","0","0","","0","0","0","","","0","N","0","","40 03:21.470","","0","75 03:00.620","9","0","0","0","67301","0","0","0","N","0","0","0","1","67301","0","","6.0","","1","N","N","N","0","","0","0","0","","0","","","2","0","0","0","0","0","1","2","0","2","","03","","N","","","","","","","","","",""
"2022087666","0401","1","0","0","0","0","0","0","0","0","1","0","","67","9","2022","6","39.908722","-75.150139","0400","6","0","0","0","0","0","0","1","0","","0","0","0","","","1","N","0","","39 54:31.400","3","3","75 09:00.500","3","0","0","0","67301","0","0","0","N","0","0","0","2","67501","0","","1.0","427.0","1","N","N","N","0","","1","0","0","","0","N","","2","1","0","0","0","0","0","2","1","2","","","","N","","","","","","","","","",""
"2022116025","2057","1","0","0","0","0","0","0","0","0","5","0","","67","11","2022","7","40.023304","-75.035054","2055","6","0","0","0","0","0","0","0","0","","0","0","0","","","1","N","0","","40 01:23.896","","0","75 02:06.194","4","0","0","0","67301","0","0","0","N","0","0","0","7","68K01","1","","1.0","","1","N","N","N","0","","0","0","0","","0","","","2","1","0","0","0","0","0","2","1","2","","03","","N","","","","","","","","","",""
"2022110076","0100","2","0","0","0","0","0","0","0","0","4","0","","67","11","2022","1","40.059517","-75.1499","0059","6","0","0","0","0","0","1","0","0","","0","0","0","","","0","N","0","","40 03:34.260","","0","75 08:59.640","0","0","0","0","67301","0","0","0","N","0","0","0","1","67301","0","","2.0","","1","N","N","N","0","","0","0","1","","0","","","3","0","1","0","0","0","0","2","0","3","","","","N","","","","","","","","","",""
"2022093812","1202","0","0","0","0","0","0","0","0","0","8","1","","67","9","2022","3","39.970146","-75.237445","1202","6","0","0","0","0","0","0","0","0","","0","1","0","","","1","","1","","39 58:12.525","","0","75 14:14.801","3","0","0","0","67301","1","0","0","N","1","0","0","2","67301","0","","1.0","","1","N","N","N","0","","1","0","0","","2","","","2","1","0","0","0","0","1","2","0","1","","","","N","","","","","","","","","",""
"2022086890","0102","1","0","0","0","0","0","0","0","0","4","0","","67","9","2022","4","40.050304","-75.173607","0055","6","0","0","0","0","0","1","0","0","","0","0","0","","","0","N","0","","40 03:01.094","","0","75 10:24.985","0","0","0","0","67301","0","0","0","N","0","0","0","1","67301","0","","5.0","","1","N","N","N","0","","0","0","2","","0","","","3","0","0","0","0","0","0","2","0","3","","03","","N","","","","","","","","","",""
"2022088542","1009","0","0","0","0","0","0","0","0","0","1","0","35","67","9","2022","5","39.953103","-75.136406","1007","6","0","0","0","0","0","0","0","0","","0","0","0","","","0","N","0","","39 57:11.170","4","3","75 08:11.061","0","0","0","0","67301","0","0","0","N","0","0","0","5","67501","0","","1.0","1104.0","1","N","N","N","0","","0","0","2","","0","Y","","2","0","0","0","0","0","0","2","0","2","","04","Y","Y","4","1","","","N","Y","Y","","","N"
"2022094160","0646","0","0","0","0","0","0","0","0","0","1","0","","67","9","2022","4","39.986811","-75.135742","0640","6","0","0","0","0","0","0","0","0","","0","0","0","","","0","N","0","","39 59:12.520","","0","75 08:08.670","9","0","0","0","67301","0","0","0","N","0","0","0","1","67301","0","","6.0","","1","N","N","N","1","","0","0","1","","0","","","2","0","0","0","0","0","1","2","0","2","","03","","N","","","","","","","","","",""
"2022096699","","1","0","0","0","0","0","0","0","0","1","0","","67","10","2022","3","39.895373","-75.216842","","6","0","0","0","0","0","0","0","0","","0","0","0","","","1","N","0","","39 53:43.342","","3","75 13:00.632","8","0","0","0","67301","0","0","0","N","0","0","0","2","00000","0","","1.0","","1","","","N","0","","0","0","1","","0","","","2","1","1","0","0","1","0","2","0","2","","","","N","","","","","","","","","",""
"2022116342","1940","1","0","0","0","0","0","0","0","0","8","0","","67","12","2022","4","39.934269","-75.150819","1937","6","0","0","0","0","0","1","0","0","","0","0","0","","","1","","2","","39 56:03.368","","0","75 09:02.948","8","0","0","0","67301","1","0","0","N","1","0","0","2","67301","0","","1.0","","9","N","N","N","0","","0","0","0","","2","","","2","1","0","0","0","1","0","2","0","1","","","","N","","","","","","","","","",""
"2022116785","1711","1","0","0","0","0","0","0","0","0","7","0","","67","12","2022","6","40.010341","-75.207085","1707","6","0","0","0","0","0","0","0","0","","0","0","0","","","0","","6","","40 00:37.227","3","2","75 12:25.505","0","0","0","0","67301","0","0","0","N","0","0","0","3","68K01","0","","2.0","1714.0","1","N","N","N","1","","0","0","0","","0","N","","2","0","0","0","0","0","0","2","0","2","","","","N","","","","","","","","","",""
"2022096703","","1","0","0","0","0","0","0","0","0","5","0","","67","9","2022","6","39.902663","-75.174055","","6","0","0","0","0","0","0","0","0","","0","0","0","","","0","N","0","","39 54:09.585","","0","75 10:26.599","0","0","0","0","67301","0","0","0","N","0","0","0","2","00000","0","","1.0","","1","","","N","0","","0","0","0","","0","","","2","0","0","0","0","0","0","2","0","2","","","","N","","","","","","","","","",""
"2022119012","0909","2","0","0","0","0","0","0","0","0","2","0","","67","12","2022","4","40.114146","-74.987744","0909","6","0","0","0","0","0","0","0","0","","0","0","0","","","1","","5","","40 06:50.926","","0","74 59:15.880","4","0","0","0","67301","0","0","0","N","0","0","0","2","67301","1","","1.0","","1","N","N","N","0","","0","0","0","","2","","","2","1","0","0","0","0","0","2","0","2","","","","N","","","","","","","","","",""
"2022088008","1537","1","0","0","0","0","0","0","0","0","7","0","","67","9","2022","4","39.933401","-75.199987","1522","6","0","0","0","0","0","0","0","0","","0","0","0","","","1","N","0","","39 56:00.244","4","0","75 11:59.954","3","0","0","0","67301","0","0","0","N","0","0","0","5","68K01","0","","4.0","1655.0","1","N","N","N","0","","1","0","1","","0","N","","2","1","4","0","0","0","0","2","0","2","","","","N","","","","","","","","","",""
"2022115120","0020","1","0","0","0","0","0","0","0","0","1","0","","67","12","2022","7","40.019384","-75.14562","0008","6","0","0","0","0","0","0","0","0","","0","0","0","","","0","N","0","","40 01:09.782","2","0","75 08:44.231","0","0","0","0","67301","0","0","0","N","0","0","0","2","67301","0","","2.0","100.0","1","N","N","N","0","","0","0","1","","0","U","","2","0","0","0","0","0","0","2","0","2","","03","","N","","","","","","","","","",""
"2022090277","2016","1","0","0","0","0","0","0","0","0","4","0","","67","9","2022","6","40.008246","-75.094829","2009","6","0","0","0","0","0","0","0","0","","0","0","0","","","1","","3","","40 00:29.685","7","0","75 05:41.384","8","0","0","1","67301","0","0","0","N","0","0","0","2","67301","0","","1.0","2140.0","1","N","N","N","0","","0","0","0","","0","Y","","2","1","0","0","0","1","1","2","0","2","","03","","N","","","","","","","","","",""
"2022115932","1300","0","0","0","0","0","0","0","0","0","4","1","","67","12","2022","3","39.955608","-75.189481","1244","6","0","0","0","0","0","0","0","0","","0","1","0","","","1","","1","","39 57:20.190","","0","75 11:22.130","3","0","0","0","67301","0","0","0","N","0","0","0","2","67301","0","","1.0","","99","N","N","N","0","","1","0","1","","2","","","2","1","1","0","0","0","0","2","0","2","","07","","N","","","","","","","","","",""