"CRN","ARRIVAL_TM","AUTOMOBILE_COUNT","BELTED_DEATH_COUNT","BELTED_SUSP_SERIOUS_INJ_COUNT","BICYCLE_COUNT","BICYCLE_DEATH_COUNT","BICYCLE_SUSP_SERIOUS_INJ_COUNT","BUS_COUNT","CHLDPAS_DEATH_COUNT","CHLDPAS_SUSP_SERIOUS_INJ_COUNT","COLLISION_TYPE","COMM_VEH_COUNT","CONS_ZONE_SPD_LIM","COUNTY","CRASH_MONTH","CRASH_YEAR","DAY_OF_WEEK","DEC_LATITUDE","DEC_LONGITUDE","DISPATCH_TM","DISTRICT","DRIVER_COUNT_16YR","DRIVER_COUNT_17YR","DRIVER_COUNT_18YR","DRIVER_COUNT_19YR","DRIVER_COUNT_20YR","DRIVER_COUNT_50_64YR","DRIVER_COUNT_65_74YR","DRIVER_COUNT_75PLUS","EST_HRS_CLOSED","FATAL_COUNT","HEAVY_TRUCK_COUNT","HORSE_BUGGY_COUNT","HOUR_OF_DAY","ILLUMINATION","INJURY_COUNT","INTERSECTION_RELATED","INTERSECT_TYPE","LANE_CLOSED","LATITUDE","LN_CLOSE_DIR","LOCATION_TYPE","LONGITUDE","MAX_SEVERITY_LEVEL","MCYCLE_DEATH_COUNT","MCYCLE_SUSP_SERIOUS_INJ_COUNT","MOTORCYCLE_COUNT","MUNICIPALITY","NONMOTR_COUNT","NONMOTR_DEATH_COUNT","NONMOTR_SUSP_SERIOUS_INJ_COUNT","NTFY_HIWY_MAINT","PED_COUNT","PED_DEATH_COUNT","PED_SUSP_SERIOUS_INJ_COUNT","PERSON_COUNT","POLICE_AGCY","POSSIBLE_INJ_COUNT","RDWY_SURF_TYPE_CD","RELATION_TO_ROAD","ROADWAY_CLEARED","ROAD_CONDITION","SCH_BUS_IND","SCH_ZONE_IND","SECONDARY_CRASH","SMALL_TRUCK_COUNT","SPEC_JURIS_CD","SUSP_MINOR_INJ_COUNT","SUSP_SERIOUS_INJ_COUNT","SUV_COUNT","TCD_FUNC_CD","TCD_TYPE","TFC_DETOUR_IND","TIME_OF_DAY","TOTAL_UNITS","TOT_INJ_COUNT","UNBELTED_OCC_COUNT","UNB_DEATH_COUNT","UNB_SUSP_SERIOUS_INJ_COUNT","UNK_INJ_DEG_COUNT","UNK_INJ_PER_COUNT","URBAN_RURAL","VAN_COUNT","VEHICLE_COUNT","WEATHER1","WEATHER2","WORKERS_PRES","WORK_ZONE_IND","WORK_ZONE_LOC","WORK_ZONE_TYPE","WZ_CLOSE_DETOUR","WZ_FLAGGER","WZ_LAW_OFFCR_IND","WZ_LN_CLOSURE","WZ_MOVING","WZ_OTHER","WZ_SHLDER_MDN","WZ_WORKERS_INJ_KILLED"
"2022090312","1341","1","0","0","0","0","0","0","0","0","4","0","","67","9","2022","2","39.958529","-75.247674","1341","6","0","0","0","0","0","0","0","0","","0","0","0","","","2","","2","","39 57:30.706","","0","75 14:51.628","3","0","0","0","67301","0","0","0","N","0","0","0","2","67301","0","","1.0","","1","N","N","N","0","","2","0","1","","3","","","2","2","0","0","0","0","0","2","0","2","","03","","N","","","","","","","","","",""
"2022118492","2303","1","0","0","0","0","0","0","0","0","5","0","","67","11","2022","2","39.933764","-75.199956","2254","6","0","0","0","0","0","0","0","0","","0","0","0","","","2","N","0","","39 56:01.551","4","0","75 11:59.842","3","0","0","0","67301","0","0","0","N","0","0","0","3","68K01","0","","1.0","2330.0","1","N","N","N","0","","1","0","0","","0","N","","2","2","2","0","0","1","1","2","0","2","","","","N","","","","","","","","","",""
"2022119146","0715","0","0","0","0","0","0","0","0","0","0","1","","67","11","2022","4","40.011981","-75.060281","0659","6","0","0","0","0","0","0","0","0","","0","1","0","","","0","N","0","","40 00:43.130","2","3","75 03:37.010","0","0","0","0","67301","0","0","0","N","0","0","0","2","68K01","0","","1.0","735.0","1","N","N","N","1","","0","0","0","","0","N","","3","0","0","0","0","0","0","2","0","2","","","","N","","","","","","","","","",""
"2022117759","0818","1","0","0","0","0","0","0","0","0","4","1","","67","12","2022","6","39.995034","-75.227631","0803","6","0","0","0","0","0","0","0","0","","0","1","0","","","1","","1","","39 59:42.122","2","0","75 13:39.471","8","0","0","0","67301","0","0","0","N","0","0","0","2","67301","0","","1.0","1015.0","1","N","N","N","0","","0","0","0","","3","N","","2","1","1","0","0","1","0","2","0","2","","03","","N","","","","","","","","","",""
"2022087674","0153","1","0","0","0","0","0","0","0","0","6","0","","67","9","2022","6","40.029669","-75.131983","0153","6","0","0","0","0","0","0","0","0","","0","0","0","","","0","N","0","","40 01:46.810","5","0","75 07:55.140","9","0","0","0","67301","0","0","0","N","0","0","0","1","67301","0","","6.0","231.0","1","N","N","N","0","","0","0","0","","0","Y","","2","0","0","0","0","0","1","2","1","2","","03","","N","","","","","","","","","",""
"2022084691","0402","1","0","0","0","0","0","0","0","0","7","0","","67","9","2022","5","40.023758","-75.186725","0401","6","0","0","0","0","0","0","0","0","","0","0","0","","","0","N","0","","40 01:25.530","","0","75 11:12.210","0","0","0","0","67301","0","0","0","N","0","0","0","1","67301","0","","4.0","","1","N","N","N","0","","0","0","0","","0","","","1","0","1","0","0","0","0","2","0","1","","03","","N","","","","","","","","","",""
"2022089133","0218","1","0","0","0","0","0","0","0","0","7","0","","67","9","2022","1","39.996492","-75.081096","0217","6","0","0","0","0","0","0","0","0","","0","0","0","","","1","N","0","","39 59:47.371","","0","75 04:51.947","3","0","0","0","67301","0","0","0","N","0","0","0","1","68K01","0","","2.0","","1","N","N","N","0","","1","0","0","","0","","","1","1","0","0","0","0","0","2","0","1","","","","N","","","","","","","","","",""
"2022119020","0040","1","0","0","0","0","0","0","0","0","8","0","","67","12","2022","2","39.974049","-75.204529","0030","6","0","0","0","0","0","0","0","0","","0","0","0","","","1","N","0","","39 58:26.577","","0","75 12:16.303","8","0","0","0","67301","1","0","0","N","1","0","0","2","67301","0","","1.0","","1","N","N","N","0","","0","0","0","","0","","","2","1","1","0","0","1","0","2","0","1","","","","N","","","","","","","","","",""
"2022091619","1745","2","0","0","0","0","0","0","0","0","1","0","","67","9","2022","1","39.95834","-75.166456","1745","6","0","0","0","0","0","1","0","0","","0","0","0","","","0","N","0","","39 57:30.025","","0","75 09:59.241","0","0","0","0","67301","0","0","0","N","0","0","0","3","68K01","0","","1.0","","9","N","N","N","0","","0","0","1","","0","","","3","0","0","0","0","0","0","2","0","3","","","","N","","","","","","","","","",""
"2022115846","0305","1","0","0","0","0","0","0","0","0","1","0","","67","11","2022","1","39.948523","-75.185676","0255","6","0","0","0","0","0","0","0","0","","0","0","0","","","1","N","0","","39 56:54.681","4","0","75 11:08.435","3","0","0","0","67301","0","0","0","N","0","0","0","5","68K01","0","","1.0","330.0","1","N","N","N","0","","1","0","1","","0","N","","2","1","3","0","0","0","0","2","0","2","","","","N","","","","","","","","","",""
"2022118781","0003","0","0","0","0","0","0","1","0","0","4","1","","67","12","2022","2","40.025378","-75.073311","0000","6","0","0","0","0","0","0","0","0","","0","0","0","","","3","","1","","40 01:31.360","","0","75 04:23.920","4","0","0","0","67301","0","0","0","N","0","0","0","5","67508","1","","1.0","","1","N","N","Y","0","","0","0","1","","2","","","2","3","1","0","0","2","0","2","0","2","","03","","N","","","","","","","","","",""
"2022119038","2335","2","0","0","0","0","0","0","0","0","4","0","","67","12","2022","2","40.047714","-75.142856","2335","6","0","0","0","0","0","1","0","0","","0","0","0","","","0","","1","","40 02:51.770","","0","75 08:34.280","0","0","0","0","67301","0","0","0","N","0","0","0","3","67301","0","","1.0","","1","N","N","N","0","","0","0","0","","2","","","2","0","0","0","0","0","0","2","0","2","","","","N","","","","","","","","","",""
"2022114929","2039","2","0","0","0","0","0","0","0","0","1","0","","67","11","2022","3","39.977138","-75.113258","2039","6","0","0","0","0","0","0","1","0","","0","0","0","","","1","N","0","","39 58:37.695","","0","75 06:47.729","8","0","0","0","67301","0","0","0","N","0","0","0","2","68K01","0","","1.0","","1","N","N","N","0","","0","0","0","","0","","","2","1","0","0","0","1","0","2","0","2","","03","","N","","","","","","","","","",""
"2022087656","0125","3","0","0","0","0","0","0","0","0","4","0","","67","9","2022","5","39.98794","-75.132618","0121","6","0","0","0","0","0","1","0","0","","0","0","0","","","0","","1","","39 59:16.583","","0","75 07:57.424","0","0","0","0","67301","0","0","0","N","0","0","0","2","67301","0","","1.0","","1","N","N","N","0","","0","0","1","","3","","","4","0","2","0","0","0","0","2","0","4","","03","","N","","","","","","","","","",""
"2022084548","1723","0","0","0","0","0","0","0","0","0","7","0","","67","9","2022","4","40.01813","-75.09757","1723","6","0","0","0","0","0","1","0","0","","0","0","0","","","1","","12","","40 01:05.269","3","0","75 05:51.253","3","0","0","0","67301","0","0","0","N","0","0","0","2","67301","0","","4.0","1750.0","1","N","N","N","0","","1","0","1","","4","N","","1","1","0","0","0","0","1","2","0","1","","03","","N","","","","","","","","","",""
"2022115931","0700","0","0","0","0","0","0","0","0","0","8","0","","67","12","2022","6","40.045607","-75.053057","0635","6","0","0","0","0","0","1","0","0","","1","0","0","","","0","N","0","","40 02:44.184","1","0","75 03:11.004","1","0","0","0","67301","1","1","0","N","1","1","0","2","67301","0","2","1.0","835.0","1","N","N","N","0","0","0","0","1","","8","Y","","2","0","0","0","0","0","0","2","0","1","","","","N","","","","","","","","","",""
"2022100527","1747","1","0","0","0","0","0","0","0","0","4","0","","67","9","2022","6","40.010726","-75.15081","1722","6","0","0","0","0","0","1","0","0","","0","0","0","","","2","","1","","40 00:38.613","","0","75 09:02.915","4","0","0","0","67301","0","0","0","N","0","0","0","4","67301","2","","1.0","","1","N","N","N","0","","0","0","1","","2","","","2","2","0","0","0","0","0","2","0","2","","03","","N","","","","","","","","","",""
"2022089340","1527","0","0","0","0","0","0","0","0","0","1","0","","67","9","2022","3","40.107786","-74.996433","1512","6","0","0","0","0","0","1","0","0","","0","0","0","","","1","N","0","","40 06:28.031","4","3","74 59:47.159","3","0","0","0","67301","0","0","0","N","0","0","0","3","67301","0","","1.0","100.0","1","N","N","N","1","","1","0","2","","0","Y","","3","1","3","0","0","0","0","2","0","3","","03","","N","","","","","","","","","",""
"2022115628","1020","1","0","0","0","0","0","1","0","0","5","1","","67","11","2022","2","39.980413","-75.157424","1010","6","0","0","0","0","0","2","0","0","","0","0","0","","","4","N","0","","39 58:49.488","","0","75 09:26.727","8","0","0","0","67301","0","0","0","N","0","0","0","7","67508","0","","1.0","","1","N","N","N","0","","0","0","1","","0","","","3","4","2","0","0","4","2","2","0","3","","03","","N","","","","","","","","","",""
"2022115554","0528","2","0","0","0","0","0","0","0","0","1","0","","67","10","2022","1","39.937104","-75.199041","0521","6","0","0","0","0","0","0","0","0","","0","0","0","","","0","N","0","","39 56:13.575","","0","75 11:56.547","0","0","0","0","67301","0","0","0","N","0","0","0","2","68K01","0","","1.0","","1","N","N","N","0","","0","0","0","","0","","","2","0","0","0","0","0","0","2","0","2","","03","","N","","","","","","","","","",""
"2022110559","0830","0","0","0","0","0","0","0","0","0","8","0","","67","10","2022","5","39.969517","-75.144164","0830","6","0","0","0","0","0","0","0","0","","0","0","0","","","1","N","0","","39 58:10.260","","0","75 08:38.990","4","0","0","0","67301","1","0","0","N","1","0","0","1","67301","1","","1.0","","1","N","Y","N","0","","0","0","0","","0","","","2","1","0","0","0","0","0","2","1","1","","","","N","","","","","","","","","",""
"2022088443","0327","4","0","0","0","0","0","0","0","0","5","0","","67","9","2022","7","40.006692","-75.078014","0324","6","0","0","0","0","0","0","0","0","","0","0","0","","","0","N","0","","40 00:24.090","3","0","75 04:40.850","0","0","0","0","67301","0","0","0","N","0","0","0","1","67301","0","","6.0","449.0","1","N","N","N","0","","0","0","1","","0","Y","","5","0","1","0","0","0","0","2","0","5","","03","","N","","","","","","","","","",""
"2022104589","","1","0","0","0","0","0","0","0","0","1","0","","67","10","2022","6","40.001415","-75.194965","","6","0","0","0","0","0","0","0","0","","0","0","0","","","2","N","0","","40 00:05.095","","0","75 11:41.875","8","0","0","0","67301","0","0","0","N","0","0","0","4","00000","0","","1.0","","1","","","N","0","","0","0","0","","0","","","3","2","0","0","0","2","0","2","0","3","","","","N","","","","","","","","","",""
"2022116795","1120","1","0","0","0","0","0","0","0","0","1","1","","67","12","2022","6","39.935128","-75.153865","1108","6","0","0","0","0","0","0","0","0","","0","1","0","","","2","","1","","39 56:06.459","","0","75 09:13.913","8","0","0","0","67301","0","0","0","N","0","0","0","4","67301","0","","1.0","","1","N","N","N","1","","0","0","0","","2","","","3","2","2","0","0","2","0","2","0","3","","03","","N","","","","","","","","","",""
"2022119576","1828","0","0","0","0","0","0","0","0","0","4","0","","67","12","2022","5","39.888656","-75.247108","1819","6","0","0","0","0","0","0","0","0","","0","0","0","","","3","N","0","","39 53:19.162","","0","75 14:49.587","3","0","0","0","67301","0","0","0","N","0","0","0","4","67301","0","","1.0","","8","N","N","N","0","","3","0","1","","0","","","2","3","0","0","0","0","1","2","0","2","","07","","N","","","","","","","","","",""
"2022117058","2050","1","0","0","0","0","0","0","0","0","5","0","","67","12","2022","5","40.021869","-75.126911","2045","6","0","0","0","0","0","0","0","0","","0","0","0","","","0","N","0","","40 01:18.730","","0","75 07:36.880","0","0","0","0","67301","0","0","0","N","0","0","0","0","67301","0","","1.0","","1","N","N","N","0","","0","0","1","","0","","","2","0","0","0","0","0","0","2","0","2","","","","N","","","","","","","","","",""
"2022115579","2336","0","0","0","0","0","0","0","0","0","7","0","","67","11","2022","6","39.952359","-75.140992","2317","6","0","0","0","0","0","0","0","0","","0","0","0","","","1","N","0","","39 57:08.491","1","0","75 08:27.572","4","0","0","0","67301","0","0","0","N","0","0","0","4","68K01","1","","3.0","0.0","1","N","N","N","0","","0","0","1","","0","N","","2","1","0","0","0","0","0","2","0","1","","","","N","","","","","","","","","",""
"2022088192","2350","0","0","0","0","0","0","0","0","0","7","0","","67","9","2022","6","40.034353","-75.074823","2323","6","0","0","0","0","0","0","0","0","","0","0","0","","","1","","5","","40 02:03.672","","0","75 04:29.364","3","0","0","0","67301","0","0","0","N","0","0","0","1","67301","0","","3.0","","1","N","N","N","0","","1","0","1","","1","","","1","1","0","0","0","0","0","2","0","1","","","","N","","","","","","","","","",""
"2022109207","0700","0","0","0","0","0","0","1","0","0","8","1","","67","11","2022","5","40.037892","-75.139494","0625","6","0","0","0","0","0","1","0","0","","0","0","0","","","1","","1","","40 02:16.410","","0","75 08:22.177","8","0","0","0","67301","1","0","0","N","1","0","0","2","67508","0","","1.0","","98","N","N","Y","0","","0","0","0","","2","","","2","1","0","0","0","1","0","2","0","1","","03","","N","","","","","","","","","",""
"2022100802","1510","0","0","0","0","0","0","0","0","0","8","0","","67","9","2022","5","40.021453","-75.120394","1510","6","0","0","0","0","0","1","0","0","","0","0","0","","","1","N","0","","40 01:17.230","","0","75 07:13.420","4","0","0","0","67301","1","0","0","N","1","0","0","2","67301","1","","1.0","","1","N","Y","N","0","","0","0","1","","0","","","2","1","0","0","0","0","0","2","0","1","","03","","N","","","","","","","","","",""
"2022087961","2145","2","0","0","0","0","0","0","0","0","1","0","35","67","9","2022","6","39.9545","-75.14325","2145","6","0","0","0","0","0","1","0","0","","0","0","0","","","0","N","0","","39 57:16.200","4","3","75 08:35.700","9","0","0","0","67301","0","0","0","N","0","0","0","5","67501","0","","1.0","2209.0","1","N","N","N","0","","0","0","2","","0","N","","4","0","0","0","0","0","1","2","0","4","","03","Y","Y","4","1","","","N","Y","","","","N"
"2022110209","1313","0","0","0","0","0","0","0","0","0","1","0","","67","11","2022","6","40.023166","-75.034416","1243","6","0","0","0","0","0","0","1","0","","0","0","0","","","0","N","0","","40 01:23.398","","0","75 02:03.896","0","0","0","0","67301","0","0","0","N","0","0","0","3","68K01","0","","1.0","","1","N","N","N","1","","0","0","1","","0","","","2","0","0","0","0","0","0","2","0","2","","03","","N","","","","","","","","","",""
"2022086458","2219","2","0","0","0","0","0","0","0","0","4","0","","67","9","2022","6","40.020399","-75.12648","2217","6","0","0","0","0","0","0","0","0","","0","0","0","","","1","","2","","40 01:13.436","5","0","75 07:35.327","3","0","0","1","67301","0","0","0","N","0","0","0","3","67301","0","","1.0","2320.0","1","N","N","N","0","","1","0","0","","0","Y","","3","1","0","0","0","0","0","2","0","3","","03","","N","","","","","","","","","",""
"2022089290","0458","1","0","0","0","0","0","0","0","0","4","0","","67","9","2022","3","39.922204","-75.230324","0455","6","0","0","0","0","0","1","0","0","","0","0","0","","","1","","1","","39 55:19.936","7","0","75 13:49.166","8","0","0","0","67301","0","0","0","N","0","0","0","2","67301","0","","1.0","630.0","1","N","N","N","0","","0","0","1","","2","Y","","2","1","0","0","0","1","1","2","0","2","","03","","N","","","","","","","","","",""
"2022117046","1749","1","0","0","1","0","0","0","0","0","8","0","","67","12","2022","6","39.954807","-75.146279","1742","6","0","0","0","0","0","0","0","0","","0","0","0","","","1","","1","","39 57:17.304","","0","75 08:46.603","3","0","0","0","67301","1","0","0","N","0","0","0","2","67301","0","","1.0","","1","N","N","N","0","","1","0","0","","0","","","2","1","1","0","0","0","0","2","0","1","","03","","N","","","","","","","","","",""
"2022116023","0623","2","0","0","0","0","0","0","0","0","5","0","","67","11","2022","7","39.960908","-75.182194","0622","6","0","0","0","0","0","0","0","0","","0","0","0","","","4","N","0","","39 57:39.270","3","0","75 10:55.899","8","0","0","0","67301","0","0","0","N","0","0","0","4","68K01","0","","1.0","720.0","1","N","N","N","0","","0","0","0","","0","N","","2","4","1","0","0","4","0","2","0","2","","","","N","","","","","","","","","",""
"2022086457","2353","2","0","0","0","0","0","0","0","0","4","0","","67","9","2022","5","39.99999","-75.140498","2351","6","0","0","0","0","0","0","0","0","","0","0","0","","","2","","1","","39 59:59.964","","0","75 08:25.794","3","0","0","0","67301","0","0","0","N","0","0","0","3","67301","0","","1.0","","1","N","N","N","0","","1","0","0","","2","","","2","2","0","0","0","1","0","2","0","2","","03","","N","","","","","","","","","",""
"2022114228","0552","1","0","0","0","0","0","0","0","0","7","0","","67","12","2022","7","39.961221","-75.182403","0552","6","0","0","0","0","0","0","0","0","","0","0","0","","","0","","7","","39 57:40.397","","2","75 10:56.651","0","0","0","0","67301","0","0","0","N","0","0","0","1","68K01","0","","2.0","","9","N","N","N","0","","0","0","0","","0","","","1","0","0","0","0","0","0","2","0","1","","","","N","","","","","","","","","",""
"2022089299","1755","1","0","0","0","0","0","0","0","0","5","0","","67","9","2022","4","39.920059","-75.162021","1751","6","0","0","0","0","0","0","0","0","","0","0","0","","","1","","1","","39 55:12.212","","0","75 09:43.275","4","0","0","1","67301","0","0","0","N","0","0","0","3","67301","1","","1.0","","1","N","N","N","0","","0","0","0","","3","","","2","1","0","0","0","0","0","2","0","2","","","","N","","","","","","","","","",""
"2022086686","1215","0","0","0","0","0","0","0","0","0","1","0","","67","9","2022","4","40.0025","-75.145611","1209","6","0","0","0","0","0","0","0","0","","0","0","0","","","1","N","0","","40 00:09.000","","0","75 08:44.200","4","0","0","0","67301","1","0","0","N","1","0","0","2","67301","1","","6.0","","1","N","N","N","1","","0","0","1","","0","","","3","1","0","0","0","0","0","2","0","2","","","","N","","","","","","","","","",""
"2022113187","0010","0","0","0","0","0","0","0","0","0","7","0","","67","9","2022","3","40.018657","-75.147971","0002","6","0","0","0","0","0","0","0","0","","0","0","0","","","1","N","0","","40 01:07.165","","0","75 08:52.696","3","0","0","0","67301","0","0","0","N","0","0","0","1","67301","0","","4.0","","1","N","N","N","0","","1","0","1","","0","","","1","1","1","0","0","0","0","2","0","1","","03","","N","","","","","","","","","",""
"2022116102","0230","1","0","0","0","0","0","0","0","0","4","0","","67","11","2022","4","39.999674","-75.098989","0230","6","0","0","0","0","0","0","0","0","","0","0","0","","","0","","1","","39 59:58.827","","0","75 05:56.359","0","0","0","0","67301","0","0","0","N","0","0","0","2","67301","0","","1.0","","1","N","N","Y","0","","0","0","1","","2","","","2","0","0","0","0","0","0","2","0","2","","03","","N","","","","","","","","","",""
"2022109435","1530","1","0","0","0","0","0","0","0","0","7","0","","67","11","2022","5","39.95904","-75.140625","1530","6","0","0","0","0","0","0","1","0","","0","0","0","","","1","N","0","","39 57:32.543","","0","75 08:26.250","3","0","0","0","67301","0","0","0","N","0","0","0","1","68K01","0","","2.0","","1","N","N","N","0","","1","0","0","","0","","","1","1","1","0","0","0","0","2","0","1","","","","N","","","","","","","","","",""
"2022087390","1031","2","0","0","0","0","0","0","0","0","1","0","","67","9","2022","5","39.9145","-75.188861","9999","6","0","0","0","0","0","0","0","0","","0","0","0","","","0","N","0","","39 54:52.200","4","3","75 11:19.900","0","0","0","0","67301","0","0","0","N","0","0","0","1","67501","0","","2.0","1100.0","9","N","N","N","0","","0","0","0","","0","N","","2","0","0","0","0","0","0","2","0","2","","","","N","","","","","","","","","",""
"2022089887","0043","1","0","0","0","0","0","0","0","0","5","0","","67","9","2022","4","39.988208","-75.153583","0038","6","0","0","0","0","0","0","0","0","","0","0","0","","","0","N","0","","39 59:17.550","","0","75 09:12.900","9","0","0","0","67301","0","0","0","N","0","0","0","1","67301","0","","6.0","","1","N","N","N","1","","0","0","1","","0","","","3","0","0","0","0","0","1","2","0","3","","","","N","","","","","","","","","",""
"2022087871","2107","1","0","0","0","0","0","0","0","0","4","0","","67","9","2022","5","39.924704","-75.152952","2106","6","1","0","0","0","0","0","0","0","","0","0","0","","","0","","1","","39 55:28.934","","0","75 09:10.627","9","0","0","0","67301","0","0","0","N","0","0","0","3","67301","0","","1.0","","99","N","N","N","0","","0","0","1","","3","","","2","0","0","0","0","0","1","2","0","2","","","","N","","","","","","","","","",""
"2022087065","1040","1","0","0","1","0","0","0","0","0","8","0","","67","9","2022","4","39.947779","-75.228086","1037","6","0","0","0","0","0","0","0","0","","0","0","0","","","1","N","0","","39 56:52.003","","0","75 13:41.111","4","0","0","0","67301","1","0","0","N","0","0","0","2","67301","1","","1.0","","1","N","N","N","0","","0","0","0","","0","","","2","1","1","0","0","0","0","2","0","1","","03","","N","","","","","","","","","",""
"2022088729","2337","1","0","0","0","0","0","0","0","0","1","0","","67","9","2022","4","40.00905","-75.067591","2329","6","0","0","0","0","0","0","0","0","","0","0","0","","","0","N","0","","40 00:32.579","1","3","75 04:03.329","0","0","0","0","67301","0","0","0","N","0","0","0","2","68K01","0","","1.0","21.0","1","N","N","N","0","","0","0","1","","0","Y","","2","0","0","0","0","0","0","2","0","2","","03","","N","","","","","","","","","",""
"2022088614","1144","0","0","0","0","0","0","0","0","0","4","0","","67","9","2022","4","39.961564","-75.15176","1142","6","0","0","0","0","1","1","0","0","","0","0","0","","","0","","1","","39 57:41.631","3","0","75 09:06.337","0","0","0","0","67301","0","0","0","N","0","0","0","3","67301","0","","1.0","1150.0","1","N","N","N","0","","0","0","1","","2","N","","2","0","0","0","0","0","0","2","1","2","","03","","N","","","","","","","","","",""
"2022088039","1240","1","0","0","0","0","0","0","0","0","8","0","","67","9","2022","6","40.029053","-75.205815","1231","6","0","0","0","0","0","0","0","0","","0","0","0","","","3","N","0","","40 01:44.590","","0","75 12:20.935","2","0","0","0","67301","2","0","1","N","2","0","1","4","67301","0","","1.0","","1","N","N","Y","0","","2","1","0","","0","","","3","3","0","0","0","0","0","2","0","1","","03","","N","","","","","","","","","",""
"2022085295","1453","1","0","0","0","0","0","0","0","0","8","0","","67","9","2022","5","40.077123","-75.20812","1453","6","0","0","0","0","0","0","1","0","","0","0","0","","","2","","3","","40 04:37.641","2","0","75 12:29.231","8","0","0","0","67301","1","0","0","N","1","0","0","2","67301","0","","4.0","1545.0","1","N","N","N","0","","0","0","0","","2","N","","2","2","0","0","0","2","0","2","0","1","","03","","N","","","","","","","","","",""
"2022114236","1710","1","0","0","0","0","0","0","0","0","8","0","","67","12","2022","6","40.042709","-75.024531","1702","6","0","0","0","0","0","1","0","0","","0","0","0","","","1","N","0","","40 02:33.754","","7","75 01:28.311","3","0","0","0","67301","1","0","0","N","1","0","0","2","67301","0","","1.0","","1","N","N","N","0","","1","0","0","","0","","","2","1","0","0","0","0","0","2","0","1","","03","","N","","","","","","","","","",""
"2022109624","1143","1","0","0","0","0","0","0","0","0","1","1","","67","11","2022","7","40.077278","-75.175645","1142","6","0","0","0","1","0","0","0","0","","0","1","0","","","1","N","0","","40 04:38.202","","0","75 10:32.322","8","0","0","0","67301","0","0","0","N","0","0","0","4","67301","0","","1.0","","1","N","N","N","0","","0","0","0","","0","","","2","1","1","0","0","1","0","2","0","2","","03","","N","","","","","","","","","",""
"2022114332","0035","1","0","0","0","0","0","0","0","0","4","1","","67","12","2022","6","40.053853","-75.086308","0027","6","0","0","0","0","0","1","0","0","","0","0","0","","","0","","1","","40 03:13.871","1","0","75 05:10.708","9","0","0","0","67301","0","0","0","N","0","0","0","3","67301","0","","1.0","136.0","1","N","N","N","1","","0","0","0","","2","N","","2","0","0","0","0","0","2","2","0","2","","03","","N","","","","","","","","","",""
"2022088168","1555","2","0","0","0","0","0","0","0","0","1","0","","67","9","2022","6","40.053904","-75.083095","1550","6","0","0","0","0","0","1","0","0","","0","0","0","","","1","","1","","40 03:14.053","","0","75 04:59.142","4","0","0","0","67301","0","0","0","N","0","0","0","4","67301","1","","1.0","","1","N","N","N","0","","0","0","2","","2","","","4","1","1","0","0","0","1","2","0","4","","03","","N","","","","","","","","","",""
"2022110245","1848","1","0","0","0","0","0","0","0","0","8","0","","67","10","2022","6","39.958522","-75.22555","1833","6","0","0","0","0","0","1","0","0","","0","0","0","","","1","N","0","","39 57:30.680","","0","75 13:31.979","3","0","0","0","67301","1","0","0","N","1","0","0","2","67301","0","","6.0","","1","N","N","N","0","","1","0","0","","0","","","2","1","1","0","0","0","0","2","0","1","","03","","N","","","","","","","","","",""
"2022116617","0043","1","0","0","0","0","0","0","0","0","7","0","","67","11","2022","3","39.982644","-75.207779","0038","6","0","0","0","0","0","0","0","0","","0","0","0","","","1","N","0","","39 58:57.519","4","0","75 12:28.005","8","0","0","0","67301","0","0","0","N","0","0","0","1","68K01","0","","2.0","1300.0","1","N","N","N","0","","0","0","0","","0","N","","1","1","1","0","0","1","0","2","0","1","","","","N","","","","","","","","","",""
"2022116650","1103","2","0","0","0","0","0","0","0","0","2","0","","67","12","2022","5","40.105161","-75.032846","1103","6","0","0","0","0","0","0","0","2","","0","0","0","","","1","","1","","40 06:18.580","","0","75 01:58.246","3","0","0","0","67301","0","0","0","N","0","0","0","2","67301","0","","1.0","","1","N","N","N","0","","1","0","0","","2","","","2","1","0","0","0","0","0","2","0","2","","03","","N","","","","","","","","","",""
"2022087634","1805","0","0","0","0","0","0","0","0","0","4","0","","67","9","2022","5","40.038107","-75.064767","1804","6","0","0","0","0","0","0","0","0","","0","0","0","","","0","","1","","40 02:17.185","","0","75 03:53.161","0","0","0","0","67301","0","0","0","N","0","0","0","2","67301","0","","1.0","","1","N","N","N","0","","0","0","1","","2","","","2","0","0","0","0","0","0","2","1","2","","03","","N","","","","","","","","","",""
"2022087962","0203","1","0","0","0","0","0","0","0","0","2","0","","67","9","2022","4","39.985333","-75.212472","0200","6","0","0","0","0","0","0","0","0","","0","0","0","","","3","N","0","","39 59:07.200","6","0","75 12:44.900","2","0","0","0","67301","0","0","0","N","0","0","0","3","67301","0","","1.0","215.0","1","N","N","N","0","","0","3","1","","0","Y","","2","3","0","0","0","0","0","2","0","2","","03","","N","","","","","","","","","",""
"2022109031","1624","0","0","0","0","0","0","0","0","0","4","0","","67","11","2022","5","40.010074","-75.157612","1619","6","0","0","0","0","0","2","0","0","","0","0","0","","","2","","1","","40 00:36.265","3","0","75 09:27.402","3","0","0","0","67301","0","0","0","N","0","0","0","2","67301","0","","1.0","1715.0","1","N","N","N","1","","1","0","1","","2","Y","","2","2","0","0","0","1","0","2","0","2","","","","N","","","","","","","","","",""