"CRN","ARRIVAL_TM","AUTOMOBILE_COUNT","BELTED_DEATH_COUNT","BELTED_SUSP_SERIOUS_INJ_COUNT","BICYCLE_COUNT","BICYCLE_DEATH_COUNT","BICYCLE_SUSP_SERIOUS_INJ_COUNT","BUS_COUNT","CHLDPAS_DEATH_COUNT","CHLDPAS_SUSP_SERIOUS_INJ_COUNT","COLLISION_TYPE","COMM_VEH_COUNT","CONS_ZONE_SPD_LIM","COUNTY","CRASH_MONTH","CRASH_YEAR","DAY_OF_WEEK","DEC_LATITUDE","DEC_LONGITUDE","DISPATCH_TM","DISTRICT","DRIVER_COUNT_16YR","DRIVER_COUNT_17YR","DRIVER_COUNT_18YR","DRIVER_COUNT_19YR","DRIVER_COUNT_20YR","DRIVER_COUNT_50_64YR","DRIVER_COUNT_65_74YR","DRIVER_COUNT_75PLUS","EST_HRS_CLOSED","FATAL_COUNT","HEAVY_TRUCK_COUNT","HORSE_BUGGY_COUNT","HOUR_OF_DAY","ILLUMINATION","INJURY_COUNT","INTERSECTION_RELATED","INTERSECT_TYPE","LANE_CLOSED","LATITUDE","LN_CLOSE_DIR","LOCATION_TYPE","LONGITUDE","MAX_SEVERITY_LEVEL","MCYCLE_DEATH_COUNT","MCYCLE_SUSP_SERIOUS_INJ_COUNT","MOTORCYCLE_COUNT","MUNICIPALITY","NONMOTR_COUNT","NONMOTR_DEATH_COUNT","NONMOTR_SUSP_SERIOUS_INJ_COUNT","NTFY_HIWY_MAINT","PED_COUNT","PED_DEATH_COUNT","PED_SUSP_SERIOUS_INJ_COUNT","PERSON_COUNT","POLICE_AGCY","POSSIBLE_INJ_COUNT","RDWY_SURF_TYPE_CD","RELATION_TO_ROAD","ROADWAY_CLEARED","ROAD_CONDITION","SCH_BUS_IND","SCH_ZONE_IND","SECONDARY_CRASH","SMALL_TRUCK_COUNT","SPEC_JURIS_CD","SUSP_MINOR_INJ_COUNT","SUSP_SERIOUS_INJ_COUNT","SUV_COUNT","TCD_FUNC_CD","TCD_TYPE","TFC_DETOUR_IND","TIME_OF_DAY","TOTAL_UNITS","TOT_INJ_COUNT","UNBELTED_OCC_COUNT","UNB_DEATH_COUNT","UNB_SUSP_SERIOUS_INJ_COUNT","UNK_INJ_DEG_COUNT","UNK_INJ_PER_COUNT","URBAN_RURAL","VAN_COUNT","VEHICLE_COUNT","WEATHER1","WEATHER2","WORKERS_PRES","WORK_ZONE_IND","WORK_ZONE_LOC","WORK_ZONE_TYPE","WZ_CLOSE_DETOUR","WZ_FLAGGER","WZ_LAW_OFFCR_IND","WZ_LN_CLOSURE","WZ_MOVING","WZ_OTHER","WZ_SHLDER_MDN","WZ_WORKERS_INJ_KILLED"
"2022087321","0555","4","0","0","0","0","0","0","0","0","8","0","","67","9","2022","3","39.882428","-75.2438","0552","6","0","0","1","0","0","0","0","0","","0","0","0","","","0","N","0","","39 52:56.740","","0","75 14:37.680","0","0","0","0","67301","1","0","0","N","1","0","0","5","67301","0","","6.0","","1","N","N","N","0","","0","0","0","","0","","","5","0","0","0","0","0","0","2","0","4","","03","","N","","","","","","","","","",""
"2022104569","","2","0","0","0","0","0","0","0","0","1","0","","67","10","2022","2","39.960173","-75.137197","","6","0","0","0","0","0","1","0","0","","0","0","0","","","1","","2","","39 57:36.624","","0","75 08:13.909","8","0","0","0","67301","0","0","0","N","0","0","0","2","00000","0","","1.0","","1","","","N","0","","0","0","0","","2","","","2","1","0","0","0","1","0","2","0","2","","","","N","","","","","","","","","",""
"2022087374","1010","1","0","0","0","0","0","0","0","0","1","0","","67","9","2022","5","40.04904","-75.174914","1008","6","0","0","0","0","0","0","0","0","","0","0","0","","","1","","1","","40 02:56.544","","0","75 10:29.690","4","0","0","0","67301","0","0","0","N","0","0","0","2","67301","1","","1.0","","1","N","N","N","0","","0","0","1","","2","","","2","1","0","0","0","0","0","2","0","2","","","","N","","","","","","","","","",""
"2022087434","1337","1","0","0","0","0","0","0","0","0","4","0","","67","9","2022","5","40.022303","-75.162025","1337","6","0","0","0","0","0","0","0","0","","0","0","0","","","4","","1","","40 01:20.289","","0","75 09:43.290","4","0","0","0","67301","0","0","0","N","0","0","0","4","67301","4","","1.0","","9","N","N","N","0","","0","0","1","","2","","","2","4","0","0","0","0","0","2","0","2","","04","","N","","","","","","","","","",""
"2022114297","0014","0","0","0","0","0","0","0","0","0","7","0","","67","10","2022","1","40.018974","-75.046013","0008","6","0","0","0","0","0","0","0","0","","0","0","0","","","0","N","0","","40 01:08.307","","0","75 02:45.647","0","0","0","0","67301","0","0","0","N","0","0","0","1","68K01","0","","2.0","","9","N","N","N","0","","0","0","1","","0","","","1","0","0","0","0","0","0","2","0","1","","","","N","","","","","","","","","",""
"2022118715","0323","1","0","0","0","0","0","0","0","0","5","0","","67","12","2022","7","39.997292","-75.082068","0323","6","0","0","0","0","0","0","0","0","","0","0","0","","","2","N","0","","39 59:50.251","2","0","75 04:55.446","8","0","0","0","67301","0","0","0","N","0","0","0","3","68K01","0","","1.0","326.0","1","N","N","N","0","","0","0","0","","0","Y","","2","2","0","0","0","2","1","2","0","2","","","","N","","","","","","","","","",""
"2022114722","1715","0","0","0","0","0","0","1","0","0","8","1","","67","11","2022","4","39.955578","-75.233984","1641","6","0","0","0","0","0","0","0","0","","0","0","0","","","5","","1","","39 57:20.080","","0","75 14:02.342","3","0","0","0","67301","1","0","0","N","1","0","0","6","67508","0","","1.0","","1","N","N","N","0","","5","0","0","","2","","","2","5","0","0","0","0","0","2","0","1","","03","","N","","","","","","","","","",""
"2022114293","0822","0","0","0","1","0","0","0","0","0","8","0","","67","11","2022","2","39.951755","-75.203075","0821","6","0","0","0","0","0","1","0","0","","0","0","0","","","1","","1","","39 57:06.318","2","0","75 12:11.070","3","0","0","0","67301","1","0","0","N","0","0","0","2","67504","0","","1.0","832.0","1","N","N","N","1","","1","0","0","","2","Y","","2","1","0","0","0","0","0","2","0","1","","","","N","","","","","","","","","",""
"2022115377","1627","2","0","0","0","0","0","0","0","0","1","0","","67","11","2022","3","40.025838","-75.028189","1549","6","0","0","0","0","1","0","0","0","","0","0","0","","","1","N","0","","40 01:33.016","","0","75 01:41.479","8","0","0","0","67301","0","0","0","N","0","0","0","4","68K01","0","","1.0","","1","N","N","Y","0","","0","0","0","","0","","","2","1","1","0","0","1","0","2","0","2","","","","N","","","","","","","","","",""
"2022109184","1645","0","0","0","0","0","0","0","0","0","1","0","","67","11","2022","5","39.905279","-75.194743","1643","6","0","0","0","0","0","1","0","0","","0","0","0","","","1","N","0","","39 54:19.003","","3","75 11:41.075","3","0","0","0","67301","0","0","0","N","0","0","0","2","67301","0","","1.0","","1","N","N","N","0","","1","0","2","","0","","","2","1","0","0","0","0","0","2","0","2","","03","","N","","","","","","","","","",""
"2022114927","1237","1","0","0","0","0","0","0","0","0","5","1","","67","11","2022","3","39.971985","-75.122371","1230","6","0","0","0","0","0","0","0","0","","0","1","0","","","1","N","0","","39 58:19.146","","0","75 07:20.534","3","0","0","0","67301","0","0","0","N","0","0","0","2","68K01","0","","1.0","","1","N","N","N","0","","1","0","0","","0","","","2","1","0","0","0","0","0","2","0","2","","03","","N","","","","","","","","","",""
"2022118584","1415","1","0","0","0","0","0","0","0","0","5","1","","67","12","2022","2","40.065817","-75.239831","1406","6","0","0","0","0","0","1","0","0","","0","1","0","","","0","N","0","","40 03:56.940","","0","75 14:23.393","0","0","0","0","67301","0","0","0","N","0","0","0","2","67301","0","","1.0","","1","N","N","N","0","","0","0","0","","0","","","2","0","0","0","0","0","0","2","0","2","","03","","N","","","","","","","","","",""
"2022114760","1400","0","0","0","0","0","0","0","0","0","4","1","","67","12","2022","2","39.960365","-75.189449","0235","6","0","0","0","0","0","0","0","0","","0","1","0","","","0","","1","","39 57:37.313","","0","75 11:22.016","9","0","0","0","67301","0","0","0","N","0","0","0","1","67507","0","","1.0","","1","N","N","N","0","","0","0","1","","2","","","2","0","0","0","0","0","1","2","0","2","","03","","N","","","","","","","","","",""
"2022085365","1720","2","0","0","0","0","0","0","0","0","4","0","","67","9","2022","5","40.056408","-75.014188","1717","6","0","0","0","0","0","0","0","1","","0","0","0","","","2","","2","","40 03:23.068","3","6","75 00:51.078","3","0","0","0","67301","0","0","0","N","0","0","0","2","67301","0","","1.0","1747.0","1","N","N","N","0","","1","0","0","","3","N","","2","2","0","0","0","1","0","2","0","2","","03","","N","","","","","","","","","",""
"2022114687","1620","1","0","0","0","0","0","0","0","0","8","0","","67","11","2022","6","40.003756","-75.169656","1613","6","0","0","0","0","0","0","0","0","","0","0","0","","","1","N","0","","40 00:13.522","","0","75 10:10.762","8","0","0","0","67301","1","0","0","N","1","0","0","1","67301","0","","1.0","","1","N","N","N","0","","0","0","0","","0","","","2","1","0","0","0","1","0","2","0","1","","","","N","","","","","","","","","",""
"2022110918","0156","2","0","0","0","0","0","0","0","0","2","0","","67","11","2022","1","40.043975","-75.053391","0152","6","0","0","0","0","0","0","0","0","","0","0","0","","","0","N","0","","40 02:38.311","","0","75 03:12.207","0","0","0","0","67301","0","0","0","N","0","0","0","3","67301","0","","1.0","","1","N","N","N","0","","0","0","0","","0","","","2","0","0","0","0","0","0","2","0","2","","03","","N","","","","","","","","","",""
"2022115121","0422","0","0","0","0","0","0","0","0","0","7","0","","67","11","2022","2","40.019808","-75.148726","0413","6","0","0","0","0","0","1","0","0","","0","0","0","","","1","N","0","","40 01:11.307","2","0","75 08:55.412","3","0","0","0","67301","0","0","0","N","0","0","0","1","67301","0","","3.0","500.0","1","N","N","N","0","","1","0","1","","0","Y","","1","1","0","0","0","0","0","2","0","1","","03","","N","","","","","","","","","",""
"2022109178","1319","1","0","0","0","0","0","0","0","0","7","0","","67","11","2022","6","40.008148","-75.202934","1314","6","0","0","0","0","0","0","0","0","","0","0","0","","","0","N","0","","40 00:29.332","","0","75 12:10.562","9","0","0","0","67301","0","0","0","N","0","0","0","1","68K01","0","","3.0","","1","N","N","N","0","","0","0","0","","0","","","1","0","0","0","0","0","1","2","0","1","","","","N","","","","","","","","","",""
"2022116350","0452","2","0","0","0","0","0","0","0","0","7","0","","67","12","2022","3","40.031718","-75.053322","0447","6","0","0","0","0","0","0","0","0","","1","0","0","","","1","","5","","40 01:54.185","","0","75 03:11.958","1","0","0","0","67301","0","0","0","N","0","0","0","3","67301","0","2","3.0","","1","N","N","Y","0","0","1","0","0","","2","","","2","1","0","0","0","0","0","2","0","2","","03","","N","","","","","","","","","",""
"2022087216","1601","1","0","0","0","0","0","0","0","0","4","0","","67","9","2022","4","39.975836","-75.158419","1600","6","0","1","0","0","0","0","0","0","","0","0","0","","","1","","1","","39 58:33.009","","0","75 09:30.309","3","0","0","1","67301","0","0","0","N","0","0","0","3","67301","0","","1.0","","1","N","N","N","0","","1","0","0","","2","","","2","1","0","0","0","0","0","2","0","2","","03","","N","","","","","","","","","",""
"2022102221","0940","0","0","0","1","0","0","0","0","0","8","0","","67","10","2022","2","39.935791","-75.156253","0927","6","0","0","0","0","1","0","0","0","","0","0","0","","","1","","1","","39 56:08.847","","0","75 09:22.510","4","0","0","0","67301","1","0","0","N","0","0","0","2","67301","1","","1.0","","1","N","N","N","0","","0","0","1","","2","","","2","1","0","0","0","0","0","2","0","1","","03","","N","","","","","","","","","",""
"2022091848","1211","1","0","0","0","0","0","0","0","0","1","0","","67","10","2022","3","40.074326","-74.984626","1200","6","0","0","0","0","0","0","0","1","","0","0","0","","","1","","2","","40 04:27.573","","0","74 59:04.653","3","0","0","0","67301","0","0","0","N","0","0","0","3","67301","0","","1.0","","9","N","N","N","0","","1","0","0","","3","","","2","1","0","0","0","0","0","2","1","2","","07","","N","","","","","","","","","",""
"2022090814","0318","2","0","0","0","0","0","0","0","0","4","0","","67","9","2022","5","39.921451","-75.176931","0311","6","0","0","0","0","0","0","0","0","","0","0","0","","","1","","1","","39 55:17.223","","0","75 10:36.951","3","0","0","0","67301","0","0","0","N","0","0","0","2","67301","0","","1.0","","1","N","N","N","0","","1","0","0","","2","","","2","1","0","0","0","0","1","2","0","2","","03","","N","","","","","","","","","",""
"2022087629","1651","2","0","0","0","0","0","0","0","0","4","0","","67","9","2022","5","40.03694","-75.145084","1650","6","0","0","0","0","0","0","0","0","","0","0","0","","","0","","2","","40 02:12.984","","0","75 08:42.301","9","0","0","0","67301","0","0","0","N","0","0","0","2","67301","0","","1.0","","1","N","N","N","0","","0","0","0","","2","","","2","0","2","0","0","0","1","2","0","2","","03","","N","","","","","","","","","",""
"2022102785","1550","1","0","0","0","0","0","0","0","0","1","0","","67","9","2022","5","40.007191","-75.199494","1550","6","0","0","0","0","0","0","0","1","","0","0","0","","","0","N","0","","40 00:25.886","4","3","75 11:58.179","0","0","0","0","67301","0","0","0","N","0","0","0","2","68K01","0","","1.0","1555.0","1","N","N","N","0","","0","0","1","","0","N","","2","0","0","0","0","0","0","2","0","2","","03","","N","","","","","","","","","",""
"2022115840","2359","0","0","0","0","0","0","0","0","0","1","1","","67","11","2022","4","39.933843","-75.199949","2353","6","0","0","1","0","0","0","1","0","","0","1","0","","","0","N","0","","39 56:01.835","4","0","75 11:59.818","9","0","0","0","67301","0","0","0","N","0","0","0","3","68K01","0","","1.0","140.0","1","N","N","N","0","","0","0","0","","0","N","","3","0","1","0","0","0","1","2","1","3","","03","","N","","","","","","","","","",""
"2022088235","0335","0","0","0","0","0","0","0","0","0","7","0","","67","9","2022","6","39.898761","-75.169947","0321","6","0","0","0","0","0","0","0","0","","0","0","0","","","3","N","0","","39 53:55.541","1","3","75 10:11.809","3","0","0","0","67301","0","0","0","N","0","0","0","3","68K01","0","","4.0","430.0","1","N","N","N","0","","3","0","2","","0","N","","2","3","0","0","0","0","0","2","0","2","","03","","N","","","","","","","","","",""
"2022091817","0947","1","0","0","0","0","0","0","0","0","8","0","","67","10","2022","3","40.029422","-75.124695","0941","6","0","0","0","0","0","0","0","0","","0","0","0","","","1","","1","","40 01:45.919","","99","75 07:28.902","8","0","0","0","67301","1","0","0","N","1","0","0","2","67301","0","","1.0","","9","N","N","N","0","","0","0","0","","2","","","2","1","0","0","0","1","1","2","0","1","","07","","N","","","","","","","","","",""
"2022116649","1814","1","0","0","0","0","0","0","0","0","8","0","","67","12","2022","1","40.029533","-75.206191","1810","6","0","0","0","0","0","0","0","0","","0","0","0","","","1","N","0","","40 01:46.319","5","0","75 12:22.286","3","0","0","0","67301","1","0","0","N","1","0","0","2","67301","0","","1.0","1832.0","1","N","N","N","0","","1","0","0","","0","Y","","2","1","1","0","0","0","0","2","0","1","","03","","N","","","","","","","","","",""
"2022084692","0705","2","0","0","0","0","0","0","0","0","1","0","","67","9","2022","5","40.012815","-75.183454","0705","6","0","0","0","0","0","1","0","0","","0","0","0","","","1","N","0","","40 00:46.135","1","7","75 11:00.434","8","0","0","0","67301","0","0","0","N","0","0","0","2","67301","0","","1.0","800.0","1","N","N","N","0","","0","0","0","","2","N","","2","1","0","0","0","1","1","2","0","2","","03","","N","","","","","","","","","",""
"2022119860","1135","1","0","0","0","0","0","0","0","0","1","0","","67","11","2022","4","39.965208","-75.185792","1131","6","0","0","0","0","0","0","0","0","","0","0","0","","","3","N","0","","39 57:54.747","","0","75 11:08.852","3","0","0","0","67301","0","0","0","N","0","0","0","4","68K01","0","","1.0","","1","N","N","N","0","","3","0","0","","0","","","2","3","0","0","0","0","0","2","1","2","","03","","N","","","","","","","","","",""
"2022089851","1520","2","0","0","0","0","0","0","0","0","4","0","","67","9","2022","4","39.955409","-75.194316","1510","6","0","0","0","0","0","1","1","0","","0","0","0","","","2","","1","","39 57:19.472","","0","75 11:39.537","3","0","0","0","67301","0","0","0","N","0","0","0","2","67301","0","","1.0","","1","N","N","N","0","","2","0","0","","3","","","2","2","0","0","0","0","0","2","0","2","","03","","N","","","","","","","","","",""
"2022090314","1914","1","0","0","0","0","0","0","0","0","4","0","","67","9","2022","4","39.956234","-75.219604","1909","6","0","0","0","0","0","0","0","0","","0","0","0","","","2","","1","","39 57:22.441","4","0","75 13:10.576","8","0","0","0","67301","0","0","0","Y","0","0","0","3","67301","0","","1.0","2057.0","1","N","N","N","1","","0","0","1","","2","N","","3","2","0","0","0","2","0","2","0","3","","03","","N","","","","","","","","","",""
"2022090817","2102","0","0","0","0","0","0","0","0","0","4","0","","67","10","2022","1","40.022303","-75.162025","2102","6","0","1","0","0","0","0","0","0","","0","0","0","","","1","","1","","40 01:20.289","","0","75 09:43.290","3","0","0","0","67301","0","0","0","N","0","0","0","2","67301","0","","1.0","","9","N","N","N","0","","1","0","2","","2","","","2","1","1","0","0","0","0","2","0","2","","07","","N","","","","","","","","","",""
"2022122226","0140","1","0","0","0","0","0","0","0","0","1","0","","67","12","2022","1","39.97729","-75.245864","0130","6","0","0","0","0","0","0","0","0","","0","0","0","","","1","N","0","","39 58:38.245","","0","75 14:45.112","3","0","0","0","67301","0","0","0","N","0","0","0","3","67301","0","","1.0","","1","N","N","N","0","","1","0","1","","0","","","2","1","3","0","0","0","0","2","0","2","","03","","N","","","","","","","","","",""
"2022115939","0230","1","0","0","0","0","0","0","0","0","8","0","","67","11","2022","4","40.000678","-75.097725","0230","6","0","0","0","0","0","0","0","0","","1","0","0","","","0","","1","","40 00:02.442","","0","75 05:51.811","1","0","0","0","67301","1","1","0","N","1","1","0","2","67301","0","2","1.0","","1","N","N","Y","0","0","0","0","0","","2","","","2","0","0","0","0","0","0","2","0","1","","03","","N","","","","","","","","","",""
"2022089505","1400","2","0","0","0","0","0","0","0","0","1","0","","67","9","2022","5","39.935681","-75.199266","1400","6","0","0","0","0","0","1","0","0","","0","0","0","","","1","","2","","39 56:08.450","","2","75 11:57.357","3","0","0","0","67301","0","0","0","N","0","0","0","3","67301","0","","1.0","","1","N","N","Y","0","","1","0","1","","0","","","3","1","1","0","0","0","0","2","0","3","","03","","N","","","","","","","","","",""
"2022088123","1035","3","0","0","0","0","0","0","0","0","5","0","","67","9","2022","6","39.960361","-75.233028","1035","6","0","1","0","0","0","0","0","0","","0","0","0","","","0","N","0","","39 57:37.300","","7","75 13:58.900","0","0","0","0","67301","0","0","0","N","0","0","0","4","67301","0","","6.0","","1","N","N","Y","1","","0","0","2","","0","","","6","0","1","0","0","0","0","2","0","6","","03","","N","","","","","","","","","",""
"2022124984","1245","0","0","0","0","0","0","0","0","0","1","0","","67","12","2022","3","40.019065","-75.045824","1242","6","0","0","0","0","0","0","0","0","","0","0","0","","","1","N","0","","40 01:08.635","","0","75 02:44.967","8","0","0","0","67301","0","0","0","N","0","0","0","2","68K01","0","","1.0","","1","N","N","N","0","","0","0","2","","0","","","2","1","0","0","0","1","0","2","0","2","","","","N","","","","","","","","","",""
"2022122408","1957","1","0","0","0","0","0","0","0","0","8","0","","67","12","2022","3","39.99779","-75.123804","1951","6","0","0","0","0","0","1","0","0","","0","0","0","","","1","N","0","","39 59:52.045","","0","75 07:25.693","3","0","0","0","67301","1","0","0","N","1","0","0","2","67301","0","","6.0","","1","N","N","N","0","","1","0","0","","0","","","2","1","0","0","0","0","0","2","0","1","","03","","N","","","","","","","","","",""
"2022090973","2130","1","0","0","0","0","0","0","0","0","8","0","","67","10","2022","7","39.937174","-75.161492","2130","6","0","0","0","0","0","0","0","0","","0","0","0","","","1","","1","","39 56:13.826","","0","75 09:41.371","8","0","0","0","67301","1","0","0","N","1","0","0","2","67301","0","","1.0","","9","N","N","N","0","","0","0","0","","2","","","2","1","0","0","0","1","0","2","0","1","","","","N","","","","","","","","","",""
"2022087742","0950","1","0","0","0","0","0","0","0","0","5","1","","67","9","2022","5","40.042884","-75.024048","0931","6","0","0","0","0","0","1","0","1","","0","1","0","","","0","N","0","","40 02:34.382","","0","75 01:26.571","0","0","0","0","67301","0","0","0","N","0","0","0","2","67301","0","","1.0","","1","N","N","N","0","","0","0","0","","0","","","2","0","0","0","0","0","0","2","0","2","","03","","N","","","","","","","","","",""
"2022114516","0145","2","0","0","0","0","0","0","0","0","1","0","","67","12","2022","1","40.089616","-74.974901","0142","6","0","0","0","0","0","0","0","0","","0","0","0","","","1","N","0","","40 05:22.616","","99","74 58:29.644","4","0","0","0","67301","0","0","0","N","0","0","0","2","67301","1","","1.0","","1","N","N","N","0","","0","0","0","","0","","","2","1","0","0","0","0","0","2","0","2","","03","","N","","","","","","","","","",""
"2022091834","1113","1","0","0","0","0","0","0","0","0","4","0","","67","10","2022","3","39.971617","-75.126514","1113","6","0","0","0","0","0","1","0","0","","0","0","0","","","0","N","0","","39 58:17.822","","0","75 07:35.452","0","0","0","0","67301","0","0","0","N","0","0","0","2","67301","0","","1.0","","9","N","N","N","1","","0","0","0","","0","","","2","0","0","0","0","0","0","2","0","2","","","","N","","","","","","","","","",""
"2022119864","1500","1","0","0","0","0","0","0","0","0","4","0","","67","12","2022","7","40.046897","-75.001015","1443","6","0","0","0","1","0","0","0","0","","0","0","0","","","1","N","0","","40 02:48.828","","0","75 00:03.653","3","0","0","0","67301","0","0","0","N","0","0","0","2","68K01","0","","1.0","","9","N","N","N","0","","1","0","1","","0","","","2","1","0","0","0","0","0","2","0","2","","","","N","","","","","","","","","",""
"2022115863","2020","1","0","0","0","0","0","0","0","0","5","1","","67","11","2022","6","39.914845","-75.148056","2018","6","0","0","0","0","0","0","0","0","","0","1","0","","","3","N","0","","39 54:53.441","","0","75 08:53.002","4","0","0","0","67301","0","0","0","N","0","0","0","6","68K01","3","","1.0","","1","N","N","N","0","","0","0","0","","0","","","3","3","0","0","0","0","0","2","1","3","","03","","N","","","","","","","","","",""
"2022120113","1845","0","0","0","0","0","0","0","0","0","8","0","","67","12","2022","2","39.924351","-75.175698","1841","6","0","0","0","0","0","0","0","0","","0","0","0","","","1","N","0","","39 55:27.663","","0","75 10:32.514","3","0","0","0","67301","1","0","0","N","1","0","0","2","67301","0","","1.0","","1","N","N","N","0","","1","0","0","","0","","","2","1","0","0","0","0","1","2","0","1","","03","","N","","","","","","","","","",""
"2022120137","1420","0","0","0","0","0","0","0","0","0","2","0","","67","12","2022","7","39.892183","-75.241653","1415","6","0","0","0","0","0","1","0","0","","0","0","0","","","1","","1","","39 53:31.857","","7","75 14:29.950","8","0","0","0","67301","0","0","0","N","0","0","0","2","67301","0","","1.0","","1","N","N","N","0","","0","0","2","","0","","","2","1","1","0","0","1","0","2","0","2","","03","","N","","","","","","","","","",""
"2022087970","0031","4","0","0","0","0","0","0","0","0","4","0","","67","9","2022","5","39.976176","-75.160962","0030","6","0","0","0","0","0","0","0","0","","0","0","0","","","2","","1","","39 58:34.232","3","0","75 09:39.464","8","0","0","0","67301","0","0","0","N","0","0","0","4","67505","0","","1.0","130.0","1","N","N","N","0","","0","0","0","","3","Y","","4","2","1","0","0","2","0","2","0","4","","03","","N","","","","","","","","","",""
"2022107381","0823","1","0","0","0","0","0","0","0","0","1","0","","67","9","2022","4","40.00119","-75.194684","0823","6","0","0","0","0","0","0","0","0","","0","0","0","","","1","N","0","","40 00:04.285","4","0","75 11:40.862","3","0","0","0","67301","0","0","0","N","0","0","0","3","68K01","0","","1.0","850.0","1","N","N","N","0","","1","0","1","","0","N","","2","1","1","0","0","0","0","2","0","2","","","","N","","","","","","","","","",""
"2022089990","1955","3","0","0","0","0","0","0","0","0","5","0","","67","9","2022","5","39.922089","-75.161797","1949","6","0","0","0","0","0","0","0","0","","0","0","0","","","0","N","0","","39 55:19.520","","0","75 09:42.470","9","0","0","0","67301","0","0","0","N","0","0","0","1","67301","0","","6.0","","1","N","N","N","0","","0","0","3","","0","","","6","0","0","0","0","0","1","2","0","6","","03","","N","","","","","","","","","",""
"2022123002","0307","1","0","0","0","0","0","0","0","0","7","0","","67","11","2022","7","39.956907","-75.154421","0301","6","0","0","0","0","0","0","0","0","","0","0","0","","","0","N","0","","39 57:24.864","","0","75 09:15.917","9","0","0","0","67301","0","0","0","N","0","0","0","1","68K01","0","","4.0","","9","N","N","N","0","","0","0","0","","0","","","1","0","1","0","0","0","1","2","0","1","","","","N","","","","","","","","","",""
"2022122392","1949","1","0","0","0","0","0","0","0","0","2","0","","67","12","2022","3","40.059513","-75.05199","1943","6","0","0","0","0","0","0","0","0","","0","0","0","","","0","","1","","40 03:34.246","1","0","75 03:07.165","0","0","0","0","67301","0","0","0","N","0","0","0","2","67301","0","","1.0","2010.0","1","N","N","N","1","","0","0","0","","2","N","","2","0","0","0","0","0","0","2","0","2","","","","N","","","","","","","","","",""
"2022110085","2345","0","0","0","0","0","0","0","0","0","7","0","","67","9","2022","3","40.006675","-75.151814","2339","6","0","0","0","0","0","0","0","0","","1","0","0","","","0","N","0","","40 00:24.030","","0","75 09:06.532","1","1","0","1","67301","0","0","0","N","0","0","0","1","67301","0","2","4.0","","1","N","N","N","0","0","0","0","0","","0","","","1","0","0","0","0","0","0","2","0","1","","03","","N","","","","","","","","","",""
"2022119575","1424","1","0","0","0","0","0","0","0","0","4","0","","67","12","2022","4","39.925519","-75.241733","1424","6","0","0","0","0","0","0","0","0","","0","0","0","","","0","","1","","39 55:31.869","","0","75 14:30.237","9","0","0","0","67301","0","0","0","N","0","0","0","2","67301","0","","1.0","","98","N","N","N","0","","0","0","0","","3","","","2","0","0","0","0","0","1","2","1","2","","07","","N","","","","","","","","","",""
"2022115123","2025","2","0","0","0","0","0","0","0","0","4","0","","67","7","2022","6","40.020313","-75.162803","2023","6","0","0","0","0","0","1","0","0","","0","0","0","","","1","","2","","40 01:13.127","","0","75 09:46.089","3","0","0","0","67301","0","0","0","N","0","0","0","2","67301","0","","1.0","","1","N","N","N","0","","1","0","0","","0","","","2","1","0","0","0","0","0","2","0","2","","03","","N","","","","","","","","","",""
"2022087348","2150","1","0","0","0","0","0","0","0","0","4","0","","67","9","2022","6","40.048056","-75.069072","2149","6","0","0","0","0","0","0","0","0","","0","0","0","","","1","","1","","40 02:53.003","","0","75 04:08.659","8","0","0","1","67301","0","0","0","N","0","0","0","2","67301","0","","1.0","","1","N","N","N","0","","0","0","0","","2","","","2","1","0","0","0","1","1","2","0","2","","","","N","","","","","","","","","",""
"2022121344","1609","0","0","0","0","0","0","0","0","0","7","1","","67","12","2022","2","39.932231","-75.218908","1536","6","0","0","0","0","0","0","0","0","","0","1","0","","","0","N","0","","39 55:56.030","3","1","75 13:08.070","0","0","0","0","67301","0","0","0","N","0","0","0","2","67301","0","","1.0","1920.0","1","N","N","N","0","","0","0","0","","0","N","","1","0","0","0","0","0","0","2","0","1","","","","N","","","","","","","","","",""
"2022119855","1529","2","0","0","0","0","0","0","0","0","1","0","","67","11","2022","5","39.996344","-75.082523","1510","6","0","0","0","0","0","0","0","0","","0","0","0","","","1","N","0","","39 59:46.837","","0","75 04:57.084","3","0","0","0","67301","0","0","0","N","0","0","0","2","68K01","0","","1.0","","1","N","N","N","0","","1","0","0","","0","","","2","1","0","0","0","0","0","2","0","2","","03","","N","","","","","","","","","",""
"2022123848","1503","1","0","0","0","0","0","0","0","0","5","1","","67","11","2022","3","39.974257","-75.194228","1503","6","0","0","1","0","0","1","0","0","","0","1","0","","","0","N","0","","39 58:27.324","3","0","75 11:39.221","0","0","0","0","67301","0","0","0","N","0","0","0","2","68K01","0","","1.0","1600.0","1","N","N","N","0","","0","0","0","","0","N","","2","0","0","0","0","0","0","2","0","2","","03","","N","","","","","","","","","",""
"2022090616","1420","0","0","0","0","0","0","0","0","0","1","0","","67","9","2022","6","39.891942","-75.241906","1405","6","0","0","0","0","0","1","0","0","","0","0","0","","","1","","2","","39 53:30.990","","0","75 14:30.862","3","0","0","0","67301","0","0","0","N","0","0","0","2","67301","0","","1.0","","1","N","N","N","0","","1","0","2","","2","","","2","1","1","0","0","0","0","2","0","2","","","","N","","","","","","","","","",""