"CRN","ARRIVAL_TM","AUTOMOBILE_COUNT","BELTED_DEATH_COUNT","BELTED_SUSP_SERIOUS_INJ_COUNT","BICYCLE_COUNT","BICYCLE_DEATH_COUNT","BICYCLE_SUSP_SERIOUS_INJ_COUNT","BUS_COUNT","CHLDPAS_DEATH_COUNT","CHLDPAS_SUSP_SERIOUS_INJ_COUNT","COLLISION_TYPE","COMM_VEH_COUNT","CONS_ZONE_SPD_LIM","COUNTY","CRASH_MONTH","CRASH_YEAR","DAY_OF_WEEK","DEC_LATITUDE","DEC_LONGITUDE","DISPATCH_TM","DISTRICT","DRIVER_COUNT_16YR","DRIVER_COUNT_17YR","DRIVER_COUNT_18YR","DRIVER_COUNT_19YR","DRIVER_COUNT_20YR","DRIVER_COUNT_50_64YR","DRIVER_COUNT_65_74YR","DRIVER_COUNT_75PLUS","EST_HRS_CLOSED","FATAL_COUNT","HEAVY_TRUCK_COUNT","HORSE_BUGGY_COUNT","HOUR_OF_DAY","ILLUMINATION","INJURY_COUNT","INTERSECTION_RELATED","INTERSECT_TYPE","LANE_CLOSED","LATITUDE","LN_CLOSE_DIR","LOCATION_TYPE","LONGITUDE","MAX_SEVERITY_LEVEL","MCYCLE_DEATH_COUNT","MCYCLE_SUSP_SERIOUS_INJ_COUNT","MOTORCYCLE_COUNT","MUNICIPALITY","NONMOTR_COUNT","NONMOTR_DEATH_COUNT","NONMOTR_SUSP_SERIOUS_INJ_COUNT","NTFY_HIWY_MAINT","PED_COUNT","PED_DEATH_COUNT","PED_SUSP_SERIOUS_INJ_COUNT","PERSON_COUNT","POLICE_AGCY","POSSIBLE_INJ_COUNT","RDWY_SURF_TYPE_CD","RELATION_TO_ROAD","ROADWAY_CLEARED","ROAD_CONDITION","SCH_BUS_IND","SCH_ZONE_IND","SECONDARY_CRASH","SMALL_TRUCK_COUNT","SPEC_JURIS_CD","SUSP_MINOR_INJ_COUNT","SUSP_SERIOUS_INJ_COUNT","SUV_COUNT","TCD_FUNC_CD","TCD_TYPE","TFC_DETOUR_IND","TIME_OF_DAY","TOTAL_UNITS","TOT_INJ_COUNT","UNBELTED_OCC_COUNT","UNB_DEATH_COUNT","UNB_SUSP_SERIOUS_INJ_COUNT","UNK_INJ_DEG_COUNT","UNK_INJ_PER_COUNT","URBAN_RURAL","VAN_COUNT","VEHICLE_COUNT","WEATHER1","WEATHER2","WORKERS_PRES","WORK_ZONE_IND","WORK_ZONE_LOC","WORK_ZONE_TYPE","WZ_CLOSE_DETOUR","WZ_FLAGGER","WZ_LAW_OFFCR_IND","WZ_LN_CLOSURE","WZ_MOVING","WZ_OTHER","WZ_SHLDER_MDN","WZ_WORKERS_INJ_KILLED"
"2022091012","2052","1","0","0","0","0","0","0","0","0","8","0","","67","10","2022","7","40.114146","-74.987744","2047","6","0","0","0","0","0","0","0","0","","0","0","0","","","1","","1","","40 06:50.926","","0","74 59:15.880","3","0","0","0","67301","1","0","0","N","1","0","0","2","67301","0","","1.0","","9","N","N","N","0","","1","0","0","","2","","","2","1","0","0","0","0","0","2","0","1","","","","N","","","","","","","","","",""
"2022090683","1610","0","0","0","0","0","0","0","0","0","5","0","","67","10","2022","1","40.021578","-75.079739","1607","6","0","0","0","0","0","0","0","0","","0","0","0","","","0","N","0","","40 01:17.680","4","0","75 04:47.060","0","0","0","0","67301","0","0","0","N","0","0","0","1","67301","0","","6.0","1732.0","9","N","N","N","0","","0","0","2","","0","Y","","2","0","1","0","0","0","0","2","0","2","","","","N","","","","","","","","","",""
"2022109113","1232","0","0","0","0","0","0","0","0","0","5","2","","67","11","2022","2","39.95525","-75.147944","1115","6","0","0","0","0","0","0","0","0","","0","2","0","","","0","N","0","","39 57:18.900","3","2","75 08:52.600","0","0","0","0","67301","0","0","0","N","0","0","0","2","67501","0","","1.0","1630.0","1","N","N","N","0","","0","0","0","","8","Y","","2","0","0","0","0","0","0","2","0","2","","","","N","","","","","","","","","",""
"2022114079","1020","0","0","0","0","0","0","0","0","0","8","0","","67","12","2022","6","40.055282","-75.192943","1004","6","0","0","0","0","0","0","0","0","","0","0","0","","","1","","1","","40 03:19.015","","0","75 11:34.594","3","0","0","0","67301","1","0","0","N","1","0","0","1","67301","0","","1.0","","1","N","N","N","0","","1","0","1","","2","","","2","1","0","0","0","0","0","2","0","1","","","","N","","","","","","","","","",""
"2022109461","1034","1","0","0","0","0","0","0","0","0","8","0","","67","11","2022","6","40.038972","-75.150018","1031","6","0","0","0","0","0","0","1","0","","0","0","0","","","1","","1","","40 02:20.298","","0","75 09:00.066","3","0","0","0","67301","1","0","0","N","1","0","0","2","67301","0","","1.0","","1","N","Y","N","0","","1","0","0","","2","","","2","1","0","0","0","0","0","2","0","1","","","","N","","","","","","","","","",""
"2022090383","1620","0","0","0","0","0","0","0","0","0","7","0","","67","9","2022","6","39.987947","-75.216303","1608","6","0","0","0","0","0","0","0","0","","0","0","0","","","1","N","0","","39 59:16.609","","0","75 12:58.692","3","0","0","0","67301","0","0","0","N","0","0","0","1","67301","0","","4.0","","1","N","N","N","0","","1","0","1","","0","","","1","1","1","0","0","0","0","2","0","1","","03","","N","","","","","","","","","",""
"2022088562","1311","0","0","0","0","0","0","0","0","0","8","0","","67","9","2022","6","39.951701","-75.236857","1309","6","0","0","0","0","0","0","1","0","","0","0","0","","","1","","1","","39 57:06.123","","0","75 14:12.685","3","0","0","0","67301","1","0","0","N","1","0","0","2","67301","0","","1.0","","1","N","N","N","0","","1","0","1","","1","","","2","1","0","0","0","0","0","2","0","1","","03","","N","","","","","","","","","",""
"2022090167","2223","2","0","0","0","0","0","0","0","0","5","0","","67","9","2022","6","39.98249","-75.156971","2223","6","0","0","0","0","0","0","0","0","","0","0","0","","","0","N","0","","39 58:56.965","","0","75 09:25.097","9","0","0","0","67301","0","0","0","N","0","0","0","3","67505","0","","1.0","","9","N","N","N","0","","0","0","0","","0","","","2","0","0","0","0","0","3","2","0","2","","07","","N","","","","","","","","","",""
"2022085047","0652","1","0","0","0","0","0","0","0","0","4","0","","67","9","2022","6","40.039341","-75.184832","0650","6","0","0","0","0","0","1","0","0","","0","0","0","","","1","","1","","40 02:21.627","","0","75 11:05.396","8","0","0","1","67301","0","0","0","N","0","0","0","2","67301","0","","1.0","","1","N","N","N","0","","0","0","0","","2","","","2","1","0","0","0","1","0","2","0","2","","03","","N","","","","","","","","","",""
"2022114301","2327","2","0","0","0","0","0","0","0","0","5","0","","67","11","2022","6","39.926847","-75.195031","2320","6","0","0","0","0","0","0","0","0","","0","0","0","","","0","N","0","","39 55:36.650","3","0","75 11:42.113","0","0","0","0","67301","0","0","0","N","0","0","0","1","68K01","0","","1.0","1140.0","1","N","N","N","0","","0","0","0","","0","N","","2","0","0","0","0","0","0","2","0","2","","","","N","","","","","","","","","",""
"2022121358","0415","0","0","0","0","0","0","0","0","0","2","0","","67","11","2022","7","39.994631","-75.094531","0415","6","0","0","0","0","0","0","0","0","","1","0","0","","","2","","1","","39 59:40.673","7","0","75 05:40.311","1","0","0","0","67301","1","1","0","N","1","1","0","12","67301","0","2","1.0","359.0","1","N","N","N","1","0","2","0","2","","2","Y","","4","2","0","0","0","0","7","2","0","3","","03","","N","","","","","","","","","",""
"2022092824","2225","2","0","0","0","0","0","0","0","0","4","0","","67","10","2022","4","40.039436","-75.154006","2219","6","0","0","0","0","0","1","0","0","","0","0","0","","","2","N","0","","40 02:21.968","","0","75 09:14.423","8","0","0","0","67301","0","0","0","N","0","0","0","4","67301","0","","1.0","","1","N","N","N","0","","0","0","0","","0","","","2","2","0","0","0","2","0","2","0","2","","03","","N","","","","","","","","","",""
"2022114503","1111","1","0","0","0","0","0","0","0","0","7","0","","67","12","2022","7","40.043838","-75.002914","1105","6","0","0","0","0","0","0","0","0","","0","0","0","","","0","N","0","","40 02:37.816","","0","75 00:10.490","0","0","0","0","67301","0","0","0","N","0","0","0","2","68K01","0","","3.0","","9","N","N","N","0","","0","0","0","","0","","","1","0","0","0","0","0","0","2","0","1","","07","","N","","","","","","","","","",""
"2022091392","1209","1","0","0","0","0","0","0","0","0","4","0","","67","9","2022","4","39.953098","-75.181817","1206","6","0","0","0","0","0","1","0","0","","0","0","0","","","1","","1","","39 57:11.151","3","8","75 10:54.540","8","0","0","0","67301","0","0","0","N","0","0","0","2","67301","0","","1.0","1230.0","1","N","N","N","0","","0","0","1","","2","N","","2","1","0","0","0","1","0","2","0","2","","","","N","","","","","","","","","",""
"2022090561","0959","4","0","0","0","0","0","0","0","0","4","0","","67","10","2022","7","40.025129","-75.082673","0956","6","0","0","0","0","0","1","0","0","","0","0","0","","","3","","1","","40 01:30.464","6","0","75 04:57.622","3","0","0","0","67301","0","0","0","N","0","0","0","5","67301","0","","1.0","1113.0","9","N","N","N","0","","3","0","2","","3","Y","","6","3","0","0","0","0","0","2","0","6","","04","","N","","","","","","","","","",""
"2022118336","","2","0","0","0","0","0","0","0","0","1","0","","67","10","2022","5","39.914008","-75.149937","","6","0","0","0","0","0","1","0","0","","0","0","0","","","1","","1","","39 54:50.430","","0","75 08:59.773","8","0","0","0","67301","0","0","0","N","0","0","0","2","00000","0","","1.0","","1","","","N","0","","0","0","0","","2","","","2","1","1","0","0","1","0","2","0","2","","","","N","","","","","","","","","",""
"2022115122","1450","1","0","0","0","0","0","0","0","0","7","0","","67","12","2022","2","40.023099","-75.136573","1444","6","0","0","0","0","0","0","1","0","","0","0","0","","","1","N","0","","40 01:23.157","2","0","75 08:11.664","3","0","0","0","67301","0","0","0","N","0","0","0","1","67301","0","","3.0","1604.0","1","N","N","N","0","","1","0","0","","0","Y","","1","1","0","0","0","0","0","2","0","1","","03","","N","","","","","","","","","",""
"2022115430","1635","1","0","0","0","0","0","0","0","0","1","0","","67","12","2022","2","39.980093","-75.205006","1610","6","0","0","0","0","0","0","0","0","","0","0","0","","","0","N","0","","39 58:48.335","","0","75 12:18.022","0","0","0","0","67301","0","0","0","N","0","0","0","3","68K01","0","","1.0","","1","N","N","N","0","","0","0","2","","0","","","3","0","0","0","0","0","0","2","0","3","","03","","N","","","","","","","","","",""
"2022114237","1425","0","0","0","0","0","0","0","0","0","99","0","","67","11","2022","7","39.932955","-75.167759","1425","6","0","0","0","0","0","0","0","0","","0","0","0","","","1","","2","","39 55:58.639","","0","75 10:03.934","8","0","0","0","67301","1","0","0","N","1","0","0","2","67301","0","","9.0","","99","N","N","N","0","","0","0","0","","3","","","2","1","0","0","0","1","1","2","0","1","","","","N","","","","","","","","","",""
"2022108075","2032","1","0","0","0","0","0","0","0","0","8","0","","67","9","2022","4","39.995306","-75.104083","2027","6","0","0","0","0","0","0","0","0","","0","0","0","","","1","N","0","","39 59:43.100","","0","75 06:14.700","4","0","0","0","67301","1","0","0","N","1","0","0","2","67301","1","","1.0","","1","N","N","N","0","","0","0","0","","0","","","2","1","1","0","0","0","0","2","0","1","","03","","N","","","","","","","","","",""
"2022115940","1335","2","0","0","0","0","0","0","0","0","6","0","","67","11","2022","4","39.99045","-75.127913","1328","6","0","0","0","0","0","0","0","0","","0","0","0","","","0","N","0","","39 59:25.621","4","7","75 07:40.485","0","0","0","0","67301","0","0","0","N","0","0","0","2","67301","0","","1.0","1355.0","9","N","N","N","0","","0","0","0","","0","Y","","2","0","0","0","0","0","0","2","0","2","","07","","N","","","","","","","","","",""
"2022120503","1640","1","0","0","0","0","0","0","0","0","2","0","","67","12","2022","4","39.991626","-75.109094","1640","6","0","0","0","0","0","0","0","0","","0","0","0","","","0","N","0","","39 59:29.853","","0","75 06:32.737","0","0","0","0","67301","0","0","0","N","0","0","0","1","67301","0","","1.0","","1","N","N","N","0","","0","0","0","","0","","","2","0","1","0","0","0","0","2","0","2","","03","","N","","","","","","","","","",""
"2022090183","0848","1","0","0","0","0","0","0","0","0","8","0","","67","9","2022","4","40.031057","-75.14979","0847","6","0","0","0","0","0","0","0","0","","0","0","0","","","1","","1","","40 01:51.805","","0","75 08:59.244","3","0","0","0","67301","1","0","0","N","1","0","0","2","67301","0","","1.0","","1","N","N","N","0","","1","0","0","","2","","","2","1","0","0","0","0","0","2","0","1","","03","","N","","","","","","","","","",""
"2022120329","1715","0","0","0","0","0","0","0","0","0","8","0","","67","1","2022","7","40.057525","-75.149283","1707","6","0","0","0","0","0","1","0","0","","0","0","0","","","1","","1","","40 03:27.089","","0","75 08:57.418","3","0","0","0","67301","1","0","0","N","1","0","0","2","67301","0","","1.0","","1","N","N","N","0","","1","0","1","","2","","","2","1","0","0","0","0","0","2","0","1","","03","","N","","","","","","","","","",""
"2022123680","0005","1","0","0","0","0","0","0","0","0","5","0","","67","12","2022","7","40.020844","-75.131408","0005","6","0","0","0","0","0","0","0","0","","0","0","0","","","0","N","0","","40 01:15.040","","0","75 07:53.070","0","0","0","0","67301","0","0","0","N","0","0","0","0","67301","0","","1.0","","1","N","N","N","0","","0","0","1","","0","","","2","0","0","0","0","0","0","2","0","2","","","","N","","","","","","","","","",""
"2022121810","1750","1","0","0","0","0","0","0","0","0","2","0","","67","12","2022","3","40.011437","-75.155688","1745","6","0","0","0","0","0","2","0","0","","0","0","0","","","0","","1","","40 00:41.173","","0","75 09:20.476","0","0","0","0","67301","0","0","0","N","0","0","0","4","67301","0","","1.0","","1","N","N","N","0","","0","0","1","","3","","","2","0","0","0","0","0","0","2","0","2","","03","","N","","","","","","","","","",""
"2022118778","2037","1","0","0","0","0","0","1","0","0","1","1","","67","12","2022","1","40.050379","-75.051494","2017","6","0","0","0","1","0","1","0","0","","0","0","0","","","2","","2","","40 03:01.364","2","0","75 03:05.380","4","0","0","0","67301","0","0","0","N","0","0","0","4","67508","2","","1.0","9999.0","1","N","N","N","0","","0","0","1","","2","N","","3","2","0","0","0","0","0","2","0","3","","03","","N","","","","","","","","","",""
"2022122393","1555","1","0","0","0","0","0","0","0","0","99","0","","67","12","2022","4","40.045516","-75.088316","1550","6","0","0","0","0","0","1","0","0","","0","0","0","","","1","","1","","40 02:43.859","","0","75 05:17.937","2","0","0","0","67301","0","0","0","N","0","0","0","2","67301","0","","1.0","","1","N","N","N","0","","0","1","0","","2","","","1","1","0","0","0","0","0","2","0","1","","","","N","","","","","","","","","",""
"2022096759","0825","1","0","0","0","0","0","0","0","0","4","0","","67","9","2022","6","40.011787","-75.109993","0805","6","0","0","0","0","0","1","0","0","","0","0","0","","","1","","1","","40 00:42.433","","0","75 06:35.974","3","0","0","0","67301","0","0","0","N","0","0","0","2","67301","0","","1.0","","1","N","N","N","0","","1","0","0","","3","","","2","1","0","0","0","0","0","2","0","2","","03","","N","","","","","","","","","",""
"2022091011","1601","1","0","0","0","0","0","0","0","0","4","0","","67","10","2022","7","39.960784","-75.14348","1600","6","0","0","0","0","0","0","0","0","","0","0","0","","","4","","1","","39 57:38.821","","0","75 08:36.527","3","0","0","0","67301","0","0","0","N","0","0","0","5","67301","2","","1.0","","99","N","N","N","0","","2","0","1","","2","","","2","4","0","0","0","0","0","2","0","2","","03","","N","","","","","","","","","",""
"2022121357","1430","0","0","0","0","0","0","0","0","0","1","1","","67","12","2022","2","39.994437","-75.158465","1430","6","0","0","0","0","0","1","0","0","","0","1","0","","","1","N","0","","39 59:39.973","","0","75 09:30.474","8","0","0","0","67301","0","0","0","N","0","0","0","2","67301","0","","1.0","","1","N","N","N","0","","0","0","1","","0","","","2","1","0","0","0","1","0","2","0","2","","03","","N","","","","","","","","","",""
"2022121677","1548","0","0","0","0","0","0","0","0","0","1","0","","67","12","2022","2","39.893277","-75.231667","1543","6","0","0","0","0","0","2","0","0","","0","0","0","","","1","","6","","39 53:35.796","","2","75 13:54.001","3","0","0","0","67301","0","0","0","N","0","0","0","2","68K01","0","","1.0","","1","N","N","N","0","","1","0","1","","0","","","2","1","0","0","0","0","0","2","1","2","","","","N","","","","","","","","","",""
"2022121794","0340","1","0","0","0","0","0","0","0","0","4","1","","67","12","2022","4","39.934667","-75.22724","0333","6","0","0","0","0","0","0","0","1","","0","1","0","","","2","","1","","39 56:04.800","","0","75 13:38.065","2","0","0","0","67301","0","0","0","N","0","0","0","2","67301","0","","1.0","","1","N","N","N","0","","1","1","1","","2","","","3","2","0","0","0","0","0","2","0","3","","03","","N","","","","","","","","","",""
"2022089849","1113","2","0","0","0","0","0","0","0","0","4","0","","67","9","2022","5","39.961564","-75.15176","1112","6","0","0","0","0","0","0","0","0","","0","0","0","","","3","","1","","39 57:41.631","","0","75 09:06.337","4","0","0","0","67301","0","0","0","N","0","0","0","4","67301","3","","1.0","","1","N","N","N","0","","0","0","0","","2","","","2","3","1","0","0","0","0","2","0","2","","03","","N","","","","","","","","","",""
"2022119579","1610","0","0","0","1","0","0","0","0","0","8","0","","67","8","2022","1","40.024646","-75.109709","1600","6","0","0","0","0","0","0","0","0","","0","0","0","","","1","","5","","40 01:28.725","","0","75 06:34.951","8","0","0","0","67301","1","0","0","N","0","0","0","2","67301","0","","1.0","","99","N","N","N","0","","0","0","0","","1","","","2","1","0","0","0","1","1","2","0","1","","98","","N","","","","","","","","","",""
"2022090163","2000","1","0","0","0","0","0","0","0","0","1","0","","67","9","2022","5","39.908371","-75.193439","1945","6","0","0","0","0","0","0","0","0","","0","0","0","","","1","N","0","","39 54:30.136","","0","75 11:36.382","3","0","0","0","67301","0","0","0","N","0","0","0","2","67301","0","","1.0","","1","N","N","N","0","","1","0","1","","0","","","2","1","1","0","0","0","0","2","0","2","","03","","N","","","","","","","","","",""
"2022089550","1355","0","0","0","0","0","0","0","0","0","4","0","","67","9","2022","4","40.045545","-75.095155","1350","6","0","0","0","0","0","0","2","0","","0","0","0","","","2","","1","","40 02:43.961","","0","75 05:42.557","3","0","0","0","67301","0","0","0","N","0","0","0","2","67301","0","","1.0","","1","N","N","N","0","","2","0","2","","3","","","2","2","0","0","0","0","0","2","0","2","","03","","N","","","","","","","","","",""
"2022120319","1043","1","0","0","0","0","0","0","0","0","4","0","","67","12","2022","7","39.921875","-75.217375","1041","6","0","0","0","0","0","0","0","0","","0","0","0","","","0","N","0","","39 55:18.750","2","0","75 13:02.550","0","0","0","0","67301","0","0","0","N","0","0","0","3","67301","0","","1.0","1132.0","1","N","N","N","0","","0","0","1","","0","N","","2","0","0","0","0","0","0","2","0","2","","04","","N","","","","","","","","","",""
"2022121803","1331","0","0","0","1","0","0","0","0","0","8","0","","67","7","2022","4","40.003066","-75.164297","1327","6","0","0","0","0","0","1","0","0","","0","0","0","","","1","","1","","40 00:11.036","","0","75 09:51.468","3","0","0","0","67301","1","0","0","N","0","0","0","2","67301","0","","1.0","","1","N","N","N","0","","1","0","1","","2","","","2","1","0","0","0","0","0","2","0","1","","","","N","","","","","","","","","",""
"2022091988","1126","0","0","0","0","0","0","0","0","0","8","0","","67","9","2022","6","39.961328","-75.222589","1118","6","0","0","0","0","0","1","0","0","","0","0","0","","","1","","1","","39 57:40.780","","0","75 13:21.320","2","0","0","0","67301","1","0","1","N","1","0","1","2","67301","0","","1.0","","1","N","N","N","0","","0","1","0","","0","","","2","1","0","0","0","0","0","2","1","1","","03","","N","","","","","","","","","",""
"2022090618","1931","1","0","0","0","0","0","0","0","0","7","0","","67","10","2022","7","40.018458","-75.167843","1927","6","0","0","0","0","0","1","0","0","","0","0","0","","","0","N","0","","40 01:06.449","","0","75 10:04.236","0","0","0","0","67301","0","0","0","N","0","0","0","2","67301","0","","3.0","","9","N","N","N","0","","0","0","1","","0","","","2","0","0","0","0","0","0","2","0","2","","07","","N","","","","","","","","","",""
"2022119853","1104","1","0","0","0","0","0","0","0","0","1","1","","67","10","2022","2","39.967006","-75.133441","1101","6","0","0","0","0","0","0","0","0","","0","1","0","","","0","N","0","","39 58:01.220","1","0","75 08:00.386","0","0","0","0","67301","0","0","0","N","0","0","0","2","68K01","0","","1.0","1110.0","1","N","N","N","0","","0","0","0","","0","N","","2","0","0","0","0","0","0","2","0","2","","","","N","","","","","","","","","",""
"2022124081","0111","1","0","0","0","0","0","0","0","0","1","1","","67","12","2022","7","40.010125","-75.174247","0111","6","0","0","0","0","0","1","0","0","","0","1","0","","","1","N","0","","40 00:36.450","1","0","75 10:27.290","3","0","0","0","67301","0","0","0","N","0","0","0","1","67301","0","","6.0","300.0","1","N","N","N","0","","1","0","0","","0","Y","","2","1","1","0","0","0","0","2","0","2","","03","","N","","","","","","","","","",""
"2022120899","2304","2","0","0","0","0","0","0","0","0","4","0","","67","11","2022","1","39.960283","-75.226853","2304","6","0","0","0","0","0","0","0","0","","0","0","0","","","0","","1","","39 57:37.019","","0","75 13:36.669","9","0","0","0","67301","0","0","0","N","0","0","0","2","67301","0","","1.0","","1","N","N","N","0","","0","0","0","","1","","","2","0","0","0","0","0","1","2","0","2","","03","","N","","","","","","","","","",""
"2022091275","1412","1","0","0","0","0","0","0","0","0","7","0","","67","9","2022","5","39.929866","-75.146149","1412","6","0","0","0","0","0","0","0","0","","0","0","0","","","0","N","0","","39 55:47.516","2","3","75 08:46.138","0","0","0","0","67301","0","0","0","N","0","0","0","1","68K01","0","","3.0","1430.0","1","N","N","N","0","","0","0","0","","0","N","","1","0","0","0","0","0","0","2","0","1","","","","N","","","","","","","","","",""
"2022113600","2021","2","0","0","0","0","0","0","0","0","4","0","","67","10","2022","7","40.0265","-75.108001","2021","6","0","0","0","0","0","1","0","0","","0","0","0","","","0","","1","","40 01:35.401","","0","75 06:28.805","9","0","0","0","67301","0","0","0","N","0","0","0","4","67301","0","","1.0","","9","N","N","N","0","","0","0","1","","3","","","3","0","1","0","0","0","3","2","0","3","","","","N","","","","","","","","","",""
"2022095497","0044","1","0","0","0","0","0","0","0","0","4","0","","67","10","2022","4","39.972379","-75.24298","0044","6","0","0","0","0","0","1","0","0","","0","0","0","","","0","","1","","39 58:20.564","","0","75 14:34.727","0","0","0","0","67301","0","0","0","N","0","0","0","2","67301","0","","1.0","","9","N","N","N","0","","0","0","1","","3","","","2","0","0","0","0","0","0","2","0","2","","","","N","","","","","","","","","",""
"2022106158","0447","1","0","0","1","0","0","0","0","0","8","0","","67","9","2022","6","39.949607","-75.199671","0444","6","0","0","0","0","0","0","0","0","","0","0","0","","","1","N","0","","39 56:58.586","1","0","75 11:58.815","3","0","0","0","67301","1","0","0","N","0","0","0","3","67301","0","","6.0","505.0","1","N","N","N","0","","1","0","0","","0","N","","2","1","0","0","0","0","0","2","0","1","","03","","N","","","","","","","","","",""
"2022093800","0200","2","0","0","0","0","0","0","0","0","4","0","","67","10","2022","4","39.919227","-75.231492","0114","6","0","0","0","0","0","0","0","0","","0","0","0","","","1","","1","","39 55:09.217","","0","75 13:53.371","4","0","0","0","67301","0","0","0","N","0","0","0","2","67301","1","","1.0","","1","N","N","N","0","","0","0","0","","2","","","2","1","1","0","0","0","0","2","0","2","","03","","N","","","","","","","","","",""
"2022120491","1824","1","0","0","0","0","0","0","0","0","7","0","","67","12","2022","6","39.958475","-75.225184","1824","6","0","0","0","0","0","0","0","0","","0","0","0","","","0","","1","","39 57:30.510","","0","75 13:30.663","0","0","0","0","67301","0","0","0","N","0","0","0","1","67301","0","","5.0","","1","N","N","N","0","","0","0","0","","2","","","1","0","0","0","0","0","0","2","0","1","","","","N","","","","","","","","","",""
"2022095226","0829","0","0","0","0","0","0","0","0","0","8","0","","67","9","2022","5","39.913836","-75.242222","0828","6","0","0","0","0","0","0","0","0","","0","0","0","","","1","N","0","","39 54:49.811","","0","75 14:32.000","3","0","0","0","67301","1","0","0","N","1","0","0","2","67301","0","","1.0","","1","N","N","N","0","","1","0","0","","0","","","2","1","0","0","0","0","0","2","1","1","","03","","N","","","","","","","","","",""
"2022093814","1121","1","0","0","0","0","0","0","0","0","1","0","","67","10","2022","7","39.987671","-75.22498","1120","6","0","0","0","0","0","1","0","1","","0","0","0","","","1","","2","","39 59:15.615","","0","75 13:29.927","3","0","0","0","67301","0","0","0","N","0","0","0","3","67301","0","","1.0","","9","N","N","N","0","","1","0","1","","2","","","2","1","0","0","0","0","0","2","0","2","","","","N","","","","","","","","","",""
"2022123213","1949","3","0","0","0","0","0","0","0","0","1","0","","67","12","2022","3","40.038425","-75.010229","1947","6","0","0","0","1","0","0","0","0","","0","0","0","","","1","N","0","","40 02:18.329","2","0","75 00:36.823","8","0","0","0","67301","0","0","0","N","0","0","0","4","68K01","0","","1.0","820.0","9","N","N","N","0","","0","0","0","","0","N","","3","1","0","0","0","1","0","2","0","3","","07","","N","","","","","","","","","",""
"2022090308","0120","1","0","0","0","0","0","0","0","0","2","0","","67","9","2022","5","40.109243","-74.99519","0110","6","0","0","1","0","0","0","0","0","","0","0","0","","","2","N","0","","40 06:33.275","2","0","74 59:42.684","4","0","0","0","67301","0","0","0","N","0","0","0","3","67301","2","","1.0","230.0","1","N","N","N","0","","0","0","1","","0","Y","","2","2","0","0","0","0","1","2","0","2","","03","","N","","","","","","","","","",""
"2022120908","1158","0","0","0","0","0","0","0","0","0","4","2","","67","12","2022","5","39.989063","-75.089618","1157","6","0","0","0","0","0","1","0","0","","0","2","0","","","0","","1","","39 59:20.627","","0","75 05:22.626","0","0","0","0","67301","0","0","0","N","0","0","0","2","67301","0","","1.0","","9","N","N","N","0","","0","0","0","","2","","","2","0","0","0","0","0","0","2","0","2","","","","N","","","","","","","","","",""
"2022121806","0557","1","0","0","0","0","0","0","0","0","5","1","","67","12","2022","2","40.019951","-75.14987","0557","6","0","0","0","0","0","1","0","0","","0","1","0","","","0","N","0","","40 01:11.823","4","1","75 08:59.532","0","0","0","0","67301","0","0","0","N","0","0","0","2","67301","0","","1.0","700.0","2","N","N","Y","0","","0","0","0","","0","N","","2","0","0","0","0","0","0","2","0","2","","03","","N","","","","","","","","","",""
"2022090022","1325","0","0","0","0","0","0","0","0","0","8","0","","67","9","2022","5","40.049116","-75.062319","1320","6","0","0","0","0","0","0","0","0","","0","0","0","","","2","","2","","40 02:56.818","","0","75 03:44.350","3","0","0","0","67301","2","0","0","N","2","0","0","3","67301","0","","1.0","","1","N","N","N","0","","2","0","0","","2","","","3","2","0","0","0","0","0","2","1","1","","03","","N","","","","","","","","","",""
"2022095019","1318","2","0","0","0","0","0","0","0","0","4","0","","67","9","2022","6","39.966575","-75.239816","1317","6","0","0","0","0","0","1","0","0","","0","0","0","","","1","","1","","39 57:59.670","","0","75 14:23.337","8","0","0","0","67301","0","0","0","N","0","0","0","2","67301","0","","1.0","","1","N","N","N","0","","0","0","0","","2","","","2","1","1","0","0","1","0","2","0","2","","","","N","","","","","","","","","",""
"2022090159","1815","1","0","0","0","0","0","0","0","0","7","0","","67","9","2022","5","40.079472","-74.996667","1804","6","0","0","0","0","0","1","0","0","","0","0","0","","","1","N","0","","40 04:46.100","","0","74 59:48.000","8","0","0","0","67301","0","0","0","N","0","0","0","1","67301","0","","6.0","","1","N","N","N","0","","0","0","0","","0","","","1","1","0","0","0","1","0","2","0","1","","03","","N","","","","","","","","","",""
"2022119741","0908","0","0","0","0","0","0","0","0","0","8","0","","67","12","2022","3","40.040402","-75.030794","0905","6","0","0","0","0","0","0","0","0","","0","0","0","","","1","","2","","40 02:25.447","1","0","75 01:50.857","3","0","0","0","67301","1","0","0","N","1","0","0","2","67301","0","","1.0","915.0","1","N","N","N","1","","1","0","0","","2","N","","2","1","0","0","0","0","0","2","0","1","","","","N","","","","","","","","","",""
"2022120499","0832","2","0","0","0","0","0","0","0","0","6","0","","67","12","2022","3","40.004124","-75.09392","0831","6","0","0","0","0","0","1","0","0","","0","0","0","","","2","N","0","","40 00:14.848","5","0","75 05:38.111","3","0","0","0","67301","0","0","0","N","0","0","0","2","67301","1","","1.0","914.0","1","N","N","N","0","","1","0","0","","2","Y","","2","2","0","0","0","0","0","2","0","2","","","","N","","","","","","","","","",""