"CRN","ARRIVAL_TM","AUTOMOBILE_COUNT","BELTED_DEATH_COUNT","BELTED_SUSP_SERIOUS_INJ_COUNT","BICYCLE_COUNT","BICYCLE_DEATH_COUNT","BICYCLE_SUSP_SERIOUS_INJ_COUNT","BUS_COUNT","CHLDPAS_DEATH_COUNT","CHLDPAS_SUSP_SERIOUS_INJ_COUNT","COLLISION_TYPE","COMM_VEH_COUNT","CONS_ZONE_SPD_LIM","COUNTY","CRASH_MONTH","CRASH_YEAR","DAY_OF_WEEK","DEC_LATITUDE","DEC_LONGITUDE","DISPATCH_TM","DISTRICT","DRIVER_COUNT_16YR","DRIVER_COUNT_17YR","DRIVER_COUNT_18YR","DRIVER_COUNT_19YR","DRIVER_COUNT_20YR","DRIVER_COUNT_50_64YR","DRIVER_COUNT_65_74YR","DRIVER_COUNT_75PLUS","EST_HRS_CLOSED","FATAL_COUNT","HEAVY_TRUCK_COUNT","HORSE_BUGGY_COUNT","HOUR_OF_DAY","ILLUMINATION","INJURY_COUNT","INTERSECTION_RELATED","INTERSECT_TYPE","LANE_CLOSED","LATITUDE","LN_CLOSE_DIR","LOCATION_TYPE","LONGITUDE","MAX_SEVERITY_LEVEL","MCYCLE_DEATH_COUNT","MCYCLE_SUSP_SERIOUS_INJ_COUNT","MOTORCYCLE_COUNT","MUNICIPALITY","NONMOTR_COUNT","NONMOTR_DEATH_COUNT","NONMOTR_SUSP_SERIOUS_INJ_COUNT","NTFY_HIWY_MAINT","PED_COUNT","PED_DEATH_COUNT","PED_SUSP_SERIOUS_INJ_COUNT","PERSON_COUNT","POLICE_AGCY","POSSIBLE_INJ_COUNT","RDWY_SURF_TYPE_CD","RELATION_TO_ROAD","ROADWAY_CLEARED","ROAD_CONDITION","SCH_BUS_IND","SCH_ZONE_IND","SECONDARY_CRASH","SMALL_TRUCK_COUNT","SPEC_JURIS_CD","SUSP_MINOR_INJ_COUNT","SUSP_SERIOUS_INJ_COUNT","SUV_COUNT","TCD_FUNC_CD","TCD_TYPE","TFC_DETOUR_IND","TIME_OF_DAY","TOTAL_UNITS","TOT_INJ_COUNT","UNBELTED_OCC_COUNT","UNB_DEATH_COUNT","UNB_SUSP_SERIOUS_INJ_COUNT","UNK_INJ_DEG_COUNT","UNK_INJ_PER_COUNT","URBAN_RURAL","VAN_COUNT","VEHICLE_COUNT","WEATHER1","WEATHER2","WORKERS_PRES","WORK_ZONE_IND","WORK_ZONE_LOC","WORK_ZONE_TYPE","WZ_CLOSE_DETOUR","WZ_FLAGGER","WZ_LAW_OFFCR_IND","WZ_LN_CLOSURE","WZ_MOVING","WZ_OTHER","WZ_SHLDER_MDN","WZ_WORKERS_INJ_KILLED"
"2022122221","2325","0","0","0","0","0","0","0","0","0","2","0","","67","12","2022","2","39.973389","-75.227611","2320","6","0","0","0","0","0","0","1","0","","0","1","0","","","1","N","0","","39 58:24.200","","0","75 13:39.400","4","0","0","0","67301","0","0","0","N","0","0","0","1","67301","1","","6.0","","1","N","N","N","0","","0","0","1","","0","","","3","1","0","0","0","0","0","2","1","3","","","","N","","","","","","","","","",""
"2022121795","0647","1","0","0","0","0","0","0","0","0","1","0","","67","12","2022","4","39.908985","-75.233051","0647","6","0","0","0","0","0","0","1","0","","0","0","0","","","1","","1","","39 54:32.345","","0","75 13:58.985","3","0","0","0","67301","0","0","0","N","0","0","0","3","67301","0","","1.0","","1","N","N","N","0","","1","0","1","","2","","","3","1","0","0","0","0","1","2","0","3","","03","","N","","","","","","","","","",""
"2022123211","1642","1","0","0","0","0","0","0","0","0","5","1","","67","11","2022","1","40.017428","-75.049154","1628","6","0","0","1","0","0","0","0","0","","0","1","0","","","0","N","0","","40 01:02.739","1","0","75 02:56.954","0","0","0","0","67301","0","0","0","N","0","0","0","2","68K01","0","","1.0","1646.0","1","N","N","N","0","","0","0","0","","0","N","","2","0","0","0","0","0","0","2","0","2","","","","N","","","","","","","","","",""
"2022121361","0245","1","0","0","0","0","0","0","0","0","2","0","","67","12","2022","2","40.018057","-75.149107","0235","6","0","0","1","0","0","0","0","0","","0","0","0","","","2","N","0","","40 01:05.005","5","0","75 08:56.786","2","0","0","0","67301","0","0","0","N","0","0","0","2","67301","0","","1.0","715.0","1","N","N","N","0","","0","2","0","","1","Y","","2","2","0","0","0","0","0","2","1","2","","03","","N","","","","","","","","","",""
"2022090156","1920","1","0","0","0","0","0","0","0","0","4","0","","67","9","2022","6","39.955653","-75.190173","1843","6","0","0","0","0","0","0","0","0","","0","0","0","","","0","N","0","","39 57:20.351","4","0","75 11:24.621","0","0","0","0","67301","0","0","0","N","0","0","0","2","67507","0","","1.0","1920.0","1","N","N","Y","0","","0","0","2","","0","Y","","3","0","0","0","0","0","0","2","0","3","","03","","N","","","","","","","","","",""
"2022090800","0426","1","0","0","0","0","0","0","0","0","7","0","","67","10","2022","1","40.015808","-75.141118","0423","6","0","0","0","0","0","0","0","0","","0","0","0","","","0","","1","","40 00:56.908","","0","75 08:28.024","0","0","0","0","67301","0","0","0","N","0","0","0","1","67301","0","","4.0","","9","N","N","N","0","","0","0","0","","2","","","1","0","1","0","0","0","0","2","0","1","","","","N","","","","","","","","","",""
"2022123005","1622","2","0","0","0","0","0","0","0","0","5","1","","67","11","2022","2","39.996296","-75.082558","1621","6","0","0","0","0","0","1","0","0","","0","1","0","","","2","N","0","","39 59:46.665","1","0","75 04:57.210","3","0","0","0","67301","0","0","0","Y","0","0","0","5","68K01","0","","1.0","1730.0","1","N","N","N","0","","2","0","0","","0","N","","3","2","2","0","0","0","0","2","0","3","","03","","N","","","","","","","","","",""
"2022090023","1200","0","0","0","0","0","0","0","0","0","8","0","","67","9","2022","6","40.053535","-75.091761","1151","6","0","0","0","0","0","0","0","0","","0","0","0","","","1","N","0","","40 03:12.726","","0","75 05:30.338","3","0","0","0","67301","1","0","0","N","1","0","0","2","67301","0","","1.0","","1","N","N","N","0","","1","0","0","","0","","","2","1","0","0","0","0","0","2","1","1","","04","","N","","","","","","","","","",""
"2022094264","0259","1","0","0","0","0","0","0","0","0","5","0","","67","10","2022","1","40.027931","-75.033722","0249","6","0","0","0","0","0","0","0","0","","0","0","0","","","0","N","0","","40 01:40.550","","0","75 02:01.400","9","0","0","0","67301","0","0","0","N","0","0","0","1","67301","0","","6.0","","9","N","N","N","1","","0","0","0","","0","","","2","0","0","0","0","0","1","2","0","2","","07","","N","","","","","","","","","",""
"2022119740","1915","1","0","0","0","0","0","0","0","0","7","0","","67","11","2022","4","40.068417","-75.240288","1909","6","0","0","0","0","0","0","0","0","","0","0","0","","","1","","2","","40 04:06.301","","0","75 14:25.036","3","0","0","0","67301","0","0","0","N","0","0","0","1","67301","0","","4.0","","9","N","N","N","0","","1","0","0","","3","","","1","1","1","0","0","0","0","2","0","1","","07","","N","","","","","","","","","",""
"2022091343","1000","1","0","0","0","0","0","0","0","0","4","0","","67","10","2022","2","40.014326","-75.070851","0949","6","0","0","0","0","0","1","0","0","","0","0","0","","","1","","1","","40 00:51.572","","0","75 04:15.064","3","0","0","0","67301","0","0","0","N","0","0","0","2","67301","0","","1.0","","9","N","N","N","0","","1","0","0","","2","","","2","1","0","0","0","0","1","2","1","2","","","","N","","","","","","","","","",""
"2022121282","0135","1","0","0","0","0","0","0","0","0","7","0","","67","12","2022","5","39.93326","-75.199759","0127","6","0","0","0","0","0","0","0","0","","0","0","0","","","0","","7","","39 55:59.737","","2","75 11:59.133","0","0","0","0","67301","0","0","0","N","0","0","0","1","68K01","0","","2.0","","1","N","N","N","0","","0","0","0","","0","","","1","0","0","0","0","0","0","2","0","1","","03","","N","","","","","","","","","",""
"2022119739","2025","1","0","0","0","0","0","0","0","0","4","0","","67","11","2022","6","40.048111","-75.235072","2020","6","0","0","0","0","0","0","0","0","","0","0","0","","","1","N","0","","40 02:53.199","","7","75 14:06.259","8","0","0","1","67301","0","0","0","N","0","0","0","2","67301","0","","1.0","","1","N","N","N","0","","0","0","0","","0","","","2","1","0","0","0","1","0","2","0","2","","03","","N","","","","","","","","","",""
"2022098813","2250","1","0","0","0","0","0","0","0","0","1","0","","67","10","2022","7","39.955585","-75.201862","2247","6","0","0","0","0","0","0","0","0","","0","0","0","","","1","N","0","","39 57:20.105","","0","75 12:06.703","3","0","0","0","67301","0","0","0","N","0","0","0","3","67504","0","","1.0","","9","N","N","N","0","","1","0","2","","0","","","3","1","0","0","0","0","0","2","0","3","","03","","N","","","","","","","","","",""
"2022119746","1835","1","0","0","0","0","0","0","0","0","1","0","","67","4","2022","3","40.029828","-75.187969","1827","6","0","0","1","0","0","1","0","0","","0","0","0","","","1","Y","0","","40 01:47.380","","0","75 11:16.690","2","0","1","1","67301","0","0","0","N","0","0","0","2","67301","0","","1.0","","1","N","N","N","0","","0","1","0","","1","","","2","1","1","0","0","0","0","2","0","2","","04","","N","","","","","","","","","",""
"2022090802","0040","1","0","0","0","0","0","0","0","0","7","0","","67","10","2022","2","40.020656","-75.14152","0019","6","0","0","0","0","0","0","0","0","","0","0","0","","","0","N","0","","40 01:14.361","","0","75 08:29.471","0","0","0","0","67301","0","0","0","N","0","0","0","2","67301","0","","4.0","","9","N","N","N","0","","0","0","0","","0","","","1","0","0","0","0","0","0","2","0","1","","07","","N","","","","","","","","","",""
"2022123209","1404","2","0","0","0","0","0","0","0","0","1","1","","67","11","2022","6","39.99345","-75.084664","1347","6","0","0","0","0","0","0","0","0","","0","1","0","","","3","N","0","","39 59:36.421","1","0","75 05:04.789","4","0","0","0","67301","0","0","0","N","0","0","0","5","68K01","3","","1.0","1430.0","9","N","N","N","0","","0","0","2","","0","N","","5","3","0","0","0","0","0","2","0","5","","","","N","","","","","","","","","",""
"2022119863","1843","1","0","0","0","0","0","0","0","0","4","0","","67","12","2022","6","39.927031","-75.195203","1828","6","0","0","0","1","0","0","0","0","","0","0","0","","","2","N","0","","39 55:37.310","3","0","75 11:42.730","3","0","0","0","67301","0","0","0","N","0","0","0","5","68K01","0","","1.0","1919.0","1","N","N","N","0","","2","0","0","","0","Y","","2","2","0","0","0","0","0","2","1","2","","","","N","","","","","","","","","",""
"2022120112","1620","0","0","0","0","0","0","0","0","0","8","0","","67","12","2022","7","39.918742","-75.182697","1611","6","0","0","0","0","0","0","0","0","","0","0","0","","","1","N","0","","39 55:07.470","","0","75 10:57.710","3","0","0","0","67301","1","0","0","N","1","0","0","2","67301","0","","1.0","","9","N","N","N","0","","1","0","1","","0","","","2","1","0","0","0","0","0","2","0","1","","04","","N","","","","","","","","","",""
"2022118353","","0","0","0","0","0","0","0","0","0","4","0","","67","10","2022","6","39.956808","-75.233732","","6","0","0","0","0","0","0","0","0","","0","0","0","","","1","","1","","39 57:24.508","","0","75 14:01.435","8","0","0","0","67301","0","0","0","N","0","0","0","2","00000","0","","1.0","","1","","","N","0","","0","0","0","","3","","","2","1","0","0","0","1","0","2","0","2","","","","N","","","","","","","","","",""
"2022124444","1121","1","0","0","0","0","0","0","0","0","1","0","","67","12","2022","6","39.957029","-75.145189","1111","6","0","0","0","0","0","0","0","0","","0","0","0","","","0","N","0","","39 57:25.305","3","0","75 08:42.679","0","0","0","0","67301","0","0","0","N","0","0","0","2","68K01","0","","1.0","1155.0","9","N","N","N","1","","0","0","0","","0","N","","2","0","0","0","0","0","0","2","0","2","","","","N","","","","","","","","","",""
"2022090504","2358","1","0","0","0","0","0","0","0","0","5","0","","67","10","2022","7","40.077219","-75.183908","2357","6","0","0","0","0","0","0","0","0","","0","0","0","","","0","N","0","","40 04:37.990","","0","75 11:02.070","0","0","0","0","67301","0","0","0","N","0","0","0","2","67301","0","","6.0","","9","N","N","N","0","","0","0","0","","0","","","2","0","0","0","0","0","0","2","1","2","","07","","N","","","","","","","","","",""
"2022096758","0552","1","0","0","0","0","0","0","0","0","5","0","","67","9","2022","6","40.008778","-75.0984","0551","6","0","0","0","0","0","0","0","0","","0","0","0","","","0","N","0","","40 00:31.602","","0","75 05:54.239","0","0","0","0","67301","0","0","0","N","0","0","0","1","67301","0","","6.0","","1","N","N","N","0","","0","0","3","","0","","","5","0","1","0","0","0","0","2","1","5","","03","","N","","","","","","","","","",""
"2022082484","1310","1","0","0","0","0","0","0","0","0","8","0","","67","9","2022","5","39.955831","-75.190862","1309","6","0","0","0","0","0","0","0","0","","0","0","0","","","1","N","0","","39 57:20.992","","0","75 11:27.104","4","0","0","0","67301","1","0","0","N","1","0","0","3","67507","1","","1.0","","1","N","N","N","0","","0","0","0","","0","","","2","1","0","0","0","0","0","2","0","1","","","","N","","","","","","","","","",""
"2022090911","1721","1","0","0","0","0","0","0","0","0","1","0","","67","10","2022","7","39.917929","-75.159278","1720","6","0","0","0","0","0","0","1","0","","0","0","0","","","1","","1","","39 55:04.544","","0","75 09:33.400","4","0","0","0","67301","0","0","0","N","0","0","0","3","67301","1","","1.0","","9","N","N","N","0","","0","0","2","","3","","","3","1","3","0","0","0","0","2","0","3","","07","","N","","","","","","","","","",""
"2022092613","0020","0","0","0","0","0","0","0","0","0","4","0","","67","9","2022","3","39.975162","-75.188163","0014","6","0","0","0","0","0","0","0","0","","0","0","0","","","4","","1","","39 58:30.584","","0","75 11:17.385","3","0","0","0","67301","0","0","0","N","0","0","0","4","67301","0","","1.0","","1","N","N","N","0","","4","0","2","","2","","","2","4","0","0","0","0","0","2","0","2","","","","N","","","","","","","","","",""
"2022086939","","1","0","0","0","0","0","0","0","0","1","0","","67","9","2022","5","","","","6","0","0","0","0","0","1","0","0","","0","0","0","","","1","N","0","","","","3","","8","0","0","0","67301","0","0","0","N","0","0","0","2","00000","0","","1.0","","1","","","N","0","","0","0","0","","0","","","2","1","0","0","0","1","0","1","0","2","","","","N","","","","","","","","","",""
"2022122213","0820","0","0","0","0","0","0","0","0","0","7","0","","67","12","2022","4","39.929964","-75.145169","0811","6","0","0","0","0","0","0","0","0","","0","0","0","","","1","N","0","","39 55:47.870","","0","75 08:42.610","4","0","0","0","67301","0","0","0","N","0","0","0","1","67301","1","","5.0","","1","N","N","N","0","","0","0","1","","0","","","1","1","0","0","0","0","0","2","0","1","","","","N","","","","","","","","","",""
"2022101107","1335","0","0","0","0","0","0","0","0","0","5","0","","67","10","2022","1","40.036169","-75.163811","1334","6","0","0","0","0","0","1","0","0","","0","0","0","","","0","N","0","","40 02:10.210","1","0","75 09:49.720","0","0","0","0","67301","0","0","0","N","0","0","0","1","67301","0","","6.0","1427.0","1","N","N","N","2","","0","0","0","","0","Y","","2","0","1","0","0","0","0","2","0","2","","03","","N","","","","","","","","","",""
"2022119749","1703","1","0","0","0","0","0","0","0","0","5","1","","67","12","2022","5","40.029406","-75.189119","1701","6","0","0","0","0","0","1","0","0","","0","1","0","","","1","N","0","","40 01:45.860","2","0","75 11:20.830","3","0","0","0","67301","0","0","0","N","0","0","0","2","67301","0","","1.0","1520.0","9","N","N","N","0","","1","0","0","","0","N","","2","1","1","0","0","0","0","2","0","2","","07","","N","","","","","","","","","",""
"2022101520","0310","1","0","0","0","0","0","0","0","0","1","1","55","67","9","2022","7","40.003369","-75.194449","0257","6","0","0","0","0","0","0","0","0","","0","1","0","","","1","","7","","40 00:12.127","","2","75 11:40.015","3","0","0","0","67301","0","0","0","N","0","0","0","2","68K01","0","","2.0","","1","N","N","N","0","","1","0","0","0","0","","","2","1","0","0","0","0","0","2","0","2","","","Y","Y","4","1","N","N","N","N","N","N","Y","N"
"2022100426","1200","0","0","0","0","0","0","0","0","0","8","1","","67","10","2022","4","39.950143","-75.170668","1145","6","0","0","0","0","0","1","0","0","","0","1","0","","","1","","1","","39 57:00.513","","0","75 10:14.404","8","0","0","0","67301","1","0","0","N","1","0","0","2","67301","0","","1.0","","9","N","N","N","0","","0","0","0","3","2","","","2","1","0","0","0","1","0","2","0","1","","07","","N","","","","","","","","","",""
"2022083579","1220","0","0","0","0","0","0","0","0","0","5","0","","67","9","2022","6","39.922642","-75.178258","1215","6","0","0","0","0","0","0","0","0","","0","0","0","","","1","N","0","","39 55:21.510","","0","75 10:41.730","8","0","0","0","67301","0","0","0","N","0","0","0","2","67301","0","","6.0","","1","N","N","N","0","","0","0","3","0","0","","","3","1","0","0","0","1","0","2","0","3","","03","","N","","","","","","","","","",""
"2022083563","1227","1","0","0","0","0","0","0","0","0","1","0","","67","9","2022","3","40.01305","-75.119797","1227","6","0","0","0","0","0","1","0","0","","0","0","0","","","1","N","0","","40 00:46.980","","0","75 07:11.270","3","0","0","0","67301","0","0","0","N","0","0","0","2","67301","0","","1.0","","1","N","N","Y","1","","1","0","0","0","0","","","2","1","1","0","0","0","0","2","0","2","","","","N","","","","","","","","","",""
"2022121796","2359","3","0","0","0","0","0","0","0","0","4","0","","67","12","2022","2","40.058067","-75.189742","2359","6","0","0","0","0","0","0","0","0","","0","0","0","","","0","N","0","","40 03:29.040","4","0","75 11:23.070","0","0","0","0","67301","0","0","0","N","0","0","0","1","67301","0","","6.0","100.0","1","N","N","Y","0","","0","0","0","0","0","N","","3","0","0","0","0","0","0","2","0","3","","03","","N","","","","","","","","","",""
"2022098382","0828","1","0","0","0","0","0","0","0","0","4","0","","67","9","2022","4","39.994956","-75.137653","0823","6","0","0","0","0","0","0","0","0","","0","0","0","","","0","","1","","39 59:41.841","","0","75 08:15.550","9","0","0","0","67301","0","0","0","N","0","0","0","1","67301","0","","1.0","","1","N","N","N","0","","0","0","0","3","3","","","2","0","0","0","0","0","1","2","1","2","","","","N","","","","","","","","","",""
"2022101110","1214","1","0","0","0","0","0","0","0","0","1","1","","67","9","2022","6","39.993933","-75.147661","1210","6","0","0","0","0","0","1","0","0","","0","1","0","","","1","N","0","","39 59:38.160","","0","75 08:51.580","3","0","0","0","67301","0","0","0","N","0","0","0","1","67301","0","","6.0","","1","N","N","N","0","","1","0","0","0","0","","","2","1","1","0","0","0","0","2","0","2","","","","N","","","","","","","","","",""
"2022122661","0151","1","0","0","0","0","0","0","0","0","1","1","","67","12","2022","6","39.989672","-75.103822","0138","6","0","0","0","0","0","0","0","0","","0","1","0","","","0","N","0","","39 59:22.820","","0","75 06:13.760","0","0","0","0","67301","0","0","0","N","0","0","0","3","67301","0","","1.0","","9","N","N","N","0","","0","0","1","3","2","","","3","0","0","0","0","0","0","2","0","3","","07","","N","","","","","","","","","",""
"2022083616","1402","2","0","0","0","0","0","0","0","0","5","0","","67","9","2022","3","40.024432","-75.03435","1402","6","0","0","0","0","0","2","0","0","","0","0","0","","","1","N","0","","40 01:27.956","","0","75 02:03.659","3","0","0","0","67301","0","0","0","N","0","0","0","3","67301","0","","1.0","","1","N","N","N","0","","1","0","0","0","0","","","2","1","1","0","0","0","0","2","0","2","","03","","N","","","","","","","","","",""
"2022120707","2125","0","0","0","0","0","0","0","0","0","7","0","","67","11","2022","4","39.957748","-75.141849","2125","6","0","0","0","0","0","0","0","0","","0","0","0","","","0","N","0","","39 57:27.891","","0","75 08:30.656","0","0","0","0","67301","0","0","0","N","0","0","0","1","68K01","0","","5.0","","1","N","N","N","0","","0","0","1","0","0","","","1","0","0","0","0","0","0","2","0","1","","03","","N","","","","","","","","","",""
"2022101932","1440","1","0","0","0","0","0","0","0","0","8","0","","67","5","2022","3","39.954077","-75.198678","1439","6","0","0","0","0","0","0","1","0","","0","0","0","","","1","N","0","","39 57:14.676","","0","75 11:55.241","3","0","0","0","67301","1","0","0","N","1","0","0","2","67504","0","","1.0","","1","N","N","N","0","","1","0","0","0","0","","","2","1","0","0","0","0","0","2","0","1","","03","","N","","","","","","","","","",""
"2022100956","1340","0","0","0","0","0","0","0","0","0","7","0","","67","10","2022","7","40.009921","-75.089348","1340","6","0","0","0","0","0","0","0","0","","0","0","0","","","0","N","0","","40 00:35.717","","0","75 05:21.653","0","0","0","0","67301","0","0","0","N","0","0","0","1","67301","0","","4.0","","1","N","N","N","0","","0","0","0","0","0","","","1","0","0","0","0","0","0","2","1","1","","","","N","","","","","","","","","",""
"2022086912","0324","4","0","0","0","0","0","0","0","0","1","0","","67","9","2022","5","39.966619","-75.135348","0316","6","0","0","0","0","0","0","0","0","","0","0","0","","","3","N","0","","39 57:59.827","","0","75 08:07.251","3","0","0","0","67301","0","0","0","N","0","0","0","5","68K01","0","","1.0","","1","N","N","Y","0","","1","0","0","0","0","","","4","3","2","0","0","2","0","2","0","4","","","","N","","","","","","","","","",""
"2022083566","0928","1","0","0","0","0","0","0","0","0","4","0","","67","9","2022","4","40.018423","-75.186174","0928","6","0","0","0","0","0","0","0","0","","0","0","0","","","1","","1","","40 01:06.321","","0","75 11:10.226","3","0","0","0","67301","0","0","0","N","0","0","0","2","67301","0","","1.0","","9","N","N","Y","0","","1","0","1","3","3","","","2","1","2","0","0","0","0","2","0","2","","","","N","","","","","","","","","",""
"2022097878","2137","0","0","0","0","0","0","0","0","0","8","0","","67","8","2022","3","40.018906","-75.14723","2137","6","0","0","0","0","0","0","0","0","","0","0","0","","","1","","1","","40 01:08.061","","0","75 08:50.029","3","0","0","0","67301","1","0","0","N","1","0","0","2","67301","0","","1.0","","9","N","N","N","0","","1","0","0","3","2","","","2","1","0","0","0","0","0","2","0","1","","","","N","","","","","","","","","",""
"2022083647","1923","3","0","0","0","0","0","0","0","0","5","0","","67","9","2022","7","39.968486","-75.131094","1919","6","0","0","0","0","0","1","0","0","","0","0","0","","","0","N","0","","39 58:06.550","","0","75 07:51.940","0","0","0","0","67301","0","0","0","N","0","0","0","1","67301","0","","6.0","","1","N","N","Y","0","","0","0","0","0","0","","","3","0","0","0","0","0","0","2","0","3","","","","N","","","","","","","","","",""
"2022100792","1035","2","0","0","0","0","0","0","0","0","2","0","","67","10","2022","7","40.00933","-75.086881","1018","6","0","0","0","0","0","1","0","0","","0","0","0","","","0","","2","","40 00:33.588","","0","75 05:12.772","9","0","0","0","67301","0","0","0","N","0","0","0","3","67301","0","","1.0","","1","N","N","N","0","","0","0","0","3","3","","","2","0","0","0","0","0","1","2","0","2","","03","","N","","","","","","","","","",""
"2022090301","1250","0","0","0","0","0","0","0","0","0","1","0","","67","9","2022","6","39.923059","-75.169898","1250","6","0","0","0","0","0","0","1","0","","0","0","0","","","2","N","0","","39 55:23.011","","0","75 10:11.633","3","0","0","0","67301","0","0","0","N","0","0","0","4","67301","0","","6.0","","1","N","N","N","0","","2","0","2","0","0","","","2","2","1","0","0","0","0","2","0","2","","","","N","","","","","","","","","",""
"2022092512","1800","1","0","0","0","0","0","0","0","0","2","0","","67","10","2022","7","39.9966","-75.198869","1753","6","0","0","0","0","0","1","0","0","","0","0","0","","","3","N","0","","39 59:47.760","7","0","75 11:55.930","8","0","0","0","67301","0","0","0","N","0","0","0","3","67301","0","","1.0","2016.0","9","N","N","N","0","","0","0","1","0","0","N","","2","3","0","0","0","3","0","2","0","2","","07","","N","","","","","","","","","",""
"2022121942","0144","0","0","0","0","0","0","0","0","0","7","0","","67","11","2022","4","39.957453","-75.243728","0144","6","0","0","1","0","0","0","0","0","","0","0","0","","","0","","1","","39 57:26.830","","0","75 14:37.420","0","0","0","0","67301","0","0","0","N","0","0","0","1","67301","0","","5.0","","1","N","N","N","0","","0","0","1","3","3","","","1","0","1","0","0","0","0","2","0","1","","03","","N","","","","","","","","","",""
"2022120895","1345","0","0","0","0","0","0","0","0","0","4","1","","67","12","2022","5","40.040258","-75.058429","1318","6","0","0","0","0","0","0","0","0","","0","1","0","","","1","","1","","40 02:24.930","1","6","75 03:30.344","8","0","0","0","67301","0","0","0","N","0","0","0","2","67301","0","","1.0","1705.0","9","N","N","N","0","","0","0","1","3","8","N","","2","1","1","0","0","1","0","2","0","2","","04","","N","","","","","","","","","",""
"2022101401","1458","0","0","0","0","0","0","0","0","0","5","0","","67","10","2022","6","39.997597","-75.196253","1452","6","0","0","0","0","0","1","0","0","","0","0","0","","","2","N","0","","39 59:51.348","3","0","75 11:46.512","3","0","0","0","67301","0","0","0","N","0","0","0","3","68K01","0","","1.0","1537.0","1","N","N","N","0","","2","0","1","0","0","N","","2","2","0","0","0","0","0","2","0","2","","03","","N","","","","","","","","","",""
"2022091823","","1","0","0","0","0","0","0","0","0","1","0","","67","9","2022","3","39.966979","-75.160347","","6","0","0","0","0","0","0","0","0","","0","0","0","","","1","","1","","39 58:01.123","","0","75 09:37.248","8","0","0","0","67301","0","0","0","N","0","0","0","2","00000","0","","1.0","","1","","","N","0","","0","0","0","3","2","","","2","1","0","0","0","1","0","2","0","2","","","","N","","","","","","","","","",""
"2022072946","","1","0","0","0","0","0","0","0","0","4","0","","67","7","2022","6","39.957337","-75.144132","","6","0","0","0","0","0","0","1","0","","0","0","0","","","1","","5","","39 57:26.412","","2","75 08:38.875","8","0","0","0","67301","0","0","0","N","0","0","0","2","00000","0","","1.0","","1","","","N","0","","0","0","0","3","2","","","2","1","0","0","0","1","0","2","0","2","","","","N","","","","","","","","","",""
"2022102330","1637","0","0","0","0","0","0","0","0","0","5","0","","67","10","2022","7","40.008239","-75.202372","1636","6","0","0","0","0","0","1","1","0","","0","0","0","","","0","N","0","","40 00:29.660","","0","75 12:08.540","0","0","0","0","67301","0","0","0","N","0","0","0","3","68K01","0","","1.0","","1","N","N","N","1","","0","0","1","0","0","","","2","0","0","0","0","0","0","2","0","2","","03","","N","","","","","","","","","",""
"2022121302","1359","0","0","0","0","0","0","0","0","0","5","0","","67","12","2022","6","40.04079","-75.005398","1325","6","0","0","0","0","0","1","0","0","","0","0","0","","","1","N","0","","40 02:26.843","","0","75 00:19.431","8","0","0","0","67301","0","0","0","N","0","0","0","3","68K01","0","","1.0","","9","N","N","N","2","","0","0","0","0","0","","","2","1","0","0","0","1","0","2","0","2","","04","","N","","","","","","","","","",""
"2022081369","0242","2","0","0","0","0","0","0","0","0","5","0","","67","9","2022","2","39.928797","-75.155478","0238","6","0","0","0","0","0","0","0","0","","0","0","0","","","0","N","0","","39 55:43.670","4","0","75 09:19.720","0","0","0","0","67301","0","0","0","N","0","0","0","1","67301","0","","6.0","220.0","1","N","N","N","0","","0","0","1","0","0","Y","","3","0","0","0","0","0","0","2","0","3","","03","","N","","","","","","","","","",""
"2022081434","1625","0","0","0","0","0","0","0","0","0","4","0","","67","9","2022","2","40.026832","-75.117115","1614","6","0","0","0","0","0","1","1","0","","0","0","0","","","1","","1","","40 01:36.594","","0","75 07:01.615","3","0","0","0","67301","0","0","0","N","0","0","0","2","67301","0","","1.0","","1","N","N","N","1","","1","0","1","0","0","","","2","1","0","0","0","0","0","2","0","2","","03","","N","","","","","","","","","",""
"2022083617","0303","2","0","0","0","0","0","0","0","0","5","0","","67","9","2022","4","40.0253","-75.059033","0247","6","0","0","0","0","0","0","0","0","","0","0","0","","","1","N","0","","40 01:31.080","","0","75 03:32.520","3","0","0","0","67301","0","0","0","N","0","0","0","1","67301","0","","6.0","","9","N","N","N","0","","1","0","1","0","0","","","4","1","0","0","0","0","0","2","1","4","","","","N","","","","","","","","","",""
"2022083654","0804","0","0","0","0","0","0","0","0","0","4","0","","67","9","2022","4","40.003661","-75.168915","0759","6","0","0","0","0","0","0","0","0","","0","0","0","","","3","","5","","40 00:13.178","","0","75 10:08.095","3","0","0","0","67301","0","0","0","N","0","0","0","4","67301","1","","1.0","","9","N","N","N","0","","2","0","1","3","2","","","2","3","0","0","0","0","0","2","1","2","","07","","N","","","","","","","","","",""
"2022089678","0902","1","0","0","0","0","0","0","0","0","8","0","","67","9","2022","4","39.926048","-75.227937","0902","6","0","0","0","0","0","0","0","0","","0","0","0","","","1","","1","","39 55:33.772","","0","75 13:40.573","2","0","0","0","67301","1","0","1","N","1","0","1","2","67301","0","","1.0","","1","N","N","N","0","","0","1","0","3","2","","","2","1","1","0","0","0","0","2","0","1","","03","","N","","","","","","","","","",""