"CRN","ARRIVAL_TM","AUTOMOBILE_COUNT","BELTED_DEATH_COUNT","BELTED_SUSP_SERIOUS_INJ_COUNT","BICYCLE_COUNT","BICYCLE_DEATH_COUNT","BICYCLE_SUSP_SERIOUS_INJ_COUNT","BUS_COUNT","CHLDPAS_DEATH_COUNT","CHLDPAS_SUSP_SERIOUS_INJ_COUNT","COLLISION_TYPE","COMM_VEH_COUNT","CONS_ZONE_SPD_LIM","COUNTY","CRASH_MONTH","CRASH_YEAR","DAY_OF_WEEK","DEC_LATITUDE","DEC_LONGITUDE","DISPATCH_TM","DISTRICT","DRIVER_COUNT_16YR","DRIVER_COUNT_17YR","DRIVER_COUNT_18YR","DRIVER_COUNT_19YR","DRIVER_COUNT_20YR","DRIVER_COUNT_50_64YR","DRIVER_COUNT_65_74YR","DRIVER_COUNT_75PLUS","EST_HRS_CLOSED","FATAL_COUNT","HEAVY_TRUCK_COUNT","HORSE_BUGGY_COUNT","HOUR_OF_DAY","ILLUMINATION","INJURY_COUNT","INTERSECTION_RELATED","INTERSECT_TYPE","LANE_CLOSED","LATITUDE","LN_CLOSE_DIR","LOCATION_TYPE","LONGITUDE","MAX_SEVERITY_LEVEL","MCYCLE_DEATH_COUNT","MCYCLE_SUSP_SERIOUS_INJ_COUNT","MOTORCYCLE_COUNT","MUNICIPALITY","NONMOTR_COUNT","NONMOTR_DEATH_COUNT","NONMOTR_SUSP_SERIOUS_INJ_COUNT","NTFY_HIWY_MAINT","PED_COUNT","PED_DEATH_COUNT","PED_SUSP_SERIOUS_INJ_COUNT","PERSON_COUNT","POLICE_AGCY","POSSIBLE_INJ_COUNT","RDWY_SURF_TYPE_CD","RELATION_TO_ROAD","ROADWAY_CLEARED","ROAD_CONDITION","SCH_BUS_IND","SCH_ZONE_IND","SECONDARY_CRASH","SMALL_TRUCK_COUNT","SPEC_JURIS_CD","SUSP_MINOR_INJ_COUNT","SUSP_SERIOUS_INJ_COUNT","SUV_COUNT","TCD_FUNC_CD","TCD_TYPE","TFC_DETOUR_IND","TIME_OF_DAY","TOTAL_UNITS","TOT_INJ_COUNT","UNBELTED_OCC_COUNT","UNB_DEATH_COUNT","UNB_SUSP_SERIOUS_INJ_COUNT","UNK_INJ_DEG_COUNT","UNK_INJ_PER_COUNT","URBAN_RURAL","VAN_COUNT","VEHICLE_COUNT","WEATHER1","WEATHER2","WORKERS_PRES","WORK_ZONE_IND","WORK_ZONE_LOC","WORK_ZONE_TYPE","WZ_CLOSE_DETOUR","WZ_FLAGGER","WZ_LAW_OFFCR_IND","WZ_LN_CLOSURE","WZ_MOVING","WZ_OTHER","WZ_SHLDER_MDN","WZ_WORKERS_INJ_KILLED"
"2022123007","2344","2","0","0","0","0","0","0","0","0","8","0","","67","11","2022","6","39.990266","-75.205133","2332","6","0","0","0","0","0","0","0","0","","0","0","0","","","2","N","0","","39 59:24.959","","0","75 12:18.478","3","0","0","0","67301","1","0","0","N","1","0","0","3","68K01","0","","4.0","","1","N","N","N","0","","1","0","0","0","0","","","3","2","0","0","0","1","0","2","0","2","","","","N","","","","","","","","","",""
"2022097350","0830","0","0","0","0","0","0","0","0","0","5","0","","67","9","2022","3","39.892425","-75.233891","0800","6","0","0","0","0","0","1","0","0","","0","0","0","","","0","N","0","","39 53:32.730","","2","75 14:02.008","0","0","0","0","67301","0","0","0","N","0","0","0","2","68K01","0","","1.0","","9","N","N","N","0","","0","0","2","0","0","","","2","0","0","0","0","0","0","2","0","2","","","","N","","","","","","","","","",""
"2022121355","1220","1","0","0","0","0","0","0","0","0","8","0","","67","11","2022","5","39.982704","-75.156925","1220","6","0","0","0","0","0","0","0","0","","1","0","0","","","0","","2","","39 58:57.735","","0","75 09:24.929","1","0","0","0","67301","1","1","0","N","1","1","0","2","67301","0","1","4.0","","1","N","N","N","0","4","0","0","0","3","3","","","2","0","0","0","0","0","0","2","0","1","","03","","N","","","","","","","","","",""
"2022084683","0159","0","0","1","0","0","0","0","0","0","7","0","","67","9","2022","5","40.016002","-75.175978","0154","6","0","0","0","0","0","0","0","0","","0","0","0","","","1","N","0","","40 00:57.607","3","0","75 10:33.521","2","0","0","0","67301","0","0","0","N","0","0","0","1","67301","0","","4.0","45.0","1","N","N","N","0","","0","1","1","0","0","Y","","1","1","0","0","0","0","0","2","0","1","","03","","N","","","","","","","","","",""
"2022091670","1605","1","0","0","0","0","0","0","0","0","4","0","","67","10","2022","1","39.979403","-75.163446","1600","6","0","0","0","0","0","0","0","0","","0","0","0","","","0","","1","","39 58:45.851","","0","75 09:48.406","0","0","0","0","67301","0","0","0","N","0","0","0","2","67301","0","","1.0","","9","N","N","N","0","","0","0","1","3","3","","","2","0","0","0","0","0","0","2","0","2","","04","","N","","","","","","","","","",""
"2022082616","0638","0","0","0","0","0","0","0","0","0","5","0","","67","9","2022","3","40.040496","-75.005413","0621","6","0","0","0","0","0","0","0","0","","0","0","0","","","3","N","0","","40 02:25.784","1","0","75 00:19.485","3","0","0","0","67301","0","0","0","N","0","0","0","4","68K01","0","","1.0","650.0","9","N","N","N","0","","3","0","2","0","0","N","","2","3","0","0","0","0","0","2","0","2","","04","","N","","","","","","","","","",""
"2022093133","2030","1","0","0","0","0","0","0","0","0","8","0","","67","9","2022","6","40.029601","-75.103091","2020","6","0","0","0","1","0","0","0","0","","0","0","0","","","1","N","0","","40 01:46.564","1","0","75 06:11.128","2","0","0","0","67301","1","0","1","N","1","0","1","2","67301","0","","1.0","2030.0","9","N","N","N","0","","0","1","0","0","0","N","","2","1","0","0","0","0","0","2","0","1","","","","N","","","","","","","","","",""
"2022083624","0216","2","0","0","0","0","0","0","0","0","5","0","","67","9","2022","5","39.942744","-75.181739","0215","6","0","0","0","0","0","0","0","0","","0","0","0","","","0","N","0","","39 56:33.880","","0","75 10:54.260","0","0","0","0","67301","0","0","0","N","0","0","0","1","67301","0","","6.0","","1","N","N","N","0","","0","0","0","0","0","","","2","0","1","0","0","0","0","2","0","2","","03","","N","","","","","","","","","",""
"2022086643","0215","0","0","0","1","0","0","0","0","0","8","0","","67","9","2022","5","39.925619","-75.169466","0210","6","0","0","0","0","0","0","0","0","","0","0","0","","","1","","5","","39 55:32.229","","0","75 10:10.076","3","0","0","0","67301","1","0","0","N","0","0","0","3","67508","0","","1.0","","1","N","N","N","1","","1","0","0","2","2","","","2","1","0","0","0","0","0","2","0","1","","03","","N","","","","","","","","","",""
"2022096757","1118","1","0","0","1","0","0","0","0","0","8","0","","67","9","2022","4","39.99765","-75.107483","1118","6","0","0","0","0","0","0","0","0","","0","0","0","","","1","","1","","39 59:51.539","","0","75 06:26.938","3","0","0","0","67301","1","0","0","N","0","0","0","2","67301","0","","1.0","","1","N","N","N","0","","1","0","0","3","3","","","2","1","0","0","0","0","0","2","0","1","","03","","N","","","","","","","","","",""
"2022100663","0742","1","0","0","0","0","0","0","0","0","7","0","","67","10","2022","3","39.933755","-75.145319","0742","6","0","0","0","0","0","0","0","0","","0","0","0","","","0","N","0","","39 56:01.519","","0","75 08:43.148","0","0","0","0","67301","0","0","0","N","0","0","0","1","68K01","0","","2.0","","9","N","N","N","0","","0","0","0","0","0","","","1","0","0","0","0","0","0","2","0","1","","07","","N","","","","","","","","","",""
"2022102157","2138","0","0","0","0","0","0","0","0","0","7","0","","67","10","2022","2","39.979545","-75.107801","2135","6","0","0","0","0","0","1","0","0","","0","0","0","","","0","N","0","","39 58:46.363","2","3","75 06:28.082","0","0","0","0","67301","0","0","0","N","0","0","0","1","68K01","0","","3.0","2200.0","9","N","N","N","1","","0","0","0","0","0","N","","1","0","0","0","0","0","0","2","0","1","","","","N","","","","","","","","","",""
"2022102010","1345","0","0","0","0","0","0","0","0","0","1","1","","67","10","2022","2","40.086003","-75.023803","1337","6","0","0","0","0","0","1","0","0","","0","1","0","","","0","N","0","","40 05:09.611","2","0","75 01:25.690","0","0","0","0","67301","0","0","0","N","0","0","0","3","67301","0","","1.0","1448.0","1","N","N","N","0","","0","0","1","3","2","N","","2","0","0","0","0","0","0","2","0","2","","03","","N","","","","","","","","","",""
"2022100951","0033","1","0","0","0","0","0","0","0","0","4","0","","67","10","2022","7","40.035389","-75.069754","0032","6","0","0","0","0","0","0","0","0","","0","0","0","","","1","","5","","40 02:07.401","","0","75 04:11.116","3","0","0","0","67301","0","0","0","N","0","0","0","3","67301","0","","1.0","","1","N","N","N","0","","1","0","1","3","2","","","2","1","0","0","0","0","0","2","0","2","","03","","N","","","","","","","","","",""
"2022080576","","1","0","0","0","0","0","0","0","0","7","0","","67","8","2022","6","39.929109","-75.243406","","6","0","0","0","0","0","0","0","0","","0","0","0","","","0","N","0","","39 55:44.793","","0","75 14:36.263","0","0","0","0","67301","0","0","0","N","0","0","0","1","00000","0","","4.0","","1","","","N","0","","0","0","0","0","0","","","1","0","0","0","0","0","0","2","0","1","","","","N","","","","","","","","","",""
"2022121501","","0","0","0","0","0","0","0","0","0","4","0","","67","12","2022","1","39.978681","-75.26787","","6","0","0","0","0","0","1","0","0","","0","0","0","","","0","","2","","39 58:43.250","","0","75 16:04.332","0","0","0","0","67301","0","0","0","N","0","0","0","2","00000","0","","1.0","","1","","","N","0","","0","0","2","0","0","","","2","0","1","0","0","0","0","2","0","2","","","","N","","","","","","","","","",""
"2022089513","1717","2","0","0","0","0","0","0","0","0","4","0","","67","9","2022","4","40.125","-75.017763","1717","6","0","0","0","0","0","1","0","0","","0","0","0","","","1","","1","","40 07:29.999","","0","75 01:03.946","3","0","0","0","67301","0","0","0","N","0","0","0","2","67301","0","","1.0","","1","N","N","N","0","","1","0","0","3","3","","","2","1","0","0","0","0","0","2","0","2","","03","","N","","","","","","","","","",""
"2022093290","1845","0","0","0","0","0","0","0","0","0","8","0","","67","10","2022","2","39.964272","-75.159125","1838","6","0","0","0","0","0","0","0","0","","0","0","0","","","1","N","0","","39 57:51.378","","0","75 09:32.850","3","0","0","0","67301","1","0","0","N","1","0","0","2","67301","0","","1.0","","9","N","N","N","0","","1","0","0","0","0","","","2","1","0","0","0","0","0","2","1","1","","07","","N","","","","","","","","","",""
"2022083620","0739","0","0","0","0","0","0","0","0","0","8","0","","67","9","2022","6","40.038461","-75.036321","0726","6","0","0","0","0","0","0","0","0","","0","0","0","","","1","","1","","40 02:18.460","","0","75 02:10.757","3","0","0","0","67301","1","0","0","N","1","0","0","2","67301","0","","1.0","","1","N","N","N","0","","1","0","1","3","2","","","2","1","0","0","0","0","0","2","0","1","","","","N","","","","","","","","","",""
"2022120334","0229","4","0","0","0","0","0","0","0","0","1","0","","67","12","2022","1","40.043622","-75.128908","0228","6","0","0","0","0","0","0","0","0","","0","0","0","","","0","N","0","","40 02:37.040","","0","75 07:44.070","0","0","0","0","67301","0","0","0","N","0","0","0","1","67301","0","","1.0","","1","N","N","N","0","","0","0","1","0","0","","","5","0","0","0","0","0","0","2","0","5","","","","N","","","","","","","","","",""
"2022090681","1708","2","0","0","0","0","0","0","0","0","4","0","","67","9","2022","5","40.027594","-75.028429","1706","6","0","0","0","0","0","1","0","0","","0","0","0","","","1","N","0","","40 01:39.337","1","7","75 01:42.345","3","0","0","0","67301","0","0","0","N","0","0","0","4","67301","0","","1.0","1930.0","1","N","N","N","0","","1","0","1","0","0","Y","","3","1","0","0","0","0","0","2","0","3","","","","N","","","","","","","","","",""
"2022102143","1059","0","0","0","0","0","0","0","0","0","7","0","","67","9","2022","6","39.983468","-75.097629","1059","6","0","0","1","0","0","0","0","0","","0","0","0","","","1","N","0","","39 59:00.484","1","3","75 05:51.463","3","0","0","0","67301","0","0","0","N","0","0","0","1","68K01","0","","2.0","1115.0","1","N","N","N","0","","1","0","0","0","0","N","","1","1","0","0","0","0","0","2","1","1","","","","N","","","","","","","","","",""
"2022097351","1215","2","0","0","0","0","0","0","0","0","7","0","","67","9","2022","3","39.95745","-75.158678","1158","6","0","0","0","0","0","0","0","0","","0","0","0","","","0","N","0","","39 57:26.819","4","1","75 09:31.239","9","0","0","0","67301","0","0","0","N","0","0","0","3","68K01","0","","3.0","15.0","9","N","N","N","0","","0","0","0","0","0","N","","3","0","0","0","0","0","1","2","0","3","","07","","N","","","","","","","","","",""
"2022090284","0930","0","0","0","0","0","0","0","0","0","8","0","","67","9","2022","5","40.025694","-75.055413","0919","6","0","0","0","0","0","0","0","0","","0","0","0","","","1","","1","","40 01:32.498","","0","75 03:19.485","8","0","0","0","67301","1","0","0","N","1","0","0","2","67301","0","","1.0","","1","N","N","N","0","","0","0","0","3","2","","","2","1","0","0","0","1","1","2","0","1","","03","","N","","","","","","","","","",""
"2022118338","","1","0","0","0","0","0","0","0","0","7","0","","67","12","2022","1","39.877554","-75.213521","","6","1","0","0","0","0","0","0","0","","0","0","0","","","1","N","0","","39 52:39.193","","0","75 12:48.676","8","0","0","0","67301","0","0","0","N","0","0","0","4","00000","0","","4.0","","1","","","N","0","","0","0","0","0","0","","","1","1","1","0","0","1","0","2","0","1","","","","N","","","","","","","","","",""
"2022119580","1115","2","0","0","0","0","0","0","0","0","4","0","","67","9","2022","3","40.02131","-75.122413","1115","6","0","0","0","0","0","0","0","0","","0","0","0","","","1","","1","","40 01:16.715","","0","75 07:20.686","3","0","0","0","67301","0","0","0","N","0","0","0","2","67301","0","","1.0","","9","N","N","N","0","","1","0","0","3","3","","","2","1","0","0","0","0","0","2","0","2","","04","","N","","","","","","","","","",""
"2022101112","1115","1","0","0","0","0","0","0","0","0","8","0","","67","10","2022","4","40.021555","-75.124352","1057","6","0","0","0","0","0","0","0","0","","0","0","0","","","2","","1","","40 01:17.597","","0","75 07:27.667","3","0","0","0","67301","2","0","0","N","2","0","0","3","67301","0","","1.0","","1","N","N","N","0","","2","0","0","3","1","","","3","2","1","0","0","0","0","2","0","1","","","","N","","","","","","","","","",""
"2022101074","0051","1","0","0","0","0","0","0","0","0","5","0","","67","10","2022","7","39.936305","-75.199482","0051","6","0","0","0","0","1","0","0","0","","0","0","0","","","1","N","0","","39 56:10.699","4","0","75 11:58.136","3","0","0","0","67301","0","0","0","N","0","0","0","4","68K01","0","","1.0","130.0","1","N","N","Y","0","","1","0","0","0","0","N","","2","1","0","0","0","0","1","2","0","2","","","","N","","","","","","","","","",""
"2022101846","0815","0","0","0","0","0","0","1","0","0","1","1","","67","10","2022","2","40.066468","-75.063601","0752","6","0","0","0","0","0","1","0","0","","0","0","0","","","1","N","0","","40 03:59.284","","0","75 03:48.962","3","0","0","0","67301","0","0","0","N","0","0","0","3","67301","0","","1.0","","1","N","N","N","0","","1","0","2","0","0","","","3","1","0","0","0","0","0","2","0","3","","03","","N","","","","","","","","","",""
"2022103625","2255","0","0","0","0","0","0","0","0","0","7","0","","67","10","2022","2","40.046913","-75.000999","2242","6","0","0","0","0","0","0","0","0","","0","0","0","","","1","N","0","","40 02:48.887","2","0","75 00:03.598","8","0","0","0","67301","0","0","0","N","0","0","0","1","68K01","0","","4.0","2310.0","9","N","N","N","0","","0","0","1","0","0","N","","1","1","1","0","0","1","0","2","0","1","","","","N","","","","","","","","","",""
"2022083600","1434","2","0","0","0","0","0","0","0","0","4","0","","67","9","2022","4","40.076444","-75.032562","1427","6","0","0","0","0","0","0","1","1","","0","0","0","","","2","","1","","40 04:35.200","","0","75 01:57.222","3","0","0","0","67301","0","0","0","N","0","0","0","4","67301","0","","1.0","","1","N","N","N","1","","2","0","0","3","2","","","3","2","0","0","0","0","0","2","0","3","","03","","N","","","","","","","","","",""
"2022101986","0253","1","0","0","0","0","0","0","0","0","7","0","","67","11","2022","3","40.042063","-75.003752","0249","6","0","0","1","0","0","0","0","0","","0","0","0","","","1","N","0","","40 02:31.426","1","0","75 00:13.506","8","0","0","0","67301","0","0","0","N","0","0","0","1","68K01","0","","4.0","255.0","9","N","N","N","0","","0","0","0","0","0","N","","1","1","0","0","0","1","0","2","0","1","","","","N","","","","","","","","","",""
"2022103628","0645","1","0","0","0","0","0","0","0","0","1","0","","67","10","2022","4","39.930136","-75.198169","0634","6","0","0","0","0","0","0","0","0","","0","0","0","","","0","N","0","","39 55:48.491","4","0","75 11:53.407","0","0","0","0","67301","0","0","0","N","0","0","0","3","68K01","0","","1.0","655.0","9","N","N","N","0","","0","0","1","0","0","N","","3","0","0","0","0","0","0","2","1","3","","","","N","","","","","","","","","",""
"2022099058","2039","2","0","0","0","0","0","0","0","0","5","0","","67","8","2022","3","39.968702","-75.127679","2013","6","0","0","0","0","0","0","0","0","","0","0","0","","","0","N","0","","39 58:07.327","1","3","75 07:39.645","0","0","0","0","67301","0","0","0","N","0","0","0","3","68K01","0","","1.0","2130.0","1","N","N","N","0","","0","0","1","0","0","N","","3","0","0","0","0","0","0","2","0","3","","","","N","","","","","","","","","",""
"2022102451","2034","1","0","0","0","0","0","0","0","0","4","0","","67","9","2022","4","39.93243","-75.224588","2034","6","0","0","0","0","0","0","0","0","","0","0","0","","","3","","1","","39 55:56.749","","0","75 13:28.517","3","0","0","0","67301","0","0","0","N","0","0","0","3","67301","0","","1.0","","1","N","N","Y","0","","3","0","0","3","2","","","2","3","1","0","0","0","0","2","1","2","","","","N","","","","","","","","","",""
"2022102025","1815","0","0","0","0","0","0","1","0","0","1","1","","67","10","2022","4","39.884928","-75.242006","1810","6","0","0","0","0","0","1","0","0","","0","0","0","","","2","N","0","","39 53:05.740","","0","75 14:31.220","4","0","0","0","67301","0","0","0","N","0","0","0","3","67301","2","","1.0","","1","N","N","N","1","","0","0","0","0","0","","","2","2","0","0","0","0","0","2","0","2","","04","","N","","","","","","","","","",""
"2022101104","1330","0","0","0","0","0","0","0","0","0","4","0","","67","10","2022","7","39.958286","-75.164069","1330","6","0","0","0","0","0","1","0","0","","0","0","0","","","1","","1","","39 57:29.829","","0","75 09:50.647","8","0","0","0","67301","0","0","0","N","0","0","0","3","67301","0","","1.0","","1","N","N","Y","0","","0","0","2","9","2","","","2","1","0","0","0","1","1","2","0","2","","03","","N","","","","","","","","","",""
"2022104967","2311","2","0","0","0","0","0","0","0","0","5","0","","67","10","2022","6","40.013886","-75.141533","2311","6","0","0","0","0","0","0","0","0","","0","0","0","","","0","N","0","","40 00:49.990","","0","75 08:29.520","9","0","0","0","67301","0","0","0","N","0","0","0","1","67301","0","","1.0","","1","N","N","N","0","","0","0","0","0","0","","","2","0","1","0","0","0","1","2","0","2","","","","N","","","","","","","","","",""
"2022084257","","1","0","0","0","0","0","0","0","0","1","0","","67","9","2022","4","40.00106","-75.084133","","6","0","0","1","0","0","1","0","0","","0","0","0","","","2","Y","0","","40 00:03.815","","2","75 05:02.877","8","0","0","0","67301","0","0","0","N","0","0","0","3","00000","0","","1.0","","1","","","N","0","","0","0","1","3","2","","","2","2","0","0","0","2","0","2","0","2","","","","N","","","","","","","","","",""
"2022088708","0229","2","0","0","0","0","0","0","0","0","5","0","","67","9","2022","3","39.971725","-75.193331","0223","6","0","0","0","0","0","0","0","0","","0","0","0","","","0","","7","","39 58:18.209","4","2","75 11:35.991","0","0","0","0","67301","0","0","0","N","0","0","0","3","68K01","0","","7.0","300.0","1","N","N","N","0","","0","0","0","0","0","Y","","2","0","0","0","0","0","0","2","0","2","","","","N","","","","","","","","","",""
"2022102347","1940","2","0","0","0","0","0","0","0","0","1","0","","67","11","2022","3","39.926871","-75.195053","1931","6","0","0","0","0","0","0","1","0","","0","0","0","","","1","N","0","","39 55:36.734","3","0","75 11:42.192","4","0","0","0","67301","0","0","0","N","0","0","0","3","68K01","1","","3.0","1950.0","1","N","N","N","0","","0","0","0","0","0","N","","3","1","0","0","0","0","1","2","0","3","","","","N","","","","","","","","","",""
"2022084275","1612","1","0","0","0","0","0","0","0","0","5","0","","67","9","2022","6","39.9105","-75.157861","1611","6","0","0","0","0","0","0","0","0","","0","0","0","","","1","","7","","39 54:37.800","","8","75 09:28.300","3","0","0","0","67301","0","0","0","N","0","0","0","3","67501","0","","7.0","","1","N","N","N","0","","1","0","1","0","0","","","2","1","0","0","0","0","1","2","0","2","","","","N","","","","","","","","","",""
"2022100954","1232","0","0","0","0","0","0","0","0","0","8","0","","67","10","2022","7","39.92603","-75.233682","1232","6","0","0","0","0","0","0","0","0","","0","0","0","","","1","","2","","39 55:33.708","","0","75 14:01.255","3","0","0","0","67301","1","0","0","N","1","0","0","1","67301","0","","1.0","","1","N","N","N","0","","1","0","0","3","3","","","2","1","0","0","0","0","0","2","0","1","","03","","N","","","","","","","","","",""
"2022089252","","2","0","0","0","0","0","0","0","0","1","0","","67","8","2022","2","","","","6","0","0","0","0","0","0","0","0","","0","0","0","","","1","N","0","","","","0","","8","0","0","0","67301","0","0","0","N","0","0","0","2","00000","0","","1.0","","1","","","N","0","","0","0","0","0","0","","","2","1","0","0","0","1","0","1","0","2","","","","N","","","","","","","","","",""
"2022101453","0935","0","0","0","0","0","0","0","0","0","4","0","","67","8","2022","5","39.957752","-75.219274","0928","6","0","0","0","0","0","2","0","0","","0","0","0","","","0","","1","","39 57:27.908","","0","75 13:09.386","0","0","0","0","67301","0","0","0","N","0","0","0","2","67301","0","","1.0","","1","N","N","N","2","","0","0","0","3","2","","","2","0","0","0","0","0","0","2","0","2","","03","","N","","","","","","","","","",""
"2022077367","","1","0","0","0","0","0","0","0","0","1","0","","67","7","2022","6","","","","6","0","0","0","0","0","1","0","0","","0","0","0","","","1","","1","","","","0","","8","0","0","0","67301","0","0","0","N","0","0","0","2","00000","0","","1.0","","1","","","N","0","","0","0","1","3","2","","","2","1","1","0","0","1","0","1","0","2","","","","N","","","","","","","","","",""
"2022083549","1720","1","0","0","1","0","0","0","0","0","8","0","","67","9","2022","6","39.930297","-75.144359","1705","6","0","0","0","0","0","0","0","0","","0","0","0","","","1","N","0","","39 55:49.070","","7","75 08:39.691","3","0","0","0","67301","1","0","0","N","0","0","0","2","67301","0","","1.0","","1","N","N","N","0","","1","0","0","0","0","","","2","1","1","0","0","0","0","2","0","1","","03","","N","","","","","","","","","",""
"2022101603","2043","0","0","0","0","0","0","0","0","0","1","0","","67","10","2022","1","40.055589","-75.232387","2041","6","0","0","0","0","0","0","0","0","","0","0","0","","","0","N","0","","40 03:20.119","","0","75 13:56.593","9","0","0","0","67301","0","0","0","N","0","0","0","3","67301","0","","1.0","","1","N","N","N","0","","0","0","2","0","0","","","2","0","1","0","0","0","1","2","0","2","","","","N","","","","","","","","","",""
"2022105125","1553","1","0","0","0","0","0","0","0","0","5","1","","67","11","2022","4","40.106469","-74.998884","1544","6","0","0","0","0","0","0","1","0","","0","1","0","","","0","","2","","40 06:23.287","7","0","74 59:55.982","0","0","0","0","67301","0","0","0","N","0","0","0","4","67301","0","","1.0","1605.0","1","N","N","N","0","","0","0","0","3","2","Y","","2","0","0","0","0","0","0","2","0","2","","","","N","","","","","","","","","",""
"2022094542","0030","2","0","0","0","0","0","0","0","0","1","0","","67","10","2022","5","39.956387","-75.189326","0030","6","0","0","0","0","0","0","0","0","","0","0","0","","","1","N","0","","39 57:22.993","","0","75 11:21.572","3","0","0","0","67301","0","0","0","N","0","0","0","2","67507","0","","1.0","","1","N","N","N","0","","1","0","0","0","0","","","2","1","1","0","0","0","1","2","0","2","","03","","N","","","","","","","","","",""
"2022075124","","1","0","0","0","0","0","0","0","0","5","0","","67","7","2022","6","39.971725","-75.193331","","6","0","0","0","0","0","0","0","0","","0","0","0","","","1","","7","","39 58:18.209","","2","75 11:35.991","8","0","0","0","67301","0","0","0","N","0","0","0","2","00000","0","","7.0","","1","","","N","0","","0","0","1","0","0","","","2","1","1","0","0","1","0","2","0","2","","","","N","","","","","","","","","",""
"2022102045","","0","0","0","0","0","0","0","0","0","5","0","","67","10","2022","3","","","","6","0","0","0","0","0","0","1","0","","0","0","0","","","1","N","0","","","","0","","8","0","0","0","67301","0","0","0","N","0","0","0","2","00000","0","","1.0","","1","","","N","0","","0","0","1","0","0","","","2","1","0","0","0","1","0","1","0","2","","","","N","","","","","","","","","",""
"2022102796","1509","1","0","0","0","0","0","0","0","0","7","0","","67","10","2022","2","40.040588","-75.005666","1448","6","0","0","0","0","0","1","0","0","","0","0","0","","","0","N","0","","40 02:26.116","","0","75 00:20.396","0","0","0","0","67301","0","0","0","N","0","0","0","1","68K01","0","","4.0","","9","N","N","N","0","","0","0","0","0","0","","","1","0","0","0","0","0","0","2","0","1","","04","","N","","","","","","","","","",""
"2022105071","1124","1","0","0","0","0","0","0","0","0","1","0","","67","9","2022","7","39.957107","-75.156796","1106","6","0","0","0","1","0","0","2","0","","0","0","0","","","1","N","0","","39 57:25.584","","0","75 09:24.465","3","0","0","0","67301","0","0","0","N","0","0","0","5","68K01","0","","1.0","","1","N","N","N","0","","1","0","2","0","0","","","3","1","0","0","0","0","0","2","0","3","","03","","N","","","","","","","","","",""
"2022077377","","2","0","0","0","0","0","0","0","0","4","0","","67","8","2022","1","39.941348","-75.217759","","6","0","0","0","0","1","0","0","0","","0","0","0","","","1","","1","","39 56:28.852","","0","75 13:03.932","8","0","0","0","67301","0","0","0","N","0","0","0","2","00000","0","","1.0","","1","","","N","0","","0","0","0","3","2","","","2","1","0","0","0","1","0","2","0","2","","","","N","","","","","","","","","",""
"2022083605","0850","0","0","0","0","0","0","0","0","0","8","0","","67","9","2022","6","39.927808","-75.236981","0850","6","0","0","0","0","0","0","0","0","","0","0","0","","","1","","1","","39 55:40.109","","0","75 14:13.130","3","0","0","0","67301","1","0","0","N","1","0","0","2","67301","0","","1.0","","1","N","N","N","0","","1","0","0","3","2","","","2","1","0","0","0","0","0","2","1","1","","03","","N","","","","","","","","","",""
"2022080570","","0","0","0","0","0","0","0","0","0","1","0","","67","8","2022","2","40.007199","-75.200233","","6","0","0","0","0","0","0","0","0","","0","0","0","","","2","N","7","","40 00:25.917","","2","75 12:00.838","8","0","0","0","67301","0","0","0","N","0","0","0","3","00000","0","","7.0","","1","","","N","0","","0","0","0","0","0","","","2","2","1","0","0","2","0","2","1","2","","","","N","","","","","","","","","",""
"2022083556","1328","0","0","0","0","0","0","0","0","0","1","0","","67","9","2022","4","40.028579","-75.033945","1328","6","0","0","0","0","0","0","0","0","","0","0","0","","","1","","1","","40 01:42.885","","0","75 02:02.202","4","0","0","0","67301","0","0","0","N","0","0","0","3","67301","1","","1.0","","1","N","N","N","1","","0","0","0","3","2","","","3","1","1","0","0","0","0","2","2","3","","","","N","","","","","","","","","",""
"2022083652","2030","1","0","0","0","0","0","0","0","0","4","0","","67","9","2022","3","40.010483","-75.160772","2030","6","0","0","0","0","0","1","0","0","","0","0","0","","","1","","1","","40 00:37.740","","0","75 09:38.779","3","0","0","0","67301","0","0","0","N","0","0","0","2","67301","0","","1.0","","9","N","N","N","0","","1","0","1","3","3","","","2","1","0","0","0","0","1","2","0","2","","","","N","","","","","","","","","",""
"2022083548","1212","1","0","0","1","0","0","0","0","0","8","0","","67","9","2022","5","39.937583","-75.165","1209","6","0","0","0","0","0","0","0","0","","0","0","0","","","1","N","0","","39 56:15.300","","7","75 09:54.000","8","0","0","0","67301","1","0","0","N","0","0","0","2","67301","0","","1.0","","1","N","N","N","0","","0","0","0","0","0","","","2","1","0","0","0","1","0","2","0","1","","03","","N","","","","","","","","","",""
"2022072951","","0","0","0","0","0","0","0","0","0","4","0","","67","7","2022","6","39.918722","-75.209528","","6","0","0","0","0","0","1","0","0","","0","0","0","","","1","N","0","","39 55:07.400","","7","75 12:34.300","8","0","0","0","67301","0","0","0","N","0","0","0","2","00000","0","","1.0","","1","","","N","0","","0","0","0","0","0","","","2","1","0","0","0","1","0","2","1","2","","","","N","","","","","","","","","",""
"2022083643","1645","0","0","0","0","0","0","0","0","0","4","0","","67","9","2022","5","39.969475","-75.139614","1645","6","0","0","0","0","0","0","0","0","","0","0","0","","","0","","5","","39 58:10.111","","0","75 08:22.610","0","0","0","0","67301","0","0","0","N","0","0","0","2","67301","0","","1.0","","99","N","N","N","0","","0","0","2","3","2","","","2","0","0","0","0","0","0","2","0","2","","","","N","","","","","","","","","",""