"CRN","ARRIVAL_TM","AUTOMOBILE_COUNT","BELTED_DEATH_COUNT","BELTED_SUSP_SERIOUS_INJ_COUNT","BICYCLE_COUNT","BICYCLE_DEATH_COUNT","BICYCLE_SUSP_SERIOUS_INJ_COUNT","BUS_COUNT","CHLDPAS_DEATH_COUNT","CHLDPAS_SUSP_SERIOUS_INJ_COUNT","COLLISION_TYPE","COMM_VEH_COUNT","CONS_ZONE_SPD_LIM","COUNTY","CRASH_MONTH","CRASH_YEAR","DAY_OF_WEEK","DEC_LATITUDE","DEC_LONGITUDE","DISPATCH_TM","DISTRICT","DRIVER_COUNT_16YR","DRIVER_COUNT_17YR","DRIVER_COUNT_18YR","DRIVER_COUNT_19YR","DRIVER_COUNT_20YR","DRIVER_COUNT_50_64YR","DRIVER_COUNT_65_74YR","DRIVER_COUNT_75PLUS","EST_HRS_CLOSED","FATAL_COUNT","HEAVY_TRUCK_COUNT","HORSE_BUGGY_COUNT","HOUR_OF_DAY","ILLUMINATION","INJURY_COUNT","INTERSECTION_RELATED","INTERSECT_TYPE","LANE_CLOSED","LATITUDE","LN_CLOSE_DIR","LOCATION_TYPE","LONGITUDE","MAX_SEVERITY_LEVEL","MCYCLE_DEATH_COUNT","MCYCLE_SUSP_SERIOUS_INJ_COUNT","MOTORCYCLE_COUNT","MUNICIPALITY","NONMOTR_COUNT","NONMOTR_DEATH_COUNT","NONMOTR_SUSP_SERIOUS_INJ_COUNT","NTFY_HIWY_MAINT","PED_COUNT","PED_DEATH_COUNT","PED_SUSP_SERIOUS_INJ_COUNT","PERSON_COUNT","POLICE_AGCY","POSSIBLE_INJ_COUNT","RDWY_SURF_TYPE_CD","RELATION_TO_ROAD","ROADWAY_CLEARED","ROAD_CONDITION","SCH_BUS_IND","SCH_ZONE_IND","SECONDARY_CRASH","SMALL_TRUCK_COUNT","SPEC_JURIS_CD","SUSP_MINOR_INJ_COUNT","SUSP_SERIOUS_INJ_COUNT","SUV_COUNT","TCD_FUNC_CD","TCD_TYPE","TFC_DETOUR_IND","TIME_OF_DAY","TOTAL_UNITS","TOT_INJ_COUNT","UNBELTED_OCC_COUNT","UNB_DEATH_COUNT","UNB_SUSP_SERIOUS_INJ_COUNT","UNK_INJ_DEG_COUNT","UNK_INJ_PER_COUNT","URBAN_RURAL","VAN_COUNT","VEHICLE_COUNT","WEATHER1","WEATHER2","WORKERS_PRES","WORK_ZONE_IND","WORK_ZONE_LOC","WORK_ZONE_TYPE","WZ_CLOSE_DETOUR","WZ_FLAGGER","WZ_LAW_OFFCR_IND","WZ_LN_CLOSURE","WZ_MOVING","WZ_OTHER","WZ_SHLDER_MDN","WZ_WORKERS_INJ_KILLED"
"2022072945","","1","0","0","0","0","0","0","0","0","6","0","","67","7","2022","7","","","","6","0","0","0","0","0","0","0","0","","0","0","0","","","1","N","0","","","","0","","8","0","0","0","67301","0","0","0","N","0","0","0","2","00000","0","","1.0","","1","","","N","0","","0","0","1","0","0","","","2","1","0","0","0","1","0","1","0","2","","","","N","","","","","","","","","",""
"2022103291","1240","1","0","0","0","0","0","0","0","0","4","0","","67","11","2022","6","40.106585","-75.029879","1229","6","0","0","0","0","0","0","0","0","","0","0","0","","","0","N","0","","40 06:23.705","","0","75 01:47.563","9","0","0","0","67301","0","0","0","N","0","0","0","7","67301","0","","1.0","","1","N","N","N","0","","0","0","1","0","0","","","2","0","0","0","0","0","6","2","0","2","","","","N","","","","","","","","","",""
"2022103616","1707","1","0","0","0","0","0","0","0","0","1","0","","67","10","2022","4","39.957256","-75.140662","1703","6","0","0","0","0","0","0","0","0","","0","0","0","","","1","N","0","","39 57:26.120","","2","75 08:26.382","8","0","0","0","67301","0","0","0","N","0","0","0","2","68K01","0","","1.0","","1","N","N","N","0","","0","0","1","0","0","","","2","1","0","0","0","1","0","2","0","2","","","","N","","","","","","","","","",""
"2022102968","0007","0","0","0","0","0","0","0","0","0","8","0","","67","11","2022","4","40.017561","-75.153803","0007","6","0","0","0","0","0","0","0","0","","0","0","0","","","1","N","0","","40 01:03.220","","0","75 09:13.690","2","0","0","0","67301","1","0","1","N","1","0","1","1","67301","0","","1.0","","1","N","N","N","0","","0","1","1","0","0","","","2","1","0","0","0","0","0","2","0","1","","","","N","","","","","","","","","",""
"2022088945","1325","1","0","0","0","0","0","0","0","0","5","0","","67","9","2022","3","39.978733","-75.158249","1325","6","0","0","0","0","0","0","0","0","","0","0","0","","","0","N","0","","39 58:43.438","","0","75 09:29.697","9","0","0","0","67301","0","0","0","N","0","0","0","2","67505","0","","1.0","","1","N","N","N","1","","0","0","0","0","0","","","2","0","1","0","0","0","1","2","0","2","","","","N","","","","","","","","","",""
"2022101031","2239","1","0","0","0","0","0","0","0","0","7","0","","67","10","2022","2","39.983094","-75.208123","2238","6","0","0","0","0","0","0","0","0","","0","0","0","","","0","N","0","","39 58:59.139","3","0","75 12:29.242","0","0","0","0","67301","0","0","0","N","0","0","0","1","68K01","0","","1.0","2300.0","1","N","N","N","0","","0","0","0","0","0","N","","1","0","0","0","0","0","0","2","0","1","","","","N","","","","","","","","","",""
"2022081972","1010","1","0","0","0","0","0","0","0","0","1","0","","67","9","2022","3","39.917516","-75.156135","0929","6","0","0","0","0","0","0","0","0","","0","0","0","","","1","","1","","39 55:03.057","","0","75 09:22.086","3","0","0","0","67301","0","0","0","N","0","0","0","2","67301","0","","1.0","","8","N","Y","N","0","","1","0","1","3","2","","","2","1","0","0","0","0","0","2","0","2","","04","","N","","","","","","","","","",""
"2022083594","0757","0","0","0","0","0","0","0","0","0","1","0","","67","9","2022","5","40.085813","-75.038098","0757","6","0","0","0","0","0","0","0","0","","0","0","0","","","1","Y","0","","40 05:08.927","","0","75 02:17.153","3","0","0","0","67301","0","0","0","N","0","0","0","2","67301","0","","1.0","","1","N","N","N","1","","1","0","1","3","2","","","2","1","0","0","0","0","0","2","0","2","","","","N","","","","","","","","","",""
"2022102141","0857","0","0","0","0","0","0","0","0","0","7","0","","67","8","2022","1","39.93125","-75.199423","0847","6","0","0","0","0","0","0","0","0","","0","0","0","","","2","N","0","","39 55:52.501","3","0","75 11:57.922","3","0","0","0","67301","0","0","0","N","0","0","0","3","68K01","0","","3.0","953.0","1","N","N","N","0","","2","0","1","0","0","N","","1","2","0","0","0","0","0","2","0","1","","","","N","","","","","","","","","",""
"2022082000","","1","0","0","0","0","0","0","0","0","5","0","","67","7","2022","2","40.008859","-75.151217","","6","0","0","0","0","0","0","0","0","","0","0","0","","","1","N","0","","40 00:31.894","","0","75 09:04.380","8","0","0","0","67301","0","0","0","N","0","0","0","2","00000","0","","1.0","","1","","","N","0","","0","0","1","0","0","","","2","1","0","0","0","1","0","2","0","2","","","","N","","","","","","","","","",""
"2022103477","1814","1","0","0","0","0","0","0","0","0","1","0","","67","9","2022","6","39.915959","-75.147777","1809","6","0","0","0","0","0","0","0","0","","0","0","0","","","0","N","0","","39 54:57.454","","0","75 08:51.997","0","0","0","0","67301","0","0","0","N","0","0","0","3","68K01","0","","1.0","","1","N","N","N","0","","0","0","1","0","0","","","2","0","0","0","0","0","0","2","0","2","","03","","N","","","","","","","","","",""
"2022101452","1120","2","0","0","0","0","0","0","0","0","2","0","","67","8","2022","4","39.957872","-75.214175","1120","6","0","0","0","0","0","1","0","0","","0","0","0","","","0","","1","","39 57:28.339","1","0","75 12:51.029","0","0","0","0","67301","0","0","0","N","0","0","0","2","67301","0","","1.0","1231.0","1","N","N","N","0","","0","0","0","3","3","Y","","2","0","0","0","0","0","0","2","0","2","","03","","N","","","","","","","","","",""
"2022091840","","1","0","0","0","0","0","0","0","0","4","0","","67","9","2022","3","39.895561","-75.233545","","6","0","0","0","0","0","1","0","0","","0","0","0","","","2","","2","","39 53:44.021","","0","75 14:00.761","8","0","0","0","67301","0","0","0","N","0","0","0","3","00000","0","","1.0","","1","","","N","0","","0","0","0","3","2","","","2","2","0","0","0","2","0","2","0","2","","","","N","","","","","","","","","",""
"2022094616","1600","1","0","0","0","0","0","0","0","0","8","0","","67","10","2022","3","39.938221","-75.149938","1600","6","0","0","0","0","0","0","0","0","","0","0","0","","","1","","1","","39 56:17.597","","0","75 08:59.778","3","0","0","0","67301","1","0","0","N","1","0","0","2","67301","0","","1.0","","1","N","N","N","0","","1","0","0","0","0","","","2","1","0","0","0","0","0","2","0","1","","03","","N","","","","","","","","","",""
"2022101457","1409","1","0","0","0","0","0","0","0","0","1","1","","67","10","2022","1","39.991346","-75.134856","1409","6","0","0","0","0","0","0","0","0","","0","0","0","","","4","","1","","39 59:28.846","3","0","75 08:05.483","3","0","0","0","67301","0","0","0","N","0","0","0","4","67301","0","","1.0","1530.0","1","N","N","N","1","","3","0","0","3","2","Y","","2","4","1","0","0","1","0","2","0","2","","","","N","","","","","","","","","",""
"2022085388","1411","1","0","0","0","0","0","0","0","0","1","0","","67","9","2022","4","39.966286","-75.22481","1411","6","0","0","0","0","0","0","0","0","","0","0","0","","","1","N","0","","39 57:58.628","5","0","75 13:29.317","2","0","1","1","67301","0","0","0","N","0","0","0","2","67301","0","","1.0","1440.0","1","N","N","N","0","","0","1","0","0","0","Y","","2","1","0","0","0","0","0","2","0","2","","03","","N","","","","","","","","","",""
"2022099556","1754","0","0","0","0","0","0","0","0","0","5","0","45","67","9","2022","1","39.997153","-75.082171","1744","6","0","0","0","0","0","1","0","0","","0","0","0","","","3","N","0","","39 59:49.749","3","0","75 04:55.815","3","0","0","0","67301","0","0","0","N","0","0","0","3","68K01","0","","1.0","1844.0","1","N","N","N","0","","1","0","2","0","0","N","","2","3","1","0","0","2","0","2","0","2","","","N","Y","4","1","","","N","","","","Y","N"
"2022083631","1435","0","0","0","0","0","0","0","0","0","4","0","","67","9","2022","4","39.980979","-75.175711","1427","6","0","0","0","0","0","0","0","0","","0","0","0","","","0","","1","","39 58:51.524","","0","75 10:32.559","0","0","0","0","67301","0","0","0","N","0","0","0","3","67301","0","","1.0","","1","N","N","N","0","","0","0","2","3","2","","","2","0","3","0","0","0","0","2","0","2","","04","","N","","","","","","","","","",""
"2022099883","1220","1","0","0","0","0","0","0","0","0","4","0","","67","8","2022","1","39.988657","-75.187059","1220","6","0","0","0","0","0","1","0","0","","0","0","0","","","2","","1","","39 59:19.164","","0","75 11:13.413","3","0","0","0","67301","0","0","0","N","0","0","0","3","67301","0","","1.0","","99","N","N","N","0","","2","0","1","3","2","","","2","2","0","0","0","0","1","2","0","2","","","","N","","","","","","","","","",""
"2022101310","1241","1","0","0","0","0","0","0","0","0","1","0","","67","10","2022","7","39.991735","-75.20279","1234","6","0","0","1","0","0","0","0","0","","0","0","0","","","0","N","0","","39 59:30.247","","0","75 12:10.045","0","0","0","0","67301","0","0","0","N","0","0","0","2","68K01","0","","1.0","","1","N","N","N","0","","0","0","1","0","0","","","2","0","1","0","0","0","0","2","0","2","","","","N","","","","","","","","","",""
"2022102226","1202","0","0","0","0","0","0","0","0","0","8","0","","67","11","2022","3","39.953837","-75.175072","1202","6","0","0","0","0","0","0","0","0","","0","0","0","","","1","","1","","39 57:13.812","","0","75 10:30.258","3","0","0","0","67301","1","0","0","N","1","0","0","2","67301","0","","1.0","","1","N","N","N","0","","1","0","1","3","2","","","2","1","0","0","0","0","0","2","0","1","","","","N","","","","","","","","","",""
"2022083632","1832","1","0","0","0","0","0","0","0","0","7","0","","67","9","2022","5","39.988881","-75.192394","1824","6","0","0","0","0","0","0","0","0","","0","0","0","","","0","N","0","","39 59:19.970","","0","75 11:32.620","0","0","0","0","67301","0","0","0","N","0","0","0","1","67301","0","","4.0","","1","N","N","N","0","","0","0","0","0","0","","","1","0","0","0","0","0","0","2","0","1","","","","N","","","","","","","","","",""
"2022083604","2034","2","0","0","0","0","0","0","0","0","4","0","","67","9","2022","4","39.929053","-75.220583","2034","6","0","0","0","0","1","0","0","0","","0","0","0","","","0","","1","","39 55:44.592","","0","75 13:14.099","0","0","0","0","67301","0","0","0","N","0","0","0","2","67301","0","","1.0","","1","N","N","Y","0","","0","0","0","3","1","","","2","0","1","0","0","0","0","2","0","2","","03","","N","","","","","","","","","",""
"2022102205","0740","1","0","0","0","0","0","0","0","0","1","0","","67","11","2022","3","39.986258","-75.092031","0656","6","0","0","0","0","1","0","0","0","","0","0","0","","","0","N","0","","39 59:10.528","","0","75 05:31.311","0","0","0","0","67301","0","0","0","N","0","0","0","2","68K01","0","","1.0","","9","N","N","N","1","","0","0","0","0","0","","","2","0","0","0","0","0","0","2","0","2","","04","","N","","","","","","","","","",""
"2022084312","2323","0","0","0","0","0","0","0","0","0","4","0","","67","9","2022","6","39.961593","-75.175025","2323","6","0","0","0","0","0","0","0","0","","0","0","0","","","1","","1","","39 57:41.736","1","0","75 10:30.090","3","0","0","0","67301","0","0","0","N","0","0","0","5","67301","0","","1.0","2354.0","1","N","N","N","1","","1","0","1","3","2","N","","2","1","0","0","0","0","0","2","0","2","","03","","N","","","","","","","","","",""
"2022087743","1205","1","0","0","0","0","0","0","0","0","5","0","","67","9","2022","5","40.067999","-75.040237","1200","6","0","0","0","0","0","1","0","0","","0","0","0","","","0","","8","","40 04:04.796","1","0","75 02:24.854","0","0","0","0","67301","0","0","0","N","0","0","0","2","67301","0","","1.0","1210.0","1","N","N","N","1","","0","0","0","3","8","N","","2","0","0","0","0","0","0","2","0","2","","","","N","","","","","","","","","",""
"2022095488","1400","0","0","0","0","0","0","0","0","0","4","0","","67","10","2022","6","40.071459","-75.077351","1348","6","0","0","0","0","0","0","0","0","","0","0","0","","","1","N","0","","40 04:17.252","","0","75 04:38.462","3","0","0","1","67301","0","0","0","N","0","0","0","2","67301","0","","1.0","","1","N","N","N","1","","1","0","0","0","0","","","2","1","0","0","0","0","0","2","0","2","","","","N","","","","","","","","","",""
"2022086786","1522","0","0","0","0","0","0","0","0","0","5","1","","67","9","2022","3","40.082106","-74.966731","1421","6","0","0","0","0","0","0","0","0","","0","1","0","","","1","N","0","","40 04:55.580","","0","74 58:00.233","3","0","0","0","67301","0","0","0","N","0","0","0","2","68M03","0","","1.0","","1","N","N","N","0","","1","0","1","0","0","","","2","1","0","0","0","0","1","2","0","2","","03","","N","","","","","","","","","",""
"2022084736","1248","0","0","0","0","0","0","0","0","0","8","0","","67","9","2022","5","39.978627","-75.133487","1248","6","0","0","0","0","0","0","0","0","","0","0","0","","","1","","2","","39 58:43.057","","1","75 08:00.553","2","0","0","0","67301","1","0","1","N","1","0","1","2","67301","0","","1.0","","1","N","N","N","0","","0","1","0","3","2","","","2","1","0","0","0","0","0","2","0","1","","","","N","","","","","","","","","",""
"2022102030","2155","4","0","0","0","0","0","1","0","0","5","1","","67","10","2022","6","40.030611","-75.218083","2140","6","0","0","0","0","0","1","0","0","","0","0","0","","","0","N","0","","40 01:50.200","","0","75 13:05.100","0","0","0","0","67301","0","0","0","N","0","0","0","1","67508","0","","6.0","","1","N","N","Y","0","","0","0","1","0","0","","","6","0","0","0","0","0","0","2","0","6","","03","","N","","","","","","","","","",""
"2022083601","1646","1","0","0","0","0","0","0","0","0","4","0","","67","9","2022","5","40.077433","-75.024275","1641","6","0","0","0","0","0","0","0","1","","0","0","0","","","2","N","0","","40 04:38.760","2","7","75 01:27.390","3","0","0","0","67301","0","0","0","N","0","0","0","3","67301","0","","1.0","15.0","1","N","N","N","0","","2","0","1","0","0","N","","2","2","3","0","0","0","0","2","0","2","","03","","N","","","","","","","","","",""
"2022093413","0230","3","0","0","0","0","0","0","0","0","6","0","","67","9","2022","5","39.954319","-75.219997","0229","6","0","0","0","0","0","0","0","0","","0","0","0","","","0","N","0","","39 57:15.550","","0","75 13:11.990","0","0","0","0","67301","0","0","0","N","0","0","0","1","67301","0","","6.0","","1","N","N","N","0","","0","0","2","0","0","","","5","0","1","0","0","0","0","2","0","5","","03","","N","","","","","","","","","",""
"2022081979","1902","0","0","0","0","0","0","0","0","0","1","0","","67","9","2022","3","39.893181","-75.221997","1900","6","0","0","0","0","0","1","0","0","","0","0","0","","","1","N","0","","39 53:35.450","","3","75 13:19.188","3","0","0","0","67301","0","0","0","N","0","0","0","2","67301","0","","1.0","","99","N","N","N","1","","1","0","1","0","0","","","2","1","0","0","0","0","1","2","0","2","","98","","N","","","","","","","","","",""
"2022083648","0845","1","0","0","0","0","0","0","0","0","8","0","","67","9","2022","5","40.052077","-75.141781","0832","6","0","0","0","0","0","0","0","0","","0","0","0","","","1","","1","","40 03:07.476","","0","75 08:30.412","8","0","0","0","67301","1","0","0","N","1","0","0","2","67301","0","","1.0","","1","N","N","N","0","","0","0","0","3","2","","","2","1","0","0","0","1","0","2","0","1","","03","","N","","","","","","","","","",""
"2022086938","","1","0","0","0","0","0","0","0","0","1","0","","67","8","2022","1","39.975088","-75.194965","","6","0","0","0","0","0","0","0","0","","0","0","0","","","1","","1","","39 58:30.316","","0","75 11:41.875","8","0","0","0","67301","0","0","0","N","0","0","0","3","00000","0","","1.0","","1","","","N","0","","0","0","1","3","2","","","3","1","0","0","0","1","0","2","0","3","","","","N","","","","","","","","","",""
"2022101523","2215","1","0","0","0","0","0","0","0","0","98","0","","67","10","2022","2","39.982767","-75.207994","2214","6","0","0","0","0","1","0","0","0","","0","0","0","","","0","N","0","","39 58:57.960","3","0","75 12:28.780","0","0","0","0","67301","0","0","0","N","0","0","0","1","68K01","0","","1.0","2250.0","1","N","N","N","0","","0","0","0","0","0","N","","1","0","0","0","0","0","0","2","0","1","","","","N","","","","","","","","","",""
"2022075127","","0","0","0","0","0","0","0","0","0","5","0","","67","8","2022","4","","","","6","0","0","0","0","0","1","0","0","","0","0","0","","","1","N","0","","","","0","","8","0","0","0","67301","0","0","0","N","0","0","0","2","00000","0","","1.0","","1","","","N","0","","0","0","1","0","0","","","2","1","0","0","0","1","0","1","0","2","","","","N","","","","","","","","","",""
"2022101853","0530","1","0","0","0","0","0","0","0","0","7","0","","67","10","2022","3","39.990867","-75.185116","0516","6","0","0","0","0","0","0","0","0","","0","0","0","","","0","N","0","","39 59:27.122","","0","75 11:06.416","9","0","0","0","67301","0","0","0","N","0","0","0","1","67301","0","","5.0","","1","N","N","N","0","","0","0","0","0","0","","","1","0","0","0","0","0","1","2","0","1","","","","N","","","","","","","","","",""
"2022083585","1740","3","0","0","0","0","0","0","0","0","1","0","","67","9","2022","4","39.934874","-75.142761","1733","6","0","0","0","0","0","2","0","0","","0","0","0","","","1","","2","","39 56:05.545","","0","75 08:33.938","8","0","0","0","67301","0","0","0","N","0","0","0","6","67301","0","","1.0","","9","N","N","N","0","","0","0","3","3","2","","","6","1","0","0","0","1","0","2","0","6","","04","","N","","","","","","","","","",""
"2022083582","2146","2","0","0","0","0","0","0","0","0","6","0","","67","9","2022","5","40.030233","-75.091833","2145","6","0","0","0","0","0","1","0","0","","0","0","0","","","0","N","0","","40 01:48.840","","0","75 05:30.600","0","0","0","0","67301","0","0","0","N","0","0","0","2","67301","0","","1.0","","1","N","N","N","1","","0","0","0","0","0","","","3","0","1","0","0","0","0","2","0","3","","03","","N","","","","","","","","","",""
"2022107723","0227","2","0","0","0","0","0","0","0","0","5","0","","67","8","2022","7","39.999406","-75.108664","0227","6","0","0","0","0","0","0","0","0","","0","0","0","","","0","N","0","","39 59:57.860","","0","75 06:31.190","0","0","0","0","67301","0","0","0","N","0","0","0","1","67301","0","","6.0","","1","N","N","N","0","","0","0","2","0","0","","","4","0","0","0","0","0","0","2","0","4","","03","","N","","","","","","","","","",""
"2022084289","1628","1","0","0","0","0","0","0","0","0","1","0","","67","9","2022","1","40.044413","-75.143452","1628","6","0","0","0","0","0","1","0","0","","0","0","0","","","0","","1","","40 02:39.888","1","0","75 08:36.428","0","0","0","0","67301","0","0","0","N","0","0","0","4","67301","0","","1.0","15.0","9","N","N","Y","0","","0","0","2","3","2","N","","3","0","0","0","0","0","0","2","0","3","","","","N","","","","","","","","","",""
"2022106561","1008","1","0","0","0","0","0","0","0","0","7","0","","67","9","2022","1","39.889296","-75.218686","0957","6","0","0","0","0","0","0","0","0","","0","0","0","","","1","N","0","","39 53:21.467","2","0","75 13:07.268","3","0","0","0","67301","0","0","0","N","0","0","0","1","68K01","0","","7.0","1023.0","1","N","N","N","0","","1","0","0","0","0","N","","1","1","0","0","0","0","0","2","0","1","","04","","N","","","","","","","","","",""
"2022108072","0350","1","0","0","0","0","0","0","0","0","5","0","","67","9","2022","6","40.000844","-75.098908","0321","6","0","0","0","0","0","0","0","0","","0","0","0","","","0","N","0","","40 00:03.040","","0","75 05:56.070","9","0","0","0","67301","0","0","0","N","0","0","0","1","67301","0","","6.0","","1","N","N","N","0","","0","0","2","0","0","","","3","0","0","0","0","0","1","2","0","3","","","","N","","","","","","","","","",""
"2022109711","1913","1","0","0","0","0","0","0","0","0","1","0","","67","11","2022","6","39.904468","-75.150269","1913","6","0","1","0","0","0","0","0","0","","0","0","0","","","0","N","0","","39 54:16.083","2","0","75 09:00.969","0","0","0","0","67301","0","0","0","N","0","0","0","2","68K01","0","","1.0","1935.0","1","N","N","N","0","","0","0","1","0","0","N","","2","0","0","0","0","0","0","2","0","2","","","","N","","","","","","","","","",""
"2022108272","0321","2","0","0","0","0","0","0","0","0","4","0","","67","11","2022","3","40.026561","-75.096732","0318","6","0","0","0","0","0","0","0","0","","0","0","0","","","0","","2","","40 01:35.621","2","0","75 05:48.236","0","0","0","0","67301","0","0","0","N","0","0","0","1","67301","0","","1.0","400.0","1","N","N","N","0","","0","0","0","3","2","N","","2","0","0","0","0","0","0","2","0","2","","03","","N","","","","","","","","","",""
"2022109348","0822","2","0","0","0","0","0","0","0","0","1","0","","67","11","2022","7","39.967445","-75.131826","0805","6","0","0","0","0","0","0","0","0","","0","0","0","","","0","N","0","","39 58:02.802","","0","75 07:54.572","0","0","0","0","67301","0","0","0","N","0","0","0","3","68K01","0","","1.0","","1","N","N","N","0","","0","0","0","0","0","","","2","0","0","0","0","0","0","2","0","2","","03","","N","","","","","","","","","",""
"2022083591","2036","2","0","0","0","0","0","0","0","0","4","0","","67","9","2022","1","40.064009","-75.239716","2033","6","0","0","0","1","0","0","0","0","","0","0","0","","","0","","1","","40 03:50.433","","0","75 14:22.976","0","0","0","0","67301","0","0","0","N","0","0","0","3","67301","0","","1.0","","9","N","N","N","0","","0","0","0","1","2","","","2","0","3","0","0","0","0","2","0","2","","07","","N","","","","","","","","","",""
"2022101299","2037","0","0","0","0","0","0","0","0","0","1","0","","67","9","2022","6","39.931716","-75.19968","2028","6","0","0","0","0","0","0","0","0","","0","0","0","","","1","N","0","","39 55:54.178","","0","75 11:58.847","4","0","0","0","67301","0","0","0","N","0","0","0","2","68K01","1","","1.0","","1","N","N","N","1","","0","0","1","0","0","","","2","1","0","0","0","0","0","2","0","2","","","","N","","","","","","","","","",""
"2022083615","0450","0","0","0","0","0","0","0","0","0","5","0","","67","9","2022","3","40.0155","-75.074639","0445","6","0","0","0","0","0","0","0","0","","0","0","0","","","0","N","0","","40 00:55.800","","0","75 04:28.700","0","0","0","0","67301","0","0","0","N","0","0","0","1","67301","0","","6.0","","9","N","N","N","0","","0","0","1","0","0","","","2","0","0","0","0","0","0","2","1","2","","07","","N","","","","","","","","","",""
"2022099524","1103","0","0","0","1","0","1","0","0","0","8","0","","67","9","2022","6","39.947708","-75.198621","1102","6","0","0","0","0","0","0","0","0","","0","0","0","","","1","","2","","39 56:51.748","","0","75 11:55.037","2","0","0","0","67301","1","0","1","N","0","0","0","2","67504","0","","1.0","","1","N","N","N","0","","0","1","1","3","2","","","2","1","0","0","0","0","0","2","0","1","","","","N","","","","","","","","","",""
"2022108294","1955","0","0","0","0","0","0","0","0","0","1","1","","67","11","2022","3","40.053088","-75.141561","1955","6","0","0","0","0","0","0","0","0","","0","1","0","","","0","Y","0","","40 03:11.115","","0","75 08:29.619","9","0","0","0","67301","0","0","0","N","0","0","0","2","67301","0","","1.0","","9","N","N","N","0","","0","0","1","3","2","","","2","0","0","0","0","0","1","2","0","2","","","","N","","","","","","","","","",""
"2022091835","","0","0","0","0","0","0","0","0","0","1","0","","67","9","2022","6","","","","6","0","0","0","0","0","0","0","0","","0","0","0","","","2","N","0","","","","0","","8","0","0","0","67301","0","0","0","N","0","0","0","3","00000","0","","1.0","","1","","","N","0","","0","0","2","0","0","","","2","2","1","0","0","2","0","1","0","2","","","","N","","","","","","","","","",""
"2022105803","2132","1","0","0","0","0","0","0","0","0","4","0","","67","7","2022","2","39.945858","-75.240283","2130","6","0","0","0","0","0","1","0","0","","0","0","0","","","1","","5","","39 56:45.089","","0","75 14:25.018","8","0","0","0","67301","0","0","0","N","0","0","0","3","67301","0","","1.0","","1","N","N","N","0","","0","0","1","3","2","","","2","1","1","0","0","1","0","2","0","2","","03","","N","","","","","","","","","",""
"2022088898","0950","1","0","0","0","0","0","0","0","0","4","0","","67","9","2022","3","40.026381","-75.209126","0947","6","0","0","0","0","0","2","0","0","","0","0","0","","","3","N","0","","40 01:34.970","2","7","75 12:32.852","3","0","0","0","67301","0","0","0","N","0","0","0","3","67301","0","","1.0","1112.0","1","N","N","N","0","","2","0","1","0","0","Y","","2","3","3","0","0","1","0","2","0","2","","03","","N","","","","","","","","","",""
"2022101313","1243","2","0","0","0","0","0","0","0","0","1","0","","67","10","2022","1","39.945865","-75.142537","1227","6","0","0","0","0","0","0","0","0","","0","0","0","","","1","N","0","","39 56:45.114","","0","75 08:33.132","3","0","0","0","67301","0","0","0","N","0","0","0","4","68K01","0","","1.0","","9","N","N","N","0","","1","0","0","0","0","","","2","1","0","0","0","0","0","2","0","2","","","","N","","","","","","","","","",""
"2022084542","2150","1","0","0","0","0","0","0","0","0","5","0","","67","9","2022","2","39.987231","-75.159186","2143","6","0","0","0","0","0","0","0","0","","0","0","0","","","0","N","0","","39 59:14.030","","0","75 09:33.070","0","0","0","0","67301","0","0","0","N","0","0","0","2","67301","0","","1.0","","9","N","N","N","0","","0","0","3","0","0","","","4","0","0","0","0","0","0","2","0","4","","07","","N","","","","","","","","","",""
"2022084100","2146","3","0","0","0","0","0","0","0","0","5","0","","67","9","2022","2","40.026981","-75.142125","2144","6","0","0","0","0","0","0","0","0","","0","0","0","","","1","N","0","","40 01:37.130","","0","75 08:31.650","3","0","0","0","67301","0","0","0","N","0","0","0","1","67301","0","","6.0","","9","N","N","N","0","","1","0","0","0","0","","","3","1","0","0","0","0","0","2","0","3","","","","N","","","","","","","","","",""
"2022072939","","1","0","0","0","0","0","0","0","0","1","0","","67","7","2022","7","39.937955","-75.198683","","6","0","0","0","0","0","1","0","0","","0","0","0","","","1","Y","0","","39 56:16.638","","0","75 11:55.257","8","0","0","0","67301","0","0","0","N","0","0","0","2","00000","0","","1.0","","1","","","N","0","","0","0","0","3","2","","","2","1","0","0","0","1","0","2","0","2","","","","N","","","","","","","","","",""
"2022101849","0802","1","0","0","0","0","0","0","0","0","8","0","","67","9","2022","4","39.960687","-75.243055","0802","6","0","0","0","0","0","0","0","0","","0","0","0","","","1","","1","","39 57:38.474","","0","75 14:34.999","3","0","0","0","67301","1","0","0","N","1","0","0","2","67301","0","","1.0","","1","N","N","N","0","","1","0","0","3","2","","","2","1","0","0","0","0","0","2","0","1","","03","","N","","","","","","","","","",""
"2022084301","2338","1","0","0","0","0","0","0","0","0","1","0","","67","9","2022","2","40.046742","-75.083664","2335","6","0","0","0","0","0","0","0","0","","0","0","0","","","1","N","0","","40 02:48.270","","0","75 05:01.190","3","0","0","0","67301","0","0","0","N","0","0","0","1","67301","0","","6.0","","9","N","N","N","0","","1","0","1","0","0","","","2","1","0","0","0","0","0","2","0","2","","03","","N","","","","","","","","","",""