"CRN","ARRIVAL_TM","AUTOMOBILE_COUNT","BELTED_DEATH_COUNT","BELTED_SUSP_SERIOUS_INJ_COUNT","BICYCLE_COUNT","BICYCLE_DEATH_COUNT","BICYCLE_SUSP_SERIOUS_INJ_COUNT","BUS_COUNT","CHLDPAS_DEATH_COUNT","CHLDPAS_SUSP_SERIOUS_INJ_COUNT","COLLISION_TYPE","COMM_VEH_COUNT","CONS_ZONE_SPD_LIM","COUNTY","CRASH_MONTH","CRASH_YEAR","DAY_OF_WEEK","DEC_LATITUDE","DEC_LONGITUDE","DISPATCH_TM","DISTRICT","DRIVER_COUNT_16YR","DRIVER_COUNT_17YR","DRIVER_COUNT_18YR","DRIVER_COUNT_19YR","DRIVER_COUNT_20YR","DRIVER_COUNT_50_64YR","DRIVER_COUNT_65_74YR","DRIVER_COUNT_75PLUS","EST_HRS_CLOSED","FATAL_COUNT","HEAVY_TRUCK_COUNT","HORSE_BUGGY_COUNT","HOUR_OF_DAY","ILLUMINATION","INJURY_COUNT","INTERSECTION_RELATED","INTERSECT_TYPE","LANE_CLOSED","LATITUDE","LN_CLOSE_DIR","LOCATION_TYPE","LONGITUDE","MAX_SEVERITY_LEVEL","MCYCLE_DEATH_COUNT","MCYCLE_SUSP_SERIOUS_INJ_COUNT","MOTORCYCLE_COUNT","MUNICIPALITY","NONMOTR_COUNT","NONMOTR_DEATH_COUNT","NONMOTR_SUSP_SERIOUS_INJ_COUNT","NTFY_HIWY_MAINT","PED_COUNT","PED_DEATH_COUNT","PED_SUSP_SERIOUS_INJ_COUNT","PERSON_COUNT","POLICE_AGCY","POSSIBLE_INJ_COUNT","RDWY_SURF_TYPE_CD","RELATION_TO_ROAD","ROADWAY_CLEARED","ROAD_CONDITION","SCH_BUS_IND","SCH_ZONE_IND","SECONDARY_CRASH","SMALL_TRUCK_COUNT","SPEC_JURIS_CD","SUSP_MINOR_INJ_COUNT","SUSP_SERIOUS_INJ_COUNT","SUV_COUNT","TCD_FUNC_CD","TCD_TYPE","TFC_DETOUR_IND","TIME_OF_DAY","TOTAL_UNITS","TOT_INJ_COUNT","UNBELTED_OCC_COUNT","UNB_DEATH_COUNT","UNB_SUSP_SERIOUS_INJ_COUNT","UNK_INJ_DEG_COUNT","UNK_INJ_PER_COUNT","URBAN_RURAL","VAN_COUNT","VEHICLE_COUNT","WEATHER1","WEATHER2","WORKERS_PRES","WORK_ZONE_IND","WORK_ZONE_LOC","WORK_ZONE_TYPE","WZ_CLOSE_DETOUR","WZ_FLAGGER","WZ_LAW_OFFCR_IND","WZ_LN_CLOSURE","WZ_MOVING","WZ_OTHER","WZ_SHLDER_MDN","WZ_WORKERS_INJ_KILLED"
"2022084151","1745","0","0","0","0","0","0","0","0","0","8","0","","67","9","2022","3","40.030737","-75.112002","1738","6","0","0","0","0","0","0","0","0","","0","0","0","","","1","","1","","40 01:50.653","","0","75 06:43.207","3","0","0","0","67301","1","0","0","N","1","0","0","2","67301","0","","1.0","","1","N","N","N","0","","1","0","1","3","1","","","2","1","0","0","0","0","0","2","0","1","","03","","N","","","","","","","","","",""
"2022100496","0455","2","0","0","0","0","0","0","0","0","5","0","","67","10","2022","4","39.942552","-75.142923","0448","6","0","0","0","0","0","0","0","0","","0","0","0","","","1","N","0","","39 56:33.188","1","0","75 08:34.523","8","0","0","0","67301","0","0","0","N","0","0","0","2","68K01","0","","1.0","510.0","9","N","N","N","0","","0","0","0","0","0","N","","2","1","0","0","0","1","0","2","0","2","","","","N","","","","","","","","","",""
"2022105805","0334","1","0","0","0","0","0","0","0","0","1","0","","67","7","2022","2","39.957278","-75.247556","0120","6","0","0","0","0","0","0","0","0","","0","0","0","","","1","N","0","","39 57:26.200","","0","75 14:51.200","3","0","0","0","67301","0","0","0","N","0","0","0","2","67301","0","","1.0","","1","N","N","N","0","","1","0","1","0","0","","","2","1","2","0","0","0","0","2","0","2","","03","","N","","","","","","","","","",""
"2022084279","0816","0","0","0","0","0","0","0","0","0","4","0","","67","9","2022","3","40.047268","-75.167742","0815","6","0","0","0","0","0","0","0","0","","0","0","0","","","1","","1","","40 02:50.166","","0","75 10:03.872","3","0","0","0","67301","0","0","0","N","0","0","0","2","67301","0","","1.0","","1","N","N","N","0","","1","0","1","1","2","","","2","1","0","0","0","0","1","2","1","2","","03","","N","","","","","","","","","",""
"2022077376","","0","0","0","0","0","0","0","0","0","1","0","","67","7","2022","2","39.953328","-75.198686","","6","0","0","0","0","0","0","0","0","","0","0","0","","","1","Y","0","","39 57:11.979","","0","75 11:55.271","8","0","0","0","67301","0","0","0","N","0","0","0","2","00000","0","","1.0","","1","","","N","0","","0","0","2","3","2","","","2","1","1","0","0","1","0","2","0","2","","","","N","","","","","","","","","",""
"2022105976","0746","1","0","0","0","0","0","0","0","0","1","0","","67","11","2022","5","40.069699","-75.155912","0737","6","0","0","0","0","0","0","0","0","","0","0","0","","","2","N","0","","40 04:10.915","","0","75 09:21.283","3","0","0","0","67301","0","0","0","N","0","0","0","3","67301","0","","1.0","","1","N","N","N","0","","2","0","2","0","0","","","3","2","1","0","0","0","1","2","0","3","","03","","N","","","","","","","","","",""
"2022084281","1755","1","0","0","0","0","0","0","0","0","6","0","","67","9","2022","3","40.060917","-75.155056","1752","6","0","0","0","0","0","0","0","0","","0","0","0","","","1","N","0","","40 03:39.300","6","0","75 09:18.200","3","0","0","0","67301","0","0","0","N","0","0","0","1","67301","0","","6.0","1818.0","1","N","N","N","0","","1","0","0","0","0","Y","","2","1","1","0","0","0","0","2","1","2","","03","","N","","","","","","","","","",""
"2022081973","0920","1","0","0","0","0","0","0","0","0","1","0","","67","9","2022","3","39.957695","-75.159421","0920","6","0","0","0","0","0","0","0","0","","0","0","0","","","1","N","0","","39 57:27.703","","0","75 09:33.914","3","0","0","0","67301","0","0","0","N","0","0","0","2","67301","0","","1.0","","8","N","N","N","0","","1","0","1","0","0","","","2","1","0","0","0","0","0","2","0","2","","","","N","","","","","","","","","",""
"2022105801","0612","1","0","0","0","0","0","0","0","0","7","0","","67","6","2022","7","39.952806","-75.232583","0612","6","0","0","0","0","0","0","0","0","","0","0","0","","","0","N","0","","39 57:10.100","","0","75 13:57.300","0","0","0","0","67301","0","0","0","N","0","0","0","1","67301","0","","4.0","","1","N","N","N","0","","0","0","0","0","0","","","1","0","1","0","0","0","0","2","0","1","","03","","N","","","","","","","","","",""
"2022101324","0250","2","0","0","0","0","0","0","0","0","5","0","","67","10","2022","3","39.888643","-75.218141","0232","6","0","0","0","0","0","0","0","0","","0","0","0","","","2","N","0","","39 53:19.115","1","0","75 13:05.307","3","0","0","0","67301","0","0","0","N","0","0","0","2","68K01","1","","1.0","300.0","1","N","N","N","0","","1","0","0","0","0","N","","2","2","0","0","0","0","0","2","0","2","","","","N","","","","","","","","","",""
"2022101316","1656","0","0","0","0","0","0","0","0","0","7","0","","67","10","2022","5","40.04459","-75.002235","1649","6","0","0","0","0","0","1","0","0","","0","0","0","","","1","N","0","","40 02:40.524","1","0","75 00:08.045","8","0","0","0","67301","0","0","0","N","0","0","0","1","68K01","0","","2.0","1950.0","1","N","N","N","0","","0","0","0","0","0","N","","1","1","1","0","0","1","0","2","1","1","","03","","N","","","","","","","","","",""
"2022105798","0026","0","0","0","0","0","0","0","0","0","5","1","","67","11","2022","4","40.021122","-75.054464","0022","6","0","0","0","0","0","1","0","0","","0","1","0","","","0","N","0","","40 01:16.040","3","0","75 03:16.070","0","0","0","0","67301","0","0","0","N","0","0","0","1","67301","0","","6.0","300.0","1","N","N","N","0","","0","0","2","0","0","N","","4","0","0","0","0","0","0","2","1","4","","03","","N","","","","","","","","","",""
"2022082019","0946","3","0","0","0","0","0","0","0","0","4","0","","67","9","2022","4","39.981053","-75.163931","0945","6","0","0","0","1","0","0","0","0","","0","0","0","","","1","","1","","39 58:51.790","","0","75 09:50.150","4","0","0","0","67301","0","0","0","N","0","0","0","2","67301","1","","1.0","","9","N","N","N","0","","0","0","0","3","3","","","3","1","0","0","0","0","0","2","0","3","","07","","N","","","","","","","","","",""
"2022101524","1510","0","0","0","0","0","0","1","0","0","5","2","","67","10","2022","5","39.955284","-75.14776","1430","6","0","0","0","0","0","1","0","0","","0","1","0","","","2","N","0","","39 57:19.023","","2","75 08:51.936","4","0","0","0","67301","0","0","0","N","0","0","0","6","67501","2","","1.0","","1","N","N","N","0","","0","0","0","0","0","","","2","2","0","0","0","0","0","2","0","2","","03","","N","","","","","","","","","",""
"2022081680","1238","0","0","0","0","0","0","0","0","0","4","0","","67","9","2022","3","40.123475","-75.015189","1229","6","0","0","0","0","0","0","1","0","","0","0","0","","","1","N","0","","40 07:24.510","","7","75 00:54.680","3","0","0","0","67301","0","0","0","N","0","0","0","2","67301","0","","1.0","","9","N","N","N","0","","1","0","1","0","0","","","2","1","0","0","0","0","0","2","1","2","","07","","N","","","","","","","","","",""
"2022086879","1225","0","0","0","1","0","0","0","0","0","8","0","","67","9","2022","3","39.966975","-75.1416","1220","6","0","0","0","0","0","0","0","0","","0","0","0","","","1","N","0","","39 58:01.110","","0","75 08:29.760","3","0","0","0","67301","1","0","0","N","0","0","0","2","67301","0","","1.0","","1","N","N","N","0","","1","0","1","0","0","","","2","1","0","0","0","0","0","2","0","1","","03","","N","","","","","","","","","",""
"2022094271","1638","1","0","0","0","0","0","0","0","0","4","0","","67","9","2022","1","39.972028","-75.234475","1638","6","0","0","0","0","0","0","0","0","","0","0","0","","","2","","1","","39 58:19.300","","0","75 14:04.109","3","0","0","0","67301","0","0","0","N","0","0","0","3","67301","0","","1.0","","9","N","N","N","0","","2","0","1","3","3","","","2","2","0","0","0","0","0","2","0","2","","","","N","","","","","","","","","",""
"2022085506","1733","0","0","0","0","0","0","0","0","0","1","0","","67","9","2022","5","40.077622","-75.043843","1733","6","0","0","0","0","0","2","0","0","","0","0","0","","","0","","2","","40 04:39.438","5","0","75 02:37.836","0","0","0","0","67301","0","0","0","N","0","0","0","4","67301","0","","1.0","30.0","1","N","N","N","0","","0","0","4","3","2","N","","4","0","0","0","0","0","0","2","0","4","","03","","N","","","","","","","","","",""
"2022084916","0015","1","0","0","0","0","0","0","0","0","1","0","","67","9","2022","1","40.035027","-75.069419","0011","6","0","0","0","0","0","0","1","0","","0","0","0","","","0","","1","","40 02:06.097","","0","75 04:09.909","9","0","0","0","67301","0","0","0","N","0","0","0","2","67301","0","","1.0","","9","N","N","N","0","","0","0","1","3","2","","","2","0","2","0","0","0","2","2","0","2","","","","N","","","","","","","","","",""
"2022085274","1230","0","0","0","0","0","0","0","0","0","1","1","","67","9","2022","5","40.114035","-74.987614","1219","6","0","0","0","0","0","0","0","0","","0","1","0","","","1","","1","","40 06:50.525","","0","74 59:15.412","8","0","0","0","67301","0","0","0","N","0","0","0","2","67301","0","","1.0","","1","N","N","N","0","","0","0","1","3","2","","","2","1","0","0","0","1","0","2","0","2","","","","N","","","","","","","","","",""
"2022084245","","1","0","0","0","0","0","0","0","0","5","0","","67","8","2022","3","39.958711","-75.169531","","6","0","0","0","0","0","1","0","0","","0","0","0","","","1","N","0","","39 57:31.360","","0","75 10:10.310","8","0","0","0","67301","0","0","0","N","0","0","0","2","00000","0","","1.0","","1","","","N","0","","0","0","0","0","0","","","2","1","0","0","0","1","0","2","0","2","","","","N","","","","","","","","","",""
"2022083584","1404","3","0","0","0","0","0","0","0","0","5","0","","67","9","2022","1","40.061578","-75.074561","1358","6","0","0","0","0","0","1","0","0","","0","0","0","","","0","N","0","","40 03:41.680","","0","75 04:28.420","0","0","0","0","67301","0","0","0","N","0","0","0","1","67301","0","","6.0","","9","N","N","Y","0","","0","0","3","0","0","","","7","0","0","0","0","0","0","2","1","7","","07","","N","","","","","","","","","",""
"2022091099","1351","1","0","0","0","0","0","0","0","0","7","0","","67","9","2022","2","39.935708","-75.199798","1322","6","0","0","0","0","0","0","0","0","","0","0","0","","","1","N","0","","39 56:08.549","","3","75 11:59.271","3","0","0","0","67301","0","0","0","N","0","0","0","1","68K01","0","","3.0","","1","N","N","N","0","","1","0","0","0","0","","","1","1","0","0","0","0","0","2","0","1","","03","","N","","","","","","","","","",""
"2022107712","2044","0","0","0","0","0","0","0","0","0","2","0","","67","11","2022","1","40.077322","-75.085406","2034","6","0","0","0","0","0","0","1","0","","0","0","0","","","2","N","0","","40 04:38.359","6","0","75 05:07.460","3","0","0","0","67301","0","0","0","N","0","0","0","3","67301","0","","1.0","200.0","1","N","N","N","0","","2","0","2","0","0","N","","2","2","0","0","0","0","0","2","0","2","","03","","N","","","","","","","","","",""
"2022102015","2110","1","0","0","0","0","0","0","0","0","4","0","","67","10","2022","1","39.973833","-75.206444","2101","6","0","1","0","0","0","0","0","0","","0","0","0","","","2","","1","","39 58:25.797","","0","75 12:23.198","3","0","0","0","67301","0","0","0","N","0","0","0","3","67301","0","","1.0","","1","N","N","N","0","","2","0","1","3","2","","","2","2","0","0","0","0","0","2","0","2","","03","","N","","","","","","","","","",""
"2022084904","1535","1","0","0","0","0","0","0","0","0","8","0","","67","9","2022","4","39.918804","-75.175883","1526","6","0","0","0","0","0","0","0","0","","0","0","0","","","1","","1","","39 55:07.694","","0","75 10:33.178","3","0","0","0","67301","1","0","0","N","1","0","0","2","67301","0","","1.0","","1","N","N","N","0","","1","0","0","3","3","","","2","1","1","0","0","0","0","2","0","1","","03","","N","","","","","","","","","",""
"2022084547","0550","1","0","0","0","0","0","0","0","0","8","0","","67","9","2022","3","40.012024","-75.069564","0545","6","0","0","0","0","0","0","0","0","","0","0","0","","","1","N","0","","40 00:43.287","","0","75 04:10.432","3","0","0","0","67301","1","0","0","N","1","0","0","2","67301","0","","1.0","","9","N","N","N","0","","1","0","0","0","0","","","2","1","0","0","0","0","1","2","0","1","","04","","N","","","","","","","","","",""
"2022101086","0406","1","0","0","0","0","0","0","0","0","7","0","","67","10","2022","1","39.963617","-75.138917","0406","6","0","0","0","0","0","0","0","0","","0","0","0","","","1","N","0","","39 57:49.021","2","2","75 08:20.101","3","0","0","0","67301","0","0","0","N","0","0","0","2","68K01","0","","4.0","435.0","1","N","N","N","0","","1","0","0","0","0","N","","1","1","0","0","0","0","0","2","0","1","","","","N","","","","","","","","","",""
"2022094267","","2","0","0","0","0","0","0","0","0","4","0","","67","7","2022","4","39.957931","-75.164145","","6","0","0","0","0","0","0","0","0","","0","0","0","","","0","","1","","39 57:28.550","","2","75 09:50.921","0","0","0","0","67301","0","0","0","N","0","0","0","2","00000","0","","1.0","","1","","","N","0","","0","0","0","3","2","","","2","0","1","0","0","0","0","2","0","2","","","","N","","","","","","","","","",""
"2022106154","0112","2","0","0","0","0","0","0","0","0","1","0","","67","9","2022","7","39.9551","-75.244219","0112","6","0","0","0","0","0","0","0","0","","0","0","0","","","0","N","0","","39 57:18.360","","0","75 14:39.190","0","0","0","0","67301","0","0","0","N","0","0","0","1","67301","0","","6.0","","1","N","N","Y","0","","0","0","1","0","0","","","3","0","0","0","0","0","0","2","0","3","","03","","N","","","","","","","","","",""
"2022102961","0855","1","0","0","0","0","0","0","0","0","4","0","","67","10","2022","1","39.954001","-75.226129","0836","6","0","0","0","0","0","0","0","0","","0","0","0","","","0","N","0","","39 57:14.405","","0","75 13:34.066","9","0","0","0","67301","0","0","0","N","0","0","0","1","67301","0","","1.0","","1","N","N","N","0","","0","0","1","0","0","","","2","0","0","0","0","0","1","2","0","2","","03","","N","","","","","","","","","",""
"2022084280","1545","0","0","0","0","0","0","0","0","0","4","0","","67","9","2022","3","40.073063","-75.171758","1528","6","0","0","0","0","0","0","2","0","","0","0","0","","","3","","1","","40 04:23.026","","0","75 10:18.328","3","0","0","0","67301","0","0","0","N","0","0","0","3","67301","0","","1.0","","1","N","N","N","1","","3","0","1","3","3","","","2","3","0","0","0","0","0","2","0","2","","03","","N","","","","","","","","","",""
"2022085389","0821","0","0","0","0","0","0","0","0","0","8","0","","67","9","2022","5","39.96248","-75.216215","0817","6","0","0","0","0","0","0","0","0","","0","0","0","","","1","","1","","39 57:44.928","","0","75 12:58.374","3","0","0","0","67301","1","0","0","N","1","0","0","2","67301","0","","1.0","","1","N","N","N","0","","1","0","1","3","2","","","2","1","1","0","0","0","0","2","0","1","","03","","N","","","","","","","","","",""
"2022075112","","1","0","0","0","0","0","0","0","0","1","0","","67","8","2022","2","39.933306","-75.143376","","6","0","0","0","0","0","0","0","0","","0","0","0","","","4","","2","","39 55:59.902","","0","75 08:36.154","8","0","0","0","67301","0","0","0","N","0","0","0","5","00000","0","","1.0","","1","","","N","1","","0","0","0","3","2","","","2","4","1","0","0","4","0","2","0","2","","","","N","","","","","","","","","",""
"2022106567","1406","0","0","0","0","0","0","0","0","0","1","0","","67","10","2022","6","39.976827","-75.19801","1356","6","0","0","0","0","0","1","0","0","","0","0","0","","","2","N","0","","39 58:36.576","","0","75 11:52.837","3","0","0","0","67301","0","0","0","N","0","0","0","5","68K01","0","","1.0","","1","N","N","N","0","","2","0","1","0","0","","","2","2","0","0","0","0","0","2","1","2","","03","","N","","","","","","","","","",""
"2022101985","0121","0","0","0","0","0","0","0","0","0","5","0","","67","11","2022","3","40.035152","-75.017841","0109","6","0","0","1","0","0","0","0","0","","0","0","0","","","1","N","0","","40 02:06.546","1","0","75 01:04.228","8","0","0","0","67301","0","0","0","N","0","0","0","3","68K01","0","","1.0","125.0","9","N","N","N","0","","0","0","2","0","0","N","","2","1","0","0","0","1","0","2","0","2","","","","N","","","","","","","","","",""
"2022101308","0637","1","0","0","0","0","0","0","0","0","7","0","","67","10","2022","7","39.959797","-75.17818","0627","6","0","0","0","0","0","0","0","0","","0","0","0","","","1","N","0","","39 57:35.268","","0","75 10:41.448","8","0","0","0","67301","0","0","0","N","0","0","0","1","68K01","0","","3.0","","9","N","N","N","0","","0","0","0","0","0","","","1","1","0","0","0","1","0","2","0","1","","07","","N","","","","","","","","","",""
"2022100428","1022","1","0","0","0","0","0","1","0","0","4","1","","67","10","2022","5","39.971811","-75.125954","1022","6","0","0","0","0","0","1","0","0","","0","0","0","","","0","","1","","39 58:18.518","6","0","75 07:33.433","0","0","0","0","67301","0","0","0","N","0","0","0","2","67301","0","","1.0","1100.0","1","N","N","N","0","","0","0","0","3","2","N","","2","0","0","0","0","0","0","2","0","2","","03","","N","","","","","","","","","",""
"2022108992","0103","0","0","0","0","0","0","0","0","0","7","1","","67","11","2022","4","40.03182","-75.021418","0026","6","0","0","0","0","0","0","0","0","","0","1","0","","","0","N","0","","40 01:54.551","2","3","75 01:17.105","0","0","0","0","67301","0","0","0","N","0","0","0","1","68K01","0","","4.0","246.0","9","N","N","N","0","","0","0","0","0","0","N","","1","0","0","0","0","0","0","2","0","1","","07","","N","","","","","","","","","",""
"2022084891","1912","1","0","0","0","0","0","0","0","0","4","0","","67","9","2022","4","39.926328","-75.146361","1911","6","0","0","0","0","0","0","0","0","","0","0","0","","","2","","1","","39 55:34.780","","2","75 08:46.899","4","0","0","0","67301","0","0","0","N","0","0","0","2","67301","1","","1.0","","99","N","N","N","0","","0","0","1","3","3","","","2","2","0","0","0","1","0","2","0","2","","03","","N","","","","","","","","","",""
"2022107478","0154","2","0","0","0","0","0","0","0","0","5","0","","67","11","2022","1","39.959974","-75.178606","0154","6","0","0","0","0","0","0","0","0","","0","0","0","","","0","N","0","","39 57:35.906","4","0","75 10:42.982","0","0","0","0","67301","0","0","0","N","0","0","0","2","68K01","0","","1.0","255.0","9","N","N","N","0","","0","0","0","0","0","N","","2","0","0","0","0","0","0","2","0","2","","","","N","","","","","","","","","",""
"2022087223","0830","0","0","0","0","0","0","0","0","0","8","0","","67","9","2022","2","40.010233","-75.062301","0825","6","0","0","0","0","0","1","0","0","","0","0","0","","","1","N","0","","40 00:36.839","","0","75 03:44.285","3","0","0","0","67301","1","0","0","N","1","0","0","2","67301","0","","1.0","","1","N","Y","N","0","","1","0","1","0","0","","","2","1","0","0","0","0","0","2","0","1","","","","N","","","","","","","","","",""
"2022084278","1840","1","0","0","0","0","0","0","0","0","4","0","","67","9","2022","2","40.058119","-75.165773","1835","6","0","0","0","1","0","0","0","0","","0","0","0","","","1","","2","","40 03:29.228","","0","75 09:56.782","4","0","0","0","67301","0","0","0","N","0","0","0","3","67301","1","","1.0","","1","N","N","N","0","","0","0","0","3","3","","","2","1","3","0","0","0","0","2","1","2","","03","","N","","","","","","","","","",""
"2022101388","1700","0","0","0","0","0","0","0","0","0","1","0","","67","10","2022","5","40.026767","-75.02587","1636","6","0","0","0","0","0","1","0","0","","0","0","0","","","0","N","0","","40 01:36.362","","0","75 01:33.132","0","0","0","0","67301","0","0","0","N","0","0","0","4","68K01","0","","1.0","","1","N","N","N","0","","0","0","1","0","0","","","2","0","0","0","0","0","0","2","1","2","","03","","N","","","","","","","","","",""
"2022096695","","1","0","0","0","0","0","0","0","0","1","0","","67","2","2022","1","40.003165","-75.152455","","6","0","0","0","0","0","0","0","0","","0","0","0","","","1","","5","","40 00:11.393","","0","75 09:08.837","8","0","0","0","67301","0","0","0","N","0","0","0","2","00000","0","","1.0","","1","","","N","0","","0","0","1","3","2","","","2","1","0","0","0","1","0","2","0","2","","","","N","","","","","","","","","",""
"2022105914","1713","1","0","0","0","0","0","0","0","0","7","0","","67","10","2022","7","39.88724","-75.215256","1713","6","0","0","0","0","0","0","0","0","","0","0","0","","","1","N","0","","39 53:14.063","2","0","75 12:54.922","3","0","0","0","67301","0","0","0","N","0","0","0","1","68K01","0","","5.0","1744.0","9","N","N","N","0","","1","0","0","0","0","N","","1","1","0","0","0","0","0","2","0","1","","07","","N","","","","","","","","","",""
"2022105366","1530","0","0","0","0","0","0","0","0","0","5","0","","67","9","2022","3","39.990592","-75.126964","1530","6","0","0","0","0","0","0","0","0","","0","0","0","","","0","N","0","","39 59:26.130","","0","75 07:37.070","0","0","0","0","67301","0","0","0","N","0","0","0","1","67301","0","","6.0","","99","N","N","N","0","","0","0","2","0","0","","","2","0","0","0","0","0","0","2","0","2","","","","N","","","","","","","","","",""
"2022102145","1833","1","0","0","0","0","0","0","0","0","1","0","","67","9","2022","6","40.007716","-75.201184","1833","6","0","0","1","0","0","0","0","0","","0","0","0","","","1","N","0","","40 00:27.777","","2","75 12:04.261","3","0","0","0","67301","0","0","0","N","0","0","0","4","68K01","0","","1.0","","1","N","N","N","0","","1","0","1","0","0","","","2","1","0","0","0","0","0","2","0","2","","","","N","","","","","","","","","",""
"2022108597","0630","2","0","0","0","0","0","0","0","0","4","0","","67","11","2022","1","39.988831","-75.155727","0630","6","0","0","0","0","0","0","1","0","","0","0","0","","","1","N","0","","39 59:19.790","2","0","75 09:20.617","4","0","0","0","67301","0","0","0","N","0","0","0","2","67301","1","","1.0","800.0","9","N","N","N","0","","0","0","0","0","0","Y","","2","1","0","0","0","0","0","2","0","2","","","","N","","","","","","","","","",""
"2022082017","0913","0","0","0","0","0","0","0","0","0","7","0","","67","9","2022","3","40.090239","-74.975759","0910","6","0","0","0","0","0","0","0","0","","0","0","0","","","1","N","0","","40 05:24.859","3","0","74 58:32.731","8","0","0","0","67301","0","0","0","N","0","0","0","1","67301","0","","2.0","1000.0","9","N","N","N","0","","0","0","1","0","0","N","","1","1","1","0","0","1","0","2","0","1","","07","","N","","","","","","","","","",""
"2022096704","","0","0","0","0","0","0","0","0","0","1","0","","67","10","2022","2","40.027819","-75.099546","","6","0","0","0","0","0","1","0","0","","0","0","0","","","1","Y","0","","40 01:40.148","","0","75 05:58.367","8","0","0","0","67301","0","0","0","N","0","0","0","2","00000","0","","1.0","","1","","","N","0","","0","0","1","3","2","","","2","1","0","0","0","1","0","2","1","2","","","","N","","","","","","","","","",""
"2022100803","2009","1","0","0","0","0","0","0","0","0","4","0","","67","9","2022","5","40.003019","-75.127646","1735","6","0","0","0","0","0","0","1","0","","0","0","0","","","1","","1","","40 00:10.868","","0","75 07:39.525","4","0","0","1","67301","0","0","0","N","0","0","0","2","67301","1","","1.0","","1","N","N","N","0","","0","0","0","3","3","","","2","1","0","0","0","0","0","2","0","2","","03","","N","","","","","","","","","",""
"2022108285","0842","1","0","0","0","0","0","0","0","0","7","0","","67","11","2022","1","39.993016","-75.081887","0836","6","0","0","0","0","0","0","0","0","","0","0","0","","","1","N","0","","39 59:34.856","","0","75 04:54.792","3","0","0","0","67301","0","0","0","N","0","0","0","1","67301","0","","5.0","","1","N","N","N","0","","1","0","0","0","0","","","1","1","0","0","0","0","0","2","0","1","","03","","N","","","","","","","","","",""
"2022084851","1738","0","0","0","0","0","0","0","0","0","1","0","","67","9","2022","4","39.958487","-75.180267","1707","6","0","0","0","0","0","1","0","0","","0","0","0","","","1","N","0","","39 57:30.554","4","0","75 10:48.960","3","0","0","0","67301","0","0","0","N","0","0","0","4","68K01","0","","1.0","1835.0","1","N","N","N","1","","1","0","2","0","0","N","","3","1","0","0","0","0","0","2","0","3","","","","N","","","","","","","","","",""
"2022106151","2112","1","0","0","0","0","0","0","0","0","4","0","","67","9","2022","7","39.961435","-75.242906","2112","6","0","0","0","0","0","0","0","0","","0","0","0","","","0","","1","","39 57:41.165","","0","75 14:34.461","0","0","0","0","67301","0","0","0","N","0","0","0","2","67301","0","","1.0","","1","N","N","N","1","","0","0","0","3","3","","","2","0","0","0","0","0","0","2","0","2","","03","","N","","","","","","","","","",""
"2022084828","1532","1","0","0","0","0","0","0","0","0","7","0","","67","9","2022","5","39.918076","-75.209552","1528","6","0","0","0","0","0","0","0","1","","0","0","0","","","2","N","0","","39 55:05.074","","0","75 12:34.388","3","0","0","0","67301","0","0","0","N","0","0","0","2","67301","0","","4.0","","1","N","N","N","0","","2","0","0","0","0","","","1","2","1","0","0","0","0","2","0","1","","03","","N","","","","","","","","","",""
"2022107088","0132","0","0","0","0","0","0","0","0","0","7","0","","67","10","2022","7","39.958202","-75.16444","0132","6","0","0","0","0","0","1","0","0","","0","0","0","","","0","N","0","","39 57:29.528","4","0","75 09:51.985","0","0","0","0","67301","0","0","0","N","0","0","0","2","68K01","0","","2.0","200.0","1","N","N","N","0","","0","0","2","0","0","N","","2","0","0","0","0","0","0","2","0","2","","","","N","","","","","","","","","",""
"2022084000","2257","2","0","0","0","0","0","0","0","0","0","0","","67","9","2022","1","39.942544","-75.148975","2251","6","0","0","0","0","0","0","0","0","","0","0","0","","","0","N","0","","39 56:33.160","2","0","75 08:56.310","0","0","0","0","67301","0","0","0","N","0","0","0","1","67301","0","","1.0","2350.0","9","N","N","N","0","","0","0","0","0","0","Y","","2","0","0","0","0","0","0","2","0","2","","07","","N","","","","","","","","","",""
"2022084543","1706","0","0","0","0","0","0","0","0","0","4","0","","67","9","2022","4","39.991043","-75.168557","1702","6","0","0","0","0","0","1","0","0","","0","0","0","","","1","","1","","39 59:27.754","","0","75 10:06.805","8","0","0","0","67301","0","0","0","N","0","0","0","2","67301","0","","1.0","","1","N","N","N","0","","0","0","0","3","2","","","2","1","0","0","0","1","0","2","1","2","","03","","N","","","","","","","","","",""
"2022084231","2202","1","0","0","0","0","0","0","0","0","7","0","","67","9","2022","1","39.981525","-75.207164","2202","6","0","0","0","0","0","0","0","0","","0","0","0","","","0","N","0","","39 58:53.491","","0","75 12:25.792","0","0","0","0","67301","0","0","0","N","0","0","0","1","68K01","0","","3.0","","9","N","N","N","0","","0","0","0","0","0","","","1","0","0","0","0","0","0","2","0","1","","07","","N","","","","","","","","","",""
"2022107498","1744","1","0","0","0","0","0","0","0","0","1","0","","67","11","2022","2","40.00892","-75.20539","1739","6","0","0","0","0","0","0","0","0","","0","0","0","","","2","N","0","","40 00:32.113","3","2","75 12:19.403","3","0","0","0","67301","0","0","0","N","0","0","0","3","68K01","1","","1.0","612.0","1","N","N","N","0","","1","0","1","0","0","N","","2","2","0","0","0","0","0","2","0","2","","03","","N","","","","","","","","","",""