"CRN","ARRIVAL_TM","AUTOMOBILE_COUNT","BELTED_DEATH_COUNT","BELTED_SUSP_SERIOUS_INJ_COUNT","BICYCLE_COUNT","BICYCLE_DEATH_COUNT","BICYCLE_SUSP_SERIOUS_INJ_COUNT","BUS_COUNT","CHLDPAS_DEATH_COUNT","CHLDPAS_SUSP_SERIOUS_INJ_COUNT","COLLISION_TYPE","COMM_VEH_COUNT","CONS_ZONE_SPD_LIM","COUNTY","CRASH_MONTH","CRASH_YEAR","DAY_OF_WEEK","DEC_LATITUDE","DEC_LONGITUDE","DISPATCH_TM","DISTRICT","DRIVER_COUNT_16YR","DRIVER_COUNT_17YR","DRIVER_COUNT_18YR","DRIVER_COUNT_19YR","DRIVER_COUNT_20YR","DRIVER_COUNT_50_64YR","DRIVER_COUNT_65_74YR","DRIVER_COUNT_75PLUS","EST_HRS_CLOSED","FATAL_COUNT","HEAVY_TRUCK_COUNT","HORSE_BUGGY_COUNT","HOUR_OF_DAY","ILLUMINATION","INJURY_COUNT","INTERSECTION_RELATED","INTERSECT_TYPE","LANE_CLOSED","LATITUDE","LN_CLOSE_DIR","LOCATION_TYPE","LONGITUDE","MAX_SEVERITY_LEVEL","MCYCLE_DEATH_COUNT","MCYCLE_SUSP_SERIOUS_INJ_COUNT","MOTORCYCLE_COUNT","MUNICIPALITY","NONMOTR_COUNT","NONMOTR_DEATH_COUNT","NONMOTR_SUSP_SERIOUS_INJ_COUNT","NTFY_HIWY_MAINT","PED_COUNT","PED_DEATH_COUNT","PED_SUSP_SERIOUS_INJ_COUNT","PERSON_COUNT","POLICE_AGCY","POSSIBLE_INJ_COUNT","RDWY_SURF_TYPE_CD","RELATION_TO_ROAD","ROADWAY_CLEARED","ROAD_CONDITION","SCH_BUS_IND","SCH_ZONE_IND","SECONDARY_CRASH","SMALL_TRUCK_COUNT","SPEC_JURIS_CD","SUSP_MINOR_INJ_COUNT","SUSP_SERIOUS_INJ_COUNT","SUV_COUNT","TCD_FUNC_CD","TCD_TYPE","TFC_DETOUR_IND","TIME_OF_DAY","TOTAL_UNITS","TOT_INJ_COUNT","UNBELTED_OCC_COUNT","UNB_DEATH_COUNT","UNB_SUSP_SERIOUS_INJ_COUNT","UNK_INJ_DEG_COUNT","UNK_INJ_PER_COUNT","URBAN_RURAL","VAN_COUNT","VEHICLE_COUNT","WEATHER1","WEATHER2","WORKERS_PRES","WORK_ZONE_IND","WORK_ZONE_LOC","WORK_ZONE_TYPE","WZ_CLOSE_DETOUR","WZ_FLAGGER","WZ_LAW_OFFCR_IND","WZ_LN_CLOSURE","WZ_MOVING","WZ_OTHER","WZ_SHLDER_MDN","WZ_WORKERS_INJ_KILLED"
"2022085505","1356","0","0","0","0","0","0","0","0","0","1","0","","67","9","2022","3","40.067232","-75.051034","1352","6","0","0","0","0","0","0","0","0","","0","0","0","","","0","N","0","","40 04:02.035","","0","75 03:03.721","0","0","0","0","67301","0","0","0","N","0","0","0","3","67301","0","","1.0","","1","N","N","N","0","","0","0","2","3","2","","","2","0","0","0","0","0","0","2","0","2","","03","","N","","","","","","","","","",""
"2022089093","0006","0","0","0","0","0","0","0","0","0","7","0","","67","9","2022","2","40.005336","-75.195588","0005","6","0","0","0","0","0","0","0","0","","0","0","0","","","1","N","0","","40 00:19.210","4","0","75 11:44.118","3","0","0","1","67301","0","0","0","N","0","0","0","1","68K01","0","","3.0","1246.0","9","N","N","N","0","","1","0","0","0","0","N","","1","1","0","0","0","0","0","2","0","1","","","","N","","","","","","","","","",""
"2022096658","","0","0","0","0","0","0","0","0","0","1","0","","67","8","2022","4","40.033218","-75.079751","","6","0","0","0","0","0","0","0","0","","0","0","0","","","1","","3","","40 01:59.583","","0","75 04:47.102","8","0","0","0","67301","0","0","0","N","0","0","0","2","00000","0","","1.0","","1","","","N","0","","0","0","1","3","2","","","2","1","1","0","0","1","0","2","0","2","","","","N","","","","","","","","","",""
"2022090942","2035","2","0","0","0","0","0","0","0","0","1","0","","67","9","2022","4","39.894693","-75.229477","2035","6","0","0","0","0","0","1","0","0","","0","0","0","","","1","","3","","39 53:40.896","","0","75 13:46.117","3","0","0","0","67301","0","0","0","N","0","0","0","4","67301","0","","1.0","","1","N","N","N","0","","1","0","2","3","2","","","5","1","0","0","0","0","2","2","0","4","","03","","N","","","","","","","","","",""
"2022107523","1715","1","0","0","0","0","0","0","0","0","7","0","","67","8","2022","7","39.996293","-75.113251","1715","6","0","0","0","0","0","0","0","0","","0","0","0","","","1","N","0","","39 59:46.653","","0","75 06:47.703","3","0","0","0","67301","0","0","0","N","0","0","0","1","67301","0","","5.0","","1","N","N","N","0","","1","0","1","0","0","","","2","1","1","0","0","0","0","2","0","2","","03","","N","","","","","","","","","",""
"2022109024","1656","1","0","0","0","0","0","0","0","0","1","0","","67","11","2022","5","39.909475","-75.242253","1653","6","0","0","0","0","0","1","0","0","","0","0","0","","","6","N","0","","39 54:34.109","","0","75 14:32.109","3","0","0","0","67301","0","0","0","N","0","0","0","6","67301","0","","1.0","","1","N","N","N","0","","6","0","1","0","0","","","2","6","4","0","0","0","0","2","0","2","","03","","N","","","","","","","","","",""
"2022084721","0735","0","0","0","0","0","0","0","0","0","7","0","","67","9","2022","5","39.965547","-75.231652","0730","6","0","0","0","0","0","0","0","0","","0","0","0","","","0","","5","","39 57:55.969","","0","75 13:53.947","9","0","0","0","67301","0","0","0","N","0","0","0","1","67301","0","","5.0","","1","N","N","N","0","","0","0","1","3","2","","","1","0","0","0","0","0","1","2","0","1","","03","","N","","","","","","","","","",""
"2022109191","1203","0","0","0","0","0","0","0","0","0","5","0","","67","11","2022","4","39.916436","-75.218878","1154","6","0","0","0","0","1","1","0","0","","0","0","0","","","1","N","0","","39 54:59.170","","0","75 13:07.962","3","0","0","0","67301","0","0","0","N","0","0","0","2","67301","0","","1.0","","1","N","N","N","0","","1","0","2","0","0","","","2","1","0","0","0","0","0","2","0","2","","03","","N","","","","","","","","","",""
"2022084452","0733","2","0","0","0","0","0","0","0","0","6","0","","67","9","2022","3","39.939283","-75.229206","0733","6","0","0","0","0","0","0","0","0","","0","0","0","","","0","N","0","","39 56:21.420","","0","75 13:45.140","0","0","0","0","67301","0","0","0","N","0","0","0","1","67301","0","","6.0","","99","N","N","N","0","","0","0","1","0","0","","","3","0","1","0","0","0","0","2","0","3","","","","N","","","","","","","","","",""
"2022110428","0257","1","0","0","0","0","0","0","0","0","7","0","","67","10","2022","6","39.982923","-75.2079","0252","6","0","0","0","0","0","0","0","0","","0","0","0","","","0","N","0","","39 58:58.523","","0","75 12:28.440","0","0","0","0","67301","0","0","0","N","0","0","0","2","68K01","0","","4.0","","9","N","N","N","0","","0","0","0","0","0","","","1","0","0","0","0","0","0","2","0","1","","","","N","","","","","","","","","",""
"2022084613","1610","1","0","0","0","0","0","0","0","0","4","0","","67","9","2022","4","40.060903","-75.192264","1604","6","0","1","0","0","0","0","0","0","","0","0","0","","","0","N","0","","40 03:39.249","","7","75 11:32.149","9","0","0","0","67301","0","0","0","N","0","0","0","2","67301","0","","1.0","","1","N","N","N","0","","0","0","1","0","0","","","3","0","0","0","0","0","2","2","1","3","","","","N","","","","","","","","","",""
"2022111349","0033","2","0","0","0","0","0","0","0","0","1","0","","67","11","2022","6","40.023439","-75.034499","0033","6","0","0","0","0","0","1","0","0","","0","0","0","","","0","N","0","","40 01:24.379","2","0","75 02:04.196","0","0","0","0","67301","0","0","0","N","0","0","0","2","68K01","0","","1.0","430.0","1","N","N","N","0","","0","0","0","0","0","N","","2","0","0","0","0","0","0","2","0","2","","","","N","","","","","","","","","",""
"2022099700","0648","0","0","0","0","0","0","0","0","0","4","0","","67","9","2022","4","39.949684","-75.227017","0648","6","0","0","0","0","0","1","1","0","","0","0","0","","","2","","1","","39 56:58.861","","0","75 13:37.260","3","0","0","0","67301","0","0","0","N","0","0","0","3","67301","0","","1.0","","1","N","N","N","0","","2","0","2","3","3","","","2","2","0","0","0","0","0","2","0","2","","03","","N","","","","","","","","","",""
"2022108009","0454","1","0","0","0","0","0","0","0","0","7","0","","67","11","2022","7","39.940512","-75.143561","0447","6","0","0","0","0","0","0","0","0","","0","0","0","","","1","N","0","","39 56:25.842","2","0","75 08:36.821","8","0","0","0","67301","0","0","0","N","0","0","0","1","68K01","0","","2.0","524.0","9","N","N","Y","0","","0","0","0","0","0","Y","","1","1","0","0","0","1","0","2","0","1","","","","N","","","","","","","","","",""
"2022099320","1207","1","0","0","0","0","0","0","0","0","4","0","","67","9","2022","7","40.007354","-75.149407","1825","6","0","0","0","0","0","0","0","0","","0","0","0","","","1","","1","","40 00:26.474","","0","75 08:57.865","8","0","0","0","67301","0","0","0","N","0","0","0","2","67301","0","","1.0","","1","N","N","N","0","","0","0","1","3","3","","","2","1","0","0","0","1","1","2","0","2","","03","","N","","","","","","","","","",""
"2022083588","2005","1","0","0","0","0","0","0","0","0","1","0","","67","9","2022","6","39.942969","-75.165593","2201","6","0","0","0","0","0","0","0","0","","0","0","0","","","1","N","0","","39 56:34.687","","0","75 09:56.135","3","0","0","0","67301","0","0","0","N","0","0","0","1","67301","0","","6.0","","1","N","N","N","0","","1","0","1","","0","","","2","1","0","0","0","0","0","2","0","2","","03","","N","","","","","","","","","",""
"2022105910","0759","1","0","0","0","0","0","0","0","0","5","0","","67","9","2022","4","40.023793","-75.032083","0745","6","0","0","0","0","0","0","0","0","","0","0","0","","","0","N","0","","40 01:25.654","","0","75 01:55.500","0","0","0","0","67301","0","0","0","N","0","0","0","2","68K01","0","","1.0","","1","N","N","N","0","","0","0","1","","0","","","2","0","0","0","0","0","0","2","0","2","","03","","N","","","","","","","","","",""
"2022109183","1656","1","0","0","0","0","0","0","0","0","7","0","","67","11","2022","5","39.920951","-75.19546","1655","6","0","1","0","0","0","0","0","0","","0","0","0","","","0","N","0","","39 55:15.423","3","0","75 11:43.657","0","0","0","0","67301","0","0","0","N","0","0","0","1","67301","0","","9.0","1745.0","1","N","N","N","0","","0","0","0","","0","N","","1","0","0","0","0","0","0","2","0","1","","","","N","","","","","","","","","",""
"2022108077","2345","2","0","0","0","0","0","0","0","0","4","0","","67","10","2022","3","39.998578","-75.109639","2343","6","0","0","0","0","0","0","0","0","","0","0","0","","","2","N","0","","39 59:54.880","","0","75 06:34.700","2","0","0","0","67301","0","0","0","N","0","0","0","2","67301","0","","6.0","","1","N","N","N","1","","1","1","1","","0","","","4","2","1","0","0","0","0","2","0","4","","03","","N","","","","","","","","","",""
"2022110083","2116","0","0","0","0","0","0","0","0","0","8","0","","67","11","2022","2","40.00453","-75.124006","2114","6","0","0","0","0","0","0","0","0","","1","0","0","","","0","N","0","","40 00:16.309","5","1","75 07:26.420","1","0","0","0","67301","1","1","0","N","1","1","0","3","67301","0","2","1.0","2300.0","1","N","N","N","0","0","0","0","1","","0","Y","","2","0","0","0","0","0","0","2","0","1","","","","N","","","","","","","","","",""
"2022087224","1810","2","0","0","0","0","0","0","0","0","4","0","","67","9","2022","5","39.986662","-75.208311","1800","6","0","0","0","0","0","0","0","0","","0","0","0","","","1","","3","","39 59:11.983","","2","75 12:29.919","2","0","0","0","67301","0","0","0","N","0","0","0","2","67301","0","","1.0","","1","N","N","N","0","","0","1","0","","3","","","2","1","0","0","0","0","1","2","0","2","","03","","N","","","","","","","","","",""
"2022084277","1759","1","0","0","0","0","0","0","0","0","4","0","","67","9","2022","2","40.047268","-75.167742","1759","6","0","0","0","0","0","0","0","1","","0","0","0","","","6","","1","","40 02:50.166","","0","75 10:03.872","3","0","0","0","67301","0","0","0","N","0","0","0","7","67301","0","","1.0","","1","N","N","Y","0","","6","0","1","","2","","","2","6","0","0","0","0","0","2","0","2","","98","","N","","","","","","","","","",""
"2022109034","0925","2","0","0","0","0","0","0","0","0","2","0","","67","11","2022","6","40.01805","-75.201914","0920","6","0","0","0","0","0","1","0","0","","0","0","0","","","1","N","0","","40 01:04.980","","0","75 12:06.890","8","0","0","0","67301","0","0","0","N","0","0","0","2","67301","0","","1.0","","1","N","N","N","0","","0","0","0","","0","","","2","1","0","0","0","1","1","2","0","2","","","","N","","","","","","","","","",""
"2022105789","0810","1","0","0","0","0","0","0","0","0","5","1","","67","11","2022","3","40.02998","-75.102639","0810","6","0","0","0","0","0","1","0","0","","0","1","0","","","0","N","0","","40 01:47.927","","0","75 06:09.501","0","0","0","0","67301","0","0","0","N","0","0","0","2","67301","0","","1.0","","1","N","N","N","0","","0","0","0","","0","","","2","0","0","0","0","0","0","2","0","2","","03","","N","","","","","","","","","",""
"2022106560","1124","1","0","0","0","0","0","0","0","0","1","0","","67","9","2022","2","40.045331","-75.002337","1124","6","0","0","1","0","0","0","0","0","","0","0","0","","","1","","6","","40 02:43.190","2","2","75 00:08.414","3","0","0","0","67301","0","0","0","N","0","0","0","2","68K01","0","","1.0","1225.0","1","N","N","N","0","","1","0","1","","4","N","","2","1","0","0","0","0","0","2","0","2","","03","","N","","","","","","","","","",""
"2022084310","1018","0","0","0","0","0","0","0","0","0","1","0","","67","9","2022","4","40.103995","-75.051607","1015","6","0","0","0","0","0","1","0","0","","0","0","0","","","1","N","0","","40 06:14.383","","0","75 03:05.784","3","0","0","0","67301","0","0","0","N","0","0","0","3","67301","0","","1.0","","1","N","N","N","0","","1","0","2","","0","","","2","1","0","0","0","0","0","2","0","2","","03","","N","","","","","","","","","",""
"2022085363","1910","0","0","0","0","0","0","0","0","0","8","0","","67","9","2022","3","39.930508","-75.168288","1910","6","0","0","0","0","0","1","0","0","","0","0","0","","","1","","1","","39 55:49.827","","0","75 10:05.835","4","0","0","0","67301","1","0","0","N","1","0","0","2","67301","1","","1.0","","1","N","N","N","0","","0","0","1","","2","","","2","1","0","0","0","0","0","2","0","1","","03","","N","","","","","","","","","",""
"2022084047","1825","0","0","0","0","0","0","0","0","0","4","0","","67","9","2022","1","40.038204","-75.078649","1823","6","0","0","0","0","0","0","0","1","","0","0","0","","","1","","1","","40 02:17.535","","0","75 04:43.136","3","0","0","0","67301","0","0","0","N","0","0","0","2","67301","0","","1.0","","9","N","N","N","0","","1","0","2","","0","","","3","1","0","0","0","0","0","2","1","3","","04","","N","","","","","","","","","",""
"2022105911","0914","1","0","0","0","0","0","0","0","0","1","0","","67","9","2022","5","40.009036","-75.204351","0830","6","0","0","0","0","0","0","0","0","","0","0","0","","","1","N","0","","40 00:32.528","","0","75 12:15.662","3","0","0","0","67301","0","0","0","N","0","0","0","3","68K01","0","","1.0","","1","N","N","N","0","","1","0","1","","0","","","2","1","0","0","0","0","0","2","0","2","","03","","N","","","","","","","","","",""
"2022084605","1620","0","0","0","0","0","0","0","0","0","4","0","","67","9","2022","4","40.053592","-75.15937","1612","6","0","0","0","0","0","0","0","0","","0","0","0","","","0","","2","","40 03:12.931","7","0","75 09:33.732","0","0","0","0","67301","0","0","0","N","0","0","0","1","67301","0","","1.0","1639.0","1","N","N","N","0","","0","0","2","","0","Y","","2","0","1","0","0","0","0","2","0","2","","03","","N","","","","","","","","","",""
"2022086346","2313","0","0","0","0","0","0","0","0","0","7","0","","67","9","2022","1","39.88829","-75.217062","2313","6","0","0","0","0","0","0","0","0","","0","0","0","","","1","N","0","","39 53:17.845","2","3","75 13:01.423","8","0","0","0","67301","0","0","0","N","0","0","0","1","68K01","0","","3.0","2320.0","9","N","N","N","0","","0","0","1","","0","N","","1","1","0","0","0","1","0","2","0","1","","","","N","","","","","","","","","",""
"2022106147","0205","2","0","0","0","0","0","0","0","0","6","0","","67","8","2022","7","39.954842","-75.182968","0205","6","0","0","0","0","0","0","0","0","","0","0","0","","","1","N","0","","39 57:17.431","","0","75 10:58.683","3","0","0","0","67301","0","0","0","N","0","0","0","2","67301","0","","1.0","","1","N","N","N","0","","1","0","0","","0","","","2","1","0","0","0","0","1","2","0","2","","03","","N","","","","","","","","","",""
"2022109760","0306","2","0","0","0","0","0","0","0","0","2","0","","67","11","2022","6","39.97444","-75.19485","0306","6","0","0","0","0","0","0","0","0","","0","0","0","","","0","N","0","","39 58:27.983","","0","75 11:41.461","9","0","0","0","67301","0","0","0","N","0","0","0","2","67301","0","","1.0","","1","N","N","N","0","","0","0","0","","0","","","2","0","0","0","0","0","1","2","0","2","","","","N","","","","","","","","","",""
"2022084770","2212","0","0","0","0","0","0","0","0","0","8","0","","67","9","2022","4","40.030677","-75.054821","2200","6","0","0","0","0","0","0","0","0","","0","0","0","","","1","","1","","40 01:50.438","","0","75 03:17.357","3","0","0","0","67301","1","0","0","N","1","0","0","2","67301","0","","1.0","","1","N","N","N","0","","1","0","1","","2","","","2","1","0","0","0","0","0","2","0","1","","03","","N","","","","","","","","","",""
"2022105365","2317","0","0","0","0","0","0","0","0","0","4","1","","67","9","2022","7","39.998255","-75.127363","2317","6","0","0","0","0","0","0","0","0","","0","1","0","","","0","","1","","39 59:53.719","","0","75 07:38.508","0","0","0","1","67301","0","0","0","N","0","0","0","2","67301","0","","1.0","","1","N","N","N","0","","0","0","0","","2","","","2","0","1","0","0","0","0","2","0","2","","03","","N","","","","","","","","","",""
"2022084023","1719","0","0","0","0","0","0","0","0","0","8","0","","67","9","2022","2","40.007242","-75.156606","1717","6","0","0","0","0","0","0","1","0","","0","0","0","","","1","N","0","","40 00:26.070","","0","75 09:23.780","3","0","0","0","67301","1","0","0","N","1","0","0","2","67301","0","","1.0","","1","N","N","N","0","","1","0","1","","0","","","2","1","0","0","0","0","0","2","0","1","","","","N","","","","","","","","","",""
"2022084686","1356","1","0","0","0","0","0","0","0","0","4","0","","67","9","2022","4","40.01314","-75.150404","1354","6","0","0","0","0","0","0","0","0","","0","0","0","","","1","","3","","40 00:47.304","2","0","75 09:01.456","8","0","0","0","67301","0","0","0","N","0","0","0","5","67301","0","","1.0","1440.0","1","N","N","N","0","","0","0","1","","0","N","","2","1","0","0","0","1","0","2","0","2","","03","","N","","","","","","","","","",""
"2022107722","0905","1","0","0","0","0","0","0","0","0","8","0","","67","8","2022","6","39.994972","-75.123811","0905","6","0","0","0","0","0","0","0","0","","0","0","0","","","1","N","0","","39 59:41.900","","0","75 07:25.720","3","0","0","0","67301","1","0","0","N","1","0","0","2","67301","0","","1.0","","1","N","N","N","0","","1","0","0","","0","","","2","1","0","0","0","0","0","2","0","1","","03","","N","","","","","","","","","",""
"2022089253","","1","0","0","0","0","0","0","0","0","7","0","","67","8","2022","6","40.071528","-75.240222","","6","0","0","0","0","0","0","0","0","","0","0","0","","","1","N","0","","40 04:17.500","","0","75 14:24.800","8","0","0","0","67301","0","0","0","N","0","0","0","1","00000","0","","5.0","","1","","","N","0","","0","0","0","","0","","","2","1","0","0","0","1","0","2","0","1","","","","N","","","","","","","","","",""
"2022083614","2034","3","0","0","0","0","0","0","0","0","6","0","","67","9","2022","1","40.0414","-75.165544","2034","6","0","0","0","0","0","0","0","0","","0","0","0","","","0","N","0","","40 02:29.040","","0","75 09:55.960","0","0","0","1","67301","0","0","0","N","0","0","0","1","67301","0","","6.0","","9","N","N","N","0","","0","0","0","","0","","","4","0","0","0","0","0","0","2","0","4","","07","","N","","","","","","","","","",""
"2022096738","2020","1","0","0","0","0","0","0","0","0","8","0","","67","10","2022","2","40.027716","-75.061168","2020","6","0","0","0","1","0","0","0","0","","1","0","0","","","0","N","0","","40 01:39.779","","0","75 03:40.204","1","0","0","0","67301","1","1","0","N","1","1","0","2","67301","0","2","1.0","","9","N","N","N","0","0","0","0","0","","0","","","2","0","0","0","0","0","0","2","0","1","","07","","N","","","","","","","","","",""
"2022109017","2235","1","0","0","0","0","0","0","0","0","8","0","","67","11","2022","5","40.044366","-75.054037","2224","6","0","0","0","0","0","0","0","0","","0","0","0","","","1","","1","","40 02:39.718","","0","75 03:14.534","3","0","0","0","67301","1","0","0","N","1","0","0","2","67301","0","","1.0","","1","N","N","N","0","","1","0","0","","2","","","2","1","0","0","0","0","0","2","0","1","","03","","N","","","","","","","","","",""
"2022109367","1100","0","0","0","0","0","0","0","0","0","8","0","","67","11","2022","5","39.945985","-75.184235","1051","6","0","0","0","0","0","0","0","0","","0","0","0","","","1","","1","","39 56:45.546","","0","75 11:03.246","3","0","0","0","67301","1","0","0","N","1","0","0","2","67301","0","","1.0","","1","N","N","N","1","","1","0","0","","2","","","2","1","1","0","0","0","0","2","0","1","","03","","N","","","","","","","","","",""
"2022096739","0905","1","0","0","0","0","0","0","0","0","4","0","","67","9","2022","5","39.957872","-75.214175","0902","6","0","0","0","0","0","0","0","0","","0","0","0","","","4","","1","","39 57:28.339","3","0","75 12:51.029","3","0","0","0","67301","0","0","0","N","0","0","0","4","67301","0","","1.0","910.0","1","N","N","Y","1","","4","0","2","","3","N","","4","4","0","0","0","0","0","2","0","4","","03","","N","","","","","","","","","",""
"2022108056","1245","0","0","0","0","0","0","0","0","0","7","1","","67","11","2022","2","39.912389","-75.173861","1240","6","0","0","0","0","0","1","0","0","","0","1","0","","","0","","7","","39 54:44.600","3","8","75 10:25.900","0","0","0","0","67301","0","0","0","N","0","0","0","1","67301","0","","4.0","617.0","1","N","N","N","0","","0","0","0","","8","Y","","1","0","0","0","0","0","0","2","0","1","","03","","N","","","","","","","","","",""
"2022100801","1927","0","0","0","0","0","0","0","0","0","8","0","","67","9","2022","4","39.999745","-75.138532","1922","6","0","0","0","0","0","0","0","0","","0","0","0","","","1","","1","","39 59:59.082","","0","75 08:18.715","3","0","0","0","67301","1","0","0","N","1","0","0","2","67301","0","","1.0","","1","N","N","N","0","","1","0","1","","2","","","2","1","1","0","0","0","0","2","0","1","","03","","N","","","","","","","","","",""
"2022083552","2340","0","0","0","0","0","0","0","0","0","0","0","","67","9","2022","1","39.891942","-75.241906","2334","6","0","0","0","0","0","0","0","0","","0","0","0","","","1","","2","","39 53:30.990","","0","75 14:30.862","2","0","1","1","67301","0","0","0","N","0","0","0","1","67301","0","","1.0","","1","N","N","N","0","","0","1","0","","2","","","1","1","0","0","0","0","0","2","0","1","","03","","N","","","","","","","","","",""
"2022106270","2100","0","0","0","0","0","0","0","0","0","7","0","","67","10","2022","3","40.016629","-75.149527","2056","6","0","0","0","0","0","0","0","0","","0","0","0","","","1","N","0","","40 00:59.866","2","0","75 08:58.296","3","0","0","1","67301","0","0","0","N","0","0","0","1","67301","0","","3.0","2105.0","1","N","N","N","0","","1","0","0","","0","N","","1","1","0","0","0","0","0","2","0","1","","","","N","","","","","","","","","",""
"2022105800","0030","1","0","0","0","0","0","0","0","0","4","0","","67","6","2022","5","39.946891","-75.212674","0021","6","0","0","0","0","0","0","0","0","","0","0","0","","","1","","1","","39 56:48.807","","0","75 12:45.628","3","0","0","0","67301","0","0","0","N","0","0","0","2","67301","0","","1.0","","1","N","N","N","0","","1","0","0","","3","","","2","1","0","0","0","0","1","2","0","2","","03","","N","","","","","","","","","",""
"2022107525","2225","1","0","0","0","0","0","0","0","0","4","0","","67","10","2022","6","40.015928","-75.129589","2225","6","0","0","0","0","0","0","0","0","","1","0","0","","","1","","1","","40 00:57.340","","0","75 07:46.520","1","1","1","1","67301","0","0","0","N","0","0","0","3","67301","0","2","1.0","","1","N","N","N","0","0","0","1","0","","2","","","2","1","0","0","0","0","0","2","0","2","","03","","N","","","","","","","","","",""
"2022112899","1000","0","0","0","0","0","0","0","0","0","7","0","","67","11","2022","5","39.988206","-75.214447","0949","6","0","0","0","0","0","0","0","0","","0","0","0","","","0","N","0","","39 59:17.540","6","0","75 12:52.010","0","0","0","0","67301","0","0","0","N","0","0","0","1","67301","0","","4.0","1054.0","1","N","N","N","0","","0","0","1","","0","Y","","1","0","0","0","0","0","0","2","0","1","","03","","N","","","","","","","","","",""
"2022112929","0543","1","0","0","0","0","0","0","0","0","1","1","","67","11","2022","1","40.028487","-75.119893","0539","6","0","0","0","0","1","0","0","0","","0","1","0","","","1","N","0","","40 01:42.552","","0","75 07:11.613","3","0","0","0","67301","0","0","0","N","0","0","0","1","67301","0","","6.0","","1","N","N","N","0","","1","0","0","","0","","","2","1","1","0","0","0","0","2","0","2","","03","","N","","","","","","","","","",""
"2022087643","0520","1","0","0","0","0","0","0","0","0","4","0","","67","9","2022","2","40.030701","-75.061748","0518","6","0","0","0","0","0","0","0","0","","0","0","0","","","1","","1","","40 01:50.524","","0","75 03:42.293","3","0","0","0","67301","0","0","0","N","0","0","0","2","67301","0","","1.0","","1","N","N","N","2","","1","0","0","","2","","","3","1","0","0","0","0","0","2","0","3","","03","","N","","","","","","","","","",""
"2022108047","2326","1","0","0","0","0","0","0","0","0","7","0","","67","11","2022","3","39.974819","-75.116926","2314","6","0","0","0","0","1","0","0","0","","0","0","0","","","0","N","0","","39 58:29.349","1","0","75 07:00.934","0","0","0","0","67301","0","0","0","N","0","0","0","1","68K01","0","","2.0","1137.0","9","N","N","N","0","","0","0","0","","0","N","","1","0","0","0","0","0","0","2","0","1","","","","N","","","","","","","","","",""
"2022107003","0755","1","0","0","0","0","0","0","0","0","7","0","","67","11","2022","1","40.034821","-75.018422","0755","6","0","0","0","0","0","0","0","0","","0","0","0","","","0","N","0","","40 02:05.357","1","0","75 01:06.320","0","0","0","0","67301","0","0","0","N","0","0","0","1","68K01","0","","2.0","800.0","9","N","N","N","0","","0","0","0","","0","N","","1","0","0","0","0","0","0","2","0","1","","","","N","","","","","","","","","",""
"2022107459","2334","1","0","0","0","0","0","0","0","0","5","0","45","67","11","2022","5","39.995919","-75.082836","2324","6","0","0","0","0","0","0","0","0","","0","0","0","","","2","N","0","","39 59:45.307","","0","75 04:58.208","4","0","0","0","67301","0","0","0","N","0","0","0","5","68K01","2","","1.0","","1","N","N","N","0","","0","0","1","","0","","","3","2","0","0","0","0","1","2","0","3","","","Y","Y","2","2","N","N","Y","Y","N","N","N","N"
"2022112274","1225","0","0","0","0","0","0","1","0","0","4","1","","67","11","2022","3","40.028682","-75.117741","1206","6","0","0","0","0","0","0","1","0","","0","0","0","","","4","","1","","40 01:43.256","7","0","75 07:03.868","3","0","0","0","67301","0","0","0","N","0","0","0","5","67301","0","","1.0","1344.0","1","N","N","N","0","","3","0","1","","2","Y","","2","4","0","0","0","1","0","2","0","2","","","","N","","","","","","","","","",""
"2022111816","1950","1","0","0","0","0","0","0","0","0","1","0","","67","10","2022","4","39.978221","-75.111179","1940","6","0","0","0","0","0","0","0","0","","0","0","0","","","0","N","0","","39 58:41.596","","0","75 06:40.244","0","0","0","0","67301","0","0","0","N","0","0","0","2","68K01","0","","1.0","","1","N","N","N","0","","0","0","1","","0","","","2","0","0","0","0","0","0","2","0","2","","03","","N","","","","","","","","","",""
"2022110732","","1","0","0","0","0","0","0","0","0","4","0","","67","10","2022","1","39.971403","-75.164433","","6","0","0","0","0","0","0","0","0","","0","0","0","","","1","","1","","39 58:17.050","","0","75 09:51.958","8","0","0","0","67301","0","0","0","N","0","0","0","2","00000","0","","1.0","","1","","","N","0","","0","0","0","","3","","","2","1","0","0","0","1","0","2","0","2","","","","N","","","","","","","","","",""
"2022112273","2021","1","0","2","0","0","0","1","0","1","4","1","","67","9","2022","4","40.030737","-75.112002","2020","6","0","0","0","0","0","0","0","0","","0","0","0","","","4","","1","","40 01:50.653","","0","75 06:43.207","2","0","0","0","67301","0","0","0","N","0","0","0","6","67301","0","","1.0","","1","N","N","N","0","","1","2","1","","2","","","3","4","0","0","0","1","1","2","0","3","","03","","N","","","","","","","","","",""
"2022085877","0220","3","0","0","0","0","0","0","0","0","4","0","","67","9","2022","1","40.026203","-75.169155","0210","6","0","0","1","0","0","0","0","0","","0","0","0","","","1","","1","","40 01:34.330","","0","75 10:08.958","8","0","0","0","67301","0","0","0","N","0","0","0","2","67301","0","","1.0","","1","N","N","Y","0","","0","0","1","","2","","","4","1","0","0","0","1","0","2","0","4","","03","","N","","","","","","","","","",""