"CRN","ARRIVAL_TM","AUTOMOBILE_COUNT","BELTED_DEATH_COUNT","BELTED_SUSP_SERIOUS_INJ_COUNT","BICYCLE_COUNT","BICYCLE_DEATH_COUNT","BICYCLE_SUSP_SERIOUS_INJ_COUNT","BUS_COUNT","CHLDPAS_DEATH_COUNT","CHLDPAS_SUSP_SERIOUS_INJ_COUNT","COLLISION_TYPE","COMM_VEH_COUNT","CONS_ZONE_SPD_LIM","COUNTY","CRASH_MONTH","CRASH_YEAR","DAY_OF_WEEK","DEC_LATITUDE","DEC_LONGITUDE","DISPATCH_TM","DISTRICT","DRIVER_COUNT_16YR","DRIVER_COUNT_17YR","DRIVER_COUNT_18YR","DRIVER_COUNT_19YR","DRIVER_COUNT_20YR","DRIVER_COUNT_50_64YR","DRIVER_COUNT_65_74YR","DRIVER_COUNT_75PLUS","EST_HRS_CLOSED","FATAL_COUNT","HEAVY_TRUCK_COUNT","HORSE_BUGGY_COUNT","HOUR_OF_DAY","ILLUMINATION","INJURY_COUNT","INTERSECTION_RELATED","INTERSECT_TYPE","LANE_CLOSED","LATITUDE","LN_CLOSE_DIR","LOCATION_TYPE","LONGITUDE","MAX_SEVERITY_LEVEL","MCYCLE_DEATH_COUNT","MCYCLE_SUSP_SERIOUS_INJ_COUNT","MOTORCYCLE_COUNT","MUNICIPALITY","NONMOTR_COUNT","NONMOTR_DEATH_COUNT","NONMOTR_SUSP_SERIOUS_INJ_COUNT","NTFY_HIWY_MAINT","PED_COUNT","PED_DEATH_COUNT","PED_SUSP_SERIOUS_INJ_COUNT","PERSON_COUNT","POLICE_AGCY","POSSIBLE_INJ_COUNT","RDWY_SURF_TYPE_CD","RELATION_TO_ROAD","ROADWAY_CLEARED","ROAD_CONDITION","SCH_BUS_IND","SCH_ZONE_IND","SECONDARY_CRASH","SMALL_TRUCK_COUNT","SPEC_JURIS_CD","SUSP_MINOR_INJ_COUNT","SUSP_SERIOUS_INJ_COUNT","SUV_COUNT","TCD_FUNC_CD","TCD_TYPE","TFC_DETOUR_IND","TIME_OF_DAY","TOTAL_UNITS","TOT_INJ_COUNT","UNBELTED_OCC_COUNT","UNB_DEATH_COUNT","UNB_SUSP_SERIOUS_INJ_COUNT","UNK_INJ_DEG_COUNT","UNK_INJ_PER_COUNT","URBAN_RURAL","VAN_COUNT","VEHICLE_COUNT","WEATHER1","WEATHER2","WORKERS_PRES","WORK_ZONE_IND","WORK_ZONE_LOC","WORK_ZONE_TYPE","WZ_CLOSE_DETOUR","WZ_FLAGGER","WZ_LAW_OFFCR_IND","WZ_LN_CLOSURE","WZ_MOVING","WZ_OTHER","WZ_SHLDER_MDN","WZ_WORKERS_INJ_KILLED"
"2022085872","1047","2","0","0","0","0","0","0","0","0","4","0","","67","9","2022","1","40.055849","-75.127056","1047","6","0","0","0","0","0","0","0","1","","0","0","0","","","2","","1","","40 03:21.055","","0","75 07:37.401","3","0","0","0","67301","0","0","0","N","0","0","0","3","67301","0","","1.0","","1","N","N","N","0","","2","0","0","","2","","","2","2","0","0","0","0","0","2","0","2","","03","","N","","","","","","","","","",""
"2022085400","1820","2","0","0","0","0","0","0","0","0","5","0","","67","9","2022","6","39.934336","-75.236049","1813","6","0","0","0","0","0","0","0","0","","0","0","0","","","1","N","0","","39 56:03.611","","0","75 14:09.776","8","0","0","0","67301","0","0","0","N","0","0","0","3","67301","0","","1.0","","1","N","N","N","1","","0","0","0","","0","","","3","1","0","0","0","1","1","2","0","3","","03","","N","","","","","","","","","",""
"2022110459","0746","3","0","0","0","0","0","0","0","0","1","1","","67","11","2022","2","40.015434","-75.053213","0746","6","0","0","0","0","0","1","1","0","","0","1","0","","","1","N","0","","40 00:55.562","","0","75 03:11.566","8","0","0","0","67301","0","0","0","N","0","0","0","5","68K01","0","","1.0","","1","N","N","Y","0","","0","0","1","","0","","","5","1","0","0","0","1","0","2","0","5","","03","","N","","","","","","","","","",""
"2022085666","1337","1","0","0","0","0","0","0","0","0","5","0","","67","9","2022","1","40.053861","-75.197278","1330","6","0","0","0","0","0","0","0","0","","0","0","0","","","1","Y","0","","40 03:13.900","1","0","75 11:50.200","8","0","0","0","67301","0","0","0","N","0","0","0","2","67301","0","","1.0","1400.0","1","N","N","Y","0","","0","0","2","","3","N","","3","1","0","0","0","1","0","2","0","3","","03","","N","","","","","","","","","",""
"2022085663","1004","0","0","0","0","0","0","0","0","0","4","0","","67","9","2022","1","39.943415","-75.155269","1000","6","0","0","0","0","0","0","0","0","","0","0","0","","","1","","1","","39 56:36.293","","0","75 09:18.968","8","0","0","0","67301","0","0","0","N","0","0","0","4","67301","0","","1.0","","1","N","N","N","0","","0","0","2","","2","","","2","1","0","0","0","1","0","2","0","2","","","","N","","","","","","","","","",""
"2022111338","0346","1","0","0","0","0","0","0","0","0","1","1","","67","10","2022","5","39.898714","-75.170934","0333","6","0","0","0","0","0","0","0","0","","0","1","0","","","2","N","0","","39 53:55.370","1","0","75 10:15.361","8","0","0","0","67301","0","0","0","N","0","0","0","2","68K01","0","","1.0","400.0","1","N","N","N","0","","0","0","0","","0","N","","2","2","0","0","0","2","0","2","0","2","","","","N","","","","","","","","","",""
"2022084309","2042","1","0","0","0","0","0","0","0","0","8","0","","67","9","2022","3","39.941624","-75.149173","2041","6","0","0","0","0","0","0","0","0","","0","0","0","","","1","","1","","39 56:29.847","","0","75 08:57.023","8","0","0","0","67301","1","0","0","N","1","0","0","2","67301","0","","1.0","","1","N","N","N","0","","0","0","0","","2","","","2","1","0","0","0","1","0","2","0","1","","03","","N","","","","","","","","","",""
"2022085364","0330","1","0","0","0","0","0","0","0","0","5","0","","67","9","2022","7","39.932531","-75.155203","0330","6","0","0","0","0","0","0","0","0","","0","0","0","","","0","N","0","","39 55:57.110","","0","75 09:18.730","0","0","0","0","67301","0","0","0","N","0","0","0","1","67301","0","","6.0","","1","N","N","N","0","","0","0","2","","0","","","3","0","0","0","0","0","0","2","0","3","","03","","N","","","","","","","","","",""
"2022087418","1715","1","0","0","0","0","0","0","0","0","4","0","","67","9","2022","2","40.021001","-75.16392","1708","6","0","0","0","0","0","0","0","1","","0","0","0","","","1","","1","","40 01:15.603","","0","75 09:50.111","4","0","0","0","67301","0","0","0","N","0","0","0","2","67301","1","","1.0","","1","N","N","N","0","","0","0","1","","3","","","2","1","0","0","0","0","1","2","0","2","","03","","N","","","","","","","","","",""
"2022088740","1348","1","0","0","0","0","0","0","0","0","7","0","","67","9","2022","3","39.978462","-75.110038","1341","6","0","0","1","0","0","0","0","0","","0","0","0","","","2","N","0","","39 58:42.462","1","0","75 06:36.138","3","0","0","0","67301","0","0","0","N","0","0","0","2","68K01","0","","3.0","1400.0","1","N","N","N","0","","2","0","0","","0","N","","1","2","2","0","0","0","0","2","0","1","","","","N","","","","","","","","","",""
"2022100693","2205","1","0","0","0","0","0","0","0","0","4","0","","67","10","2022","4","40.003671","-75.181113","2200","6","0","0","0","0","0","0","0","0","","0","0","0","","","0","","1","","40 00:13.217","2","0","75 10:52.007","9","0","0","0","67301","0","0","0","N","0","0","0","3","67301","0","","1.0","2300.0","1","N","N","N","0","","0","0","0","","2","N","","2","0","0","0","0","0","2","2","1","2","","03","","N","","","","","","","","","",""
"2022091836","","0","0","0","0","0","0","0","0","0","4","0","","67","9","2022","1","39.901375","-75.23933","","6","0","0","0","0","0","0","0","0","","0","0","0","","","0","","2","","39 54:04.950","","0","75 14:21.587","0","0","0","0","67301","0","0","0","N","0","0","0","2","00000","0","","1.0","","1","","","N","0","","0","0","1","","0","","","2","0","0","0","0","0","0","2","0","2","","","","N","","","","","","","","","",""
"2022086742","1633","1","0","0","0","0","0","0","0","0","8","0","","67","9","2022","2","40.026503","-75.04216","1624","6","0","0","0","0","0","0","0","0","","0","0","0","","","1","","1","","40 01:35.410","","0","75 02:31.776","3","0","0","0","67301","1","0","0","N","1","0","0","2","67301","0","","1.0","","9","N","N","N","0","","1","0","0","","0","","","2","1","0","0","0","0","0","2","0","1","","","","N","","","","","","","","","",""
"2022113753","1726","1","0","0","0","0","0","0","0","0","1","1","","67","11","2022","4","39.893608","-75.236216","1717","6","0","0","0","0","0","0","0","0","","0","1","0","","","1","N","0","","39 53:36.989","","0","75 14:10.376","3","0","0","0","67301","0","0","0","N","0","0","0","2","67301","0","","1.0","","9","N","N","N","0","","1","0","0","","0","","","2","1","0","0","0","0","0","2","0","2","","07","","N","","","","","","","","","",""
"2022097359","0431","0","0","0","0","0","0","0","0","0","2","0","","67","9","2022","6","39.912769","-75.175867","0425","6","0","0","0","0","0","0","0","0","","0","0","0","","","0","N","0","","39 54:45.970","3","3","75 10:33.120","9","0","0","0","67301","0","0","0","N","0","0","0","2","68K01","0","","1.0","100.0","1","N","N","N","0","","0","0","2","","0","Y","","2","0","1","0","0","0","1","2","0","2","","","","N","","","","","","","","","",""
"2022096647","","1","0","0","0","0","0","0","0","0","4","0","","67","9","2022","6","40.019111","-75.081461","","6","0","0","0","0","0","0","0","0","","0","0","0","","","1","","1","","40 01:08.801","","0","75 04:53.260","8","0","0","0","67301","0","0","0","N","0","0","0","2","00000","0","","1.0","","1","","","N","0","","0","0","0","","2","","","2","1","0","0","0","1","0","2","0","2","","","","N","","","","","","","","","",""
"2022112227","0725","1","0","0","0","0","0","0","0","0","4","0","","67","11","2022","7","40.057794","-75.008743","0722","6","0","0","0","1","0","1","0","0","","0","0","0","","","1","","1","","40 03:28.059","","0","75 00:31.473","8","0","0","0","67301","0","0","0","N","0","0","0","2","67301","0","","1.0","","1","N","N","N","0","","0","0","1","","2","","","2","1","0","0","0","1","0","2","0","2","","","","N","","","","","","","","","",""
"2022115557","1733","0","0","0","0","0","0","0","0","0","1","0","","67","10","2022","1","39.942483","-75.14323","1724","6","0","0","1","0","0","0","0","0","","0","0","0","","","0","N","0","","39 56:32.939","","0","75 08:35.627","0","0","0","0","67301","0","0","0","N","0","0","0","2","68K01","0","","1.0","","9","N","N","Y","1","","0","0","1","","0","","","2","0","0","0","0","0","0","2","0","2","","07","","N","","","","","","","","","",""
"2022085786","0235","0","0","0","0","0","0","0","0","0","7","0","","67","9","2022","2","39.984464","-75.156541","0231","6","0","0","0","0","0","0","1","0","","0","0","0","","","0","N","0","","39 59:04.071","","0","75 09:23.547","0","0","0","0","67301","0","0","0","N","0","0","0","1","67505","0","","3.0","","1","N","N","N","0","","0","0","1","","0","","","1","0","0","0","0","0","0","2","0","1","","03","","N","","","","","","","","","",""
"2022112930","0742","2","0","0","0","0","0","0","0","0","2","0","","67","11","2022","2","40.021278","-75.147103","0738","6","0","0","0","0","0","0","0","0","","0","0","0","","","0","","5","","40 01:16.600","2","0","75 08:49.570","9","0","0","0","67301","0","0","0","N","0","0","0","4","67301","0","","1.0","845.0","1","N","N","N","0","","0","0","0","","2","Y","","2","0","0","0","0","0","3","2","0","2","","03","","N","","","","","","","","","",""
"2022083589","0016","1","0","0","0","0","0","0","0","0","4","0","","67","9","2022","7","39.924508","-75.140597","0015","6","0","0","0","0","0","0","0","0","","0","0","0","","","0","","1","","39 55:28.230","","7","75 08:26.150","0","0","0","0","67301","0","0","0","N","0","0","0","3","67301","0","","1.0","","1","N","N","N","0","","0","0","1","","0","","","2","0","0","0","0","0","0","2","0","2","","","","N","","","","","","","","","",""
"2022112819","0820","1","0","0","0","0","0","1","0","0","2","1","","67","11","2022","4","40.012944","-75.118444","0805","6","0","0","0","0","1","0","0","0","","0","0","0","","","3","N","0","","40 00:46.600","3","0","75 07:06.400","4","0","0","0","67301","0","0","0","N","0","0","0","3","67508","3","","1.0","9999.0","9","N","N","N","0","","0","0","0","","0","N","","2","3","0","0","0","0","0","2","0","2","","03","","N","","","","","","","","","",""
"2022084461","1225","1","0","0","0","0","0","0","0","0","1","0","","67","9","2022","4","39.917543","-75.212937","1219","6","0","0","1","0","0","0","0","0","","0","0","0","","","1","N","0","","39 55:03.153","","0","75 12:46.573","3","0","0","0","67301","0","0","0","N","0","0","0","2","67301","0","","1.0","","1","N","N","N","0","","1","0","1","","0","","","2","1","0","0","0","0","0","2","0","2","","03","","N","","","","","","","","","",""
"2022111818","0803","1","0","0","0","0","0","0","0","0","1","0","","67","10","2022","2","39.978559","-75.110541","0727","6","0","0","0","0","0","1","0","0","","0","0","0","","","0","N","0","","39 58:42.811","2","3","75 06:37.949","0","0","0","0","67301","0","0","0","N","0","0","0","2","68K01","0","","1.0","845.0","1","N","N","N","0","","0","0","1","","0","N","","2","0","0","0","0","0","0","2","0","2","","03","","N","","","","","","","","","",""
"2022085288","2330","0","0","0","0","0","0","0","0","0","4","0","","67","9","2022","6","40.05431","-75.063221","2330","6","0","0","0","0","0","1","0","0","","0","0","0","","","0","","1","","40 03:15.516","","0","75 03:47.594","9","0","0","1","67301","0","0","0","N","0","0","0","2","67301","0","","1.0","","99","N","N","N","1","","0","0","0","","2","","","2","0","0","0","0","0","1","2","0","2","","","","N","","","","","","","","","",""
"2022112404","2047","2","0","0","0","0","0","1","0","0","6","1","","67","10","2022","2","39.992302","-75.185923","2046","6","0","0","0","0","0","1","0","0","","0","0","0","","","1","N","0","","39 59:32.287","","0","75 11:09.323","3","0","0","0","67301","0","0","0","N","0","0","0","3","67301","0","","1.0","","9","N","N","N","0","","1","0","4","","0","","","8","1","1","0","0","0","0","2","1","8","","04","","N","","","","","","","","","",""
"2022102306","1722","1","0","0","0","0","0","0","0","0","1","0","","67","9","2022","7","40.013538","-75.057038","1710","6","0","0","0","0","0","0","0","0","","0","0","0","","","0","N","0","","40 00:48.737","","0","75 03:25.337","9","0","0","1","67301","0","0","0","N","0","0","0","7","68K01","0","","1.0","","1","N","N","N","0","","0","0","3","","0","","","6","0","0","0","0","0","2","2","0","6","","","","N","","","","","","","","","",""
"2022086448","0157","1","0","0","0","0","0","0","0","0","7","0","","67","9","2022","7","40.056369","-75.197115","0157","6","0","0","0","0","0","0","0","0","","0","0","0","","","1","","2","","40 03:22.927","","0","75 11:49.613","3","0","0","0","67301","0","0","0","N","0","0","0","1","67301","0","","4.0","","1","N","N","N","0","","1","0","0","","3","","","1","1","0","0","0","0","0","2","0","1","","03","","N","","","","","","","","","",""
"2022112206","0800","0","0","0","0","0","0","0","0","0","2","0","","67","11","2022","4","40.052509","-75.227101","0756","6","0","0","0","0","0","0","0","1","","0","0","0","","","2","","1","","40 03:09.034","","0","75 13:37.563","2","0","0","0","67301","0","0","0","N","0","0","0","2","67301","0","","1.0","","1","N","N","N","0","","0","2","2","","2","","","2","2","0","0","0","0","0","2","0","2","","03","","N","","","","","","","","","",""
"2022085085","1017","0","0","0","0","0","0","0","0","0","8","2","","67","9","2022","7","40.030958","-75.179719","1014","6","0","0","0","0","0","0","0","0","","1","0","0","","","0","N","0","","40 01:51.450","","0","75 10:46.990","1","0","0","0","67301","1","1","0","N","1","1","0","2","67301","0","2","6.0","","1","N","N","N","0","0","0","0","0","","0","","","3","0","1","0","0","0","0","2","2","2","","03","","N","","","","","","","","","",""
"2022110557","0204","1","0","0","0","0","0","0","0","0","4","0","","67","8","2022","4","39.971281","-75.121302","0203","6","0","0","0","0","0","0","0","0","","0","0","0","","","0","","5","","39 58:16.610","","2","75 07:16.686","0","0","0","0","67301","0","0","0","N","0","0","0","2","67301","0","","1.0","","1","N","N","N","0","","0","0","1","","2","","","2","0","0","0","0","0","0","2","0","2","","03","","N","","","","","","","","","",""
"2022110554","2335","1","0","0","0","0","0","0","0","0","8","0","","67","11","2022","3","39.98627","-75.156147","2332","6","0","0","1","0","0","0","0","0","","1","0","0","","","0","","1","","39 59:10.572","7","0","75 09:22.129","1","0","0","0","67301","1","1","0","N","1","1","0","2","67301","0","2","1.0","159.0","1","N","N","N","0","0","0","0","0","","2","Y","","2","0","1","0","0","0","1","2","0","1","","03","","N","","","","","","","","","",""
"2022107164","1955","1","0","0","0","0","0","0","0","0","7","0","","67","11","2022","1","40.09195","-75.066709","1949","6","0","0","0","0","0","0","0","0","","0","0","0","","","1","","2","","40 05:31.020","5","0","75 04:00.152","3","0","0","0","67301","0","0","0","N","0","0","0","2","67301","0","","5.0","200.0","1","N","N","N","0","","1","0","0","","0","Y","","1","1","0","0","0","0","0","2","0","1","","03","","N","","","","","","","","","",""
"2022085876","0140","0","0","0","0","0","0","0","0","0","7","0","","67","9","2022","1","40.007238","-75.17445","0140","6","0","0","0","0","0","1","0","0","","0","0","0","","","1","","3","","40 00:26.056","4","0","75 10:28.019","3","0","0","0","67301","0","0","0","N","0","0","0","1","67301","0","","4.0","215.0","1","N","N","N","0","","1","0","1","","2","N","","2","1","0","0","0","0","0","2","0","1","","03","","N","","","","","","","","","",""
"2022103323","2001","1","0","0","0","0","0","0","0","0","7","0","","67","9","2022","3","39.999263","-75.15211","1953","6","0","0","0","0","0","0","0","0","","0","0","0","","","0","","11","","39 59:57.346","","0","75 09:07.596","9","0","0","0","67301","0","0","0","N","0","0","0","1","67301","0","","4.0","","1","N","N","N","0","","0","0","0","","0","","","1","0","0","0","0","0","1","2","0","1","","03","","N","","","","","","","","","",""
"2022084235","2342","2","0","0","0","0","0","0","0","0","4","0","","67","9","2022","2","40.035049","-75.018566","2329","6","0","0","0","0","0","0","0","0","","0","0","0","","","0","N","0","","40 02:06.175","","3","75 01:06.837","0","0","0","0","67301","0","0","0","N","0","0","0","1","68K01","0","","1.0","","9","N","N","N","0","","0","0","0","","0","","","2","0","0","0","0","0","0","2","0","2","","","","N","","","","","","","","","",""
"2022111717","0528","1","0","0","0","0","0","0","0","0","7","0","","67","9","2022","2","39.915078","-75.147752","0516","6","0","0","0","0","0","0","0","0","","0","0","0","","","1","N","0","","39 54:54.280","1","3","75 08:51.906","3","0","0","0","67301","0","0","0","N","0","0","0","1","68K01","0","","4.0","608.0","1","N","N","N","0","","1","0","0","","0","N","","1","1","0","0","0","0","0","2","0","1","","03","","N","","","","","","","","","",""
"2022087349","0849","3","0","0","0","0","0","0","0","0","4","0","","67","9","2022","2","40.062124","-75.058314","0840","6","0","0","0","0","0","0","0","0","","0","0","0","","","1","","1","","40 03:43.646","6","0","75 03:29.930","3","0","0","0","67301","0","0","0","N","0","0","0","2","67301","0","","1.0","849.0","1","N","N","Y","0","","1","0","0","","3","N","","3","1","0","0","0","0","0","2","0","3","","","","N","","","","","","","","","",""
"2022085281","0039","1","0","0","0","0","0","0","0","0","8","0","","67","9","2022","7","39.981744","-75.157275","0039","6","0","0","0","0","0","0","0","0","","0","0","0","","","1","N","0","","39 58:54.278","","0","75 09:26.191","8","0","0","0","67301","1","0","0","N","1","0","0","2","67505","0","","1.0","","1","N","N","N","0","","0","0","0","","2","","","2","1","0","0","0","1","0","2","0","1","","03","","N","","","","","","","","","",""
"2022091103","1252","1","0","0","0","0","0","0","0","0","1","0","","67","9","2022","7","39.968198","-75.13018","1242","6","0","0","0","0","0","0","0","0","","0","0","0","","","0","N","0","","39 58:05.514","","0","75 07:48.648","0","0","0","0","67301","0","0","0","N","0","0","0","2","68K01","0","","1.0","","1","N","N","N","0","","0","0","0","","0","","","2","0","0","0","0","0","0","2","1","2","","03","","N","","","","","","","","","",""
"2022108064","1355","0","0","0","0","0","0","0","0","0","8","0","99","67","5","2022","5","40.02313","-75.041109","1341","6","0","0","0","0","0","0","0","0","","0","0","0","","","1","","2","","40 01:23.267","","0","75 02:27.991","3","0","0","0","67301","1","0","0","N","1","0","0","2","67301","0","","1.0","","1","N","N","N","1","","1","0","0","","3","","","2","1","0","0","0","0","1","2","0","1","","03","Y","Y","8","8","N","N","N","Y","N","N","N","Y"
"2022083650","1323","1","0","0","0","0","0","0","0","0","4","0","","67","9","2022","1","40.055418","-75.126339","1323","6","0","0","0","0","0","0","0","1","","0","0","0","","","0","","2","","40 03:19.504","","0","75 07:34.819","0","0","0","0","67301","0","0","0","N","0","0","0","4","67301","0","","1.0","","9","N","N","N","0","","0","0","1","","2","","","2","0","0","0","0","0","0","2","0","2","","","","N","","","","","","","","","",""
"2022085873","1920","1","0","0","0","0","0","0","0","0","4","0","","67","9","2022","7","40.010483","-75.160772","1857","6","0","0","0","0","0","0","0","0","","0","0","0","","","2","","1","","40 00:37.740","","0","75 09:38.779","8","0","0","0","67301","0","0","0","N","0","0","0","4","67301","0","","1.0","","1","N","N","N","1","","0","0","0","","3","","","3","2","0","0","0","2","2","2","0","3","","03","","N","","","","","","","","","",""
"2022106575","0004","0","0","0","0","0","0","0","0","0","1","0","","67","10","2022","2","39.980939","-75.206496","2354","6","0","0","0","1","0","0","0","0","","0","0","0","","","1","N","0","","39 58:51.382","","0","75 12:23.387","3","0","0","0","67301","0","0","0","N","0","0","0","4","68K01","0","","1.0","","9","N","N","N","0","","1","0","2","","0","","","2","1","1","0","0","0","0","2","0","2","","","","N","","","","","","","","","",""
"2022113344","0051","2","0","0","0","0","0","0","0","0","4","0","","67","11","2022","4","40.028357","-75.120001","0045","6","0","0","0","0","0","0","0","0","","0","0","0","","","1","","1","","40 01:42.085","","0","75 07:12.004","3","0","0","0","67301","0","0","0","N","0","0","0","2","67301","0","","1.0","","1","N","N","N","0","","1","0","0","","2","","","2","1","0","0","0","0","1","2","0","2","","03","","N","","","","","","","","","",""
"2022113720","1618","0","0","0","0","0","0","0","0","0","1","0","","67","11","2022","5","39.941925","-75.194046","1608","6","0","0","0","0","0","2","0","0","","0","0","0","","","1","N","0","","39 56:30.930","4","0","75 11:38.564","3","0","0","0","67301","0","0","0","N","0","0","0","11","68K01","0","","1.0","1653.0","1","N","N","N","0","","1","0","3","","0","N","","3","1","0","0","0","0","0","2","0","3","","","","N","","","","","","","","","",""
"2022112215","0054","0","0","0","0","0","0","0","0","0","7","0","","67","11","2022","5","40.124906","-75.003181","0054","6","0","0","0","0","0","0","0","0","","0","0","0","","","1","N","0","","40 07:29.660","","0","75 00:11.450","2","0","1","1","67301","0","0","0","N","0","0","0","1","67301","0","","5.0","","1","N","N","N","0","","0","1","0","","0","","","1","1","0","0","0","0","0","2","0","1","","03","","N","","","","","","","","","",""
"2022108539","2325","0","0","0","0","0","0","0","0","0","7","0","","67","11","2022","7","39.960451","-75.181238","2316","6","0","0","0","0","0","0","0","0","","0","0","0","","","0","N","0","","39 57:37.624","4","0","75 10:52.455","0","0","0","0","67301","0","0","0","N","0","0","0","3","68K01","0","","4.0","2335.0","9","N","N","N","0","","0","0","1","","0","N","","1","0","3","0","0","0","0","2","0","1","","","","N","","","","","","","","","",""
"2022106155","0115","1","0","0","0","0","0","0","0","0","1","0","","67","9","2022","7","39.956072","-75.237961","0115","6","0","0","0","0","0","1","0","0","","0","0","0","","","2","","1","","39 57:21.859","","0","75 14:16.659","2","0","0","0","67301","0","0","0","N","0","0","0","3","67301","0","","1.0","","1","N","N","N","0","","0","2","1","","2","","","2","2","0","0","0","0","0","2","0","2","","03","","N","","","","","","","","","",""
"2022106564","1532","1","0","0","0","0","0","0","0","0","7","0","","67","10","2022","3","40.045685","-74.999861","1458","6","0","0","0","0","0","0","0","0","","0","0","0","","","0","","6","","40 02:44.465","","2","74 59:59.498","0","0","0","0","67301","0","0","0","N","0","0","0","2","68K01","0","","4.0","","9","N","N","N","0","","0","0","0","","0","","","1","0","0","0","0","0","0","2","0","1","","07","","N","","","","","","","","","",""
"2022113492","0859","1","0","0","0","0","0","0","0","0","1","1","","67","10","2022","6","39.948261","-75.186575","0849","6","0","0","0","0","0","0","0","0","","0","1","0","","","0","N","0","","39 56:53.741","","0","75 11:11.669","0","0","0","0","67301","0","0","0","N","0","0","0","2","68K01","0","","1.0","","1","N","N","N","0","","0","0","0","","0","","","2","0","0","0","0","0","0","2","0","2","","","","N","","","","","","","","","",""
"2022113594","1610","0","0","0","0","0","0","0","0","0","0","1","","67","11","2022","3","40.050045","-75.003434","1600","6","0","0","0","0","0","0","0","0","","0","1","0","","","1","N","0","","40 03:00.162","2","2","75 00:12.364","8","0","0","0","67301","0","0","0","N","0","0","0","1","67301","0","","1.0","2221.0","1","N","N","N","0","","0","0","0","","0","Y","","1","1","0","0","0","1","0","2","0","1","","","","N","","","","","","","","","",""
"2022110925","2241","1","0","0","0","0","0","0","0","0","5","0","","67","11","2022","6","39.949572","-75.238364","2239","6","0","0","0","0","0","0","0","0","","0","0","0","","","0","N","0","","39 56:58.460","","0","75 14:18.110","0","0","0","0","67301","0","0","0","N","0","0","0","1","67301","0","","6.0","","1","N","N","N","2","","0","0","0","","0","","","5","0","1","0","0","0","0","2","2","5","","","","N","","","","","","","","","",""
"2022112397","0805","1","0","0","0","0","0","1","0","0","1","1","","67","11","2022","2","40.075142","-75.018523","0758","6","0","0","0","0","0","1","0","0","","0","0","0","","","0","","9","","40 04:30.512","3","0","75 01:06.681","0","0","0","0","67301","0","0","0","N","0","0","0","4","67301","0","","1.0","100.0","1","N","N","N","0","","0","0","0","","6","N","","2","0","0","0","0","0","0","2","0","2","","03","","N","","","","","","","","","",""
"2022113598","2352","1","0","0","0","0","0","0","0","0","7","0","","67","11","2022","6","40.038213","-75.190073","2342","6","0","0","0","0","0","0","0","0","","0","0","0","","","0","","1","","40 02:17.568","","0","75 11:24.263","9","0","0","0","67301","0","0","0","N","0","0","0","1","67301","0","","5.0","","1","N","Y","N","0","","0","0","0","","2","","","1","0","0","0","0","0","1","2","0","1","","03","","N","","","","","","","","","",""
"2022085833","1955","1","0","0","0","0","0","0","0","0","4","0","","67","9","2022","1","40.066128","-75.063046","1950","6","0","0","0","0","0","2","0","0","","0","0","0","","","1","","1","","40 03:58.061","","0","75 03:46.964","3","0","0","0","67301","0","0","0","N","0","0","0","2","67301","0","","1.0","","1","N","N","N","0","","1","0","1","","2","","","2","1","0","0","0","0","1","2","0","2","","","","N","","","","","","","","","",""
"2022111718","2019","1","0","0","0","0","0","0","0","0","5","0","","67","10","2022","7","40.039377","-75.007726","2008","6","0","0","0","1","0","1","0","0","","0","0","0","","","2","N","0","","40 02:21.757","2","0","75 00:27.815","4","0","0","0","67301","0","0","0","N","0","0","0","4","68K01","2","","1.0","2050.0","9","N","N","N","0","","0","0","2","","0","N","","4","2","0","0","0","0","0","2","0","4","","","","N","","","","","","","","","",""
"2022087215","1658","0","0","0","0","0","0","0","0","0","8","0","","67","9","2022","2","39.985101","-75.171538","1658","6","0","0","0","0","0","1","0","0","","0","0","0","","","1","","1","","39 59:06.363","","0","75 10:17.536","3","0","0","0","67301","1","0","0","N","1","0","0","2","67301","0","","1.0","","9","N","N","N","0","","1","0","0","","3","","","2","1","0","0","0","0","0","2","1","1","","07","","N","","","","","","","","","",""
"2022088059","1328","2","0","0","0","0","0","0","0","0","4","0","","67","9","2022","5","39.979608","-75.165032","1326","6","0","0","0","0","0","1","0","0","","0","0","0","","","2","","1","","39 58:46.587","","0","75 09:54.116","8","0","0","0","67301","0","0","0","N","0","0","0","3","67301","0","","1.0","","9","N","Y","N","0","","0","0","0","","2","","","2","2","0","0","0","2","0","2","0","2","","04","","N","","","","","","","","","",""
"2022086682","0744","0","0","0","0","0","0","0","0","0","8","0","","67","9","2022","3","39.937994","-75.159676","0744","6","0","0","0","0","0","0","0","0","","0","0","0","","","1","","1","","39 56:16.780","","0","75 09:34.835","3","0","0","0","67301","1","0","0","N","1","0","0","2","67301","0","","1.0","","1","N","N","N","0","","1","0","1","","3","","","2","1","0","0","0","0","0","2","0","1","","","","N","","","","","","","","","",""
"2022097778","2136","2","0","0","0","0","0","0","0","0","4","0","","67","9","2022","1","39.956565","-75.209738","2136","6","0","0","0","0","0","0","0","0","","0","0","0","","","2","","1","","39 57:23.634","","0","75 12:35.058","3","0","0","0","67301","0","0","0","N","0","0","0","3","67301","0","","1.0","","1","N","N","N","0","","2","0","0","","2","","","2","2","2","0","0","0","0","2","0","2","","98","","N","","","","","","","","","",""