"CRN","ARRIVAL_TM","AUTOMOBILE_COUNT","BELTED_DEATH_COUNT","BELTED_SUSP_SERIOUS_INJ_COUNT","BICYCLE_COUNT","BICYCLE_DEATH_COUNT","BICYCLE_SUSP_SERIOUS_INJ_COUNT","BUS_COUNT","CHLDPAS_DEATH_COUNT","CHLDPAS_SUSP_SERIOUS_INJ_COUNT","COLLISION_TYPE","COMM_VEH_COUNT","CONS_ZONE_SPD_LIM","COUNTY","CRASH_MONTH","CRASH_YEAR","DAY_OF_WEEK","DEC_LATITUDE","DEC_LONGITUDE","DISPATCH_TM","DISTRICT","DRIVER_COUNT_16YR","DRIVER_COUNT_17YR","DRIVER_COUNT_18YR","DRIVER_COUNT_19YR","DRIVER_COUNT_20YR","DRIVER_COUNT_50_64YR","DRIVER_COUNT_65_74YR","DRIVER_COUNT_75PLUS","EST_HRS_CLOSED","FATAL_COUNT","HEAVY_TRUCK_COUNT","HORSE_BUGGY_COUNT","HOUR_OF_DAY","ILLUMINATION","INJURY_COUNT","INTERSECTION_RELATED","INTERSECT_TYPE","LANE_CLOSED","LATITUDE","LN_CLOSE_DIR","LOCATION_TYPE","LONGITUDE","MAX_SEVERITY_LEVEL","MCYCLE_DEATH_COUNT","MCYCLE_SUSP_SERIOUS_INJ_COUNT","MOTORCYCLE_COUNT","MUNICIPALITY","NONMOTR_COUNT","NONMOTR_DEATH_COUNT","NONMOTR_SUSP_SERIOUS_INJ_COUNT","NTFY_HIWY_MAINT","PED_COUNT","PED_DEATH_COUNT","PED_SUSP_SERIOUS_INJ_COUNT","PERSON_COUNT","POLICE_AGCY","POSSIBLE_INJ_COUNT","RDWY_SURF_TYPE_CD","RELATION_TO_ROAD","ROADWAY_CLEARED","ROAD_CONDITION","SCH_BUS_IND","SCH_ZONE_IND","SECONDARY_CRASH","SMALL_TRUCK_COUNT","SPEC_JURIS_CD","SUSP_MINOR_INJ_COUNT","SUSP_SERIOUS_INJ_COUNT","SUV_COUNT","TCD_FUNC_CD","TCD_TYPE","TFC_DETOUR_IND","TIME_OF_DAY","TOTAL_UNITS","TOT_INJ_COUNT","UNBELTED_OCC_COUNT","UNB_DEATH_COUNT","UNB_SUSP_SERIOUS_INJ_COUNT","UNK_INJ_DEG_COUNT","UNK_INJ_PER_COUNT","URBAN_RURAL","VAN_COUNT","VEHICLE_COUNT","WEATHER1","WEATHER2","WORKERS_PRES","WORK_ZONE_IND","WORK_ZONE_LOC","WORK_ZONE_TYPE","WZ_CLOSE_DETOUR","WZ_FLAGGER","WZ_LAW_OFFCR_IND","WZ_LN_CLOSURE","WZ_MOVING","WZ_OTHER","WZ_SHLDER_MDN","WZ_WORKERS_INJ_KILLED"
"2022112627","0635","1","0","0","0","0","0","0","0","0","8","0","","67","11","2022","7","39.95141","-75.141496","0635","6","0","0","0","0","0","1","0","0","","2","0","0","","","0","N","0","","39 57:05.077","2","0","75 08:29.386","1","0","0","0","67301","1","1","0","N","1","1","0","2","68K01","0","1","1.0","1000.0","9","N","N","N","0","0","0","0","1","","0","Y","","4","0","1","1","0","0","0","2","1","3","","","","N","","","","","","","","","",""
"2022086934","1725","1","0","0","0","0","0","0","0","0","1","0","","67","9","2022","3","39.941838","-75.142362","1719","6","0","0","0","0","0","0","0","0","","0","0","0","","","3","Y","0","","39 56:30.616","","0","75 08:32.502","3","0","0","0","67301","0","0","0","N","0","0","0","5","67301","0","","1.0","","1","N","N","N","0","","3","0","0","","2","","","2","3","0","0","0","0","0","2","1","2","","03","","N","","","","","","","","","",""
"2022112761","0739","2","0","0","0","0","0","0","0","0","4","0","","67","10","2022","2","40.01686","-75.097026","0734","6","0","0","0","0","0","1","0","0","","0","0","0","","","0","N","0","","40 01:00.697","2","0","75 05:49.295","9","0","0","0","67301","0","0","0","N","0","0","0","2","67301","0","","4.0","800.0","9","N","N","Y","0","","0","0","2","","0","Y","","4","0","0","0","0","0","2","2","0","4","","04","","N","","","","","","","","","",""
"2022086434","0118","2","0","0","0","0","0","0","0","0","1","0","","67","9","2022","2","39.960556","-75.187833","0114","6","0","0","0","0","0","0","0","0","","0","0","0","","","0","N","0","","39 57:38.000","","0","75 11:16.200","0","0","0","0","67301","0","0","0","N","0","0","0","1","67301","0","","6.0","","1","N","N","Y","0","","0","0","0","","0","","","2","0","0","0","0","0","0","2","0","2","","","","N","","","","","","","","","",""
"2022096696","","1","0","0","0","0","0","0","0","0","1","0","","67","9","2022","5","40.027527","-75.099106","","6","0","0","0","0","0","1","0","0","","0","0","0","","","1","","1","","40 01:39.097","","0","75 05:56.781","8","0","0","0","67301","0","0","0","N","0","0","0","2","00000","0","","1.0","","1","","","N","0","","0","0","1","","2","","","2","1","0","0","0","1","0","2","0","2","","","","N","","","","","","","","","",""
"2022113608","2320","0","0","0","0","0","0","0","0","0","4","0","","67","11","2022","6","40.029278","-75.062714","2320","6","0","0","0","0","0","1","0","0","","0","0","0","","","1","N","0","","40 01:45.401","","0","75 03:45.770","8","0","0","0","67301","0","0","0","N","0","0","0","4","67301","0","","1.0","","99","N","N","N","0","","0","0","2","","0","","","2","1","0","0","0","1","2","2","0","2","","","","N","","","","","","","","","",""
"2022085568","0140","1","0","0","0","0","0","0","0","0","4","0","","67","9","2022","1","39.915989","-75.164464","0137","6","0","0","0","0","0","0","0","0","","0","0","0","","","1","","1","","39 54:57.561","","0","75 09:52.072","3","0","0","0","67301","0","0","0","N","0","0","0","2","67301","0","","1.0","","1","N","N","N","0","","1","0","0","","2","","","2","1","1","0","0","0","0","2","1","2","","03","","N","","","","","","","","","",""
"2022113327","0712","0","0","0","0","0","0","0","0","0","5","0","","67","11","2022","3","40.030419","-75.218375","0702","6","0","0","0","0","0","0","0","0","","0","0","0","","","0","N","0","","40 01:49.510","","0","75 13:06.150","9","0","0","0","67301","0","0","0","N","0","0","0","1","67301","0","","1.0","","1","N","N","N","0","","0","0","2","","0","","","2","0","0","0","0","0","1","2","0","2","","","","N","","","","","","","","","",""
"2022086620","2110","0","0","0","0","0","0","0","0","0","5","0","","67","9","2022","2","40.060302","-75.053428","2104","6","0","0","0","0","0","0","0","0","","0","0","0","","","1","N","0","","40 03:37.088","","0","75 03:12.339","3","0","0","0","67301","0","0","0","N","0","0","0","2","67301","0","","1.0","","1","N","N","N","0","","1","0","1","","0","","","2","1","1","0","0","0","0","2","1","2","","03","","N","","","","","","","","","",""
"2022112626","0524","1","0","0","0","0","0","0","0","0","1","1","","67","11","2022","7","39.940376","-75.143585","0524","6","0","0","0","0","0","2","0","0","","0","1","0","","","0","N","0","","39 56:25.353","3","0","75 08:36.905","0","0","0","0","67301","0","0","0","N","0","0","0","2","68K01","0","","1.0","635.0","1","N","N","Y","0","","0","0","0","","0","Y","","2","0","0","0","0","0","0","2","0","2","","03","","N","","","","","","","","","",""
"2022085366","1024","0","0","0","0","0","0","0","0","0","8","0","","67","9","2022","6","40.064333","-74.986339","1024","6","0","0","0","0","0","0","0","0","","0","0","0","","","1","N","0","","40 03:51.600","","7","74 59:10.820","3","0","0","0","67301","1","0","0","N","1","0","0","2","67301","0","","1.0","","1","N","N","N","0","","1","0","1","","0","","","2","1","1","0","0","0","0","2","0","1","","03","","N","","","","","","","","","",""
"2022087417","0940","2","0","0","0","0","0","0","0","0","4","0","","67","9","2022","2","40.002643","-75.161037","0936","6","0","0","0","0","0","0","0","0","","0","0","0","","","1","N","0","","40 00:09.514","4","0","75 09:39.734","3","0","0","0","67301","0","0","0","N","0","0","0","2","67301","0","","6.0","45.0","1","N","N","N","0","","1","0","1","","0","Y","","3","1","0","0","0","0","0","2","0","3","","","","N","","","","","","","","","",""
"2022110246","1628","2","0","0","0","0","0","0","0","0","4","0","","67","11","2022","1","40.001366","-75.114471","1628","6","0","0","0","0","0","1","0","0","","1","0","0","","","0","","1","","40 00:04.917","","0","75 06:52.095","1","0","0","0","67301","0","0","0","N","0","0","0","3","67301","0","2","1.0","","1","N","N","N","0","0","0","0","0","","2","","","2","0","0","0","0","0","0","2","0","2","","03","","N","","","","","","","","","",""
"2022112604","2342","1","0","0","0","0","0","0","0","0","7","0","","67","10","2022","2","39.960657","-75.181554","2342","6","0","0","0","0","0","0","0","0","","0","0","0","","","1","N","0","","39 57:38.364","","0","75 10:53.596","8","0","0","0","67301","0","0","0","N","0","0","0","1","68K01","0","","4.0","","1","N","N","N","0","","0","0","0","","0","","","1","1","0","0","0","1","0","2","0","1","","03","","N","","","","","","","","","",""
"2022088494","2027","1","0","0","0","0","0","0","0","0","1","0","","67","9","2022","5","39.90036","-75.157785","2025","6","0","0","0","0","0","0","0","0","","0","0","0","","","1","N","0","","39 54:01.295","","0","75 09:28.025","4","0","0","0","67301","0","0","0","N","0","0","0","4","68K01","1","","1.0","","1","N","N","N","0","","0","0","2","","0","","","3","1","0","0","0","0","0","2","0","3","","03","","N","","","","","","","","","",""
"2022113711","0604","1","0","0","0","0","0","0","0","0","7","0","","67","11","2022","4","40.041512","-75.004258","0551","6","0","0","0","0","0","0","0","0","","0","0","0","","","0","N","0","","40 02:29.444","1","0","75 00:15.328","0","0","0","0","67301","0","0","0","N","0","0","0","1","68K01","0","","3.0","618.0","9","N","N","N","0","","0","0","0","","0","N","","1","0","0","0","0","0","0","2","0","1","","","","N","","","","","","","","","",""
"2022086935","1005","1","0","0","0","0","0","0","0","0","1","0","","67","9","2022","3","40.051175","-75.009436","0956","6","0","0","0","0","0","1","1","0","","0","0","0","","","1","N","0","","40 03:04.231","","0","75 00:33.970","3","0","0","0","67301","0","0","0","N","0","0","0","2","67301","0","","1.0","","1","N","N","N","0","","1","0","1","","0","","","2","1","0","0","0","0","0","2","0","2","","03","","N","","","","","","","","","",""
"2022110737","","0","0","0","0","0","0","0","0","0","1","0","","67","11","2022","5","39.985642","-75.208282","","6","0","0","0","0","0","0","0","0","","0","0","0","","","1","","6","","39 59:08.312","","2","75 12:29.815","8","0","0","0","67301","0","0","0","N","0","0","0","2","00000","0","","7.0","","1","","","N","0","","0","0","1","","0","","","2","1","0","0","0","1","0","2","0","2","","","","N","","","","","","","","","",""
"2022087229","2240","1","0","0","0","0","0","0","0","0","4","0","","67","9","2022","3","39.968418","-75.203241","2238","6","0","0","0","0","0","0","0","0","","0","0","0","","","1","","1","","39 58:06.304","5","0","75 12:11.667","2","0","0","0","67301","0","0","0","N","0","0","0","4","67301","0","","1.0","2310.0","1","N","N","N","0","","0","1","1","","2","Y","","2","1","2","0","1","0","0","2","0","2","","03","","N","","","","","","","","","",""
"2022113747","2012","0","0","0","0","0","0","0","0","0","1","0","","67","7","2022","2","40.042328","-75.063631","1840","6","0","0","0","0","0","1","0","0","","0","0","0","","","2","Y","0","","40 02:32.382","1","0","75 03:49.070","8","0","0","0","67301","0","0","0","N","0","0","0","3","67301","0","","1.0","100.0","1","N","N","N","0","","0","0","1","","2","Y","","3","2","0","0","0","2","1","2","0","3","","03","","N","","","","","","","","","",""
"2022113197","0340","1","0","0","0","0","0","0","0","0","5","1","","67","11","2022","3","40.014442","-75.130561","0334","6","0","0","0","0","0","0","0","0","","0","0","0","","","1","N","0","","40 00:51.990","4","0","75 07:50.020","3","0","0","0","67301","0","0","0","N","0","0","0","3","67301","0","","1.0","430.0","1","N","N","N","1","","1","0","0","","0","N","","2","1","0","0","0","0","0","2","0","2","","","","N","","","","","","","","","",""
"2022086459","2245","0","0","0","0","0","0","0","0","0","8","0","","67","9","2022","7","40.015309","-75.147203","2235","6","0","0","0","0","0","0","0","0","","0","0","0","","","1","","2","","40 00:55.112","","0","75 08:49.930","3","0","0","0","67301","1","0","0","N","1","0","0","2","67301","0","","1.0","","1","N","N","N","0","","1","0","1","","0","","","2","1","0","0","0","0","1","2","0","1","","","","N","","","","","","","","","",""
"2022110734","","1","0","0","0","0","0","0","0","0","1","0","","67","8","2022","2","40.035213","-75.145462","","6","0","0","0","0","0","1","0","0","","0","0","0","","","1","","1","","40 02:06.768","","0","75 08:43.662","8","0","0","0","67301","0","0","0","N","0","0","0","2","00000","0","","1.0","","1","","","N","0","","0","0","0","","2","","","2","1","1","0","0","1","0","2","1","2","","","","N","","","","","","","","","",""
"2022108073","1928","0","0","0","0","0","0","0","0","0","5","0","","67","9","2022","7","40.010583","-75.100889","1924","6","0","0","0","0","0","0","0","0","","0","0","0","","","1","N","0","","40 00:38.100","4","0","75 06:03.200","8","0","0","1","67301","0","0","0","N","0","0","0","2","67301","0","","1.0","2020.0","1","N","N","N","0","","0","0","1","","0","N","","2","1","1","0","0","1","0","2","0","2","","03","","N","","","","","","","","","",""
"2022086974","0905","0","0","0","0","0","0","0","0","0","8","0","","67","9","2022","2","40.007758","-75.103144","0852","6","0","0","0","0","0","0","0","0","","0","0","0","","","1","N","0","","40 00:27.930","","0","75 06:11.320","3","0","0","1","67301","1","0","0","N","1","0","0","2","67301","0","","1.0","","1","N","N","N","0","","1","0","0","","0","","","2","1","0","0","0","0","0","2","0","1","","03","","N","","","","","","","","","",""
"2022086028","1035","0","0","0","0","0","0","0","0","0","4","0","","67","9","2022","2","40.033656","-75.063639","1032","6","0","0","0","0","0","0","0","0","","0","0","0","","","1","","5","","40 02:01.162","","0","75 03:49.102","4","0","0","0","67301","0","0","0","N","0","0","0","2","67301","1","","1.0","","1","N","N","N","0","","0","0","2","","2","","","2","1","0","0","0","0","1","2","0","2","","","","N","","","","","","","","","",""
"2022113601","1617","0","0","0","0","0","0","0","0","0","8","0","","67","9","2022","5","40.037258","-75.04164","1616","6","0","0","0","0","0","0","0","0","","0","0","0","","","1","N","0","","40 02:14.130","","0","75 02:29.903","2","0","0","0","67301","1","0","1","N","1","0","1","1","67301","0","","1.0","","1","N","N","N","0","","0","1","0","","0","","","2","1","0","0","0","0","0","2","0","1","","03","","N","","","","","","","","","",""
"2022085665","1130","1","0","0","0","0","0","0","0","0","4","0","","67","9","2022","1","40.049794","-75.181837","1119","6","0","0","0","0","0","1","0","0","","0","0","0","","","1","N","0","","40 02:59.259","","0","75 10:54.612","3","0","0","0","67301","0","0","0","N","0","0","0","2","67301","0","","1.0","","1","N","N","N","0","","1","0","1","","0","","","2","1","0","0","0","0","0","2","0","2","","03","","N","","","","","","","","","",""
"2022085874","2330","2","0","0","0","0","0","0","0","0","4","0","","67","9","2022","7","40.025747","-75.172514","2311","6","0","0","0","0","0","1","0","0","","0","0","0","","","0","","1","","40 01:32.689","","0","75 10:21.050","9","0","0","0","67301","0","0","0","N","0","0","0","1","67301","0","","1.0","","1","N","N","N","0","","0","0","0","","3","","","2","0","0","0","0","0","1","2","0","2","","03","","N","","","","","","","","","",""
"2022103285","0927","1","0","0","0","0","0","0","0","0","4","0","","67","11","2022","7","39.935791","-75.156253","0926","6","0","0","1","0","0","0","0","0","","0","0","0","","","1","","1","","39 56:08.847","","0","75 09:22.510","3","0","0","0","67301","0","0","0","N","0","0","0","6","67301","0","","1.0","","1","N","N","N","0","","1","0","1","","2","","","2","1","0","0","0","0","0","2","0","2","","03","","N","","","","","","","","","",""
"2022086619","1040","0","0","0","0","0","0","0","0","0","4","0","","67","9","2022","2","40.126944","-75.021028","1040","6","0","0","0","0","0","1","0","0","","0","0","0","","","2","N","0","","40 07:37.000","","7","75 01:15.700","3","0","0","0","67301","0","0","0","N","0","0","0","3","67301","0","","1.0","","1","N","N","N","0","","2","0","2","","0","","","2","2","0","0","0","0","1","2","0","2","","03","","N","","","","","","","","","",""
"2022085778","1115","2","0","0","0","0","0","0","0","0","4","0","","67","9","2022","1","40.022118","-75.063249","1111","6","0","0","0","0","1","0","0","0","","0","0","0","","","1","","1","","40 01:19.624","","0","75 03:47.697","3","0","0","0","67301","0","0","0","N","0","0","0","2","67301","0","","1.0","","1","N","N","N","0","","1","0","0","","2","","","2","1","0","0","0","0","0","2","0","2","","03","","N","","","","","","","","","",""
"2022085875","0101","0","0","0","0","0","0","0","0","0","7","0","","67","9","2022","1","40.020342","-75.200633","0050","6","0","0","0","1","0","0","0","0","","0","0","0","","","1","N","0","","40 01:13.230","","0","75 12:02.280","3","0","0","0","67301","0","0","0","N","0","0","0","1","67301","0","","4.0","","1","N","N","N","1","","1","0","0","","0","","","1","1","0","0","0","0","0","2","0","1","","03","","N","","","","","","","","","",""
"2022112231","2335","2","0","0","0","0","0","0","0","0","4","0","","67","11","2022","2","39.922128","-75.234883","2335","6","0","0","0","0","0","0","0","0","","0","0","0","","","0","N","0","","39 55:19.660","","3","75 14:05.580","9","0","0","0","67301","0","0","0","N","0","0","0","1","67301","0","","6.0","","1","N","N","N","0","","0","0","0","","0","","","3","0","0","0","0","0","1","2","0","3","","03","","N","","","","","","","","","",""
"2022085805","1507","1","0","0","0","0","0","0","0","0","4","0","25","67","9","2022","1","39.95872","-75.162257","1501","6","0","0","0","0","0","1","0","0","","0","0","0","","","1","","1","","39 57:31.392","","0","75 09:44.125","8","0","0","0","67301","0","0","0","N","0","0","0","3","67301","0","","1.0","","1","N","N","N","0","","0","0","1","","0","","","2","1","0","0","0","1","0","2","0","2","","","N","Y","4","1","N","N","N","Y","N","N","N","N"
"2022112399","0619","0","0","0","0","0","0","0","0","0","8","0","","67","11","2022","5","39.91266","-75.243254","0617","6","0","0","0","0","0","0","0","0","","1","0","0","","","0","N","0","","39 54:45.575","5","0","75 14:35.716","1","0","0","0","67301","1","1","0","N","1","1","0","2","67301","0","2","1.0","845.0","1","N","N","N","0","0","0","0","0","","0","Y","","2","0","0","0","0","0","0","2","1","1","","03","","N","","","","","","","","","",""
"2022112213","1436","0","0","0","0","0","0","0","0","0","8","0","","67","11","2022","4","40.104424","-75.034394","1424","6","0","0","0","0","0","1","0","0","","0","0","0","","","2","","2","","40 06:15.928","","0","75 02:03.818","3","0","0","1","67301","1","0","0","N","1","0","0","2","67301","1","","1.0","","1","N","N","N","0","","1","0","0","","0","","","2","2","0","0","0","0","0","2","0","1","","","","N","","","","","","","","","",""
"2022112765","1550","2","0","0","0","0","0","0","0","0","1","0","","67","11","2022","2","40.013916","-75.179009","1550","6","0","0","0","0","0","0","0","0","","0","0","0","","","1","N","0","","40 00:50.096","","0","75 10:44.432","4","0","0","0","67301","0","0","0","N","0","0","0","2","67301","1","","1.0","","1","N","N","N","0","","0","0","0","","0","","","2","1","0","0","0","0","0","2","0","2","","03","","N","","","","","","","","","",""
"2022112748","0836","0","0","0","0","0","0","0","0","0","1","0","","67","11","2022","3","39.957142","-75.144361","0819","6","0","0","0","0","0","0","0","0","","0","0","0","","","2","N","0","","39 57:25.710","","2","75 08:39.698","4","0","0","0","67301","0","0","0","N","0","0","0","3","68K01","2","","1.0","","1","N","N","N","0","","0","0","2","","0","","","2","2","0","0","0","0","0","2","0","2","","03","","N","","","","","","","","","",""
"2022110730","","2","0","0","0","0","0","0","0","0","5","0","","67","9","2022","6","39.971135","-75.22577","","6","0","0","0","0","0","0","0","0","","0","0","0","","","1","N","0","","39 58:16.087","","0","75 13:32.773","8","0","0","0","67301","0","0","0","N","0","0","0","2","00000","0","","1.0","","1","","","N","0","","0","0","0","","0","","","2","1","0","0","0","1","0","2","0","2","","","","N","","","","","","","","","",""
"2022112396","1010","0","1","0","0","0","0","0","0","0","7","0","","67","11","2022","1","40.075207","-75.045715","1005","6","0","0","0","0","0","0","0","1","","1","0","0","","","0","N","0","","40 04:30.746","1","0","75 02:44.574","1","0","0","0","67301","0","0","0","N","0","0","0","1","67301","0","2","4.0","1130.0","1","N","N","N","1","0","0","0","0","","0","N","","1","0","0","0","0","0","0","2","0","1","","04","","N","","","","","","","","","",""
"2022086694","1010","0","0","0","0","0","0","0","0","0","8","0","","67","9","2022","3","39.97696","-75.272486","1010","6","0","0","0","0","0","0","0","0","","0","0","0","","","1","","1","","39 58:37.055","","0","75 16:20.949","8","0","0","0","67301","1","0","0","N","1","0","0","2","67301","0","","1.0","","1","N","N","N","0","","0","0","0","","3","","","2","1","0","0","0","1","0","2","1","1","","03","","N","","","","","","","","","",""
"2022113084","0444","1","0","0","0","0","0","0","0","0","98","0","","67","9","2022","2","39.996492","-75.081096","0437","6","0","0","0","0","0","0","0","0","","1","0","0","","","1","N","0","","39 59:47.371","1","2","75 04:51.947","1","0","0","0","67301","0","0","0","N","0","0","0","2","68K01","0","1","4.0","725.0","1","N","N","N","0","0","1","0","0","","0","N","","1","1","2","1","0","0","0","2","0","1","","","","N","","","","","","","","","",""
"2022088121","0912","2","0","0","0","0","0","0","0","0","4","0","","67","9","2022","2","39.947943","-75.223301","0902","6","0","0","0","0","0","0","1","0","","0","0","0","","","1","","1","","39 56:52.594","","0","75 13:23.885","8","0","0","0","67301","0","0","0","N","0","0","0","2","67301","0","","1.0","","1","N","N","N","0","","0","0","0","","2","","","2","1","0","0","0","1","0","2","0","2","","03","","N","","","","","","","","","",""
"2022086304","1234","1","0","0","0","0","0","0","0","0","4","0","","67","9","2022","7","39.976584","-75.113171","1234","6","1","0","0","0","0","0","0","0","","0","0","0","","","1","","2","","39 58:35.702","","0","75 06:47.416","3","0","0","0","67301","0","0","0","N","0","0","0","2","67301","0","","1.0","","1","N","N","N","0","","1","0","1","","2","","","2","1","2","0","0","0","0","2","0","2","","03","","N","","","","","","","","","",""
"2022112895","1046","1","0","0","0","0","0","0","0","0","4","0","","67","11","2022","3","40.031759","-75.178909","1043","6","0","0","0","0","0","0","1","0","","0","0","0","","","3","","1","","40 01:54.331","","0","75 10:44.072","4","0","0","0","67301","0","0","0","N","0","0","0","4","67301","3","","1.0","","1","N","N","N","0","","0","0","1","","2","","","2","3","0","0","0","0","0","2","0","2","","03","","N","","","","","","","","","",""
"2022098810","2050","1","0","0","0","0","0","0","0","0","8","0","","67","9","2022","6","39.956109","-75.206122","2046","6","0","0","0","0","0","0","0","0","","0","0","0","","","1","","1","","39 57:21.992","","0","75 12:22.039","3","0","0","0","67301","1","0","0","N","1","0","0","2","67504","0","","1.0","","1","N","N","N","0","","1","0","0","","2","","","2","1","0","0","0","0","0","2","0","1","","03","","N","","","","","","","","","",""
"2022110242","2230","1","0","0","0","0","0","0","0","0","4","0","","67","11","2022","6","40.106299","-75.030476","2155","6","0","0","0","0","0","0","0","0","","1","0","0","","","0","N","0","","40 06:22.678","","7","75 01:49.714","1","0","0","0","67301","0","0","0","N","0","0","0","2","67301","0","2","1.0","","9","N","N","N","0","0","0","0","0","","0","","","2","0","0","0","0","0","0","2","1","2","","07","","N","","","","","","","","","",""
"2022113716","1241","2","0","0","0","0","0","0","0","0","5","0","","67","11","2022","6","40.032446","-75.02085","1232","6","0","0","0","0","0","0","1","0","","0","0","0","","","2","N","0","","40 01:56.805","1","0","75 01:15.061","8","0","0","0","67301","0","0","0","N","0","0","0","6","68K01","0","","1.0","140.0","1","N","N","N","0","","0","0","0","","0","N","","2","2","0","0","0","2","0","2","0","2","","","","N","","","","","","","","","",""
"2022097177","0942","0","0","0","0","0","0","0","0","0","7","0","25","67","10","2022","4","40.025573","-75.202181","0942","6","0","0","0","0","0","0","0","0","","0","0","0","","","0","N","0","","40 01:32.061","","0","75 12:07.850","0","0","0","0","67301","0","0","0","N","0","0","0","1","67301","0","","2.0","","1","N","N","N","0","","0","0","0","","0","","","1","0","0","0","0","0","0","2","1","1","","","N","Y","4","1","N","N","Y","N","N","N","Y","N"
"2022113081","0537","1","0","0","0","0","0","0","0","0","1","0","","67","9","2022","1","39.897125","-75.188665","0525","6","0","0","0","0","0","0","0","0","","1","0","0","","","7","N","0","","39 53:49.650","1","3","75 11:19.195","1","0","0","0","67301","0","0","0","N","0","0","0","8","68K01","0","2","1.0","1005.0","1","N","N","Y","0","0","0","0","1","","0","Y","","2","7","8","1","0","7","0","2","0","2","","03","","N","","","","","","","","","",""
"2022087568","1707","0","0","0","1","0","0","0","0","0","8","0","","67","9","2022","7","39.934269","-75.150819","1707","6","0","0","0","0","0","0","0","0","","0","0","0","","","1","","1","","39 56:03.368","","0","75 09:02.948","3","0","0","0","67301","1","0","0","N","0","0","0","2","67301","0","","1.0","","1","N","N","N","0","","1","0","0","","2","","","2","1","0","0","0","0","1","2","0","1","","","","N","","","","","","","","","",""
"2022113714","0847","2","0","0","0","0","0","0","0","0","1","0","","67","11","2022","5","40.016315","-75.051892","0839","6","0","0","0","0","0","0","0","0","","0","0","0","","","0","N","0","","40 00:58.733","","0","75 03:06.810","0","0","0","0","67301","0","0","0","N","0","0","0","3","68K01","0","","1.0","","1","N","N","N","0","","0","0","1","","0","","","3","0","0","0","0","0","0","2","0","3","","","","N","","","","","","","","","",""
"2022093811","2050","1","0","0","0","0","0","0","0","0","4","0","","67","9","2022","2","39.973425","-75.227638","2045","6","0","0","0","0","0","0","0","0","","0","0","0","","","1","","1","","39 58:24.329","","0","75 13:39.496","3","0","0","1","67301","0","0","0","N","0","0","0","2","67301","0","","1.0","","1","N","N","N","0","","1","0","0","","0","","","2","1","0","0","0","0","0","2","0","2","","","","N","","","","","","","","","",""
"2022110545","1139","1","0","0","0","0","0","0","0","0","2","0","","67","11","2022","7","39.90725","-75.187611","1136","6","0","0","0","0","0","0","0","0","","1","0","0","","","0","","3","","39 54:26.100","","0","75 11:15.400","1","1","0","1","67301","0","0","0","N","0","0","0","2","67301","0","2","1.0","","1","N","N","Y","0","0","0","0","0","","3","","","2","0","0","0","0","0","0","2","0","2","","03","","N","","","","","","","","","",""
"2022088471","0924","1","0","0","0","0","0","0","0","0","8","0","","67","9","2022","5","39.953722","-75.161106","0917","6","0","0","0","0","0","0","0","0","","0","0","0","","","1","N","0","","39 57:13.400","","0","75 09:39.980","3","0","0","0","67301","1","0","0","N","1","0","0","3","67301","0","","6.0","","1","N","N","N","0","","1","0","0","","0","","","2","1","0","0","0","0","0","2","0","1","","03","","N","","","","","","","","","",""
"2022110567","1441","0","0","0","0","0","0","0","0","0","8","0","","67","9","2022","1","39.992148","-75.140292","1441","6","0","0","0","0","0","0","0","0","","0","0","0","","","1","N","0","","39 59:31.732","","0","75 08:25.050","2","0","0","0","67301","1","0","1","N","1","0","1","2","67301","0","","1.0","","99","N","N","N","0","","0","1","0","","0","","","2","1","0","0","0","0","0","2","0","1","","","","N","","","","","","","","","",""
"2022113179","1541","0","0","0","0","0","0","0","0","0","8","0","","67","11","2022","3","40.055325","-75.07335","1540","6","0","0","0","0","0","0","0","0","","0","0","0","","","1","","1","","40 03:19.170","","0","75 04:24.060","2","0","0","0","67301","1","0","1","N","1","0","1","2","67301","0","","1.0","","1","N","N","N","0","","0","1","1","","2","","","2","1","0","0","0","0","0","2","0","1","","","","N","","","","","","","","","",""
"2022112371","1616","1","0","0","0","0","0","0","0","0","1","0","","67","11","2022","7","40.025595","-75.028631","1608","6","0","0","1","0","0","0","0","0","","0","0","0","","","0","N","0","","40 01:32.143","2","0","75 01:43.071","9","0","0","0","67301","0","0","0","N","0","0","0","2","68K01","0","","1.0","1630.0","1","N","N","N","0","","0","0","0","","0","N","","2","0","0","0","0","0","1","2","0","2","","03","","N","","","","","","","","","",""
"2022087564","2046","0","0","0","0","0","0","0","0","0","8","0","","67","9","2022","3","39.923501","-75.162886","2046","6","0","0","0","0","0","0","0","0","","0","0","0","","","1","","1","","39 55:24.605","","0","75 09:46.390","4","0","0","0","67301","1","0","0","N","1","0","0","2","67301","1","","1.0","","1","N","N","Y","0","","0","0","0","","2","","","2","1","0","0","0","0","0","2","1","1","","","","N","","","","","","","","","",""
"2022113974","0810","1","0","0","0","0","0","0","0","0","7","0","","67","12","2022","5","40.055972","-75.074459","0810","6","0","0","0","0","0","0","0","1","","0","0","0","","","0","N","0","","40 03:21.499","3","0","75 04:28.053","0","0","0","0","67301","0","0","0","N","0","0","0","1","67301","0","","2.0","30.0","1","N","N","N","0","","0","0","0","","0","N","","1","0","1","0","0","0","0","2","0","1","","03","","N","","","","","","","","","",""