"CRN","ARRIVAL_TM","AUTOMOBILE_COUNT","BELTED_DEATH_COUNT","BELTED_SUSP_SERIOUS_INJ_COUNT","BICYCLE_COUNT","BICYCLE_DEATH_COUNT","BICYCLE_SUSP_SERIOUS_INJ_COUNT","BUS_COUNT","CHLDPAS_DEATH_COUNT","CHLDPAS_SUSP_SERIOUS_INJ_COUNT","COLLISION_TYPE","COMM_VEH_COUNT","CONS_ZONE_SPD_LIM","COUNTY","CRASH_MONTH","CRASH_YEAR","DAY_OF_WEEK","DEC_LATITUDE","DEC_LONGITUDE","DISPATCH_TM","DISTRICT","DRIVER_COUNT_16YR","DRIVER_COUNT_17YR","DRIVER_COUNT_18YR","DRIVER_COUNT_19YR","DRIVER_COUNT_20YR","DRIVER_COUNT_50_64YR","DRIVER_COUNT_65_74YR","DRIVER_COUNT_75PLUS","EST_HRS_CLOSED","FATAL_COUNT","HEAVY_TRUCK_COUNT","HORSE_BUGGY_COUNT","HOUR_OF_DAY","ILLUMINATION","INJURY_COUNT","INTERSECTION_RELATED","INTERSECT_TYPE","LANE_CLOSED","LATITUDE","LN_CLOSE_DIR","LOCATION_TYPE","LONGITUDE","MAX_SEVERITY_LEVEL","MCYCLE_DEATH_COUNT","MCYCLE_SUSP_SERIOUS_INJ_COUNT","MOTORCYCLE_COUNT","MUNICIPALITY","NONMOTR_COUNT","NONMOTR_DEATH_COUNT","NONMOTR_SUSP_SERIOUS_INJ_COUNT","NTFY_HIWY_MAINT","PED_COUNT","PED_DEATH_COUNT","PED_SUSP_SERIOUS_INJ_COUNT","PERSON_COUNT","POLICE_AGCY","POSSIBLE_INJ_COUNT","RDWY_SURF_TYPE_CD","RELATION_TO_ROAD","ROADWAY_CLEARED","ROAD_CONDITION","SCH_BUS_IND","SCH_ZONE_IND","SECONDARY_CRASH","SMALL_TRUCK_COUNT","SPEC_JURIS_CD","SUSP_MINOR_INJ_COUNT","SUSP_SERIOUS_INJ_COUNT","SUV_COUNT","TCD_FUNC_CD","TCD_TYPE","TFC_DETOUR_IND","TIME_OF_DAY","TOTAL_UNITS","TOT_INJ_COUNT","UNBELTED_OCC_COUNT","UNB_DEATH_COUNT","UNB_SUSP_SERIOUS_INJ_COUNT","UNK_INJ_DEG_COUNT","UNK_INJ_PER_COUNT","URBAN_RURAL","VAN_COUNT","VEHICLE_COUNT","WEATHER1","WEATHER2","WORKERS_PRES","WORK_ZONE_IND","WORK_ZONE_LOC","WORK_ZONE_TYPE","WZ_CLOSE_DETOUR","WZ_FLAGGER","WZ_LAW_OFFCR_IND","WZ_LN_CLOSURE","WZ_MOVING","WZ_OTHER","WZ_SHLDER_MDN","WZ_WORKERS_INJ_KILLED"
"2022112928","0356","1","0","0","0","0","0","0","0","0","5","0","","67","11","2022","7","40.031519","-75.154406","0351","6","0","0","0","0","0","0","0","0","","0","0","0","","","1","N","0","","40 01:53.470","3","0","75 09:15.860","3","0","0","0","67301","0","0","0","N","0","0","0","1","67301","0","","1.0","453.0","1","N","N","N","0","","1","0","1","","0","N","","2","1","0","0","0","0","0","2","0","2","","03","","N","","","","","","","","","",""
"2022113614","0622","0","0","0","0","0","0","0","0","0","1","0","","67","11","2022","1","40.030779","-75.086894","0600","6","0","0","0","0","0","0","0","0","","0","0","0","","","0","N","0","","40 01:50.803","","0","75 05:12.817","9","0","0","0","67301","0","0","0","N","0","0","0","2","67301","0","","1.0","","1","N","N","N","0","","0","0","2","","3","","","2","0","0","0","0","0","1","2","0","2","","","","N","","","","","","","","","",""
"2022113719","1849","1","0","0","0","0","0","0","0","0","1","0","","67","11","2022","4","39.926952","-75.195129","1807","6","0","0","0","0","0","0","2","0","","0","0","0","","","0","N","0","","39 55:37.026","","0","75 11:42.464","0","0","0","0","67301","0","0","0","N","0","0","0","2","68K01","0","","1.0","","1","N","N","N","0","","0","0","1","","0","","","2","0","2","0","0","0","0","2","0","2","","","","N","","","","","","","","","",""
"2022112204","1620","0","0","0","1","0","0","0","0","0","8","0","","67","11","2022","5","39.936311","-75.161675","1613","6","0","0","0","0","0","0","0","0","","0","0","0","","","1","N","0","","39 56:10.720","","7","75 09:42.030","8","0","0","0","67301","1","0","0","N","0","0","0","2","67301","0","","4.0","","1","N","N","N","0","","0","0","1","","0","","","2","1","0","0","0","1","0","2","0","1","","","","N","","","","","","","","","",""
"2022098818","0805","0","0","0","0","0","0","1","0","0","4","2","","67","10","2022","4","39.968891","-75.134424","0800","6","0","0","0","0","0","1","0","0","","0","1","0","","","2","","1","","39 58:08.006","","0","75 08:03.925","4","0","0","0","67301","0","0","0","N","0","0","0","2","67508","2","","1.0","","1","N","N","N","0","","0","0","0","","7","","","2","2","0","0","0","0","0","2","0","2","","03","","N","","","","","","","","","",""
"2022077722","","2","0","0","0","0","0","0","0","0","4","0","","67","5","2022","3","40.027931","-75.179267","","6","0","0","0","0","0","0","0","0","","0","0","0","","","1","","1","","40 01:40.551","","0","75 10:45.361","8","0","0","0","67301","0","0","0","N","0","0","0","2","00000","0","","1.0","","1","","","N","0","","0","0","0","","3","","","2","1","1","0","0","1","0","2","0","2","","","","N","","","","","","","","","",""
"2022088500","2040","3","0","0","0","0","0","0","0","0","1","0","","67","9","2022","6","39.967261","-75.133344","2035","6","0","0","0","0","0","1","0","0","","0","0","0","","","3","N","0","","39 58:02.141","2","0","75 08:00.037","3","0","0","0","67301","0","0","0","N","0","0","0","9","68K01","0","","1.0","2100.0","1","N","N","N","0","","3","0","0","","0","Y","","3","3","0","0","0","0","0","2","0","3","","03","","N","","","","","","","","","",""
"2022105913","1508","2","0","0","0","0","0","1","0","0","1","1","","67","9","2022","5","39.891076","-75.239168","1444","6","0","0","0","0","0","2","0","0","","0","0","0","","","1","N","0","","39 53:27.873","","2","75 14:21.004","3","0","0","0","67301","0","0","0","N","0","0","0","3","68K01","0","","1.0","","2","N","N","N","0","","1","0","0","","0","","","3","1","0","0","0","0","0","2","0","3","","03","","N","","","","","","","","","",""
"2022075102","","1","0","0","0","0","0","0","0","0","1","0","","67","7","2022","3","40.023602","-75.148769","","6","0","0","0","1","0","1","1","0","","0","0","0","","","1","N","0","","40 01:24.968","","0","75 08:55.568","8","0","0","0","67301","0","0","0","N","0","0","0","3","00000","0","","1.0","","1","","","N","0","","0","0","0","","0","","","3","1","0","0","0","1","0","2","1","3","","","","N","","","","","","","","","",""
"2022098242","1300","0","0","0","0","0","0","0","0","0","1","0","","67","10","2022","7","40.010341","-75.207085","1253","6","0","0","0","0","0","0","0","0","","0","0","0","","","1","","6","","40 00:37.227","4","2","75 12:25.505","4","0","0","0","67301","0","0","0","N","0","0","0","5","68K01","1","","1.0","1310.0","1","N","N","N","1","","0","0","1","","3","N","","2","1","0","0","0","0","0","2","0","2","","03","","N","","","","","","","","","",""
"2022099586","1330","2","0","0","0","0","0","0","0","0","5","0","","67","10","2022","2","40.054726","-74.985351","1321","6","0","0","1","1","0","0","0","0","","0","0","0","","","1","N","0","","40 03:17.015","2","0","74 59:07.265","3","0","0","0","67301","0","0","0","N","0","0","0","6","68K01","0","","1.0","1455.0","1","N","N","N","0","","1","0","0","","0","N","","2","1","0","0","0","0","0","2","0","2","","","","N","","","","","","","","","",""
"2022110923","0123","1","0","0","0","0","0","0","0","0","4","0","","67","11","2022","4","40.035665","-75.036104","0118","6","0","0","0","0","0","0","0","0","","0","0","0","","","0","","1","","40 02:08.395","","0","75 02:09.974","0","0","0","0","67301","0","0","0","N","0","0","0","2","67301","0","","1.0","","9","N","N","N","0","","0","0","0","","3","","","2","0","0","0","0","0","0","2","1","2","","07","","N","","","","","","","","","",""
"2022088122","1230","2","0","0","0","0","0","0","0","0","4","0","","67","9","2022","2","39.958177","-75.229104","1222","6","0","0","0","0","0","1","0","0","","0","0","0","","","1","","1","","39 57:29.437","","0","75 13:44.774","8","0","0","0","67301","0","0","0","N","0","0","0","3","67301","0","","1.0","","1","N","N","N","1","","0","0","0","","3","","","3","1","1","0","0","1","0","2","0","3","","03","","N","","","","","","","","","",""
"2022108594","0712","1","0","0","0","0","0","1","0","0","4","1","","67","11","2022","4","40.033861","-75.047111","0705","6","0","0","0","0","0","0","0","0","","0","0","0","","","4","N","0","","40 02:01.900","","7","75 02:49.600","3","0","0","0","67301","0","0","0","N","0","0","0","6","67301","0","","1.0","","9","Y","N","N","0","","4","0","0","","0","","","2","4","0","0","0","0","0","2","0","2","","","","N","","","","","","","","","",""
"2022099876","0800","0","0","0","0","0","0","0","0","0","4","0","","67","10","2022","4","40.029856","-75.206533","0753","6","0","0","0","0","0","0","0","0","","0","0","0","","","0","","2","","40 01:47.480","","0","75 12:23.517","0","0","0","0","67301","0","0","0","N","0","0","0","2","67301","0","","1.0","","9","N","N","N","0","","0","0","2","","3","","","2","0","0","0","0","0","0","2","0","2","","","","N","","","","","","","","","",""
"2022112270","0737","0","0","0","0","0","0","0","0","0","4","1","","67","11","2022","6","40.005931","-75.113497","0717","6","0","0","0","0","0","1","0","0","","0","1","0","","","0","","1","","40 00:21.351","","0","75 06:48.588","0","0","0","0","67301","0","0","0","N","0","0","0","2","67301","0","","1.0","","9","N","N","N","0","","0","0","1","","2","","","2","0","0","0","0","0","0","2","0","2","","04","","N","","","","","","","","","",""
"2022083825","1230","0","0","0","0","0","0","0","0","0","8","1","","67","9","2022","2","40.02499","-75.166937","1218","6","0","0","0","0","0","0","0","0","","0","1","0","","","1","","2","","40 01:29.963","","0","75 10:00.974","8","0","0","0","67301","1","0","0","N","1","0","0","2","67301","0","","1.0","","1","N","N","N","0","","0","0","0","","0","","","2","1","1","0","0","1","0","2","0","1","","03","","N","","","","","","","","","",""
"2022113267","0300","1","0","0","0","0","0","0","0","0","7","0","","67","10","2022","3","39.963862","-75.184267","0253","6","0","0","0","0","0","0","0","0","","0","0","0","","","0","","7","","39 57:49.902","","0","75 11:03.361","0","0","0","0","67301","0","0","0","N","0","0","0","1","68K01","0","","3.0","","9","N","N","N","0","","0","0","0","","0","","","1","0","0","0","0","0","0","2","0","1","","07","","N","","","","","","","","","",""
"2022098268","1918","0","0","0","0","0","0","0","0","0","5","0","","67","10","2022","7","40.006002","-75.176695","1918","6","0","0","0","0","0","0","0","0","","0","0","0","","","1","","2","","40 00:21.607","","0","75 10:36.101","3","0","0","0","67301","0","0","0","N","0","0","0","2","67301","0","","1.0","","1","N","N","N","0","","1","0","2","","1","","","2","1","0","0","0","0","1","2","0","2","","","","N","","","","","","","","","",""
"2022113749","1036","1","0","0","0","0","0","0","0","0","4","0","","67","11","2022","4","40.047432","-75.059377","1030","6","0","0","0","0","0","0","0","0","","0","0","0","","","1","N","0","","40 02:50.756","","0","75 03:33.758","4","0","0","0","67301","0","0","0","N","0","0","0","1","67301","1","","1.0","","1","N","N","N","0","","0","0","1","","0","","","2","1","0","0","0","0","0","2","0","2","","03","","N","","","","","","","","","",""
"2022083583","1100","2","0","0","0","0","0","0","0","0","4","0","","67","9","2022","1","40.043072","-75.096031","1053","6","0","0","0","0","0","1","0","0","","0","0","0","","","1","N","0","","40 02:35.060","","0","75 05:45.710","3","0","0","0","67301","0","0","0","N","0","0","0","2","67301","0","","1.0","","9","N","N","N","0","","1","0","0","","0","","","2","1","0","0","0","0","0","2","0","2","","","","N","","","","","","","","","",""
"2022098725","1228","0","0","0","1","0","0","0","0","0","8","0","","67","10","2022","1","40.027094","-75.227625","1223","6","0","0","0","0","0","0","0","0","","0","0","0","","","1","N","0","","40 01:37.540","","0","75 13:39.450","8","0","0","0","67301","1","0","0","N","0","0","0","2","67301","0","","1.0","","1","N","N","N","0","","0","0","0","","0","","","2","1","0","0","0","1","1","2","0","1","","03","","N","","","","","","","","","",""
"2022105799","1413","2","0","0","0","0","0","0","0","0","4","0","","67","1","2022","1","39.960444","-75.241079","1413","6","0","0","0","0","0","1","0","0","","0","0","0","","","1","","1","","39 57:37.599","","0","75 14:27.886","3","0","0","0","67301","0","0","0","N","0","0","0","2","67301","0","","1.0","","99","N","N","N","0","","1","0","0","","2","","","2","1","0","0","0","0","0","2","0","2","","03","","N","","","","","","","","","",""
"2022088040","1416","1","0","0","0","0","0","0","0","0","8","0","","67","9","2022","6","40.024042","-75.143961","1414","6","0","0","0","0","0","0","0","0","","0","0","0","","","1","N","0","","40 01:26.550","","0","75 08:38.260","3","0","0","0","67301","1","0","0","N","1","0","0","2","67301","0","","1.0","","1","N","N","N","0","","1","0","0","","0","","","2","1","1","0","0","0","1","2","0","1","","03","","N","","","","","","","","","",""
"2022099606","1345","1","0","0","0","0","0","0","0","0","7","0","","67","10","2022","7","40.034933","-75.01823","1331","6","0","0","0","0","0","0","0","0","","0","0","0","","","1","N","0","","40 02:05.759","1","0","75 01:05.628","8","0","0","0","67301","0","0","0","N","0","0","0","1","68K01","0","","2.0","1425.0","1","N","N","N","0","","0","0","0","","0","N","","1","1","0","0","0","1","0","2","0","1","","","","N","","","","","","","","","",""
"2022084247","","1","0","0","0","0","0","0","0","0","4","0","","67","7","2022","2","40.079007","-75.174004","","6","0","0","0","0","0","1","0","0","","0","0","0","","","1","","1","","40 04:44.426","","0","75 10:26.416","8","0","0","0","67301","0","0","0","N","0","0","0","2","00000","0","","1.0","","1","","","N","0","","0","0","1","","2","","","2","1","0","0","0","1","0","2","0","2","","","","N","","","","","","","","","",""
"2022098896","0151","3","0","0","0","0","0","0","0","0","4","0","","67","10","2022","1","40.007819","-75.074949","0149","6","0","0","0","0","0","0","0","0","","0","0","0","","","1","N","0","","40 00:28.148","5","0","75 04:29.817","4","0","0","0","67301","0","0","0","N","0","0","0","3","67301","1","","1.0","410.0","1","N","N","N","1","","0","0","0","","0","U","","4","1","2","0","0","0","0","2","0","4","","03","","N","","","","","","","","","",""
"2022084456","0818","0","0","0","0","0","0","0","0","0","8","0","","67","9","2022","3","39.93973","-75.225514","0814","6","0","0","0","0","0","0","0","0","","0","0","0","","","1","","1","","39 56:23.027","3","0","75 13:31.850","3","0","0","0","67301","1","0","0","N","1","0","0","2","67301","0","","1.0","30.0","1","N","N","N","0","","1","0","1","","2","Y","","2","1","0","0","0","0","0","2","0","1","","03","","N","","","","","","","","","",""
"2022105672","1805","2","0","0","0","0","0","0","0","0","7","0","","67","9","2022","7","39.906644","-75.149839","1805","6","0","0","0","0","0","0","0","0","","0","0","0","","","1","N","0","","39 54:23.919","","0","75 08:59.419","3","0","0","0","67301","0","0","0","Y","0","0","0","3","68K01","0","","3.0","","1","N","N","N","0","","1","0","0","","0","","","2","1","0","0","0","0","0","2","0","2","","","","N","","","","","","","","","",""
"2022080562","","1","0","0","0","0","0","0","0","0","1","0","","67","6","2022","6","39.921144","-75.193801","","6","0","0","0","0","0","0","0","0","","0","0","0","","","1","","1","","39 55:16.119","","0","75 11:37.683","8","0","0","0","67301","0","0","0","N","0","0","0","2","00000","0","","1.0","","1","","","N","0","","0","0","0","","0","","","2","1","0","0","0","1","0","2","0","2","","","","N","","","","","","","","","",""
"2022113599","1139","0","0","0","0","0","0","0","0","0","4","0","","67","9","2022","2","40.017031","-75.083494","1139","6","0","0","0","0","0","0","0","0","","0","0","0","","","0","N","0","","40 01:01.313","","0","75 05:00.577","0","0","0","0","67301","0","0","0","N","0","0","0","1","67301","0","","6.0","","1","N","N","N","0","","0","0","2","","0","","","2","0","0","0","0","0","0","2","0","2","","","","N","","","","","","","","","",""
"2022098376","1325","2","0","0","0","0","0","0","0","0","4","0","","67","8","2022","4","39.927694","-75.230028","1320","6","0","0","0","0","0","0","0","0","","0","0","0","","","3","N","0","","39 55:39.700","","7","75 13:48.100","3","0","0","0","67301","0","0","0","N","0","0","0","4","67301","0","","1.0","","1","N","N","N","0","","3","0","0","","0","","","2","3","0","0","0","0","0","2","0","2","","","","N","","","","","","","","","",""
"2022108344","1759","1","0","0","0","0","0","0","0","0","1","0","","67","9","2022","2","40.044704","-75.163574","1759","6","0","0","0","0","0","0","0","0","","0","0","0","","","0","N","0","","40 02:40.935","","0","75 09:48.865","0","0","0","0","67301","0","0","0","N","0","0","0","1","67301","0","","6.0","","1","N","N","Y","0","","0","0","1","","0","","","2","0","0","0","0","0","0","2","0","2","","","","N","","","","","","","","","",""
"2022107716","0946","1","0","0","0","0","0","0","0","0","5","0","","67","11","2022","3","39.924731","-75.243908","0943","6","0","0","0","0","0","0","0","0","","0","0","0","","","0","N","0","","39 55:29.030","","0","75 14:38.070","0","0","0","0","67301","0","0","0","N","0","0","0","0","67301","0","","6.0","","1","N","N","N","1","","0","0","0","","0","","","2","0","0","0","0","0","0","2","0","2","","03","","N","","","","","","","","","",""
"2022107528","0543","0","0","0","0","0","0","0","0","0","8","0","","67","11","2022","3","40.050065","-75.15048","0538","6","0","0","0","0","0","0","0","0","","1","0","0","","","0","","1","","40 03:00.234","7","0","75 09:01.727","1","0","0","0","67301","1","1","0","N","1","1","0","2","67301","0","2","1.0","736.0","1","N","N","N","0","0","0","0","1","","2","Y","","2","0","1","0","0","0","0","2","0","1","","03","","N","","","","","","","","","",""
"2022077365","","0","0","0","0","0","0","0","0","0","1","0","","67","6","2022","2","","","","6","0","0","0","0","0","0","0","0","","0","0","0","","","1","N","0","","","","0","","8","0","0","0","67301","0","0","0","N","0","0","0","6","00000","0","","1.0","","1","","","N","0","","0","0","1","","0","","","3","1","0","0","0","1","0","1","1","3","","","","N","","","","","","","","","",""
"2022106635","1725","1","0","0","0","0","0","0","0","0","4","0","","67","11","2022","1","39.961703","-75.222511","1714","6","0","0","0","0","0","0","0","0","","0","0","0","","","0","N","0","","39 57:42.130","","0","75 13:21.040","9","0","0","0","67301","0","0","0","N","0","0","0","1","67301","0","","1.0","","1","N","N","N","0","","0","0","0","","0","","","2","0","0","0","0","0","1","2","0","2","","03","","N","","","","","","","","","",""
"2022087938","2308","0","0","0","0","0","0","0","0","0","8","0","","67","9","2022","2","39.962401","-75.215623","2308","6","0","0","0","0","0","0","0","0","","0","0","0","","","2","","2","","39 57:44.645","","0","75 12:56.243","3","0","0","0","67301","1","0","0","N","1","0","0","2","67301","0","","4.0","","1","N","N","N","0","","1","0","0","","0","","","2","2","0","0","0","1","0","2","1","1","","03","","N","","","","","","","","","",""
"2022099177","1539","0","0","0","0","0","0","0","0","0","8","0","","67","9","2022","4","40.039172","-75.034374","1536","6","0","0","0","0","0","0","0","0","","1","0","0","","","0","","2","","40 02:21.020","1","0","75 02:03.748","1","0","0","0","67301","1","1","0","N","1","1","0","2","67301","0","2","1.0","1800.0","1","N","N","N","0","0","0","0","1","","3","Y","","2","0","0","0","0","0","0","2","0","1","","03","","N","","","","","","","","","",""
"2022097774","1501","1","0","0","0","0","0","0","0","0","5","1","","67","10","2022","3","39.93809","-75.142328","1500","6","0","0","0","0","0","1","0","0","","0","1","0","","","1","N","0","","39 56:17.124","","0","75 08:32.382","8","0","0","0","67301","0","0","0","N","0","0","0","2","67301","0","","1.0","","99","N","N","N","0","","0","0","0","","0","","","2","1","0","0","0","1","1","2","0","2","","","","N","","","","","","","","","",""
"2022085723","1930","1","0","0","0","0","0","0","0","0","7","0","","67","9","2022","1","39.98189","-75.157243","1925","6","0","0","0","0","0","0","0","0","","0","0","0","","","0","N","0","","39 58:54.804","2","0","75 09:26.075","0","0","0","0","67301","0","0","0","N","0","0","0","3","67505","0","","3.0","1950.0","1","N","N","N","0","","0","0","0","","0","Y","","1","0","0","0","0","0","0","2","0","1","","03","","N","","","","","","","","","",""
"2022098651","1908","1","0","0","0","0","0","0","0","0","1","0","","67","10","2022","2","39.921916","-75.147928","1900","6","0","0","0","0","0","0","0","0","","0","0","0","","","0","N","0","","39 55:18.897","","0","75 08:52.542","9","0","0","0","67301","0","0","0","N","0","0","0","2","68K01","0","","1.0","","9","N","N","N","0","","0","0","1","","0","","","2","0","0","0","0","0","1","2","0","2","","07","","N","","","","","","","","","",""
"2022106148","2300","1","0","0","0","0","0","0","0","0","8","0","","67","8","2022","6","39.958201","-75.235505","2300","6","0","0","0","0","0","0","0","0","","0","0","0","","","1","","1","","39 57:29.522","","0","75 14:07.817","8","0","0","0","67301","1","0","0","N","1","0","0","2","67301","0","","1.0","","1","N","N","N","0","","0","0","0","","2","","","2","1","1","0","0","1","1","2","0","1","","03","","N","","","","","","","","","",""
"2022086025","1416","1","0","0","0","0","0","0","0","0","5","0","","67","9","2022","2","39.955377","-75.187885","1415","6","0","0","0","0","0","1","0","0","","0","0","0","","","0","N","0","","39 57:19.356","3","0","75 11:16.385","0","0","0","0","67301","0","0","0","N","0","0","0","3","67507","0","","1.0","1500.0","1","N","N","N","0","","0","0","2","","0","N","","3","0","0","0","0","0","0","2","0","3","","03","","N","","","","","","","","","",""
"2022098064","2333","3","0","0","0","0","0","0","0","0","1","0","","67","10","2022","5","40.020865","-75.148604","2330","6","0","0","0","0","0","0","0","0","","0","0","0","","","1","N","0","","40 01:15.115","1","0","75 08:54.974","4","0","0","0","67301","0","0","0","N","0","0","0","5","67301","1","","1.0","1245.0","1","N","N","N","0","","0","0","0","","2","N","","3","1","0","0","0","0","0","2","0","3","","03","","N","","","","","","","","","",""
"2022099795","0813","1","0","0","0","0","0","0","0","0","5","1","","67","10","2022","4","39.983882","-75.097137","0758","6","0","0","0","0","0","1","0","0","","0","1","0","","","1","N","0","","39 59:01.975","","0","75 05:49.693","3","0","0","0","67301","0","0","0","N","0","0","0","2","68K01","0","","1.0","","1","N","N","N","0","","1","0","0","","0","","","2","1","0","0","0","0","0","2","0","2","","","","N","","","","","","","","","",""
"2022080568","","0","0","0","0","0","0","0","0","0","0","0","","67","6","2022","2","","","","6","0","0","0","0","0","0","0","0","","0","0","0","","","1","N","0","","","","0","","8","0","0","0","67301","0","0","0","N","0","0","0","2","00000","0","","1.0","","1","","","N","0","","0","0","1","","0","","","2","1","0","0","0","1","0","1","0","2","","","","N","","","","","","","","","",""
"2022107166","1455","0","0","0","0","0","0","0","0","0","7","1","","67","11","2022","2","39.932392","-75.218916","1442","6","0","0","0","0","0","0","0","0","","0","1","0","","","0","N","0","","39 55:56.611","6","1","75 13:08.097","0","0","0","0","67301","0","0","0","N","0","0","0","1","67301","0","","1.0","1600.0","1","N","N","N","0","","0","0","0","","8","Y","","1","0","0","0","0","0","0","2","0","1","","03","","N","","","","","","","","","",""
"2022083946","0732","0","0","0","1","0","0","0","0","0","8","0","","67","9","2022","3","39.955289","-75.186533","0730","6","0","0","0","0","0","0","0","0","","0","0","0","","","1","N","0","","39 57:19.041","","0","75 11:11.519","3","0","0","0","67301","1","0","0","N","0","0","0","2","67507","0","","1.0","","1","","","N","0","","1","0","1","","0","","","2","1","0","0","0","0","1","2","0","1","","","","N","","","","","","","","","",""
"2022088683","1549","1","0","0","0","0","0","0","0","0","8","0","","67","9","2022","2","39.951249","-75.199138","1525","6","0","0","0","0","0","0","0","0","","0","0","0","","","1","","1","","39 57:04.496","","0","75 11:56.898","3","0","0","0","67301","1","0","0","N","1","0","0","2","67504","0","","1.0","","1","N","N","N","0","","1","0","0","","2","","","2","1","0","0","0","0","1","2","0","1","","03","","N","","","","","","","","","",""
"2022108691","1748","0","0","0","0","0","0","0","0","0","8","0","","67","10","2022","1","39.909716","-75.149012","1748","6","0","0","0","0","0","1","0","0","","0","0","0","","","1","N","0","","39 54:34.978","1","0","75 08:56.443","8","0","0","0","67301","1","0","0","N","1","0","0","2","68K01","0","","1.0","1810.0","1","N","N","N","0","","0","0","1","","0","Y","","2","1","0","0","0","1","0","2","0","1","","","","N","","","","","","","","","",""
"2022108763","1546","0","0","0","0","0","0","0","0","0","8","0","","67","11","2022","4","40.055314","-75.07855","1542","6","0","0","0","0","0","1","0","0","","0","0","0","","","1","N","0","","40 03:19.130","","0","75 04:42.780","3","0","0","0","67301","1","0","0","N","1","0","0","2","67301","0","","1.0","","1","N","N","N","0","","1","0","1","","0","","","2","1","0","0","0","0","0","2","0","1","","03","","N","","","","","","","","","",""
"2022110991","1245","1","0","0","0","0","0","1","0","0","4","1","","67","11","2022","4","39.986776","-75.147419","1245","6","0","0","0","0","0","0","0","0","","0","0","0","","","1","","1","","39 59:12.392","","0","75 08:50.707","4","0","0","0","67301","0","0","0","N","0","0","0","3","67508","1","","1.0","","1","N","N","N","0","","0","0","0","","2","","","2","1","0","0","0","0","0","2","0","2","","03","","N","","","","","","","","","",""
"2022084737","1438","0","0","0","0","0","0","0","0","0","8","0","","67","9","2022","4","40.009563","-75.153638","1438","6","0","0","0","0","0","0","0","0","","0","0","0","","","1","","1","","40 00:34.427","1","0","75 09:13.095","3","0","0","0","67301","1","0","0","N","1","0","0","2","67301","0","","1.0","1530.0","1","N","N","N","0","","1","0","0","","3","Y","","2","1","0","0","0","0","0","2","1","1","","03","","N","","","","","","","","","",""
"2022085801","0344","1","0","0","0","0","0","0","0","0","4","0","","67","9","2022","1","40.03773","-75.138776","0344","6","0","0","0","0","0","0","1","0","","0","0","0","","","1","","2","","40 02:15.827","","0","75 08:19.594","3","0","0","0","67301","0","0","0","N","0","0","0","3","67301","0","","1.0","","1","N","N","N","1","","1","0","0","","0","","","2","1","0","0","0","0","0","2","0","2","","03","","N","","","","","","","","","",""
"2022086683","0218","0","0","0","0","0","0","0","0","0","1","0","","67","9","2022","1","40.059276","-75.044578","0217","6","0","0","0","0","0","0","0","0","","0","0","0","","","1","","2","","40 03:33.392","2","0","75 02:40.479","8","0","0","0","67301","0","0","0","N","0","0","0","2","67301","0","","1.0","243.0","1","N","N","N","0","","0","0","2","","2","N","","2","1","0","0","0","1","0","2","0","2","","03","","N","","","","","","","","","",""
"2022081995","","2","0","0","0","0","0","0","0","0","5","0","","67","5","2022","6","39.972867","-75.218161","","6","0","0","0","0","0","0","0","0","","0","0","0","","","1","N","0","","39 58:22.322","","0","75 13:05.381","8","0","0","0","67301","0","0","0","N","0","0","0","2","00000","0","","1.0","","1","","","N","0","","0","0","0","","0","","","2","1","0","0","0","1","0","2","0","2","","","","N","","","","","","","","","",""
"2022083916","2331","1","0","0","0","0","0","0","0","0","5","0","","67","9","2022","1","39.985755","-75.208117","2318","6","0","0","0","0","0","0","0","0","","0","0","0","","","1","N","0","","39 59:08.718","","0","75 12:29.222","8","0","0","0","67301","0","0","0","N","0","0","0","2","68K01","0","","1.0","","9","N","N","N","0","","0","0","0","","0","","","2","1","0","0","0","1","1","2","0","2","","07","","N","","","","","","","","","",""
"2022086740","0042","1","0","0","0","0","0","0","0","0","4","0","","67","9","2022","2","39.936764","-75.229713","0037","6","0","0","0","0","0","0","0","0","","0","0","0","","","2","","1","","39 56:12.350","","0","75 13:46.966","3","0","0","0","67301","0","0","0","N","0","0","0","2","67301","0","","1.0","","1","N","N","N","0","","2","0","1","","2","","","2","2","0","0","0","0","0","2","0","2","","03","","N","","","","","","","","","",""
"2022097872","0820","1","0","0","0","0","0","0","0","0","2","0","","67","10","2022","4","40.100298","-75.063755","0811","6","0","0","0","1","0","1","0","0","","0","0","0","","","1","","1","","40 06:01.071","","0","75 03:49.518","3","0","0","0","67301","0","0","0","N","0","0","0","2","67301","0","","1.0","","1","N","N","N","0","","1","0","1","","0","","","2","1","2","0","0","0","0","2","0","2","","03","","N","","","","","","","","","",""
"2022114994","1548","1","0","0","0","0","0","0","0","0","1","0","","67","12","2022","1","40.110858","-75.003559","1541","6","0","0","0","0","0","1","0","0","","0","0","0","","","1","","2","","40 06:39.089","","0","75 00:12.812","3","0","0","0","67301","0","0","0","N","0","0","0","2","67301","0","","1.0","","1","N","N","N","0","","1","0","1","","2","","","2","1","0","0","0","0","0","2","0","2","","03","","N","","","","","","","","","",""