"CRN","ARRIVAL_TM","AUTOMOBILE_COUNT","BELTED_DEATH_COUNT","BELTED_SUSP_SERIOUS_INJ_COUNT","BICYCLE_COUNT","BICYCLE_DEATH_COUNT","BICYCLE_SUSP_SERIOUS_INJ_COUNT","BUS_COUNT","CHLDPAS_DEATH_COUNT","CHLDPAS_SUSP_SERIOUS_INJ_COUNT","COLLISION_TYPE","COMM_VEH_COUNT","CONS_ZONE_SPD_LIM","COUNTY","CRASH_MONTH","CRASH_YEAR","DAY_OF_WEEK","DEC_LATITUDE","DEC_LONGITUDE","DISPATCH_TM","DISTRICT","DRIVER_COUNT_16YR","DRIVER_COUNT_17YR","DRIVER_COUNT_18YR","DRIVER_COUNT_19YR","DRIVER_COUNT_20YR","DRIVER_COUNT_50_64YR","DRIVER_COUNT_65_74YR","DRIVER_COUNT_75PLUS","EST_HRS_CLOSED","FATAL_COUNT","HEAVY_TRUCK_COUNT","HORSE_BUGGY_COUNT","HOUR_OF_DAY","ILLUMINATION","INJURY_COUNT","INTERSECTION_RELATED","INTERSECT_TYPE","LANE_CLOSED","LATITUDE","LN_CLOSE_DIR","LOCATION_TYPE","LONGITUDE","MAX_SEVERITY_LEVEL","MCYCLE_DEATH_COUNT","MCYCLE_SUSP_SERIOUS_INJ_COUNT","MOTORCYCLE_COUNT","MUNICIPALITY","NONMOTR_COUNT","NONMOTR_DEATH_COUNT","NONMOTR_SUSP_SERIOUS_INJ_COUNT","NTFY_HIWY_MAINT","PED_COUNT","PED_DEATH_COUNT","PED_SUSP_SERIOUS_INJ_COUNT","PERSON_COUNT","POLICE_AGCY","POSSIBLE_INJ_COUNT","RDWY_SURF_TYPE_CD","RELATION_TO_ROAD","ROADWAY_CLEARED","ROAD_CONDITION","SCH_BUS_IND","SCH_ZONE_IND","SECONDARY_CRASH","SMALL_TRUCK_COUNT","SPEC_JURIS_CD","SUSP_MINOR_INJ_COUNT","SUSP_SERIOUS_INJ_COUNT","SUV_COUNT","TCD_FUNC_CD","TCD_TYPE","TFC_DETOUR_IND","TIME_OF_DAY","TOTAL_UNITS","TOT_INJ_COUNT","UNBELTED_OCC_COUNT","UNB_DEATH_COUNT","UNB_SUSP_SERIOUS_INJ_COUNT","UNK_INJ_DEG_COUNT","UNK_INJ_PER_COUNT","URBAN_RURAL","VAN_COUNT","VEHICLE_COUNT","WEATHER1","WEATHER2","WORKERS_PRES","WORK_ZONE_IND","WORK_ZONE_LOC","WORK_ZONE_TYPE","WZ_CLOSE_DETOUR","WZ_FLAGGER","WZ_LAW_OFFCR_IND","WZ_LN_CLOSURE","WZ_MOVING","WZ_OTHER","WZ_SHLDER_MDN","WZ_WORKERS_INJ_KILLED"
"2022112903","1352","1","0","0","0","0","0","0","0","0","2","0","","67","11","2022","6","39.939665","-75.181491","1350","6","0","0","0","0","0","0","0","0","","0","0","0","","","1","","1","","39 56:22.794","","0","75 10:53.366","3","0","0","0","67301","0","0","0","N","0","0","0","4","67301","0","","1.0","","9","N","N","N","1","","1","0","0","","2","","","2","1","2","0","0","0","0","2","0","2","","07","","N","","","","","","","","","",""
"2022092922","2240","0","0","0","0","0","0","0","0","0","4","0","","67","9","2022","6","40.043155","-75.16721","2235","6","0","0","0","0","0","2","0","0","","0","0","0","","","1","","1","","40 02:35.358","","0","75 10:01.956","4","0","0","0","67301","0","0","0","N","0","0","0","2","67301","1","","1.0","","1","N","N","N","0","","0","0","2","","2","","","2","1","0","0","0","0","0","2","0","2","","03","","N","","","","","","","","","",""
"2022100424","0025","2","0","0","0","0","0","0","0","0","2","0","","67","10","2022","2","40.062054","-75.021434","0019","6","0","0","0","0","0","0","0","0","","0","0","0","","","2","N","0","","40 03:43.396","3","7","75 01:17.163","8","0","0","0","67301","0","0","0","N","0","0","0","2","67301","0","","6.0","140.0","9","N","N","N","0","","0","0","2","","0","Y","","4","2","0","0","0","2","0","2","0","4","","07","","N","","","","","","","","","",""
"2022102779","0829","0","0","0","0","0","0","0","0","0","5","0","","67","9","2022","5","39.943273","-75.142777","0826","6","0","0","0","0","0","0","0","1","","0","0","0","","","1","N","0","","39 56:35.783","1","0","75 08:33.997","3","0","0","0","67301","0","0","0","N","0","0","0","3","68K01","0","","1.0","1006.0","1","N","N","N","0","","1","0","2","","0","Y","","2","1","0","0","0","0","0","2","0","2","","","","N","","","","","","","","","",""
"2022111876","2039","2","0","0","0","0","0","0","0","0","1","0","","67","11","2022","7","39.898604","-75.180453","2016","6","0","0","0","0","0","1","0","0","","0","0","0","","","0","N","0","","39 53:54.973","","0","75 10:49.630","0","0","0","0","67301","0","0","0","N","0","0","0","4","68K01","0","","1.0","","1","N","N","N","0","","0","0","0","","0","","","2","0","0","0","0","0","0","2","0","2","","03","","N","","","","","","","","","",""
"2022112934","2255","0","0","0","0","0","0","0","0","0","7","1","","67","11","2022","2","40.007983","-75.191793","2225","6","0","0","0","0","0","0","0","0","","0","1","0","","","0","N","0","","40 00:28.738","2","3","75 11:30.453","9","0","0","0","67301","0","0","0","N","0","0","0","2","67301","0","","4.0","1140.0","1","N","N","Y","0","","0","0","0","","0","N","","2","0","0","0","0","0","1","2","1","2","","03","","N","","","","","","","","","",""
"2022108703","1021","1","0","0","0","0","0","0","0","0","5","1","","67","11","2022","4","39.997354","-75.196397","1004","6","0","0","0","0","0","0","0","0","","0","1","0","","","0","N","0","","39 59:50.473","","0","75 11:47.029","0","0","0","0","67301","0","0","0","N","0","0","0","2","68K01","0","","1.0","","1","N","N","N","0","","0","0","0","","0","","","2","0","0","0","0","0","0","2","0","2","","","","N","","","","","","","","","",""
"2022099890","1730","0","0","0","0","0","0","0","0","0","8","0","","67","10","2022","3","40.017041","-75.150419","1712","6","0","0","0","0","0","0","0","0","","0","0","0","","","1","","1","","40 01:01.347","","0","75 09:01.508","3","0","0","0","67301","1","0","0","N","1","0","0","1","67301","0","","1.0","","9","N","N","N","0","","1","0","0","","2","","","2","1","0","0","0","0","0","2","0","1","","07","","N","","","","","","","","","",""
"2022071261","","0","0","0","0","0","0","0","0","0","1","0","","67","7","2022","2","40.022306","-75.036361","","6","0","0","0","0","0","0","0","0","","0","0","0","","","2","N","0","","40 01:20.300","","0","75 02:10.900","8","0","0","0","67301","0","0","0","N","0","0","0","3","00000","0","","1.0","","1","","","N","1","","0","0","0","","0","","","2","2","1","0","0","2","0","2","1","2","","","","N","","","","","","","","","",""
"2022099304","0705","1","0","0","0","0","0","0","0","0","5","0","","67","10","2022","4","39.956236","-75.194153","0700","6","0","0","0","0","0","0","1","0","","0","0","0","","","0","","1","","39 57:22.450","","0","75 11:38.949","0","0","0","0","67301","0","0","0","N","0","0","0","2","67507","0","","1.0","","1","N","N","N","0","","0","0","1","","2","","","2","0","0","0","0","0","0","2","0","2","","","","N","","","","","","","","","",""
"2022080573","","1","0","0","0","0","0","0","0","0","1","0","","67","4","2022","3","39.935334","-75.234981","","6","0","0","0","0","0","0","0","0","","0","0","0","","","1","N","0","","39 56:07.203","","0","75 14:05.931","8","0","0","0","67301","0","0","0","N","0","0","0","2","00000","0","","1.0","","1","","","N","0","","0","0","0","","0","","","2","1","0","0","0","1","0","2","0","2","","","","N","","","","","","","","","",""
"2022087403","0816","0","0","0","0","0","0","0","0","0","8","0","","67","9","2022","4","40.030701","-75.061748","0801","6","0","0","0","0","0","0","0","0","","0","0","0","","","2","","1","","40 01:50.524","","0","75 03:42.293","3","0","0","0","67301","2","0","0","N","2","0","0","3","67301","0","","1.0","","1","N","Y","N","1","","2","0","0","","2","","","3","2","1","0","0","0","0","2","0","1","","03","","N","","","","","","","","","",""
"2022099165","0729","1","0","0","0","0","0","0","0","0","1","0","","67","10","2022","3","40.000586","-75.195088","0719","6","0","0","0","0","1","0","0","0","","0","0","0","","","0","N","0","","40 00:02.111","","0","75 11:42.315","0","0","0","0","67301","0","0","0","N","0","0","0","2","68K01","0","","1.0","","9","N","N","N","0","","0","0","1","","0","","","2","0","0","0","0","0","0","2","0","2","","04","","N","","","","","","","","","",""
"2022084535","1520","1","0","0","0","0","0","0","0","0","8","0","","67","9","2022","4","40.087534","-74.971328","1520","6","0","0","0","0","0","0","0","0","","0","0","0","","","1","","1","","40 05:15.121","","2","74 58:16.779","3","0","0","0","67301","1","0","0","N","1","0","0","2","67301","0","","1.0","","1","N","N","N","0","","1","0","0","","2","","","2","1","1","0","0","0","0","2","0","1","","03","","N","","","","","","","","","",""
"2022097362","1809","2","0","0","0","0","0","0","0","0","1","0","","67","9","2022","1","39.965825","-75.186531","1801","6","0","0","0","0","0","1","0","1","","0","0","0","","","0","N","0","","39 57:56.969","","0","75 11:11.510","0","0","0","0","67301","0","0","0","N","0","0","0","2","68K01","0","","1.0","","1","N","N","N","0","","0","0","0","","0","","","2","0","0","0","0","0","0","2","0","2","","","","N","","","","","","","","","",""
"2022068670","","1","0","0","0","0","0","0","0","0","3","0","","67","6","2022","2","39.965361","-75.185781","","6","0","0","0","0","0","0","0","0","","0","0","0","","","3","","6","","39 57:55.299","","2","75 11:08.810","8","0","0","0","67301","0","0","0","N","0","0","0","4","00000","0","","1.0","","1","","","N","0","","0","0","0","","0","","","2","3","0","0","0","3","0","2","0","2","","","","N","","","","","","","","","",""
"2022099564","0732","0","0","0","0","0","0","0","0","0","7","0","","67","10","2022","1","40.043506","-75.002784","0714","6","0","0","0","0","0","0","0","0","","0","0","0","","","0","N","0","","40 02:36.622","","0","75 00:10.024","0","0","0","0","67301","0","0","0","N","0","0","0","1","68K01","0","","2.0","","9","N","N","N","0","","0","0","1","","0","","","1","0","0","0","0","0","0","2","0","1","","07","","N","","","","","","","","","",""
"2022084448","1318","1","0","0","0","0","0","0","0","0","1","0","","67","9","2022","2","39.914851","-75.221213","1315","6","0","0","0","0","0","1","0","0","","0","0","0","","","1","N","0","","39 54:53.465","","0","75 13:16.368","3","0","0","0","67301","0","0","0","N","0","0","0","2","67301","0","","1.0","","1","N","N","N","0","","1","0","1","","0","","","2","1","0","0","0","0","0","2","0","2","","03","","N","","","","","","","","","",""
"2022098361","0155","1","0","0","0","0","0","0","0","0","1","0","","67","10","2022","1","40.0078","-75.201938","0152","6","0","0","0","0","0","0","0","0","","0","0","0","","","0","N","0","","40 00:28.080","3","0","75 12:06.975","0","0","0","0","67301","0","0","0","N","0","0","0","9","68K01","0","","1.0","157.0","1","N","N","N","0","","0","0","1","","0","N","","2","0","1","0","0","0","0","2","0","2","","03","","N","","","","","","","","","",""
"2022099173","1952","1","0","0","0","0","0","0","0","0","8","0","","67","10","2022","2","40.061755","-75.056066","1952","6","0","0","0","0","0","1","0","0","","0","0","0","","","1","","1","","40 03:42.317","","0","75 03:21.839","3","0","0","0","67301","1","0","0","N","1","0","0","2","67301","0","","1.0","","9","N","N","N","0","","1","0","0","","2","","","2","1","0","0","0","0","0","2","0","1","","04","","N","","","","","","","","","",""
"2022098648","1942","1","0","0","0","0","0","0","0","0","1","0","","67","10","2022","1","39.925465","-75.193791","1942","6","0","0","0","0","0","0","0","0","","0","0","0","","","0","N","0","","39 55:31.675","","0","75 11:37.649","0","0","0","0","67301","0","0","0","N","0","0","0","3","68K01","0","","1.0","","1","N","N","N","0","","0","0","2","","0","","","3","0","0","0","0","0","0","2","0","3","","03","","N","","","","","","","","","",""
"2022100095","1003","0","0","0","0","0","0","0","0","0","8","0","","67","10","2022","4","39.992957","-75.110258","1003","6","0","0","0","0","0","0","0","0","","1","0","0","","","2","","1","","39 59:34.645","","0","75 06:36.928","1","0","0","0","67301","2","1","1","N","2","1","1","7","67301","1","2","4.0","","9","N","N","N","0","0","0","1","1","","2","","","3","2","0","0","0","0","0","2","0","1","","03","","N","","","","","","","","","",""
"2022105795","1145","0","0","0","0","0","0","1","0","0","8","1","","67","11","2022","4","39.944889","-75.147978","1142","6","0","0","0","0","0","0","0","0","","0","0","0","","","1","N","0","","39 56:41.600","","0","75 08:52.720","3","0","0","0","67301","1","0","0","N","1","0","0","2","67301","0","","1.0","","1","N","N","N","0","","1","0","0","","2","","","2","1","0","0","0","0","0","2","0","1","","03","","N","","","","","","","","","",""
"2022106149","1550","1","0","0","0","0","0","0","0","0","8","0","","67","9","2022","7","39.958475","-75.225184","1549","6","0","0","0","0","0","0","0","0","","0","0","0","","","1","","1","","39 57:30.510","7","0","75 13:30.663","2","0","0","0","67301","1","0","1","N","1","0","1","3","67301","0","","1.0","1655.0","1","N","N","N","0","","0","1","0","","2","Y","","2","1","0","0","0","0","0","2","0","1","","03","","N","","","","","","","","","",""
"2022098259","2316","1","0","0","0","0","0","0","0","0","7","0","","67","10","2022","7","39.967316","-75.180833","2314","6","0","0","0","0","0","0","0","0","","0","0","0","","","1","N","0","","39 58:02.339","6","0","75 10:50.997","3","0","0","0","67301","0","0","0","N","0","0","0","1","67301","0","","4.0","2351.0","1","N","N","N","0","","1","0","0","","0","Y","","1","1","0","0","0","0","0","2","0","1","","03","","N","","","","","","","","","",""
"2022106563","1451","1","0","0","0","0","0","0","0","0","7","0","","67","10","2022","1","40.031302","-75.021624","1421","6","0","0","0","0","0","0","0","0","","0","0","0","","","1","N","0","","40 01:52.686","2","0","75 01:17.847","3","0","0","0","67301","0","0","0","N","0","0","0","1","68K01","0","","2.0","1500.0","9","N","N","N","0","","1","0","0","","0","N","","1","1","0","0","0","0","0","2","0","1","","07","","N","","","","","","","","","",""
"2022099296","2349","2","0","0","0","0","0","0","0","0","5","0","","67","10","2022","2","39.961515","-75.182583","2312","6","0","0","0","0","0","0","0","0","","0","0","0","","","0","N","0","","39 57:41.455","","0","75 10:57.298","0","0","0","0","67301","0","0","0","N","0","0","0","2","68K01","0","","1.0","","1","N","N","N","0","","0","0","0","","0","","","2","0","0","0","0","0","0","2","0","2","","03","","N","","","","","","","","","",""
"2022099086","0445","1","0","0","0","0","0","0","0","0","1","1","","67","10","2022","3","39.940741","-75.195314","0437","6","0","0","0","0","0","1","0","0","","0","1","0","","","4","N","0","","39 56:26.667","3","0","75 11:43.130","4","0","0","0","67301","0","0","0","N","0","0","0","4","68K01","1","","1.0","20.0","1","N","N","N","0","","0","0","0","","0","N","","2","4","0","0","0","3","0","2","0","2","","03","","N","","","","","","","","","",""
"2022100093","1242","2","0","0","0","0","0","0","0","0","4","0","","67","10","2022","4","40.025974","-75.041765","1237","6","0","0","0","0","1","0","0","0","","0","0","0","","","0","","1","","40 01:33.506","","0","75 02:30.353","0","0","0","0","67301","0","0","0","N","0","0","0","2","67301","0","","1.0","","1","N","N","N","0","","0","0","0","","3","","","2","0","0","0","0","0","0","2","0","2","","","","N","","","","","","","","","",""
"2022084254","","0","0","0","0","0","0","0","0","0","4","0","","67","7","2022","6","40.046207","-75.052069","","6","0","0","0","0","0","0","0","1","","0","0","0","","","1","","2","","40 02:46.346","","0","75 03:07.450","8","0","0","0","67301","0","0","0","N","0","0","0","2","00000","0","","1.0","","1","","","N","0","","0","0","1","","3","","","2","1","0","0","0","1","0","2","0","2","","","","N","","","","","","","","","",""
"2022098732","0334","2","0","0","0","0","0","0","0","0","5","0","","67","10","2022","2","39.917572","-75.212781","0330","6","0","0","0","0","0","0","0","0","","0","0","0","","","0","N","0","","39 55:03.258","6","0","75 12:46.012","0","0","0","0","67301","0","0","0","N","0","0","0","1","67301","0","","3.0","100.0","9","N","N","N","0","","0","0","0","","0","N","","2","0","0","0","0","0","0","2","0","2","","04","","N","","","","","","","","","",""
"2022098747","1725","1","0","0","0","0","0","1","0","0","4","1","","67","10","2022","3","40.009868","-75.156024","1719","6","0","0","0","0","0","1","0","0","","0","0","0","","","1","","1","","40 00:35.524","","0","75 09:21.688","3","0","0","0","67301","0","0","0","N","0","0","0","3","67301","0","","1.0","","1","Y","N","N","0","","1","0","0","","0","","","3","1","0","0","0","0","0","2","1","3","","","","N","","","","","","","","","",""
"2022098393","2030","0","0","0","1","0","0","1","0","0","8","1","","67","10","2022","6","40.019705","-75.055297","2020","6","0","0","0","0","0","1","0","0","","0","0","0","","","1","N","0","","40 01:10.939","","0","75 03:19.070","8","0","0","0","67301","1","0","0","N","0","0","0","2","67508","0","","1.0","","1","N","N","N","0","","0","0","0","","0","","","2","1","0","0","0","1","0","2","0","1","","03","","N","","","","","","","","","",""
"2022098735","1538","0","0","0","0","0","0","0","0","0","8","1","","67","10","2022","3","40.011294","-75.106103","1536","6","0","0","0","0","0","0","0","0","","0","1","0","","","1","","1","","40 00:40.660","","0","75 06:21.970","3","0","0","0","67301","1","0","0","N","1","0","0","2","67301","0","","1.0","","9","N","N","N","0","","1","0","0","","2","","","2","1","0","0","0","0","0","2","0","1","","","","N","","","","","","","","","",""
"2022099875","2140","1","0","0","0","0","0","0","0","0","8","0","","67","10","2022","7","40.032919","-75.106761","2137","6","0","0","0","0","0","0","0","0","","0","0","0","","","1","N","0","","40 01:58.507","","0","75 06:24.340","2","0","0","0","67301","1","0","1","N","1","0","1","2","67301","0","","1.0","","1","N","N","N","0","","0","1","0","","2","","","2","1","0","0","0","0","1","2","0","1","","03","","N","","","","","","","","","",""
"2022099176","0530","0","0","0","0","0","0","0","0","0","2","0","","67","10","2022","5","40.028922","-75.159117","0515","6","0","0","0","0","0","0","0","0","","0","0","0","","","0","N","0","","40 01:44.120","","0","75 09:32.820","0","0","0","0","67301","0","0","0","N","0","0","0","1","67301","0","","1.0","","1","N","N","N","1","","0","0","1","","0","","","2","0","0","0","0","0","0","2","0","2","","","","N","","","","","","","","","",""
"2022075063","","1","0","0","0","0","0","0","0","0","4","0","","67","5","2022","6","40.018988","-75.093359","","6","0","0","0","0","0","1","0","0","","0","0","0","","","1","","1","","40 01:08.356","","0","75 05:36.092","8","0","0","0","67301","0","0","0","N","0","0","0","2","00000","0","","1.0","","1","","","N","0","","0","0","0","","3","","","2","1","0","0","0","1","0","2","0","2","","","","N","","","","","","","","","",""
"2022084650","0850","0","0","0","0","0","0","0","0","0","8","0","","67","9","2022","4","39.982541","-75.163616","0838","6","0","0","1","0","0","0","0","0","","0","0","0","","","1","","1","","39 58:57.147","","0","75 09:49.017","8","0","0","0","67301","1","0","0","N","1","0","0","2","67505","0","","1.0","","1","N","Y","N","0","","0","0","1","","3","","","2","1","0","0","0","1","1","2","0","1","","03","","N","","","","","","","","","",""
"2022097218","1730","0","0","0","0","0","0","1","0","0","5","1","","67","10","2022","2","39.961185","-75.24707","1708","6","0","0","0","0","0","0","0","1","","0","0","0","","","0","","1","","39 57:40.266","","0","75 14:49.451","9","0","0","0","67301","0","0","0","N","0","0","0","2","67508","0","","1.0","","1","N","N","N","0","","0","0","1","","2","","","2","0","0","0","0","0","2","2","0","2","","03","","N","","","","","","","","","",""
"2022105973","1828","1","0","0","0","0","0","0","0","0","4","0","","67","11","2022","5","40.037084","-75.011336","1818","6","0","0","0","0","0","1","0","0","","0","0","0","","","1","","1","","40 02:13.501","7","0","75 00:40.810","3","0","0","0","67301","0","0","0","N","0","0","0","2","67301","0","","1.0","2024.0","1","N","N","N","0","","1","0","1","","2","N","","2","1","0","0","0","0","0","2","0","2","","","","N","","","","","","","","","",""
"2022075108","","1","0","0","0","0","0","0","0","0","4","0","","67","7","2022","4","39.998748","-75.094595","","6","0","0","0","0","0","0","0","0","","0","0","0","","","1","","1","","39 59:55.492","","0","75 05:40.541","8","0","0","0","67301","0","0","0","N","0","0","0","2","00000","0","","1.0","","1","","","N","0","","0","0","1","","3","","","2","1","0","0","0","1","0","2","0","2","","","","N","","","","","","","","","",""
"2022105806","1155","0","0","0","1","0","0","0","0","0","8","0","","67","8","2022","4","39.956747","-75.217493","1150","6","0","0","0","0","0","0","0","0","","0","0","0","","","1","","1","","39 57:24.289","","0","75 13:02.974","3","0","0","0","67301","1","0","0","N","0","0","0","2","67301","0","","1.0","","99","N","N","N","0","","1","0","1","","3","","","2","1","1","0","0","0","0","2","0","1","","03","","N","","","","","","","","","",""
"2022091831","","1","0","0","0","0","0","0","0","0","1","0","","67","8","2022","2","39.923389","-75.244694","","6","0","0","0","0","0","0","0","0","","0","0","0","","","1","N","0","","39 55:24.200","","0","75 14:40.900","8","0","0","0","67301","0","0","0","N","0","0","0","2","00000","0","","1.0","","1","","","N","0","","0","0","1","","0","","","2","1","0","0","0","1","0","2","0","2","","","","N","","","","","","","","","",""
"2022084539","1308","2","0","0","0","0","0","0","0","0","4","0","","67","9","2022","1","39.988559","-75.161221","1308","6","0","0","0","0","0","0","0","0","","0","0","0","","","1","","1","","39 59:18.812","3","0","75 09:40.394","8","0","0","0","67301","0","0","0","N","0","0","0","2","67301","0","","1.0","1400.0","9","N","N","N","0","","0","0","0","","3","Y","","2","1","0","0","0","1","0","2","0","2","","07","","N","","","","","","","","","",""
"2022099236","1328","1","0","0","0","0","0","0","0","0","1","0","","67","9","2022","1","39.958765","-75.169963","1320","6","0","0","0","0","0","0","0","0","","0","0","0","","","1","N","0","","39 57:31.554","","0","75 10:11.867","4","0","0","0","67301","0","0","0","N","0","0","0","5","68K01","1","","1.0","","9","N","N","N","0","","0","0","1","","0","","","2","1","0","0","0","0","0","2","0","2","","","","N","","","","","","","","","",""
"2022106150","1656","0","0","0","0","0","0","0","0","0","4","0","","67","9","2022","7","39.952029","-75.226529","1654","6","0","0","0","0","0","0","0","0","","0","0","0","","","0","","1","","39 57:07.306","","0","75 13:35.503","9","0","0","0","67301","0","0","0","N","0","0","0","2","67301","0","","1.0","","1","N","N","N","0","","0","0","2","","2","","","2","0","0","0","0","0","2","2","0","2","","03","","N","","","","","","","","","",""
"2022086633","1745","0","0","0","0","0","0","0","0","0","7","0","","67","9","2022","3","40.046117","-75.217804","1740","6","0","0","0","0","0","0","0","0","","0","0","0","","","2","","3","","40 02:46.021","","0","75 13:04.094","3","0","0","0","67301","0","0","0","N","0","0","0","3","67301","0","","4.0","","1","N","N","N","0","","2","0","1","","2","","","1","2","0","0","0","0","0","2","0","1","","03","","N","","","","","","","","","",""
"2022097576","1621","1","0","0","0","0","0","0","0","0","1","1","","67","10","2022","5","40.047811","-75.013628","1616","6","0","0","0","0","0","1","0","0","","0","1","0","","","1","N","0","","40 02:52.119","","0","75 00:49.062","3","0","0","0","67301","0","0","0","N","0","0","0","4","67301","0","","1.0","","1","N","N","N","1","","1","0","1","","0","","","4","1","0","0","0","0","0","2","0","4","","03","","N","","","","","","","","","",""
"2022098731","1826","2","0","0","0","0","0","0","0","0","4","0","","67","10","2022","1","39.924462","-75.228202","1826","6","0","0","1","0","0","0","0","0","","0","0","0","","","1","","1","","39 55:28.063","","0","75 13:41.527","3","0","0","0","67301","0","0","0","N","0","0","0","2","67301","0","","1.0","","9","N","N","N","0","","1","0","0","","3","","","2","1","0","0","0","0","0","2","0","2","","07","","N","","","","","","","","","",""
"2022098720","0100","0","0","0","0","0","0","0","0","0","2","0","","67","10","2022","1","39.901476","-75.174315","0052","6","0","0","0","0","0","0","0","0","","0","0","0","","","1","N","0","","39 54:05.314","","0","75 10:27.533","3","0","0","0","67301","0","0","0","N","0","0","0","2","67301","0","","1.0","","1","N","N","N","0","","1","0","2","","2","","","2","1","0","0","0","0","0","2","0","2","","03","","N","","","","","","","","","",""
"2022099785","1755","0","0","0","0","0","0","0","0","0","7","0","","67","10","2022","2","40.03153","-75.021536","1745","6","0","0","0","0","0","0","0","0","","0","0","0","","","0","N","0","","40 01:53.507","2","0","75 01:17.530","0","0","0","0","67301","0","0","0","N","0","0","0","1","68K01","0","","4.0","1835.0","9","N","N","N","1","","0","0","0","","8","N","","1","0","0","0","0","0","0","2","0","1","","","","N","","","","","","","","","",""
"2022099321","1530","1","0","0","0","0","0","0","0","0","8","0","","67","9","2022","4","40.014518","-75.131119","1530","6","0","0","0","0","0","0","0","0","","0","0","0","","","1","","5","","40 00:52.264","","0","75 07:52.028","3","0","0","0","67301","1","0","0","N","1","0","0","2","67301","0","","1.0","","1","N","N","N","0","","1","0","0","","2","","","2","1","0","0","0","0","0","2","0","1","","","","N","","","","","","","","","",""
"2022084159","0124","1","0","0","0","0","0","0","0","0","4","0","","67","9","2022","3","39.992287","-75.142193","0122","6","0","0","0","0","0","0","0","0","","0","0","0","","","0","","1","","39 59:32.232","","0","75 08:31.896","0","0","0","0","67301","0","0","0","N","0","0","0","2","67301","0","","1.0","","9","N","N","N","0","","0","0","1","","2","","","2","0","0","0","0","0","0","2","0","2","","03","","N","","","","","","","","","",""
"2022107721","0405","1","0","0","0","0","0","0","0","0","7","0","","67","8","2022","1","39.989651","-75.107345","0355","6","0","0","0","0","0","0","0","0","","0","0","0","","","0","","1","","39 59:22.743","","0","75 06:26.443","9","0","0","0","67301","0","0","0","N","0","0","0","1","67301","0","","4.0","","1","N","N","N","0","","0","0","0","","2","","","1","0","0","0","0","0","1","2","0","1","","","","N","","","","","","","","","",""
"2022083837","1815","0","0","0","1","0","0","0","0","0","8","0","","67","9","2022","2","39.978585","-75.114757","1815","6","0","0","0","0","0","0","0","0","","0","0","0","","","1","","1","","39 58:42.906","","0","75 06:53.125","3","0","0","0","67301","1","0","0","N","0","0","0","2","67301","0","","1.0","","1","N","N","N","0","","1","0","1","","2","","","2","1","0","0","0","0","0","2","0","1","","03","","N","","","","","","","","","",""
"2022075125","","1","0","0","0","0","0","0","0","0","1","0","","67","7","2022","5","39.975269","-75.183314","","6","0","0","0","0","0","0","1","0","","0","0","0","","","2","","1","","39 58:30.969","","0","75 10:59.930","8","0","0","0","67301","0","0","0","N","0","0","0","3","00000","0","","1.0","","1","","","N","0","","0","0","1","","0","","","2","2","0","0","0","2","0","2","0","2","","","","N","","","","","","","","","",""
"2022099240","1648","2","0","0","0","0","0","0","0","0","1","0","","67","9","2022","5","39.991775","-75.202367","1634","6","0","0","0","0","0","0","0","0","","0","0","0","","","0","N","0","","39 59:30.391","","0","75 12:08.522","0","0","0","0","67301","0","0","0","N","0","0","0","2","68K01","0","","1.0","","1","N","N","N","0","","0","0","0","","0","","","2","0","0","0","0","0","0","2","0","2","","","","N","","","","","","","","","",""
"2022099884","1500","0","0","0","0","0","0","0","0","0","2","0","","67","10","2022","1","39.97121","-75.162852","1500","6","0","0","0","0","1","0","0","0","","0","0","0","","","1","","2","","39 58:16.355","","0","75 09:46.267","3","0","0","0","67301","0","0","0","N","0","0","0","2","67301","0","","1.0","","1","N","N","N","1","","1","0","1","","3","","","2","1","0","0","0","0","0","2","0","2","","03","","N","","","","","","","","","",""
"2022084540","1223","1","0","0","0","0","0","0","0","0","4","0","","67","9","2022","2","39.985595","-75.150912","1213","6","0","0","0","0","0","0","0","0","","0","0","0","","","2","","1","","39 59:08.141","","0","75 09:03.283","8","0","0","0","67301","0","0","0","N","0","0","0","2","67301","0","","1.0","","1","N","N","N","0","","0","0","0","","2","","","2","2","0","0","0","2","0","2","1","2","","03","","N","","","","","","","","","",""
"2022099699","0908","2","0","0","0","0","0","0","0","0","5","0","","67","9","2022","1","39.956578","-75.219531","0906","6","0","0","0","0","0","0","0","0","","0","0","0","","","1","N","0","","39 57:23.680","","0","75 13:10.310","3","0","0","0","67301","0","0","0","N","0","0","0","2","67301","0","","6.0","","1","N","N","N","0","","1","0","0","","0","","","2","1","0","0","0","0","0","2","0","2","","04","","N","","","","","","","","","",""
"2022098724","1554","1","0","0","0","0","0","0","0","0","4","0","","67","10","2022","5","40.034778","-75.2348","1544","6","0","0","0","0","0","0","0","0","","0","0","0","","","1","N","0","","40 02:05.200","","0","75 14:05.280","3","0","0","0","67301","0","0","0","N","0","0","0","3","67301","0","","1.0","","1","N","N","N","0","","1","0","1","","0","","","2","1","0","0","0","0","0","2","0","2","","","","N","","","","","","","","","",""