"CRN","ARRIVAL_TM","AUTOMOBILE_COUNT","BELTED_DEATH_COUNT","BELTED_SUSP_SERIOUS_INJ_COUNT","BICYCLE_COUNT","BICYCLE_DEATH_COUNT","BICYCLE_SUSP_SERIOUS_INJ_COUNT","BUS_COUNT","CHLDPAS_DEATH_COUNT","CHLDPAS_SUSP_SERIOUS_INJ_COUNT","COLLISION_TYPE","COMM_VEH_COUNT","CONS_ZONE_SPD_LIM","COUNTY","CRASH_MONTH","CRASH_YEAR","DAY_OF_WEEK","DEC_LATITUDE","DEC_LONGITUDE","DISPATCH_TM","DISTRICT","DRIVER_COUNT_16YR","DRIVER_COUNT_17YR","DRIVER_COUNT_18YR","DRIVER_COUNT_19YR","DRIVER_COUNT_20YR","DRIVER_COUNT_50_64YR","DRIVER_COUNT_65_74YR","DRIVER_COUNT_75PLUS","EST_HRS_CLOSED","FATAL_COUNT","HEAVY_TRUCK_COUNT","HORSE_BUGGY_COUNT","HOUR_OF_DAY","ILLUMINATION","INJURY_COUNT","INTERSECTION_RELATED","INTERSECT_TYPE","LANE_CLOSED","LATITUDE","LN_CLOSE_DIR","LOCATION_TYPE","LONGITUDE","MAX_SEVERITY_LEVEL","MCYCLE_DEATH_COUNT","MCYCLE_SUSP_SERIOUS_INJ_COUNT","MOTORCYCLE_COUNT","MUNICIPALITY","NONMOTR_COUNT","NONMOTR_DEATH_COUNT","NONMOTR_SUSP_SERIOUS_INJ_COUNT","NTFY_HIWY_MAINT","PED_COUNT","PED_DEATH_COUNT","PED_SUSP_SERIOUS_INJ_COUNT","PERSON_COUNT","POLICE_AGCY","POSSIBLE_INJ_COUNT","RDWY_SURF_TYPE_CD","RELATION_TO_ROAD","ROADWAY_CLEARED","ROAD_CONDITION","SCH_BUS_IND","SCH_ZONE_IND","SECONDARY_CRASH","SMALL_TRUCK_COUNT","SPEC_JURIS_CD","SUSP_MINOR_INJ_COUNT","SUSP_SERIOUS_INJ_COUNT","SUV_COUNT","TCD_FUNC_CD","TCD_TYPE","TFC_DETOUR_IND","TIME_OF_DAY","TOTAL_UNITS","TOT_INJ_COUNT","UNBELTED_OCC_COUNT","UNB_DEATH_COUNT","UNB_SUSP_SERIOUS_INJ_COUNT","UNK_INJ_DEG_COUNT","UNK_INJ_PER_COUNT","URBAN_RURAL","VAN_COUNT","VEHICLE_COUNT","WEATHER1","WEATHER2","WORKERS_PRES","WORK_ZONE_IND","WORK_ZONE_LOC","WORK_ZONE_TYPE","WZ_CLOSE_DETOUR","WZ_FLAGGER","WZ_LAW_OFFCR_IND","WZ_LN_CLOSURE","WZ_MOVING","WZ_OTHER","WZ_SHLDER_MDN","WZ_WORKERS_INJ_KILLED"
"2022107221","1329","1","0","0","0","0","0","0","0","0","1","1","","67","11","2022","3","39.977222","-75.157556","1328","6","0","0","0","0","0","0","0","0","","0","1","0","","","0","Y","0","","39 58:38.000","","0","75 09:27.200","0","0","0","0","67301","0","0","0","N","0","0","0","2","67505","0","","1.0","","1","N","N","N","0","","0","0","0","","2","","","2","0","1","0","0","0","0","2","0","2","","03","","N","","","","","","","","","",""
"2022086433","0609","1","0","0","0","0","0","0","0","0","5","0","","67","9","2022","3","39.985617","-75.213137","0602","6","0","0","0","0","0","0","0","0","","0","0","0","","","1","","1","","39 59:08.221","","0","75 12:47.294","8","0","0","0","67301","0","0","0","N","0","0","0","2","67301","0","","1.0","","1","N","N","N","0","","0","0","0","","0","","","2","1","1","0","0","1","0","2","1","2","","","","N","","","","","","","","","",""
"2022098650","1508","1","0","0","0","0","0","0","0","0","1","0","","67","10","2022","2","39.959483","-75.174691","1451","6","0","0","0","0","0","0","0","0","","0","0","0","","","0","N","0","","39 57:34.138","","0","75 10:28.886","0","0","0","0","67301","0","0","0","N","0","0","0","3","68K01","0","","1.0","","1","N","N","N","0","","0","0","2","","0","","","3","0","0","0","0","0","0","2","0","3","","","","N","","","","","","","","","",""
"2022087535","1355","1","0","0","1","0","0","0","0","0","8","0","","67","9","2022","3","40.031222","-75.021724","1350","6","0","0","0","0","0","1","0","0","","0","0","0","","","1","","2","","40 01:52.399","","1","75 01:18.206","8","0","0","0","67301","1","0","0","N","0","0","0","2","67301","0","","1.0","","1","N","N","N","0","","0","0","0","","2","","","2","1","0","0","0","1","0","2","0","1","","04","","N","","","","","","","","","",""
"2022084262","","1","0","0","0","0","0","0","0","0","5","0","","67","7","2022","1","40.029703","-75.104158","","6","0","0","0","0","0","0","0","0","","0","0","0","","","2","N","0","","40 01:46.930","","0","75 06:14.968","8","0","0","0","67301","0","0","0","N","0","0","0","3","00000","0","","1.0","","1","","","N","0","","0","0","0","","0","","","2","2","0","0","0","2","0","2","0","2","","","","N","","","","","","","","","",""
"2022099646","0806","0","0","0","0","0","0","0","0","0","1","0","","67","10","2022","7","39.95815","-75.164026","0756","6","0","0","0","0","0","1","0","0","","0","0","0","","","0","N","0","","39 57:29.339","","0","75 09:50.492","0","0","0","0","67301","0","0","0","N","0","0","0","2","68K01","0","","3.0","","1","N","N","N","0","","0","0","2","","0","","","2","0","0","0","0","0","0","2","0","2","","","","N","","","","","","","","","",""
"2022098743","1155","0","0","0","0","0","0","0","0","0","8","1","","67","8","2022","4","39.975503","-75.120683","1155","6","0","0","0","0","0","0","0","0","","0","1","0","","","1","N","0","","39 58:31.810","","7","75 07:14.458","2","0","0","0","67301","1","0","1","N","1","0","1","2","67301","0","","5.0","","1","N","N","N","0","","0","1","0","","0","","","2","1","1","0","0","0","0","2","0","1","","03","","N","","","","","","","","","",""
"2022105802","0430","1","0","0","0","0","0","0","0","0","4","0","","67","7","2022","2","39.956963","-75.225512","0430","6","0","0","1","0","0","0","0","0","","0","0","0","","","1","","1","","39 57:25.065","","0","75 13:31.843","8","0","0","0","67301","0","0","0","N","0","0","0","2","67301","0","","1.0","","1","N","N","N","0","","0","0","1","","2","","","2","1","0","0","0","1","0","2","0","2","","03","","N","","","","","","","","","",""
"2022084249","","2","0","0","0","0","0","0","0","0","1","0","","67","5","2022","3","40.095953","-74.976781","","6","0","1","0","0","0","0","0","0","","0","0","0","","","1","","1","","40 05:45.430","","0","74 58:36.413","8","0","0","0","67301","0","0","0","N","0","0","0","3","00000","0","","1.0","","1","","","N","0","","0","0","1","","2","","","3","1","1","0","0","1","0","2","0","3","","","","N","","","","","","","","","",""
"2022068683","","0","0","0","0","0","0","0","0","0","1","0","","67","7","2022","3","40.042885","-75.003163","","6","0","0","0","0","0","0","1","0","","0","0","0","","","1","N","0","","40 02:34.387","","0","75 00:11.385","8","0","0","0","67301","0","0","0","N","0","0","0","2","00000","0","","1.0","","1","","","N","1","","0","0","1","","0","","","2","1","0","0","0","1","0","2","0","2","","","","N","","","","","","","","","",""
"2022085096","1600","2","0","0","0","0","0","0","0","0","4","0","","67","9","2022","4","40.054528","-75.090776","1558","6","0","0","0","0","0","1","0","0","","0","0","0","","","1","","1","","40 03:16.301","","0","75 05:26.793","3","0","0","0","67301","0","0","0","N","0","0","0","3","67301","0","","1.0","","1","N","N","N","0","","1","0","0","","3","","","2","1","0","0","0","0","0","2","0","2","","","","N","","","","","","","","","",""
"2022098901","1330","1","0","0","0","0","0","0","0","0","4","0","","67","10","2022","5","40.001433","-75.151631","1330","6","0","0","0","0","0","0","0","0","","0","0","0","","","1","","1","","40 00:05.160","","0","75 09:05.871","3","0","0","0","67301","0","0","0","N","0","0","0","3","67301","0","","1.0","","1","N","N","N","0","","1","0","1","","3","","","2","1","0","0","0","0","1","2","0","2","","03","","N","","","","","","","","","",""
"2022098063","1830","0","0","1","0","0","0","0","0","0","7","1","","67","10","2022","2","40.021125","-75.139925","1800","6","0","0","0","0","0","0","0","0","","0","0","0","","","1","","1","","40 01:16.051","","0","75 08:23.731","2","0","0","0","67301","0","0","0","Y","0","0","0","1","67301","0","","3.0","","1","N","N","N","0","","0","1","0","","2","","","1","1","0","0","0","0","0","2","1","1","","","","N","","","","","","","","","",""
"2022099324","0206","1","0","0","0","0","0","0","0","0","7","0","","67","10","2022","7","40.018112","-75.16891","0206","6","0","0","0","0","0","0","0","0","","1","0","0","","","0","N","0","","40 01:05.204","1","2","75 10:08.077","1","0","0","0","67301","0","0","0","N","0","0","0","1","67301","0","2","4.0","520.0","1","N","N","N","0","0","0","0","0","","0","Y","","1","0","0","0","0","0","0","2","0","1","","","","N","","","","","","","","","",""
"2022084556","1711","1","0","0","1","0","0","0","0","0","8","0","","67","9","2022","4","39.950903","-75.151993","1640","6","0","0","0","0","0","1","0","0","","0","0","0","","","1","","1","","39 57:03.252","","0","75 09:07.174","3","0","0","0","67301","1","0","0","N","0","0","0","2","67301","0","","1.0","","1","N","N","N","0","","1","0","0","","2","","","2","1","0","0","0","0","0","2","0","1","","03","","N","","","","","","","","","",""
"2022099319","0035","1","0","0","0","0","0","0","0","0","6","1","","67","8","2022","7","39.996261","-75.125814","0032","6","0","0","0","0","0","0","0","0","","0","1","0","","","2","N","0","","39 59:46.540","","0","75 07:32.930","3","0","0","0","67301","0","0","0","N","0","0","0","2","67301","0","","6.0","","1","N","N","N","1","","2","0","1","","0","","","4","2","0","0","0","0","0","2","0","4","","","","N","","","","","","","","","",""
"2022089245","","0","0","0","0","0","0","0","0","0","4","0","","67","7","2022","6","40.035478","-75.147187","","6","0","0","0","0","0","0","0","0","","0","0","0","","","1","","2","","40 02:07.720","","0","75 08:49.873","8","0","0","0","67301","0","0","0","N","0","0","0","2","00000","0","","1.0","","1","","","N","0","","0","0","0","","3","","","2","1","0","0","0","1","0","2","0","2","","","","N","","","","","","","","","",""
"2022099882","0810","0","0","0","0","0","0","1","0","0","1","2","","67","10","2022","4","39.939478","-75.197753","0758","6","0","0","0","0","0","1","0","0","","0","1","0","","","8","N","0","","39 56:22.120","3","0","75 11:51.910","3","0","0","0","67301","0","0","0","N","0","0","0","8","67301","0","","1.0","1007.0","1","Y","N","N","0","","8","0","0","","0","N","","2","8","2","0","0","0","0","2","0","2","","","","N","","","","","","","","","",""
"2022098741","0020","2","0","0","0","0","0","0","0","0","6","0","","67","10","2022","2","40.023433","-75.130417","0010","6","0","0","0","0","0","0","0","0","","0","0","0","","","0","N","0","","40 01:24.360","","0","75 07:49.500","9","0","0","0","67301","0","0","0","N","0","0","0","1","67301","0","","6.0","","1","N","N","N","1","","0","0","0","","0","","","4","0","0","0","0","0","1","2","1","4","","03","","N","","","","","","","","","",""
"2022105810","0138","0","0","0","0","0","0","0","0","0","1","0","","67","11","2022","6","40.026752","-75.117654","0109","6","0","0","0","1","0","0","0","0","","0","0","0","","","0","N","0","","40 01:36.308","4","0","75 07:03.554","0","0","0","0","67301","0","0","0","N","0","0","0","1","67301","0","","6.0","220.0","1","N","N","N","0","","0","0","1","","0","Y","","2","0","0","0","0","0","0","2","1","2","","04","","N","","","","","","","","","",""
"2022109365","1242","1","0","0","0","0","0","0","0","0","1","0","","67","11","2022","2","39.986142","-75.097314","1242","6","0","0","0","0","0","0","0","0","","0","0","0","","","0","N","0","","39 59:10.110","","0","75 05:50.330","0","0","0","0","67301","0","0","0","N","0","0","0","2","67301","0","","1.0","","1","N","N","N","0","","0","0","1","","0","","","3","0","0","0","0","0","0","2","0","3","","03","","N","","","","","","","","","",""
"2022120332","2206","1","0","0","0","0","0","0","0","0","5","0","","67","12","2022","7","40.031694","-75.119083","2206","6","0","0","0","0","0","0","0","0","","0","0","0","","","0","N","0","","40 01:54.100","","0","75 07:08.700","9","0","0","0","67301","0","0","0","N","0","0","0","1","67301","0","","2.0","","1","N","N","N","1","","0","0","1","","0","","","3","0","0","0","0","0","1","2","0","3","","03","","N","","","","","","","","","",""
"2022106160","0015","2","0","0","0","0","0","0","0","0","1","0","","67","10","2022","1","39.960231","-75.227112","0010","6","0","0","0","0","0","1","0","0","","0","0","0","","","2","N","0","","39 57:36.832","3","1","75 13:37.604","2","0","0","0","67301","0","0","0","N","0","0","0","2","67301","0","","1.0","240.0","1","N","N","N","0","","0","1","2","","0","Y","","4","2","2","0","1","1","0","2","0","4","","03","","N","","","","","","","","","",""
"2022109366","0843","1","0","0","0","0","0","0","0","0","4","0","","67","11","2022","5","39.931581","-75.196509","0843","6","0","0","0","0","0","0","0","0","","0","0","0","","","1","","1","","39 55:53.690","4","0","75 11:47.433","8","0","0","0","67301","0","0","0","N","0","0","0","5","67301","0","","1.0","1030.0","1","N","N","N","0","","0","0","1","","3","Y","","2","1","0","0","0","1","4","2","0","2","","03","","N","","","","","","","","","",""
"2022110920","0200","0","0","0","0","0","0","0","0","0","6","0","","67","11","2022","5","40.031328","-75.034817","0155","6","0","0","0","0","0","0","0","0","","0","0","0","","","0","N","0","","40 01:52.780","","0","75 02:05.340","0","0","0","0","67301","0","0","0","N","0","0","0","1","67301","0","","6.0","","1","N","N","N","0","","0","0","2","","0","","","2","0","1","0","0","0","0","2","0","2","","03","","N","","","","","","","","","",""
"2022097182","2110","0","0","0","0","0","0","0","0","0","4","0","","67","10","2022","3","39.969665","-75.211511","2107","6","0","0","0","0","0","1","0","0","","0","0","0","","","1","","1","","39 58:10.794","","0","75 12:41.441","4","0","0","0","67301","0","0","0","N","0","0","0","4","67301","1","","1.0","","1","N","N","N","0","","0","0","2","","2","","","2","1","0","0","0","0","0","2","0","2","","03","","N","","","","","","","","","",""
"2022096697","","2","0","0","0","0","0","0","0","0","4","0","","67","8","2022","4","40.007639","-75.127327","","6","0","0","0","0","0","0","0","0","","0","0","0","","","1","","1","","40 00:27.502","","0","75 07:38.377","8","0","0","0","67301","0","0","0","N","0","0","0","2","00000","0","","1.0","","1","","","N","0","","0","0","0","","2","","","2","1","1","0","0","1","0","2","0","2","","","","N","","","","","","","","","",""
"2022097013","0130","1","0","0","0","0","0","0","0","0","4","0","","67","10","2022","2","39.899118","-75.175536","0120","6","0","0","0","0","0","1","0","0","","0","0","0","","","0","","2","","39 53:56.825","","2","75 10:31.930","0","0","0","0","67301","0","0","0","N","0","0","0","2","67301","0","","1.0","","1","N","N","N","0","","0","0","1","","2","","","2","0","0","0","0","0","0","2","0","2","","03","","N","","","","","","","","","",""
"2022106644","2300","0","0","0","0","0","0","0","0","0","8","0","","67","11","2022","7","40.02346","-75.160348","2300","6","0","0","0","0","0","0","0","0","","0","0","0","","","1","","2","","40 01:24.456","","0","75 09:37.253","8","0","0","0","67301","1","0","0","N","1","0","0","2","67301","0","","1.0","","99","N","N","N","0","","0","0","1","","2","","","2","1","0","0","0","1","1","2","0","1","","03","","N","","","","","","","","","",""
"2022096726","1840","0","0","0","0","0","0","0","0","0","1","0","","67","10","2022","3","39.899242","-75.245992","1832","6","0","0","0","0","0","1","0","0","","0","0","0","","","1","N","0","","39 53:57.270","","0","75 14:45.570","3","0","0","0","67301","0","0","0","N","0","0","0","1","67301","0","","6.0","","1","N","N","N","0","","1","0","2","","0","","","2","1","0","0","0","0","0","2","0","2","","03","","N","","","","","","","","","",""
"2022108274","1410","1","0","0","1","0","0","0","0","0","8","0","","67","11","2022","7","39.967436","-75.179588","1400","6","0","0","0","0","0","0","0","0","","0","0","0","","","1","","1","","39 58:02.768","","0","75 10:46.516","8","0","0","0","67301","1","0","0","N","0","0","0","2","67301","0","","1.0","","1","N","N","N","0","","0","0","0","","2","","","2","1","1","0","0","1","0","2","0","1","","03","","N","","","","","","","","","",""
"2022106166","0007","0","0","0","0","0","0","0","0","0","8","0","","67","11","2022","7","39.954257","-75.232169","0007","6","0","0","0","0","0","1","0","0","","0","0","0","","","1","","1","","39 57:15.325","3","0","75 13:55.808","3","0","0","0","67301","1","0","0","N","1","0","0","2","67301","0","","1.0","200.0","9","N","N","N","0","","1","0","1","","3","N","","2","1","0","0","0","0","0","2","0","1","","98","","N","","","","","","","","","",""
"2022096775","0609","1","0","0","0","0","0","0","0","0","5","0","","67","10","2022","2","40.015787","-75.176339","0603","6","0","0","0","0","0","0","0","0","","0","0","0","","","1","N","0","","40 00:56.832","2","0","75 10:34.820","8","0","0","0","67301","0","0","0","N","0","0","0","2","67301","0","","1.0","650.0","1","N","N","N","0","","0","0","1","","0","N","","2","1","0","0","0","1","0","2","0","2","","","","N","","","","","","","","","",""
"2022097184","0123","2","0","0","0","0","0","0","0","0","2","0","","67","10","2022","4","40.001633","-75.198658","0117","6","0","0","0","0","0","0","0","0","","0","0","0","","","2","N","0","","40 00:05.880","","0","75 11:55.170","3","0","0","0","67301","0","0","0","N","0","0","0","2","67301","0","","6.0","","1","N","N","N","0","","2","0","0","","0","","","2","2","0","0","0","0","0","2","0","2","","03","","N","","","","","","","","","",""
"2022095732","1235","1","0","0","0","0","0","0","0","0","4","0","","67","10","2022","7","40.094541","-75.015043","1225","6","0","0","0","0","0","0","0","0","","0","0","0","","","1","","1","","40 05:40.347","","0","75 00:54.154","3","0","0","0","67301","0","0","0","N","0","0","0","2","67301","0","","1.0","","1","N","N","N","0","","1","0","1","","2","","","2","1","0","0","0","0","0","2","0","2","","","","N","","","","","","","","","",""
"2022097777","2107","2","0","0","0","0","0","0","0","0","4","0","","67","10","2022","3","40.018502","-75.057627","2101","6","0","0","0","0","0","0","0","0","","0","0","0","","","2","","1","","40 01:06.607","3","0","75 03:27.456","8","0","0","0","67301","0","0","0","N","0","0","0","5","67301","0","","1.0","2215.0","1","N","N","N","0","","0","0","0","","2","N","","2","2","0","0","0","2","0","2","0","2","","","","N","","","","","","","","","",""
"2022107711","1353","0","0","0","0","0","0","0","0","0","4","0","","67","11","2022","7","39.909221","-75.182837","1348","6","0","0","0","0","0","1","0","0","","0","0","0","","","1","","2","","39 54:33.195","","0","75 10:58.213","2","0","1","1","67301","0","0","0","N","0","0","0","3","67301","0","","1.0","","1","N","N","N","0","","0","1","1","","3","","","2","1","0","0","0","0","0","2","0","2","","03","","N","","","","","","","","","",""
"2022096571","0554","1","0","0","0","0","0","0","0","0","4","0","","67","10","2022","3","39.955608","-75.189481","0554","6","0","0","0","0","0","1","0","0","","0","0","0","","","1","","1","","39 57:20.190","3","0","75 11:22.130","8","0","0","0","67301","0","0","0","N","0","0","0","3","67507","0","","1.0","625.0","1","N","N","N","0","","0","0","1","","2","N","","2","1","0","0","0","1","0","2","0","2","","03","","N","","","","","","","","","",""
"2022113975","2320","0","0","0","0","0","0","0","0","0","4","0","","67","12","2022","5","40.060398","-74.990435","2314","6","0","0","0","0","0","0","1","0","","0","0","0","","","2","","1","","40 03:37.434","6","0","74 59:25.565","2","0","0","0","67301","0","0","0","N","0","0","0","2","67301","0","","1.0","2250.0","1","N","N","N","0","","1","1","2","","2","N","","2","2","0","0","0","0","0","2","0","2","","03","","N","","","","","","","","","",""
"2022112262","1758","0","0","0","0","0","0","0","0","0","8","0","","67","11","2022","3","39.964794","-75.238145","1758","6","0","0","0","0","0","0","0","0","","0","0","0","","","1","","1","","39 57:53.258","","0","75 14:17.321","3","0","0","0","67301","1","0","0","N","1","0","0","2","67301","0","","1.0","","9","N","N","N","0","","1","0","1","","2","","","2","1","1","0","0","0","0","2","0","1","","","","N","","","","","","","","","",""
"2022099179","1816","0","0","0","0","0","0","0","0","0","1","0","","67","10","2022","4","39.975478","-75.192527","1815","6","0","0","0","0","0","0","0","0","","0","0","0","","","1","N","0","","39 58:31.720","","3","75 11:33.096","8","0","0","0","67301","0","0","0","N","0","0","0","2","67301","0","","1.0","","1","N","N","N","0","","0","0","2","","0","","","2","1","0","0","0","1","0","2","0","2","","","","N","","","","","","","","","",""
"2022120121","1159","1","0","0","0","0","0","0","0","0","1","0","","67","12","2022","7","40.131557","-75.01178","1155","6","0","0","0","0","0","0","2","0","","0","0","0","","","1","Y","0","","40 07:53.605","4","0","75 00:42.408","3","0","0","0","67301","0","0","0","N","0","0","0","4","67301","0","","1.0","1210.0","1","N","N","N","0","","1","0","1","","2","N","","4","1","0","0","0","0","0","2","2","4","","03","","N","","","","","","","","","",""
"2022120128","1043","2","0","0","0","0","0","0","0","0","5","0","","67","12","2022","6","39.992872","-75.132492","1032","6","0","0","0","0","0","0","0","0","","0","0","0","","","0","N","0","","39 59:34.340","","0","75 07:56.970","9","0","0","0","67301","0","0","0","N","0","0","0","1","67301","0","","6.0","","1","N","N","Y","0","","0","0","1","","0","","","3","0","0","0","0","0","1","2","0","3","","03","","N","","","","","","","","","",""
"2022108545","0850","0","0","0","0","0","0","0","0","0","1","0","","67","11","2022","2","40.026829","-75.025759","0809","6","0","0","0","0","0","0","0","0","","0","0","0","","","1","N","0","","40 01:36.584","1","0","75 01:32.734","8","0","0","0","67301","0","0","0","N","0","0","0","3","68K01","0","","1.0","935.0","1","N","N","N","0","","0","0","1","","0","N","","2","1","0","0","0","1","0","2","1","2","","","","N","","","","","","","","","",""
"2022118478","0243","0","0","0","0","0","0","0","0","0","7","0","","67","11","2022","4","39.982272","-75.100246","0236","6","0","0","0","0","0","1","0","0","","0","0","0","","","0","","7","","39 58:56.179","","2","75 06:00.884","0","0","0","0","67301","0","0","0","N","0","0","0","1","68K01","0","","7.0","","8","N","N","N","1","","0","0","0","","0","","","1","0","0","0","0","0","0","2","0","1","","07","","N","","","","","","","","","",""
"2022095523","0140","1","0","0","0","0","0","0","0","0","4","0","","67","10","2022","1","39.976176","-75.160962","0125","6","0","0","0","0","1","0","0","0","","0","0","0","","","1","","1","","39 58:34.232","","0","75 09:39.464","2","0","0","0","67301","0","0","0","N","0","0","0","4","67505","0","","1.0","","1","N","N","Y","0","","0","1","2","","3","","","3","1","1","0","1","0","0","2","0","3","","03","","N","","","","","","","","","",""
"2022108282","0910","2","0","0","0","0","0","0","0","0","5","0","","67","11","2022","4","39.984708","-75.100625","0907","6","0","0","0","0","0","0","0","0","","0","0","0","","","0","N","0","","39 59:04.950","","0","75 06:02.250","0","0","0","0","67301","0","0","0","N","0","0","0","1","67301","0","","6.0","","1","N","N","N","0","","0","0","0","","0","","","2","0","0","0","0","0","0","2","0","2","","","","N","","","","","","","","","",""
"2022119261","1723","1","0","0","0","0","0","0","0","0","4","0","","67","12","2022","5","40.035648","-75.081015","1717","6","0","0","0","0","0","1","0","0","","0","0","0","","","2","","1","","40 02:08.334","","0","75 04:51.654","3","0","0","0","67301","0","0","0","N","0","0","0","3","67301","0","","1.0","","9","N","N","N","0","","2","0","1","","2","","","2","2","0","0","0","0","0","2","0","2","","07","","N","","","","","","","","","",""
"2022119026","0149","2","0","0","0","0","0","0","0","0","5","0","","67","12","2022","5","40.014411","-75.140842","0148","6","0","0","0","0","0","0","0","0","","0","0","0","","","0","N","0","","40 00:51.880","","0","75 08:27.030","9","0","0","0","67301","0","0","0","N","0","0","0","1","67301","0","","1.0","","1","N","N","N","1","","0","0","0","","0","","","3","0","0","0","0","0","1","2","0","3","","03","","N","","","","","","","","","",""
"2022112230","1655","1","0","0","0","0","0","0","0","0","4","0","","67","11","2022","5","39.92727","-75.226287","1655","6","0","0","0","1","0","0","0","0","","0","0","0","","","0","","2","","39 55:38.171","","0","75 13:34.633","9","0","0","0","67301","0","0","0","N","0","0","0","1","67301","0","","1.0","","1","N","N","N","0","","0","0","1","","3","","","2","0","0","0","0","0","1","2","0","2","","03","","N","","","","","","","","","",""
"2022119269","1620","0","0","0","0","0","0","0","0","0","1","0","","67","12","2022","5","40.059599","-74.992398","1600","6","0","0","0","0","0","1","0","0","","0","0","0","","","1","N","0","","40 03:34.557","","0","74 59:32.634","3","0","0","0","67301","0","0","0","N","0","0","0","5","67301","0","","1.0","","9","N","N","N","0","","1","0","1","","0","","","2","1","0","0","0","0","1","2","1","2","","04","","N","","","","","","","","","",""
"2022105975","1250","0","0","0","0","0","0","0","0","0","4","0","","67","11","2022","5","39.944339","-75.230956","1250","6","0","0","0","0","0","0","0","0","","0","0","0","","","1","","1","","39 56:39.619","","0","75 13:51.440","4","0","0","0","67301","0","0","0","N","0","0","0","2","67301","1","","1.0","","1","N","N","N","0","","0","0","2","","3","","","2","1","0","0","0","0","0","2","0","2","","03","","N","","","","","","","","","",""
"2022122780","1637","0","0","0","0","0","0","0","0","0","5","1","","67","12","2022","1","40.021292","-75.044933","1622","6","0","0","0","1","0","1","0","0","","0","1","0","","","1","N","0","","40 01:16.650","","0","75 02:41.760","3","0","0","0","67301","0","0","0","N","0","0","0","2","67301","0","","1.0","","1","N","N","N","1","","1","0","0","","0","","","3","1","0","0","0","0","0","2","1","3","","","","N","","","","","","","","","",""
"2022114086","2030","2","0","0","0","0","0","0","0","0","5","0","","67","12","2022","5","40.040392","-75.146422","2027","6","0","0","0","0","0","0","0","0","","0","0","0","","","0","N","0","","40 02:25.410","","0","75 08:47.120","9","0","0","0","67301","0","0","0","N","0","0","0","1","67301","0","","6.0","","1","N","N","N","0","","0","0","0","","0","","","2","0","0","0","0","0","1","2","0","2","","03","","N","","","","","","","","","",""
"2022101111","1321","0","0","0","0","0","0","0","0","0","8","0","","67","10","2022","1","39.993948","-75.154613","1319","6","0","0","0","0","0","0","0","0","","0","0","0","","","1","","1","","39 59:38.214","6","0","75 09:16.608","3","0","0","0","67301","1","0","0","N","1","0","0","2","67301","0","","1.0","230.0","1","N","N","N","0","","1","0","0","","2","Y","","2","1","0","0","0","0","0","2","0","1","","03","","N","","","","","","","","","",""
"2022124961","1722","0","0","0","0","0","0","0","0","0","5","0","","67","12","2022","5","40.02669","-75.026636","1722","6","0","0","0","0","0","1","0","0","","0","0","0","","","0","N","0","","40 01:36.084","2","0","75 01:35.889","0","0","0","0","67301","0","0","0","N","0","0","0","2","68K01","0","","1.0","1745.0","9","N","N","N","1","","0","0","1","","0","N","","2","0","0","0","0","0","0","2","0","2","","","","N","","","","","","","","","",""
"2022096727","1154","1","0","0","0","0","0","0","0","0","4","0","","67","10","2022","3","40.080957","-75.202694","1116","6","0","0","0","0","0","1","1","0","","0","0","0","","","0","","1","","40 04:51.446","5","0","75 12:09.698","9","0","0","0","67301","0","0","0","N","0","0","0","2","67301","0","","1.0","1150.0","1","N","N","N","0","","0","0","1","","2","N","","2","0","0","0","0","0","2","2","0","2","","","","N","","","","","","","","","",""
"2022095728","0912","1","0","0","0","0","0","0","0","0","1","0","","67","10","2022","1","39.916616","-75.170124","0911","6","0","0","0","0","0","0","1","0","","0","0","0","","","1","N","0","","39 54:59.819","","0","75 10:12.445","3","0","0","0","67301","0","0","0","N","0","0","0","1","67301","0","","3.0","","1","N","N","N","0","","1","0","1","","0","","","2","1","0","0","0","0","0","2","0","2","","03","","N","","","","","","","","","",""
"2022122397","2211","2","0","0","0","0","0","0","0","0","4","0","","67","12","2022","6","40.016785","-75.083611","2210","6","0","0","0","0","0","0","0","0","","0","0","0","","","1","N","1","","40 01:00.426","","7","75 05:00.999","3","0","0","0","67301","0","0","0","N","0","0","0","3","67301","0","","1.0","","1","N","N","N","0","","1","0","0","","2","","","2","1","0","0","0","0","0","2","0","2","","","","N","","","","","","","","","",""
"2022105488","2003","1","0","0","0","0","0","0","0","0","5","0","","67","11","2022","4","40.008294","-75.190686","1933","6","0","0","0","0","0","0","0","0","","0","0","0","","","0","N","0","","40 00:29.857","","3","75 11:26.468","0","0","0","0","67301","0","0","0","N","0","0","0","2","67301","0","","1.0","","1","N","N","N","0","","0","0","1","","0","","","2","0","0","0","0","0","0","2","0","2","","","","N","","","","","","","","","",""
"2022106266","0722","1","0","0","0","0","0","0","0","0","5","0","","67","11","2022","7","40.088978","-75.02093","0717","6","0","0","0","0","0","0","0","1","","0","0","0","","","1","","1","","40 05:20.321","2","0","75 01:15.348","3","0","0","0","67301","0","0","0","N","0","0","0","2","67301","0","","1.0","740.0","9","N","N","N","0","","1","0","1","","2","N","","2","1","0","0","0","0","0","2","0","2","","03","","N","","","","","","","","","",""