"CRN","ARRIVAL_TM","AUTOMOBILE_COUNT","BELTED_DEATH_COUNT","BELTED_SUSP_SERIOUS_INJ_COUNT","BICYCLE_COUNT","BICYCLE_DEATH_COUNT","BICYCLE_SUSP_SERIOUS_INJ_COUNT","BUS_COUNT","CHLDPAS_DEATH_COUNT","CHLDPAS_SUSP_SERIOUS_INJ_COUNT","COLLISION_TYPE","COMM_VEH_COUNT","CONS_ZONE_SPD_LIM","COUNTY","CRASH_MONTH","CRASH_YEAR","DAY_OF_WEEK","DEC_LATITUDE","DEC_LONGITUDE","DISPATCH_TM","DISTRICT","DRIVER_COUNT_16YR","DRIVER_COUNT_17YR","DRIVER_COUNT_18YR","DRIVER_COUNT_19YR","DRIVER_COUNT_20YR","DRIVER_COUNT_50_64YR","DRIVER_COUNT_65_74YR","DRIVER_COUNT_75PLUS","EST_HRS_CLOSED","FATAL_COUNT","HEAVY_TRUCK_COUNT","HORSE_BUGGY_COUNT","HOUR_OF_DAY","ILLUMINATION","INJURY_COUNT","INTERSECTION_RELATED","INTERSECT_TYPE","LANE_CLOSED","LATITUDE","LN_CLOSE_DIR","LOCATION_TYPE","LONGITUDE","MAX_SEVERITY_LEVEL","MCYCLE_DEATH_COUNT","MCYCLE_SUSP_SERIOUS_INJ_COUNT","MOTORCYCLE_COUNT","MUNICIPALITY","NONMOTR_COUNT","NONMOTR_DEATH_COUNT","NONMOTR_SUSP_SERIOUS_INJ_COUNT","NTFY_HIWY_MAINT","PED_COUNT","PED_DEATH_COUNT","PED_SUSP_SERIOUS_INJ_COUNT","PERSON_COUNT","POLICE_AGCY","POSSIBLE_INJ_COUNT","RDWY_SURF_TYPE_CD","RELATION_TO_ROAD","ROADWAY_CLEARED","ROAD_CONDITION","SCH_BUS_IND","SCH_ZONE_IND","SECONDARY_CRASH","SMALL_TRUCK_COUNT","SPEC_JURIS_CD","SUSP_MINOR_INJ_COUNT","SUSP_SERIOUS_INJ_COUNT","SUV_COUNT","TCD_FUNC_CD","TCD_TYPE","TFC_DETOUR_IND","TIME_OF_DAY","TOTAL_UNITS","TOT_INJ_COUNT","UNBELTED_OCC_COUNT","UNB_DEATH_COUNT","UNB_SUSP_SERIOUS_INJ_COUNT","UNK_INJ_DEG_COUNT","UNK_INJ_PER_COUNT","URBAN_RURAL","VAN_COUNT","VEHICLE_COUNT","WEATHER1","WEATHER2","WORKERS_PRES","WORK_ZONE_IND","WORK_ZONE_LOC","WORK_ZONE_TYPE","WZ_CLOSE_DETOUR","WZ_FLAGGER","WZ_LAW_OFFCR_IND","WZ_LN_CLOSURE","WZ_MOVING","WZ_OTHER","WZ_SHLDER_MDN","WZ_WORKERS_INJ_KILLED"
"2022114084","1750","1","0","0","0","0","0","0","0","0","4","0","","67","12","2022","5","40.054897","-75.154485","1743","6","0","0","0","0","0","0","1","0","","0","0","0","","","1","","1","","40 03:17.629","","0","75 09:16.145","8","0","0","0","67301","0","0","0","N","0","0","0","2","67301","0","","1.0","","1","N","N","N","0","","0","0","1","","3","","","2","1","0","0","0","1","0","2","0","2","","","","N","","","","","","","","","",""
"2022110919","0224","1","0","0","0","0","0","0","0","0","7","0","","67","11","2022","4","40.018429","-75.063673","0222","6","0","0","0","0","0","0","0","0","","0","0","0","","","0","","5","","40 01:06.345","","0","75 03:49.223","0","0","0","0","67301","0","0","0","N","0","0","0","1","67301","0","","4.0","","1","N","N","N","0","","0","0","0","","2","","","1","0","0","0","0","0","0","2","0","1","","","","N","","","","","","","","","",""
"2022119133","0843","1","0","0","0","0","0","0","0","0","1","0","","67","11","2022","4","40.054886","-74.984763","0820","6","0","0","0","0","0","1","0","0","","0","0","0","","","0","N","0","","40 03:17.590","1","3","74 59:05.147","0","0","0","0","67301","0","0","0","N","0","0","0","7","68K01","0","","1.0","950.0","1","N","N","N","0","","0","0","3","","0","N","","4","0","0","0","0","0","0","2","0","4","","","","N","","","","","","","","","",""
"2022121725","0646","1","0","0","0","0","0","0","0","0","5","0","","67","12","2022","6","40.026947","-75.026168","0626","6","0","0","0","0","0","0","0","0","","0","0","0","","","0","N","0","","40 01:37.009","2","0","75 01:34.205","0","0","0","0","67301","0","0","0","N","0","0","0","2","68K01","0","","1.0","748.0","9","N","N","N","1","","0","0","0","","0","Y","","2","0","0","0","0","0","0","2","0","2","","","","N","","","","","","","","","",""
"2022096737","2011","1","0","0","0","0","0","0","0","0","4","0","","67","10","2022","2","40.037203","-75.053008","2006","6","0","0","0","0","0","1","0","0","","0","0","0","","","1","","1","","40 02:13.930","","0","75 03:10.828","4","0","0","0","67301","0","0","0","N","0","0","0","2","67301","1","","1.0","","9","N","N","N","0","","0","0","1","","2","","","2","1","2","0","0","0","0","2","0","2","","07","","N","","","","","","","","","",""
"2022098065","0140","2","0","0","0","0","0","0","0","0","1","0","","67","10","2022","1","40.017482","-75.173075","0135","6","0","0","0","0","0","0","0","0","","0","0","0","","","2","N","0","","40 01:02.935","4","0","75 10:23.071","3","0","0","0","67301","0","0","0","N","0","0","0","4","67301","0","","1.0","234.0","1","N","N","N","0","","2","0","0","","0","N","","2","2","0","0","0","0","0","2","0","2","","03","","N","","","","","","","","","",""
"2022109025","1400","0","0","0","0","0","0","0","0","0","8","0","","67","11","2022","5","40.045499","-75.164866","1355","6","0","0","0","0","0","0","0","0","","0","0","0","","","1","","1","","40 02:43.798","","0","75 09:53.516","3","0","0","0","67301","1","0","0","N","1","0","0","2","67301","0","","1.0","","1","N","N","N","0","","1","0","1","","1","","","2","1","1","0","0","0","0","2","0","1","","03","","N","","","","","","","","","",""
"2022107718","1711","1","0","0","0","0","0","0","0","0","8","0","","67","11","2022","3","39.942826","-75.224161","1711","6","0","0","0","0","0","0","0","0","","0","0","0","","","1","","1","","39 56:34.173","","0","75 13:26.979","8","0","0","0","67301","1","0","0","N","1","0","0","2","67301","0","","1.0","","9","N","N","N","0","","0","0","0","","3","","","2","1","0","0","0","1","0","2","0","1","","","","N","","","","","","","","","",""
"2022105984","0935","0","0","0","0","0","0","0","0","0","4","0","","67","11","2022","4","40.012411","-75.150553","0935","6","0","0","0","0","0","0","0","0","","0","0","0","","","2","","1","","40 00:44.680","","0","75 09:01.992","3","0","0","0","67301","0","0","0","N","0","0","0","2","67301","0","","1.0","","1","N","N","N","0","","2","0","1","","2","","","2","2","0","0","0","0","0","2","1","2","","03","","N","","","","","","","","","",""
"2022104965","0005","1","0","0","0","0","0","0","0","0","8","0","","67","10","2022","1","39.999872","-75.139531","0001","6","0","0","0","0","1","0","0","0","","0","0","0","","","2","","2","","39 59:59.539","","0","75 08:22.310","3","0","0","0","67301","2","0","0","N","2","0","0","4","67301","0","","1.0","","1","N","N","N","0","","2","0","0","","0","","","4","2","0","0","0","0","0","2","0","2","","03","","N","","","","","","","","","",""
"2022097437","1405","4","0","1","0","0","0","0","0","0","5","0","","67","10","2022","4","40.065008","-75.148181","1402","6","0","0","0","0","0","0","1","0","","0","0","0","","","1","N","0","","40 03:54.030","","0","75 08:53.450","2","0","0","0","67301","0","0","0","N","0","0","0","1","67301","0","","6.0","","1","N","N","N","1","","0","1","2","","0","","","7","1","0","0","0","0","0","2","0","7","","","","N","","","","","","","","","",""
"2022109029","0211","1","0","0","0","0","0","0","0","0","7","0","","67","11","2022","1","40.029333","-75.189194","0211","6","0","0","0","0","0","0","0","0","","0","0","0","","","0","N","0","","40 01:45.600","","0","75 11:21.100","0","0","0","0","67301","0","0","0","N","0","0","0","3","67301","0","","4.0","","9","N","N","N","0","","0","0","0","","0","","","1","0","3","0","0","0","0","2","0","1","","07","","N","","","","","","","","","",""
"2022112248","0855","1","0","0","0","0","0","0","0","0","2","0","","67","11","2022","2","40.000341","-75.0838","0845","6","0","0","0","0","0","0","0","0","","0","0","0","","","2","","2","","40 00:01.227","1","2","75 05:01.681","2","0","0","0","67301","0","0","0","N","0","0","0","2","67301","0","","1.0","1123.0","1","N","N","N","0","","0","1","1","","2","N","","2","2","0","0","0","1","0","2","0","2","","","","N","","","","","","","","","",""
"2022100205","1210","1","0","0","0","0","0","0","0","0","4","1","","67","8","2022","5","39.990547","-75.168675","1200","6","0","0","0","0","0","0","0","0","","0","1","0","","","1","","1","","39 59:25.969","","0","75 10:07.229","4","0","0","0","67301","0","0","0","N","0","0","0","2","67301","1","","1.0","","1","N","N","N","0","","0","0","0","","2","","","2","1","1","0","0","0","0","2","0","2","","03","","N","","","","","","","","","",""
"2022123668","1208","1","0","0","0","0","0","0","0","0","4","0","","67","11","2022","5","39.977194","-75.179787","1208","6","0","0","0","0","0","0","0","0","","0","0","0","","","1","","1","","39 58:37.898","4","0","75 10:47.233","3","0","0","0","67301","0","0","0","N","0","0","0","2","67301","0","","1.0","45.0","1","N","N","N","0","","1","0","1","","2","Y","","2","1","0","0","0","0","0","2","0","2","","03","","N","","","","","","","","","",""
"2022109364","1356","2","0","0","0","0","0","0","0","0","1","0","","67","11","2022","4","40.027503","-75.033095","1353","6","0","0","0","0","0","0","0","0","","0","0","0","","","1","","1","","40 01:39.009","","0","75 01:59.143","3","0","0","0","67301","0","0","0","N","0","0","0","2","67301","0","","1.0","","1","N","N","N","0","","1","0","0","","0","","","2","1","0","0","0","0","1","2","0","2","","","","N","","","","","","","","","",""
"2022108270","2150","1","0","0","0","0","0","0","0","0","1","0","","67","11","2022","2","39.90684","-75.193771","2141","6","0","0","0","0","0","1","0","0","","0","0","0","","","6","N","0","","39 54:24.624","2","0","75 11:37.576","3","0","0","0","67301","0","0","0","N","0","0","0","8","67301","0","","1.0","2212.0","1","N","N","N","0","","6","0","2","","0","Y","","4","6","0","0","0","0","0","2","1","4","","","","N","","","","","","","","","",""
"2022099322","1020","3","0","0","0","0","0","0","0","0","5","0","","67","10","2022","1","40.045444","-75.149975","1015","6","0","0","0","0","0","0","0","0","","0","0","0","","","0","N","0","","40 02:43.600","","0","75 08:59.910","0","0","0","0","67301","0","0","0","N","0","0","0","1","67301","0","","6.0","","1","N","N","N","0","","0","0","0","","0","","","3","0","0","0","0","0","0","2","0","3","","","","N","","","","","","","","","",""
"2022113196","0448","1","0","0","0","0","0","0","0","0","4","0","","67","11","2022","7","40.020348","-75.134026","0447","6","0","0","0","0","0","0","0","0","","0","0","0","","","1","","1","","40 01:13.252","","0","75 08:02.493","3","0","0","0","67301","0","0","0","N","0","0","0","2","67301","0","","1.0","","9","N","N","N","0","","1","0","1","","2","","","2","1","1","0","0","0","0","2","0","2","","","","N","","","","","","","","","",""
"2022108092","1833","1","0","0","0","0","0","0","0","0","1","0","","67","11","2022","3","40.003066","-75.164297","1831","6","0","0","0","0","0","0","0","0","","0","0","0","","","3","","1","","40 00:11.036","","0","75 09:51.468","8","0","0","0","67301","0","0","0","N","0","0","0","3","67301","0","","1.0","","9","N","N","N","0","","0","0","1","","2","","","2","3","0","0","0","3","0","2","0","2","","","","N","","","","","","","","","",""
"2022112913","0024","0","0","0","0","0","0","0","0","0","7","0","","67","11","2022","4","39.971446","-75.159371","0023","6","0","0","0","0","0","0","0","0","","0","0","0","","","0","","1","","39 58:17.205","1","0","75 09:33.736","0","0","0","0","67301","0","0","0","N","0","0","0","1","67301","0","","4.0","120.0","1","N","N","N","1","","0","0","0","","2","Y","","1","0","1","0","0","0","0","2","0","1","","04","","N","","","","","","","","","",""
"2022110072","1340","1","0","0","0","0","0","0","0","0","5","0","","67","11","2022","4","40.063681","-75.070353","1335","6","0","0","0","0","0","0","0","0","","0","0","0","","","1","N","0","","40 03:49.250","","0","75 04:13.270","8","0","0","0","67301","0","0","0","N","0","0","0","2","67301","0","","1.0","","1","N","N","N","0","","0","0","1","","0","","","2","1","1","0","0","1","1","2","0","2","","03","","N","","","","","","","","","",""
"2022108766","1320","1","0","0","0","0","0","0","0","0","1","0","","67","11","2022","5","40.124034","-75.015254","1305","6","0","0","0","1","0","0","0","0","","0","0","0","","","1","N","0","","40 07:26.522","","0","75 00:54.916","4","0","0","0","67301","0","0","0","N","0","0","0","2","67301","1","","1.0","","1","N","N","N","1","","0","0","0","","0","","","2","1","0","0","0","0","0","2","0","2","","","","N","","","","","","","","","",""
"2022123846","1645","2","0","0","0","0","0","0","0","0","1","0","","67","11","2022","1","39.980238","-75.205223","1626","6","0","0","0","0","0","0","0","0","","0","0","0","","","0","N","0","","39 58:48.856","","0","75 12:18.802","0","0","0","0","67301","0","0","0","N","0","0","0","2","68K01","0","","1.0","","1","N","N","N","0","","0","0","0","","0","","","2","0","0","0","0","0","0","2","0","2","","03","","N","","","","","","","","","",""
"2022122924","0840","1","0","0","0","0","0","0","0","0","1","0","","67","12","2022","7","39.977768","-75.21345","0831","6","0","0","0","0","0","1","0","0","","0","0","0","","","0","","1","","39 58:39.965","","0","75 12:48.419","0","0","0","0","67301","0","0","0","N","0","0","0","2","67301","0","","1.0","","1","N","N","N","0","","0","0","1","","2","","","2","0","0","0","0","0","0","2","0","2","","03","","N","","","","","","","","","",""
"2022096735","1535","0","0","0","0","0","0","0","0","0","4","0","","67","10","2022","2","40.026442","-75.074667","1521","6","0","0","0","0","0","1","0","0","","0","0","0","","","1","N","0","","40 01:35.190","6","0","75 04:28.800","4","0","0","1","67301","0","0","0","N","0","0","0","2","67301","1","","1.0","1700.0","1","N","N","N","0","","0","0","1","","0","N","","2","1","1","0","0","0","0","2","0","2","","04","","N","","","","","","","","","",""
"2022109361","1818","2","0","0","0","0","0","0","0","0","5","0","","67","11","2022","6","40.045819","-75.17165","1818","6","0","0","0","0","0","0","0","0","","0","0","0","","","0","N","0","","40 02:44.950","","0","75 10:17.940","0","0","0","0","67301","0","0","0","N","0","0","0","0","67301","0","","6.0","","1","N","N","N","0","","0","0","1","","0","","","3","0","0","0","0","0","0","2","0","3","","03","","N","","","","","","","","","",""
"2022108592","1620","1","0","0","0","0","0","0","0","0","4","0","","67","11","2022","4","39.916754","-75.160102","1614","6","0","0","0","0","0","1","0","0","","0","0","0","","","0","","1","","39 55:00.314","","0","75 09:36.367","0","0","0","0","67301","0","0","0","N","0","0","0","2","67301","0","","1.0","","1","N","N","N","0","","0","0","0","","3","","","2","0","0","0","0","0","0","2","1","2","","03","","N","","","","","","","","","",""
"2022106268","1111","3","0","0","0","0","0","0","0","0","1","0","","67","11","2022","7","40.070989","-75.191572","1056","6","0","0","0","0","1","1","0","0","","0","0","0","","","5","N","0","","40 04:15.560","","0","75 11:29.660","4","0","0","0","67301","0","0","0","N","0","0","0","5","67301","5","","1.0","","1","N","N","N","0","","0","0","2","","0","","","5","5","0","0","0","0","0","2","0","5","","","","N","","","","","","","","","",""
"2022108271","0802","1","0","0","0","0","0","0","0","0","4","0","","67","11","2022","3","39.923865","-75.185532","0802","6","0","0","1","0","0","0","0","0","","0","0","0","","","2","","1","","39 55:25.914","3","0","75 11:07.915","3","0","0","0","67301","0","0","0","N","0","0","0","5","67301","1","","1.0","930.0","1","N","N","N","0","","1","0","1","","3","Y","","2","2","1","0","0","0","0","2","0","2","","03","","N","","","","","","","","","",""
"2022124334","0850","1","0","0","0","0","0","0","0","0","8","0","","67","12","2022","6","39.994686","-75.164168","0846","6","0","0","0","0","0","0","0","0","","0","0","0","","","1","","3","","39 59:40.869","","0","75 09:51.004","3","0","0","0","67301","1","0","0","N","1","0","0","2","67301","0","","1.0","","9","N","N","N","0","","1","0","0","","3","","","2","1","0","0","0","0","1","2","0","1","","03","","N","","","","","","","","","",""
"2022109030","0907","1","0","0","0","0","0","0","0","0","8","0","","67","11","2022","4","40.014573","-75.156653","0905","6","0","0","0","0","0","0","0","0","","0","0","0","","","1","","1","","40 00:52.463","6","0","75 09:23.952","3","0","0","0","67301","1","0","0","N","1","0","0","2","67301","0","","1.0","30.0","1","N","Y","N","0","","1","0","0","","2","N","","2","1","0","0","0","0","0","2","0","1","","04","","N","","","","","","","","","",""
"2022106161","0643","1","0","0","0","0","0","0","0","0","5","0","","67","10","2022","3","39.953839","-75.187806","0638","6","0","0","0","0","0","0","0","1","","0","0","0","","","1","N","0","","39 57:13.822","","0","75 11:16.101","4","0","0","0","67301","0","0","0","N","0","0","0","3","67301","1","","1.0","","1","N","N","N","0","","0","0","1","","0","","","2","1","1","0","0","0","0","2","0","2","","03","","N","","","","","","","","","",""
"2022105797","1715","0","0","0","0","0","0","0","0","0","5","0","","67","11","2022","5","40.114193","-75.025095","1710","6","0","0","0","0","0","1","0","0","","0","0","0","","","1","N","0","","40 06:51.096","","0","75 01:30.343","3","0","0","1","67301","0","0","0","N","0","0","0","2","67301","0","","1.0","","1","N","N","N","0","","1","0","1","","0","","","2","1","0","0","0","0","0","2","0","2","","","","N","","","","","","","","","",""
"2022096718","2337","2","0","0","0","0","0","0","0","0","1","0","","67","10","2022","1","40.091812","-75.032319","2333","6","0","0","0","0","0","1","0","0","","0","0","0","","","0","Y","0","","40 05:30.524","","0","75 01:56.350","0","0","0","0","67301","0","0","0","N","0","0","0","3","67301","0","","1.0","","1","N","N","N","0","","0","0","1","","2","","","3","0","0","0","0","0","0","2","0","3","","03","","N","","","","","","","","","",""
"2022121953","1815","0","0","0","0","0","0","0","0","0","4","0","","67","11","2022","6","39.974509","-75.220974","1810","6","0","0","0","0","0","1","0","0","","0","0","0","","","1","N","0","","39 58:28.232","","0","75 13:15.507","8","0","0","0","67301","0","0","0","N","0","0","0","2","67301","0","","1.0","","9","N","N","N","0","","0","0","1","","0","","","2","1","0","0","0","1","0","2","0","2","","","","N","","","","","","","","","",""
"2022115444","0315","3","0","0","0","0","0","0","0","0","5","0","","67","11","2022","6","39.966411","-75.23855","0302","6","0","0","0","0","0","0","0","0","","0","0","0","","","0","N","0","","39 57:59.080","4","0","75 14:18.780","0","0","0","0","67301","0","0","0","N","0","0","0","1","67301","0","","6.0","430.0","1","N","N","N","0","","0","0","2","","0","N","","5","0","1","0","0","0","0","2","0","5","","03","","N","","","","","","","","","",""
"2022120321","1008","1","0","0","0","0","0","0","0","0","2","0","","67","12","2022","6","40.025284","-75.07654","1002","6","0","0","0","0","0","0","0","0","","0","0","0","","","2","N","0","","40 01:31.022","","0","75 04:35.543","4","0","0","0","67301","0","0","0","N","0","0","0","2","67301","2","","1.0","","9","N","N","N","0","","0","0","1","","0","","","2","2","1","0","0","0","0","2","0","2","","07","","N","","","","","","","","","",""
"2022097464","1618","0","0","0","0","0","0","0","0","0","8","0","","67","10","2022","3","39.956096","-75.193006","1611","6","0","0","0","0","0","0","0","0","","0","0","0","","","1","N","0","","39 57:21.946","","0","75 11:34.820","8","0","0","0","67301","1","0","0","N","1","0","0","2","67507","0","","6.0","","1","N","N","N","0","","0","0","1","","0","","","2","1","1","0","0","1","0","2","0","1","","03","","N","","","","","","","","","",""
"2022119577","2001","1","0","0","0","0","0","0","0","0","8","0","","67","12","2022","5","39.938582","-75.221679","2001","6","0","0","0","0","0","0","0","0","","0","0","0","","","1","","1","","39 56:18.895","","0","75 13:18.043","8","0","0","0","67301","1","0","0","N","1","0","0","2","67301","0","","1.0","","9","N","N","N","0","","0","0","0","","0","","","2","1","0","0","0","1","0","2","0","1","","","","N","","","","","","","","","",""
"2022097187","1300","0","0","0","0","0","0","0","0","0","8","0","","67","10","2022","2","39.99545","-75.167614","1254","6","0","0","0","0","0","0","0","0","","0","0","0","","","1","N","0","","39 59:43.620","","0","75 10:03.410","3","0","0","0","67301","1","0","0","N","1","0","0","2","67301","0","","1.0","","1","N","Y","N","0","","1","0","0","","0","","","2","1","0","0","0","0","0","2","0","1","","03","","N","","","","","","","","","",""
"2022105794","0817","1","0","0","0","0","0","0","0","0","4","0","","67","11","2022","4","39.957191","-75.14203","0814","6","0","0","0","0","0","1","0","0","","0","0","0","","","0","","5","","39 57:25.887","","2","75 08:31.307","0","0","0","0","67301","0","0","0","N","0","0","0","3","67301","0","","1.0","","1","N","N","N","1","","0","0","1","","2","","","3","0","0","0","0","0","0","2","0","3","","03","","N","","","","","","","","","",""
"2022120133","1154","0","0","0","0","0","0","0","0","0","8","0","","67","12","2022","1","39.991045","-75.144807","1154","6","0","0","0","0","0","0","0","0","","0","0","0","","","1","","2","","39 59:27.763","","0","75 08:41.305","8","0","0","0","67301","1","0","0","N","1","0","0","2","67301","0","","1.0","","1","N","N","N","0","","0","0","0","","0","","","2","1","0","0","0","1","1","2","0","1","","03","","N","","","","","","","","","",""
"2022100688","2246","1","0","0","0","0","0","0","0","0","4","0","","67","10","2022","3","39.957697","-75.162478","2246","6","0","0","0","0","0","0","0","0","","0","0","0","","","1","","1","","39 57:27.710","","2","75 09:44.921","4","0","0","0","67301","0","0","0","N","0","0","0","3","67301","1","","1.0","","1","N","N","N","1","","0","0","0","","2","","","2","1","0","0","0","0","1","2","0","2","","","","N","","","","","","","","","",""
"2022114088","1646","1","0","0","0","0","0","0","0","0","4","0","","67","12","2022","5","40.002203","-75.157644","1625","6","0","0","0","0","0","1","0","0","","0","0","0","","","1","","1","","40 00:07.931","","0","75 09:27.518","3","0","0","0","67301","0","0","0","N","0","0","0","2","67301","0","","3.0","","1","N","N","N","0","","1","0","1","","2","","","2","1","0","0","0","0","1","2","0","2","","03","","N","","","","","","","","","",""
"2022105808","2040","2","0","0","0","0","0","0","0","0","5","0","","67","11","2022","6","39.983528","-75.159389","2034","6","0","0","0","1","0","0","0","0","","0","0","0","","","0","N","0","","39 59:00.700","","0","75 09:33.800","0","0","0","0","67301","0","0","0","N","0","0","0","1","67505","0","","6.0","","9","N","N","Y","0","","0","0","2","","0","","","4","0","0","0","0","0","0","2","0","4","","04","","N","","","","","","","","","",""
"2022098265","1732","0","0","0","0","0","0","0","0","0","8","0","","67","10","2022","3","39.978118","-75.130914","1730","6","0","0","0","0","0","0","0","0","","0","0","0","","","1","N","0","","39 58:41.225","","0","75 07:51.290","3","0","0","0","67301","1","0","0","N","1","0","0","2","67301","0","","1.0","","1","N","N","N","0","","1","0","1","","0","","","2","1","1","0","0","0","0","2","0","1","","","","N","","","","","","","","","",""
"2022097181","1735","1","0","0","0","0","0","0","0","0","7","0","","67","10","2022","4","40.046818","-75.185998","1730","6","0","0","0","0","0","1","0","0","","0","0","0","","","0","","1","","40 02:48.544","","0","75 11:09.592","0","0","0","0","67301","0","0","0","N","0","0","0","1","67301","0","","5.0","","1","N","N","N","0","","0","0","0","","0","","","1","0","0","0","0","0","0","2","0","1","","","","N","","","","","","","","","",""
"2022110572","1025","0","0","0","0","0","0","0","0","0","8","0","","67","11","2022","3","39.969769","-75.141305","1019","6","0","0","0","0","0","1","0","0","","0","0","0","","","1","N","0","","39 58:11.167","","0","75 08:28.698","4","0","0","0","67301","1","0","0","N","1","0","0","2","67301","1","","1.0","","1","N","N","N","0","","0","0","1","","0","","","2","1","0","0","0","0","0","2","0","1","","03","","N","","","","","","","","","",""
"2022097780","1330","1","0","0","0","0","0","1","0","0","5","1","","67","9","2022","5","39.992944","-75.147972","1330","6","0","0","0","0","0","0","0","0","","0","0","0","","","1","N","0","","39 59:34.600","","0","75 08:52.700","4","0","0","0","67301","0","0","0","N","0","0","0","2","67301","1","","6.0","","1","Y","N","N","0","","0","0","0","","0","","","2","1","0","0","0","0","0","2","0","2","","","","N","","","","","","","","","",""
"2022099314","0804","0","0","0","0","0","0","0","0","0","8","0","","67","10","2022","3","40.036098","-75.193965","0804","6","0","0","0","0","0","0","0","1","","0","0","0","","","1","","1","","40 02:09.952","","6","75 11:38.274","3","0","0","0","67301","1","0","0","N","1","0","0","2","67301","0","","1.0","","9","N","N","N","0","","1","0","1","","1","","","2","1","0","0","0","0","0","2","0","1","","04","","N","","","","","","","","","",""
"2022120315","1130","0","0","0","0","0","0","0","0","0","1","0","","67","12","2022","7","39.917917","-75.180439","1125","6","0","0","0","0","0","1","0","0","","0","0","0","","","1","N","0","","39 55:04.500","","0","75 10:49.580","3","0","0","0","67301","0","0","0","N","0","0","0","3","67301","0","","1.0","","1","N","N","N","0","","1","0","1","","0","","","2","1","1","0","0","0","1","2","0","2","","03","","N","","","","","","","","","",""
"2022123468","1917","1","0","0","0","0","0","0","0","0","1","0","","67","11","2022","1","39.981844","-75.263225","1917","6","0","0","0","0","0","0","0","0","","0","0","0","","","1","N","0","","39 58:54.640","","0","75 15:47.610","8","0","0","0","67301","0","0","0","N","0","0","0","2","67301","0","","1.0","","99","N","N","N","0","","0","0","1","","0","","","2","1","0","0","0","1","0","2","0","2","","03","","N","","","","","","","","","",""
"2022097180","1322","2","0","0","0","0","0","0","0","0","4","0","","67","10","2022","4","40.043622","-75.173368","1320","6","0","0","0","0","0","1","0","0","","0","0","0","","","2","","1","","40 02:37.039","","0","75 10:24.124","4","0","0","0","67301","0","0","0","N","0","0","0","3","67301","2","","1.0","","1","N","N","N","0","","0","0","0","","3","","","2","2","0","0","0","0","0","2","0","2","","98","","N","","","","","","","","","",""
"2022108764","0958","1","0","0","0","0","0","0","0","0","2","0","","67","11","2022","5","40.032498","-75.106209","0942","6","0","0","0","0","0","0","0","0","","0","0","0","","","2","N","0","","40 01:56.991","","0","75 06:22.351","3","0","0","0","67301","0","0","0","N","0","0","0","2","67301","0","","1.0","","1","N","N","N","0","","2","0","1","","0","","","2","2","0","0","0","0","0","2","0","2","","03","","N","","","","","","","","","",""
"2022100046","2145","1","0","0","0","0","0","0","0","0","5","0","","67","10","2022","2","39.934012","-75.199935","2136","6","0","0","0","0","0","0","0","0","","0","0","0","","","0","N","0","","39 56:02.444","","0","75 11:59.767","0","0","0","0","67301","0","0","0","N","0","0","0","2","68K01","0","","1.0","","9","N","N","N","0","","0","0","1","","0","","","2","0","0","0","0","0","0","2","0","2","","03","","N","","","","","","","","","",""
"2022097193","0100","1","0","0","0","0","0","0","0","0","99","0","","67","10","2022","4","40.007865","-75.172261","0056","6","0","0","0","0","0","0","0","0","","0","0","0","","","1","","1","","40 00:28.314","","0","75 10:20.141","3","0","0","0","67301","0","0","0","N","0","0","0","3","67301","0","","1.0","","1","N","N","N","0","","1","0","2","","2","","","3","1","2","0","0","0","0","2","0","3","","03","","N","","","","","","","","","",""
"2022107176","1137","1","0","0","0","0","0","0","0","0","5","0","","67","11","2022","2","40.00925","-75.1646","1136","6","0","0","0","0","0","0","0","1","","0","0","0","","","0","N","0","","40 00:33.300","5","0","75 09:52.560","9","0","0","0","67301","0","0","0","N","0","0","0","1","67301","0","","6.0","1148.0","1","N","N","N","0","","0","0","1","","0","Y","","2","0","0","0","0","0","1","2","0","2","","03","","N","","","","","","","","","",""
"2022108316","1748","1","0","0","0","0","0","1","0","0","4","1","","67","11","2022","6","39.914008","-75.149937","1731","6","0","0","0","0","0","0","1","0","","0","0","0","","","1","","1","","39 54:50.430","","0","75 08:59.773","8","0","0","0","67301","0","0","0","N","0","0","0","3","67508","0","","1.0","","9","N","N","N","0","","0","0","0","","2","","","2","1","1","0","0","1","2","2","0","2","","07","","N","","","","","","","","","",""
"2022096734","0136","2","0","0","0","0","0","0","0","0","1","0","","67","10","2022","2","40.024235","-75.046545","0136","6","0","0","0","0","0","0","0","0","","0","0","0","","","2","","1","","40 01:27.246","","0","75 02:47.562","3","0","0","0","67301","0","0","0","N","0","0","0","2","67301","0","","1.0","","1","N","N","N","0","","2","0","0","","2","","","2","2","0","0","0","0","0","2","0","2","","03","","N","","","","","","","","","",""
"2022105130","0052","2","0","0","0","0","0","0","0","0","6","0","","67","11","2022","4","40.037371","-75.190983","0048","6","0","0","0","0","1","1","0","0","","0","0","0","","","0","","1","","40 02:14.535","","0","75 11:27.538","9","0","0","0","67301","0","0","0","N","0","0","0","2","67301","0","","1.0","","1","N","N","N","0","","0","0","0","","2","","","2","0","0","0","0","0","2","2","0","2","","03","","N","","","","","","","","","",""
"2022105790","1655","0","0","0","0","0","0","0","0","0","8","0","","67","11","2022","5","40.051067","-75.094168","1650","6","0","0","0","0","0","1","0","0","","0","0","0","","","1","","1","","40 03:03.841","","0","75 05:39.005","3","0","0","0","67301","1","0","0","N","1","0","0","2","67301","0","","1.0","","1","N","N","N","0","","1","0","0","","3","","","2","1","1","0","0","0","0","2","1","1","","03","","N","","","","","","","","","",""