"CRN","ARRIVAL_TM","AUTOMOBILE_COUNT","BELTED_DEATH_COUNT","BELTED_SUSP_SERIOUS_INJ_COUNT","BICYCLE_COUNT","BICYCLE_DEATH_COUNT","BICYCLE_SUSP_SERIOUS_INJ_COUNT","BUS_COUNT","CHLDPAS_DEATH_COUNT","CHLDPAS_SUSP_SERIOUS_INJ_COUNT","COLLISION_TYPE","COMM_VEH_COUNT","CONS_ZONE_SPD_LIM","COUNTY","CRASH_MONTH","CRASH_YEAR","DAY_OF_WEEK","DEC_LATITUDE","DEC_LONGITUDE","DISPATCH_TM","DISTRICT","DRIVER_COUNT_16YR","DRIVER_COUNT_17YR","DRIVER_COUNT_18YR","DRIVER_COUNT_19YR","DRIVER_COUNT_20YR","DRIVER_COUNT_50_64YR","DRIVER_COUNT_65_74YR","DRIVER_COUNT_75PLUS","EST_HRS_CLOSED","FATAL_COUNT","HEAVY_TRUCK_COUNT","HORSE_BUGGY_COUNT","HOUR_OF_DAY","ILLUMINATION","INJURY_COUNT","INTERSECTION_RELATED","INTERSECT_TYPE","LANE_CLOSED","LATITUDE","LN_CLOSE_DIR","LOCATION_TYPE","LONGITUDE","MAX_SEVERITY_LEVEL","MCYCLE_DEATH_COUNT","MCYCLE_SUSP_SERIOUS_INJ_COUNT","MOTORCYCLE_COUNT","MUNICIPALITY","NONMOTR_COUNT","NONMOTR_DEATH_COUNT","NONMOTR_SUSP_SERIOUS_INJ_COUNT","NTFY_HIWY_MAINT","PED_COUNT","PED_DEATH_COUNT","PED_SUSP_SERIOUS_INJ_COUNT","PERSON_COUNT","POLICE_AGCY","POSSIBLE_INJ_COUNT","RDWY_SURF_TYPE_CD","RELATION_TO_ROAD","ROADWAY_CLEARED","ROAD_CONDITION","SCH_BUS_IND","SCH_ZONE_IND","SECONDARY_CRASH","SMALL_TRUCK_COUNT","SPEC_JURIS_CD","SUSP_MINOR_INJ_COUNT","SUSP_SERIOUS_INJ_COUNT","SUV_COUNT","TCD_FUNC_CD","TCD_TYPE","TFC_DETOUR_IND","TIME_OF_DAY","TOTAL_UNITS","TOT_INJ_COUNT","UNBELTED_OCC_COUNT","UNB_DEATH_COUNT","UNB_SUSP_SERIOUS_INJ_COUNT","UNK_INJ_DEG_COUNT","UNK_INJ_PER_COUNT","URBAN_RURAL","VAN_COUNT","VEHICLE_COUNT","WEATHER1","WEATHER2","WORKERS_PRES","WORK_ZONE_IND","WORK_ZONE_LOC","WORK_ZONE_TYPE","WZ_CLOSE_DETOUR","WZ_FLAGGER","WZ_LAW_OFFCR_IND","WZ_LN_CLOSURE","WZ_MOVING","WZ_OTHER","WZ_SHLDER_MDN","WZ_WORKERS_INJ_KILLED"
"2022106508","1508","1","0","0","0","0","0","0","0","0","4","0","","67","11","2022","7","40.132541","-75.01148","1504","6","0","0","0","0","0","1","0","0","","0","0","0","","","2","N","0","","40 07:57.148","","7","75 00:41.328","3","0","0","0","67301","0","0","0","N","0","0","0","2","67301","0","","1.0","","1","N","N","N","0","","2","0","1","","0","","","2","2","0","0","0","0","0","2","0","2","","","","N","","","","","","","","","",""
"2022110546","0739","1","0","0","0","0","0","0","0","0","1","0","","67","11","2022","5","40.082292","-75.078322","0732","6","0","0","0","0","0","1","0","0","","0","0","0","","","2","N","0","","40 04:56.250","","7","75 04:41.960","8","0","0","0","67301","0","0","0","N","0","0","0","6","67301","0","","1.0","","1","N","N","N","0","","0","0","2","","0","","","3","2","3","0","0","2","0","2","0","3","","","","N","","","","","","","","","",""
"2022120897","2120","0","0","0","0","0","0","0","0","0","7","0","","67","10","2022","3","39.969199","-75.228382","2110","6","0","0","0","0","0","0","0","0","","0","0","0","","","0","","1","","39 58:09.116","","0","75 13:42.175","9","0","0","0","67301","0","0","0","N","0","0","0","1","67301","0","","4.0","","1","N","N","N","0","","0","0","1","","3","","","1","0","0","0","0","0","1","2","0","1","","","","N","","","","","","","","","",""
"2022121836","0830","1","0","0","0","0","0","0","0","0","7","0","","67","12","2022","1","39.955366","-75.147934","0830","6","0","0","0","0","0","0","1","0","","0","0","0","","","0","N","0","","39 57:19.316","3","2","75 08:52.563","0","0","0","0","67301","0","0","0","Y","0","0","0","4","67501","0","","3.0","918.0","1","N","N","N","0","","0","0","1","","0","N","","2","0","0","0","0","0","0","2","0","2","","","","N","","","","","","","","","",""
"2022071256","","1","0","0","0","0","0","0","0","0","4","0","","67","7","2022","2","39.942325","-75.233821","","6","0","0","0","0","1","0","0","0","","0","0","0","","","3","","1","","39 56:32.369","","0","75 14:01.754","8","0","0","0","67301","0","0","0","N","0","0","0","4","00000","0","","1.0","","1","","","N","0","","0","0","0","","2","","","2","3","0","0","0","3","0","2","1","2","","","","N","","","","","","","","","",""
"2022106728","1642","1","0","0","0","0","0","0","0","0","5","0","","67","11","2022","2","39.956089","-75.19295","1640","6","0","0","0","1","0","0","0","0","","0","0","0","","","0","N","0","","39 57:21.921","","0","75 11:34.619","0","0","0","0","67301","0","0","0","N","0","0","0","4","67507","0","","1.0","","1","N","N","N","0","","0","0","1","","0","","","2","0","1","0","0","0","0","2","0","2","","","","N","","","","","","","","","",""
"2022123024","2200","0","0","0","0","0","0","0","0","0","8","0","","67","12","2022","4","39.953806","-75.159472","2200","6","0","0","0","0","0","0","0","0","","0","0","0","","","1","N","1","","39 57:13.700","","0","75 09:34.100","3","0","0","0","67301","1","0","0","N","1","0","0","2","67301","0","","1.0","","1","N","N","N","0","","1","0","0","","2","","","2","1","0","0","0","0","1","2","0","1","","03","","N","","","","","","","","","",""
"2022107025","2102","1","0","0","0","0","0","0","0","0","4","0","","67","11","2022","1","40.099146","-74.986864","2051","6","0","0","0","0","0","1","0","1","","0","0","0","","","1","","1","","40 05:56.927","","2","74 59:12.712","4","0","0","0","67301","0","0","0","N","0","0","0","3","67301","1","","1.0","","1","N","N","N","0","","0","0","1","","2","","","2","1","0","0","0","0","0","2","0","2","","03","","N","","","","","","","","","",""
"2022106634","1938","2","0","0","0","0","0","0","0","0","6","0","","67","11","2022","4","39.963069","-75.200558","1938","6","1","0","0","0","0","0","0","0","","0","0","0","","","0","N","0","","39 57:47.050","","0","75 12:02.010","9","0","0","0","67301","0","0","0","N","0","0","0","3","67301","0","","6.0","","1","N","N","N","0","","0","0","1","","0","","","3","0","1","0","0","0","1","2","0","3","","03","","N","","","","","","","","","",""
"2022121351","2200","0","0","0","0","0","0","0","0","0","4","0","","67","12","2022","5","40.03951","-75.03345","2200","6","0","0","0","0","0","0","0","0","","0","0","0","","","1","","1","","40 02:22.235","","0","75 02:00.419","3","0","0","0","67301","0","0","0","N","0","0","0","2","67301","0","","1.0","","9","N","N","N","0","","1","0","0","","2","","","2","1","0","0","0","0","1","2","1","2","","07","","N","","","","","","","","","",""
"2022097438","2216","1","0","0","0","0","0","0","0","0","4","0","","67","10","2022","4","40.03946","-75.033366","2214","6","0","0","0","0","0","0","0","0","","0","0","0","","","1","","1","","40 02:22.057","1","0","75 02:00.118","8","0","0","0","67301","0","0","0","N","0","0","0","2","67301","0","","1.0","2230.0","1","N","N","N","1","","0","0","0","","2","N","","2","1","0","0","0","1","0","2","0","2","","03","","N","","","","","","","","","",""
"2022123004","0217","2","0","0","0","0","0","0","0","0","1","0","","67","11","2022","1","39.960066","-75.17939","0217","6","0","0","0","0","0","0","0","0","","0","0","0","","","0","N","0","","39 57:36.237","","3","75 10:45.803","0","0","0","0","67301","0","0","0","N","0","0","0","2","68K01","0","","1.0","","1","N","N","N","0","","0","0","0","","0","","","2","0","0","0","0","0","0","2","0","2","","","","N","","","","","","","","","",""
"2022112212","1300","0","0","0","1","0","1","0","0","0","8","0","","67","11","2022","3","39.953781","-75.142775","1300","6","0","0","0","0","0","0","0","0","","0","0","0","","","1","N","0","","39 57:13.610","","0","75 08:33.990","2","0","0","0","67301","1","0","1","N","0","0","0","2","67301","0","","1.0","","99","N","N","N","0","","0","1","1","","0","","","2","1","0","0","0","0","0","2","0","1","","","","N","","","","","","","","","",""
"2022105983","0745","0","0","0","0","0","0","0","0","0","7","0","","67","11","2022","4","40.029161","-75.186708","0742","6","0","0","0","0","0","0","0","0","","0","0","0","","","2","N","0","","40 01:44.980","6","0","75 11:12.150","3","0","0","0","67301","0","0","0","N","0","0","0","2","67301","0","","4.0","930.0","1","N","N","N","0","","2","0","1","","0","Y","","1","2","0","0","0","0","0","2","0","1","","","","N","","","","","","","","","",""
"2022096736","1723","1","0","0","0","0","0","0","0","0","7","0","","67","10","2022","2","40.011998","-75.069977","1722","6","0","0","0","0","0","0","0","0","","0","0","0","","","1","","1","","40 00:43.192","","0","75 04:11.917","4","0","0","0","67301","0","0","0","N","0","0","0","2","67301","1","","5.0","","1","N","N","N","0","","0","0","0","","3","","","2","1","0","0","0","0","0","2","0","1","","","","N","","","","","","","","","",""
"2022122399","0612","1","0","0","0","0","0","0","0","0","4","0","","67","12","2022","1","40.033998","-75.074369","0609","6","0","0","0","0","0","0","1","0","","0","0","0","","","0","","1","","40 02:02.392","1","0","75 04:27.730","9","0","0","0","67301","0","0","0","N","0","0","0","2","67301","0","","1.0","630.0","1","N","N","N","0","","0","0","0","","2","Y","","2","0","1","0","0","0","1","2","1","2","","03","","N","","","","","","","","","",""
"2022114519","1230","0","0","0","0","0","0","0","0","0","4","0","","67","11","2022","4","39.986689","-75.208608","1210","6","0","0","0","0","0","0","0","0","","0","0","0","","","0","","3","","39 59:12.080","","2","75 12:30.990","0","0","0","0","67301","0","0","0","N","0","0","0","2","67301","0","","1.0","","1","N","N","N","0","","0","0","1","","3","","","2","0","0","0","0","0","0","2","1","2","","","","N","","","","","","","","","",""
"2022097574","1955","0","0","0","0","0","0","0","0","0","8","0","","67","10","2022","4","39.937614","-75.146456","1947","6","0","0","0","0","0","1","0","0","","0","0","0","","","1","","1","","39 56:15.411","","0","75 08:47.240","3","0","0","0","67301","1","0","0","N","1","0","0","2","67301","0","","1.0","","1","N","N","N","0","","1","0","1","","3","","","2","1","0","0","0","0","0","2","0","1","","03","","N","","","","","","","","","",""
"2022120316","1350","0","0","0","0","0","0","0","0","0","1","0","","67","12","2022","7","39.902666","-75.200586","1336","6","0","0","0","1","0","0","1","0","","0","0","0","","","1","N","0","","39 54:09.598","","3","75 12:02.108","3","0","0","0","67301","0","0","0","N","0","0","0","3","67301","0","","1.0","","1","N","N","N","0","","1","0","3","","2","","","3","1","1","0","0","0","0","2","0","3","","03","","N","","","","","","","","","",""
"2022097570","1250","1","0","0","0","0","0","0","0","0","4","0","","67","10","2022","3","40.052378","-75.073309","1234","6","0","0","0","0","0","0","0","0","","0","0","0","","","1","","1","","40 03:08.560","","0","75 04:23.912","3","0","0","0","67301","0","0","0","N","0","0","0","2","67301","0","","1.0","","1","N","N","N","0","","1","0","1","","2","","","2","1","0","0","0","0","1","2","0","2","","03","","N","","","","","","","","","",""
"2022118754","1914","1","0","0","0","0","0","0","0","0","4","0","","67","10","2022","3","39.971671","-75.237747","1914","6","0","0","0","0","0","1","1","0","","0","0","0","","","0","","1","","39 58:18.015","","0","75 14:15.889","0","0","0","0","67301","0","0","0","N","0","0","0","4","67301","0","","1.0","","1","N","N","N","1","","0","0","0","","3","","","2","0","0","0","0","0","0","2","0","2","","03","","N","","","","","","","","","",""
"2022097707","1729","0","0","0","1","0","0","0","0","0","8","0","","67","10","2022","2","39.955859","-75.191456","1729","6","0","0","0","0","0","0","0","0","","0","0","0","","","1","","1","","39 57:21.092","","0","75 11:29.243","8","0","0","0","67301","1","0","0","N","0","0","0","2","67504","0","","1.0","","1","N","N","N","0","","0","0","1","","2","","","2","1","0","0","0","1","0","2","0","1","","03","","N","","","","","","","","","",""
"2022105977","1015","0","0","0","0","0","0","0","0","0","8","0","","67","11","2022","5","40.034107","-75.176519","1012","6","0","0","0","0","0","0","0","1","","0","0","0","","","1","","1","","40 02:02.785","2","0","75 10:35.468","3","0","0","0","67301","1","0","0","N","1","0","0","2","67301","0","","1.0","1015.0","1","N","N","N","0","","1","0","1","","2","Y","","2","1","0","0","0","0","0","2","0","1","","98","","N","","","","","","","","","",""
"2022097191","1937","3","0","0","0","0","0","0","0","0","6","0","","67","10","2022","2","40.02209","-75.177577","1935","6","0","0","0","0","0","1","0","0","","0","0","0","","","3","N","0","","40 01:19.523","","0","75 10:39.277","3","0","0","0","67301","0","0","0","N","0","0","0","6","67301","0","","1.0","","9","N","N","N","2","","2","0","2","","0","","","7","3","1","0","0","1","0","2","0","7","","","","N","","","","","","","","","",""
"2022120120","1809","2","0","0","0","0","0","0","0","0","4","0","","67","12","2022","5","40.102486","-75.028736","1808","6","0","1","0","0","0","1","0","0","","0","0","0","","","1","","1","","40 06:08.948","","0","75 01:43.450","4","0","0","0","67301","0","0","0","N","0","0","0","2","67301","1","","1.0","","9","N","N","N","0","","0","0","0","","2","","","2","1","0","0","0","0","0","2","0","2","","","","N","","","","","","","","","",""
"2022097026","0810","2","0","0","0","0","0","0","0","0","5","0","","67","10","2022","3","39.976042","-75.236775","0758","6","0","0","0","0","0","1","0","0","","0","0","0","","","2","N","0","","39 58:33.750","","0","75 14:12.390","3","0","0","0","67301","0","0","0","N","0","0","0","2","67301","0","","1.0","","1","N","N","N","0","","2","0","2","","0","","","4","2","0","0","0","0","0","2","0","4","","03","","N","","","","","","","","","",""
"2022107033","1418","1","0","0","0","0","0","0","0","0","8","0","","67","11","2022","1","39.876336","-75.243761","1415","6","0","0","0","0","0","0","0","0","","0","0","0","","","1","N","0","","39 52:34.810","","0","75 14:37.540","3","0","0","0","67301","1","0","0","N","1","0","0","2","67301","0","","1.0","","1","N","N","N","0","","1","0","0","","0","","","2","1","0","0","0","0","0","2","0","1","","03","","N","","","","","","","","","",""
"2022119072","2331","0","0","0","0","0","0","0","0","0","4","1","","67","12","2022","5","39.955313","-75.187111","2330","6","0","0","0","0","0","0","0","0","","0","1","0","","","0","","2","","39 57:19.125","","0","75 11:13.598","9","0","0","0","67301","0","0","0","N","0","0","0","2","67507","0","","1.0","","9","N","N","N","0","","0","0","1","","2","","","2","0","0","0","0","0","1","2","0","2","","07","","N","","","","","","","","","",""
"2022116798","1145","0","0","0","0","0","0","0","0","0","8","0","","67","12","2022","6","39.945101","-75.161358","1120","6","0","0","0","0","0","0","0","0","","0","0","0","","","1","","1","","39 56:42.363","","0","75 09:40.887","2","0","0","0","67301","1","0","1","N","1","0","1","2","67301","0","","1.0","","99","N","N","N","0","","0","1","0","","2","","","2","1","0","0","0","0","0","2","0","1","","","","N","","","","","","","","","",""
"2022114339","0630","0","0","0","0","0","0","0","0","0","8","0","","67","12","2022","7","39.95768","-75.162367","0625","6","0","0","0","0","0","0","0","0","","0","0","0","","","1","","1","","39 57:27.649","3","2","75 09:44.521","4","0","0","0","67301","1","0","0","N","1","0","0","3","67301","1","","1.0","700.0","9","N","N","N","0","","0","0","0","","2","N","","2","1","0","0","0","0","0","2","1","1","","04","","N","","","","","","","","","",""
"2022122932","1814","1","0","0","0","0","0","0","0","0","7","0","","67","12","2022","6","39.949916","-75.203796","1807","6","0","0","0","0","0","0","0","0","","0","0","0","","","0","N","0","","39 56:59.699","","7","75 12:13.666","0","0","0","0","67301","0","0","0","N","0","0","0","1","67301","0","","5.0","","1","N","N","N","0","","0","0","0","","0","","","1","0","0","0","0","0","0","2","0","1","","","","N","","","","","","","","","",""
"2022107174","2329","1","0","0","0","0","0","0","0","0","5","0","","67","11","2022","1","40.023918","-75.164978","2359","6","0","0","0","0","0","0","0","0","","0","0","0","","","0","N","0","","40 01:26.105","","0","75 09:53.921","0","0","0","0","67301","0","0","0","N","0","0","0","1","67301","0","","6.0","","1","N","N","N","0","","0","0","1","","0","","","2","0","0","0","0","0","0","2","0","2","","03","","N","","","","","","","","","",""
"2022107173","0859","0","0","0","0","0","0","0","0","0","7","0","","67","11","2022","1","40.001318","-75.186732","0859","6","0","0","0","0","0","0","0","0","","0","0","0","","","1","N","0","","40 00:04.744","","0","75 11:12.234","3","0","0","0","67301","0","0","0","N","0","0","0","1","67301","0","","4.0","","1","N","N","Y","0","","1","0","1","","0","","","1","1","0","0","0","0","0","2","0","1","","03","","N","","","","","","","","","",""
"2022098062","2350","1","0","0","0","0","0","0","0","0","1","0","","67","10","2022","4","39.990961","-75.167868","2345","6","0","0","0","0","0","1","0","0","","0","0","0","","","1","","1","","39 59:27.459","","0","75 10:04.324","3","0","0","0","67301","0","0","0","N","0","0","0","2","67301","0","","1.0","","1","N","N","N","0","","1","0","0","","2","","","2","1","0","0","0","0","0","2","0","2","","","","N","","","","","","","","","",""
"2022120122","1120","0","0","0","0","0","0","0","0","0","8","0","","67","12","2022","6","39.938582","-75.221679","1115","6","0","0","0","0","0","0","0","0","","0","0","0","","","1","","1","","39 56:18.895","","0","75 13:18.043","4","0","0","0","67301","1","0","0","N","1","0","0","2","67301","1","","1.0","","99","N","N","N","0","","0","0","0","","2","","","2","1","0","0","0","0","1","2","0","1","","","","N","","","","","","","","","",""
"2022120844","1522","1","0","0","0","0","0","0","0","0","1","0","","67","12","2022","6","39.96844","-75.129359","1516","6","0","0","0","0","1","0","0","0","","0","0","0","","","0","N","0","","39 58:06.383","","0","75 07:45.693","0","0","0","0","67301","0","0","0","N","0","0","0","8","68K01","0","","1.0","","1","N","N","N","0","","0","0","1","","0","","","2","0","0","0","0","0","0","2","0","2","","03","","N","","","","","","","","","",""
"2022107715","2000","3","0","0","0","0","0","0","0","0","1","0","","67","11","2022","2","39.919843","-75.201434","1957","6","0","0","0","0","1","0","0","0","","0","0","0","","","1","N","0","","39 55:11.435","3","3","75 12:05.164","3","0","0","0","67301","0","0","0","N","0","0","0","5","67301","0","","1.0","2010.0","1","N","N","N","0","","1","0","1","","0","N","","4","1","0","0","0","0","0","2","0","4","","03","","N","","","","","","","","","",""
"2022097782","1000","0","0","0","0","0","0","0","0","0","1","0","","67","10","2022","3","40.024497","-75.147918","0957","6","0","0","0","0","0","1","0","0","","0","0","0","","","1","","1","","40 01:28.189","","0","75 08:52.503","3","0","0","0","67301","0","0","0","N","0","0","0","2","67301","0","","1.0","","1","N","N","N","0","","1","0","1","","2","","","2","1","0","0","0","0","0","2","1","2","","03","","N","","","","","","","","","",""
"2022112915","0350","3","0","0","0","0","0","0","0","0","2","0","","67","11","2022","6","39.975889","-75.17975","0349","6","0","0","0","0","0","0","0","0","","0","0","0","","","0","N","0","","39 58:33.200","4","0","75 10:47.100","0","0","0","0","67301","0","0","0","N","0","0","0","1","67301","0","","6.0","630.0","1","N","N","N","0","","0","0","2","","0","Y","","5","0","1","0","0","0","0","2","0","5","","04","","N","","","","","","","","","",""
"2022108060","2218","0","0","0","0","0","0","0","0","0","4","0","","67","11","2022","6","39.954858","-75.151138","2218","6","0","0","0","0","0","1","0","0","","0","0","0","","","0","","1","","39 57:17.490","1","0","75 09:04.096","0","0","0","0","67301","0","0","0","N","0","0","0","3","67301","0","","1.0","1100.0","9","N","N","N","0","","0","0","2","","1","N","","2","0","3","0","0","0","0","2","0","2","","07","","N","","","","","","","","","",""
"2022116100","1142","1","0","0","0","0","0","0","0","0","4","0","","67","12","2022","5","40.006188","-75.151929","1140","6","0","0","0","0","0","1","0","0","","0","0","0","","","1","","1","","40 00:22.276","","0","75 09:06.943","3","0","0","0","67301","0","0","0","N","0","0","0","2","67505","0","","1.0","","1","N","N","N","0","","1","0","1","","2","","","2","1","1","0","0","0","0","2","0","2","","03","","N","","","","","","","","","",""
"2022116691","2318","2","0","0","0","0","0","0","0","0","1","0","","67","12","2022","6","39.979385","-75.157788","2318","6","0","0","0","0","1","0","0","0","","0","0","0","","","0","N","0","","39 58:45.786","","0","75 09:28.038","0","0","0","0","67301","0","0","0","N","0","0","0","3","67505","0","","1.0","","1","N","N","N","0","","0","0","0","","0","","","2","0","0","0","0","0","0","2","0","2","","","","N","","","","","","","","","",""
"2022119570","0120","1","0","0","0","0","0","0","0","0","4","0","","67","12","2022","5","40.035741","-75.081016","0104","6","0","0","0","0","0","0","0","0","","0","0","0","","","1","","1","","40 02:08.667","","0","75 04:51.659","3","0","0","0","67301","0","0","0","N","0","0","0","2","67301","0","","1.0","","9","N","N","N","1","","1","0","0","","2","","","2","1","2","0","0","0","0","2","0","2","","07","","N","","","","","","","","","",""
"2022105208","1620","2","0","0","0","0","0","0","0","0","4","0","","67","11","2022","5","39.984408","-75.15441","1620","6","0","0","0","0","0","1","0","0","","0","0","0","","","2","","1","","39 59:03.868","","0","75 09:15.876","3","0","0","0","67301","0","0","0","N","0","0","0","3","67505","1","","1.0","","1","N","N","N","0","","1","0","0","","2","","","2","2","0","0","0","0","0","2","0","2","","04","","N","","","","","","","","","",""
"2022119271","1350","0","0","0","0","0","0","0","0","0","1","0","","67","12","2022","5","40.041976","-75.159147","1345","6","0","0","0","0","0","1","0","0","","0","0","0","","","1","Y","0","","40 02:31.114","","0","75 09:32.928","3","0","0","0","67301","0","0","0","N","0","0","0","3","67301","0","","1.0","","9","N","N","N","0","","1","0","1","","2","","","3","1","0","0","0","0","2","2","0","3","","07","","N","","","","","","","","","",""
"2022108091","1800","3","0","0","0","0","0","0","0","0","5","0","","67","11","2022","3","40.025578","-75.178314","1800","6","0","0","0","0","0","0","0","0","","0","0","0","","","0","N","0","","40 01:32.080","","0","75 10:41.930","9","0","0","0","67301","0","0","0","N","0","0","0","3","67301","0","","1.0","","9","N","N","N","0","","0","0","0","","0","","","3","0","0","0","0","0","1","2","0","3","","","","N","","","","","","","","","",""
"2022113184","0001","0","0","0","0","0","0","0","0","0","8","0","","67","11","2022","4","39.947593","-75.215898","0001","6","0","0","0","0","0","0","0","0","","0","0","0","","","1","","2","","39 56:51.334","","0","75 12:57.232","3","0","0","0","67301","1","0","0","N","1","0","0","2","67301","0","","1.0","","99","N","N","N","0","","1","0","0","","0","","","2","1","0","0","0","0","0","2","0","1","","03","","N","","","","","","","","","",""
"2022108085","0514","1","0","0","0","0","0","0","0","0","2","0","","67","11","2022","1","40.009042","-75.095375","0512","6","0","0","0","0","0","0","0","0","","0","0","0","","","0","N","0","","40 00:32.550","","0","75 05:43.350","0","0","0","0","67301","0","0","0","N","0","0","0","1","67301","0","","3.0","","1","N","N","N","1","","0","0","0","","0","","","3","0","0","0","0","0","0","2","1","3","","03","","N","","","","","","","","","",""
"2022110921","0123","2","0","0","0","0","0","0","0","0","5","0","","67","11","2022","7","40.0234","-75.059794","0122","6","0","0","0","0","0","0","0","0","","0","0","0","","","1","N","0","","40 01:24.240","1","0","75 03:35.260","3","0","0","0","67301","0","0","0","N","0","0","0","1","67301","0","","6.0","220.0","9","N","N","N","1","","1","0","2","","0","Y","","5","1","0","0","0","0","0","2","0","5","","04","","N","","","","","","","","","",""
"2022106170","0815","0","0","0","0","0","0","0","0","0","8","0","","67","11","2022","4","40.015043","-75.135168","0759","6","0","0","0","0","0","0","0","0","","0","0","0","","","1","","1","","40 00:54.154","","0","75 08:06.604","3","0","0","0","67301","1","0","0","N","1","0","0","2","67301","0","","1.0","","1","N","N","N","0","","1","0","0","","2","","","2","1","0","0","0","0","0","2","0","1","","03","","N","","","","","","","","","",""
"2022125102","0915","1","0","0","0","0","0","0","0","0","4","0","","67","11","2022","4","39.987993","-75.237486","0915","6","0","0","0","0","0","2","0","0","","0","0","0","","","1","","1","","39 59:16.774","","0","75 14:14.949","3","0","0","0","67301","0","0","0","N","0","0","0","2","67301","0","","1.0","","1","N","N","N","0","","1","0","0","","2","","","2","1","0","0","0","0","0","2","1","2","","03","","N","","","","","","","","","",""
"2022114077","1745","0","0","0","0","0","0","0","0","0","8","0","","67","12","2022","5","40.077539","-75.043754","1723","6","0","0","0","0","0","0","0","1","","0","0","0","","","1","","2","","40 04:39.140","","0","75 02:37.514","3","0","0","0","67301","1","0","0","N","1","0","0","2","67301","0","","1.0","","1","N","N","N","0","","1","0","1","","1","","","2","1","0","0","0","0","0","2","0","1","","03","","N","","","","","","","","","",""
"2022116658","0452","2","0","0","0","0","0","0","0","0","4","0","","67","12","2022","4","39.96248","-75.216215","0452","6","0","0","0","0","0","1","0","0","","0","0","0","","","2","","1","","39 57:44.928","5","0","75 12:58.374","3","0","0","0","67301","0","0","0","N","0","0","0","2","67301","0","","1.0","600.0","9","N","N","N","0","","2","0","0","","2","N","","2","2","1","0","0","0","0","2","0","2","","","","N","","","","","","","","","",""
"2022109192","1604","0","0","0","0","0","0","0","0","0","4","0","","67","11","2022","4","39.922485","-75.228381","1604","6","0","0","0","0","0","1","0","0","","0","0","0","","","3","","1","","39 55:20.946","","0","75 13:42.171","4","0","0","0","67301","0","0","0","N","0","0","0","4","67301","3","","1.0","","1","N","N","N","0","","0","0","2","","3","","","2","3","0","0","0","0","0","2","0","2","","","","N","","","","","","","","","",""
"2022105482","1945","0","0","0","0","0","0","0","0","0","1","0","","67","11","2022","4","40.033622","-75.225608","1928","6","0","0","0","0","0","0","0","0","","0","0","0","","","1","N","0","","40 02:01.040","","0","75 13:32.190","8","0","0","0","67301","0","0","0","N","0","0","0","2","67301","0","","6.0","","1","N","N","N","0","","0","0","3","","0","","","3","1","0","0","0","1","0","2","0","3","","03","","N","","","","","","","","","",""
"2022109458","0742","1","0","0","1","0","0","0","0","0","8","0","","67","11","2022","6","39.961855","-75.157718","0737","6","0","0","0","0","0","0","0","0","","0","0","0","","","1","","5","","39 57:42.677","","0","75 09:27.784","3","0","0","0","67301","1","0","0","N","0","0","0","2","67301","0","","1.0","","1","N","N","N","0","","1","0","0","","2","","","2","1","0","0","0","0","0","2","0","1","","","","N","","","","","","","","","",""
"2022115650","1806","0","0","0","0","0","0","0","0","0","8","0","","67","12","2022","3","40.007707","-75.190646","1758","6","0","0","0","0","0","0","1","0","","0","0","0","","","1","N","0","","40 00:27.744","1","0","75 11:26.325","4","0","0","0","67301","1","0","0","N","1","0","0","2","67301","1","","1.0","1850.0","9","N","N","N","0","","0","0","1","","0","N","","2","1","0","0","0","0","0","2","0","1","","07","","N","","","","","","","","","",""
"2022109189","1338","1","0","0","0","0","0","0","0","0","4","0","","67","11","2022","4","40.056772","-75.011379","1332","6","0","0","0","0","0","0","0","0","","0","0","0","","","1","","2","","40 03:24.378","4","0","75 00:40.965","4","0","0","1","67301","0","0","0","N","0","0","0","2","67301","1","","1.0","30.0","1","N","N","N","0","","0","0","0","","0","Y","","2","1","0","0","0","0","0","2","0","2","","03","","N","","","","","","","","","",""
"2022106629","2129","0","0","0","0","0","0","0","0","0","4","0","","67","11","2022","6","40.031986","-75.108377","2128","6","0","0","0","0","0","0","1","0","","0","0","0","","","2","","2","","40 01:55.149","","0","75 06:30.157","3","0","0","0","67301","0","0","0","N","0","0","0","3","67301","0","","1.0","","9","N","N","N","0","","2","0","2","","3","","","2","2","1","0","0","0","0","2","0","2","","07","","N","","","","","","","","","",""
"2022119742","1535","0","0","0","0","0","0","0","0","0","8","0","","67","12","2022","5","40.018426","-75.080163","1533","6","0","0","0","0","0","1","0","0","","0","0","0","","","1","","1","","40 01:06.333","","0","75 04:48.586","3","0","0","0","67301","1","0","0","N","1","0","0","2","67301","0","","1.0","","9","N","N","N","1","","1","0","0","","3","","","2","1","1","0","0","0","0","2","0","1","","04","","N","","","","","","","","","",""
"2022122411","1520","1","0","0","0","0","0","0","0","0","8","0","","67","12","2022","5","39.96969","-75.140669","1520","6","0","0","0","0","0","0","0","0","","0","0","0","","","1","","1","","39 58:10.883","","0","75 08:26.410","3","0","0","0","67301","1","0","0","N","1","0","0","2","67301","0","","1.0","","99","N","N","N","0","","1","0","0","","3","","","2","1","0","0","0","0","1","2","0","1","","","","N","","","","","","","","","",""