"CRN","ARRIVAL_TM","AUTOMOBILE_COUNT","BELTED_DEATH_COUNT","BELTED_SUSP_SERIOUS_INJ_COUNT","BICYCLE_COUNT","BICYCLE_DEATH_COUNT","BICYCLE_SUSP_SERIOUS_INJ_COUNT","BUS_COUNT","CHLDPAS_DEATH_COUNT","CHLDPAS_SUSP_SERIOUS_INJ_COUNT","COLLISION_TYPE","COMM_VEH_COUNT","CONS_ZONE_SPD_LIM","COUNTY","CRASH_MONTH","CRASH_YEAR","DAY_OF_WEEK","DEC_LATITUDE","DEC_LONGITUDE","DISPATCH_TM","DISTRICT","DRIVER_COUNT_16YR","DRIVER_COUNT_17YR","DRIVER_COUNT_18YR","DRIVER_COUNT_19YR","DRIVER_COUNT_20YR","DRIVER_COUNT_50_64YR","DRIVER_COUNT_65_74YR","DRIVER_COUNT_75PLUS","EST_HRS_CLOSED","FATAL_COUNT","HEAVY_TRUCK_COUNT","HORSE_BUGGY_COUNT","HOUR_OF_DAY","ILLUMINATION","INJURY_COUNT","INTERSECTION_RELATED","INTERSECT_TYPE","LANE_CLOSED","LATITUDE","LN_CLOSE_DIR","LOCATION_TYPE","LONGITUDE","MAX_SEVERITY_LEVEL","MCYCLE_DEATH_COUNT","MCYCLE_SUSP_SERIOUS_INJ_COUNT","MOTORCYCLE_COUNT","MUNICIPALITY","NONMOTR_COUNT","NONMOTR_DEATH_COUNT","NONMOTR_SUSP_SERIOUS_INJ_COUNT","NTFY_HIWY_MAINT","PED_COUNT","PED_DEATH_COUNT","PED_SUSP_SERIOUS_INJ_COUNT","PERSON_COUNT","POLICE_AGCY","POSSIBLE_INJ_COUNT","RDWY_SURF_TYPE_CD","RELATION_TO_ROAD","ROADWAY_CLEARED","ROAD_CONDITION","SCH_BUS_IND","SCH_ZONE_IND","SECONDARY_CRASH","SMALL_TRUCK_COUNT","SPEC_JURIS_CD","SUSP_MINOR_INJ_COUNT","SUSP_SERIOUS_INJ_COUNT","SUV_COUNT","TCD_FUNC_CD","TCD_TYPE","TFC_DETOUR_IND","TIME_OF_DAY","TOTAL_UNITS","TOT_INJ_COUNT","UNBELTED_OCC_COUNT","UNB_DEATH_COUNT","UNB_SUSP_SERIOUS_INJ_COUNT","UNK_INJ_DEG_COUNT","UNK_INJ_PER_COUNT","URBAN_RURAL","VAN_COUNT","VEHICLE_COUNT","WEATHER1","WEATHER2","WORKERS_PRES","WORK_ZONE_IND","WORK_ZONE_LOC","WORK_ZONE_TYPE","WZ_CLOSE_DETOUR","WZ_FLAGGER","WZ_LAW_OFFCR_IND","WZ_LN_CLOSURE","WZ_MOVING","WZ_OTHER","WZ_SHLDER_MDN","WZ_WORKERS_INJ_KILLED"
"2022109757","2139","2","0","0","0","0","0","0","0","0","4","0","","67","11","2022","6","40.044998","-75.094198","2135","6","0","0","0","0","0","0","0","0","","0","0","0","","","1","","2","","40 02:41.992","","0","75 05:39.112","3","0","0","0","67301","0","0","0","N","0","0","0","4","67301","0","","1.0","","1","N","N","N","0","","1","0","0","","2","","","2","1","0","0","0","0","2","2","0","2","","","","N","","","","","","","","","",""
"2022097450","0312","3","0","0","0","0","0","0","0","0","4","0","","67","10","2022","4","39.973776","-75.245295","0308","6","0","0","0","0","0","1","0","0","","0","0","0","","","1","","1","","39 58:25.594","","0","75 14:43.063","3","0","0","0","67301","0","0","0","N","0","0","0","2","67301","0","","1.0","","1","N","N","Y","0","","1","0","0","","2","","","3","1","0","0","0","0","0","2","0","3","","","","N","","","","","","","","","",""
"2022123843","1412","1","0","0","0","0","0","0","0","0","7","0","","67","11","2022","6","40.039967","-75.006612","1344","6","0","0","0","0","0","1","0","0","","0","0","0","","","0","N","0","","40 02:23.881","","0","75 00:23.804","0","0","0","0","67301","0","0","0","N","0","0","0","2","68K01","0","","3.0","","9","N","N","N","1","","0","0","0","","0","","","2","0","0","0","0","0","0","2","0","2","","07","","N","","","","","","","","","",""
"2022120331","1850","1","0","0","0","0","0","0","0","0","1","0","","67","12","2022","7","40.053112","-75.13777","1835","6","0","0","0","0","0","0","1","0","","0","0","0","","","2","","1","","40 03:11.203","","0","75 08:15.971","4","0","0","0","67301","0","0","0","N","0","0","0","4","67301","2","","1.0","","1","N","N","N","0","","0","0","0","","2","","","2","2","0","0","0","0","0","2","1","2","","03","","N","","","","","","","","","",""
"2022110116","2106","1","0","0","0","0","0","0","0","0","7","0","","67","11","2022","4","39.955312","-75.147833","2103","6","0","0","0","0","0","0","0","0","","0","0","0","","","0","N","0","","39 57:19.123","4","2","75 08:52.199","0","0","0","0","67301","0","0","0","N","0","0","0","1","67501","0","","4.0","2110.0","1","N","N","N","0","","0","0","0","","0","N","","1","0","0","0","0","0","0","2","0","1","","","","N","","","","","","","","","",""
"2022114087","2344","1","0","0","0","0","0","0","0","0","4","0","","67","12","2022","5","40.030332","-75.131845","2344","6","0","0","0","0","0","0","0","0","","0","0","0","","","1","","1","","40 01:49.195","","0","75 07:54.641","8","0","0","0","67301","0","0","0","N","0","0","0","2","67301","0","","1.0","","1","N","N","N","0","","0","0","1","","2","","","2","1","0","0","0","1","1","2","0","2","","03","","N","","","","","","","","","",""
"2022102692","0915","0","0","0","0","0","0","0","0","0","4","0","","67","10","2022","3","40.007208","-75.141947","0910","6","0","0","0","0","0","1","0","0","","0","0","0","","","1","","1","","40 00:25.948","","0","75 08:31.009","3","0","0","0","67301","0","0","0","N","0","0","0","2","67508","0","","1.0","","1","N","N","Y","0","","1","0","1","","3","","","2","1","0","0","0","0","1","2","0","2","","03","","N","","","","","","","","","",""
"2022110252","1906","2","0","0","0","0","0","0","0","0","5","0","","67","11","2022","4","39.993567","-75.149178","1906","6","0","0","0","0","0","0","0","0","","0","0","0","","","0","N","0","","39 59:36.840","","0","75 08:57.040","0","0","0","0","67301","0","0","0","N","0","0","0","1","67301","0","","6.0","","1","N","N","N","0","","0","0","1","","0","","","3","0","1","0","0","0","0","2","0","3","","03","","N","","","","","","","","","",""
"2022115449","2331","1","0","0","0","0","0","0","0","0","1","0","","67","11","2022","1","39.971611","-75.230808","2329","6","0","0","0","0","0","0","0","0","","0","0","0","","","0","N","0","","39 58:17.800","","0","75 13:50.910","0","0","0","0","67301","0","0","0","N","0","0","0","2","67301","0","","1.0","","1","N","N","N","0","","0","0","1","","0","","","2","0","1","0","0","0","0","2","0","2","","03","","N","","","","","","","","","",""
"2022122930","1740","1","0","0","0","0","0","0","0","0","1","0","","67","12","2022","6","39.957922","-75.233255","1740","6","0","0","0","0","0","1","0","0","","0","0","0","","","1","Y","0","","39 57:28.520","","0","75 13:59.717","8","0","0","0","67301","0","0","0","N","0","0","0","3","67301","0","","1.0","","1","N","N","N","0","","0","0","1","","2","","","2","1","0","0","0","1","0","2","0","2","","03","","N","","","","","","","","","",""
"2022122400","0054","1","0","0","0","0","0","0","0","0","4","0","","67","12","2022","3","40.016785","-75.083611","0054","6","0","0","0","0","0","0","0","0","","0","0","0","","","0","","5","","40 01:00.426","","1","75 05:00.999","0","0","0","0","67301","0","0","0","N","0","0","0","3","67301","0","","1.0","","1","N","N","N","0","","0","0","1","","2","","","2","0","1","0","0","0","0","2","0","2","","03","","N","","","","","","","","","",""
"2022121519","2115","0","0","0","0","0","0","0","0","0","4","0","","67","12","2022","2","39.981952","-75.239038","2104","6","0","0","0","0","0","0","0","0","","0","0","0","","","1","","1","","39 58:55.028","","0","75 14:20.537","4","0","0","0","67301","0","0","0","N","0","0","0","2","67301","1","","1.0","","1","N","N","N","0","","0","0","1","","2","","","2","1","0","0","0","0","0","2","0","2","","","","N","","","","","","","","","",""
"2022108059","1640","1","0","0","1","0","0","0","0","0","8","0","","67","11","2022","2","39.921319","-75.146044","1640","6","0","0","0","0","0","0","0","0","","0","0","0","","","1","","1","","39 55:16.749","","0","75 08:45.759","3","0","0","0","67301","1","0","0","N","0","0","0","2","67301","0","","1.0","","1","N","N","N","0","","1","0","0","","3","","","2","1","1","0","0","0","0","2","0","1","","03","","N","","","","","","","","","",""
"2022097779","1448","1","0","0","0","0","0","0","0","0","4","0","","67","10","2022","2","39.958705","-75.233331","1446","6","0","0","0","0","0","0","0","0","","0","0","0","","","1","","1","","39 57:31.337","","0","75 13:59.991","3","0","0","0","67301","0","0","0","N","0","0","0","2","67301","0","","1.0","","1","N","N","N","0","","1","0","1","","3","","","2","1","0","0","0","0","0","2","0","2","","","","N","","","","","","","","","",""
"2022120485","1443","2","0","0","0","0","0","0","0","0","4","0","","67","12","2022","1","40.11296","-75.023011","1423","6","0","0","0","0","0","0","1","0","","0","0","0","","","2","","1","","40 06:46.657","","0","75 01:22.840","3","0","0","0","67301","0","0","0","N","0","0","0","3","67301","0","","1.0","","1","N","N","N","0","","2","0","0","","2","","","2","2","0","0","0","0","0","2","0","2","","","","N","","","","","","","","","",""
"2022105985","1410","0","0","0","0","0","0","0","0","0","5","0","99","67","11","2022","4","40.018102","-75.170109","1337","6","0","0","0","0","0","0","0","0","","0","0","0","","","0","N","0","","40 01:05.168","","0","75 10:12.393","0","0","0","0","67301","0","0","0","N","0","0","0","2","67301","0","","1.0","","1","N","N","N","1","","0","0","1","","0","","","2","0","0","0","0","0","0","2","0","2","","","U","Y","4","1","","","U","Y","","","","N"
"2022121527","0453","1","0","0","0","0","0","0","0","0","5","0","","67","12","2022","1","40.009868","-75.156024","0453","6","1","0","0","0","0","0","0","0","","0","0","0","","","0","","1","","40 00:35.524","","0","75 09:21.688","0","0","0","0","67301","0","0","0","N","0","0","0","2","67301","0","","1.0","","1","N","N","N","0","","0","0","1","","2","","","2","0","1","0","0","0","0","2","0","2","","03","","N","","","","","","","","","",""
"2022116808","2012","1","0","0","0","0","0","0","0","0","4","0","","67","12","2022","2","39.972038","-75.12498","2010","6","0","0","0","0","0","2","0","0","","0","0","0","","","1","N","0","","39 58:19.335","","7","75 07:29.929","3","0","0","0","67301","0","0","0","N","0","0","0","2","67301","0","","1.0","","1","N","N","N","0","","1","0","1","","0","","","2","1","0","0","0","0","0","2","0","2","","","","N","","","","","","","","","",""
"2022119856","1921","0","0","0","0","0","0","0","0","0","7","0","","67","11","2022","6","40.034473","-75.018961","1914","6","0","0","0","0","0","0","0","0","","0","0","0","","","0","N","0","","40 02:04.101","1","3","75 01:08.260","0","0","0","0","67301","0","0","0","N","0","0","0","2","68K01","0","","2.0","1945.0","9","N","N","N","0","","0","0","1","","0","N","","1","0","0","0","0","0","0","2","0","1","","07","","N","","","","","","","","","",""
"2022123842","1851","0","0","0","0","0","0","0","0","0","1","0","","67","11","2022","4","39.899046","-75.174895","1839","6","0","0","0","0","0","1","0","0","","0","0","0","","","0","N","0","","39 53:56.566","1","3","75 10:29.622","0","0","0","0","67301","0","0","0","N","0","0","0","3","68K01","0","","1.0","1915.0","1","N","N","N","0","","0","0","3","","0","Y","","3","0","0","0","0","0","0","2","0","3","","","","N","","","","","","","","","",""
"2022108286","0900","0","0","0","1","0","0","0","0","0","8","0","","67","11","2022","2","40.01025","-75.096111","0856","6","0","0","0","0","0","0","0","0","","0","0","0","","","1","N","0","","40 00:36.900","","0","75 05:46.000","3","0","0","0","67301","1","0","0","N","0","0","0","2","67301","0","","1.0","","1","N","N","N","1","","1","0","0","","0","","","2","1","1","0","0","0","0","2","0","1","","03","","N","","","","","","","","","",""
"2022108284","1000","1","0","0","0","0","0","0","0","0","1","0","","67","11","2022","6","39.983937","-75.102289","0956","6","0","0","0","0","0","1","0","0","","0","0","0","","","1","N","0","","39 59:02.172","","0","75 06:08.241","4","0","0","0","67301","0","0","0","N","0","0","0","2","67301","1","","1.0","","9","N","N","N","0","","0","0","1","","0","","","2","1","0","0","0","0","0","2","0","2","","04","","N","","","","","","","","","",""
"2022113976","1655","1","0","0","0","0","0","0","0","0","7","0","","67","12","2022","5","40.047801","-75.164383","1650","6","1","0","0","0","0","0","0","0","","0","0","0","","","1","","1","","40 02:52.083","","0","75 09:51.778","2","0","0","0","67301","0","0","0","N","0","0","0","1","67301","0","","5.0","","1","N","N","N","0","","0","1","0","","3","","","1","1","0","0","0","0","0","2","0","1","","03","","N","","","","","","","","","",""
"2022109440","1658","0","0","0","0","0","0","0","0","0","1","0","","67","11","2022","6","39.989026","-75.08775","1627","6","0","0","0","0","0","1","0","0","","0","0","0","","","0","N","0","","39 59:20.494","","0","75 05:15.901","0","0","0","0","67301","0","0","0","N","0","0","0","2","68K01","0","","1.0","","1","N","N","N","0","","0","0","2","","0","","","2","0","1","0","0","0","0","2","0","2","","","","N","","","","","","","","","",""
"2022096779","0959","1","0","0","0","0","0","0","0","0","1","0","","67","10","2022","3","40.019831","-75.148893","0952","6","0","0","0","0","0","1","0","0","","0","0","0","","","2","N","0","","40 01:11.390","2","1","75 08:56.013","4","0","0","0","67301","0","0","0","N","0","0","0","2","67301","2","","1.0","1020.0","1","N","N","N","0","","0","0","1","","0","N","","2","2","2","0","0","0","0","2","0","2","","","","N","","","","","","","","","",""
"2022096770","0359","1","0","0","0","0","0","0","0","0","2","0","","67","10","2022","1","40.017344","-75.173217","0346","6","0","0","0","0","0","0","0","0","","0","0","0","","","1","N","0","","40 01:02.437","","0","75 10:23.581","3","0","0","0","67301","0","0","0","N","0","0","0","2","67301","0","","1.0","","1","N","N","N","1","","1","0","0","","0","","","2","1","0","0","0","0","1","2","0","2","","03","","N","","","","","","","","","",""
"2022110250","1430","2","0","0","0","0","0","0","0","0","4","0","","67","11","2022","1","40.025464","-75.123484","1415","6","0","0","0","0","0","0","0","0","","0","0","0","","","4","","1","","40 01:31.670","3","0","75 07:24.541","4","0","0","0","67301","0","0","0","N","0","0","0","4","67301","1","","1.0","100.0","1","N","N","N","0","","0","0","0","","1","Y","","2","4","4","0","0","3","0","2","0","2","","","","N","","","","","","","","","",""
"2022113339","1720","0","0","0","0","0","0","0","0","0","2","0","","67","10","2022","4","39.998317","-75.149866","1714","6","0","0","0","0","0","2","0","0","","0","0","0","","","3","","1","","39 59:53.941","","0","75 08:59.517","3","0","0","0","67301","0","0","0","N","0","0","0","5","67301","0","","1.0","","1","N","N","N","0","","3","0","1","","2","","","2","3","0","0","0","0","1","2","1","2","","03","","N","","","","","","","","","",""
"2022121336","0030","1","0","0","0","0","0","0","0","0","4","0","","67","11","2022","5","39.95762","-75.145687","0030","6","0","0","0","0","0","0","0","0","","0","0","0","","","0","","1","","39 57:27.432","","0","75 08:44.473","0","0","0","0","67301","0","0","0","N","0","0","0","2","67301","0","","1.0","","1","N","N","N","0","","0","0","1","","2","","","2","0","0","0","0","0","0","2","0","2","","","","N","","","","","","","","","",""
"2022112209","1955","1","0","0","0","0","0","0","0","0","7","0","","67","11","2022","4","39.955834","-75.154173","1954","6","0","0","0","0","0","1","0","0","","0","0","0","","","1","","2","","39 57:21.002","7","0","75 09:15.022","3","0","0","0","67301","0","0","0","N","0","0","0","1","67301","0","","4.0","100.0","1","N","N","N","0","","1","0","0","","0","Y","","1","1","1","0","0","0","0","2","0","1","","03","","N","","","","","","","","","",""
"2022106509","0900","1","0","0","0","0","0","0","0","0","1","0","","67","11","2022","7","39.967294","-75.212639","0837","6","0","0","0","0","0","0","0","0","","0","0","0","","","0","N","0","","39 58:02.260","","0","75 12:45.500","0","0","0","0","67301","0","0","0","N","0","0","0","1","67301","0","","6.0","","9","N","N","N","0","","0","0","1","","0","","","2","0","1","0","0","0","0","2","0","2","","04","","N","","","","","","","","","",""
"2022116670","1750","2","0","0","0","0","0","0","0","0","1","0","","67","12","2022","5","40.045637","-75.128489","1750","6","0","0","0","0","0","1","0","0","","0","0","0","","","2","","1","","40 02:44.292","","0","75 07:42.562","3","0","0","0","67301","0","0","0","N","0","0","0","4","67301","0","","1.0","","1","N","N","N","1","","1","0","0","","2","","","3","2","2","0","0","1","0","2","0","3","","","","N","","","","","","","","","",""
"2022117268","0825","1","0","0","0","0","0","0","0","0","1","0","","67","12","2022","5","39.958951","-75.228946","0820","6","0","0","0","0","0","1","0","0","","0","0","0","","","0","","1","","39 57:32.224","","0","75 13:44.207","9","0","0","0","67301","0","0","0","N","0","0","0","3","67301","0","","1.0","","1","N","N","N","0","","0","0","2","","2","","","3","0","0","0","0","0","2","2","0","3","","03","","N","","","","","","","","","",""
"2022124480","1600","2","0","0","0","0","0","0","0","0","4","0","","67","11","2022","2","39.960679","-75.141393","1600","6","0","0","0","0","0","0","0","0","","0","0","0","","","1","","1","","39 57:38.443","","0","75 08:29.016","3","0","0","0","67301","0","0","0","N","0","0","0","2","67301","0","","1.0","","9","N","N","N","0","","1","0","0","","2","","","2","1","0","0","0","0","1","2","0","2","","03","","N","","","","","","","","","",""
"2022121080","1240","1","0","0","0","0","0","0","0","0","8","0","","67","12","2022","6","39.943415","-75.155269","1241","6","0","0","0","0","0","0","0","0","","0","0","0","","","1","","1","","39 56:36.293","","0","75 09:18.968","4","0","0","0","67301","1","0","0","N","1","0","0","2","67301","1","","1.0","","1","N","N","N","0","","0","0","0","","2","","","2","1","0","0","0","0","1","2","0","1","","03","","N","","","","","","","","","",""
"2022100710","2019","1","0","0","0","0","0","0","0","0","7","0","","67","10","2022","5","39.912444","-75.173917","2018","6","0","0","0","0","0","1","0","0","","0","0","0","","","0","","7","","39 54:44.800","3","8","75 10:26.100","0","0","0","0","67301","0","0","0","N","0","0","0","1","67501","0","","7.0","2037.0","1","N","N","N","0","","0","0","0","","0","Y","","1","0","0","0","0","0","0","2","0","1","","","","N","","","","","","","","","",""
"2022120135","2210","1","0","0","0","0","0","0","0","0","7","0","","67","12","2022","4","40.00075","-75.15745","2206","6","0","0","1","0","0","0","0","0","","0","0","0","","","0","N","0","","40 00:02.700","2","0","75 09:26.820","0","0","0","0","67301","0","0","0","N","0","0","0","1","67301","0","","5.0","2300.0","1","N","N","N","0","","0","0","0","","0","Y","","1","0","1","0","0","0","0","2","0","1","","04","","N","","","","","","","","","",""
"2022119270","0945","1","0","0","0","0","0","0","0","0","4","0","","67","12","2022","5","39.96445","-75.160888","0932","6","0","0","0","0","0","0","0","0","","0","0","0","","","2","","1","","39 57:52.020","","0","75 09:39.197","3","0","0","0","67301","0","0","0","N","0","0","0","2","67301","0","","1.0","","9","N","N","N","0","","2","0","1","","0","","","2","2","0","0","0","0","0","2","0","2","","07","","N","","","","","","","","","",""
"2022120484","1820","0","0","0","0","0","0","0","0","0","7","0","","67","12","2022","7","40.120153","-75.017315","1817","6","0","0","0","0","0","0","0","0","","0","0","0","","","2","N","0","","40 07:12.550","","0","75 01:02.335","3","0","0","0","67301","0","0","0","N","0","0","0","2","67301","0","","4.0","","1","N","N","N","0","","1","0","1","","0","","","1","2","0","0","0","1","0","2","0","1","","","","N","","","","","","","","","",""
"2022121798","0129","3","0","0","0","0","0","0","0","0","5","0","","67","12","2022","2","39.934436","-75.169808","0126","6","0","0","0","0","0","0","0","0","","0","0","0","","","0","N","0","","39 56:03.970","","0","75 10:11.310","0","0","0","0","67301","0","0","0","N","0","0","0","1","67301","0","","6.0","","1","N","N","N","0","","0","0","1","","0","","","4","0","1","0","0","0","0","2","0","4","","03","","N","","","","","","","","","",""
"2022114090","2058","1","0","0","0","0","0","0","0","0","4","0","","67","12","2022","5","40.018024","-75.155028","2057","6","0","0","0","0","0","0","0","0","","0","0","0","","","0","","2","","40 01:04.885","3","0","75 09:18.101","9","0","0","0","67301","0","0","0","N","0","0","0","1","67301","0","","1.0","2150.0","1","N","N","N","0","","0","0","2","","2","Y","","3","0","0","0","0","0","1","2","0","3","","03","","N","","","","","","","","","",""
"2022112259","1815","0","0","0","1","0","0","0","0","0","8","0","","67","11","2022","4","39.973575","-75.247212","1800","6","0","0","0","0","0","0","0","0","","0","0","0","","","1","","1","","39 58:24.870","","0","75 14:49.963","8","0","0","0","67301","1","0","0","N","0","0","0","2","67301","0","","1.0","","1","N","N","N","0","","0","0","0","","3","","","2","1","0","0","0","1","0","2","0","1","","03","","N","","","","","","","","","",""
"2022122931","0410","3","0","1","0","0","0","0","0","0","1","0","","67","12","2022","5","39.948628","-75.221186","0406","6","0","0","0","0","0","0","0","0","","0","0","0","","","2","N","0","","39 56:55.060","","0","75 13:16.270","2","0","0","0","67301","0","0","0","N","0","0","0","4","67301","0","","1.0","","1","N","N","N","0","","0","2","0","","0","","","4","2","1","0","1","0","1","2","0","4","","03","","N","","","","","","","","","",""
"2022115445","0214","3","0","0","0","0","0","0","0","0","5","0","","67","11","2022","7","39.990425","-75.233444","0209","6","0","0","0","0","0","1","0","0","","0","0","0","","","1","N","0","","39 59:25.530","2","0","75 14:00.400","8","0","0","0","67301","0","0","0","N","0","0","0","1","67301","0","","6.0","320.0","9","N","N","N","0","","0","0","0","","0","N","","3","1","0","0","0","1","0","2","0","3","","07","","N","","","","","","","","","",""
"2022113605","1544","1","0","0","0","0","0","0","0","0","4","0","","67","11","2022","2","40.016893","-75.049739","1544","6","0","0","0","0","0","1","0","0","","0","0","0","","","2","","3","","40 01:00.813","2","0","75 02:59.062","4","0","0","0","67301","0","0","0","N","0","0","0","3","67301","2","","1.0","1615.0","1","N","N","N","0","","0","0","0","","2","Y","","2","2","0","0","0","0","0","2","1","2","","03","","N","","","","","","","","","",""
"2022098740","0010","0","0","0","1","0","0","0","0","0","8","0","","67","10","2022","1","39.995216","-75.154183","0010","6","0","0","0","0","0","0","0","0","","0","0","0","","","1","","2","","39 59:42.779","","0","75 09:15.057","3","0","0","0","67301","1","0","0","N","0","0","0","2","67301","0","","1.0","","1","N","N","N","0","","1","0","0","","3","","","2","1","0","0","0","0","0","2","0","1","","03","","N","","","","","","","","","",""
"2022122784","2045","0","0","0","0","0","0","0","0","0","5","0","","67","12","2022","7","39.96784","-75.228147","2044","6","0","0","0","0","0","0","0","0","","0","0","0","","","1","","1","","39 58:04.224","","0","75 13:41.328","3","0","0","0","67301","0","0","0","N","0","0","0","6","67301","0","","1.0","","1","N","N","N","0","","1","0","3","","2","","","3","1","0","0","0","0","0","2","0","3","","03","","N","","","","","","","","","",""
"2022121952","1553","1","0","0","0","0","0","0","0","0","8","0","","67","12","2022","2","39.955499","-75.24211","1553","6","0","0","0","0","0","0","0","0","","0","0","0","","","1","","1","","39 57:19.796","","0","75 14:31.596","3","0","0","0","67301","1","0","0","N","1","0","0","2","67301","0","","1.0","","1","N","N","N","0","","1","0","0","","3","","","2","1","1","0","0","0","0","2","0","1","","03","","N","","","","","","","","","",""
"2022119928","0919","0","0","0","0","0","0","0","0","0","4","0","","67","12","2022","6","40.087211","-75.032756","0909","6","1","0","0","0","0","0","0","0","","0","0","0","","","0","","1","","40 05:13.959","","0","75 01:57.921","0","0","0","0","67301","0","0","0","N","0","0","0","3","67301","0","","1.0","","9","N","N","N","0","","0","0","1","","3","","","2","0","0","0","0","0","0","2","1","2","","07","","N","","","","","","","","","",""
"2022096773","1940","1","0","0","1","0","0","0","0","0","8","0","","67","10","2022","1","39.997942","-75.172769","1932","6","0","0","0","0","0","0","0","0","","0","0","0","","","1","N","0","","39 59:52.590","","0","75 10:21.970","3","0","0","0","67301","1","0","0","N","0","0","0","2","67301","0","","1.0","","1","N","N","N","0","","1","0","0","","0","","","2","1","0","0","0","0","0","2","0","1","","","","N","","","","","","","","","",""
"2022112914","0130","2","0","0","0","0","0","0","0","0","4","0","","67","11","2022","1","39.975162","-75.188163","0124","6","0","0","0","0","0","0","0","0","","0","0","0","","","3","","1","","39 58:30.584","","0","75 11:17.385","3","0","0","0","67301","0","0","0","N","0","0","0","3","67301","1","","1.0","","9","N","N","N","0","","2","0","0","","2","","","2","3","0","0","0","0","0","2","0","2","","07","","N","","","","","","","","","",""
"2022122792","1708","0","0","0","0","0","0","0","0","0","4","0","","67","12","2022","5","39.98791","-75.182232","1707","6","0","0","0","0","0","0","0","0","","0","0","0","","","1","","5","","39 59:16.475","","0","75 10:56.036","3","0","0","0","67301","0","0","0","N","0","0","0","2","67301","0","","1.0","","9","N","N","N","0","","1","0","0","","2","","","2","1","0","0","0","0","1","2","1","2","","07","","N","","","","","","","","","",""
"2022115642","1755","1","0","0","0","0","0","0","0","0","4","0","","67","12","2022","1","40.000061","-75.128296","1739","6","0","0","0","1","0","0","0","0","","0","0","0","","","2","","1","","40 00:00.219","","0","75 07:41.865","3","0","0","0","67301","0","0","0","N","0","0","0","3","67301","1","","1.0","","1","N","N","N","0","","1","0","1","","3","","","2","2","0","0","0","0","0","2","0","2","","03","","N","","","","","","","","","",""
"2022124546","2225","1","0","0","0","0","0","1","0","0","6","1","","67","12","2022","4","40.012474","-75.152099","2221","6","0","1","0","0","0","0","0","0","","0","0","0","","","1","","5","","40 00:44.907","","0","75 09:07.557","4","0","0","0","67301","0","0","0","N","0","0","0","4","67508","1","","1.0","","1","N","N","Y","0","","0","0","0","","2","","","3","1","1","0","0","0","1","2","1","3","","03","","N","","","","","","","","","",""
"2022124508","1830","0","0","0","0","0","0","0","0","0","1","0","","67","11","2022","4","40.005583","-75.151929","1814","6","0","0","0","0","0","2","0","0","","0","0","0","","","1","N","0","","40 00:20.100","","0","75 09:06.944","3","0","0","0","67301","0","0","0","N","0","0","0","3","67301","0","","1.0","","1","N","N","N","0","","1","0","2","","0","","","2","1","2","0","0","0","0","2","0","2","","","","N","","","","","","","","","",""
"2022097192","0958","1","0","0","0","0","0","0","0","0","1","0","","67","10","2022","3","40.019831","-75.148893","0952","6","0","0","0","0","0","0","1","0","","0","0","0","","","4","N","0","","40 01:11.390","2","1","75 08:56.013","4","0","0","0","67301","0","0","0","N","0","0","0","4","67301","4","","1.0","1030.0","1","N","N","Y","0","","0","0","3","","0","N","","4","4","2","0","0","0","0","2","0","4","","","","N","","","","","","","","","",""
"2022115638","0630","1","0","0","0","0","0","0","0","0","8","0","","67","11","2022","3","39.990815","-75.123654","0623","6","0","0","0","0","0","0","0","0","","0","0","0","","","1","","3","","39 59:26.934","","1","75 07:25.154","3","0","0","0","67301","1","0","0","N","1","0","0","2","67301","0","","1.0","","9","N","N","N","0","","1","0","0","","0","","","2","1","0","0","0","0","1","2","0","1","","07","","N","","","","","","","","","",""
"2022098380","2104","0","0","0","0","0","0","0","0","0","4","0","","67","10","2022","3","39.976009","-75.239387","2057","6","0","0","0","0","0","0","1","0","","0","0","0","","","2","","1","","39 58:33.632","6","0","75 14:21.793","4","0","0","0","67301","0","0","0","N","0","0","0","3","67301","2","","1.0","2220.0","1","N","N","N","0","","0","0","3","","3","Y","","3","2","0","0","0","0","1","2","0","3","","03","","N","","","","","","","","","",""
"2022106632","2123","2","0","0","0","0","0","0","0","0","4","0","","67","11","2022","7","40.023738","-75.046109","2117","6","0","0","0","0","0","0","0","0","","0","0","0","","","2","","1","","40 01:25.456","","0","75 02:45.992","3","0","0","0","67301","0","0","0","N","0","0","0","2","67301","0","","1.0","","1","N","N","N","0","","2","0","0","","3","","","2","2","0","0","0","0","0","2","0","2","","03","","N","","","","","","","","","",""
"2022110549","2039","0","0","0","0","0","0","0","0","0","8","0","","67","11","2022","6","40.022506","-75.077904","2028","6","0","0","0","0","0","0","0","0","","0","0","0","","","1","N","0","","40 01:21.023","","0","75 04:40.456","8","0","0","0","67301","1","0","0","N","1","0","0","2","67301","0","","1.0","","1","N","N","N","0","","0","0","1","","0","","","2","1","0","0","0","1","0","2","0","1","","03","","N","","","","","","","","","",""
"2022109021","2359","0","0","0","0","0","0","0","0","0","4","0","","67","11","2022","5","40.077094","-75.071606","2356","6","0","0","1","0","0","1","0","0","","0","0","0","","","0","","1","","40 04:37.539","","0","75 04:17.780","0","0","0","0","67301","0","0","0","N","0","0","0","4","67301","0","","1.0","","1","N","N","N","0","","0","0","1","","3","","","2","0","0","0","0","0","0","2","1","2","","03","","N","","","","","","","","","",""