"CRN","ARRIVAL_TM","AUTOMOBILE_COUNT","BELTED_DEATH_COUNT","BELTED_SUSP_SERIOUS_INJ_COUNT","BICYCLE_COUNT","BICYCLE_DEATH_COUNT","BICYCLE_SUSP_SERIOUS_INJ_COUNT","BUS_COUNT","CHLDPAS_DEATH_COUNT","CHLDPAS_SUSP_SERIOUS_INJ_COUNT","COLLISION_TYPE","COMM_VEH_COUNT","CONS_ZONE_SPD_LIM","COUNTY","CRASH_MONTH","CRASH_YEAR","DAY_OF_WEEK","DEC_LATITUDE","DEC_LONGITUDE","DISPATCH_TM","DISTRICT","DRIVER_COUNT_16YR","DRIVER_COUNT_17YR","DRIVER_COUNT_18YR","DRIVER_COUNT_19YR","DRIVER_COUNT_20YR","DRIVER_COUNT_50_64YR","DRIVER_COUNT_65_74YR","DRIVER_COUNT_75PLUS","EST_HRS_CLOSED","FATAL_COUNT","HEAVY_TRUCK_COUNT","HORSE_BUGGY_COUNT","HOUR_OF_DAY","ILLUMINATION","INJURY_COUNT","INTERSECTION_RELATED","INTERSECT_TYPE","LANE_CLOSED","LATITUDE","LN_CLOSE_DIR","LOCATION_TYPE","LONGITUDE","MAX_SEVERITY_LEVEL","MCYCLE_DEATH_COUNT","MCYCLE_SUSP_SERIOUS_INJ_COUNT","MOTORCYCLE_COUNT","MUNICIPALITY","NONMOTR_COUNT","NONMOTR_DEATH_COUNT","NONMOTR_SUSP_SERIOUS_INJ_COUNT","NTFY_HIWY_MAINT","PED_COUNT","PED_DEATH_COUNT","PED_SUSP_SERIOUS_INJ_COUNT","PERSON_COUNT","POLICE_AGCY","POSSIBLE_INJ_COUNT","RDWY_SURF_TYPE_CD","RELATION_TO_ROAD","ROADWAY_CLEARED","ROAD_CONDITION","SCH_BUS_IND","SCH_ZONE_IND","SECONDARY_CRASH","SMALL_TRUCK_COUNT","SPEC_JURIS_CD","SUSP_MINOR_INJ_COUNT","SUSP_SERIOUS_INJ_COUNT","SUV_COUNT","TCD_FUNC_CD","TCD_TYPE","TFC_DETOUR_IND","TIME_OF_DAY","TOTAL_UNITS","TOT_INJ_COUNT","UNBELTED_OCC_COUNT","UNB_DEATH_COUNT","UNB_SUSP_SERIOUS_INJ_COUNT","UNK_INJ_DEG_COUNT","UNK_INJ_PER_COUNT","URBAN_RURAL","VAN_COUNT","VEHICLE_COUNT","WEATHER1","WEATHER2","WORKERS_PRES","WORK_ZONE_IND","WORK_ZONE_LOC","WORK_ZONE_TYPE","WZ_CLOSE_DETOUR","WZ_FLAGGER","WZ_LAW_OFFCR_IND","WZ_LN_CLOSURE","WZ_MOVING","WZ_OTHER","WZ_SHLDER_MDN","WZ_WORKERS_INJ_KILLED"
"2022109355","1900","4","0","0","0","0","0","0","0","0","6","0","","67","11","2022","5","39.925564","-75.243075","1900","6","0","0","0","0","1","0","0","0","","0","0","0","","","1","N","0","","39 55:32.030","","0","75 14:35.070","8","0","0","0","67301","0","0","0","N","0","0","0","1","67301","0","","6.0","","1","N","N","N","0","","0","0","0","","0","","","4","1","0","0","0","1","0","2","0","4","","03","","N","","","","","","","","","",""
"2022106146","1255","1","0","0","0","0","0","0","0","0","4","0","","67","11","2022","6","40.058751","-75.050583","1241","6","0","0","0","1","0","0","0","0","","0","0","0","","","1","","1","","40 03:31.504","","0","75 03:02.099","3","0","0","0","67301","0","0","0","N","0","0","0","3","67301","0","","1.0","","9","N","N","N","0","","1","0","0","","3","","","2","1","0","0","0","0","0","2","1","2","","07","","N","","","","","","","","","",""
"2022097783","1852","0","0","0","0","0","0","0","0","0","8","0","","67","10","2022","3","40.034746","-75.130874","1852","6","0","0","0","0","0","0","0","0","","0","0","0","","","1","","1","","40 02:05.085","","0","75 07:51.146","2","0","0","0","67301","1","0","1","N","1","0","1","2","67301","0","","1.0","","99","N","N","N","0","","0","1","0","","2","","","2","1","0","0","0","0","0","2","0","1","","","","N","","","","","","","","","",""
"2022120490","1922","1","0","0","0","0","0","0","0","0","4","0","","67","11","2022","5","39.957843","-75.225322","1922","6","0","0","0","0","0","0","0","0","","0","0","0","","","0","N","0","","39 57:28.236","1","7","75 13:31.160","0","0","0","0","67301","0","0","0","N","0","0","0","2","67301","0","","1.0","2030.0","1","N","N","N","0","","0","0","1","","0","N","","2","0","2","0","0","0","0","2","0","2","","03","","N","","","","","","","","","",""
"2022095863","0300","1","0","0","0","0","0","0","0","0","7","0","","67","10","2022","1","39.955776","-75.180698","0253","6","0","0","0","0","0","0","0","0","","0","0","0","","","0","","3","","39 57:20.795","","3","75 10:50.512","9","0","0","0","67301","0","0","0","N","0","0","0","2","67301","0","","4.0","","1","N","N","N","0","","0","0","0","","2","","","1","0","0","0","0","0","1","2","0","1","","03","","N","","","","","","","","","",""
"2022101040","0021","4","0","0","0","0","0","0","0","0","7","0","","67","10","2022","1","40.048878","-74.998023","0005","6","0","0","0","0","0","0","0","0","","0","0","0","","","1","N","0","","40 02:55.960","2","0","74 59:52.884","8","0","0","0","67301","0","0","0","N","0","0","0","5","68K01","0","","4.0","100.0","1","N","N","N","0","","0","0","0","","0","N","","4","1","1","0","0","1","0","2","0","4","","03","","N","","","","","","","","","",""
"2022108278","0034","1","0","0","0","0","0","0","0","0","4","0","","67","11","2022","4","39.955742","-75.215629","0034","6","0","0","0","0","0","0","0","0","","0","0","0","","","1","","1","","39 57:20.670","4","0","75 12:56.264","8","0","0","0","67301","0","0","0","N","0","0","0","2","67301","0","","1.0","230.0","9","N","N","Y","0","","0","0","1","","2","N","","3","1","1","0","0","1","0","2","1","3","","07","","N","","","","","","","","","",""
"2022120888","0517","1","0","0","0","0","0","0","0","0","5","0","","67","12","2022","6","40.040089","-75.059318","0500","6","0","0","0","0","0","2","0","0","","0","0","0","","","0","N","0","","40 02:24.322","2","0","75 03:33.546","0","0","0","0","67301","0","0","0","N","0","0","0","2","67301","0","","1.0","545.0","1","N","N","Y","0","","0","0","1","","0","Y","","2","0","0","0","0","0","0","2","0","2","","03","","N","","","","","","","","","",""
"2022104969","0327","3","0","0","0","0","0","0","0","0","5","0","","67","10","2022","7","40.010864","-75.139428","0327","6","0","0","0","0","0","0","0","0","","1","0","0","","","0","N","0","","40 00:39.110","","0","75 08:21.940","1","0","0","0","67301","0","0","0","N","0","0","0","2","67301","0","2","6.0","","1","N","N","N","0","0","0","0","1","","0","","","4","0","0","0","0","0","0","2","0","4","","","","N","","","","","","","","","",""
"2022113195","0217","1","0","0","0","0","0","0","0","0","7","0","","67","11","2022","7","40.013822","-75.125842","0214","6","0","0","0","0","0","0","0","0","","0","0","0","","","2","N","0","","40 00:49.760","","0","75 07:33.030","2","0","0","0","67301","0","0","0","N","0","0","0","3","67301","0","","4.0","","9","N","N","N","0","","1","1","0","","0","","","1","2","2","0","0","0","1","2","0","1","","07","","N","","","","","","","","","",""
"2022105124","0830","0","0","0","0","0","0","0","0","0","4","0","","67","11","2022","4","40.076631","-74.992472","0825","6","0","0","0","0","0","0","0","0","","0","0","0","","","1","","1","","40 04:35.871","1","0","74 59:32.899","3","0","0","0","67301","0","0","0","N","0","0","0","3","67301","0","","1.0","850.0","1","N","N","N","0","","1","0","2","","3","N","","2","1","0","0","0","0","0","2","0","2","","","","N","","","","","","","","","",""
"2022096676","0241","1","0","0","0","0","0","0","0","0","1","0","","67","10","2022","1","39.968611","-75.127924","0229","6","0","0","0","0","0","0","0","0","","0","0","0","","","0","N","0","","39 58:07.001","","3","75 07:40.527","9","0","0","0","67301","0","0","0","N","0","0","0","2","68K01","0","","1.0","","1","N","N","N","0","","0","0","1","","0","","","2","0","0","0","0","0","1","2","0","2","","","","N","","","","","","","","","",""
"2022105986","1410","1","0","0","0","0","0","0","0","0","4","0","","67","11","2022","6","40.01563","-75.186844","1405","6","0","0","0","0","0","1","1","0","","0","0","0","","","1","N","0","","40 00:56.268","","0","75 11:12.637","3","0","0","0","67301","0","0","0","N","0","0","0","2","67301","0","","1.0","","9","N","N","N","0","","1","0","1","","0","","","2","1","1","0","0","0","0","2","0","2","","07","","N","","","","","","","","","",""
"2022105489","1545","1","0","0","0","0","0","0","0","0","1","0","","67","11","2022","5","40.006831","-75.19341","1536","6","0","0","0","0","0","1","0","0","","0","0","0","","","1","N","0","","40 00:24.590","","3","75 11:36.277","8","0","0","0","67301","0","0","0","N","0","0","0","3","67301","0","","1.0","","1","N","N","N","0","","0","0","0","","0","","","2","1","1","0","0","1","0","2","1","2","","03","","N","","","","","","","","","",""
"2022105367","1945","1","0","0","0","0","0","0","0","0","5","0","","67","10","2022","1","39.996083","-75.104451","1945","6","0","0","0","0","0","0","0","0","","0","0","0","","","1","N","0","","39 59:45.897","","0","75 06:16.022","4","0","0","1","67301","0","0","0","N","0","0","0","2","67301","1","","1.0","","1","N","N","N","0","","0","0","0","","0","","","2","1","0","0","0","0","0","2","0","2","","03","","N","","","","","","","","","",""
"2022108071","0012","1","0","0","0","0","0","0","0","0","8","0","","67","11","2022","6","39.955497","-75.213652","0009","6","0","0","0","0","0","0","0","0","","0","0","0","","","1","","1","","39 57:19.789","","0","75 12:49.146","2","0","0","0","67301","1","0","1","N","1","0","1","2","67301","0","","1.0","","1","N","N","N","0","","0","1","0","","2","","","2","1","0","0","0","0","1","2","0","1","","03","","N","","","","","","","","","",""
"2022107728","1850","0","0","0","0","0","0","0","0","0","4","0","","67","11","2022","2","40.018805","-75.164479","1842","6","0","0","0","0","0","0","0","0","","0","0","0","","","1","N","0","","40 01:07.697","3","0","75 09:52.124","3","0","0","0","67301","0","0","0","N","0","0","0","3","67301","0","","1.0","1915.0","1","N","N","N","0","","1","0","2","","0","N","","2","1","0","0","0","0","0","2","0","2","","","","N","","","","","","","","","",""
"2022118475","0150","0","0","0","0","0","0","0","0","0","0","0","","67","11","2022","1","39.982278","-75.207735","0150","6","0","0","0","0","0","0","0","0","","0","0","0","","","1","N","0","","39 58:56.201","","0","75 12:27.846","4","0","0","0","67301","0","0","0","N","0","0","0","1","68K01","1","","5.0","","9","N","N","N","0","","0","0","1","","0","","","1","1","0","0","0","0","0","2","0","1","","07","","N","","","","","","","","","",""
"2022097186","1658","1","0","0","0","0","0","0","0","0","4","0","","67","10","2022","3","39.962023","-75.228299","1654","6","0","0","0","0","0","0","0","0","","0","0","0","","","1","","1","","39 57:43.282","","0","75 13:41.876","2","0","1","1","67301","0","0","0","N","0","0","0","2","67301","0","","1.0","","1","N","N","N","0","","0","1","0","","3","","","2","1","1","0","0","0","0","2","0","2","","03","","N","","","","","","","","","",""
"2022097183","0000","1","0","0","0","0","0","0","0","0","4","0","","67","10","2022","3","39.966585","-75.213525","1159","6","0","0","0","0","0","0","0","0","","0","0","0","","","3","","1","","39 57:59.705","6","0","75 12:48.690","3","0","0","0","67301","0","0","0","N","0","0","0","3","67301","0","","1.0","134.0","1","N","N","N","0","","3","0","1","","2","N","","2","3","0","0","0","0","0","2","0","2","","03","","N","","","","","","","","","",""
"2022120326","1221","0","0","0","0","0","0","0","0","0","8","0","","67","12","2022","7","39.986858","-75.169508","1212","6","0","0","0","0","0","1","0","0","","0","0","0","","","1","N","0","","39 59:12.690","","0","75 10:10.230","8","0","0","0","67301","1","0","0","N","1","0","0","2","67301","0","","1.0","","1","N","N","N","0","","0","0","1","","0","","","2","1","0","0","0","1","0","2","0","1","","03","","N","","","","","","","","","",""
"2022096733","2304","1","0","0","0","0","0","0","0","0","4","0","","67","10","2022","2","40.004698","-75.077573","2303","6","0","0","0","0","0","0","0","0","","0","0","0","","","1","","1","","40 00:16.912","","0","75 04:39.262","4","0","0","0","67301","0","0","0","N","0","0","0","3","67301","1","","1.0","","1","N","N","N","0","","0","0","2","","3","","","3","1","0","0","0","0","1","2","0","3","","","","N","","","","","","","","","",""
"2022121352","1030","0","0","0","0","0","0","0","0","0","4","0","","67","12","2022","2","40.041885","-75.033445","1017","6","0","0","0","0","0","1","0","0","","0","0","0","","","2","","1","","40 02:30.785","","0","75 02:00.402","3","0","0","0","67301","0","0","0","N","0","0","0","3","67301","0","","1.0","","1","N","N","N","2","","2","0","1","","3","","","3","2","0","0","0","0","0","2","0","3","","03","","N","","","","","","","","","",""
"2022095726","1952","3","0","0","0","0","0","0","0","0","5","0","","67","10","2022","1","39.980916","-75.157456","1921","6","0","0","0","0","0","0","0","0","","0","0","0","","","0","N","0","","39 58:51.298","2","0","75 09:26.841","0","0","0","0","67301","0","0","0","N","0","0","0","1","67505","0","","6.0","2014.0","1","N","N","N","0","","0","0","0","","0","N","","3","0","0","0","0","0","0","2","0","3","","03","","N","","","","","","","","","",""
"2022119016","0120","0","0","0","0","0","0","0","0","0","8","0","","67","12","2022","5","39.954861","-75.172942","0115","6","0","0","0","0","0","0","0","0","","0","0","0","","","1","N","0","","39 57:17.500","","0","75 10:22.590","2","0","0","0","67301","1","0","1","N","1","0","1","2","67301","0","","1.0","","1","N","N","N","0","","0","1","1","","0","","","2","1","0","0","0","0","0","2","0","1","","03","","N","","","","","","","","","",""
"2022108277","2120","0","0","0","0","0","0","0","0","0","4","0","","67","11","2022","6","39.957208","-75.22748","2120","6","0","0","0","0","0","0","0","0","","0","0","0","","","0","","1","","39 57:25.948","","0","75 13:38.927","0","0","0","0","67301","0","0","0","N","0","0","0","2","67301","0","","1.0","","9","N","N","N","0","","0","0","2","","2","","","2","0","0","0","0","0","0","2","0","2","","04","","N","","","","","","","","","",""
"2022098066","1940","1","0","0","0","0","0","0","0","0","4","0","","67","10","2022","4","40.013391","-75.184124","1855","6","0","0","0","0","0","0","0","1","","0","0","0","","","2","","2","","40 00:48.207","","0","75 11:02.845","3","0","0","0","67301","0","0","0","N","0","0","0","2","67301","0","","1.0","","1","N","N","N","0","","2","0","1","","3","","","2","2","0","0","0","0","0","2","0","2","","03","","N","","","","","","","","","",""
"2022107028","0125","1","0","0","0","0","0","0","0","0","7","0","","67","11","2022","6","39.977742","-75.200106","0125","6","0","0","0","0","0","0","0","0","","0","0","0","","","0","N","0","","39 58:39.870","","0","75 12:00.380","9","0","0","0","67301","0","0","0","N","0","0","0","1","67301","0","","4.0","","1","N","N","N","0","","0","0","0","","0","","","1","0","0","0","0","0","1","2","0","1","","03","","N","","","","","","","","","",""
"2022110922","0110","2","0","0","0","0","0","0","0","0","4","0","","67","11","2022","1","40.031946","-75.038938","0108","6","0","0","1","0","1","0","0","0","","0","0","0","","","1","","1","","40 01:55.005","","0","75 02:20.176","3","0","0","0","67301","0","0","0","N","0","0","0","2","67301","0","","1.0","","9","N","N","N","0","","1","0","1","","3","","","3","1","0","0","0","0","0","2","0","3","","","","N","","","","","","","","","",""
"2022120903","1839","0","0","0","0","0","0","0","0","0","8","0","","67","12","2022","2","39.967306","-75.245528","1834","6","0","0","0","0","0","0","0","0","","0","0","0","","","1","N","0","","39 58:02.300","","0","75 14:43.900","8","0","0","0","67301","1","0","0","N","1","0","0","2","67301","0","","1.0","","1","N","N","N","0","","0","0","1","","0","","","2","1","0","0","0","1","0","2","0","1","","","","N","","","","","","","","","",""
"2022117426","2058","2","0","0","0","0","0","0","0","0","4","0","","67","12","2022","6","40.016855","-75.149585","2053","6","0","0","0","0","0","0","0","0","","0","0","0","","","2","","1","","40 01:00.678","","0","75 08:58.505","3","0","0","0","67301","0","0","0","N","0","0","0","3","67301","0","","1.0","","1","N","N","N","0","","2","0","0","","2","","","2","2","1","0","0","0","0","2","0","2","","03","","N","","","","","","","","","",""
"2022106643","0434","2","0","0","0","0","0","0","0","0","4","0","","67","11","2022","1","40.03054","-75.118198","0430","6","0","0","0","0","0","0","0","0","","0","0","0","","","0","","1","","40 01:49.943","","0","75 07:05.511","0","0","0","0","67301","0","0","0","N","0","0","0","2","67301","0","","1.0","","1","N","N","N","0","","0","0","0","","2","","","2","0","0","0","0","0","0","2","0","2","","03","","N","","","","","","","","","",""
"2022098903","0720","1","0","0","0","0","0","0","0","0","4","0","","67","10","2022","4","40.001433","-75.151631","0702","6","0","0","0","0","0","0","0","0","","0","0","0","","","2","","1","","40 00:05.160","","0","75 09:05.871","3","0","0","0","67301","0","0","0","N","0","0","0","3","67301","0","","1.0","","1","N","N","N","0","","2","0","2","","3","","","3","2","1","0","0","0","0","2","0","3","","","","N","","","","","","","","","",""
"2022121347","2319","1","0","0","0","0","0","0","0","0","4","0","","67","12","2022","7","40.05061","-75.177451","2319","6","0","0","0","0","0","0","0","0","","0","0","0","","","1","","1","","40 03:02.196","","0","75 10:38.823","8","0","0","0","67301","0","0","0","N","0","0","0","4","67301","0","","1.0","","1","N","N","Y","0","","0","0","1","","2","","","2","1","0","0","0","1","0","2","0","2","","03","","N","","","","","","","","","",""
"2022124481","2045","1","0","0","0","0","0","0","0","0","8","0","","67","11","2022","4","39.950526","-75.14891","2045","6","0","0","0","0","0","0","1","0","","0","0","0","","","1","","1","","39 57:01.895","","0","75 08:56.077","3","0","0","0","67301","1","0","0","N","1","0","0","2","67301","0","","1.0","","1","N","N","N","0","","1","0","0","","2","","","2","1","0","0","0","0","1","2","0","1","","03","","N","","","","","","","","","",""
"2022116797","1935","0","0","0","0","0","0","0","0","0","5","0","","67","12","2022","4","40.031694","-75.220972","1931","6","0","0","0","0","0","0","0","0","","0","0","0","","","0","N","0","","40 01:54.100","","0","75 13:15.500","9","0","0","0","67301","0","0","0","N","0","0","0","1","67301","0","","6.0","","1","N","N","N","0","","0","0","2","","0","","","2","0","0","0","0","0","1","2","0","2","","03","","N","","","","","","","","","",""
"2022120320","2023","0","0","0","0","0","0","0","0","0","8","0","","67","12","2022","7","39.925431","-75.23455","2023","6","0","0","0","0","0","0","1","0","","0","0","0","","","1","N","0","","39 55:31.550","","0","75 14:04.380","8","0","0","0","67301","1","0","0","N","1","0","0","2","67301","0","","1.0","","1","N","N","N","0","","0","0","1","","0","","","2","1","1","0","0","1","0","2","0","1","","03","","N","","","","","","","","","",""
"2022107199","1010","1","0","0","0","0","0","0","0","0","4","0","","67","11","2022","3","39.963943","-75.184723","1009","6","0","0","0","0","0","0","0","0","","0","0","0","","","1","","2","","39 57:50.196","","8","75 11:05.003","3","0","0","0","67301","0","0","0","N","0","0","0","2","67507","0","","1.0","","1","N","N","N","0","","1","0","1","","2","","","2","1","0","0","0","0","0","2","0","2","","","","N","","","","","","","","","",""
"2022117263","0831","0","0","0","0","0","0","0","0","0","1","0","","67","12","2022","3","39.975349","-75.20688","0818","6","0","0","0","0","0","0","1","0","","0","0","0","","","1","","1","","39 58:31.255","5","0","75 12:24.768","8","0","0","0","67301","0","0","0","N","0","0","0","3","67301","0","","1.0","1000.0","9","N","N","N","0","","0","0","4","","2","Y","","4","1","1","0","0","1","1","2","0","4","","07","","N","","","","","","","","","",""
"2022122941","0957","1","0","0","0","0","0","0","0","0","4","0","","67","12","2022","3","40.021773","-75.1127","0956","6","0","0","0","0","0","0","0","0","","0","0","0","","","0","","1","","40 01:18.382","","0","75 06:45.719","9","0","0","0","67301","0","0","0","N","0","0","0","2","67301","0","","1.0","","1","N","N","N","1","","0","0","0","","2","","","2","0","1","0","0","0","1","2","0","2","","","","N","","","","","","","","","",""
"2022096750","0836","2","0","0","0","0","0","0","0","0","4","0","","67","10","2022","2","39.983906","-75.186354","0830","6","0","0","0","0","0","0","1","0","","0","0","0","","","5","","1","","39 59:02.061","","0","75 11:10.874","3","0","0","0","67301","0","0","0","N","0","0","0","6","67301","0","","1.0","","1","N","N","N","0","","5","0","1","","2","","","3","5","3","0","0","0","0","2","0","3","","04","","N","","","","","","","","","",""
"2022122224","0038","0","0","0","0","0","0","0","0","0","5","0","","67","12","2022","6","39.997804","-75.218896","0035","6","0","0","0","0","0","0","0","0","","0","0","0","","","0","N","0","","39 59:52.096","6","0","75 13:08.025","0","0","0","0","67301","0","0","0","N","0","0","0","1","67301","0","","6.0","10.0","9","N","N","N","1","","0","0","1","","0","Y","","2","0","0","0","0","0","0","2","0","2","","07","","N","","","","","","","","","",""
"2022096722","","0","0","0","0","0","0","0","0","0","99","0","","67","10","2022","1","39.933698","-75.236906","","6","0","0","0","0","0","0","0","0","","0","0","0","","","1","N","0","","39 56:01.312","","0","75 14:12.861","2","0","0","0","67301","0","0","0","N","0","0","0","2","67301","0","","1.0","","1","N","N","N","0","","0","1","2","","0","","","2","1","0","0","0","0","1","2","0","2","","03","","N","","","","","","","","","",""
"2022097185","","0","0","0","0","0","0","0","0","0","8","0","","67","10","2022","4","39.973004","-75.201476","","6","0","0","0","0","0","1","0","0","","0","0","0","","","1","","1","","39 58:22.814","","0","75 12:05.313","3","0","0","0","67301","1","0","0","N","1","0","0","2","67301","0","","1.0","","1","N","N","N","0","","1","0","1","","3","","","2","1","0","0","0","0","0","2","0","1","","03","","N","","","","","","","","","",""
"2022108088","","1","0","0","0","0","0","0","0","0","4","0","","67","11","2022","2","39.970586","-75.150888","","6","0","0","0","0","1","1","0","0","","0","0","0","","","2","","1","","39 58:14.110","","1","75 09:03.197","3","0","0","0","67301","0","0","0","N","0","0","0","2","67301","0","","1.0","","1","N","N","N","0","","2","0","1","","3","","","2","2","0","0","0","0","0","2","0","2","","03","","N","","","","","","","","","",""
"2022119737","","1","0","0","0","0","0","0","0","0","5","0","","67","12","2022","6","40.038305","-75.075365","","6","0","0","0","0","0","0","0","0","","0","0","0","","","0","","1","","40 02:17.897","","0","75 04:31.313","9","0","0","0","67301","0","0","0","N","0","0","0","3","67301","0","","1.0","","9","N","N","N","0","","0","0","0","","2","","","2","0","0","0","0","0","2","2","1","2","","04","","N","","","","","","","","","",""
"2022116950","","2","0","0","0","0","0","0","0","0","5","0","","67","12","2022","6","40.005389","-75.157739","","6","0","0","0","0","0","0","0","0","","0","0","0","","","0","N","0","","40 00:19.400","","0","75 09:27.860","0","0","0","0","67301","0","0","0","N","0","0","0","1","67301","0","","6.0","","1","N","N","N","0","","0","0","0","","0","","","2","0","0","0","0","0","0","2","0","2","","03","","N","","","","","","","","","",""
"2022121359","","1","0","0","0","0","0","0","0","0","8","0","","67","12","2022","5","40.021125","-75.139925","","6","0","0","0","0","0","0","0","0","","0","0","0","","","1","","1","","40 01:16.051","","0","75 08:23.731","4","0","0","0","67301","1","0","0","N","1","0","0","2","67301","1","","1.0","","1","N","N","N","0","","0","0","0","","2","","","2","1","0","0","0","0","1","2","0","1","","03","","N","","","","","","","","","",""
"2022096769","","2","0","0","0","0","0","0","0","0","5","0","","67","10","2022","1","39.982583","-75.126972","","6","0","0","0","0","0","0","0","0","","0","0","0","","","0","N","0","","39 58:57.300","","0","75 07:37.100","0","0","0","0","67301","0","0","0","N","0","0","0","1","67301","0","","6.0","","1","N","N","N","0","","0","0","3","","0","","","5","0","1","0","0","0","0","2","0","5","","03","","N","","","","","","","","","",""
"2022112643","","0","0","0","0","0","0","0","0","0","7","1","","67","11","2022","4","39.955128","-75.147283","","6","0","0","0","0","0","1","0","0","","0","1","0","","","2","N","0","","39 57:18.460","","0","75 08:50.220","3","0","0","0","67301","0","0","0","N","0","0","0","2","68K01","0","","4.0","","9","N","N","N","0","","2","0","0","","0","","","1","2","0","0","0","0","0","2","0","1","","04","","N","","","","","","","","","",""
"2022119927","","1","0","0","0","0","0","0","0","0","4","0","","67","11","2022","3","39.9471","-75.146364","","6","0","0","0","0","0","0","0","0","","0","0","0","","","0","","1","","39 56:49.560","","0","75 08:46.912","0","0","0","0","67301","0","0","0","N","0","0","0","4","67301","0","","1.0","","9","N","N","N","0","","0","0","1","","2","","","2","0","0","0","0","0","0","2","0","2","","07","","N","","","","","","","","","",""
"2022109022","","1","0","0","0","0","0","0","0","0","4","0","","67","11","2022","4","40.094644","-75.015196","","6","0","0","0","0","0","0","0","0","","0","0","0","","","2","","1","","40 05:40.718","","0","75 00:54.707","3","0","0","0","67301","0","0","0","N","0","0","0","3","67301","0","","1.0","","1","N","N","N","0","","2","0","1","","2","","","2","2","0","0","0","0","0","2","0","2","","03","","N","","","","","","","","","",""
"2022109186","","3","0","0","0","0","0","0","0","0","4","0","","67","11","2022","4","40.037652","-75.075953","","6","0","0","0","0","0","0","0","0","","0","0","0","","","1","","2","","40 02:15.547","","0","75 04:33.430","3","0","0","0","67301","0","0","0","N","0","0","0","2","67301","0","","1.0","","1","N","N","N","0","","1","0","0","","3","","","3","1","1","0","0","0","0","2","0","3","","03","","N","","","","","","","","","",""
"2022097027","","0","0","0","0","0","0","0","0","0","8","0","","67","10","2022","3","39.965591","-75.231913","","6","0","0","0","0","0","1","0","0","","0","0","0","","","1","","5","","39 57:56.127","","0","75 13:54.886","4","0","0","0","67301","1","0","0","N","1","0","0","2","67301","1","","1.0","","1","N","N","N","0","","0","0","0","","2","","","2","1","0","0","0","0","0","2","1","1","","03","","N","","","","","","","","","",""
"2022112261","","1","0","0","0","0","0","0","0","0","2","0","","67","11","2022","7","40.001084","-75.215384","","6","0","0","0","0","0","0","1","0","","0","0","0","","","0","","5","","40 00:03.902","","0","75 12:55.382","9","0","0","0","67301","0","0","0","N","0","0","0","2","67301","0","","1.0","","1","N","N","N","0","","0","0","1","","2","","","2","0","0","0","0","0","2","2","0","2","","03","","N","","","","","","","","","",""
"2022109020","","1","0","0","0","0","0","0","0","0","5","0","","67","11","2022","5","39.916839","-75.150739","","6","0","0","0","0","0","0","0","0","","0","0","0","","","0","N","0","","39 55:00.620","","0","75 09:02.660","0","0","0","0","67301","0","0","0","N","0","0","0","1","67301","0","","6.0","","1","N","N","Y","0","","0","0","3","","0","","","5","0","0","0","0","0","0","2","1","5","","03","","N","","","","","","","","","",""
"2022120124","","0","0","0","0","0","0","0","0","0","4","0","","67","12","2022","7","39.969951","-75.230492","","6","0","1","0","0","0","0","0","0","","0","0","0","","","0","","1","","39 58:11.823","","0","75 13:49.771","0","0","0","0","67301","0","0","0","N","0","0","0","2","67301","0","","1.0","","1","N","N","N","0","","0","0","1","","0","","","2","0","0","0","0","0","0","2","1","2","","03","","N","","","","","","","","","",""
"2022112207","","1","0","0","0","0","0","0","0","0","1","0","","67","11","2022","3","39.948494","-75.157391","","6","0","0","0","0","0","0","0","0","","0","0","0","","","1","","1","","39 56:54.579","","0","75 09:26.606","3","0","0","0","67301","0","0","0","N","0","0","0","2","67301","0","","1.0","","1","N","N","N","0","","1","0","1","","2","","","2","1","0","0","0","0","0","2","0","2","","03","","N","","","","","","","","","",""
"2022123666","","2","0","0","0","0","0","0","0","0","4","0","","67","11","2022","1","39.977607","-75.160654","","6","0","0","0","0","1","0","0","0","","0","0","0","","","4","","1","","39 58:39.385","","0","75 09:38.355","3","0","0","0","67301","0","0","0","N","0","0","0","4","67301","0","","1.0","","1","N","N","N","0","","4","0","0","","3","","","2","4","0","0","0","0","0","2","0","2","","03","","N","","","","","","","","","",""
"2022097188","","1","0","0","0","0","0","0","0","0","4","0","","67","10","2022","3","39.995052","-75.163187","","6","0","0","0","0","0","0","1","0","","0","0","0","","","2","","1","","39 59:42.186","","0","75 09:47.473","3","0","0","0","67301","0","0","0","N","0","0","0","2","67301","0","","1.0","","1","N","N","N","0","","2","0","1","","2","","","2","2","0","0","0","0","0","2","0","2","","","","N","","","","","","","","","",""
"2022105526","","1","0","0","0","0","0","0","0","0","4","0","","67","11","2022","6","40.007498","-75.15028","","6","0","0","0","0","0","0","0","0","","0","0","0","","","1","","1","","40 00:26.992","","0","75 09:01.008","3","0","0","0","67301","0","0","0","N","0","0","0","2","67505","0","","1.0","","1","N","N","N","0","","1","0","1","","2","","","2","1","1","0","0","0","0","2","0","2","","03","","N","","","","","","","","","",""