"CRN","ARRIVAL_TM","AUTOMOBILE_COUNT","BELTED_DEATH_COUNT","BELTED_SUSP_SERIOUS_INJ_COUNT","BICYCLE_COUNT","BICYCLE_DEATH_COUNT","BICYCLE_SUSP_SERIOUS_INJ_COUNT","BUS_COUNT","CHLDPAS_DEATH_COUNT","CHLDPAS_SUSP_SERIOUS_INJ_COUNT","COLLISION_TYPE","COMM_VEH_COUNT","CONS_ZONE_SPD_LIM","COUNTY","CRASH_MONTH","CRASH_YEAR","DAY_OF_WEEK","DEC_LATITUDE","DEC_LONGITUDE","DISPATCH_TM","DISTRICT","DRIVER_COUNT_16YR","DRIVER_COUNT_17YR","DRIVER_COUNT_18YR","DRIVER_COUNT_19YR","DRIVER_COUNT_20YR","DRIVER_COUNT_50_64YR","DRIVER_COUNT_65_74YR","DRIVER_COUNT_75PLUS","EST_HRS_CLOSED","FATAL_COUNT","HEAVY_TRUCK_COUNT","HORSE_BUGGY_COUNT","HOUR_OF_DAY","ILLUMINATION","INJURY_COUNT","INTERSECTION_RELATED","INTERSECT_TYPE","LANE_CLOSED","LATITUDE","LN_CLOSE_DIR","LOCATION_TYPE","LONGITUDE","MAX_SEVERITY_LEVEL","MCYCLE_DEATH_COUNT","MCYCLE_SUSP_SERIOUS_INJ_COUNT","MOTORCYCLE_COUNT","MUNICIPALITY","NONMOTR_COUNT","NONMOTR_DEATH_COUNT","NONMOTR_SUSP_SERIOUS_INJ_COUNT","NTFY_HIWY_MAINT","PED_COUNT","PED_DEATH_COUNT","PED_SUSP_SERIOUS_INJ_COUNT","PERSON_COUNT","POLICE_AGCY","POSSIBLE_INJ_COUNT","RDWY_SURF_TYPE_CD","RELATION_TO_ROAD","ROADWAY_CLEARED","ROAD_CONDITION","SCH_BUS_IND","SCH_ZONE_IND","SECONDARY_CRASH","SMALL_TRUCK_COUNT","SPEC_JURIS_CD","SUSP_MINOR_INJ_COUNT","SUSP_SERIOUS_INJ_COUNT","SUV_COUNT","TCD_FUNC_CD","TCD_TYPE","TFC_DETOUR_IND","TIME_OF_DAY","TOTAL_UNITS","TOT_INJ_COUNT","UNBELTED_OCC_COUNT","UNB_DEATH_COUNT","UNB_SUSP_SERIOUS_INJ_COUNT","UNK_INJ_DEG_COUNT","UNK_INJ_PER_COUNT","URBAN_RURAL","VAN_COUNT","VEHICLE_COUNT","WEATHER1","WEATHER2","WORKERS_PRES","WORK_ZONE_IND","WORK_ZONE_LOC","WORK_ZONE_TYPE","WZ_CLOSE_DETOUR","WZ_FLAGGER","WZ_LAW_OFFCR_IND","WZ_LN_CLOSURE","WZ_MOVING","WZ_OTHER","WZ_SHLDER_MDN","WZ_WORKERS_INJ_KILLED"
"2022114673","","0","0","0","0","0","0","0","0","0","1","0","","67","12","2022","7","39.897754","-75.211536","","6","0","0","0","0","0","0","0","0","","0","0","0","","","2","N","0","","39 53:51.913","3","3","75 12:41.529","3","0","0","0","67301","0","0","0","N","0","0","0","2","67301","0","","1.0","125.0","1","N","N","N","0","","2","0","2","","0","Y","","2","2","0","0","0","0","0","2","0","2","","","","N","","","","","","","","","",""
"2022121809","","1","0","0","0","0","0","0","0","0","6","0","","67","12","2022","3","40.027246","-75.183526","","6","0","0","0","0","1","0","0","0","","0","0","0","","","1","","2","","40 01:38.085","","0","75 11:00.693","4","0","0","0","67301","0","0","0","N","0","0","0","2","67301","1","","1.0","","1","N","N","N","0","","0","0","0","","2","","","2","1","0","0","0","0","0","2","0","2","","","","N","","","","","","","","","",""
"2022116939","","1","0","0","0","0","0","0","0","0","1","0","","67","12","2022","6","40.046133","-75.089426","","6","0","1","0","0","0","0","0","0","","0","0","0","","","1","N","0","","40 02:46.078","","0","75 05:21.934","3","0","0","0","67301","0","0","0","N","0","0","0","2","67301","0","","6.0","","1","N","N","N","0","","1","0","2","","0","","","3","1","0","0","0","0","0","2","0","3","","03","","N","","","","","","","","","",""
"2022122926","","1","0","0","0","0","0","0","0","0","4","0","","67","12","2022","1","39.94907","-75.21293","","6","0","0","0","0","0","0","0","0","","0","0","0","","","0","","1","","39 56:56.653","","0","75 12:46.547","9","0","0","0","67301","0","0","0","N","0","0","0","2","67301","0","","1.0","","1","N","N","N","0","","0","0","1","","2","","","2","0","0","0","0","0","2","2","0","2","","03","","N","","","","","","","","","",""
"2022116352","","1","0","0","0","0","0","0","0","0","4","0","","67","12","2022","3","39.932936","-75.177644","","6","0","0","0","0","0","1","0","0","","0","0","0","","","1","","1","","39 55:58.569","","0","75 10:39.518","4","0","0","0","67301","0","0","0","N","0","0","0","2","67301","1","","1.0","","9","N","N","N","0","","0","0","1","","3","","","2","1","0","0","0","0","1","2","0","2","","04","","N","","","","","","","","","",""
"2022116683","","0","0","0","0","0","0","0","0","0","8","0","","67","12","2022","5","39.876861","-75.247083","","6","0","0","0","0","0","0","0","0","","0","0","0","","","1","N","0","","39 52:36.700","","1","75 14:49.500","8","0","0","0","67301","1","0","0","N","1","0","0","2","67301","0","","6.0","","1","N","N","N","0","","0","0","1","","0","","","2","1","1","0","0","1","0","2","0","1","","03","","N","","","","","","","","","",""
"2022115118","","3","0","0","0","0","0","0","0","0","2","0","","67","12","2022","7","40.049236","-75.144603","","6","0","0","0","0","0","1","0","0","","0","0","0","","","1","N","0","","40 02:57.250","","0","75 08:40.570","3","0","0","0","67301","0","0","0","N","0","0","0","1","67301","0","","6.0","","1","N","N","N","0","","1","0","0","","0","","","4","1","0","0","0","0","0","2","1","4","","03","","N","","","","","","","","","",""
"2022116810","","0","0","0","0","0","0","0","0","0","8","0","","67","12","2022","4","39.992208","-75.141536","","6","0","0","0","0","0","0","0","0","","0","0","0","","","1","","1","","39 59:31.947","3","0","75 08:29.531","8","0","0","0","67301","1","0","0","N","1","0","0","2","67301","0","","1.0","1740.0","9","N","N","N","0","","0","0","0","","0","Y","","2","1","0","0","0","1","0","2","0","1","","","","N","","","","","","","","","",""
"2022121951","","0","0","0","0","0","0","0","0","0","1","0","","67","12","2022","1","39.953846","-75.220097","","6","0","0","0","0","0","0","0","0","","0","0","0","","","2","","1","","39 57:13.845","","0","75 13:12.349","3","0","0","0","67301","0","0","0","N","0","0","0","3","67301","0","","1.0","","1","N","N","N","0","","2","0","2","","2","","","2","2","1","0","0","0","0","2","0","2","","03","","N","","","","","","","","","",""
"2022124056","","3","0","0","0","0","0","0","0","0","4","0","","67","12","2022","4","39.93153","-75.179906","","6","0","0","0","0","0","0","0","0","","0","0","0","","","0","","1","","39 55:53.509","","0","75 10:47.663","0","0","0","0","67301","0","0","0","N","0","0","0","2","67301","0","","1.0","","1","N","N","N","0","","0","0","2","","0","","","6","0","1","0","0","0","0","2","1","6","","03","","N","","","","","","","","","",""
"2022121939","","1","0","0","0","0","0","0","0","0","5","0","","67","12","2022","2","39.948064","-75.163631","","6","0","0","0","0","0","0","0","0","","0","0","0","","","0","N","0","","39 56:53.030","","0","75 09:49.070","0","0","0","0","67301","0","0","0","N","0","0","0","2","67301","0","","1.0","","1","N","N","N","0","","0","0","1","","0","","","2","0","1","0","0","0","0","2","0","2","","03","","N","","","","","","","","","",""
"2022121808","","1","0","0","0","0","0","0","0","0","5","0","","67","12","2022","3","40.011133","-75.181645","","6","0","0","0","0","0","0","1","0","","0","0","0","","","1","N","0","","40 00:40.078","","0","75 10:53.922","4","0","0","0","67301","0","0","0","N","0","0","0","2","67301","1","","1.0","","1","N","N","N","0","","0","0","1","","0","","","2","1","0","0","0","0","0","2","0","2","","","","N","","","","","","","","","",""
"2022113191","","3","0","0","0","0","0","0","0","0","5","0","","67","10","2022","1","39.999914","-75.131006","","6","0","0","0","0","0","0","0","0","","0","0","0","","","0","N","0","","39 59:59.690","","0","75 07:51.620","0","0","0","0","67301","0","0","0","N","0","0","0","1","67301","0","","6.0","","1","N","N","N","0","","0","0","2","","0","","","5","0","1","0","0","0","0","2","0","5","","03","","N","","","","","","","","","",""
"2022121807","","3","0","0","0","0","0","0","0","0","5","0","","67","12","2022","2","40.009668","-75.187032","","6","0","0","0","0","0","2","0","0","","0","0","0","","","0","N","0","","40 00:34.806","","0","75 11:13.314","0","0","0","0","67301","0","0","0","N","0","0","0","5","67301","0","","1.0","","1","N","N","N","0","","0","0","0","","0","","","4","0","0","0","0","0","0","2","1","4","","","","N","","","","","","","","","",""
"2022122790","","1","0","0","0","0","0","0","0","0","1","0","","67","12","2022","2","39.983152","-75.188264","","6","0","0","0","0","0","1","0","0","","0","0","0","","","1","N","0","","39 58:59.346","","0","75 11:17.750","3","0","0","0","67301","0","0","0","N","0","0","0","3","67301","0","","1.0","","1","N","N","N","0","","1","0","2","","0","","","3","1","1","0","0","0","1","2","0","3","","03","","N","","","","","","","","","",""
"2022116812","","0","0","0","0","0","0","0","0","0","8","0","","67","12","2022","3","40.016866","-75.149475","","6","0","0","0","0","0","0","0","0","","0","0","0","","","1","","1","","40 01:00.719","","0","75 08:58.111","8","0","0","0","67301","1","0","0","N","1","0","0","2","67301","0","","1.0","","99","N","N","N","0","","0","0","0","","2","","","2","1","0","0","0","1","1","2","0","1","","","","N","","","","","","","","","",""
"2022102950","","2","0","0","0","0","0","0","0","0","5","0","","67","11","2022","5","40.027428","-75.096514","","6","0","0","0","0","0","0","0","0","","0","0","0","","","0","N","0","","40 01:38.740","1","0","75 05:47.450","9","0","0","0","67301","0","0","0","N","0","0","0","1","67301","0","","6.0","126.0","1","N","N","N","0","","0","0","1","","0","N","","4","0","0","0","0","0","1","2","1","4","","03","","N","","","","","","","","","",""
"2022101616","","2","0","0","0","0","0","0","0","0","4","0","","67","10","2022","1","39.988856","-75.090025","","6","0","0","0","0","0","0","0","0","","0","0","0","","","1","N","0","","39 59:19.880","5","7","75 05:24.091","3","0","0","0","67301","0","0","0","N","0","0","0","2","67301","0","","1.0","1900.0","1","N","N","N","0","","1","0","0","","0","N","","2","1","0","0","0","0","0","2","0","2","","","","N","","","","","","","","","",""
"2022121799","","2","0","0","0","0","0","0","0","0","1","0","","67","12","2022","5","39.958394","-75.221172","","6","0","0","0","0","0","0","0","0","","0","0","0","","","0","N","0","","39 57:30.220","","0","75 13:16.220","9","0","0","0","67301","0","0","0","N","0","0","0","1","67301","0","","6.0","","1","N","N","N","1","","0","0","2","","0","","","5","0","0","0","0","0","1","2","0","5","","03","","N","","","","","","","","","",""
"2022115926","","1","0","0","0","0","0","0","0","0","8","0","","67","12","2022","7","39.949869","-75.162314","","6","0","0","0","0","0","0","0","0","","0","0","0","","","1","N","0","","39 56:59.530","","0","75 09:44.330","3","0","0","0","67301","1","0","0","N","1","0","0","2","67301","0","","1.0","","9","N","N","N","0","","1","0","0","","0","","","2","1","1","0","0","0","0","2","0","1","","","","N","","","","","","","","","",""
"2022122220","","1","0","0","0","0","0","0","0","0","7","0","","67","12","2022","6","39.974853","-75.249586","","6","0","0","0","0","0","0","0","0","","0","0","0","","","0","N","0","","39 58:29.470","","0","75 14:58.510","0","0","0","0","67301","0","0","0","N","0","0","0","1","67301","0","","5.0","","1","N","N","N","0","","0","0","0","","0","","","1","0","1","0","0","0","0","2","0","1","","","","N","","","","","","","","","",""
"2022116347","","2","0","0","0","0","0","0","0","0","1","0","","67","12","2022","3","39.892983","-75.223739","","6","0","0","0","0","0","0","0","0","","0","0","0","","","0","N","0","","39 53:34.740","","0","75 13:25.460","0","0","0","0","67301","0","0","0","N","0","0","0","2","67301","0","","1.0","","9","N","N","N","0","","0","0","0","","0","","","2","0","0","0","0","0","0","2","0","2","","","","N","","","","","","","","","",""
"2022120114","","1","0","0","0","0","0","0","0","0","8","0","","67","12","2022","3","39.925465","-75.184606","","6","0","0","0","0","0","0","0","0","","0","0","0","","","1","","2","","39 55:31.674","","0","75 11:04.581","4","0","0","0","67301","1","0","0","N","1","0","0","2","67301","1","","1.0","","9","N","N","N","0","","0","0","0","","0","","","2","1","1","0","0","0","0","2","0","1","","04","","N","","","","","","","","","",""
"2022120916","","2","0","0","0","0","0","0","0","0","4","0","","67","12","2022","2","40.048881","-75.141369","","6","0","0","0","0","0","0","0","0","","0","0","0","","","1","","1","","40 02:55.971","","0","75 08:28.928","3","0","0","0","67301","0","0","0","N","0","0","0","2","67301","0","","1.0","","1","N","N","N","0","","1","0","3","","3","","","5","1","1","0","0","0","0","2","0","5","","","","N","","","","","","","","","",""
"2022116501","","1","0","0","0","0","0","0","0","0","4","0","","67","12","2022","6","39.983434","-75.158573","","6","0","0","0","0","0","0","0","0","","0","0","0","","","2","","1","","39 59:00.364","","0","75 09:30.861","4","0","0","0","67301","0","0","0","Y","0","0","0","2","67505","2","","1.0","","1","N","N","N","0","","0","0","1","","2","","","2","2","0","0","0","0","0","2","0","2","","","","N","","","","","","","","","",""
"2022121515","","1","0","0","0","0","0","0","0","0","4","0","","67","12","2022","5","39.95768","-75.162367","","6","0","0","0","0","0","0","0","0","","0","0","0","","","0","","1","","39 57:27.649","","2","75 09:44.521","0","0","0","0","67301","0","0","0","N","0","0","0","3","67301","0","","1.0","","1","N","N","N","1","","0","0","0","","2","","","2","0","0","0","0","0","0","2","0","2","","","","N","","","","","","","","","",""
"2022114672","","2","0","0","0","0","0","0","0","0","1","0","","67","12","2022","7","40.095167","-75.015786","","6","1","0","0","0","0","1","0","0","","0","0","0","","","1","N","0","","40 05:42.600","4","0","75 00:56.830","3","0","0","0","67301","0","0","0","N","0","0","0","5","67301","0","","1.0","1935.0","9","N","N","N","0","","1","0","1","","0","N","","4","1","0","0","0","0","0","2","1","4","","04","","N","","","","","","","","","",""
"2022115105","","1","0","0","0","0","0","0","0","0","1","0","","67","12","2022","2","40.016678","-75.073353","","6","0","0","0","0","0","0","0","0","","0","0","0","","","0","N","0","","40 01:00.040","6","0","75 04:24.070","9","0","0","0","67301","0","0","0","N","0","0","0","2","67301","0","","1.0","1000.0","1","N","N","N","0","","0","0","1","","0","Y","","3","0","0","0","0","0","1","2","1","3","","","","N","","","","","","","","","",""
"2022116656","","0","0","0","0","0","0","0","0","0","7","0","","67","12","2022","3","40.051924","-75.050745","","6","0","0","0","0","0","0","0","0","","0","0","0","","","1","N","0","","40 03:06.927","1","0","75 03:02.681","2","0","0","0","67301","0","0","0","N","0","0","0","1","67301","0","","3.0","400.0","1","N","N","N","0","","0","1","1","","0","Y","","1","1","0","0","0","0","0","2","0","1","","03","","N","","","","","","","","","",""
"2022117266","","1","0","0","0","0","0","0","0","0","8","0","","67","12","2022","1","39.950025","-75.237947","","6","0","0","0","0","0","1","0","0","","0","0","0","","","1","N","0","","39 57:00.090","","0","75 14:16.610","3","0","0","0","67301","1","0","0","N","1","0","0","2","67301","0","","1.0","","1","N","N","N","0","","1","0","0","","0","","","2","1","0","0","0","0","0","2","0","1","","03","","N","","","","","","","","","",""
"2022121793","","1","0","0","0","0","0","0","0","0","4","0","","67","12","2022","2","39.922689","-75.222217","","6","0","0","0","0","0","0","0","0","","0","0","0","","","1","","2","","39 55:21.680","7","0","75 13:19.981","3","0","0","0","67301","0","0","0","N","0","0","0","1","67301","0","","1.0","130.0","1","N","N","N","0","","1","0","2","","3","N","","3","1","0","0","0","0","0","2","0","3","","03","","N","","","","","","","","","",""
"2022124995","","0","0","0","0","0","0","0","0","0","8","0","","67","12","2022","3","39.968592","-75.243453","","6","0","0","0","0","0","0","0","0","","0","0","0","","","1","","1","","39 58:06.931","","0","75 14:36.430","3","0","0","0","67301","1","0","0","N","1","0","0","2","67301","0","","1.0","","1","N","N","N","0","","1","0","0","","3","","","2","1","0","0","0","0","0","2","0","1","","03","","N","","","","","","","","","",""
"2022115442","","1","0","0","0","0","0","0","0","0","1","0","","67","12","2022","2","40.100455","-75.00762","","6","0","0","0","0","0","0","0","0","","0","0","0","","","0","N","0","","40 06:01.637","1","0","75 00:27.432","9","0","0","0","67301","0","0","0","N","0","0","0","2","67301","0","","1.0","100.0","1","N","N","N","0","","0","0","1","","0","N","","2","0","0","0","0","0","1","2","0","2","","03","","N","","","","","","","","","",""
"2022116949","","2","0","0","0","0","0","0","0","0","6","0","","67","12","2022","6","40.00455","-75.131806","","6","0","0","0","0","0","0","0","0","","0","0","0","","","1","N","0","","40 00:16.380","","0","75 07:54.500","3","0","0","0","67301","0","0","0","N","0","0","0","1","67301","0","","6.0","","1","N","N","N","0","","1","0","0","","0","","","2","1","0","0","0","0","0","2","0","2","","03","","N","","","","","","","","","",""
"2022116348","","0","0","0","0","0","0","0","0","0","8","0","99","67","12","2022","5","39.938156","-75.218597","","6","0","0","0","0","0","1","0","0","","0","0","0","","","1","N","0","","39 56:17.360","","0","75 13:06.950","3","0","0","0","67301","1","0","0","N","1","0","0","2","67301","0","","1.0","","1","N","N","N","0","","1","0","1","","0","","","2","1","0","0","0","0","0","2","0","1","","03","Y","Y","4","1","","","U","Y","","","","N"
"2022116668","","2","0","0","0","0","0","0","0","0","5","0","","67","12","2022","3","40.024458","-75.151236","","6","0","0","0","0","0","0","0","0","","0","0","0","","","0","N","0","","40 01:28.050","","0","75 09:04.450","9","0","0","0","67301","0","0","0","N","0","0","0","1","67301","0","","6.0","","9","N","N","Y","0","","0","0","0","","0","","","2","0","1","0","0","0","1","2","0","2","","07","","N","","","","","","","","","",""
"2022120904","","0","0","0","0","0","0","0","0","0","8","0","","67","12","2022","3","39.963059","-75.246735","","6","0","0","0","0","0","0","0","0","","0","0","0","","","1","N","0","","39 57:47.011","","0","75 14:48.245","4","0","0","0","67301","1","0","0","N","1","0","0","2","67301","1","","1.0","","9","N","N","N","0","","0","0","1","","0","","","2","1","0","0","0","0","1","2","0","1","","04","","N","","","","","","","","","",""
"2022121089","","1","0","0","0","0","0","0","0","0","4","1","","67","12","2022","3","40.006188","-75.151929","","6","0","0","0","0","0","0","0","0","","0","0","0","","","0","","1","","40 00:22.276","1","0","75 09:06.943","0","0","0","0","67301","0","0","0","N","0","0","0","3","67505","0","","1.0","900.0","1","N","N","N","0","","0","0","0","","2","N","","2","0","0","0","0","0","0","2","1","2","","03","","N","","","","","","","","","",""
"2022115453","","4","0","0","0","0","0","0","0","0","6","0","","67","12","2022","2","40.004136","-75.218689","","6","0","0","0","0","0","0","0","0","","0","0","0","","","2","N","0","","40 00:14.890","6","0","75 13:07.280","8","0","0","0","67301","0","0","0","N","0","0","0","2","67301","0","","6.0","45.0","1","N","N","N","0","","0","0","1","","0","Y","","6","2","2","0","0","2","0","2","1","6","","03","","N","","","","","","","","","",""
"2022115116","","0","0","0","0","0","0","0","0","0","1","0","","67","12","2022","2","40.031539","-75.154258","","6","0","0","0","0","0","2","0","0","","0","0","0","","","1","N","0","","40 01:53.540","","0","75 09:15.330","3","0","0","0","67301","0","0","0","N","0","0","0","3","67301","0","","1.0","","1","N","N","N","0","","1","0","1","","0","","","2","1","0","0","0","0","0","2","1","2","","03","","N","","","","","","","","","",""
"2022121343","","0","0","0","0","0","0","0","0","0","4","0","","67","12","2022","2","39.903432","-75.243164","","6","0","0","0","0","0","0","0","0","","0","0","0","","","2","","1","","39 54:12.355","","0","75 14:35.390","8","0","0","0","67301","0","0","0","N","0","0","0","5","67301","0","","1.0","","1","N","N","N","1","","0","0","1","","2","","","2","2","0","0","0","2","3","2","0","2","","","","N","","","","","","","","","",""
"2022119274","","1","0","0","0","0","0","0","0","0","7","0","","67","12","2022","1","40.009804","-75.089422","","6","0","0","0","0","0","1","0","0","","0","0","0","","","1","N","0","","40 00:35.294","5","1","75 05:21.919","2","0","0","0","67301","0","0","0","N","0","0","0","1","67301","0","","4.0","511.0","1","N","N","N","1","","0","1","0","","0","Y","","2","1","1","0","1","0","0","2","0","2","","03","","N","","","","","","","","","",""
"2022121949","","1","0","0","0","0","0","0","0","0","4","0","","67","12","2022","6","39.959418","-75.245354","","6","0","1","0","0","0","1","0","0","","0","0","0","","","0","","1","","39 57:33.904","","0","75 14:43.275","9","0","0","0","67301","0","0","0","N","0","0","0","2","67301","0","","1.0","","1","N","N","Y","0","","0","0","0","","2","","","2","0","0","0","0","0","2","2","1","2","","03","","N","","","","","","","","","",""
"2022116803","","1","0","0","0","0","0","0","0","0","8","0","","67","12","2022","2","39.96898","-75.217001","","6","0","0","0","0","0","0","0","0","","0","0","0","","","1","","1","","39 58:08.327","","0","75 13:01.203","3","0","0","0","67301","1","0","0","N","1","0","0","2","67301","0","","1.0","","1","N","N","N","0","","1","0","0","","2","","","2","1","1","0","0","0","0","2","0","1","","03","","N","","","","","","","","","",""
"2022121349","","1","0","0","0","0","0","0","0","0","4","0","","67","12","2022","2","40.030788","-75.158143","","6","0","0","0","0","0","0","1","0","","0","0","0","","","1","","1","","40 01:50.836","","0","75 09:29.314","3","0","0","0","67301","0","0","0","N","0","0","0","4","67301","0","","1.0","","1","N","N","N","0","","1","0","1","","0","","","2","1","0","0","0","0","0","2","0","2","","03","","N","","","","","","","","","",""
"2022116666","","2","0","0","0","0","0","0","0","0","4","0","","67","12","2022","3","40.054429","-75.147899","","6","0","0","0","0","0","0","0","0","","0","0","0","","","0","","1","","40 03:15.944","","0","75 08:52.436","0","0","0","0","67301","0","0","0","N","0","0","0","2","67301","0","","1.0","","9","N","N","N","0","","0","0","0","","2","","","2","0","0","0","0","0","0","2","0","2","","07","","N","","","","","","","","","",""
"2022118313","","2","0","0","0","0","0","0","0","0","4","0","","67","12","2022","2","40.013178","-75.070421","","6","0","0","0","0","0","0","0","0","","0","0","0","","","2","","1","","40 00:47.439","3","0","75 04:13.514","4","0","0","0","67301","0","0","0","N","0","0","0","2","67301","2","","1.0","400.0","1","N","N","N","0","","0","0","0","","2","N","","2","2","2","0","0","0","0","2","0","2","","","","N","","","","","","","","","",""
"2022114674","","1","0","0","0","0","0","0","0","0","4","0","","67","12","2022","1","39.916835","-75.237953","","6","0","0","0","0","0","0","0","0","","0","0","0","","","1","","2","","39 55:00.607","","0","75 14:16.631","3","0","0","0","67301","0","0","0","N","0","0","0","2","67301","0","","1.0","","1","N","N","N","0","","1","0","1","","0","","","2","1","0","0","0","0","0","2","0","2","","03","","N","","","","","","","","","",""
"2022116337","","1","0","0","0","0","0","0","0","0","5","0","","67","12","2022","1","40.043061","-75.096044","","6","0","0","0","0","0","0","0","0","","0","0","0","","","0","N","0","","40 02:35.020","","0","75 05:45.760","0","0","0","0","67301","0","0","0","N","0","0","0","2","67301","0","","1.0","","1","N","N","N","0","","0","0","1","","0","","","2","0","0","0","0","0","0","2","0","2","","03","","N","","","","","","","","","",""
"2022124071","","1","0","0","0","0","0","0","0","0","4","0","","67","12","2022","3","40.019667","-75.109417","","6","0","0","0","0","0","0","0","0","","0","0","0","","","1","","2","","40 01:10.800","","0","75 06:33.900","8","0","0","0","67301","0","0","0","N","0","0","0","2","67301","0","","1.0","","1","N","N","N","0","","0","0","1","","0","","","2","1","0","0","0","1","0","2","0","2","","03","","N","","","","","","","","","",""
"2022115000","","0","0","0","0","0","0","0","0","0","6","0","","67","12","2022","7","39.998758","-75.118306","","6","0","0","0","0","0","0","0","0","","0","0","0","","","0","N","0","","39 59:55.530","","0","75 07:05.900","9","0","0","0","67301","0","0","0","N","0","0","0","1","67301","0","","6.0","","1","N","N","N","0","","0","0","2","","0","","","3","0","1","0","0","0","1","2","1","3","","03","","N","","","","","","","","","",""
"2022116942","","0","0","0","0","0","0","0","0","0","4","0","","67","12","2022","6","40.114146","-74.987744","","6","0","0","0","0","0","0","0","0","","0","0","0","","","1","","1","","40 06:50.926","","0","74 59:15.880","4","0","0","0","67301","0","0","0","N","0","0","0","2","67301","1","","1.0","","1","N","N","N","0","","0","0","2","","2","","","2","1","0","0","0","0","0","2","0","2","","03","","N","","","","","","","","","",""
"2022116678","","1","0","0","0","0","0","0","0","0","8","0","","67","12","2022","3","40.031737","-75.178872","","6","0","0","0","0","0","1","0","0","","0","0","0","","","1","","1","","40 01:54.253","","0","75 10:43.938","2","0","0","0","67301","1","0","1","N","1","0","1","2","67301","0","","1.0","","9","N","N","N","0","","0","1","0","","2","","","2","1","0","0","0","0","0","2","0","1","","","","N","","","","","","","","","",""
"2022104973","","2","0","0","0","0","0","0","0","0","4","0","","67","10","2022","1","40.01384","-75.12598","","6","0","0","0","0","0","0","0","0","","0","0","0","","","1","","1","","40 00:49.823","","0","75 07:33.528","3","0","0","0","67301","0","0","0","N","0","0","0","2","67301","0","","1.0","","1","N","N","N","0","","1","0","0","","2","","","2","1","0","0","0","0","1","2","0","2","","03","","N","","","","","","","","","",""
"2022117890","","0","0","0","0","0","0","0","0","0","8","0","","67","12","2022","5","39.987192","-75.102631","","6","0","0","0","0","0","0","0","1","","0","0","0","","","1","N","0","","39 59:13.890","","0","75 06:09.470","8","0","0","0","67301","1","0","0","N","1","0","0","2","67301","0","","6.0","","1","N","N","N","0","","0","0","1","","0","","","2","1","0","0","0","1","0","2","0","1","","","","N","","","","","","","","","",""
"2022123023","","0","0","0","0","0","0","0","0","0","8","0","","67","12","2022","4","39.949333","-75.164175","","6","0","0","0","0","0","0","0","0","","0","0","0","","","1","","1","","39 56:57.599","","0","75 09:51.029","2","0","0","1","67301","1","0","1","N","1","0","1","2","67301","0","","1.0","","1","N","N","N","0","","0","1","0","","2","","","2","1","0","0","0","0","0","2","0","1","","03","","N","","","","","","","","","",""
"2022116651","","1","0","0","0","0","0","0","0","0","4","0","","67","12","2022","5","39.954583","-75.172983","","6","0","0","0","0","0","1","0","0","","0","0","0","","","1","","1","","39 57:16.499","6","0","75 10:22.738","3","0","0","0","67301","0","0","0","N","0","0","0","2","67301","0","","1.0","225.0","1","N","N","N","0","","1","0","1","","2","Y","","2","1","0","0","0","0","0","2","0","2","","03","","N","","","","","","","","","",""
"2022116802","","2","0","0","0","0","0","0","0","0","5","0","","67","12","2022","6","40.05965","-75.150547","","6","0","0","0","0","0","0","0","0","","0","0","0","","","0","N","0","","40 03:34.740","","0","75 09:01.970","0","0","0","0","67301","0","0","0","N","0","0","0","1","67301","0","","6.0","","1","N","N","N","0","","0","0","0","","0","","","2","0","0","0","0","0","0","2","0","2","","","","N","","","","","","","","","",""
"2022121514","","1","0","0","0","0","0","0","0","0","7","0","","67","12","2022","2","40.036129","-75.098501","","6","1","0","0","0","0","0","0","0","","0","0","0","","","1","","11","","40 02:10.064","","0","75 05:54.603","8","0","0","0","67301","0","0","0","N","0","0","0","1","67301","0","","5.0","","1","N","N","N","0","","0","0","0","","3","","","1","1","1","0","0","1","0","2","0","1","","","","N","","","","","","","","","",""
"2022118160","","2","0","0","0","0","0","0","0","0","5","0","","67","12","2022","3","39.917194","-75.173694","","6","0","0","0","0","0","1","0","0","","0","0","0","","","0","N","0","","39 55:01.900","","0","75 10:25.300","0","0","0","0","67301","0","0","0","N","0","0","0","1","67301","0","","6.0","","9","N","N","N","0","","0","0","1","","0","","","3","0","0","0","0","0","0","2","0","3","","","","N","","","","","","","","","",""
"2022116657","","3","0","0","0","0","0","0","0","0","4","0","","67","12","2022","5","40.018018","-75.057217","","6","0","0","0","0","0","0","0","0","","0","0","0","","","1","","1","","40 01:04.864","","0","75 03:25.981","3","0","0","0","67301","0","0","0","N","0","0","0","2","67301","0","","1.0","","1","N","N","N","0","","1","0","0","","3","","","3","1","1","0","0","0","0","2","0","3","","","","N","","","","","","","","","",""
"2022120111","","1","0","0","0","0","0","0","0","0","4","0","","67","12","2022","6","39.926057","-75.182739","","6","0","0","0","0","0","0","0","0","","0","0","0","","","1","","1","","39 55:33.806","","0","75 10:57.862","3","0","0","0","67301","0","0","0","N","0","0","0","2","67301","0","","1.0","","1","N","N","N","0","","1","0","1","","2","","","2","1","0","0","0","0","0","2","0","2","","03","","N","","","","","","","","","",""