"CRN","ARRIVAL_TM","AUTOMOBILE_COUNT","BELTED_DEATH_COUNT","BELTED_SUSP_SERIOUS_INJ_COUNT","BICYCLE_COUNT","BICYCLE_DEATH_COUNT","BICYCLE_SUSP_SERIOUS_INJ_COUNT","BUS_COUNT","CHLDPAS_DEATH_COUNT","CHLDPAS_SUSP_SERIOUS_INJ_COUNT","COLLISION_TYPE","COMM_VEH_COUNT","CONS_ZONE_SPD_LIM","COUNTY","CRASH_MONTH","CRASH_YEAR","DAY_OF_WEEK","DEC_LATITUDE","DEC_LONGITUDE","DISPATCH_TM","DISTRICT","DRIVER_COUNT_16YR","DRIVER_COUNT_17YR","DRIVER_COUNT_18YR","DRIVER_COUNT_19YR","DRIVER_COUNT_20YR","DRIVER_COUNT_50_64YR","DRIVER_COUNT_65_74YR","DRIVER_COUNT_75PLUS","EST_HRS_CLOSED","FATAL_COUNT","HEAVY_TRUCK_COUNT","HORSE_BUGGY_COUNT","HOUR_OF_DAY","ILLUMINATION","INJURY_COUNT","INTERSECTION_RELATED","INTERSECT_TYPE","LANE_CLOSED","LATITUDE","LN_CLOSE_DIR","LOCATION_TYPE","LONGITUDE","MAX_SEVERITY_LEVEL","MCYCLE_DEATH_COUNT","MCYCLE_SUSP_SERIOUS_INJ_COUNT","MOTORCYCLE_COUNT","MUNICIPALITY","NONMOTR_COUNT","NONMOTR_DEATH_COUNT","NONMOTR_SUSP_SERIOUS_INJ_COUNT","NTFY_HIWY_MAINT","PED_COUNT","PED_DEATH_COUNT","PED_SUSP_SERIOUS_INJ_COUNT","PERSON_COUNT","POLICE_AGCY","POSSIBLE_INJ_COUNT","RDWY_SURF_TYPE_CD","RELATION_TO_ROAD","ROADWAY_CLEARED","ROAD_CONDITION","SCH_BUS_IND","SCH_ZONE_IND","SECONDARY_CRASH","SMALL_TRUCK_COUNT","SPEC_JURIS_CD","SUSP_MINOR_INJ_COUNT","SUSP_SERIOUS_INJ_COUNT","SUV_COUNT","TCD_FUNC_CD","TCD_TYPE","TFC_DETOUR_IND","TIME_OF_DAY","TOTAL_UNITS","TOT_INJ_COUNT","UNBELTED_OCC_COUNT","UNB_DEATH_COUNT","UNB_SUSP_SERIOUS_INJ_COUNT","UNK_INJ_DEG_COUNT","UNK_INJ_PER_COUNT","URBAN_RURAL","VAN_COUNT","VEHICLE_COUNT","WEATHER1","WEATHER2","WORKERS_PRES","WORK_ZONE_IND","WORK_ZONE_LOC","WORK_ZONE_TYPE","WZ_CLOSE_DETOUR","WZ_FLAGGER","WZ_LAW_OFFCR_IND","WZ_LN_CLOSURE","WZ_MOVING","WZ_OTHER","WZ_SHLDER_MDN","WZ_WORKERS_INJ_KILLED"
"2022118954","","1","0","0","0","0","0","0","0","0","1","0","","67","12","2022","3","40.040171","-75.006281","","6","0","0","0","0","0","0","0","0","","0","0","0","","","2","N","0","","40 02:24.616","2","0","75 00:22.610","3","0","0","0","67301","0","0","0","N","0","0","0","2","68K01","0","","1.0","1230.0","9","N","N","N","0","","1","0","0","","0","N","","2","2","0","0","0","1","0","2","1","2","","","","N","","","","","","","","","",""
"2022116796","","0","0","0","0","0","0","0","0","0","4","0","","67","12","2022","5","40.061124","-75.236251","","6","0","0","0","0","0","0","0","0","","0","0","0","","","0","","1","","40 03:40.046","","0","75 14:10.503","0","0","0","0","67301","0","0","0","N","0","0","0","2","67301","0","","1.0","","1","N","N","N","1","","0","0","1","","2","","","2","0","0","0","0","0","0","2","0","2","","03","","N","","","","","","","","","",""
"2022116669","","1","0","0","0","0","0","0","0","0","4","0","","67","12","2022","5","40.059737","-75.140162","","6","0","0","0","0","0","0","0","1","","0","0","0","","","1","","1","","40 03:35.053","","0","75 08:24.583","3","0","0","0","67301","0","0","0","N","0","0","0","2","67301","0","","1.0","","1","N","N","N","0","","1","0","1","","2","","","2","1","0","0","0","0","0","2","0","2","","","","N","","","","","","","","","",""
"2022116335","","0","0","0","0","0","0","0","0","0","4","0","","67","12","2022","4","39.915067","-75.178295","","6","0","0","0","0","0","0","0","0","","0","0","0","","","0","","1","","39 54:54.241","","0","75 10:41.861","9","0","0","0","67301","0","0","0","N","0","0","0","1","67301","0","","1.0","","9","N","N","N","1","","0","0","1","","3","","","2","0","0","0","0","0","1","2","0","2","","03","","N","","","","","","","","","",""
"2022115630","","1","0","0","0","0","0","0","0","0","4","0","","67","12","2022","3","40.111198","-75.024348","","6","1","0","0","0","0","0","0","1","","0","0","0","","","2","","1","","40 06:40.311","","0","75 01:27.652","8","0","0","0","67301","0","0","0","N","0","0","0","2","67301","0","","1.0","","9","N","N","Y","0","","0","0","0","","2","","","2","2","0","0","0","2","0","2","1","2","","","","N","","","","","","","","","",""
"2022115928","","2","0","0","0","0","0","0","0","0","4","0","","67","12","2022","2","40.080855","-75.028774","","6","0","0","0","0","0","0","0","1","","0","0","0","","","4","","1","","40 04:51.077","2","0","75 01:43.585","3","0","0","0","67301","0","0","0","N","0","0","0","4","67301","0","","1.0","1516.0","1","N","N","N","0","","4","0","0","","2","N","","2","4","0","0","0","0","0","2","0","2","","03","","N","","","","","","","","","",""
"2022121346","","1","0","0","0","0","0","0","0","0","4","0","","67","12","2022","2","40.068668","-75.16411","","6","0","0","0","0","0","0","0","1","","0","0","0","","","2","","1","","40 04:07.205","","0","75 09:50.797","2","0","0","0","67301","0","0","0","N","0","0","0","2","67301","1","","1.0","","1","N","N","N","0","","0","1","1","","2","","","2","2","0","0","0","0","0","2","0","2","","03","","N","","","","","","","","","",""
"2022117753","","0","0","0","0","0","0","0","0","0","7","0","","67","12","2022","5","40.088452","-75.044039","","6","0","0","0","0","0","0","0","0","","0","0","0","","","1","","1","","40 05:18.426","","0","75 02:38.540","4","0","0","0","67301","0","0","0","N","0","0","0","1","67301","1","","4.0","","1","N","N","N","0","","0","0","0","","0","","","1","1","0","0","0","0","0","2","1","1","","03","","N","","","","","","","","","",""
"2022115927","","0","0","0","0","0","0","0","0","0","8","0","","67","12","2022","7","39.952756","-75.149919","","6","0","0","0","0","0","0","0","0","","0","0","0","","","1","","1","","39 57:09.921","","0","75 08:59.708","8","0","0","0","67301","1","0","0","N","1","0","0","2","67301","0","","1.0","","9","N","N","N","0","","0","0","1","","2","","","2","1","0","0","0","1","0","2","0","1","","04","","N","","","","","","","","","",""
"2022121791","","1","0","0","0","0","0","0","0","0","4","0","","67","12","2022","3","39.923299","-75.161318","","6","0","0","0","0","0","1","0","1","","0","0","0","","","0","","1","","39 55:23.877","","0","75 09:40.743","0","0","0","0","67301","0","0","0","N","0","0","0","3","67301","0","","1.0","","1","N","N","N","1","","0","0","0","","2","","","2","0","2","0","0","0","0","2","0","2","","03","","N","","","","","","","","","",""
"2022114166","","0","0","0","0","0","0","0","0","0","8","0","","67","12","2022","7","39.98629","-75.15628","","6","0","0","1","0","0","0","0","0","","0","0","0","","","1","","1","","39 59:10.645","","0","75 09:22.609","3","0","0","0","67301","1","0","0","N","1","0","0","2","67505","0","","1.0","","9","N","N","N","0","","1","0","1","","2","","","2","1","0","0","0","0","0","2","0","1","","07","","N","","","","","","","","","",""
"2022117269","","2","0","0","0","0","0","0","0","0","4","0","","67","12","2022","6","39.957208","-75.22748","","6","0","0","0","0","0","0","0","0","","0","0","0","","","1","","1","","39 57:25.948","","0","75 13:38.927","3","0","0","0","67301","0","0","0","N","0","0","0","2","67301","0","","1.0","","1","N","N","Y","0","","1","0","0","","2","","","3","1","0","0","0","0","0","2","1","3","","","","N","","","","","","","","","",""
"2022116338","","0","0","0","0","0","0","0","0","0","8","0","","67","12","2022","4","40.05306","-75.064399","","6","0","0","0","0","0","0","0","0","","0","0","0","","","1","","1","","40 03:11.017","","0","75 03:51.838","4","0","0","0","67301","1","0","0","N","1","0","0","2","67301","1","","1.0","","9","N","N","N","1","","0","0","0","","2","","","2","1","0","0","0","0","0","2","0","1","","05","","N","","","","","","","","","",""
"2022114518","","1","0","0","0","0","0","0","0","0","7","0","","67","12","2022","7","40.044282","-75.193227","","6","0","0","0","0","0","0","0","0","","0","0","0","","","1","N","0","","40 02:39.416","1","0","75 11:35.617","2","0","0","0","67301","0","0","0","N","0","0","0","1","67301","0","","5.0","420.0","1","N","N","N","0","","0","1","0","","0","N","","1","1","1","0","1","0","0","2","0","1","","98","","N","","","","","","","","","",""
"2022120115","","1","0","0","0","0","0","0","0","0","1","0","","67","12","2022","5","39.923402","-75.181041","","6","0","0","0","0","0","0","1","0","","0","0","0","","","1","Y","0","","39 55:24.246","","0","75 10:51.747","3","0","0","0","67301","0","0","0","N","0","0","0","2","67301","0","","1.0","","1","N","N","N","0","","1","0","1","","2","","","2","1","0","0","0","0","0","2","0","2","","03","","N","","","","","","","","","",""
"2022121350","","2","0","0","0","0","0","0","0","0","4","0","","67","12","2022","2","40.035496","-75.178766","","6","0","0","0","0","0","0","1","0","","0","0","0","","","0","","1","","40 02:07.785","1","0","75 10:43.557","0","0","0","0","67301","0","0","0","N","0","0","0","2","67301","0","","1.0","930.0","1","N","N","N","0","","0","0","0","","2","N","","2","0","0","0","0","0","0","2","0","2","","03","","N","","","","","","","","","",""
"2022116646","","1","0","0","0","0","0","0","0","0","4","0","","67","12","2022","3","40.028046","-75.110038","","6","0","0","0","0","0","1","0","0","","0","0","0","","","3","","1","","40 01:40.967","2","0","75 06:36.138","4","0","0","0","67301","0","0","0","N","0","0","0","4","67301","3","","1.0","2135.0","9","N","N","N","0","","0","0","1","","2","N","","2","3","0","0","0","0","0","2","0","2","","","","N","","","","","","","","","",""
"2022116346","","2","0","0","0","0","0","0","0","0","4","0","","67","12","2022","3","39.944941","-75.239184","","6","0","0","0","1","0","0","0","0","","0","0","0","","","1","","2","","39 56:41.789","2","0","75 14:21.063","3","0","0","0","67301","0","0","0","N","0","0","0","2","67301","0","","1.0","927.0","9","N","N","N","0","","1","0","0","","3","N","","2","1","0","0","0","0","0","2","0","2","","04","","N","","","","","","","","","",""
"2022115019","","1","0","0","0","0","0","0","0","0","1","0","","67","12","2022","2","40.004944","-75.152191","","6","0","0","0","0","0","0","0","0","","0","0","0","","","0","Y","0","","40 00:17.797","","0","75 09:07.888","9","0","0","0","67301","0","0","0","N","0","0","0","2","67505","0","","1.0","","1","N","N","N","0","","0","0","1","","2","","","2","0","0","0","0","0","1","2","0","2","","03","","N","","","","","","","","","",""
"2022116667","","2","0","0","0","0","0","0","0","0","1","0","","67","12","2022","2","40.026028","-75.135833","","6","0","0","0","0","0","0","0","0","","0","0","0","","","0","N","0","","40 01:33.700","","0","75 08:09.000","9","0","0","0","67301","0","0","0","N","0","0","0","1","67301","0","","6.0","","99","N","N","N","0","","0","0","0","","0","","","2","0","1","0","0","0","1","2","0","2","","","","N","","","","","","","","","",""
"2022114679","","2","0","0","0","0","0","0","0","0","1","0","","67","12","2022","7","39.985694","-75.164064","","6","0","0","0","0","0","0","0","0","","0","0","0","","","0","N","0","","39 59:08.500","","0","75 09:50.630","0","0","0","0","67301","0","0","0","N","0","0","0","1","67301","0","","6.0","","9","N","N","N","0","","0","0","0","","0","","","2","0","1","0","0","0","0","2","0","2","","07","","N","","","","","","","","","",""
"2022116652","","3","0","0","0","0","0","0","0","0","1","0","","67","12","2022","5","39.898308","-75.254026","","6","0","1","0","0","0","0","0","0","","0","0","0","","","1","Y","0","","39 53:53.908","2","0","75 15:14.495","4","0","0","0","67301","0","0","0","N","0","0","0","5","67301","1","","1.0","1620.0","1","N","N","N","0","","0","0","0","","2","N","","3","1","0","0","0","0","0","2","0","3","","03","","N","","","","","","","","","",""
"2022116682","","2","0","0","0","0","0","0","0","0","6","0","","67","12","2022","5","40.022775","-75.197653","","6","0","0","0","0","0","3","0","0","","0","0","0","","","1","N","0","","40 01:21.990","1","0","75 11:51.550","3","0","0","0","67301","0","0","0","N","0","0","0","4","67301","0","","1.0","1430.0","1","N","N","N","0","","1","0","2","","0","N","","4","1","3","0","0","0","0","2","0","4","","04","","N","","","","","","","","","",""
"2022116944","","3","0","0","0","0","0","0","0","0","4","0","","67","12","2022","3","39.939463","-75.197187","","6","0","0","0","0","0","0","0","0","","0","0","0","","","1","","2","","39 56:22.066","","0","75 11:49.873","3","0","0","0","67301","0","0","0","N","0","0","0","2","67301","0","","1.0","","1","N","N","N","0","","1","0","0","","3","","","3","1","2","0","0","0","0","2","0","3","","03","","N","","","","","","","","","",""
"2022116677","","1","0","0","0","0","0","0","0","0","8","0","","67","12","2022","2","40.003273","-75.165898","","6","0","0","0","1","0","0","0","0","","0","0","0","","","1","","1","","40 00:11.783","","0","75 09:57.234","4","0","0","0","67301","1","0","0","N","1","0","0","2","67301","1","","1.0","","1","N","N","N","0","","0","0","0","","2","","","2","1","0","0","0","0","0","2","0","1","","03","","N","","","","","","","","","",""
"2022116943","","1","0","0","0","0","0","0","0","0","4","0","","67","12","2022","6","40.082357","-74.981817","","6","0","0","0","0","0","1","0","0","","0","0","0","","","0","","1","","40 04:56.485","","0","74 58:54.541","0","0","0","0","67301","0","0","0","N","0","0","0","3","67301","0","","1.0","","1","N","N","N","0","","0","0","1","","3","","","2","0","0","0","0","0","0","2","0","2","","03","","N","","","","","","","","","",""
"2022114335","","0","0","0","1","0","0","0","0","0","8","0","","67","12","2022","7","39.942828","-75.150548","","6","0","0","0","0","0","0","0","0","","0","0","0","","","1","","1","","39 56:34.182","","0","75 09:01.974","8","0","0","0","67301","1","0","0","N","0","0","0","4","67301","0","","1.0","","1","N","N","N","0","","0","0","1","","2","","","2","1","0","0","0","1","0","2","0","1","","","","N","","","","","","","","","",""
"2022117057","","0","0","0","0","0","0","0","0","0","4","0","","67","12","2022","7","39.994432","-75.13365","","6","0","0","0","0","0","0","0","0","","0","0","0","","","1","","1","","39 59:39.955","","0","75 08:01.140","3","0","0","0","67301","0","0","0","N","0","0","0","3","67301","0","","1.0","","9","N","N","N","0","","1","0","2","","3","","","2","1","1","0","0","0","0","2","0","2","","","","N","","","","","","","","","",""
"2022125225","","1","0","0","0","0","0","0","0","0","7","0","","67","12","2022","7","40.044557","-75.204005","","6","0","0","0","0","0","0","0","0","","0","0","0","","","1","","1","","40 02:40.405","","3","75 12:14.417","8","0","0","0","67301","0","0","0","N","0","0","0","1","67301","0","","5.0","","9","N","N","N","0","","0","0","0","","2","","","1","1","0","0","0","1","0","2","0","1","","03","","N","","","","","","","","","",""
"2022119295","","1","0","0","0","0","0","0","0","0","5","0","","67","12","2022","5","39.977781","-75.133669","","6","0","0","0","0","0","0","0","0","","0","0","0","","","0","N","0","","39 58:40.010","","1","75 08:01.210","9","0","0","0","67301","0","0","0","N","0","0","0","1","67301","0","","6.0","","1","N","N","N","0","","0","0","2","","0","","","3","0","0","0","0","0","1","2","0","3","","03","","N","","","","","","","","","",""
"2022116351","","1","0","0","0","0","0","0","0","0","7","0","","67","12","2022","4","40.018041","-75.06432","","6","0","0","0","0","0","0","0","0","","0","0","0","","","0","N","0","","40 01:04.948","1","0","75 03:51.551","9","0","0","0","67301","0","0","0","N","0","0","0","3","67301","0","","3.0","1330.0","9","N","N","N","0","","0","0","0","","0","N","","3","0","0","0","0","0","1","2","2","3","","07","","N","","","","","","","","","",""
"2022115942","","1","0","0","0","0","0","0","0","0","8","0","","67","12","2022","4","39.991961","-75.095738","","6","0","0","0","0","0","0","0","0","","0","0","0","","","1","","1","","39 59:31.058","","0","75 05:44.655","3","0","0","0","67301","1","0","0","N","1","0","0","2","67301","0","","1.0","","9","N","N","N","0","","1","0","0","","3","","","2","1","0","0","0","0","1","2","0","1","","","","N","","","","","","","","","",""
"2022116799","","0","0","0","0","0","0","0","0","0","4","0","","67","12","2022","6","39.964273","-75.15557","","6","0","0","0","0","0","0","0","0","","0","0","0","","","1","","1","","39 57:51.382","3","0","75 09:20.051","3","0","0","0","67301","0","0","0","N","0","0","0","2","67301","0","","1.0","1200.0","1","N","N","N","1","","1","0","1","","3","Y","","2","1","0","0","0","0","0","2","0","2","","03","","N","","","","","","","","","",""
"2022117267","","4","0","0","0","0","0","0","0","0","5","0","","67","12","2022","3","39.950286","-75.243908","","6","0","0","0","0","0","0","0","0","","0","0","0","","","0","N","0","","39 57:01.030","","0","75 14:38.070","9","0","0","0","67301","0","0","0","N","0","0","0","2","67301","0","","6.0","","9","N","N","Y","0","","0","0","4","","0","","","8","0","0","0","0","0","2","2","0","8","","07","","N","","","","","","","","","",""
"2022116801","","1","0","0","0","0","0","0","0","0","4","0","","67","12","2022","5","39.958266","-75.167273","","6","0","0","0","0","0","1","0","0","","0","0","0","","","1","","1","","39 57:29.757","3","3","75 10:02.184","8","0","0","0","67301","0","0","0","N","0","0","0","2","67301","0","","1.0","1435.0","1","N","Y","N","0","","0","0","1","","2","N","","2","1","0","0","0","1","0","2","0","2","","","","N","","","","","","","","","",""
"2022115970","","1","0","0","0","0","0","0","0","0","7","0","","67","12","2022","2","39.955528","-75.148164","","6","0","0","0","0","0","0","0","0","","0","0","0","","","0","N","0","","39 57:19.901","4","2","75 08:53.389","0","0","0","0","67301","0","0","0","N","0","0","0","2","67501","0","","4.0","130.0","1","N","N","N","0","","0","0","0","","0","Y","","1","0","0","0","0","0","0","2","0","1","","","","N","","","","","","","","","",""
"2022117754","","1","0","0","0","0","0","0","0","0","1","0","","67","12","2022","6","40.091814","-75.021361","","6","0","0","0","0","1","0","0","0","","0","0","0","","","1","N","0","","40 05:30.530","","0","75 01:16.900","3","0","0","0","67301","0","0","0","N","0","0","0","2","67301","0","","6.0","","1","N","N","N","0","","1","0","1","","0","","","2","1","1","0","0","0","0","2","0","2","","","","N","","","","","","","","","",""
"2022122779","","1","0","0","0","0","0","0","0","0","2","0","","67","12","2022","3","40.008951","-75.082714","","6","0","0","0","0","0","0","0","0","","0","0","0","","","1","N","0","","40 00:32.225","","0","75 04:57.772","4","0","0","0","67301","0","0","0","N","0","0","0","2","67301","1","","1.0","","99","N","N","N","0","","0","0","1","","0","","","2","1","1","0","0","0","0","2","0","2","","","","N","","","","","","","","","",""
"2022114688","","0","0","0","0","0","0","0","0","0","1","0","","67","12","2022","7","40.014639","-75.178469","","6","0","0","0","0","0","0","0","0","","0","0","0","","","0","","1","","40 00:52.700","4","2","75 10:42.488","0","0","0","0","67301","0","0","0","N","0","0","0","5","67301","0","","1.0","1835.0","9","N","N","N","0","","0","0","1","","2","Y","","2","0","0","0","0","0","0","2","1","2","","04","","N","","","","","","","","","",""
"2022116681","","0","0","0","0","0","0","0","0","0","4","0","","67","12","2022","4","40.011618","-75.182092","","6","0","0","0","0","0","0","0","0","","0","0","0","","","1","","2","","40 00:41.826","1","0","75 10:55.530","8","0","0","0","67301","0","0","0","N","0","0","0","2","67301","0","","1.0","1835.0","99","N","N","N","0","","0","0","1","","2","Y","","2","1","0","0","0","1","1","2","1","2","","","","N","","","","","","","","","",""
"2022114340","","1","0","0","0","0","0","0","0","0","1","0","","67","12","2022","7","40.0823","-74.966627","","6","0","0","0","0","0","1","0","0","","0","0","0","","","2","N","0","","40 04:56.281","","1","74 57:59.858","8","0","0","0","67301","0","0","0","N","0","0","0","4","67301","0","","1.0","","9","N","N","N","1","","0","0","1","","0","","","3","2","0","0","0","2","0","2","0","3","","07","","N","","","","","","","","","",""
"2022124226","","0","0","0","0","0","0","0","0","0","1","0","","67","12","2022","5","39.958643","-75.141724","","6","0","0","0","0","0","0","0","0","","0","0","0","","","0","N","0","","39 57:31.115","2","2","75 08:30.205","0","0","0","0","67301","0","0","0","N","0","0","0","2","68K01","0","","1.0","1645.0","1","N","N","N","0","","0","0","2","","0","Y","","2","0","1","0","0","0","0","2","0","2","","","","N","","","","","","","","","",""
"2022117049","","1","0","0","0","0","0","0","0","0","4","0","","67","12","2022","6","39.949917","-75.229021","","6","0","0","0","0","0","1","0","0","","0","0","0","","","1","","1","","39 56:59.701","","0","75 13:44.475","3","0","0","0","67301","0","0","0","N","0","0","0","2","67301","0","","1.0","","1","N","N","N","0","","1","0","0","","3","","","2","1","0","0","0","0","0","2","1","2","","03","","N","","","","","","","","","",""
"2022120890","","1","0","0","0","0","0","0","0","0","8","0","","67","12","2022","2","40.040196","-75.099346","","6","0","0","0","0","0","0","1","0","","0","0","0","","","1","","2","","40 02:24.705","","0","75 05:57.645","3","0","0","0","67301","1","0","0","N","1","0","0","2","67301","0","","1.0","","1","N","N","N","0","","1","0","0","","3","","","2","1","0","0","0","0","0","2","0","1","","03","","N","","","","","","","","","",""
"2022121341","","0","0","0","0","0","0","0","0","0","4","0","","67","12","2022","3","40.086788","-74.971843","","6","0","0","0","0","0","1","0","0","","0","0","0","","","2","","1","","40 05:12.438","","0","74 58:18.635","3","0","0","0","67301","0","0","0","N","0","0","0","2","67301","0","","1.0","","1","N","N","N","1","","2","0","1","","2","","","2","2","0","0","0","0","0","2","0","2","","03","","N","","","","","","","","","",""
"2022117047","","1","0","0","0","0","0","0","0","0","4","0","","67","12","2022","6","40.085692","-75.037081","","6","0","0","0","0","0","0","0","0","","0","0","0","","","0","N","0","","40 05:08.491","","7","75 02:13.491","0","0","0","0","67301","0","0","0","N","0","0","0","2","67301","0","","1.0","","1","N","N","N","0","","0","0","1","","0","","","2","0","2","0","0","0","0","2","0","2","","03","","N","","","","","","","","","",""
"2022119179","","2","0","0","0","0","0","0","0","0","1","0","","67","12","2022","2","40.037568","-75.012594","","6","0","0","0","0","0","1","0","0","","0","0","0","","","2","N","0","","40 02:15.243","2","0","75 00:45.340","3","0","0","0","67301","0","0","0","N","0","0","0","7","68K01","0","","1.0","1836.0","1","N","N","N","1","","2","0","1","","0","N","","4","2","0","0","0","0","0","2","0","4","","","","N","","","","","","","","","",""
"2022116345","","1","0","0","0","0","0","0","0","0","8","0","","67","12","2022","2","39.921017","-75.22412","","6","0","0","0","0","0","0","0","0","","0","0","0","","","1","","1","","39 55:15.660","","0","75 13:26.832","3","0","0","0","67301","1","0","0","N","1","0","0","2","67301","0","","1.0","","1","N","N","N","0","","1","0","0","","2","","","2","1","0","0","0","0","0","2","0","1","","03","","N","","","","","","","","","",""
"2022116306","","1","0","0","0","0","0","0","0","0","1","0","","67","12","2022","2","39.960134","-75.179979","","6","0","0","0","0","0","0","0","0","","0","0","0","","","0","N","0","","39 57:36.483","4","3","75 10:47.924","0","0","0","0","67301","0","0","0","N","0","0","0","2","68K01","0","","1.0","1225.0","1","N","N","N","0","","0","0","1","","0","N","","2","0","0","0","0","0","0","2","0","2","","","","N","","","","","","","","","",""
"2022103219","","1","0","0","0","0","0","0","0","0","1","0","","67","11","2022","3","40.005111","-75.109419","","6","0","0","0","0","0","0","0","0","","0","0","0","","","1","N","0","","40 00:18.400","","0","75 06:33.910","3","0","0","0","67301","0","0","0","N","0","0","0","2","67301","0","","1.0","","1","N","N","N","0","","1","0","1","","0","","","2","1","2","0","0","0","0","2","0","2","","03","","N","","","","","","","","","",""
"2022117757","","1","0","0","0","0","0","0","0","0","8","0","","67","12","2022","3","39.967095","-75.162135","","6","0","0","0","0","0","0","0","0","","0","0","0","","","1","","1","","39 58:01.541","","0","75 09:43.686","8","0","0","0","67301","1","0","0","N","1","0","0","2","67301","0","","1.0","","1","N","N","Y","0","","0","0","0","","2","","","2","1","1","0","0","1","0","2","0","1","","03","","N","","","","","","","","","",""
"2022117758","","1","0","0","0","0","0","0","0","0","8","0","","67","12","2022","3","39.95521","-75.169557","","6","0","0","0","0","0","0","0","0","","0","0","0","","","1","","1","","39 57:18.756","","0","75 10:10.405","3","0","0","0","67301","1","0","0","N","1","0","0","2","67301","0","","1.0","","9","N","N","N","0","","1","0","0","","2","","","2","1","1","0","0","0","0","2","0","1","","07","","N","","","","","","","","","",""
"2022115634","","0","0","0","0","0","0","0","0","0","4","0","","67","12","2022","2","40.099527","-74.986368","","6","0","0","0","0","0","2","0","0","","0","0","0","","","2","","1","","40 05:58.296","","2","74 59:10.926","3","0","0","0","67301","0","0","0","N","0","0","0","2","67301","0","","1.0","","1","N","N","Y","0","","2","0","2","","2","","","2","2","0","0","0","0","0","2","0","2","","","","N","","","","","","","","","",""
"2022121676","","2","0","0","0","0","0","0","0","0","1","0","","67","12","2022","1","39.958501","-75.166783","","6","0","0","0","0","0","1","0","0","","0","0","0","","","1","N","0","","39 57:30.602","","0","75 10:00.417","8","0","0","0","67301","0","0","0","N","0","0","0","3","68K01","0","","1.0","","1","N","N","N","0","","0","0","0","","0","","","2","1","0","0","0","1","0","2","0","2","","03","","N","","","","","","","","","",""
"2022124332","","0","0","0","0","0","0","0","0","0","4","0","","67","12","2022","6","39.990681","-75.165738","","6","0","0","0","0","0","0","0","0","","0","0","0","","","0","","2","","39 59:26.451","","0","75 09:56.656","9","0","0","0","67301","0","0","0","N","0","0","0","2","67301","0","","1.0","","1","N","N","N","0","","0","0","2","","3","","","2","0","0","0","0","0","1","2","0","2","","03","","N","","","","","","","","","",""
"2022122925","","1","0","0","0","0","0","0","0","0","4","0","","67","12","2022","4","39.964049","-75.191594","","6","0","0","0","0","0","0","0","0","","0","0","0","","","1","","1","","39 57:50.576","","0","75 11:29.738","3","0","0","0","67301","0","0","0","N","0","0","0","3","67301","0","","1.0","","1","N","N","N","0","","1","0","1","","2","","","2","1","1","0","0","0","1","2","0","2","","03","","N","","","","","","","","","",""
"2022116680","","1","0","0","0","0","0","0","0","0","2","0","","67","12","2022","5","40.032025","-75.19299","","6","0","0","0","0","0","0","0","0","","0","0","0","","","1","N","0","","40 01:55.291","6","0","75 11:34.764","3","0","0","0","67301","0","0","0","N","0","0","0","1","67301","0","","6.0","230.0","9","N","N","N","0","","1","0","0","","0","Y","","2","1","0","0","0","0","0","2","0","2","","04","","N","","","","","","","","","",""
"2022119025","","2","0","0","0","0","0","0","0","0","4","0","","67","12","2022","3","40.012976","-75.119388","","6","0","0","0","0","0","0","0","0","","0","0","0","","","2","","1","","40 00:46.715","","0","75 07:09.796","3","0","0","0","67301","0","0","0","N","0","0","0","3","67301","0","","1.0","","9","N","N","N","0","","2","0","0","","2","","","2","2","2","0","0","0","0","2","0","2","","07","","N","","","","","","","","","",""
"2022114999","","2","0","0","0","0","0","0","0","0","4","0","","67","12","2022","7","40.010821","-75.126649","","6","0","0","0","0","0","0","0","0","","0","0","0","","","3","","1","","40 00:38.955","","0","75 07:35.936","3","0","0","0","67301","0","0","0","N","0","0","0","4","67301","2","","1.0","","1","N","N","N","0","","1","0","0","","2","","","2","3","0","0","0","0","1","2","0","2","","03","","N","","","","","","","","","",""
"2022120116","","1","0","0","0","0","0","0","0","0","4","0","","67","12","2022","6","39.921091","-75.173774","","6","0","0","0","0","0","0","0","0","","0","0","0","","","0","","1","","39 55:15.927","","0","75 10:25.586","0","0","0","0","67301","0","0","0","N","0","0","0","5","67301","0","","1.0","","1","N","N","N","0","","0","0","1","","2","","","2","0","0","0","0","0","0","2","0","2","","03","","N","","","","","","","","","",""
"2022114528","","0","0","0","0","0","0","1","0","0","7","1","","67","12","2022","5","","-75.242817","","6","0","0","0","0","0","1","0","0","","0","0","0","","","1","N","0","","39 52:36.85","","0","75 14:34.140","3","0","0","0","67301","0","0","0","N","0","0","0","2","67301","0","","4.0","","1","N","N","N","0","","1","0","0","","0","","","1","1","0","0","0","0","0","1","0","1","","03","","N","","","","","","","","","",""
"2022103566","","2","0","0","0","0","0","0","0","0","1","0","","67","11","2022","2","39.907444","-75.142611","","6","0","0","0","0","0","1","0","0","","0","0","0","","","1","N","0","","39 54:26.800","3","3","75 08:33.400","4","0","0","0","67301","0","0","0","N","0","0","0","5","67501","1","","1.0","207.0","1","N","N","N","0","","0","0","0","","0","N","","2","1","0","0","0","0","0","2","0","2","","","","N","","","","","","","","","",""