"CRN","ARRIVAL_TM","AUTOMOBILE_COUNT","BELTED_DEATH_COUNT","BELTED_SUSP_SERIOUS_INJ_COUNT","BICYCLE_COUNT","BICYCLE_DEATH_COUNT","BICYCLE_SUSP_SERIOUS_INJ_COUNT","BUS_COUNT","CHLDPAS_DEATH_COUNT","CHLDPAS_SUSP_SERIOUS_INJ_COUNT","COLLISION_TYPE","COMM_VEH_COUNT","CONS_ZONE_SPD_LIM","COUNTY","CRASH_MONTH","CRASH_YEAR","DAY_OF_WEEK","DEC_LATITUDE","DEC_LONGITUDE","DISPATCH_TM","DISTRICT","DRIVER_COUNT_16YR","DRIVER_COUNT_17YR","DRIVER_COUNT_18YR","DRIVER_COUNT_19YR","DRIVER_COUNT_20YR","DRIVER_COUNT_50_64YR","DRIVER_COUNT_65_74YR","DRIVER_COUNT_75PLUS","EST_HRS_CLOSED","FATAL_COUNT","HEAVY_TRUCK_COUNT","HORSE_BUGGY_COUNT","HOUR_OF_DAY","ILLUMINATION","INJURY_COUNT","INTERSECTION_RELATED","INTERSECT_TYPE","LANE_CLOSED","LATITUDE","LN_CLOSE_DIR","LOCATION_TYPE","LONGITUDE","MAX_SEVERITY_LEVEL","MCYCLE_DEATH_COUNT","MCYCLE_SUSP_SERIOUS_INJ_COUNT","MOTORCYCLE_COUNT","MUNICIPALITY","NONMOTR_COUNT","NONMOTR_DEATH_COUNT","NONMOTR_SUSP_SERIOUS_INJ_COUNT","NTFY_HIWY_MAINT","PED_COUNT","PED_DEATH_COUNT","PED_SUSP_SERIOUS_INJ_COUNT","PERSON_COUNT","POLICE_AGCY","POSSIBLE_INJ_COUNT","RDWY_SURF_TYPE_CD","RELATION_TO_ROAD","ROADWAY_CLEARED","ROAD_CONDITION","SCH_BUS_IND","SCH_ZONE_IND","SECONDARY_CRASH","SMALL_TRUCK_COUNT","SPEC_JURIS_CD","SUSP_MINOR_INJ_COUNT","SUSP_SERIOUS_INJ_COUNT","SUV_COUNT","TCD_FUNC_CD","TCD_TYPE","TFC_DETOUR_IND","TIME_OF_DAY","TOTAL_UNITS","TOT_INJ_COUNT","UNBELTED_OCC_COUNT","UNB_DEATH_COUNT","UNB_SUSP_SERIOUS_INJ_COUNT","UNK_INJ_DEG_COUNT","UNK_INJ_PER_COUNT","URBAN_RURAL","VAN_COUNT","VEHICLE_COUNT","WEATHER1","WEATHER2","WORKERS_PRES","WORK_ZONE_IND","WORK_ZONE_LOC","WORK_ZONE_TYPE","WZ_CLOSE_DETOUR","WZ_FLAGGER","WZ_LAW_OFFCR_IND","WZ_LN_CLOSURE","WZ_MOVING","WZ_OTHER","WZ_SHLDER_MDN","WZ_WORKERS_INJ_KILLED"
"2022092629","","1","0","0","0","0","0","0","0","0","7","0","","67","10","2022","6","39.980865","-75.157467","","6","0","0","1","0","0","0","0","0","","0","0","0","","","0","N","0","","39 58:51.113","1","0","75 09:26.881","0","0","0","0","67301","0","0","0","N","0","0","0","2","67505","0","","3.0","945.0","1","N","N","N","0","","0","0","1","","0","N","","2","0","0","0","0","0","0","2","0","2","","03","","N","","","","","","","","","",""
"2022103694","","0","0","0","0","0","0","0","0","0","4","0","","67","11","2022","5","39.961139","-75.169874","","6","0","0","0","0","0","0","0","0","","0","0","0","","","1","","2","","39 57:40.099","","0","75 10:11.546","4","0","0","1","67301","0","0","0","N","0","0","0","2","67301","1","","1.0","","1","N","N","N","0","","0","0","1","","3","","","2","1","0","0","0","0","0","2","0","2","","03","","N","","","","","","","","","",""
"2022103532","","2","0","0","0","0","0","0","0","0","4","0","","67","11","2022","7","40.134374","-75.009144","","6","0","0","0","0","1","0","0","0","","0","0","0","","","0","","1","","40 08:03.746","","0","75 00:32.919","0","0","0","0","67301","0","0","0","N","0","0","0","2","67301","0","","1.0","","1","N","N","N","0","","0","0","0","","2","","","2","0","0","0","0","0","0","2","0","2","","03","","N","","","","","","","","","",""
"2022103997","","0","0","0","0","0","0","0","0","0","6","0","","67","11","2022","1","40.076008","-75.174692","","6","0","0","0","0","0","0","0","1","","0","0","0","","","1","N","0","","40 04:33.630","","0","75 10:28.890","3","0","0","0","67301","0","0","0","N","0","0","0","1","67301","0","","6.0","","1","N","N","N","0","","1","0","2","","0","","","2","1","0","0","0","0","0","2","0","2","","","","N","","","","","","","","","",""
"2022100785","","1","0","0","0","0","0","0","0","0","4","0","","67","10","2022","7","40.086857","-74.971971","","6","0","0","0","0","0","0","0","0","","0","0","0","","","2","","1","","40 05:12.685","3","0","74 58:19.097","2","0","0","0","67301","0","0","0","N","0","0","0","2","67301","0","","1.0","115.0","1","N","N","N","0","","0","2","1","","2","Y","","2","2","0","0","0","0","0","2","0","2","","03","","N","","","","","","","","","",""
"2022101118","","1","0","0","0","0","0","0","0","0","7","0","","67","10","2022","7","40.022319","-75.138563","","6","0","0","0","0","0","0","0","0","","0","0","0","","","1","N","0","","40 01:20.349","2","0","75 08:18.828","3","0","0","0","67301","0","0","0","N","0","0","0","1","67301","0","","3.0","545.0","1","N","N","N","0","","1","0","0","","0","N","","1","1","0","0","0","0","0","2","0","1","","03","","N","","","","","","","","","",""
"2022094615","","2","0","0","0","0","0","0","0","0","4","0","","67","10","2022","7","39.922519","-75.145881","","6","0","0","0","0","0","0","0","0","","0","0","0","","","2","","1","","39 55:21.068","","0","75 08:45.172","8","0","0","0","67301","0","0","0","N","0","0","0","3","67301","0","","1.0","","99","N","N","N","0","","0","0","0","","3","","","2","2","0","0","0","2","0","2","0","2","","","","N","","","","","","","","","",""
"2022106164","","1","0","0","0","0","0","0","0","0","8","0","","67","10","2022","2","39.951701","-75.236857","","6","0","0","0","0","0","0","0","0","","0","0","0","","","1","","1","","39 57:06.123","","0","75 14:12.685","4","0","0","0","67301","1","0","0","N","1","0","0","2","67301","1","","1.0","","1","N","N","N","0","","0","0","0","","2","","","2","1","1","0","0","0","0","2","0","1","","03","","N","","","","","","","","","",""
"2022104380","","2","0","0","0","0","0","0","0","0","5","0","","67","10","2022","7","39.913056","-75.177778","","6","0","0","0","0","0","0","0","0","","0","0","0","","","0","N","0","","39 54:47.000","4","3","75 10:40.000","0","0","0","0","67301","0","0","0","N","0","0","0","5","67501","0","","1.0","230.0","1","N","N","N","0","","0","0","0","","0","N","","2","0","0","0","0","0","0","2","0","2","","03","","N","","","","","","","","","",""
"2022103332","","1","0","0","0","0","0","0","0","0","7","0","","67","11","2022","6","40.034111","-75.140139","","6","0","0","0","0","0","0","0","0","","0","0","0","","","2","","1","","40 02:02.800","1","0","75 08:24.500","8","0","0","0","67301","1","0","0","N","1","0","0","3","67301","0","","5.0","330.0","1","N","N","N","0","","0","0","0","","4","N","","2","2","2","0","0","2","0","2","0","1","","","","N","","","","","","","","","",""
"2022093818","","0","0","0","0","0","0","0","0","0","8","0","","67","10","2022","5","39.98031","-75.146316","","6","0","0","0","0","0","0","0","0","","0","0","0","","","1","","1","","39 58:49.115","","0","75 08:46.737","3","0","0","0","67301","1","0","0","N","1","0","0","2","67301","0","","1.0","","1","N","N","N","1","","1","0","0","","3","","","2","1","1","0","0","0","0","2","0","1","","03","","N","","","","","","","","","",""
"2022106633","","0","0","0","0","0","0","0","0","0","4","0","","67","11","2022","2","39.974704","-75.199479","","6","0","0","0","0","0","1","0","0","","0","0","0","","","1","","1","","39 58:28.934","","2","75 11:58.125","3","0","0","0","67301","0","0","0","N","0","0","0","2","67301","0","","1.0","","1","N","N","N","1","","1","0","1","","2","","","2","1","1","0","0","0","0","2","0","2","","","","N","","","","","","","","","",""
"2022103695","","1","0","0","0","0","0","0","0","0","4","0","","67","11","2022","7","39.917276","-75.21388","","6","0","0","0","0","0","0","0","0","","0","0","0","","","1","N","0","","39 55:02.193","","0","75 12:49.967","3","0","0","0","67301","0","0","0","N","0","0","0","3","67301","0","","1.0","","1","N","N","N","0","","1","0","1","","0","","","2","1","0","0","0","0","1","2","0","2","","03","","N","","","","","","","","","",""
"2022103533","","1","0","0","0","0","0","0","0","0","4","0","","67","11","2022","4","39.966239","-75.224802","","6","0","0","0","0","0","0","0","0","","0","0","0","","","0","","2","","39 57:58.462","","0","75 13:29.288","0","0","0","0","67301","0","0","0","N","0","0","0","2","67301","0","","1.0","","1","N","N","N","1","","0","0","1","","3","","","3","0","2","0","0","0","0","2","0","3","","03","","N","","","","","","","","","",""
"2022112402","","1","0","0","0","0","0","0","0","0","4","0","","67","11","2022","6","40.038197","-75.078655","","6","0","0","0","0","0","2","0","0","","0","0","0","","","0","","1","","40 02:17.510","","0","75 04:43.159","0","0","0","0","67301","0","0","0","N","0","0","0","2","67301","0","","1.0","","1","N","N","N","0","","0","0","0","","3","","","2","0","0","0","0","0","0","2","1","2","","","","N","","","","","","","","","",""
"2022113193","","1","0","0","0","0","0","0","0","0","1","0","","67","11","2022","5","40.008093","-75.142113","","6","0","0","0","0","0","0","0","0","","0","0","0","","","0","N","0","","40 00:29.134","","0","75 08:31.608","0","0","0","0","67301","0","0","0","N","0","0","0","1","67301","0","","6.0","","1","N","N","N","0","","0","0","1","","0","","","2","0","0","0","0","0","0","2","0","2","","03","","N","","","","","","","","","",""
"2022123839","","1","0","0","0","0","0","0","0","0","5","0","","67","10","2022","1","39.970332","-75.192934","","6","1","0","0","1","0","0","0","0","","0","0","0","","","3","N","0","","39 58:13.194","","0","75 11:34.564","4","0","0","0","67301","0","0","0","N","0","0","0","3","68K01","3","","1.0","","1","N","N","N","0","","0","0","1","","0","","","2","3","0","0","0","0","0","2","0","2","","03","","N","","","","","","","","","",""
"2022101458","","1","0","0","0","0","0","0","0","0","6","0","","67","10","2022","7","40.046322","-75.149597","","6","0","0","0","0","0","1","0","0","","0","0","0","","","0","N","0","","40 02:46.760","","0","75 08:58.550","0","0","0","0","67301","0","0","0","N","0","0","0","1","67301","0","","6.0","","1","N","N","N","0","","0","0","1","","0","","","2","0","1","0","0","0","0","2","0","2","","03","","N","","","","","","","","","",""
"2022103214","","0","0","0","0","0","0","0","0","0","8","0","","67","10","2022","2","39.951136","-75.153362","","6","0","0","0","0","0","0","0","0","","0","0","0","","","1","N","0","","39 57:04.090","","0","75 09:12.104","3","0","0","0","67301","1","0","0","N","1","0","0","2","67301","0","","1.0","","1","N","N","N","0","","1","0","1","","0","","","2","1","0","0","0","0","0","2","0","1","","","","N","","","","","","","","","",""
"2022101103","","0","0","0","0","0","0","0","0","0","8","0","","67","10","2022","6","39.97019","-75.169541","","6","0","0","0","0","0","0","0","0","","0","0","0","","","1","","1","","39 58:12.683","","0","75 10:10.347","3","0","0","0","67301","1","0","0","N","1","0","0","2","67301","0","","1.0","","1","N","N","N","0","","1","0","0","","3","","","2","1","0","0","0","0","0","2","0","1","","03","","N","","","","","","","","","",""
"2022093802","","0","0","0","0","0","0","0","0","0","1","0","","67","10","2022","6","39.894693","-75.229477","","6","0","0","0","0","0","0","0","0","","0","0","0","","","0","","3","","39 53:40.896","","0","75 13:46.117","0","0","0","0","67301","0","0","0","N","0","0","0","2","67301","0","","1.0","","1","N","N","N","0","","0","0","1","","2","","","2","0","1","0","0","0","0","2","0","2","","03","","N","","","","","","","","","",""
"2022093131","","1","0","0","0","0","0","0","0","0","1","0","","67","10","2022","5","39.901625","-75.225148","","6","0","0","0","0","1","1","0","0","","0","0","0","","","0","N","0","","39 54:05.851","","0","75 13:30.532","0","0","0","0","67301","0","0","0","N","0","0","0","3","67301","0","","1.0","","1","N","N","N","0","","0","0","2","","0","","","3","0","0","0","0","0","0","2","0","3","","03","","N","","","","","","","","","",""
"2022113194","","1","0","0","0","0","0","0","0","0","4","0","","67","11","2022","5","40.01495","-75.147214","","6","0","0","0","0","0","0","0","0","","0","0","0","","","1","","1","","40 00:53.820","","0","75 08:49.970","8","0","0","0","67301","0","0","0","N","0","0","0","2","67301","0","","1.0","","1","N","N","N","0","","0","0","0","","2","","","2","1","0","0","0","1","1","2","0","2","","","","N","","","","","","","","","",""
"2022103989","","0","0","0","0","0","0","0","0","0","8","0","","67","11","2022","7","40.049353","-75.06791","","6","0","0","0","0","0","0","0","0","","0","0","0","","","1","","1","","40 02:57.669","","0","75 04:04.477","8","0","0","0","67301","1","0","0","N","1","0","0","2","67301","0","","1.0","","99","N","N","N","0","","0","0","1","","2","","","2","1","0","0","0","1","0","2","0","1","","03","","N","","","","","","","","","",""
"2022103987","","1","0","0","0","0","0","0","0","0","4","0","","67","11","2022","6","40.061755","-75.056066","","6","0","0","0","0","0","0","0","1","","0","0","0","","","2","","1","","40 03:42.317","","0","75 03:21.839","8","0","0","0","67301","0","0","0","N","0","0","0","2","67301","0","","1.0","","1","N","N","N","0","","0","0","1","","2","","","2","2","0","0","0","2","0","2","0","2","","","","N","","","","","","","","","",""
"2022103062","","0","0","0","0","0","0","0","0","0","4","1","","67","11","2022","4","40.032946","-75.052079","","6","0","0","0","0","0","0","0","0","","0","0","0","","","1","","1","","40 01:58.605","","0","75 03:07.484","4","0","0","0","67301","0","0","0","N","0","0","0","2","67301","1","","1.0","","1","N","N","Y","0","","0","0","1","","3","","","2","1","1","0","0","0","0","2","1","2","","","","N","","","","","","","","","",""
"2022118171","","1","0","0","0","0","0","0","0","0","1","0","","67","10","2022","7","40.013194","-75.205056","","6","0","0","0","0","0","1","0","0","","0","0","0","","","1","N","0","","40 00:47.499","","2","75 12:18.201","4","0","0","0","67301","0","0","0","N","0","0","0","3","67301","1","","1.0","","1","N","N","N","0","","0","0","1","","0","","","2","1","0","0","0","0","0","2","0","2","","03","","N","","","","","","","","","",""
"2022104977","","0","0","0","0","0","0","0","0","0","4","0","","67","11","2022","3","40.020811","-75.118289","","6","0","0","0","1","0","0","0","0","","0","0","0","","","1","","1","","40 01:14.919","4","0","75 07:05.840","3","0","0","1","67301","0","0","0","N","0","0","0","7","67301","0","","1.0","500.0","9","N","N","N","0","","1","0","1","","2","Y","","2","1","0","0","0","0","0","2","0","2","","","","N","","","","","","","","","",""
"2022112266","","0","0","0","0","0","0","0","0","0","8","0","","67","11","2022","2","39.980367","-75.17092","","6","0","0","0","0","0","0","0","0","","0","0","0","","","1","","1","","39 58:49.320","","0","75 10:15.311","3","0","0","0","67301","1","0","0","N","1","0","0","2","67301","0","","1.0","","1","N","N","N","0","","1","0","1","","2","","","2","1","0","0","0","0","0","2","0","1","","03","","N","","","","","","","","","",""
"2022103319","","0","0","0","0","0","0","0","0","0","4","0","","67","11","2022","6","39.935632","-75.22587","","6","0","0","0","0","0","1","0","0","","0","0","0","","","1","","1","","39 56:08.274","","0","75 13:33.131","3","0","0","0","67301","0","0","0","N","0","0","0","2","67301","0","","1.0","","99","N","N","N","0","","1","0","2","","2","","","2","1","0","0","0","0","0","2","0","2","","","","N","","","","","","","","","",""
"2022102016","","1","0","0","0","0","0","0","0","0","5","0","","67","10","2022","2","39.961425","-75.194067","","6","0","0","0","0","0","0","0","0","","0","0","0","","","0","N","0","","39 57:41.130","","0","75 11:38.640","0","0","0","0","67301","0","0","0","N","0","0","0","1","67301","0","","6.0","","9","N","N","N","0","","0","0","1","","0","","","2","0","0","0","0","0","0","2","0","2","","07","","N","","","","","","","","","",""
"2022102213","","0","0","0","0","0","0","0","0","0","1","0","","67","11","2022","3","39.973333","-75.120543","","6","0","0","0","0","0","0","0","0","","0","0","0","","","0","N","0","","39 58:23.997","2","0","75 07:13.955","0","0","0","0","67301","0","0","0","N","0","0","0","2","68K01","0","","1.0","1630.0","9","N","N","N","0","","0","0","0","","0","N","","2","0","0","0","0","0","0","2","2","2","","","","N","","","","","","","","","",""
"2022093656","","0","0","0","0","0","0","0","0","0","7","0","","67","10","2022","7","39.956629","-75.198022","","6","0","0","0","0","0","0","0","0","","0","0","0","","","0","","1","","39 57:23.865","1","0","75 11:52.879","0","0","0","0","67301","0","0","0","N","0","0","0","1","67301","0","","4.0","800.0","1","N","N","N","0","","0","0","1","","2","Y","","1","0","1","0","0","0","0","2","0","1","","","","N","","","","","","","","","",""
"2022103700","","0","0","0","0","0","0","0","0","0","8","0","","67","9","2022","6","40.010778","-75.150503","","6","0","0","0","0","0","0","0","0","","0","0","0","","","1","N","0","","40 00:38.800","","0","75 09:01.810","3","0","0","0","67301","1","0","0","N","1","0","0","2","67301","0","","1.0","","99","N","N","N","0","","1","0","0","","0","","","2","1","0","0","0","0","0","2","0","1","","03","","N","","","","","","","","","",""
"2022108298","","1","0","0","0","0","0","0","0","0","7","0","","67","11","2022","1","40.001387","-75.152971","","6","1","0","0","0","0","0","0","0","","0","0","0","","","1","N","0","","40 00:04.993","2","0","75 09:10.696","8","0","0","0","67301","0","0","0","N","0","0","0","1","67508","0","","3.0","9999.0","1","N","N","N","0","","0","0","0","","0","Y","","1","1","1","0","0","1","0","2","0","1","","03","","N","","","","","","","","","",""
"2022104146","","1","0","0","0","0","0","0","0","0","4","0","","67","11","2022","2","40.070213","-75.180464","","6","0","0","0","0","0","0","0","0","","0","0","0","","","2","","1","","40 04:12.768","","0","75 10:49.670","3","0","0","0","67301","0","0","0","N","0","0","0","3","67301","0","","1.0","","1","N","N","N","1","","2","0","1","","2","","","3","2","0","0","0","0","0","2","0","3","","03","","N","","","","","","","","","",""
"2022102223","","0","0","0","0","0","0","0","0","0","4","0","","67","10","2022","7","40.094956","-75.01544","","6","0","0","0","0","0","2","0","0","","0","0","0","","","1","","1","","40 05:41.842","2","0","75 00:55.583","4","0","0","0","67301","0","0","0","N","0","0","0","2","67301","1","","1.0","1145.0","1","N","N","N","0","","0","0","2","","2","N","","2","1","0","0","0","0","0","2","0","2","","03","","N","","","","","","","","","",""
"2022104512","","1","0","0","0","0","0","0","0","0","1","0","","67","11","2022","4","39.898844","-75.179108","","6","0","0","0","0","0","0","0","0","","0","0","0","","","0","N","0","","39 53:55.839","1","3","75 10:44.790","0","0","0","0","67301","0","0","0","N","0","0","0","2","68K01","0","","1.0","1730.0","1","N","N","N","0","","0","0","0","","0","N","","2","0","0","0","0","0","0","2","1","2","","","","N","","","","","","","","","",""
"2022125106","","1","0","0","0","0","0","0","0","0","5","0","","67","12","2022","6","39.962589","-75.232981","","6","0","0","0","0","0","0","0","0","","0","0","0","","","0","N","0","","39 57:45.320","","99","75 13:58.730","0","0","0","0","67301","0","0","0","N","0","0","0","0","67301","0","","4.0","","1","N","N","N","0","","0","0","0","","0","","","2","0","0","0","0","0","0","2","1","2","","03","","N","","","","","","","","","",""
"2022093138","","0","0","0","0","0","0","0","0","0","8","0","","67","10","2022","5","39.947842","-75.224216","","6","0","0","0","0","0","0","0","0","","0","0","0","","","1","N","0","","39 56:52.231","","0","75 13:27.178","2","0","0","0","67301","1","0","1","N","1","0","1","2","67301","0","","1.0","","9","N","N","N","0","","0","1","2","","0","","","3","1","0","0","0","0","0","2","0","2","","07","","N","","","","","","","","","",""
"2022103702","","1","0","0","0","0","0","0","0","0","4","0","","67","11","2022","1","40.042896","-75.143783","","6","0","0","0","0","1","0","0","1","","0","0","0","","","2","","1","","40 02:34.426","","0","75 08:37.618","4","0","0","0","67301","0","0","0","N","0","0","0","2","67301","2","","1.0","","1","N","N","N","0","","0","0","1","","2","","","2","2","0","0","0","0","0","2","0","2","","","","N","","","","","","","","","",""
"2022112407","","3","0","0","0","0","0","0","0","0","4","0","","67","11","2022","6","39.996189","-75.187621","","6","0","0","0","1","0","0","0","0","","0","0","0","","","0","N","0","","39 59:46.282","1","0","75 11:15.436","0","0","0","0","67301","0","0","0","N","0","0","0","2","67301","0","","1.0","1200.0","1","N","N","N","0","","0","0","0","","0","N","","3","0","0","0","0","0","0","2","0","3","","","","N","","","","","","","","","",""
"2022104979","","0","0","0","0","0","0","0","0","0","7","0","","67","11","2022","6","40.013639","-75.123806","","6","0","0","0","0","0","0","0","0","","0","0","0","","","0","N","0","","40 00:49.100","","0","75 07:25.700","9","0","0","0","67301","0","0","0","N","0","0","0","1","67301","0","","4.0","","1","N","N","N","0","","0","0","1","","0","","","1","0","0","0","0","0","1","2","0","1","","","","N","","","","","","","","","",""
"2022114334","","1","0","0","0","0","0","0","0","0","5","0","","67","12","2022","5","39.922111","-75.168028","","6","0","0","0","0","0","0","0","0","","0","0","0","","","1","N","0","","39 55:19.600","","0","75 10:04.900","8","0","0","0","67301","0","0","0","N","0","0","0","2","67301","0","","1.0","","1","N","N","Y","1","","0","0","1","","0","","","3","1","0","0","0","1","0","2","0","3","","","","N","","","","","","","","","",""
"2022103334","","0","0","0","0","0","0","0","0","0","5","0","","67","11","2022","7","40.047809","-75.145437","","6","0","0","0","0","0","0","0","0","","0","0","0","","","1","","2","","40 02:52.112","","0","75 08:43.573","3","0","0","0","67301","0","0","0","N","0","0","0","2","67301","0","","1.0","","1","N","N","N","0","","1","0","1","","0","","","2","1","0","0","0","0","0","2","1","2","","03","","N","","","","","","","","","",""
"2022105974","","1","0","0","0","0","0","0","0","0","6","0","","67","11","2022","3","39.940486","-75.225506","","6","0","0","0","0","0","0","0","0","","0","0","0","","","2","N","0","","39 56:25.750","","0","75 13:31.820","3","0","0","0","67301","0","0","0","N","0","0","0","3","67301","0","","1.0","","1","N","N","N","0","","2","0","1","","0","","","2","2","1","0","0","0","0","2","0","2","","03","","N","","","","","","","","","",""
"2022103530","","2","0","0","0","0","0","0","0","0","5","0","","67","11","2022","3","39.925481","-75.181247","","6","0","0","0","0","0","0","0","0","","0","0","0","","","0","N","0","","39 55:31.730","3","0","75 10:52.490","0","0","0","0","67301","0","0","0","N","0","0","0","1","67301","0","","6.0","20.0","1","N","N","N","0","","0","0","1","","0","N","","3","0","0","0","0","0","0","2","0","3","","03","","N","","","","","","","","","",""
"2022113183","","1","0","0","0","0","0","0","0","0","4","0","","67","11","2022","2","39.957784","-75.241635","","6","0","0","0","0","0","0","0","0","","0","0","0","","","0","","1","","39 57:28.022","","0","75 14:29.885","9","0","0","0","67301","0","0","0","N","0","0","0","2","67301","0","","1.0","","1","N","N","N","0","","0","0","1","","3","","","2","0","0","0","0","0","1","2","0","2","","03","","N","","","","","","","","","",""
"2022104382","","0","0","0","0","0","0","0","0","0","1","0","","67","11","2022","7","39.902026","-75.202208","","6","0","0","0","0","0","0","0","0","","0","0","0","","","2","N","0","","39 54:07.295","","0","75 12:07.949","3","0","0","0","67301","0","0","0","N","0","0","0","2","67301","0","","1.0","","1","N","N","N","0","","2","0","2","","0","","","2","2","0","0","0","0","0","2","0","2","","03","","N","","","","","","","","","",""
"2022109363","","1","0","0","0","0","0","0","0","0","1","0","","67","11","2022","7","40.015774","-75.062899","","6","0","0","0","0","0","0","0","0","","0","0","0","","","1","N","0","","40 00:56.788","","0","75 03:46.438","3","0","0","0","67301","0","0","0","N","0","0","0","1","67301","0","","6.0","","1","N","N","N","0","","1","0","2","","0","","","3","1","1","0","0","0","0","2","0","3","","03","","N","","","","","","","","","",""
"2022103693","","1","0","0","0","0","0","0","0","0","4","0","","67","11","2022","4","39.96536","-75.162536","","6","0","0","0","0","0","0","0","0","","0","0","0","","","1","","1","","39 57:55.295","3","0","75 09:45.129","3","0","0","0","67301","0","0","0","N","0","0","0","2","67301","0","","1.0","20.0","1","N","N","N","0","","1","0","2","","2","N","","3","1","1","0","0","0","0","2","0","3","","03","","N","","","","","","","","","",""
"2022095024","","0","0","0","0","0","0","0","0","0","4","0","","67","10","2022","7","39.970173","-75.159656","","6","0","0","0","0","0","0","0","0","","0","0","0","","","1","","1","","39 58:12.621","","0","75 09:34.763","3","0","0","0","67301","0","0","0","N","0","0","0","2","67301","0","","1.0","","99","N","N","N","0","","1","0","2","","2","","","2","1","0","0","0","0","0","2","0","2","","03","","N","","","","","","","","","",""
"2022103999","","2","0","0","0","0","0","0","0","0","4","0","","67","11","2022","1","39.943652","-75.165445","","6","0","0","0","0","0","0","0","0","","0","0","0","","","1","","1","","39 56:37.148","","0","75 09:55.602","8","0","0","0","67301","0","0","0","N","0","0","0","2","67301","0","","1.0","","1","N","N","N","0","","0","0","1","","2","","","3","1","0","0","0","1","1","2","0","3","","","","N","","","","","","","","","",""
"2022107449","","0","0","0","0","0","0","0","0","0","5","0","","67","11","2022","3","39.978486","-75.202503","","6","0","0","0","0","1","0","0","0","","0","0","0","","","1","N","0","","39 58:42.551","","0","75 12:09.012","4","0","0","0","67301","0","0","0","N","0","0","0","2","68K01","1","","1.0","","1","N","N","N","1","","0","0","1","","0","","","2","1","0","0","0","0","0","2","0","2","","03","","N","","","","","","","","","",""
"2022093796","","1","0","0","0","0","0","0","0","0","7","0","","67","10","2022","7","39.94115","-75.14535","","6","0","0","0","0","0","0","0","0","","0","0","0","","","0","N","0","","39 56:28.140","","0","75 08:43.260","9","0","0","0","67301","0","0","0","N","0","0","0","1","67301","0","","6.0","","1","N","N","N","0","","0","0","1","","0","","","2","0","0","0","0","0","1","2","0","2","","03","","N","","","","","","","","","",""
"2022102942","","0","0","0","0","0","0","0","0","0","4","0","","67","11","2022","3","39.920059","-75.185774","","6","0","0","0","0","0","0","1","0","","0","0","0","","","1","","1","","39 55:12.212","","0","75 11:08.786","3","0","0","1","67301","0","0","0","N","0","0","0","2","67301","0","","1.0","","1","N","N","N","0","","1","0","0","","3","","","2","1","0","0","0","0","1","2","0","2","","03","","N","","","","","","","","","",""
"2022099081","","1","0","0","0","0","0","0","0","0","1","0","","67","10","2022","5","39.910386","-75.158489","","6","0","0","0","0","0","0","0","0","","0","0","0","","","1","N","0","","39 54:37.390","","0","75 09:30.560","4","0","0","0","67301","0","0","0","N","0","0","0","3","68K01","1","","1.0","","1","N","N","N","0","","0","0","1","","0","","","2","1","1","0","0","0","0","2","0","2","","","","N","","","","","","","","","",""
"2022102259","","1","0","0","0","0","0","0","0","0","7","0","","67","10","2022","1","39.912417","-75.173889","","6","0","0","0","0","0","0","0","0","","0","0","0","","","0","","7","","39 54:44.700","","8","75 10:26.000","0","0","0","0","67301","0","0","0","N","0","0","0","3","67501","0","","7.0","","1","N","N","N","0","","0","0","0","","0","","","1","0","0","0","0","0","0","2","0","1","","03","","N","","","","","","","","","",""
"2022103333","","0","0","0","0","0","0","0","0","0","4","0","","67","11","2022","6","40.020881","-75.1486","","6","0","0","0","0","0","0","0","0","","0","0","0","","","1","","2","","40 01:15.173","","0","75 08:54.961","3","0","0","0","67301","0","0","0","N","0","0","0","2","67301","0","","1.0","","1","N","N","N","0","","1","0","2","","0","","","2","1","0","0","0","0","0","2","0","2","","03","","N","","","","","","","","","",""
"2022104952","","2","0","0","0","0","0","0","0","0","4","0","","67","11","2022","2","40.045659","-75.056316","","6","0","0","0","0","0","0","0","0","","0","0","0","","","2","","2","","40 02:44.374","","7","75 03:22.739","3","0","0","0","67301","0","0","0","N","0","0","0","2","67301","0","","1.0","","1","N","N","N","0","","2","0","0","","2","","","2","2","0","0","0","0","0","2","0","2","","03","","N","","","","","","","","","",""
"2022104123","","1","0","0","0","0","0","0","0","0","7","0","","67","11","2022","1","39.930941","-75.199128","","6","0","0","0","0","0","0","0","0","","0","0","0","","","1","","3","","39 55:51.387","","2","75 11:56.859","3","0","0","0","67301","0","0","0","Y","0","0","0","1","68K01","0","","7.0","","1","N","N","N","0","","1","0","0","","0","","","1","1","0","0","0","0","0","2","0","1","","03","","N","","","","","","","","","",""
"2022093816","","1","0","0","0","0","0","0","0","0","4","0","","67","10","2022","5","39.98665","-75.146442","","6","0","0","0","0","0","2","0","0","","0","0","0","","","1","","1","","39 59:11.940","","0","75 08:47.191","8","0","0","0","67301","0","0","0","N","0","0","0","2","67301","0","","1.0","","1","N","N","N","1","","0","0","0","","3","","","2","1","0","0","0","1","0","2","0","2","","03","","N","","","","","","","","","",""