"CRN","ARRIVAL_TM","AUTOMOBILE_COUNT","BELTED_DEATH_COUNT","BELTED_SUSP_SERIOUS_INJ_COUNT","BICYCLE_COUNT","BICYCLE_DEATH_COUNT","BICYCLE_SUSP_SERIOUS_INJ_COUNT","BUS_COUNT","CHLDPAS_DEATH_COUNT","CHLDPAS_SUSP_SERIOUS_INJ_COUNT","COLLISION_TYPE","COMM_VEH_COUNT","CONS_ZONE_SPD_LIM","COUNTY","CRASH_MONTH","CRASH_YEAR","DAY_OF_WEEK","DEC_LATITUDE","DEC_LONGITUDE","DISPATCH_TM","DISTRICT","DRIVER_COUNT_16YR","DRIVER_COUNT_17YR","DRIVER_COUNT_18YR","DRIVER_COUNT_19YR","DRIVER_COUNT_20YR","DRIVER_COUNT_50_64YR","DRIVER_COUNT_65_74YR","DRIVER_COUNT_75PLUS","EST_HRS_CLOSED","FATAL_COUNT","HEAVY_TRUCK_COUNT","HORSE_BUGGY_COUNT","HOUR_OF_DAY","ILLUMINATION","INJURY_COUNT","INTERSECTION_RELATED","INTERSECT_TYPE","LANE_CLOSED","LATITUDE","LN_CLOSE_DIR","LOCATION_TYPE","LONGITUDE","MAX_SEVERITY_LEVEL","MCYCLE_DEATH_COUNT","MCYCLE_SUSP_SERIOUS_INJ_COUNT","MOTORCYCLE_COUNT","MUNICIPALITY","NONMOTR_COUNT","NONMOTR_DEATH_COUNT","NONMOTR_SUSP_SERIOUS_INJ_COUNT","NTFY_HIWY_MAINT","PED_COUNT","PED_DEATH_COUNT","PED_SUSP_SERIOUS_INJ_COUNT","PERSON_COUNT","POLICE_AGCY","POSSIBLE_INJ_COUNT","RDWY_SURF_TYPE_CD","RELATION_TO_ROAD","ROADWAY_CLEARED","ROAD_CONDITION","SCH_BUS_IND","SCH_ZONE_IND","SECONDARY_CRASH","SMALL_TRUCK_COUNT","SPEC_JURIS_CD","SUSP_MINOR_INJ_COUNT","SUSP_SERIOUS_INJ_COUNT","SUV_COUNT","TCD_FUNC_CD","TCD_TYPE","TFC_DETOUR_IND","TIME_OF_DAY","TOTAL_UNITS","TOT_INJ_COUNT","UNBELTED_OCC_COUNT","UNB_DEATH_COUNT","UNB_SUSP_SERIOUS_INJ_COUNT","UNK_INJ_DEG_COUNT","UNK_INJ_PER_COUNT","URBAN_RURAL","VAN_COUNT","VEHICLE_COUNT","WEATHER1","WEATHER2","WORKERS_PRES","WORK_ZONE_IND","WORK_ZONE_LOC","WORK_ZONE_TYPE","WZ_CLOSE_DETOUR","WZ_FLAGGER","WZ_LAW_OFFCR_IND","WZ_LN_CLOSURE","WZ_MOVING","WZ_OTHER","WZ_SHLDER_MDN","WZ_WORKERS_INJ_KILLED"
"2022107027","","0","0","0","0","0","0","0","0","0","4","0","","67","11","2022","4","39.963167","-75.199643","","6","0","0","0","0","0","1","0","0","","0","0","0","","","0","","1","","39 57:47.401","","0","75 11:58.714","9","0","0","0","67301","0","0","0","N","0","0","0","3","67301","0","","1.0","","1","N","N","N","0","","0","0","2","","2","","","2","0","0","0","0","0","2","2","0","2","","","","N","","","","","","","","","",""
"2022110570","","1","0","0","0","0","0","0","0","0","1","0","","67","11","2022","6","39.974066","-75.117882","","6","0","0","0","0","0","0","0","0","","0","0","0","","","2","","1","","39 58:26.639","2","0","75 07:04.374","3","0","0","0","67301","0","0","0","N","0","0","0","4","67301","0","","1.0","2030.0","1","N","N","N","1","","2","0","0","","2","Y","","2","2","0","0","0","0","0","2","0","2","","","","N","","","","","","","","","",""
"2022101859","","0","0","0","0","0","0","0","0","0","8","0","","67","10","2022","7","40.001601","-75.152925","","6","0","0","0","0","0","0","0","0","","0","0","0","","","1","","1","","40 00:05.763","","0","75 09:10.529","8","0","0","0","67301","1","0","0","N","1","0","0","2","67301","0","","1.0","","1","N","N","N","0","","0","0","1","","2","","","2","1","0","0","0","1","0","2","0","1","","03","","N","","","","","","","","","",""
"2022110079","","1","0","0","0","0","0","0","0","0","4","0","","67","11","2022","1","39.986614","-75.171234","","6","0","0","0","0","0","0","0","0","","0","0","0","","","2","","1","","39 59:11.810","","0","75 10:16.442","3","0","0","0","67301","0","0","0","N","0","0","0","3","67301","0","","1.0","","1","N","N","N","0","","2","0","2","","2","","","3","2","0","0","0","0","0","2","0","3","","03","","N","","","","","","","","","",""
"2022124404","","0","0","0","0","0","0","0","0","0","7","0","","67","12","2022","5","39.886647","-75.213975","","6","0","0","0","0","0","0","0","0","","0","0","0","","","0","N","0","","39 53:11.928","","0","75 12:50.309","0","0","0","0","67301","0","0","0","N","0","0","0","1","68K01","0","","4.0","","1","N","N","N","0","","0","0","1","","0","","","1","0","0","0","0","0","0","2","0","1","","","","N","","","","","","","","","",""
"2022112907","","1","0","0","0","0","0","0","0","0","4","0","","67","11","2022","5","39.99085","-75.155141","","6","0","0","0","0","0","0","0","0","","0","0","0","","","1","","1","","39 59:27.061","","0","75 09:18.508","3","0","0","1","67301","0","0","0","N","0","0","0","2","67301","0","","1.0","","1","N","N","N","0","","1","0","0","","2","","","2","1","1","0","0","0","0","2","0","2","","03","","N","","","","","","","","","",""
"2022093292","","1","0","0","0","0","0","0","0","0","5","0","","67","10","2022","7","40.076623","-75.032867","","6","0","0","0","0","0","2","0","0","","0","0","0","","","2","","1","","40 04:35.844","","0","75 01:58.321","4","0","0","0","67301","0","0","0","N","0","0","0","4","67301","2","","1.0","","1","N","N","N","1","","0","0","1","","2","","","3","2","1","0","0","0","1","2","0","3","","03","","N","","","","","","","","","",""
"2022102228","","0","0","0","0","0","0","0","0","0","4","0","","67","11","2022","3","39.928019","-75.219299","","6","0","0","0","0","0","0","0","0","","0","0","0","","","5","","1","","39 55:40.869","","0","75 13:09.477","3","0","0","0","67301","0","0","0","N","0","0","0","7","67301","0","","1.0","","1","N","N","N","0","","5","0","0","","2","","","2","5","1","0","0","0","0","2","1","2","","03","","N","","","","","","","","","",""
"2022104963","","2","0","0","0","0","0","0","0","0","4","0","","67","10","2022","7","39.996838","-75.15383","","6","0","0","1","0","0","0","0","0","","0","0","0","","","3","","1","","39 59:48.618","","0","75 09:13.788","3","0","0","0","67301","0","0","0","N","0","0","0","4","67301","0","","1.0","","9","N","N","N","0","","3","0","0","","2","","","2","3","0","0","0","0","0","2","0","2","","07","","N","","","","","","","","","",""
"2022117599","","2","0","0","0","0","0","0","0","0","1","0","","67","10","2022","7","39.932444","-75.200017","","6","0","0","0","0","0","0","0","0","","0","0","0","","","7","N","0","","39 55:56.797","4","0","75 12:00.061","3","0","0","0","67301","0","0","0","N","0","0","0","8","68K01","0","","1.0","130.0","1","N","N","N","0","","5","0","1","","0","N","","4","7","0","0","0","2","1","2","0","4","","","","N","","","","","","","","","",""
"2022102233","","1","0","0","0","0","0","0","0","0","4","0","","67","11","2022","4","39.992347","-75.154811","","6","0","0","0","0","0","0","0","0","","0","0","0","","","1","","2","","39 59:32.449","","0","75 09:17.320","3","0","0","0","67301","0","0","0","N","0","0","0","2","67301","0","","1.0","","1","N","N","N","0","","1","0","0","","0","","","2","1","0","0","0","0","0","2","1","2","","03","","N","","","","","","","","","",""
"2022100787","","2","0","0","0","0","0","0","0","0","4","0","","67","10","2022","6","40.065205","-75.175324","","6","0","0","0","0","0","1","0","0","","0","0","0","","","0","","1","","40 03:54.737","","0","75 10:31.167","9","0","0","0","67301","0","0","0","N","0","0","0","4","67301","0","","1.0","","1","N","N","N","0","","0","0","0","","2","","","3","0","0","0","0","0","3","2","0","3","","03","","N","","","","","","","","","",""
"2022098737","","3","0","0","0","0","0","0","0","0","1","0","","67","10","2022","7","40.017222","-75.139806","","6","0","0","0","0","0","0","0","0","","0","0","0","","","0","N","0","","40 01:02.000","","0","75 08:23.300","9","0","0","0","67301","0","0","0","N","0","0","0","1","67301","0","","6.0","","9","N","N","Y","0","","0","0","1","","0","","","4","0","0","0","0","0","1","2","0","4","","","","N","","","","","","","","","",""
"2022093414","","1","0","0","0","0","0","0","0","0","8","0","","67","10","2022","7","39.954581","-75.226004","","6","0","0","0","0","0","0","0","0","","0","0","0","","","1","","1","","39 57:16.492","","0","75 13:33.613","8","0","0","0","67301","1","0","0","N","1","0","0","2","67301","0","","1.0","","1","N","N","N","0","","0","0","0","","2","","","2","1","1","0","0","1","0","2","0","1","","03","","N","","","","","","","","","",""
"2022103321","","1","0","0","0","0","0","0","0","0","4","0","","67","11","2022","5","40.055789","-75.176185","","6","0","0","0","0","0","0","0","0","","0","0","0","","","0","","1","","40 03:20.841","","0","75 10:34.267","0","0","0","0","67301","0","0","0","N","0","0","0","2","67301","0","","1.0","","1","N","N","N","0","","0","0","1","","2","","","2","0","0","0","0","0","0","2","0","2","","","","N","","","","","","","","","",""
"2022101448","","1","0","0","0","0","0","0","0","0","4","0","","67","10","2022","2","40.052316","-75.007986","","6","0","0","0","0","0","0","1","0","","0","0","0","","","1","","1","","40 03:08.339","","0","75 00:28.750","3","0","0","0","67301","0","0","0","N","0","0","0","2","67301","0","","1.0","","1","N","N","N","1","","1","0","0","","2","","","2","1","0","0","0","0","0","2","0","2","","","","N","","","","","","","","","",""
"2022112201","","2","0","0","0","0","0","0","0","0","5","0","","67","10","2022","1","39.925556","-75.165667","","6","0","0","0","0","0","0","0","0","","0","0","0","","","0","N","0","","39 55:32.000","","0","75 09:56.400","0","0","0","0","67301","0","0","0","N","0","0","0","2","67301","0","","6.0","","1","N","N","N","0","","0","0","0","","0","","","2","0","0","0","0","0","0","2","0","2","","","","N","","","","","","","","","",""
"2022102232","","1","0","0","0","0","0","0","0","0","4","0","","67","11","2022","3","39.975836","-75.158419","","6","0","0","0","0","0","0","0","0","","0","0","0","","","1","","1","","39 58:33.009","","0","75 09:30.309","3","0","0","0","67301","0","0","0","N","0","0","0","2","67301","0","","1.0","","1","N","N","N","0","","1","0","1","","2","","","2","1","0","0","0","0","0","2","0","2","","03","","N","","","","","","","","","",""
"2022125234","","1","0","0","0","0","0","0","0","0","4","0","","67","12","2022","5","40.053531","-75.156261","","6","0","0","0","0","0","0","0","0","","0","0","0","","","0","N","0","","40 03:12.710","","0","75 09:22.540","9","0","0","0","67301","0","0","0","N","0","0","0","1","67301","0","","6.0","","1","N","N","N","0","","0","0","2","","0","","","3","0","0","0","0","0","1","2","0","3","","","","N","","","","","","","","","",""
"2022104953","","2","0","0","0","0","0","0","0","0","4","0","","67","11","2022","2","39.951118","-75.1785","","6","0","0","0","0","0","0","0","0","","0","0","0","","","0","","1","","39 57:04.026","","0","75 10:42.601","0","0","0","0","67301","0","0","0","N","0","0","0","2","67301","0","","1.0","","1","N","N","N","0","","0","0","0","","2","","","2","0","1","0","0","0","0","2","0","2","","03","","N","","","","","","","","","",""
"2022103224","","1","0","0","0","0","0","0","0","0","8","0","","67","11","2022","5","40.020931","-75.119306","","6","0","0","0","0","0","0","0","0","","0","0","0","","","1","N","0","","40 01:15.350","","0","75 07:09.500","3","0","0","0","67301","1","0","0","N","1","0","0","2","67301","0","","1.0","","1","N","Y","N","0","","1","0","0","","8","","","2","1","0","0","0","0","0","2","0","1","","03","","N","","","","","","","","","",""
"2022101861","","2","0","0","0","0","0","0","0","0","4","0","","67","11","2022","3","39.978376","-75.155714","","6","0","0","0","0","0","0","0","0","","0","0","0","","","0","","1","","39 58:42.153","","0","75 09:20.570","0","0","0","0","67301","0","0","0","N","0","0","0","2","67505","0","","1.0","","1","N","N","N","0","","0","0","0","","2","","","2","0","0","0","0","0","0","2","0","2","","03","","N","","","","","","","","","",""
"2022106265","","2","0","0","0","0","0","0","0","0","4","0","","67","11","2022","2","40.056182","-75.232597","","6","0","0","0","1","0","0","0","0","","0","0","0","","","3","N","0","","40 03:22.256","","7","75 13:57.348","3","0","0","0","67301","0","0","0","N","0","0","0","3","67301","0","","1.0","","1","N","N","N","0","","3","0","0","","2","","","2","3","0","0","0","0","0","2","0","2","","03","","N","","","","","","","","","",""
"2022101101","","2","0","0","0","0","0","0","0","0","2","0","","67","10","2022","6","40.085063","-75.036496","","6","0","0","0","0","0","0","0","0","","0","0","0","","","1","N","0","","40 05:06.227","","0","75 02:11.387","4","0","0","0","67301","0","0","0","N","0","0","0","3","67301","1","","1.0","","1","N","N","Y","0","","0","0","1","","0","","","3","1","1","0","0","0","0","2","0","3","","03","","N","","","","","","","","","",""
"2022103320","","1","0","0","0","0","0","0","0","0","4","0","","67","11","2022","7","39.923927","-75.222089","","6","0","0","0","0","0","0","1","0","","0","0","0","","","1","","1","","39 55:26.137","","0","75 13:19.522","8","0","0","0","67301","0","0","0","N","0","0","0","2","67301","0","","1.0","","1","N","N","N","1","","0","0","0","","2","","","2","1","0","0","0","1","1","2","0","2","","03","","N","","","","","","","","","",""
"2022102013","","0","0","0","0","0","0","0","0","0","8","0","","67","11","2022","3","40.043239","-75.052265","","6","0","0","0","0","0","0","0","0","","0","0","0","","","1","","1","","40 02:35.659","","0","75 03:08.154","8","0","0","0","67301","1","0","0","N","1","0","0","2","67301","0","","1.0","","1","N","N","N","1","","0","0","0","","2","","","2","1","0","0","0","1","0","2","0","1","","","","N","","","","","","","","","",""
"2022104970","","0","0","0","0","0","0","0","0","0","1","0","","67","10","2022","7","39.993578","-75.134397","","6","0","0","0","0","0","1","0","0","","0","0","0","","","5","N","0","","39 59:36.880","","0","75 08:03.830","2","0","0","0","67301","4","0","1","N","4","0","1","5","67301","0","","6.0","","1","N","N","N","0","","4","1","2","","0","","","7","5","0","0","0","0","0","2","1","3","","03","","N","","","","","","","","","",""
"2022101559","","1","0","0","0","0","0","0","0","0","1","0","","67","10","2022","6","39.981689","-75.207307","","6","0","0","0","0","0","0","0","0","","0","0","0","","","0","N","0","","39 58:54.080","3","0","75 12:26.305","0","0","0","0","67301","0","0","0","N","0","0","0","4","68K01","0","","1.0","45.0","1","N","N","N","0","","0","0","2","","0","N","","3","0","0","0","0","0","0","2","0","3","","","","N","","","","","","","","","",""
"2022119852","","2","0","0","0","0","0","0","0","0","1","0","","67","10","2022","2","40.028983","-75.022973","","6","0","0","1","0","0","0","0","0","","0","0","0","","","0","N","0","","40 01:44.338","","3","75 01:22.703","9","0","0","0","67301","0","0","0","N","0","0","0","6","68K01","0","","1.0","","1","N","N","N","0","","0","0","0","","0","","","2","0","0","0","0","0","4","2","0","2","","03","","N","","","","","","","","","",""
"2022097874","","0","0","0","0","0","0","0","0","0","8","0","","67","10","2022","6","39.964593","-75.167528","","6","0","0","0","0","0","0","0","0","","0","0","0","","","1","","1","","39 57:52.534","","0","75 10:03.100","3","0","0","0","67301","1","0","0","N","1","0","0","2","67301","0","","1.0","","1","N","Y","N","0","","1","0","0","","3","","","2","1","0","0","0","0","0","2","0","1","","03","","N","","","","","","","","","",""
"2022102955","","1","0","0","1","0","0","0","0","0","8","0","","67","11","2022","5","40.120342","-74.995839","","6","0","0","0","0","0","0","0","0","","0","0","0","","","1","N","0","","40 07:13.230","","0","74 59:45.020","3","0","0","0","67301","1","0","0","N","0","0","0","2","67301","0","","1.0","","1","N","N","N","0","","1","0","0","","0","","","2","1","1","0","0","0","0","2","0","1","","","","N","","","","","","","","","",""
"2022112264","","1","0","0","0","0","0","0","0","0","4","0","","67","10","2022","7","39.979099","-75.195775","","6","0","0","0","0","0","1","1","0","","0","0","0","","","2","N","0","","39 58:44.756","1","0","75 11:44.789","2","0","2","1","67301","0","0","0","N","0","0","0","3","67301","0","","1.0","2200.0","1","N","N","N","0","","0","2","0","","0","N","","2","2","0","0","0","0","0","2","0","2","","","","N","","","","","","","","","",""
"2022093064","","0","0","0","0","0","0","0","0","0","4","0","","67","10","2022","7","40.035281","-75.025181","","6","0","0","0","0","0","0","1","0","","0","0","0","","","0","","1","","40 02:07.013","","0","75 01:30.652","0","0","0","0","67301","0","0","0","N","0","0","0","2","67301","0","","1.0","","9","N","N","N","0","","0","0","2","","2","","","2","0","1","0","0","0","0","2","0","2","","07","","N","","","","","","","","","",""
"2022101601","","1","0","0","0","0","0","0","0","0","5","0","","67","10","2022","1","39.922347","-75.158314","","6","0","0","0","0","0","0","0","0","","0","0","0","","","1","N","0","","39 55:20.450","1","0","75 09:29.930","8","0","0","0","67301","0","0","0","N","0","0","0","2","67301","0","","6.0","900.0","1","N","N","N","0","","0","0","0","","0","Y","","2","1","0","0","0","1","0","2","1","2","","","","N","","","","","","","","","",""
"2022094152","","2","0","0","0","0","0","0","0","0","4","0","","67","10","2022","7","40.02773","-75.10997","","6","0","0","0","0","0","1","0","0","","0","0","0","","","1","","1","","40 01:39.827","","0","75 06:35.893","4","0","0","0","67301","0","0","0","N","0","0","0","2","67301","1","","1.0","","9","N","N","N","0","","0","0","0","","2","","","2","1","1","0","0","0","0","2","0","2","","07","","N","","","","","","","","","",""
"2022100952","","2","0","0","0","0","0","0","0","0","1","0","","67","10","2022","1","40.131696","-75.012324","","6","0","0","0","0","0","1","0","0","","0","0","0","","","1","","1","","40 07:54.104","","0","75 00:44.368","3","0","0","0","67301","0","0","0","N","0","0","0","4","67301","0","","1.0","","1","N","N","N","0","","1","0","1","","2","","","3","1","1","0","0","0","1","2","0","3","","","","N","","","","","","","","","",""
"2022104600","","2","0","0","0","0","0","0","0","0","4","0","","67","11","2022","6","40.049267","-75.162869","","6","0","0","0","0","0","0","0","0","","0","0","0","","","2","","1","","40 02:57.361","","0","75 09:46.328","3","0","0","0","67301","0","0","0","N","0","0","0","3","67301","0","","1.0","","1","N","N","N","1","","2","0","1","","3","","","4","2","1","0","0","0","0","2","0","4","","03","","N","","","","","","","","","",""
"2022125099","","1","0","0","0","0","0","0","0","0","1","1","","67","12","2022","5","40.036762","-75.040946","","6","0","0","0","0","0","1","0","0","","0","1","0","","","1","","5","","40 02:12.343","2","0","75 02:27.405","3","0","0","0","67301","0","0","0","N","0","0","0","5","67301","0","","1.0","1721.0","1","N","N","N","0","","1","0","1","","2","N","","3","1","0","0","0","0","2","2","0","3","","03","","N","","","","","","","","","",""
"2022100689","","1","0","0","0","0","0","0","0","0","7","0","","67","10","2022","7","40.127582","-75.014159","","6","0","0","0","0","0","0","0","0","","0","0","0","","","0","N","0","","40 07:39.294","","0","75 00:50.971","0","0","0","0","67301","0","0","0","N","0","0","0","1","67301","0","","4.0","","1","N","N","N","0","","0","0","1","","0","","","2","0","0","0","0","0","0","2","0","2","","03","","N","","","","","","","","","",""
"2022104463","","1","0","0","0","0","0","0","0","0","5","0","","67","10","2022","6","39.973936","-75.118616","","6","0","0","0","0","0","0","0","0","","0","0","0","","","0","N","0","","39 58:26.169","1","0","75 07:07.018","0","0","0","0","67301","0","0","0","N","0","0","0","2","68K01","0","","1.0","2301.0","1","N","N","N","0","","0","0","1","","0","N","","2","0","0","0","0","0","0","2","0","2","","","","N","","","","","","","","","",""
"2022102224","","0","0","0","0","0","0","0","0","0","8","0","","67","11","2022","3","40.066291","-75.051926","","6","0","0","0","0","0","0","0","0","","0","0","0","","","1","N","0","","40 03:58.647","2","0","75 03:06.934","8","0","0","0","67301","1","0","0","N","1","0","0","2","67301","0","","1.0","800.0","1","N","Y","N","0","","0","0","0","","0","Y","","2","1","0","0","0","1","0","2","1","1","","04","","N","","","","","","","","","",""
"2022116354","","5","0","0","0","0","0","0","0","0","5","0","","67","12","2022","5","39.987418","-75.155897","","6","0","0","0","1","0","0","0","0","","0","0","0","","","0","N","0","","39 59:14.705","","0","75 09:21.228","9","0","0","0","67301","0","0","0","N","0","0","0","3","67301","0","","1.0","","1","N","N","N","0","","0","0","0","","0","","","5","0","0","0","0","0","2","2","0","5","","","","N","","","","","","","","","",""
"2022102964","","1","0","0","0","0","0","0","0","0","7","0","","67","11","2022","3","40.020746","-75.141714","","6","0","0","0","1","0","0","0","0","","0","0","0","","","2","","3","","40 01:14.687","","2","75 08:30.172","2","0","0","0","67301","0","0","0","N","0","0","0","2","67301","0","","7.0","","9","N","N","N","0","","1","1","0","","0","","","1","2","0","0","0","0","0","2","0","1","","03","","N","","","","","","","","","",""
"2022125232","","1","0","0","0","0","0","0","0","0","4","0","","67","12","2022","5","39.951701","-75.236857","","6","0","0","0","0","0","0","0","0","","0","0","0","","","0","","1","","39 57:06.123","7","0","75 14:12.685","0","0","0","0","67301","0","0","0","N","0","0","0","2","67301","0","","1.0","2312.0","1","N","N","Y","0","","0","0","1","","2","N","","2","0","0","0","0","0","0","2","0","2","","","","N","","","","","","","","","",""
"2022097389","","1","0","0","0","0","0","0","0","0","1","0","","67","10","2022","6","39.976472","-75.196348","","6","0","0","0","0","0","0","0","0","","0","0","0","","","0","N","0","","39 58:35.298","","0","75 11:46.853","0","0","0","0","67301","0","0","0","N","0","0","0","2","68K01","0","","1.0","","1","N","N","N","0","","0","0","1","","0","","","2","0","0","0","0","0","0","2","0","2","","03","","N","","","","","","","","","",""
"2022104976","","1","0","0","0","0","0","0","0","0","2","0","","67","10","2022","2","40.020022","-75.124694","","6","0","0","0","0","0","0","0","0","","0","0","0","","","0","N","0","","40 01:12.080","","0","75 07:28.900","0","0","0","0","67301","0","0","0","N","0","0","0","1","67301","0","","6.0","","1","N","N","N","1","","0","0","1","","0","","","4","0","1","0","0","0","0","2","1","4","","03","","N","","","","","","","","","",""
"2022102222","","1","0","0","0","0","0","0","0","0","4","0","","67","11","2022","3","39.917541","-75.166363","","6","0","0","0","0","0","1","0","0","","0","0","0","","","3","","1","","39 55:03.147","4","0","75 09:58.906","3","0","0","0","67301","0","0","0","N","0","0","0","4","67301","0","","1.0","1700.0","1","N","N","N","0","","3","0","2","","3","Y","","3","3","0","0","0","0","0","2","0","3","","03","","N","","","","","","","","","",""
"2022101115","","1","0","0","0","0","0","0","0","0","4","0","","67","10","2022","7","40.014518","-75.131119","","6","0","0","1","0","1","0","0","0","","0","0","0","","","2","","1","","40 00:52.264","5","0","75 07:52.028","3","0","0","0","67301","0","0","0","N","0","0","0","2","67301","1","","1.0","2212.0","1","N","N","N","0","","1","0","1","","2","N","","2","2","0","0","0","0","0","2","0","2","","03","","N","","","","","","","","","",""
"2022101459","","1","0","0","0","0","0","0","0","0","6","0","","67","10","2022","1","40.024406","-75.133144","","6","0","0","0","0","0","0","0","0","","0","0","0","","","1","N","0","","40 01:27.860","1","0","75 07:59.320","3","0","0","0","67301","0","0","0","N","0","0","0","1","67301","0","","6.0","530.0","1","N","N","N","1","","1","0","0","","0","N","","2","1","0","0","0","0","0","2","0","2","","03","","N","","","","","","","","","",""
"2022093067","","2","0","0","0","0","0","0","0","0","4","0","","67","10","2022","6","40.044528","-75.193121","","6","0","0","0","0","0","0","0","0","","0","0","0","","","1","","1","","40 02:40.301","2","0","75 11:35.235","3","0","0","0","67301","0","0","0","N","0","0","0","2","67301","0","","1.0","1820.0","1","N","N","N","0","","1","0","0","","2","N","","2","1","0","0","0","0","0","2","0","2","","","","N","","","","","","","","","",""
"2022068608","","3","0","0","0","0","0","0","0","0","4","0","","67","7","2022","6","40.040635","-75.151494","","6","0","0","0","0","0","0","0","0","","0","0","0","","","1","","1","","40 02:26.285","","0","75 09:05.378","4","0","0","0","67301","0","0","0","N","0","0","0","1","67301","1","","1.0","","1","N","N","N","0","","0","0","1","","2","","","4","1","0","0","0","0","0","2","0","4","","03","","N","","","","","","","","","",""
"2022105357","","1","0","0","0","0","0","0","0","0","5","0","","67","11","2022","3","39.905098","-75.195445","","6","0","0","0","0","0","1","0","0","","0","0","0","","","1","N","0","","39 54:18.351","4","0","75 11:43.602","3","0","0","0","67301","0","0","0","N","0","0","0","3","67301","0","","1.0","711.0","1","N","N","N","0","","1","0","2","","0","N","","3","1","0","0","0","0","0","2","0","3","","03","","N","","","","","","","","","",""
"2022093137","","1","0","0","1","0","0","0","0","0","8","0","","67","10","2022","6","39.960929","-75.245024","","6","0","0","0","0","0","0","0","0","","0","0","0","","","1","","1","","39 57:39.345","","0","75 14:42.087","3","0","0","0","67301","1","0","0","N","0","0","0","3","67301","0","","1.0","","1","N","N","N","0","","1","0","0","","2","","","2","1","0","0","0","0","0","2","0","1","","","","N","","","","","","","","","",""
"2022108069","","2","0","0","0","0","0","0","0","0","5","0","","67","11","2022","7","39.959539","-75.243294","","6","0","0","0","0","0","0","0","0","","0","0","0","","","0","N","0","","39 57:34.340","2","0","75 14:35.860","0","0","0","0","67301","0","0","0","N","0","0","0","1","67301","0","","6.0","230.0","1","N","N","N","0","","0","0","1","","0","N","","3","0","1","0","0","0","0","2","0","3","","03","","N","","","","","","","","","",""
"2022123001","","1","0","0","0","0","0","0","0","0","5","0","","67","10","2022","1","40.007212","-75.200268","","6","0","0","1","0","0","1","0","0","","0","0","0","","","5","N","0","","40 00:25.962","","0","75 12:00.964","3","0","0","0","67301","0","0","0","N","0","0","0","5","68K01","0","","1.0","","1","N","N","N","0","","5","0","1","","0","","","2","5","0","0","0","0","0","2","0","2","","","","N","","","","","","","","","",""
"2022093389","","2","0","0","0","0","0","0","0","0","1","0","","67","10","2022","7","39.981975","-75.100903","","6","0","0","0","0","0","1","0","0","","0","0","0","","","2","N","0","","39 58:55.110","1","3","75 06:03.249","4","0","0","0","67301","0","0","0","N","0","0","0","3","68K01","2","","1.0","55.0","1","N","N","N","0","","0","0","0","","0","N","","2","2","0","0","0","0","0","2","0","2","","03","","N","","","","","","","","","",""
"2022100799","","1","0","0","0","0","0","0","0","0","4","0","","67","10","2022","7","39.972863","-75.170309","","6","0","0","0","0","0","1","0","0","","0","0","0","","","1","","1","","39 58:22.306","","0","75 10:13.113","3","0","0","0","67301","0","0","0","N","0","0","0","3","67301","0","","1.0","","1","N","N","N","0","","1","0","1","","2","","","2","1","1","0","0","0","0","2","0","2","","","","N","","","","","","","","","",""
"2022110569","","0","0","0","0","0","0","0","0","0","8","0","","67","11","2022","6","39.9753","-75.121195","","6","0","0","0","0","0","0","0","0","","0","0","0","","","1","","1","","39 58:31.081","","0","75 07:16.303","3","0","0","0","67301","1","0","0","N","1","0","0","2","67301","0","","1.0","","1","N","N","N","0","","1","0","1","","2","","","2","1","1","0","0","0","0","2","0","1","","03","","N","","","","","","","","","",""
"2022095234","","4","0","0","0","0","0","0","0","0","5","0","","67","10","2022","6","40.046056","-75.125472","","6","0","0","0","0","0","0","1","0","","0","0","0","","","2","N","0","","40 02:45.800","1","0","75 07:31.700","8","0","0","0","67301","0","0","0","N","0","0","0","2","67301","0","","6.0","1047.0","1","N","N","N","1","","0","0","4","","0","N","","9","2","0","0","0","2","0","2","0","9","","03","","N","","","","","","","","","",""
"2022110566","","1","0","0","0","0","0","0","0","0","4","0","","67","11","2022","3","39.970503","-75.148069","","6","0","0","0","0","0","0","0","0","","0","0","0","","","0","","1","","39 58:13.811","","0","75 08:53.050","0","0","0","0","67301","0","0","0","N","0","0","0","2","67301","0","","1.0","","1","N","N","N","1","","0","0","0","","2","","","2","0","0","0","0","0","0","2","0","2","","03","","N","","","","","","","","","",""
"2022102011","","2","0","0","0","0","0","0","0","0","4","0","","67","10","2022","2","40.041474","-75.013266","","6","0","0","1","0","0","0","0","0","","0","0","0","","","0","","1","","40 02:29.306","","0","75 00:47.756","0","0","0","0","67301","0","0","0","N","0","0","0","2","67301","0","","1.0","","1","N","N","N","0","","0","0","0","","2","","","2","0","0","0","0","0","0","2","0","2","","","","N","","","","","","","","","",""
"2022095344","","2","0","0","0","0","0","0","0","0","2","0","","67","10","2022","6","40.020169","-75.113258","","6","0","0","0","0","0","0","0","0","","0","0","0","","","0","N","0","","40 01:12.610","","0","75 06:47.730","0","0","0","0","67301","0","0","0","N","0","0","0","1","67301","0","","6.0","","1","N","N","N","0","","0","0","1","","0","","","3","0","1","0","0","0","0","2","0","3","","","","N","","","","","","","","","",""