"CRN","ARRIVAL_TM","AUTOMOBILE_COUNT","BELTED_DEATH_COUNT","BELTED_SUSP_SERIOUS_INJ_COUNT","BICYCLE_COUNT","BICYCLE_DEATH_COUNT","BICYCLE_SUSP_SERIOUS_INJ_COUNT","BUS_COUNT","CHLDPAS_DEATH_COUNT","CHLDPAS_SUSP_SERIOUS_INJ_COUNT","COLLISION_TYPE","COMM_VEH_COUNT","CONS_ZONE_SPD_LIM","COUNTY","CRASH_MONTH","CRASH_YEAR","DAY_OF_WEEK","DEC_LATITUDE","DEC_LONGITUDE","DISPATCH_TM","DISTRICT","DRIVER_COUNT_16YR","DRIVER_COUNT_17YR","DRIVER_COUNT_18YR","DRIVER_COUNT_19YR","DRIVER_COUNT_20YR","DRIVER_COUNT_50_64YR","DRIVER_COUNT_65_74YR","DRIVER_COUNT_75PLUS","EST_HRS_CLOSED","FATAL_COUNT","HEAVY_TRUCK_COUNT","HORSE_BUGGY_COUNT","HOUR_OF_DAY","ILLUMINATION","INJURY_COUNT","INTERSECTION_RELATED","INTERSECT_TYPE","LANE_CLOSED","LATITUDE","LN_CLOSE_DIR","LOCATION_TYPE","LONGITUDE","MAX_SEVERITY_LEVEL","MCYCLE_DEATH_COUNT","MCYCLE_SUSP_SERIOUS_INJ_COUNT","MOTORCYCLE_COUNT","MUNICIPALITY","NONMOTR_COUNT","NONMOTR_DEATH_COUNT","NONMOTR_SUSP_SERIOUS_INJ_COUNT","NTFY_HIWY_MAINT","PED_COUNT","PED_DEATH_COUNT","PED_SUSP_SERIOUS_INJ_COUNT","PERSON_COUNT","POLICE_AGCY","POSSIBLE_INJ_COUNT","RDWY_SURF_TYPE_CD","RELATION_TO_ROAD","ROADWAY_CLEARED","ROAD_CONDITION","SCH_BUS_IND","SCH_ZONE_IND","SECONDARY_CRASH","SMALL_TRUCK_COUNT","SPEC_JURIS_CD","SUSP_MINOR_INJ_COUNT","SUSP_SERIOUS_INJ_COUNT","SUV_COUNT","TCD_FUNC_CD","TCD_TYPE","TFC_DETOUR_IND","TIME_OF_DAY","TOTAL_UNITS","TOT_INJ_COUNT","UNBELTED_OCC_COUNT","UNB_DEATH_COUNT","UNB_SUSP_SERIOUS_INJ_COUNT","UNK_INJ_DEG_COUNT","UNK_INJ_PER_COUNT","URBAN_RURAL","VAN_COUNT","VEHICLE_COUNT","WEATHER1","WEATHER2","WORKERS_PRES","WORK_ZONE_IND","WORK_ZONE_LOC","WORK_ZONE_TYPE","WZ_CLOSE_DETOUR","WZ_FLAGGER","WZ_LAW_OFFCR_IND","WZ_LN_CLOSURE","WZ_MOVING","WZ_OTHER","WZ_SHLDER_MDN","WZ_WORKERS_INJ_KILLED"
"2022102954","","1","0","0","0","0","0","0","0","0","4","0","","67","11","2022","3","40.064271","-75.053695","","6","0","0","0","1","0","0","0","0","","0","0","0","","","1","","1","","40 03:51.377","6","0","75 03:13.303","3","0","0","0","67301","0","0","0","N","0","0","0","2","67301","0","","1.0","2100.0","1","N","N","N","0","","1","0","1","","1","N","","2","1","0","0","0","0","0","2","0","2","","03","","N","","","","","","","","","",""
"2022103060","","1","0","0","0","0","0","0","0","0","1","0","","67","11","2022","6","40.027922","-75.207323","","6","0","0","0","0","0","0","0","0","","0","0","0","","","1","","1","","40 01:40.518","3","0","75 12:26.362","8","0","0","0","67301","0","0","0","N","0","0","0","2","67301","0","","1.0","1756.0","1","N","N","N","0","","0","0","1","","3","Y","","2","1","0","0","0","1","0","2","0","2","","","","N","","","","","","","","","",""
"2022123665","","0","0","0","0","0","0","0","0","0","4","0","","67","11","2022","3","39.99562","-75.167582","","6","0","0","0","0","0","0","1","0","","0","0","0","","","0","","1","","39 59:44.232","","0","75 10:03.296","0","0","0","0","67301","0","0","0","N","0","0","0","2","67301","0","","1.0","","1","N","N","N","0","","0","0","2","","2","","","2","0","0","0","0","0","0","2","0","2","","03","","N","","","","","","","","","",""
"2022125233","","2","0","0","0","0","0","0","0","0","2","0","","67","12","2022","6","39.949186","-75.229172","","6","0","0","0","0","0","0","0","0","","0","0","0","","","0","","1","","39 56:57.069","5","0","75 13:45.019","0","0","0","0","67301","0","0","0","N","0","0","0","3","67301","0","","1.0","45.0","1","N","N","N","0","","0","0","0","","3","N","","2","0","0","0","0","0","0","2","0","2","","","","N","","","","","","","","","",""
"2022104612","","1","0","0","1","0","0","0","0","0","8","0","","67","11","2022","7","39.964664","-75.224517","","6","0","0","0","0","0","0","0","0","","0","0","0","","","1","N","0","","39 57:52.792","","0","75 13:28.261","3","0","0","0","67301","1","0","0","N","0","0","0","2","67301","0","","1.0","","1","N","N","N","0","","1","0","0","","0","","","2","1","1","0","0","0","0","2","0","1","","03","","N","","","","","","","","","",""
"2022103998","","1","0","0","0","0","0","0","0","0","5","0","","67","11","2022","7","39.935097","-75.174906","","6","0","0","0","0","0","0","0","0","","0","0","0","","","0","N","0","","39 56:06.350","3","0","75 10:29.660","9","0","0","0","67301","0","0","0","N","0","0","0","1","67301","0","","6.0","215.0","1","N","N","N","0","","0","0","2","","0","Y","","4","0","0","0","0","0","1","2","1","4","","","","N","","","","","","","","","",""
"2022101449","","0","0","0","0","0","0","0","0","0","4","0","","67","10","2022","1","39.933477","-75.215566","","6","0","0","0","0","0","0","0","0","","0","0","0","","","0","","3","","39 56:00.517","","0","75 12:56.037","9","0","0","0","67301","0","0","0","N","0","0","0","3","67301","0","","1.0","","1","N","N","N","0","","0","0","2","","2","","","3","0","0","0","0","0","3","2","1","3","","03","","N","","","","","","","","","",""
"2022093079","","1","0","0","0","0","0","0","0","0","1","0","","67","10","2022","6","","","","6","0","0","0","0","0","0","0","0","","0","0","0","","","2","N","0","","","3","3","","3","0","0","0","67301","0","0","0","N","0","0","0","4","67501","0","","1.0","34.0","1","N","N","N","0","","2","0","0","","8","N","","2","2","0","0","0","0","0","1","1","2","","04","","N","","","","","","","","","",""
"2022093415","","0","0","0","0","0","0","0","0","0","4","0","","67","10","2022","7","39.946054","-75.216496","","6","0","0","0","0","0","0","0","0","","0","0","0","","","2","","1","","39 56:45.794","","0","75 12:59.385","4","0","0","0","67301","0","0","0","N","0","0","0","4","67301","1","","1.0","","1","N","N","N","0","","0","0","2","","3","","","2","2","1","0","0","1","2","2","0","2","","","","N","","","","","","","","","",""
"2022113337","","2","0","0","0","0","0","0","0","0","4","0","","67","11","2022","2","39.975162","-75.188163","","6","0","0","0","0","0","0","0","0","","0","0","0","","","1","","1","","39 58:30.584","","0","75 11:17.385","4","0","0","0","67301","0","0","0","N","0","0","0","2","67301","1","","1.0","","1","N","N","N","0","","0","0","0","","2","","","2","1","0","0","0","0","0","2","0","2","","03","","N","","","","","","","","","",""
"2022103531","","2","0","0","0","0","0","0","0","0","4","0","","67","11","2022","6","40.044621","-75.054672","","6","0","0","1","0","0","1","0","0","","0","0","0","","","3","","1","","40 02:40.636","2","0","75 03:16.819","2","0","0","0","67301","0","0","0","N","0","0","0","4","67301","0","","1.0","15.0","1","N","N","N","0","","2","1","0","","2","Y","","2","3","0","0","0","0","0","2","0","2","","03","","N","","","","","","","","","",""
"2022093412","","0","0","0","0","0","0","0","0","0","4","0","","67","10","2022","6","39.975162","-75.188163","","6","0","0","0","0","0","0","1","0","","0","0","0","","","0","","1","","39 58:30.584","","0","75 11:17.385","0","0","0","0","67301","0","0","0","N","0","0","0","2","67301","0","","1.0","","1","N","N","N","0","","0","0","2","","2","","","2","0","0","0","0","0","0","2","0","2","","03","","N","","","","","","","","","",""
"2022108084","","2","0","0","0","0","0","0","0","0","2","0","","67","11","2022","2","39.996892","-75.10322","","6","0","0","0","0","0","0","0","0","","0","0","0","","","0","N","0","","39 59:48.812","","0","75 06:11.592","0","0","0","0","67301","0","0","0","N","0","0","0","1","67301","0","","6.0","","1","N","N","N","0","","0","0","1","","0","","","3","0","0","0","0","0","0","2","0","3","","03","","N","","","","","","","","","",""
"2022114997","","1","0","0","0","0","0","0","0","0","2","0","","67","12","2022","5","40.001526","-75.104233","","6","0","0","0","0","0","1","1","0","","0","0","0","","","1","","5","","40 00:05.492","","0","75 06:15.239","3","0","0","0","67301","0","0","0","N","0","0","0","3","67301","0","","1.0","","1","N","N","N","1","","1","0","1","","2","","","3","1","3","0","0","0","0","2","0","3","","03","","N","","","","","","","","","",""
"2022103317","","1","0","0","0","0","0","0","0","0","4","0","","67","11","2022","5","39.920292","-75.213503","","6","0","0","0","0","0","0","0","0","","0","0","0","","","1","N","0","","39 55:13.050","","7","75 12:48.610","3","0","0","0","67301","0","0","0","N","0","0","0","2","67301","0","","1.0","","1","N","N","N","1","","1","0","0","","0","","","2","1","0","0","0","0","1","2","0","2","","04","","N","","","","","","","","","",""
"2022113188","","1","0","0","0","0","0","0","0","0","4","0","","67","10","2022","7","40.010121","-75.121438","","6","0","0","0","0","0","1","0","0","","0","0","0","","","1","","1","","40 00:36.436","","0","75 07:17.178","8","0","0","0","67301","0","0","0","N","0","0","0","2","67301","0","","1.0","","1","N","N","N","0","","0","0","0","","2","","","2","1","0","0","0","1","0","2","1","2","","03","","N","","","","","","","","","",""
"2022101611","","0","0","0","0","0","0","0","0","0","4","0","","67","10","2022","1","39.979403","-75.163446","","6","0","0","0","0","0","0","1","0","","0","0","0","","","2","","1","","39 58:45.851","","0","75 09:48.406","4","0","0","0","67301","0","0","0","N","0","0","0","8","67301","2","","1.0","","1","N","N","N","1","","0","0","0","","3","","","2","2","1","0","0","0","0","2","1","2","","03","","N","","","","","","","","","",""
"2022108267","","0","0","0","1","0","0","0","0","0","8","0","","67","11","2022","3","39.923","-75.188598","","6","0","0","0","0","0","0","0","0","","0","0","0","","","1","","1","","39 55:22.800","","1","75 11:18.952","3","0","0","0","67301","1","0","0","N","0","0","0","2","67301","0","","1.0","","1","N","N","N","0","","1","0","0","","3","","","2","1","0","0","0","0","0","2","0","1","","","","N","","","","","","","","","",""
"2022109362","","1","0","0","0","0","0","0","0","0","4","0","","67","11","2022","4","40.028363","-75.027034","","6","0","0","0","0","0","0","0","0","","0","0","0","","","1","N","0","","40 01:42.107","","7","75 01:37.322","4","0","0","0","67301","0","0","0","N","0","0","0","3","67301","1","","1.0","","1","N","N","N","0","","0","0","0","","0","","","2","1","0","0","0","0","0","2","1","2","","03","","N","","","","","","","","","",""
"2022101602","","0","0","0","0","0","0","0","0","0","7","0","","67","10","2022","7","40.024699","-75.196469","","6","0","0","0","0","0","0","0","0","","0","0","0","","","2","N","0","","40 01:28.918","","3","75 11:47.290","3","0","0","0","67301","0","0","0","N","0","0","0","2","67301","0","","4.0","","1","N","N","N","0","","2","0","1","","0","","","1","2","0","0","0","0","0","2","0","1","","03","","N","","","","","","","","","",""
"2022093660","","3","0","0","0","0","0","0","0","0","2","0","","67","10","2022","5","40.047356","-75.155125","","6","0","0","0","0","0","0","0","0","","0","0","0","","","2","N","0","","40 02:50.480","6","0","75 09:18.450","3","0","0","0","67301","0","0","0","N","0","0","0","2","67301","0","","1.0","200.0","1","N","N","N","0","","2","0","1","","0","Y","","4","2","0","0","0","0","0","2","0","4","","03","","N","","","","","","","","","",""
"2022102225","","2","0","0","0","0","0","0","0","0","1","0","","67","10","2022","1","39.964497","-75.166781","","6","0","0","0","0","0","0","0","0","","0","0","0","","","0","N","0","","39 57:52.190","","0","75 10:00.410","0","0","0","0","67301","0","0","0","N","0","0","0","1","67301","0","","6.0","","1","N","N","N","0","","0","0","3","","0","","","5","0","1","0","0","0","0","2","0","5","","","","N","","","","","","","","","",""
"2022103305","","1","0","0","0","0","0","0","0","0","2","0","","67","11","2022","3","39.913734","-75.243613","","6","0","0","0","0","0","1","0","0","","0","0","0","","","1","N","0","","39 54:49.443","","0","75 14:37.008","3","0","0","0","67301","0","0","0","N","0","0","0","2","67301","0","","1.0","","1","N","N","N","0","","1","0","1","","2","","","2","1","0","0","0","0","1","2","0","2","","03","","N","","","","","","","","","",""
"2022103992","","1","0","0","1","0","0","0","0","0","8","0","","67","11","2022","6","40.027127","-75.209113","","6","0","0","0","0","0","0","1","0","","0","0","0","","","1","N","0","","40 01:37.656","","7","75 12:32.808","3","0","0","0","67301","1","0","0","N","0","0","0","2","67301","0","","1.0","","1","N","N","N","0","","1","0","0","","0","","","2","1","0","0","0","0","0","2","0","1","","05","","N","","","","","","","","","",""
"2022104955","","0","0","0","0","0","0","0","0","0","8","0","","67","11","2022","4","40.029334","-75.036684","","6","0","0","0","0","0","0","0","0","","0","0","0","","","1","","1","","40 01:45.604","","0","75 02:12.063","3","0","0","0","67301","1","0","0","N","1","0","0","2","67301","0","","1.0","","1","N","N","N","0","","1","0","1","","2","","","2","1","0","0","0","0","1","2","0","1","","","","N","","","","","","","","","",""
"2022093661","","0","0","0","0","0","0","0","0","0","8","0","","67","10","2022","7","40.057525","-75.149283","","6","0","0","0","0","0","0","0","0","","0","0","0","","","1","","1","","40 03:27.089","","0","75 08:57.418","2","0","0","0","67301","1","0","1","N","1","0","1","2","67301","0","","1.0","","1","N","N","N","0","","0","1","1","","2","","","2","1","0","0","0","0","1","2","0","1","","03","","N","","","","","","","","","",""
"2022112265","","0","0","0","0","0","0","0","0","0","7","0","","67","11","2022","6","39.982921","-75.188313","","6","0","0","0","0","0","0","0","0","","0","0","0","","","1","N","0","","39 58:58.516","","0","75 11:17.928","3","0","0","0","67301","1","0","0","N","1","0","0","2","67301","0","","4.0","","1","N","N","N","1","","1","0","0","","0","","","2","1","1","0","0","0","0","2","0","1","","","","N","","","","","","","","","",""
"2022125230","","0","0","0","0","0","0","0","0","0","8","0","","67","12","2022","7","39.94775","-75.245758","","6","0","0","0","0","0","0","0","0","","0","0","0","","","1","N","0","","39 56:51.900","","0","75 14:44.730","3","0","0","0","67301","1","0","0","N","1","0","0","1","67301","0","","1.0","","1","N","N","N","0","","1","0","0","","0","","","2","1","0","0","0","0","0","2","0","1","","03","","N","","","","","","","","","",""
"2022122215","","1","0","0","0","0","0","0","0","0","8","0","","67","12","2022","5","39.946159","-75.169926","","6","0","0","0","0","0","0","0","0","","0","0","0","","","1","","1","","39 56:46.173","","0","75 10:11.732","3","0","0","0","67301","1","0","0","N","1","0","0","2","67301","0","","1.0","","1","N","N","N","0","","1","0","0","","2","","","2","1","0","0","0","0","0","2","0","1","","03","","N","","","","","","","","","",""
"2022111542","","1","0","0","0","0","0","0","0","0","7","0","","67","11","2022","6","40.054833","-74.985251","","6","0","0","0","0","0","1","1","0","","0","0","0","","","2","N","0","","40 03:17.399","2","0","74 59:06.903","2","0","0","0","67301","0","0","0","Y","0","0","0","2","68K01","0","","3.0","830.0","1","N","N","N","0","","1","1","1","","0","N","","2","2","1","0","1","0","0","2","0","2","","03","","N","","","","","","","","","",""
"2022102229","","1","0","0","0","0","0","0","0","0","4","0","","67","10","2022","2","39.973275","-75.194492","","6","0","0","0","0","0","1","0","0","","0","0","0","","","0","N","0","","39 58:23.790","","0","75 11:40.170","0","0","0","0","67301","0","0","0","N","0","0","0","2","67301","0","","1.0","","1","N","N","N","0","","0","0","1","","0","","","2","0","2","0","0","0","0","2","0","2","","03","","N","","","","","","","","","",""
"2022103691","","0","0","0","0","0","0","0","0","0","4","0","","67","11","2022","6","40.032093","-75.219029","","6","0","0","0","0","0","0","1","0","","0","0","0","","","0","","1","","40 01:55.534","","0","75 13:08.504","0","0","0","0","67301","0","0","0","N","0","0","0","2","67301","0","","1.0","","1","N","N","N","0","","0","0","2","","3","","","2","0","0","0","0","0","0","2","0","2","","03","","N","","","","","","","","","",""
"2022113182","","1","0","0","0","0","0","0","0","0","5","0","","67","11","2022","6","39.954803","-75.227717","","6","0","0","0","0","0","0","0","0","","0","0","0","","","0","N","0","","39 57:17.290","","0","75 13:39.780","0","0","0","0","67301","0","0","0","N","0","0","0","1","67301","0","","6.0","","1","N","N","N","0","","0","0","1","","0","","","2","0","0","0","0","0","0","2","0","2","","03","","N","","","","","","","","","",""
"2022101450","","0","0","0","0","0","0","0","0","0","4","0","","67","10","2022","1","39.903658","-75.243417","","6","0","0","0","1","0","0","0","0","","0","0","0","","","0","","1","","39 54:13.170","6","0","75 14:36.300","0","0","0","0","67301","0","0","0","N","0","0","0","2","67301","0","","1.0","130.0","1","N","N","N","0","","0","0","1","","2","N","","2","0","1","0","0","0","0","2","1","2","","03","","N","","","","","","","","","",""
"2022092510","","1","0","0","0","0","0","0","0","0","7","0","","67","10","2022","5","39.94417","-75.141964","","6","0","0","0","0","0","0","0","0","","0","0","0","","","1","","2","","39 56:39.012","","0","75 08:31.072","8","0","0","0","67301","0","0","0","N","0","0","0","1","67301","0","","4.0","","1","N","N","N","0","","0","0","0","","2","","","1","1","0","0","0","1","0","2","0","1","","03","","N","","","","","","","","","",""
"2022119029","","0","0","0","1","0","0","0","0","0","8","0","","67","11","2022","1","39.981248","-75.130907","","6","0","0","0","0","0","0","0","0","","0","0","0","","","1","","1","","39 58:52.492","","0","75 07:51.265","3","0","0","0","67301","1","0","0","N","0","0","0","2","67301","0","","1.0","","1","N","N","N","0","","1","0","1","","3","","","2","1","1","0","0","0","0","2","0","1","","03","","N","","","","","","","","","",""
"2022103696","","1","0","0","0","0","0","0","0","0","7","0","","67","11","2022","1","39.936842","-75.221159","","6","0","0","0","0","0","0","0","0","","0","0","0","","","0","","1","","39 56:12.631","1","0","75 13:16.172","0","0","0","0","67301","0","0","0","N","0","0","0","1","67301","0","","4.0","426.0","1","N","N","N","0","","0","0","0","","0","Y","","1","0","0","0","0","0","0","2","0","1","","03","","N","","","","","","","","","",""
"2022121948","","4","0","0","0","0","0","0","0","0","5","0","","67","12","2022","5","39.948375","-75.226361","","6","0","0","0","0","0","0","0","0","","0","0","0","","","0","N","0","","39 56:54.150","","0","75 13:34.900","0","0","0","0","67301","0","0","0","N","0","0","0","1","67301","0","","6.0","","1","N","N","N","1","","0","0","0","","0","","","5","0","0","0","0","0","0","2","0","5","","03","","N","","","","","","","","","",""
"2022103220","","1","0","0","0","0","0","0","0","0","8","0","","67","11","2022","4","40.009806","-75.108444","","6","0","0","0","0","0","0","1","0","","0","0","0","","","1","N","0","","40 00:35.300","","0","75 06:30.400","3","0","0","0","67301","1","0","0","N","1","0","0","2","67301","0","","1.0","","1","N","N","N","0","","1","0","0","","0","","","2","1","0","0","0","0","0","2","0","1","","03","","N","","","","","","","","","",""
"2022104736","","0","0","0","1","0","0","0","0","0","8","0","","67","11","2022","4","39.980694","-75.150361","","6","0","0","0","0","0","1","0","0","","0","0","0","","","1","N","0","","39 58:50.500","","0","75 09:01.300","3","0","0","0","67301","1","0","0","N","0","0","0","2","67505","0","","1.0","","1","N","N","N","0","","1","0","1","","0","","","2","1","0","0","0","0","0","2","0","1","","03","","N","","","","","","","","","",""
"2022093071","","2","0","0","0","0","0","0","0","0","5","0","","67","10","2022","6","40.007667","-75.171944","","6","0","0","0","0","0","1","0","0","","0","0","0","","","2","N","0","","40 00:27.600","5","0","75 10:19.000","3","0","0","0","67301","0","0","0","N","0","0","0","5","67301","0","","1.0","1338.0","1","N","N","N","0","","2","0","0","","0","N","","3","2","1","0","0","0","0","2","1","3","","","","N","","","","","","","","","",""
"2022095066","","1","0","0","0","0","0","1","0","0","4","1","","67","10","2022","5","40.008796","-75.147623","","6","0","0","0","0","0","0","0","0","","0","0","0","","","2","","1","","40 00:31.666","","0","75 08:51.441","8","0","0","0","67301","0","0","0","N","0","0","0","2","67508","0","","1.0","","1","N","N","Y","0","","0","0","0","","2","","","2","2","1","0","0","2","0","2","0","2","","03","","N","","","","","","","","","",""
"2022103689","","1","0","0","0","0","0","0","0","0","4","0","","67","11","2022","7","39.930494","-75.149881","","6","0","0","0","0","0","0","0","0","","0","0","0","","","1","","5","","39 55:49.780","","0","75 08:59.570","3","0","0","0","67301","0","0","0","N","0","0","0","2","67301","0","","1.0","","1","N","N","N","0","","1","0","1","","2","","","2","1","0","0","0","0","0","2","0","2","","","","N","","","","","","","","","",""
"2022100794","","0","0","0","0","0","0","0","0","0","8","0","","67","10","2022","5","39.966056","-75.206944","","6","0","0","0","0","0","0","0","0","","0","0","0","","","1","N","0","","39 57:57.800","","0","75 12:25.000","8","0","0","0","67301","1","0","0","N","1","0","0","3","67301","0","","6.0","","1","N","N","N","0","","0","0","1","","0","","","2","1","0","0","0","1","0","2","0","1","","03","","N","","","","","","","","","",""
"2022102952","","1","0","0","0","0","0","0","0","0","8","0","","67","11","2022","5","39.935878","-75.156608","","6","0","0","0","0","0","0","0","0","","0","0","0","","","1","N","0","","39 56:09.160","","0","75 09:23.790","3","0","0","0","67301","1","0","0","N","1","0","0","2","67301","0","","1.0","","1","N","N","N","0","","1","0","0","","0","","","2","1","0","0","0","0","0","2","0","1","","","","N","","","","","","","","","",""
"2022110078","","0","0","0","0","0","0","0","0","0","4","0","","67","11","2022","2","39.971253","-75.227216","","6","0","0","0","0","0","2","0","0","","0","0","0","","","0","","1","","39 58:16.510","","0","75 13:37.977","9","0","0","0","67301","0","0","0","N","0","0","0","2","67301","0","","1.0","","1","N","N","N","0","","0","0","2","","2","","","2","0","0","0","0","0","2","2","0","2","","03","","N","","","","","","","","","",""
"2022101317","","0","0","1","0","0","0","0","0","0","7","0","45","67","10","2022","5","40.003164","-75.077689","","6","0","0","0","0","0","0","0","0","","0","0","0","","","1","N","0","","40 00:11.392","","3","75 04:39.679","2","0","0","0","67301","0","0","0","N","0","0","0","3","68K01","0","","2.0","","1","N","N","N","0","","0","1","1","","0","","","1","1","0","0","0","0","0","2","0","1","","03","N","Y","8","1","","","N","","","","Y","N"
"2022092150","","1","0","0","0","0","0","0","0","0","0","0","","67","10","2022","4","39.933361","-75.161583","","6","0","0","0","0","0","0","0","0","","0","0","0","","","1","N","0","","39 56:00.100","3","0","75 09:41.700","3","0","0","1","67301","0","0","0","N","0","0","0","1","67301","0","","1.0","1800.0","9","N","N","N","0","","1","0","0","","0","Y","","2","1","0","0","0","0","0","2","0","2","","98","","N","","","","","","","","","",""
"2022105362","","3","0","0","0","0","0","0","0","0","5","0","","67","11","2022","1","39.96068","-75.242999","","6","0","0","0","0","0","1","0","0","","0","0","0","","","0","N","0","","39 57:38.449","3","0","75 14:34.796","0","0","0","0","67301","0","0","0","N","0","0","0","1","67301","0","","6.0","314.0","1","N","N","N","1","","0","0","0","","0","N","","4","0","1","0","0","0","0","2","0","4","","03","","N","","","","","","","","","",""
"2022101114","","1","0","0","0","0","0","0","0","0","1","0","","67","10","2022","7","40.007363","-75.128766","","6","0","0","0","0","0","0","0","0","","0","0","0","","","1","Y","0","","40 00:26.508","","0","75 07:43.559","4","0","0","0","67301","0","0","0","N","0","0","0","4","67301","1","","1.0","","1","N","N","Y","0","","0","0","1","","2","","","3","1","3","0","0","0","0","2","1","3","","03","","N","","","","","","","","","",""
"2022102019","","0","0","0","0","0","0","0","0","0","8","0","","67","10","2022","1","39.986614","-75.171234","","6","0","0","0","0","0","0","0","0","","0","0","0","","","1","","1","","39 59:11.810","","0","75 10:16.442","2","0","0","0","67301","1","0","1","N","1","0","1","2","67301","0","","1.0","","1","N","N","N","0","","0","1","0","","2","","","2","1","0","0","0","0","0","2","1","1","","03","","N","","","","","","","","","",""
"2022105522","","3","0","0","0","0","0","0","0","0","1","0","","67","11","2022","1","40.022","-75.128139","","6","0","0","0","0","0","0","0","0","","0","0","0","","","0","N","0","","40 01:19.200","","0","75 07:41.300","0","0","0","0","67301","0","0","0","N","0","0","0","3","67508","0","","6.0","","1","N","N","N","0","","0","0","1","","0","N","","4","0","1","0","0","0","0","2","0","4","","03","","N","","","","","","","","","",""
"2022100798","","2","0","0","0","0","0","0","0","0","4","0","","67","10","2022","6","39.991734","-75.179731","","6","0","0","0","0","0","0","0","1","","0","0","0","","","0","","2","","39 59:30.241","","7","75 10:47.032","9","0","0","0","67301","0","0","0","N","0","0","0","3","67301","0","","1.0","","1","N","N","Y","0","","0","0","1","","0","","","3","0","2","0","0","0","2","2","0","3","","","","N","","","","","","","","","",""
"2022104515","","1","0","0","0","0","0","0","0","0","1","0","","67","11","2022","5","39.978999","-75.203527","","6","0","0","0","0","0","0","0","0","","0","0","0","","","0","N","0","","39 58:44.396","","0","75 12:12.697","0","0","0","0","67301","0","0","0","N","0","0","0","2","68K01","0","","1.0","","1","N","N","N","0","","0","0","1","","0","","","2","0","0","0","0","0","0","2","0","2","","03","","N","","","","","","","","","",""
"2022104144","","3","0","0","0","0","0","0","0","0","1","0","","67","11","2022","2","39.919483","-75.211547","","6","0","0","0","0","0","0","1","0","","0","0","0","","","1","N","0","","39 55:10.140","1","0","75 12:41.570","3","0","0","0","67301","0","0","0","N","0","0","0","1","67301","0","","3.0","1903.0","1","N","N","N","0","","1","0","0","","0","N","","3","1","0","0","0","0","0","2","0","3","","03","","N","","","","","","","","","",""
"2022125100","","1","0","0","0","0","0","0","0","0","4","0","","67","10","2022","4","39.975019","-75.23395","","6","0","0","0","0","0","1","0","0","","0","0","0","","","2","","2","","39 58:30.068","","0","75 14:02.219","8","0","0","0","67301","0","0","0","N","0","0","0","2","67301","0","","1.0","","1","N","N","N","0","","0","0","1","","3","","","2","2","0","0","0","2","0","2","0","2","","04","","N","","","","","","","","","",""
"2022117054","","1","0","0","0","0","0","0","0","0","3","0","","67","12","2022","5","40.010611","-75.139889","","6","0","0","0","0","0","0","0","0","","0","0","0","","","0","N","0","","40 00:38.200","","0","75 08:23.600","9","0","0","0","67301","0","0","0","N","0","0","0","1","67301","0","","1.0","","1","N","N","Y","0","","0","0","1","","3","","","2","0","0","0","0","0","1","2","0","2","","03","","N","","","","","","","","","",""
"2022103336","","0","0","0","0","0","0","0","0","0","7","0","","67","11","2022","7","40.01813","-75.172893","","6","0","0","0","0","0","0","0","0","","0","0","0","","","0","N","0","","40 01:05.267","","0","75 10:22.416","9","0","0","0","67301","0","0","0","N","0","0","0","1","67301","0","","5.0","","1","N","N","N","0","","0","0","0","","0","","","1","0","0","0","0","0","1","2","1","1","","03","","N","","","","","","","","","",""
"2022092509","","2","0","0","0","0","0","0","0","0","4","0","","67","10","2022","5","40.045545","-75.095155","","6","0","0","0","0","0","0","1","0","","0","0","0","","","0","","1","","40 02:43.961","","0","75 05:42.557","9","0","0","0","67301","0","0","0","N","0","0","0","2","67301","0","","1.0","","1","N","N","N","0","","0","0","0","","3","","","2","0","0","0","0","0","1","2","0","2","","04","","N","","","","","","","","","",""
"2022092609","","0","0","0","0","0","0","0","0","0","0","0","","67","10","2022","5","40.091503","-74.992806","","6","0","0","0","0","0","0","0","0","","0","0","0","","","1","N","0","","40 05:29.410","","0","74 59:34.100","3","0","0","1","67301","0","0","0","N","0","0","0","1","67301","0","","1.0","","1","N","N","N","0","","1","0","0","","0","","","1","1","0","0","0","0","0","2","0","1","","","","N","","","","","","","","","",""
"2022101451","","2","0","0","0","0","0","0","0","0","1","0","","67","10","2022","1","40.029322","-75.059272","","6","0","0","0","0","0","0","0","0","","0","0","0","","","0","N","0","","40 01:45.559","","0","75 03:33.380","9","0","0","0","67301","0","0","0","N","0","0","0","1","67301","0","","6.0","","1","N","N","N","0","","0","0","1","","0","","","3","0","0","0","0","0","1","2","0","3","","03","","N","","","","","","","","","",""
"2022103663","","0","0","0","0","0","0","0","0","0","1","0","","67","11","2022","7","40.030904","-75.021795","","6","0","0","0","0","0","1","0","0","","0","0","0","","","0","N","0","","40 01:51.253","2","3","75 01:18.461","0","0","0","0","67301","0","0","0","N","0","0","0","2","68K01","0","","1.0","1430.0","1","N","N","N","0","","0","0","2","","0","N","","2","0","0","0","0","0","0","2","0","2","","","","N","","","","","","","","","",""