"CRN","ARRIVAL_TM","AUTOMOBILE_COUNT","BELTED_DEATH_COUNT","BELTED_SUSP_SERIOUS_INJ_COUNT","BICYCLE_COUNT","BICYCLE_DEATH_COUNT","BICYCLE_SUSP_SERIOUS_INJ_COUNT","BUS_COUNT","CHLDPAS_DEATH_COUNT","CHLDPAS_SUSP_SERIOUS_INJ_COUNT","COLLISION_TYPE","COMM_VEH_COUNT","CONS_ZONE_SPD_LIM","COUNTY","CRASH_MONTH","CRASH_YEAR","DAY_OF_WEEK","DEC_LATITUDE","DEC_LONGITUDE","DISPATCH_TM","DISTRICT","DRIVER_COUNT_16YR","DRIVER_COUNT_17YR","DRIVER_COUNT_18YR","DRIVER_COUNT_19YR","DRIVER_COUNT_20YR","DRIVER_COUNT_50_64YR","DRIVER_COUNT_65_74YR","DRIVER_COUNT_75PLUS","EST_HRS_CLOSED","FATAL_COUNT","HEAVY_TRUCK_COUNT","HORSE_BUGGY_COUNT","HOUR_OF_DAY","ILLUMINATION","INJURY_COUNT","INTERSECTION_RELATED","INTERSECT_TYPE","LANE_CLOSED","LATITUDE","LN_CLOSE_DIR","LOCATION_TYPE","LONGITUDE","MAX_SEVERITY_LEVEL","MCYCLE_DEATH_COUNT","MCYCLE_SUSP_SERIOUS_INJ_COUNT","MOTORCYCLE_COUNT","MUNICIPALITY","NONMOTR_COUNT","NONMOTR_DEATH_COUNT","NONMOTR_SUSP_SERIOUS_INJ_COUNT","NTFY_HIWY_MAINT","PED_COUNT","PED_DEATH_COUNT","PED_SUSP_SERIOUS_INJ_COUNT","PERSON_COUNT","POLICE_AGCY","POSSIBLE_INJ_COUNT","RDWY_SURF_TYPE_CD","RELATION_TO_ROAD","ROADWAY_CLEARED","ROAD_CONDITION","SCH_BUS_IND","SCH_ZONE_IND","SECONDARY_CRASH","SMALL_TRUCK_COUNT","SPEC_JURIS_CD","SUSP_MINOR_INJ_COUNT","SUSP_SERIOUS_INJ_COUNT","SUV_COUNT","TCD_FUNC_CD","TCD_TYPE","TFC_DETOUR_IND","TIME_OF_DAY","TOTAL_UNITS","TOT_INJ_COUNT","UNBELTED_OCC_COUNT","UNB_DEATH_COUNT","UNB_SUSP_SERIOUS_INJ_COUNT","UNK_INJ_DEG_COUNT","UNK_INJ_PER_COUNT","URBAN_RURAL","VAN_COUNT","VEHICLE_COUNT","WEATHER1","WEATHER2","WORKERS_PRES","WORK_ZONE_IND","WORK_ZONE_LOC","WORK_ZONE_TYPE","WZ_CLOSE_DETOUR","WZ_FLAGGER","WZ_LAW_OFFCR_IND","WZ_LN_CLOSURE","WZ_MOVING","WZ_OTHER","WZ_SHLDER_MDN","WZ_WORKERS_INJ_KILLED"
"2022106167","","2","0","0","0","0","0","0","0","0","4","0","","67","11","2022","6","39.975979","-75.159467","","6","0","0","0","0","0","1","0","0","","0","0","0","","","1","","1","","39 58:33.526","","0","75 09:34.081","3","0","0","0","67301","0","0","0","N","0","0","0","2","67301","0","","1.0","","1","N","N","N","0","","1","0","0","","3","","","2","1","2","0","0","0","0","2","0","2","","04","","N","","","","","","","","","",""
"2022106162","","1","0","0","0","0","0","0","0","0","1","0","","67","10","2022","6","39.950599","-75.226826","","6","0","0","0","0","0","1","0","0","","0","0","0","","","1","N","0","","39 57:02.156","","0","75 13:36.575","8","0","0","0","67301","0","0","0","N","0","0","0","2","67301","0","","1.0","","1","N","N","N","0","","0","0","1","","0","","","2","1","0","0","0","1","1","2","0","2","","03","","N","","","","","","","","","",""
"2022103692","","2","0","0","0","0","0","0","0","0","4","0","","67","11","2022","6","39.964259","-75.146447","","6","0","0","0","0","0","1","0","0","","0","0","0","","","1","","1","","39 57:51.332","","0","75 08:47.209","4","0","0","0","67301","0","0","0","N","0","0","0","3","67301","1","","1.0","","1","N","N","N","0","","0","0","0","","3","","","2","1","0","0","0","0","0","2","0","2","","","","N","","","","","","","","","",""
"2022092611","","0","0","0","0","0","0","0","0","0","7","0","","67","10","2022","6","40.040611","-75.164103","","6","0","0","0","0","0","0","0","0","","0","0","0","","","1","N","0","","40 02:26.200","","0","75 09:50.770","3","0","0","0","67301","0","0","0","N","0","0","0","1","67301","0","","6.0","","1","N","N","N","0","","1","0","1","","0","","","1","1","0","0","0","0","0","2","0","1","","","","N","","","","","","","","","",""
"2022113192","","1","0","0","0","0","0","0","0","0","1","0","","67","11","2022","4","40.007441","-75.125171","","6","0","0","0","0","0","1","0","0","","0","0","0","","","2","","2","","40 00:26.789","","0","75 07:30.615","4","0","0","0","67301","0","0","0","N","0","0","0","4","67301","2","","1.0","","1","N","N","N","0","","0","0","0","","2","","","2","2","0","0","0","0","0","2","1","2","","","","N","","","","","","","","","",""
"2022093418","","0","0","0","0","0","0","0","0","0","0","0","","67","10","2022","6","40.040176","-75.144376","","6","0","0","0","0","0","0","0","0","","0","0","0","","","1","N","0","","40 02:24.632","","0","75 08:39.753","3","0","0","1","67301","0","0","0","N","0","0","0","1","67301","0","","1.0","","1","N","N","N","0","","1","0","0","","0","","","2","1","0","0","0","0","0","2","0","1","","03","","N","","","","","","","","","",""
"2022094156","","2","0","0","0","0","0","0","0","0","1","0","","67","10","2022","6","39.965028","-75.225722","","6","0","0","0","0","0","1","0","0","","0","0","0","","","2","Y","0","","39 57:54.100","","0","75 13:32.600","4","0","0","0","67301","0","0","0","N","0","0","0","4","67301","2","","1.0","","1","N","N","N","0","","0","0","0","","2","","","2","2","3","0","0","0","0","2","0","2","","","","N","","","","","","","","","",""
"2022105702","","1","0","0","0","0","0","0","0","0","7","0","","67","10","2022","7","39.961314","-75.182459","","6","0","0","0","0","0","0","0","0","","0","0","0","","","1","N","0","","39 57:40.729","3","0","75 10:56.854","3","0","0","0","67301","0","0","0","N","0","0","0","2","68K01","0","","4.0","130.0","1","N","N","N","0","","1","0","1","","0","N","","2","1","0","0","0","0","0","2","0","2","","","","N","","","","","","","","","",""
"2022103609","","1","0","0","0","0","0","0","0","0","1","0","","67","10","2022","4","39.942352","-75.143253","","6","0","0","0","0","0","0","0","0","","0","0","0","","","2","N","0","","39 56:32.468","2","0","75 08:35.710","8","0","0","0","67301","0","0","0","N","0","0","0","3","68K01","0","","1.0","658.0","1","N","N","Y","0","","0","0","0","","0","N","","3","2","1","0","0","2","0","2","2","3","","","","N","","","","","","","","","",""
"2022108081","","3","0","0","0","0","0","0","0","0","4","0","","67","10","2022","7","39.987232","-75.108791","","6","0","0","0","1","0","0","0","0","","0","0","0","","","0","","1","","39 59:14.035","","0","75 06:31.646","9","0","0","0","67301","0","0","0","N","0","0","0","2","67301","0","","1.0","","1","N","N","N","0","","0","0","1","","2","","","4","0","0","0","0","0","1","2","0","4","","","","N","","","","","","","","","",""
"2022104972","","0","0","0","0","0","0","0","0","0","8","0","","67","10","2022","6","40.008972","-75.150736","","6","0","0","0","0","0","0","0","0","","0","0","0","","","1","N","0","","40 00:32.300","","0","75 09:02.650","2","0","0","0","67301","1","0","1","N","1","0","1","2","67301","0","","1.0","","1","N","N","N","1","","0","1","0","","0","","","2","1","0","0","0","0","1","2","0","1","","","","N","","","","","","","","","",""
"2022092610","","1","0","0","0","0","0","0","0","0","4","0","","67","10","2022","5","40.053247","-75.186072","","6","0","0","0","0","0","1","0","1","","0","0","0","","","1","","2","","40 03:11.690","","0","75 11:09.860","3","0","0","0","67301","0","0","0","N","0","0","0","2","67301","0","","1.0","","1","N","N","N","0","","1","0","0","","0","","","2","1","0","0","0","0","1","2","1","2","","03","","N","","","","","","","","","",""
"2022096247","","1","0","0","0","0","0","0","0","0","1","0","","67","10","2022","5","39.959662","-75.176122","","6","0","0","0","0","0","0","0","0","","0","0","0","","","0","N","0","","39 57:34.782","4","0","75 10:34.038","0","0","0","0","67301","0","0","0","N","0","0","0","2","68K01","0","","1.0","1830.0","9","N","N","N","0","","0","0","1","","0","N","","2","0","0","0","0","0","0","2","0","2","","07","","N","","","","","","","","","",""
"2022102953","","1","0","0","0","0","0","0","0","0","1","0","","67","11","2022","3","40.082578","-75.040587","","6","0","0","0","0","0","1","0","0","","0","0","0","","","2","","2","","40 04:57.279","2","0","75 02:26.113","3","0","0","0","67301","0","0","0","N","0","0","0","4","67301","1","","1.0","1230.0","1","N","N","N","0","","1","0","2","","2","N","","3","2","0","0","0","0","1","2","0","3","","03","","N","","","","","","","","","",""
"2022093806","","1","0","0","0","0","0","0","0","0","4","0","","67","10","2022","7","39.915915","-75.245342","","6","0","0","0","0","0","0","0","0","","0","0","0","","","1","","2","","39 54:57.295","","0","75 14:43.230","3","0","0","0","67301","0","0","0","N","0","0","0","2","67301","0","","1.0","","1","N","N","N","0","","1","0","1","","0","","","2","1","0","0","0","0","0","2","0","2","","03","","N","","","","","","","","","",""
"2022102958","","0","0","0","0","0","0","0","0","0","1","0","","67","11","2022","5","40.043652","-75.021864","","6","0","0","0","0","0","1","0","0","","0","0","0","","","1","","2","","40 02:37.146","","0","75 01:18.710","3","0","0","0","67301","0","0","0","N","0","0","0","2","67301","0","","1.0","","1","N","N","N","0","","1","0","1","","1","","","2","1","0","0","0","0","1","2","1","2","","03","","N","","","","","","","","","",""
"2022092508","","1","0","0","0","0","0","0","0","0","1","0","","67","10","2022","4","40.060197","-75.056642","","6","0","0","0","0","0","1","0","0","","0","0","0","","","1","N","0","","40 03:36.710","","0","75 03:23.910","3","0","0","0","67301","0","0","0","N","0","0","0","1","67301","0","","6.0","","9","N","N","N","0","","1","0","2","","0","","","3","1","0","0","0","0","0","2","0","3","","07","","N","","","","","","","","","",""
"2022103061","","1","0","0","0","0","0","0","0","0","1","0","","67","11","2022","3","40.038318","-75.036714","","6","0","0","0","0","0","1","0","0","","0","0","0","","","0","N","0","","40 02:17.944","","0","75 02:12.171","0","0","0","0","67301","0","0","0","N","0","0","0","1","67301","0","","6.0","","9","N","N","N","0","","0","0","1","","0","","","2","0","0","0","0","0","0","2","0","2","","","","N","","","","","","","","","",""
"2022104980","","0","0","0","0","0","0","0","0","0","4","0","","67","11","2022","6","40.002007","-75.144471","","6","0","0","0","0","0","0","0","0","","0","0","0","","","2","Y","0","","40 00:07.224","","0","75 08:40.095","3","0","0","0","67301","0","0","0","N","0","0","0","2","67301","0","","1.0","","1","N","N","N","1","","2","0","1","","2","","","2","2","0","0","0","0","0","2","0","2","","","","N","","","","","","","","","",""
"2022102946","","2","0","0","0","0","0","0","0","0","5","0","","67","11","2022","4","40.072353","-75.076437","","6","0","0","0","0","0","1","0","0","","0","0","0","","","1","N","0","","40 04:20.472","","0","75 04:35.173","8","0","0","0","67301","0","0","0","N","0","0","0","2","67301","0","","1.0","","1","N","N","N","0","","0","0","0","","0","","","2","1","0","0","0","1","1","2","0","2","","03","","N","","","","","","","","","",""
"2022125111","","1","0","0","0","0","0","0","0","0","4","0","","67","12","2022","6","40.05405","-75.143133","","6","0","0","0","0","0","0","0","0","","0","0","0","","","0","N","0","","40 03:14.580","","0","75 08:35.280","0","0","0","0","67301","0","0","0","N","0","0","0","0","67301","0","","1.0","","1","N","N","N","0","","0","0","1","","0","","","2","0","0","0","0","0","0","2","0","2","","03","","N","","","","","","","","","",""
"2022104956","","1","0","0","0","0","0","0","0","0","5","0","","67","11","2022","4","40.038656","-75.048736","","6","0","0","0","0","0","0","0","0","","0","0","0","","","1","N","0","","40 02:19.160","","0","75 02:55.450","3","0","0","0","67301","0","0","0","N","0","0","0","2","67301","0","","6.0","","1","N","N","N","0","","1","0","2","","0","","","3","1","0","0","0","0","0","2","0","3","","","","N","","","","","","","","","",""
"2022105123","","1","0","0","0","0","0","0","0","0","8","0","","67","11","2022","3","40.052053","-75.001737","","6","0","0","0","0","0","1","0","0","","0","0","0","","","1","","2","","40 03:07.389","3","0","75 00:06.254","3","0","0","0","67301","1","0","0","N","1","0","0","2","67301","0","","1.0","1317.0","1","N","N","N","0","","1","0","0","","0","N","","2","1","0","0","0","0","0","2","0","1","","03","","N","","","","","","","","","",""
"2022121342","","0","0","0","0","0","0","0","0","0","7","0","","67","12","2022","1","39.928611","-75.238778","","6","0","0","0","0","0","0","0","0","","0","0","0","","","1","","3","","39 55:43.000","","99","75 14:19.600","4","0","0","0","67301","0","0","0","N","0","0","0","1","67301","1","","5.0","","1","N","N","N","0","","0","0","1","","2","","","1","1","0","0","0","0","0","2","0","1","","03","","N","","","","","","","","","",""
"2022093804","","0","0","0","0","0","0","0","0","0","7","0","","67","10","2022","6","39.942925","-75.237542","","6","0","0","0","0","0","1","0","0","","0","0","0","","","1","N","0","","39 56:34.530","","0","75 14:15.150","3","0","0","0","67301","0","0","0","N","0","0","0","1","67301","0","","5.0","","1","N","N","N","0","","1","0","1","","0","","","1","1","0","0","0","0","0","2","0","1","","03","","N","","","","","","","","","",""
"2022114081","","0","0","0","0","0","0","0","0","0","2","0","","67","11","2022","3","39.992694","-75.103111","","6","0","0","0","0","0","0","0","0","","0","0","0","","","0","N","0","","39 59:33.700","","0","75 06:11.200","9","0","0","0","67301","0","0","0","N","0","0","0","2","67301","0","","1.0","","1","N","N","N","0","","0","0","2","","0","","","2","0","0","0","0","0","1","2","0","2","","","","N","","","","","","","","","",""
"2022093805","","1","0","0","0","0","0","0","0","0","8","0","","67","10","2022","6","39.945302","-75.229585","","6","0","0","0","0","0","0","0","0","","0","0","0","","","1","","1","","39 56:43.086","","0","75 13:46.506","8","0","0","0","67301","1","0","0","N","1","0","0","2","67301","0","","1.0","","1","N","N","N","0","","0","0","0","","2","","","2","1","1","0","0","1","1","2","0","1","","03","","N","","","","","","","","","",""
"2022119027","","0","0","0","0","0","0","0","0","0","1","0","","67","10","2022","6","39.985167","-75.146111","","6","0","0","0","0","0","0","0","0","","0","0","0","","","0","N","0","","39 59:06.600","","0","75 08:46.000","0","0","0","0","67301","0","0","0","N","0","0","0","1","67301","0","","6.0","","1","N","N","N","0","","0","0","1","","0","","","2","0","0","0","0","0","0","2","0","2","","","","N","","","","","","","","","",""
"2022103690","","0","0","0","0","0","0","0","0","0","0","0","","67","10","2022","6","40.06165","-75.235436","","6","0","0","0","0","0","0","0","0","","0","0","0","","","1","N","0","","40 03:41.940","3","0","75 14:07.570","8","0","0","0","67301","0","0","0","N","0","0","0","1","67301","0","","1.0","1400.0","1","N","N","N","0","","0","0","1","","0","Y","","2","1","0","0","0","1","0","2","1","2","","03","","N","","","","","","","","","",""
"2022095345","","1","0","0","0","0","0","0","0","0","1","0","","67","10","2022","7","39.992716","-75.144674","","6","0","0","0","0","0","0","0","1","","0","0","0","","","3","Y","0","","39 59:33.779","","0","75 08:40.825","4","0","0","0","67301","0","0","0","N","0","0","0","4","67301","2","","1.0","","1","N","N","N","0","","0","0","1","","2","","","2","3","2","0","0","1","0","2","0","2","","03","","N","","","","","","","","","",""
"2022102967","","1","0","0","0","0","0","0","0","0","8","0","","67","11","2022","4","40.056642","-75.152131","","6","0","0","0","0","0","1","0","0","","0","0","0","","","2","N","0","","40 03:23.910","","0","75 09:07.670","3","0","0","0","67301","1","0","0","N","1","0","0","2","67301","0","","1.0","","1","N","N","N","0","","2","0","0","","0","","","2","2","0","0","0","0","0","2","0","1","","03","","N","","","","","","","","","",""
"2022125105","","2","0","0","0","0","0","0","0","0","4","0","","67","12","2022","6","39.999671","-75.229648","","6","0","0","0","0","1","0","0","0","","0","0","0","","","0","N","0","","39 59:58.815","","7","75 13:46.732","0","0","0","0","67301","0","0","0","N","0","0","0","2","67301","0","","1.0","","99","N","N","N","0","","0","0","0","","0","","","2","0","0","0","0","0","0","2","0","2","","","","N","","","","","","","","","",""
"2022093616","","0","0","0","0","0","0","0","0","0","7","0","","67","10","2022","6","40.000648","-75.08575","","6","0","0","0","0","0","0","0","0","","0","0","0","","","0","N","0","","40 00:02.332","1","2","75 05:08.701","0","0","0","0","67301","0","0","0","N","0","0","0","1","68K01","0","","4.0","1000.0","1","N","N","N","0","","0","0","1","","0","N","","1","0","0","0","0","0","0","2","0","1","","","","N","","","","","","","","","",""
"2022093798","","1","0","0","0","0","0","0","0","0","8","0","","67","10","2022","7","39.922783","-75.167081","","6","0","0","0","0","0","0","0","0","","0","0","0","","","1","N","0","","39 55:22.020","","0","75 10:01.490","2","0","0","0","67301","1","0","1","N","1","0","1","2","67301","0","","1.0","","1","N","N","N","0","","0","1","0","","0","","","2","1","1","0","0","0","0","2","0","1","","03","","N","","","","","","","","","",""
"2022102962","","1","0","0","0","0","0","0","0","0","6","0","","67","11","2022","4","39.946134","-75.242524","","6","0","0","0","0","0","0","0","0","","0","0","0","","","1","N","0","","39 56:46.081","4","0","75 14:33.086","8","0","0","0","67301","0","0","0","N","0","0","0","3","67301","0","","1.0","2355.0","1","N","N","N","1","","0","0","2","","0","N","","4","1","0","0","0","1","0","2","0","4","","","","N","","","","","","","","","",""
"2022105139","","1","0","0","0","0","0","0","0","0","7","0","","67","11","2022","3","40.004559","-75.181949","","6","0","0","0","0","0","0","0","0","","0","0","0","","","0","","2","","40 00:16.414","6","0","75 10:55.018","0","0","0","0","67301","0","0","0","N","0","0","0","1","67301","0","","4.0","2121.0","1","N","N","N","0","","0","0","0","","0","Y","","1","0","1","0","0","0","0","2","0","1","","03","","N","","","","","","","","","",""
"2022097030","","0","0","0","0","0","0","0","0","0","8","0","","67","10","2022","5","39.98031","-75.146316","","6","0","0","0","0","0","1","0","0","","0","0","0","","","1","","1","","39 58:49.115","","0","75 08:46.737","3","0","0","0","67301","1","0","0","N","1","0","0","2","67301","0","","1.0","","1","N","N","N","1","","1","0","0","","3","","","2","1","1","0","0","0","0","2","0","1","","03","","N","","","","","","","","","",""
"2022101580","","1","0","0","0","0","0","0","0","0","1","0","","67","10","2022","1","39.958387","-75.165883","","6","0","0","0","0","0","0","0","0","","0","0","0","","","1","N","0","","39 57:30.192","4","0","75 09:57.179","3","0","0","0","67301","0","0","0","N","0","0","0","3","68K01","0","","1.0","300.0","1","N","N","N","0","","1","0","1","","0","N","","2","1","0","0","0","0","0","2","0","2","","","","N","","","","","","","","","",""
"2022108437","","0","0","0","0","0","0","0","0","0","8","0","","67","10","2022","2","39.955351","-75.199948","","6","0","0","0","0","0","0","0","0","","0","0","0","","","1","","1","","39 57:19.264","","0","75 11:59.814","3","0","0","0","67301","1","0","0","N","1","0","0","2","67504","0","","1.0","","1","N","N","N","0","","1","0","1","","2","","","2","1","0","0","0","0","0","2","0","1","","03","","N","","","","","","","","","",""
"2022116675","","1","0","0","0","0","0","0","0","0","7","0","","67","12","2022","5","40.029556","-75.188167","","6","0","0","0","0","0","0","0","0","","0","0","0","","","0","N","0","","40 01:46.400","3","99","75 11:17.400","0","0","0","0","67301","0","0","0","N","0","0","0","1","67301","0","","4.0","100.0","1","N","N","N","0","","0","0","0","","0","N","","1","0","0","0","0","0","0","2","0","1","","03","","N","","","","","","","","","",""
"2022108082","","2","0","0","0","0","0","0","0","0","5","0","","67","10","2022","1","40.019128","-75.108414","","6","0","0","0","0","0","0","0","0","","0","0","0","","","0","N","0","","40 01:08.860","","0","75 06:30.290","9","0","0","0","67301","0","0","0","N","0","0","0","1","67301","0","","6.0","","1","N","N","N","1","","0","0","1","","0","","","4","0","1","0","0","0","1","2","0","4","","","","N","","","","","","","","","",""
"2022104143","","2","0","0","0","0","0","0","0","0","5","0","","67","11","2022","7","39.901078","-75.239369","","6","0","0","0","0","0","0","0","0","","0","0","0","","","0","N","0","","39 54:03.880","","0","75 14:21.729","0","0","0","0","67301","0","0","0","N","0","0","0","2","67301","0","","1.0","","1","N","N","N","0","","0","0","0","","0","","","2","0","2","0","0","0","0","2","0","2","","03","","N","","","","","","","","","",""
"2022103704","","0","0","0","0","0","0","0","0","0","8","0","","67","11","2022","4","40.019676","-75.184355","","6","0","0","0","0","0","0","0","0","","0","0","0","","","1","","1","","40 01:10.833","","0","75 11:03.678","2","0","0","0","67301","1","0","1","N","1","0","1","2","67301","0","","1.0","","1","N","N","N","0","","0","1","0","","2","","","2","1","0","0","0","0","1","2","0","1","","","","N","","","","","","","","","",""
"2022103065","","1","0","0","0","0","0","0","0","0","8","0","","67","11","2022","3","40.011611","-75.169028","","6","0","0","0","0","0","0","0","0","","0","0","0","","","1","N","0","","40 00:41.800","","7","75 10:08.500","3","0","0","0","67301","1","0","0","N","1","0","0","2","67301","0","","1.0","","1","N","N","N","0","","1","0","0","","0","","","2","1","0","0","0","0","1","2","0","1","","03","","N","","","","","","","","","",""
"2022100791","","0","0","0","0","0","0","0","0","0","4","0","","67","10","2022","7","40.014229","-75.065897","","6","0","0","0","0","0","1","0","0","","0","0","0","","","2","","1","","40 00:51.225","","0","75 03:57.229","3","0","0","0","67301","0","0","0","N","0","0","0","3","67301","0","","1.0","","1","N","N","N","0","","2","0","1","","0","","","2","2","0","0","0","0","0","2","1","2","","","","N","","","","","","","","","",""
"2022102231","","0","0","0","0","0","0","0","0","0","8","0","","67","11","2022","3","39.974566","-75.183467","","6","0","0","0","0","0","0","0","0","","0","0","0","","","1","","1","","39 58:28.437","","0","75 11:00.481","3","0","0","0","67301","1","0","0","N","1","0","0","2","67301","0","","1.0","","1","N","N","N","0","","1","0","0","","2","","","2","1","0","0","0","0","0","2","1","1","","03","","N","","","","","","","","","",""
"2022100955","","1","0","0","0","0","0","0","0","0","2","0","","67","10","2022","1","39.941308","-75.229861","","6","0","0","0","0","0","0","0","0","","0","0","0","","","0","N","0","","39 56:28.710","","0","75 13:47.500","0","0","0","0","67301","0","0","0","N","0","0","0","1","67301","0","","6.0","","1","N","N","N","0","","0","0","0","","0","","","2","0","0","0","0","0","0","2","1","2","","03","","N","","","","","","","","","",""
"2022108076","","2","0","0","0","0","0","0","0","0","6","0","","67","10","2022","4","40.01205","-75.109936","","6","0","0","0","0","0","0","0","0","","0","0","0","","","0","N","0","","40 00:43.380","","0","75 06:35.770","0","0","0","0","67301","0","0","0","N","0","0","0","1","67301","0","","6.0","","1","N","N","N","0","","0","0","1","","0","","","3","0","1","0","0","0","0","2","0","3","","98","","N","","","","","","","","","",""
"2022101446","","0","0","0","0","0","0","0","0","0","7","0","","67","10","2022","1","40.103322","-75.028531","","6","0","0","0","0","0","0","0","0","","0","0","0","","","0","N","0","","40 06:11.960","","0","75 01:42.710","0","0","0","0","67301","0","0","0","N","0","0","0","1","67301","0","","4.0","","1","N","N","N","0","","0","0","0","","0","","","1","0","0","0","0","0","0","2","1","1","","","","N","","","","","","","","","",""
"2022102227","","1","0","0","0","0","0","0","0","0","4","0","","67","11","2022","3","39.942944","-75.226794","","6","0","0","0","0","0","0","0","0","","0","0","0","","","2","","1","","39 56:34.598","","0","75 13:36.458","4","0","0","0","67301","0","0","0","N","0","0","0","4","67301","1","","1.0","","9","N","N","N","0","","0","0","1","","2","","","2","2","0","0","0","1","2","2","0","2","","","","N","","","","","","","","","",""
"2022100797","","0","0","0","0","0","0","0","0","0","1","0","","67","10","2022","6","39.976381","-75.272008","","6","0","0","0","0","0","0","1","0","","0","0","0","","","1","N","0","","39 58:34.970","","0","75 16:19.230","3","0","0","0","67301","0","0","0","N","0","0","0","1","67301","0","","6.0","","1","N","N","Y","1","","1","0","1","","0","","","2","1","0","0","0","0","0","2","0","2","","","","N","","","","","","","","","",""
"2022097388","","1","0","0","0","0","0","0","0","0","1","0","","67","10","2022","6","40.055505","-74.984616","","6","0","0","0","0","0","0","0","0","","0","0","0","","","1","N","0","","40 03:19.817","2","3","74 59:04.617","3","0","0","0","67301","0","0","0","N","0","0","0","4","68K01","0","","1.0","1804.0","1","N","N","N","0","","1","0","3","","0","N","","4","1","0","0","0","0","0","2","0","4","","","","N","","","","","","","","","",""
"2022103996","","1","0","0","1","0","0","0","0","0","8","0","","67","11","2022","4","39.948631","-75.146018","","6","0","0","0","0","0","0","0","0","","0","0","0","","","1","","1","","39 56:55.070","","0","75 08:45.663","3","0","0","0","67301","1","0","0","N","0","0","0","2","67301","0","","1.0","","1","N","N","N","0","","1","0","0","","2","","","2","1","0","0","0","0","0","2","0","1","","","","N","","","","","","","","","",""
"2022103059","","1","0","0","0","0","0","0","0","0","4","0","","67","10","2022","7","40.031613","-75.207631","","6","0","0","0","0","0","0","0","2","","0","0","0","","","0","","1","","40 01:53.806","","0","75 12:27.472","0","0","0","0","67301","0","0","0","N","0","0","0","2","67301","0","","1.0","","1","N","N","N","0","","0","0","1","","2","","","2","0","0","0","0","0","0","2","0","2","","03","","N","","","","","","","","","",""
"2022104142","","2","0","0","0","0","0","0","0","0","1","0","","67","11","2022","6","39.924078","-75.245498","","6","0","0","0","0","0","0","0","0","","0","0","0","","","1","","1","","39 55:26.681","","0","75 14:43.794","8","0","0","0","67301","0","0","0","N","0","0","0","2","67301","0","","1.0","","1","N","N","N","0","","0","0","0","","2","","","2","1","1","0","0","1","0","2","0","2","","03","","N","","","","","","","","","",""
"2022100526","","3","0","0","0","0","0","0","0","0","5","0","","67","10","2022","6","39.999711","-75.113872","","6","0","0","0","0","0","0","0","0","","0","0","0","","","1","N","0","","39 59:58.960","3","0","75 06:49.940","3","0","0","0","67301","0","0","0","N","0","0","0","1","67301","0","","1.0","1445.0","1","N","N","N","0","","1","0","1","","0","Y","","4","1","0","0","0","0","0","2","0","4","","03","","N","","","","","","","","","",""
"2022102947","","0","0","0","1","0","0","0","0","0","8","0","","67","11","2022","3","40.027613","-75.096254","","6","0","0","0","0","0","0","0","0","","0","0","0","","","1","","1","","40 01:39.408","","0","75 05:46.513","8","0","0","0","67301","1","0","0","N","0","0","0","2","67301","0","","1.0","","1","N","N","N","0","","0","0","0","","3","","","2","1","0","0","0","1","1","2","0","1","","","","N","","","","","","","","","",""
"2022102965","","2","0","0","0","0","0","0","0","0","6","0","","67","11","2022","3","40.040635","-75.151494","","6","0","0","0","0","0","1","0","0","","0","0","0","","","1","","1","","40 02:26.285","","0","75 09:05.378","3","0","0","0","67301","0","0","0","N","0","0","0","2","67301","0","","1.0","","9","N","N","N","0","","1","0","0","","2","","","2","1","0","0","0","0","0","2","0","2","","03","","N","","","","","","","","","",""
"2022125113","","0","0","0","0","0","0","0","0","0","8","0","","67","12","2022","5","40.022443","-75.158769","","6","0","0","0","0","0","0","0","0","","0","0","0","","","1","N","0","","40 01:20.796","","0","75 09:31.569","8","0","0","0","67301","1","0","0","N","1","0","0","2","67301","0","","1.0","","1","N","N","N","0","","0","0","0","","0","","","2","1","0","0","0","1","0","2","0","1","","03","","N","","","","","","","","","",""
"2022103308","","1","0","0","0","0","0","0","0","0","7","0","","67","11","2022","5","39.959291","-75.174177","","6","0","0","1","0","0","0","0","0","","0","0","0","","","0","N","0","","39 57:33.448","","0","75 10:27.036","0","0","0","0","67301","0","0","0","N","0","0","0","2","68K01","0","","2.0","","1","N","N","N","0","","0","0","0","","0","","","1","0","0","0","0","0","0","2","0","1","","03","","N","","","","","","","","","",""
"2022102949","","0","0","0","0","0","0","0","0","0","4","0","","67","11","2022","5","40.056731","-75.060797","","6","0","0","0","0","0","0","1","0","","0","0","0","","","0","","1","","40 03:24.233","","0","75 03:38.869","0","0","0","0","67301","0","0","0","N","0","0","0","2","67301","0","","1.0","","1","N","N","N","0","","0","0","2","","1","","","2","0","0","0","0","0","0","2","0","2","","03","","N","","","","","","","","","",""
"2022103325","","0","0","0","0","0","0","0","0","0","4","0","","67","11","2022","5","39.978304","-75.129952","","6","0","0","0","0","0","0","0","0","","0","0","0","","","1","","1","","39 58:41.894","","0","75 07:47.827","3","0","0","0","67301","0","0","0","N","0","0","0","2","67301","0","","1.0","","1","N","N","N","0","","1","0","1","","3","","","2","1","1","0","0","0","0","2","0","2","","","","N","","","","","","","","","",""