"CRN","ARRIVAL_TM","AUTOMOBILE_COUNT","BELTED_DEATH_COUNT","BELTED_SUSP_SERIOUS_INJ_COUNT","BICYCLE_COUNT","BICYCLE_DEATH_COUNT","BICYCLE_SUSP_SERIOUS_INJ_COUNT","BUS_COUNT","CHLDPAS_DEATH_COUNT","CHLDPAS_SUSP_SERIOUS_INJ_COUNT","COLLISION_TYPE","COMM_VEH_COUNT","CONS_ZONE_SPD_LIM","COUNTY","CRASH_MONTH","CRASH_YEAR","DAY_OF_WEEK","DEC_LATITUDE","DEC_LONGITUDE","DISPATCH_TM","DISTRICT","DRIVER_COUNT_16YR","DRIVER_COUNT_17YR","DRIVER_COUNT_18YR","DRIVER_COUNT_19YR","DRIVER_COUNT_20YR","DRIVER_COUNT_50_64YR","DRIVER_COUNT_65_74YR","DRIVER_COUNT_75PLUS","EST_HRS_CLOSED","FATAL_COUNT","HEAVY_TRUCK_COUNT","HORSE_BUGGY_COUNT","HOUR_OF_DAY","ILLUMINATION","INJURY_COUNT","INTERSECTION_RELATED","INTERSECT_TYPE","LANE_CLOSED","LATITUDE","LN_CLOSE_DIR","LOCATION_TYPE","LONGITUDE","MAX_SEVERITY_LEVEL","MCYCLE_DEATH_COUNT","MCYCLE_SUSP_SERIOUS_INJ_COUNT","MOTORCYCLE_COUNT","MUNICIPALITY","NONMOTR_COUNT","NONMOTR_DEATH_COUNT","NONMOTR_SUSP_SERIOUS_INJ_COUNT","NTFY_HIWY_MAINT","PED_COUNT","PED_DEATH_COUNT","PED_SUSP_SERIOUS_INJ_COUNT","PERSON_COUNT","POLICE_AGCY","POSSIBLE_INJ_COUNT","RDWY_SURF_TYPE_CD","RELATION_TO_ROAD","ROADWAY_CLEARED","ROAD_CONDITION","SCH_BUS_IND","SCH_ZONE_IND","SECONDARY_CRASH","SMALL_TRUCK_COUNT","SPEC_JURIS_CD","SUSP_MINOR_INJ_COUNT","SUSP_SERIOUS_INJ_COUNT","SUV_COUNT","TCD_FUNC_CD","TCD_TYPE","TFC_DETOUR_IND","TIME_OF_DAY","TOTAL_UNITS","TOT_INJ_COUNT","UNBELTED_OCC_COUNT","UNB_DEATH_COUNT","UNB_SUSP_SERIOUS_INJ_COUNT","UNK_INJ_DEG_COUNT","UNK_INJ_PER_COUNT","URBAN_RURAL","VAN_COUNT","VEHICLE_COUNT","WEATHER1","WEATHER2","WORKERS_PRES","WORK_ZONE_IND","WORK_ZONE_LOC","WORK_ZONE_TYPE","WZ_CLOSE_DETOUR","WZ_FLAGGER","WZ_LAW_OFFCR_IND","WZ_LN_CLOSURE","WZ_MOVING","WZ_OTHER","WZ_SHLDER_MDN","WZ_WORKERS_INJ_KILLED"
"2022100809","","1","0","0","0","0","0","0","0","0","7","0","","67","10","2022","1","40.001585","-75.152798","","6","0","0","0","0","0","0","1","0","","0","0","0","","","0","","1","","40 00:05.705","","0","75 09:10.074","0","0","0","0","67301","0","0","0","N","0","0","0","1","67505","0","","3.0","","1","N","N","N","0","","0","0","0","","2","","","1","0","0","0","0","0","0","2","0","1","","03","","N","","","","","","","","","",""
"2022102957","","1","0","0","1","0","0","0","0","0","8","0","","67","11","2022","4","40.056286","-75.019036","","6","0","0","0","0","0","0","0","0","","0","0","0","","","1","N","0","","40 03:22.630","2","0","75 01:08.530","3","0","0","0","67301","1","0","0","N","0","0","0","3","67301","0","","1.0","100.0","1","N","N","N","0","","1","0","0","","0","N","","2","1","0","0","0","0","0","2","0","1","","","","N","","","","","","","","","",""
"2022114347","","1","0","0","0","0","0","0","0","0","1","0","","67","11","2022","5","40.014958","-75.147211","","6","0","0","0","0","0","1","0","0","","0","0","0","","","0","","1","","40 00:53.848","","0","75 08:49.959","0","0","0","0","67301","0","0","0","N","0","0","0","2","67301","0","","1.0","","1","N","N","N","0","","0","0","1","","2","","","2","0","0","0","0","0","0","2","0","2","","03","","N","","","","","","","","","",""
"2022105483","","2","0","0","0","0","0","0","0","0","2","0","","67","11","2022","2","39.958797","-75.233311","","6","0","0","0","0","0","0","0","0","","0","0","0","","","0","N","0","","39 57:31.670","5","0","75 13:59.920","9","0","0","0","67301","0","0","0","N","0","0","0","3","67301","0","","1.0","400.0","1","N","N","N","0","","0","0","0","","0","Y","","3","0","0","0","0","0","3","2","1","3","","03","","N","","","","","","","","","",""
"2022093651","","1","0","0","0","0","0","0","0","0","4","0","","67","10","2022","6","40.058818","-75.044171","","6","0","0","0","0","0","1","0","0","","0","0","0","","","1","","1","","40 03:31.744","","0","75 02:39.016","8","0","0","0","67301","0","0","0","N","0","0","0","2","67301","0","","1.0","","1","N","N","N","0","","0","0","1","","2","","","2","1","0","0","0","1","0","2","0","2","","03","","N","","","","","","","","","",""
"2022105358","","1","0","0","0","0","0","0","0","0","1","0","","67","11","2022","3","39.904748","-75.196191","","6","0","0","0","1","0","0","0","0","","0","0","0","","","2","N","0","","39 54:17.094","4","0","75 11:46.289","3","0","0","0","67301","0","0","0","N","0","0","0","2","67301","0","","1.0","725.0","1","N","N","N","0","","2","0","1","","0","N","","2","2","0","0","0","0","0","2","0","2","","03","","N","","","","","","","","","",""
"2022102966","","0","0","0","0","0","0","0","0","0","4","0","","67","11","2022","3","40.030292","-75.159026","","6","0","0","0","0","0","1","0","0","","0","0","0","","","1","","3","","40 01:49.051","","0","75 09:32.493","8","0","0","0","67301","0","0","0","N","0","0","0","2","67301","0","","1.0","","9","N","N","N","0","","0","0","1","","3","","","2","1","0","0","0","1","1","2","1","2","","07","","N","","","","","","","","","",""
"2022103327","","1","0","0","0","0","0","0","0","0","2","0","","67","10","2022","2","40.031153","-75.146479","","6","0","0","0","0","0","0","0","0","","0","0","0","","","2","N","0","","40 01:52.150","","0","75 08:47.324","3","0","0","0","67301","0","0","0","N","0","0","0","3","67301","0","","1.0","","9","N","N","N","0","","2","0","1","","0","","","2","2","1","0","0","0","0","2","0","2","","","","N","","","","","","","","","",""
"2022105122","","1","0","0","0","0","0","0","0","0","4","0","","67","11","2022","3","40.128864","-75.013837","","6","0","0","0","0","0","0","0","0","","0","0","0","","","1","","1","","40 07:43.909","2","0","75 00:49.814","3","0","0","0","67301","0","0","0","N","0","0","0","3","67301","0","","1.0","1915.0","1","N","N","N","0","","1","0","1","","2","N","","2","1","0","0","0","0","0","2","0","2","","03","","N","","","","","","","","","",""
"2022093135","","0","0","0","0","0","0","0","0","0","1","0","","67","10","2022","6","40.033296","-75.037693","","6","0","0","0","0","0","1","0","0","","0","0","0","","","0","","1","","40 01:59.865","","0","75 02:15.694","0","0","0","0","67301","0","0","0","N","0","0","0","5","67301","0","","1.0","","1","N","N","N","0","","0","0","1","","2","","","2","0","0","0","0","0","0","2","1","2","","03","","N","","","","","","","","","",""
"2022100135","","2","0","0","1","0","0","0","0","0","8","0","","67","10","2022","6","39.976056","-75.16","","6","0","0","0","0","0","0","0","0","","0","0","0","","","1","N","0","","39 58:33.800","","0","75 09:36.000","8","0","0","0","67301","1","0","0","N","0","0","0","2","67505","0","","1.0","","1","N","N","N","0","","0","0","0","","0","","","3","1","1","0","0","1","0","2","0","2","","03","","N","","","","","","","","","",""
"2022102945","","0","0","1","0","0","0","0","0","0","1","0","","67","10","2022","1","40.057977","-75.052698","","6","0","0","0","0","0","0","0","0","","0","0","0","","","1","","1","","40 03:28.718","","0","75 03:09.712","2","0","0","0","67301","0","0","0","N","0","0","0","2","67301","0","","1.0","","1","N","N","N","0","","0","1","2","","2","","","2","1","1","0","0","0","0","2","0","2","","","","N","","","","","","","","","",""
"2022103221","","1","0","0","0","0","0","0","0","0","8","0","","67","11","2022","4","39.984184","-75.102502","","6","0","0","0","0","0","0","0","0","","0","0","0","","","1","","1","","39 59:03.061","","0","75 06:09.008","3","0","0","0","67301","1","0","0","N","1","0","0","2","67301","0","","1.0","","1","N","N","N","0","","1","0","0","","2","","","2","1","1","0","0","0","0","2","0","1","","","","N","","","","","","","","","",""
"2022106163","","1","0","0","0","0","0","0","0","0","4","0","","67","10","2022","7","39.959689","-75.228779","","6","0","0","0","0","0","0","0","0","","0","0","0","","","1","","1","","39 57:34.880","","0","75 13:43.604","4","0","0","0","67301","0","0","0","N","0","0","0","2","67301","1","","1.0","","1","N","N","Y","0","","0","0","2","","3","","","3","1","0","0","0","0","0","2","0","3","","03","","N","","","","","","","","","",""
"2022101100","","1","0","0","0","0","0","0","0","0","4","0","","67","10","2022","1","39.92411","-75.167606","","6","0","0","0","0","0","0","0","0","","0","0","0","","","4","","1","","39 55:26.797","","0","75 10:03.382","3","0","0","0","67301","0","0","0","N","0","0","0","5","67301","1","","1.0","","1","N","N","N","0","","3","0","1","","2","","","2","4","0","0","0","0","1","2","0","2","","","","N","","","","","","","","","",""
"2022102941","","0","0","0","0","0","0","0","0","0","1","0","","67","11","2022","3","39.921412","-75.191569","","6","0","0","0","0","0","1","0","0","","0","0","0","","","0","N","0","","39 55:17.083","","0","75 11:29.648","0","0","0","0","67301","0","0","0","N","0","0","0","2","67301","0","","1.0","","1","N","N","N","0","","0","0","2","","0","","","2","0","2","0","0","0","0","2","0","2","","04","","N","","","","","","","","","",""
"2022105136","","1","0","0","0","0","0","0","0","0","1","0","","67","11","2022","2","40.030822","-75.146424","","6","0","0","0","0","0","1","0","0","","0","0","0","","","2","","3","","40 01:50.959","","0","75 08:47.127","3","0","0","0","67301","0","0","0","N","0","0","0","6","67301","0","","1.0","","1","N","N","Y","0","","2","0","2","","2","","","4","2","0","0","0","0","0","2","0","4","","03","","N","","","","","","","","","",""
"2022097735","","0","0","0","0","0","0","0","0","0","5","0","","67","10","2022","7","39.892665","-75.235008","","6","0","0","0","0","0","0","0","0","","0","0","0","","","0","N","0","","39 53:33.595","2","0","75 14:06.027","0","0","0","0","67301","0","0","0","Y","0","0","0","2","68K01","0","","1.0","1830.0","1","N","N","N","0","","0","0","2","","0","N","","2","0","0","0","0","0","0","2","0","2","","","","N","","","","","","","","","",""
"2022101447","","2","0","0","0","0","0","0","0","0","4","0","","67","10","2022","1","40.080855","-75.028774","","6","0","0","1","0","0","0","1","0","","0","0","0","","","2","","1","","40 04:51.077","","0","75 01:43.585","3","0","0","0","67301","0","0","0","N","0","0","0","2","67301","0","","1.0","","1","N","N","N","0","","2","0","0","","2","","","2","2","0","0","0","0","0","2","0","2","","03","","N","","","","","","","","","",""
"2022112605","","1","0","0","0","0","0","0","0","0","7","0","","67","11","2022","3","39.976348","-75.114006","","6","0","0","0","1","0","0","0","0","","0","0","0","","","0","N","0","","39 58:34.851","","3","75 06:50.421","0","0","0","0","67301","0","0","0","N","0","0","0","1","68K01","0","","4.0","","9","N","N","N","0","","0","0","0","","0","","","1","0","0","0","0","0","0","2","0","1","","07","","N","","","","","","","","","",""
"2022101454","","1","0","0","0","0","0","0","0","0","1","0","","67","10","2022","6","39.993778","-75.154694","","6","0","0","0","0","0","0","0","0","","0","0","0","","","1","N","0","","39 59:37.600","","0","75 09:16.900","3","0","0","0","67301","0","0","0","N","0","0","0","2","67301","0","","1.0","","1","N","N","N","0","","1","0","1","","0","","","2","1","1","0","0","0","0","2","0","2","","03","","N","","","","","","","","","",""
"2022100786","","2","0","0","0","0","0","0","0","0","4","0","","67","10","2022","7","40.094017","-74.979694","","6","0","0","0","0","0","0","0","1","","0","0","0","","","1","","1","","40 05:38.461","5","0","74 58:46.899","3","0","0","0","67301","0","0","0","N","0","0","0","2","67301","0","","1.0","130.0","1","N","N","N","0","","1","0","0","","2","Y","","2","1","1","0","0","0","1","2","0","2","","03","","N","","","","","","","","","",""
"2022100805","","2","0","0","0","0","0","0","0","0","4","0","","67","10","2022","6","40.044856","-75.146807","","6","0","0","0","0","1","0","0","0","","0","0","0","","","2","","5","","40 02:41.481","","0","75 08:48.505","3","0","0","0","67301","0","0","0","N","0","0","0","4","67301","0","","1.0","","1","N","N","N","0","","2","0","0","","2","","","2","2","0","0","0","0","0","2","0","2","","","","N","","","","","","","","","",""
"2022095499","","1","0","0","0","0","0","0","0","0","4","0","","67","10","2022","6","39.99218","-75.233706","","6","0","0","0","0","0","0","0","0","","0","0","0","","","0","","1","","39 59:31.848","","0","75 14:01.341","0","0","0","0","67301","0","0","0","N","0","0","0","2","67301","0","","1.0","","1","N","N","N","0","","0","0","0","","2","","","2","0","0","0","0","0","0","2","0","2","","03","","N","","","","","","","","","",""
"2022113331","","1","0","0","0","0","0","0","0","0","1","0","","67","11","2022","1","39.969672","-75.163178","","6","0","0","0","0","0","0","0","0","","0","0","0","","","0","N","0","","39 58:10.820","","0","75 09:47.440","0","0","0","0","67301","0","0","0","N","0","0","0","2","67301","0","","1.0","","1","N","N","N","0","","0","0","4","","0","","","5","0","0","0","0","0","0","2","0","5","","","","N","","","","","","","","","",""
"2022124443","","1","0","0","0","0","0","0","0","0","7","0","","67","12","2022","6","39.967319","-75.133194","","6","0","0","0","0","0","0","0","0","","0","0","0","","","1","N","0","","39 58:02.350","2","0","75 07:59.500","3","0","0","0","67301","0","0","0","N","0","0","0","1","68K01","0","","4.0","835.0","9","N","N","N","0","","1","0","0","","0","N","","1","1","0","0","0","0","0","2","0","1","","08","","N","","","","","","","","","",""
"2022119013","","1","0","0","0","0","0","0","0","0","4","0","","67","12","2022","1","40.063119","-75.021999","","6","0","0","0","0","0","1","0","0","","0","0","0","","","0","","1","","40 03:47.229","","0","75 01:19.196","0","0","0","0","67301","0","0","0","N","0","0","0","2","67301","0","","1.0","","1","N","N","N","1","","0","0","0","","2","","","2","0","0","0","0","0","0","2","0","2","","03","","N","","","","","","","","","",""
"2022112202","","0","0","0","0","0","0","0","0","0","8","0","","67","11","2022","7","39.917961","-75.153031","","6","0","0","0","0","0","1","0","0","","0","0","0","","","1","N","0","","39 55:04.660","","0","75 09:10.910","3","0","0","0","67301","1","0","0","N","1","0","0","2","67301","0","","1.0","","1","N","N","N","0","","1","0","1","","0","","","2","1","0","0","0","0","0","2","0","1","","","","N","","","","","","","","","",""
"2022112194","","1","0","0","0","0","0","0","0","0","4","0","","67","11","2022","4","39.987883","-75.123448","","6","0","0","0","0","0","2","0","0","","0","0","0","","","0","","1","","39 59:16.379","","0","75 07:24.412","0","0","0","0","67301","0","0","0","N","0","0","0","2","67301","0","","1.0","","1","N","N","N","0","","0","0","1","","2","","","2","0","1","0","0","0","0","2","0","2","","03","","N","","","","","","","","","",""
"2022112216","","1","0","0","0","0","0","0","0","0","4","0","","67","11","2022","5","40.100464","-75.029855","","6","0","0","1","0","0","1","0","0","","0","0","0","","","1","","2","","40 06:01.669","","0","75 01:47.478","3","0","0","0","67301","0","0","0","N","0","0","0","2","67301","0","","1.0","","1","N","N","N","0","","1","0","0","","2","","","2","1","0","0","0","0","0","2","1","2","","03","","N","","","","","","","","","",""
"2022119260","","0","0","0","0","0","0","0","0","0","8","0","","67","12","2022","1","40.061806","-75.056111","","6","0","0","0","0","0","0","0","0","","0","0","0","","","1","","1","","40 03:42.500","","0","75 03:22.000","3","0","0","0","67301","1","0","0","N","1","0","0","2","67301","0","","1.0","","9","N","N","N","1","","1","0","0","","2","","","2","1","1","0","0","0","0","2","0","1","","07","","N","","","","","","","","","",""
"2022112197","","0","0","0","0","0","0","0","0","0","7","0","","67","11","2022","5","40.036129","-75.098501","","6","0","0","0","0","0","0","0","0","","0","0","0","","","1","","11","","40 02:10.064","","0","75 05:54.603","3","0","0","0","67301","0","0","0","N","0","0","0","1","67301","0","","5.0","","1","N","N","N","0","","1","0","1","","3","","","1","1","0","0","0","0","0","2","0","1","","","","N","","","","","","","","","",""
"2022123031","","1","0","0","0","0","0","0","0","0","5","0","","67","12","2022","7","40.042547","-75.128944","","6","0","0","0","0","0","0","0","0","","0","0","0","","","0","N","0","","40 02:33.170","","0","75 07:44.200","9","0","0","0","67301","0","0","0","N","0","0","0","1","67301","0","","6.0","","1","N","N","N","0","","0","0","0","","0","","","2","0","0","0","0","0","1","2","0","2","","03","","N","","","","","","","","","",""
"2022125098","","1","0","0","0","0","0","0","0","0","5","0","","67","12","2022","5","40.032411","-75.178231","","6","0","0","0","0","0","0","0","0","","0","0","0","","","0","N","0","","40 01:56.680","","0","75 10:41.630","9","0","0","0","67301","0","0","0","N","0","0","0","1","67301","0","","6.0","","1","N","N","N","0","","0","0","1","","0","","","2","0","0","0","0","0","1","2","0","2","","","","N","","","","","","","","","",""
"2022117420","","2","0","0","0","0","0","0","0","0","4","0","","67","12","2022","1","40.057611","-75.154917","","6","0","0","0","0","0","1","0","1","","0","0","0","","","2","","2","","40 03:27.400","","0","75 09:17.700","3","0","0","0","67301","0","0","0","N","0","0","0","4","67301","0","","1.0","","9","N","N","N","0","","2","0","0","","3","","","2","2","0","0","0","0","2","2","0","2","","","","N","","","","","","","","","",""
"2022118585","","2","0","0","0","0","0","0","0","0","5","0","","67","12","2022","1","39.911028","-75.230444","","6","0","0","0","0","0","0","0","0","","0","0","0","","","0","","2","","39 54:39.700","","0","75 13:49.600","0","0","0","0","67301","0","0","0","N","0","0","0","2","67301","0","","1.0","","9","N","N","N","0","","0","0","0","","2","","","2","0","0","0","0","0","0","2","0","2","","04","","N","","","","","","","","","",""
"2022113752","","2","0","0","0","0","0","0","0","0","1","0","","67","11","2022","1","39.894693","-75.229477","","6","0","0","0","0","0","0","0","0","","0","0","0","","","2","","3","","39 53:40.896","","0","75 13:46.117","3","0","0","0","67301","0","0","0","N","0","0","0","3","67301","0","","1.0","","1","N","N","N","0","","2","0","1","","2","","","3","2","0","0","0","0","1","2","0","3","","03","","N","","","","","","","","","",""
"2022124325","","2","0","0","0","0","0","0","0","0","4","0","","67","12","2022","2","39.957823","-75.147242","","6","0","0","0","0","0","0","0","0","","0","0","0","","","2","","1","","39 57:28.162","","0","75 08:50.070","8","0","0","0","67301","0","0","0","N","0","0","0","3","67301","0","","1.0","","1","N","N","N","0","","0","0","0","","2","","","2","2","1","0","0","2","1","2","0","2","","","","N","","","","","","","","","",""
"2022121081","","0","0","0","0","0","0","0","0","0","4","0","","67","12","2022","1","40.094774","-75.015326","","6","0","0","0","0","0","0","0","0","","0","0","0","","","0","","1","","40 05:41.185","2","0","75 00:55.174","0","0","0","0","67301","0","0","0","N","0","0","0","2","67301","0","","1.0","1525.0","1","N","N","N","0","","0","0","2","","2","N","","2","0","0","0","0","0","0","2","0","2","","","","N","","","","","","","","","",""
"2022122218","","1","0","0","0","0","0","0","0","0","1","0","","67","12","2022","4","39.941549","-75.238025","","6","0","0","0","0","0","2","0","0","","0","0","0","","","2","","2","","39 56:29.575","","0","75 14:16.891","8","0","0","0","67301","0","0","0","N","0","0","0","3","67301","0","","1.0","","1","N","N","N","0","","0","0","1","","0","","","2","2","0","0","0","2","0","2","0","2","","03","","N","","","","","","","","","",""
"2022113328","","2","0","0","0","0","0","0","0","0","4","0","","67","11","2022","3","40.031548","-75.207739","","6","0","0","0","0","1","0","0","0","","0","0","0","","","1","","1","","40 01:53.573","2","0","75 12:27.862","3","0","0","0","67301","0","0","0","N","0","0","0","2","67301","0","","1.0","2030.0","1","N","N","N","0","","1","0","0","","2","N","","2","1","0","0","0","0","1","2","0","2","","03","","N","","","","","","","","","",""
"2022119014","","0","0","0","0","0","0","0","0","0","1","0","","67","11","2022","6","39.959487","-75.162091","","6","0","0","0","0","0","1","0","0","","0","0","0","","","0","","1","","39 57:34.154","","0","75 09:43.529","0","0","0","0","67301","0","0","0","N","0","0","0","3","67301","0","","1.0","","1","N","N","Y","1","","0","0","1","","2","","","2","0","1","0","0","0","0","2","0","2","","03","","N","","","","","","","","","",""
"2022125103","","2","0","0","0","0","0","0","0","0","1","0","","67","11","2022","7","40.003924","-75.220699","","6","0","0","0","0","0","0","0","1","","0","0","0","","","1","","1","","40 00:14.125","","0","75 13:14.515","8","0","0","0","67301","0","0","0","N","0","0","0","3","67301","0","","1.0","","1","N","N","N","0","","0","0","0","","2","","","2","1","0","0","0","1","2","2","0","2","","03","","N","","","","","","","","","",""
"2022117052","","1","0","0","0","0","0","0","0","0","4","0","","67","11","2022","6","40.012123","-75.137131","","6","0","0","0","0","0","1","0","0","","0","0","0","","","1","","1","","40 00:43.642","","0","75 08:13.671","8","0","0","0","67301","0","0","0","N","0","0","0","2","67301","0","","1.0","","1","N","N","N","0","","0","0","0","","3","","","2","1","0","0","0","1","1","2","0","2","","03","","N","","","","","","","","","",""
"2022112196","","1","0","0","0","0","0","0","0","0","1","0","","67","11","2022","5","40.0416","-75.101836","","6","0","0","0","0","0","0","0","0","","0","0","0","","","0","N","0","","40 02:29.760","","0","75 06:06.610","0","0","0","0","67301","0","0","0","N","0","0","0","1","67301","0","","1.0","","1","N","N","N","0","","0","0","2","","0","","","3","0","1","0","0","0","0","2","0","3","","03","","N","","","","","","","","","",""
"2022120889","","1","0","0","0","0","0","0","0","0","8","0","","67","12","2022","1","40.039785","-75.07122","","6","0","0","0","0","1","0","0","0","","0","0","0","","","1","","1","","40 02:23.226","2","0","75 04:16.392","3","0","0","0","67301","1","0","0","N","1","0","0","2","67301","0","","1.0","1015.0","1","N","N","N","0","","1","0","0","","3","N","","2","1","0","0","0","0","0","2","0","1","","","","N","","","","","","","","","",""
"2022120913","","3","0","0","0","0","0","0","0","0","4","0","","67","12","2022","1","39.966046","-75.138426","","6","0","0","0","0","0","0","0","0","","0","0","0","","","1","","3","","39 57:57.765","7","0","75 08:18.333","8","0","0","0","67301","0","0","0","N","0","0","0","2","67301","0","","1.0","1140.0","1","N","N","N","0","","0","0","0","","3","Y","","3","1","0","0","0","1","1","2","0","3","","03","","N","","","","","","","","","",""
"2022125213","","1","0","0","0","0","0","0","0","0","7","0","","67","12","2022","5","39.898712","-75.171578","","6","0","0","0","0","0","0","0","0","","0","0","0","","","1","N","0","","39 53:55.364","","3","75 10:17.679","8","0","0","0","67301","0","0","0","N","0","0","0","1","68K01","0","","2.0","","1","N","N","N","0","","0","0","0","","0","","","1","1","0","0","0","1","0","2","0","1","","03","","N","","","","","","","","","",""
"2022119031","","0","0","0","0","0","0","0","0","0","4","0","","67","11","2022","1","39.96999","-75.143093","","6","0","0","0","0","0","0","0","0","","0","0","0","","","1","","1","","39 58:11.965","","0","75 08:35.133","8","0","0","0","67301","0","0","0","N","0","0","0","3","67301","0","","1.0","","9","N","N","N","0","","0","0","2","","2","","","2","1","0","0","0","1","0","2","0","2","","04","","N","","","","","","","","","",""
"2022112224","","0","0","0","0","0","0","0","0","0","1","0","","67","11","2022","4","40.065803","-75.025694","","6","0","0","0","0","0","0","0","0","","0","0","0","","","1","N","0","","40 03:56.891","4","0","75 01:32.498","3","0","0","0","67301","0","0","0","N","0","0","0","1","67301","0","","6.0","1420.0","1","N","N","N","1","","1","0","1","","0","N","","2","1","1","0","0","0","0","2","0","2","","03","","N","","","","","","","","","",""
"2022110254","","2","0","0","0","0","0","0","0","0","5","0","","67","11","2022","1","40.020783","-75.125136","","6","0","0","0","0","0","0","0","0","","0","0","0","","","1","N","0","","40 01:14.820","4","0","75 07:30.490","8","0","0","0","67301","0","0","0","N","0","0","0","2","67301","0","","6.0","1002.0","1","N","N","Y","0","","0","0","2","","0","Y","","4","1","2","0","0","1","1","2","0","4","","03","","N","","","","","","","","","",""
"2022119296","","0","0","0","0","0","0","0","0","0","4","0","","67","12","2022","7","39.9645","-75.134222","","6","0","0","0","0","0","0","0","0","","0","0","0","","","2","","3","","39 57:52.200","","7","75 08:03.200","3","0","0","0","67301","0","0","0","N","0","0","0","3","67301","0","","1.0","","1","N","N","N","0","","2","0","2","","2","","","2","2","0","0","0","0","0","2","0","2","","03","","N","","","","","","","","","",""
"2022124994","","0","0","0","0","0","0","0","0","0","4","0","","67","12","2022","5","40.071076","-75.037949","","6","0","0","0","0","0","1","0","0","","0","0","0","","","1","","1","","40 04:15.873","","0","75 02:16.618","3","0","0","0","67301","0","0","0","N","0","0","0","2","67301","0","","1.0","","1","N","N","N","0","","1","0","1","","2","","","2","1","0","0","0","0","0","2","1","2","","03","","N","","","","","","","","","",""
"2022114349","0327","1","0","0","0","0","0","0","0","0","2","0","","67","11","2022","1","40.016097","-75.205172","0324","6","0","0","0","0","0","0","0","0","","0","0","0","","","2","N","0","","40 00:57.950","1","0","75 12:18.620","3","0","0","0","67301","0","0","0","N","0","0","0","2","67301","0","","1.0","430.0","1","N","N","N","0","","2","0","1","","0","Y","","2","2","0","0","0","0","0","2","0","2","","03","","N","","","","","","","","","",""
"2022122223","2335","0","0","0","0","0","0","0","0","0","4","0","","67","12","2022","4","39.967819","-75.241578","2333","6","0","0","0","0","0","1","0","0","","0","0","0","","","1","N","0","","39 58:04.150","","0","75 14:29.680","8","0","0","0","67301","0","0","0","N","0","0","0","4","67301","0","","1.0","","1","N","N","N","1","","0","0","2","","0","","","3","1","0","0","0","1","1","2","0","3","","03","","N","","","","","","","","","",""
"2022113595","0755","1","0","0","0","0","0","0","0","0","4","0","","67","11","2022","4","40.077992","-75.023685","0755","6","0","0","0","0","0","1","0","0","","0","0","0","","","1","","2","","40 04:40.772","","0","75 01:25.266","3","0","0","0","67301","0","0","0","N","0","0","0","4","67301","0","","1.0","","1","N","N","N","0","","1","0","1","","2","","","2","1","0","0","0","0","0","2","0","2","","04","","N","","","","","","","","","",""
"2022119008","1728","2","0","0","0","0","0","0","0","0","4","0","","67","12","2022","4","40.040695","-75.069437","1725","6","0","0","0","0","0","1","0","0","","0","0","0","","","0","","1","","40 02:26.501","6","0","75 04:09.973","0","0","0","0","67301","0","0","0","N","0","0","0","2","67301","0","","1.0","1935.0","1","N","N","N","0","","0","0","0","","3","N","","2","0","1","0","0","0","0","2","0","2","","03","","N","","","","","","","","","",""
"2022118747","0745","1","0","0","0","0","0","0","0","0","4","0","","67","12","2022","4","40.100172","-74.976378","0737","6","0","0","0","0","0","1","0","0","","0","0","0","","","1","N","0","","40 06:00.620","","0","74 58:34.960","3","0","0","0","67301","0","0","0","N","0","0","0","2","67301","0","","1.0","","1","N","N","N","0","","1","0","1","","0","","","2","1","0","0","0","0","0","2","0","2","","03","","N","","","","","","","","","",""
"2022119294","1947","0","0","0","0","0","0","0","0","0","4","0","","67","11","2022","6","39.98171","-75.145237","1945","6","0","0","0","0","0","0","0","0","","0","0","0","","","1","","1","","39 58:54.156","","0","75 08:42.853","3","0","0","0","67301","0","0","0","N","0","0","0","2","67301","0","","1.0","","1","N","N","N","0","","1","0","2","","3","","","2","1","0","0","0","0","0","2","0","2","","03","","N","","","","","","","","","",""
"2022125226","1345","1","0","0","0","0","0","0","0","0","4","0","","67","12","2022","6","40.015296","-75.092277","1332","6","0","2","0","0","0","0","0","0","","0","0","0","","","2","","5","","40 00:55.065","","0","75 05:32.197","3","0","0","0","67301","0","0","0","N","0","0","0","2","67301","0","","1.0","","1","N","N","N","0","","2","0","2","","3","","","3","2","2","0","0","0","0","2","0","3","","03","","N","","","","","","","","","",""
"2022116659","2122","1","0","0","0","0","0","0","0","0","5","0","","67","11","2022","1","39.959221","-75.247451","2116","6","0","0","0","0","0","0","0","0","","0","0","0","","","2","N","0","","39 57:33.197","","0","75 14:50.824","4","0","0","0","67301","0","0","0","N","0","0","0","3","67301","2","","1.0","","9","N","N","Y","0","","0","0","2","","0","","","3","2","0","0","0","0","0","2","0","3","","98","","N","","","","","","","","","",""
"2022118748","1607","0","0","0","0","0","0","0","0","0","8","0","","67","12","2022","4","40.07025","-75.031306","1559","6","0","0","0","0","0","1","0","0","","0","0","0","","","1","","2","","40 04:12.900","3","0","75 01:52.700","3","0","0","0","67301","1","0","0","N","1","0","0","2","67301","0","","1.0","20.0","1","N","N","N","0","","1","0","1","","2","Y","","2","1","1","0","0","0","0","2","0","1","","03","","N","","","","","","","","","",""