"CRN","ARRIVAL_TM","AUTOMOBILE_COUNT","BELTED_DEATH_COUNT","BELTED_SUSP_SERIOUS_INJ_COUNT","BICYCLE_COUNT","BICYCLE_DEATH_COUNT","BICYCLE_SUSP_SERIOUS_INJ_COUNT","BUS_COUNT","CHLDPAS_DEATH_COUNT","CHLDPAS_SUSP_SERIOUS_INJ_COUNT","COLLISION_TYPE","COMM_VEH_COUNT","CONS_ZONE_SPD_LIM","COUNTY","CRASH_MONTH","CRASH_YEAR","DAY_OF_WEEK","DEC_LATITUDE","DEC_LONGITUDE","DISPATCH_TM","DISTRICT","DRIVER_COUNT_16YR","DRIVER_COUNT_17YR","DRIVER_COUNT_18YR","DRIVER_COUNT_19YR","DRIVER_COUNT_20YR","DRIVER_COUNT_50_64YR","DRIVER_COUNT_65_74YR","DRIVER_COUNT_75PLUS","EST_HRS_CLOSED","FATAL_COUNT","HEAVY_TRUCK_COUNT","HORSE_BUGGY_COUNT","HOUR_OF_DAY","ILLUMINATION","INJURY_COUNT","INTERSECTION_RELATED","INTERSECT_TYPE","LANE_CLOSED","LATITUDE","LN_CLOSE_DIR","LOCATION_TYPE","LONGITUDE","MAX_SEVERITY_LEVEL","MCYCLE_DEATH_COUNT","MCYCLE_SUSP_SERIOUS_INJ_COUNT","MOTORCYCLE_COUNT","MUNICIPALITY","NONMOTR_COUNT","NONMOTR_DEATH_COUNT","NONMOTR_SUSP_SERIOUS_INJ_COUNT","NTFY_HIWY_MAINT","PED_COUNT","PED_DEATH_COUNT","PED_SUSP_SERIOUS_INJ_COUNT","PERSON_COUNT","POLICE_AGCY","POSSIBLE_INJ_COUNT","RDWY_SURF_TYPE_CD","RELATION_TO_ROAD","ROADWAY_CLEARED","ROAD_CONDITION","SCH_BUS_IND","SCH_ZONE_IND","SECONDARY_CRASH","SMALL_TRUCK_COUNT","SPEC_JURIS_CD","SUSP_MINOR_INJ_COUNT","SUSP_SERIOUS_INJ_COUNT","SUV_COUNT","TCD_FUNC_CD","TCD_TYPE","TFC_DETOUR_IND","TIME_OF_DAY","TOTAL_UNITS","TOT_INJ_COUNT","UNBELTED_OCC_COUNT","UNB_DEATH_COUNT","UNB_SUSP_SERIOUS_INJ_COUNT","UNK_INJ_DEG_COUNT","UNK_INJ_PER_COUNT","URBAN_RURAL","VAN_COUNT","VEHICLE_COUNT","WEATHER1","WEATHER2","WORKERS_PRES","WORK_ZONE_IND","WORK_ZONE_LOC","WORK_ZONE_TYPE","WZ_CLOSE_DETOUR","WZ_FLAGGER","WZ_LAW_OFFCR_IND","WZ_LN_CLOSURE","WZ_MOVING","WZ_OTHER","WZ_SHLDER_MDN","WZ_WORKERS_INJ_KILLED"
"2022117722","1818","2","0","0","0","0","0","0","0","0","1","0","","67","12","2022","7","39.968275","-75.129919","1750","6","0","0","0","0","1","0","0","0","","0","0","0","","","1","N","0","","39 58:05.790","2","0","75 07:47.708","3","0","0","0","67301","0","0","0","N","0","0","0","3","68K01","0","","1.0","1824.0","1","N","N","N","0","","1","0","0","","0","N","","3","1","0","0","0","0","1","2","0","3","","03","","N","","","","","","","","","",""
"2022119929","1150","0","0","0","0","0","0","0","0","0","8","0","","67","12","2022","6","40.050861","-74.99925","1132","6","0","0","0","0","0","1","0","0","","0","0","0","","","1","N","0","","40 03:03.100","","0","74 59:57.300","3","0","0","0","67301","1","0","0","N","1","0","0","2","67301","0","","2.0","","1","N","N","N","1","","1","0","0","","0","","","2","1","0","0","0","0","0","2","0","1","","","","N","","","","","","","","","",""
"2022109357","2332","1","0","0","0","0","0","0","0","0","5","0","","67","11","2022","6","39.940369","-75.236609","2331","6","0","0","0","0","0","0","0","0","","0","0","0","","","0","","1","","39 56:25.327","","0","75 14:11.791","0","0","0","0","67301","0","0","0","N","0","0","0","2","67301","0","","1.0","","1","N","N","N","0","","0","0","1","","2","","","2","0","2","0","0","0","0","2","0","2","","03","","N","","","","","","","","","",""
"2022113619","0845","0","0","0","0","0","0","0","0","0","8","0","","67","12","2022","5","40.036378","-75.149422","0841","6","0","0","0","0","0","1","0","0","","0","0","0","","","1","N","0","","40 02:10.960","2","0","75 08:57.920","3","0","0","0","67301","1","0","0","N","1","0","0","2","67301","0","","1.0","15.0","1","N","Y","N","0","","1","0","1","","0","N","","2","1","1","0","0","0","0","2","0","1","","","","N","","","","","","","","","",""
"2022122789","1039","0","0","0","0","0","0","0","0","0","8","0","","67","11","2022","3","39.983173","-75.16866","1039","6","0","0","0","0","0","0","0","0","","0","0","0","","","1","","1","","39 58:59.422","","0","75 10:07.175","3","0","0","0","67301","1","0","0","N","1","0","0","2","67301","0","","4.0","","1","N","N","N","0","","1","0","1","","3","","","2","1","1","0","0","0","0","2","0","1","","03","","N","","","","","","","","","",""
"2022112922","0323","0","0","0","0","0","0","0","0","0","7","0","","67","11","2022","5","40.032397","-75.151456","0323","6","0","0","0","0","0","0","0","0","","0","0","0","","","0","N","0","","40 01:56.630","","0","75 09:05.240","0","0","0","0","67301","0","0","0","N","0","0","0","1","67301","0","","4.0","","1","N","N","N","1","","0","0","0","","0","","","1","0","0","0","0","0","0","2","0","1","","03","","N","","","","","","","","","",""
"2022118587","0851","0","0","0","1","0","0","0","0","0","8","0","","67","12","2022","3","39.923222","-75.2205","0849","6","0","0","0","0","0","0","0","0","","0","0","0","","","1","","2","","39 55:23.600","","0","75 13:13.800","3","0","0","0","67301","1","0","0","N","0","0","0","2","67301","0","","1.0","","1","N","N","N","0","","1","0","0","","2","","","2","1","0","0","0","0","1","2","0","1","","03","","N","","","","","","","","","",""
"2022119583","1824","2","0","0","0","0","0","0","0","0","4","0","","67","12","2022","3","40.021861","-75.040139","1824","6","0","0","0","0","0","0","0","0","","0","0","0","","","0","","1","","40 01:18.700","","0","75 02:24.500","9","0","0","0","67301","0","0","0","N","0","0","0","4","67301","0","","1.0","","1","N","N","N","0","","0","0","0","","2","","","2","0","0","0","0","0","1","2","0","2","","","","N","","","","","","","","","",""
"2022112268","0915","2","0","0","0","0","0","0","0","0","4","0","","67","11","2022","5","39.972373","-75.166494","0903","6","0","0","0","0","0","0","0","0","","0","0","0","","","1","","5","","39 58:20.544","","0","75 09:59.380","4","0","0","0","67301","0","0","0","N","0","0","0","2","67301","1","","1.0","","1","N","N","N","0","","0","0","0","","2","","","2","1","0","0","0","0","1","2","0","2","","03","","N","","","","","","","","","",""
"2022114294","0811","1","0","0","0","0","0","0","0","0","1","0","","67","11","2022","6","39.950911","-75.199229","0810","6","0","0","0","0","0","0","0","0","","0","0","0","","","0","Y","0","","39 57:03.279","","0","75 11:57.224","0","0","0","0","67301","0","0","0","N","0","0","0","3","67504","0","","1.0","","1","N","N","N","0","","0","0","0","","2","","","3","0","0","0","0","0","0","2","0","3","","","","N","","","","","","","","","",""
"2022117042","0445","1","0","0","0","0","0","0","0","0","7","0","","67","12","2022","7","40.036083","-75.098444","0439","6","0","0","0","0","0","1","0","0","","0","0","0","","","0","","11","","40 02:09.900","","0","75 05:54.400","0","0","0","0","67301","0","0","0","N","0","0","0","1","67301","0","","5.0","","1","N","N","N","0","","0","0","0","","3","","","1","0","0","0","0","0","0","2","0","1","","","","N","","","","","","","","","",""
"2022116673","1720","2","0","0","0","0","0","0","0","0","4","0","","67","11","2022","2","39.994795","-75.15932","1704","6","0","0","0","0","0","0","0","0","","0","0","0","","","0","","1","","39 59:41.262","","0","75 09:33.551","0","0","0","0","67301","0","0","0","N","0","0","0","2","67301","0","","1.0","","1","N","N","N","0","","0","0","0","","2","","","2","0","0","0","0","0","0","2","0","2","","03","","N","","","","","","","","","",""
"2022123930","0405","1","0","0","0","0","0","0","0","0","4","0","","67","12","2022","6","39.948689","-75.237495","0358","6","0","0","0","0","0","1","0","0","","0","0","0","","","1","","1","","39 56:55.280","2","0","75 14:14.982","8","0","0","0","67301","0","0","0","N","0","0","0","2","67301","0","","1.0","710.0","9","N","N","Y","0","","0","0","1","","2","N","","2","1","0","0","0","1","0","2","0","2","","07","","N","","","","","","","","","",""
"2022113750","1905","2","0","0","0","0","0","0","0","0","4","0","","67","12","2022","5","40.122271","-75.01317","1900","6","0","0","0","0","0","0","0","0","","0","0","0","","","1","","2","","40 07:20.175","","0","75 00:47.411","3","0","0","0","67301","0","0","0","N","0","0","0","3","67301","0","","1.0","","1","N","N","N","0","","1","0","0","","3","","","2","1","0","0","0","0","0","2","0","2","","","","N","","","","","","","","","",""
"2022118742","2110","2","0","0","0","0","0","0","0","0","4","0","","67","12","2022","3","40.041056","-75.070056","2101","6","1","0","0","0","0","0","1","0","","0","0","0","","","0","","1","","40 02:27.800","5","0","75 04:12.200","0","0","0","0","67301","0","0","0","N","0","0","0","2","67301","0","","1.0","2157.0","1","N","N","N","0","","0","0","2","","3","N","","4","0","0","0","0","0","0","2","0","4","","03","","N","","","","","","","","","",""
"2022122774","1545","1","0","0","0","0","0","0","0","0","4","0","","67","12","2022","6","39.958336","-75.152042","1545","6","0","0","0","0","0","1","0","0","","0","0","0","","","1","","1","","39 57:30.009","","0","75 09:07.351","4","0","0","0","67301","0","0","0","N","0","0","0","2","67301","1","","1.0","","9","N","N","N","0","","0","0","1","","2","","","2","1","0","0","0","0","0","2","0","2","","07","","N","","","","","","","","","",""
"2022119282","1848","2","0","0","0","0","0","0","0","0","4","0","","67","11","2022","3","39.964578","-75.236196","1848","6","0","0","0","0","1","0","0","0","","0","0","0","","","1","","1","","39 57:52.480","","0","75 14:10.305","3","0","0","0","67301","0","0","0","N","0","0","0","3","67301","0","","1.0","","1","N","N","N","0","","1","0","0","","3","","","2","1","1","0","0","0","0","2","0","2","","03","","N","","","","","","","","","",""
"2022120489","1848","1","0","0","1","0","0","0","0","0","8","0","","67","12","2022","4","39.944694","-75.180972","1841","6","0","0","0","0","0","0","1","0","","0","0","0","","","1","","1","","39 56:40.900","","0","75 10:51.500","3","0","0","0","67301","1","0","0","N","0","0","0","2","67301","0","","1.0","","1","N","N","N","0","","1","0","0","","2","","","2","1","0","0","0","0","0","2","0","1","","03","","N","","","","","","","","","",""
"2022123928","1828","1","0","0","0","0","0","0","0","0","8","0","","67","12","2022","2","40.060439","-75.167031","1828","6","0","0","0","0","0","0","0","0","","0","0","0","","","0","","1","","40 03:37.582","","0","75 10:01.312","9","0","0","0","67301","1","0","0","N","1","0","0","2","67301","0","","1.0","","1","N","N","N","0","","0","0","0","","2","","","2","0","0","0","0","0","1","2","0","1","","04","","N","","","","","","","","","",""
"2022122651","0027","2","0","0","0","0","0","0","0","0","4","0","","67","12","2022","6","40.058102","-75.07805","0025","6","0","0","0","0","0","0","0","0","","0","0","0","","","0","","2","","40 03:29.167","","0","75 04:40.980","0","0","0","0","67301","0","0","0","N","0","0","0","2","67301","0","","1.0","","9","N","N","N","0","","0","0","1","","3","","","3","0","0","0","0","0","0","2","0","3","","07","","N","","","","","","","","","",""
"2022119744","1800","1","0","0","0","0","0","0","0","0","8","0","","67","12","2022","3","40.019486","-75.124797","1750","6","0","0","0","0","0","0","0","0","","0","0","0","","","1","N","0","","40 01:10.150","","0","75 07:29.270","3","0","0","0","67301","1","0","0","N","1","0","0","2","67301","0","","1.0","","1","N","N","N","0","","1","0","0","","0","","","3","1","0","0","0","0","1","2","0","2","","03","","N","","","","","","","","","",""
"2022117714","0219","2","0","0","0","0","0","0","0","0","4","0","","67","12","2022","7","40.000048","-75.080024","0207","6","0","0","0","0","0","0","0","0","","0","0","0","","","4","N","0","","40 00:00.174","2","0","75 04:48.087","8","0","0","0","67301","2","0","0","N","2","0","0","4","68K01","0","","1.0","330.0","1","N","N","Y","0","","0","0","0","","0","Y","","4","4","0","0","0","4","0","2","0","2","","","","N","","","","","","","","","",""
"2022113591","0752","4","0","0","0","0","0","0","0","0","4","0","","67","11","2022","4","40.063974","-75.059602","0752","6","0","0","0","0","0","0","0","0","","0","0","0","","","1","","1","","40 03:50.306","2","0","75 03:34.568","3","0","0","0","67301","0","0","0","N","0","0","0","2","67301","0","","1.0","100.0","1","N","N","N","0","","1","0","0","","3","N","","4","1","2","0","0","0","0","2","0","4","","03","","N","","","","","","","","","",""
"2022123670","0051","1","0","0","0","0","0","0","0","0","5","0","","67","11","2022","7","39.972767","-75.1609","0044","6","0","0","0","0","0","0","0","0","","0","0","0","","","1","N","0","","39 58:21.960","","0","75 09:39.240","8","0","0","0","67301","0","0","0","N","0","0","0","2","67301","0","","6.0","","1","N","N","N","0","","0","0","2","","0","","","4","1","0","0","0","1","1","2","0","4","","03","","N","","","","","","","","","",""
"2022114998","1328","0","0","0","0","0","0","0","0","0","4","0","","67","12","2022","6","39.98781","-75.092078","1312","6","0","0","1","0","0","0","1","0","","0","0","0","","","3","","1","","39 59:16.115","","0","75 05:31.480","2","0","0","0","67301","0","0","0","N","0","0","0","3","67301","2","","1.0","","1","N","N","N","1","","0","1","2","","2","","","3","3","0","0","0","0","0","2","0","3","","03","","N","","","","","","","","","",""
"2022122773","0621","0","0","0","0","0","0","0","0","0","7","0","","67","12","2022","6","39.909778","-75.154278","0620","6","0","0","0","0","0","0","0","0","","0","0","0","","","0","N","0","","39 54:35.200","","5","75 09:15.400","0","0","0","0","67301","0","0","0","Y","0","0","0","1","67501","0","","4.0","","9","N","N","N","0","","0","0","1","","0","","","1","0","0","0","0","0","0","2","0","1","","","","N","","","","","","","","","",""
"2022113611","2359","1","0","0","0","0","0","0","0","0","4","0","","67","11","2022","7","40.005844","-75.086381","2358","6","0","0","0","0","0","1","0","0","","0","0","0","","","0","","2","","40 00:21.037","1","0","75 05:10.970","0","0","0","0","67301","0","0","0","N","0","0","0","2","67301","0","","1.0","45.0","1","N","N","N","0","","0","0","1","","2","N","","2","0","1","0","0","0","0","2","0","2","","03","","N","","","","","","","","","",""
"2022119033","0047","1","0","0","0","0","0","0","0","0","4","0","","67","12","2022","7","39.979894","-75.119481","0041","6","0","0","0","0","0","0","0","0","","0","0","0","","","0","N","0","","39 58:47.620","","0","75 07:10.130","9","0","0","0","67301","0","0","0","N","0","0","0","1","67301","0","","1.0","","1","N","N","N","0","","0","0","1","","0","","","2","0","0","0","0","0","1","2","0","2","","03","","N","","","","","","","","","",""
"2022109622","0552","2","0","0","0","0","0","0","0","0","5","0","","67","11","2022","1","39.925092","-75.162533","0549","6","0","0","0","0","0","1","0","0","","0","0","0","","","0","N","0","","39 55:30.330","2","0","75 09:45.120","0","0","0","0","67301","0","0","0","N","0","0","0","1","67301","0","","6.0","715.0","1","N","N","N","1","","0","0","0","","0","Y","","3","0","0","0","0","0","0","2","0","3","","03","","N","","","","","","","","","",""
"2022112246","0403","1","0","0","0","0","0","0","0","0","5","0","","67","11","2022","1","40.073983","-75.1679","0400","6","0","0","0","0","0","0","0","0","","0","0","0","","","0","N","0","","40 04:26.340","","0","75 10:04.440","0","0","0","0","67301","0","0","0","N","0","0","0","2","67301","0","","1.0","","1","N","N","N","0","","0","0","2","","0","","","3","0","1","0","0","0","0","2","0","3","","03","","N","","","","","","","","","",""
"2022112235","1305","1","0","0","0","0","0","0","0","0","4","0","","67","11","2022","5","39.918211","-75.208835","1300","6","0","0","0","0","0","0","0","0","","0","0","0","","","1","","2","","39 55:05.558","","0","75 12:31.805","4","0","0","0","67301","0","0","0","N","0","0","0","2","67301","1","","1.0","","99","N","N","N","1","","0","0","0","","2","","","2","1","0","0","0","0","1","2","0","2","","","","N","","","","","","","","","",""
"2022112240","2305","2","0","0","0","0","0","0","0","0","6","0","","67","11","2022","3","40.035247","-75.188597","2257","6","0","0","0","0","0","0","0","0","","0","0","0","","","0","N","0","","40 02:06.890","","0","75 11:18.950","9","0","0","0","67301","0","0","0","N","0","0","0","4","67301","0","","1.0","","1","N","N","N","0","","0","0","1","","0","","","3","0","0","0","0","0","4","2","0","3","","03","","N","","","","","","","","","",""
"2022112756","0900","2","0","0","0","0","0","0","0","0","4","0","","67","11","2022","3","40.057355","-75.076836","0849","6","0","0","1","0","0","0","0","0","","0","0","0","","","1","","1","","40 03:26.479","","0","75 04:36.608","4","0","0","0","67301","0","0","0","N","0","0","0","3","67301","1","","1.0","","1","N","N","N","0","","0","0","0","","2","","","2","1","0","0","0","0","0","2","0","2","","03","","N","","","","","","","","","",""
"2022121086","0110","1","0","0","0","0","0","0","0","0","8","0","","67","12","2022","1","39.954508","-75.181241","0100","6","0","0","0","0","0","0","0","0","","0","0","0","","","1","","2","","39 57:16.230","","99","75 10:52.469","4","0","0","0","67301","1","0","0","N","1","0","0","2","67301","1","","1.0","","1","N","N","N","0","","0","0","0","","2","","","2","1","0","0","0","0","1","2","0","1","","03","","N","","","","","","","","","",""
"2022123655","1330","1","0","0","0","0","0","0","0","0","4","0","","67","12","2022","7","40.037203","-75.053008","1324","6","0","0","0","1","0","1","0","0","","0","0","0","","","2","","1","","40 02:13.930","3","0","75 03:10.828","3","0","0","0","67301","0","0","0","N","0","0","0","4","67301","0","","1.0","20.0","1","N","N","N","0","","2","0","0","","2","Y","","2","2","0","0","0","0","0","2","1","2","","03","","N","","","","","","","","","",""
"2022121087","1820","2","0","0","0","0","0","0","0","0","5","0","","67","12","2022","1","39.958258","-75.229789","1817","6","0","0","0","0","0","0","0","0","","0","0","0","","","0","N","0","","39 57:29.730","4","0","75 13:47.240","0","0","0","0","67301","0","0","0","N","0","0","0","1","67301","0","","1.0","1957.0","1","N","N","N","0","","0","0","1","","0","Y","","3","0","0","0","0","0","0","2","0","3","","03","","N","","","","","","","","","",""
"2022121516","2047","0","0","0","0","0","0","0","0","0","4","0","","67","12","2022","2","39.9471","-75.146364","2040","6","0","0","0","0","0","1","0","0","","0","0","0","","","0","","1","","39 56:49.560","1","0","75 08:46.912","0","0","0","0","67301","0","0","0","N","0","0","0","2","67301","0","","1.0","2130.0","1","N","N","N","0","","0","0","2","","2","N","","2","0","0","0","0","0","0","2","0","2","","03","","N","","","","","","","","","",""
"2022112394","1510","1","0","0","0","0","0","0","0","0","4","0","","67","11","2022","6","39.956858","-75.147483","1500","6","0","0","0","0","0","1","0","0","","0","0","0","","","0","","1","","39 57:24.688","","0","75 08:50.938","9","0","0","0","67301","0","0","0","N","0","0","0","2","67301","0","","1.0","","1","N","N","N","0","","0","0","1","","3","","","2","0","0","0","0","0","1","2","0","2","","03","","N","","","","","","","","","",""
"2022124484","1649","1","0","0","0","0","0","0","0","0","4","0","","67","12","2022","2","39.948106","-75.154252","1615","6","0","0","0","0","0","0","1","0","","0","0","0","","","1","","1","","39 56:53.182","","0","75 09:15.307","3","0","0","0","67301","0","0","0","N","0","0","0","3","67301","0","","1.0","","1","N","N","N","0","","1","0","1","","2","","","2","1","2","0","0","0","0","2","0","2","","03","","N","","","","","","","","","",""
"2022125064","1244","1","0","0","0","0","0","0","0","0","7","0","","67","12","2022","6","39.912472","-75.173944","1244","6","0","0","0","0","0","0","0","0","","0","0","0","","","0","","7","","39 54:44.900","3","8","75 10:26.200","0","0","0","0","67301","0","0","0","N","0","0","0","2","67501","0","","7.0","1308.0","1","N","N","N","0","","0","0","0","","0","Y","","1","0","0","0","0","0","0","2","0","1","","","","N","","","","","","","","","",""
"2022113607","1842","1","0","0","0","0","0","0","0","0","8","0","","67","11","2022","6","40.006004","-75.091851","1829","6","0","0","0","0","0","0","0","0","","0","0","0","","","1","","5","","40 00:21.613","","0","75 05:30.664","3","0","0","0","67301","1","0","0","N","1","0","0","2","67301","0","","1.0","","1","N","N","N","0","","1","0","0","","2","","","2","1","0","0","0","0","0","2","0","1","","","","N","","","","","","","","","",""
"2022115639","1045","1","0","0","0","0","0","0","0","0","8","0","","67","11","2022","2","40.001114","-75.112283","1036","6","0","0","0","0","0","0","0","0","","0","0","0","","","1","","1","","40 00:04.010","","0","75 06:44.218","8","0","0","0","67301","1","0","0","N","1","0","0","2","67301","0","","1.0","","1","N","N","N","0","","0","0","0","","2","","","2","1","1","0","0","1","0","2","0","1","","03","","N","","","","","","","","","",""
"2022112229","1030","2","0","0","0","0","0","0","0","0","4","0","","67","11","2022","2","39.957931","-75.164145","1025","6","0","0","0","0","0","1","0","0","","0","0","0","","","2","","5","","39 57:28.550","","2","75 09:50.921","4","0","0","0","67301","0","0","0","N","0","0","0","2","67301","2","","1.0","","1","N","N","N","0","","0","0","0","","2","","","2","2","1","0","0","0","0","2","0","2","","03","","N","","","","","","","","","",""
"2022112254","1900","3","0","0","0","0","0","0","0","0","5","0","","67","11","2022","2","39.965069","-75.218025","1855","6","0","0","0","0","0","0","0","0","","0","0","0","","","1","N","0","","39 57:54.250","","0","75 13:04.890","2","0","0","0","67301","0","0","0","N","0","0","0","1","67301","0","","6.0","","1","N","N","N","1","","0","1","2","","0","","","6","1","0","0","0","0","0","2","0","6","","03","","N","","","","","","","","","",""
"2022121354","1250","1","0","0","0","0","0","0","0","0","8","0","","67","12","2022","4","39.957219","-75.202544","1244","6","0","0","0","0","0","0","0","0","","0","0","0","","","1","N","0","","39 57:25.990","","0","75 12:09.160","8","0","0","0","67301","1","0","0","N","1","0","0","2","67301","0","","1.0","","1","N","N","N","0","","0","0","0","","0","","","2","1","0","0","0","1","1","2","0","1","","","","N","","","","","","","","","",""
"2022120893","0111","1","0","0","0","0","0","0","0","0","7","0","","67","12","2022","2","40.079989","-74.997289","0105","6","0","1","0","0","0","0","0","0","","0","0","0","","","1","","1","","40 04:47.959","1","0","74 59:50.241","2","0","0","0","67301","0","0","0","N","0","0","0","1","67301","0","","4.0","300.0","1","N","N","N","0","","0","1","0","","2","Y","","1","1","1","0","1","0","0","2","0","1","","","","N","","","","","","","","","",""
"2022113617","2325","1","0","0","0","0","0","0","0","0","4","0","","67","11","2022","3","40.02773","-75.10997","2325","6","0","0","0","0","0","0","0","0","","0","0","0","","","1","","1","","40 01:39.827","","0","75 06:35.893","3","0","0","0","67301","0","0","0","N","0","0","0","2","67301","0","","1.0","","1","N","N","N","0","","1","0","0","","2","","","2","1","0","0","0","0","0","2","1","2","","03","","N","","","","","","","","","",""
"2022112256","0318","2","0","0","0","0","0","0","0","0","4","0","","67","11","2022","6","39.962857","-75.202362","0317","6","0","0","0","0","0","0","0","0","","0","0","0","","","0","","1","","39 57:46.285","","0","75 12:08.503","9","0","0","0","67301","0","0","0","N","0","0","0","2","67301","0","","1.0","","1","N","N","N","0","","0","0","0","","2","","","2","0","0","0","0","0","1","2","0","2","","03","","N","","","","","","","","","",""
"2022117430","1654","1","0","0","0","0","0","0","0","0","4","0","","67","11","2022","2","40.015267","-75.198349","1646","6","0","0","0","0","0","0","0","0","","0","0","0","","","0","","2","","40 00:54.961","","0","75 11:54.056","9","0","0","0","67301","0","0","0","N","0","0","0","2","67301","0","","1.0","","1","N","N","N","0","","0","0","1","","3","","","2","0","0","0","0","0","1","2","0","2","","03","","N","","","","","","","","","",""
"2022124485","1627","0","0","0","0","0","0","0","0","0","1","0","","67","12","2022","3","39.95161","-75.163656","1620","6","0","0","0","0","0","0","0","0","","0","0","0","","","0","","2","","39 57:05.795","","0","75 09:49.162","0","0","0","0","67301","0","0","0","N","0","0","0","2","67301","0","","1.0","","1","N","N","N","1","","0","0","1","","2","","","2","0","0","0","0","0","0","2","0","2","","03","","N","","","","","","","","","",""
"2022119930","0214","1","0","0","0","0","0","0","0","0","1","0","","67","12","2022","7","40.042583","-75.024917","0211","6","0","0","0","0","0","0","1","0","","0","0","0","","","0","N","0","","40 02:33.300","1","0","75 01:29.700","0","0","0","0","67301","0","0","0","N","0","0","0","2","67301","0","","2.0","20.0","1","N","N","N","0","","0","0","2","","0","N","","3","0","0","0","0","0","0","2","0","3","","03","","N","","","","","","","","","",""
"2022124828","1608","2","0","0","0","0","0","0","0","0","5","0","","67","12","2022","5","40.074606","-75.000536","1604","6","0","0","0","0","0","0","0","0","","0","0","0","","","1","N","0","","40 04:28.580","","0","75 00:01.930","3","0","0","0","67301","0","0","0","N","0","0","0","1","67301","0","","6.0","","1","N","N","N","0","","1","0","1","","0","","","3","1","0","0","0","0","0","2","0","3","","","","N","","","","","","","","","",""
"2022109032","0515","2","0","0","0","0","0","0","0","0","4","0","","67","11","2022","6","40.033096","-75.181234","0510","6","0","0","0","0","0","0","0","0","","0","0","0","","","2","","1","","40 01:59.144","7","0","75 10:52.444","8","0","0","0","67301","0","0","0","N","0","0","0","2","67301","0","","1.0","815.0","1","N","N","N","0","","0","0","0","","2","Y","","2","2","0","0","0","2","0","2","0","2","","","","N","","","","","","","","","",""
"2022110551","1818","0","0","0","0","0","0","0","0","0","4","0","","67","11","2022","1","40.023634","-75.039993","1813","6","0","0","0","0","0","0","0","0","","0","0","0","","","0","","1","","40 01:25.082","","0","75 02:23.974","0","0","0","0","67301","0","0","0","N","0","0","0","2","67301","0","","1.0","","1","N","N","N","0","","0","0","2","","3","","","2","0","2","0","0","0","0","2","0","2","","03","","N","","","","","","","","","",""
"2022117899","0851","1","0","0","0","0","0","0","0","0","1","0","","67","12","2022","2","40.027056","-75.132583","0850","6","0","0","0","0","0","0","0","0","","0","0","0","","","0","N","0","","40 01:37.400","","0","75 07:57.300","0","0","0","0","67301","0","0","0","N","0","0","0","1","67301","0","","1.0","","1","N","N","N","0","","0","0","2","","0","","","3","0","0","0","0","0","0","2","0","3","","03","","N","","","","","","","","","",""
"2022122219","0645","0","0","0","0","0","0","0","0","0","4","0","","67","11","2022","7","39.985761","-75.215703","0637","6","0","0","0","0","0","0","0","0","","0","0","0","","","3","","1","","39 59:08.741","","0","75 12:56.531","3","0","0","0","67301","0","0","0","N","0","0","0","4","67301","0","","1.0","","1","N","N","N","0","","2","0","2","","2","","","2","3","0","0","0","1","1","2","0","2","","03","","N","","","","","","","","","",""
"2022124075","1125","1","0","0","0","0","0","0","0","0","7","0","","67","12","2022","7","39.997019","-75.146864","1125","6","0","1","0","0","0","0","0","0","","0","0","0","","","2","N","0","","39 59:49.270","","0","75 08:48.710","8","0","0","0","67301","0","0","0","N","0","0","0","2","67301","0","","4.0","","1","N","N","N","0","","0","0","0","","0","","","1","2","0","0","0","2","0","2","0","1","","03","","N","","","","","","","","","",""
"2022117763","0055","1","0","0","0","0","0","0","0","0","4","0","","67","12","2022","2","40.018444","-75.125028","0054","6","0","0","0","0","0","0","0","0","","0","0","0","","","1","","1","","40 01:06.400","","0","75 07:30.100","3","0","0","0","67301","0","0","0","N","0","0","0","3","67301","0","","1.0","","1","N","N","N","0","","1","0","1","","3","","","2","1","0","0","0","0","1","2","0","2","","03","","N","","","","","","","","","",""
"2022112217","1335","0","0","0","0","0","0","0","0","0","4","0","","67","11","2022","5","40.081494","-75.077873","1329","6","0","0","0","0","0","1","0","0","","0","0","0","","","1","","2","","40 04:53.378","","0","75 04:40.342","4","0","0","0","67301","0","0","0","N","0","0","0","2","67301","1","","1.0","","1","N","N","N","0","","0","0","2","","3","","","2","1","0","0","0","0","0","2","0","2","","03","","N","","","","","","","","","",""
"2022119017","2039","1","0","0","0","0","0","0","0","0","8","0","","67","12","2022","3","39.94725","-75.226861","2039","6","0","0","0","0","0","0","0","0","","0","0","0","","","1","","3","","39 56:50.100","","0","75 13:36.700","8","0","0","0","67301","1","0","0","N","1","0","0","3","67301","0","","1.0","","1","N","N","N","0","","0","0","0","","2","","","2","1","0","0","0","1","0","2","0","1","","03","","N","","","","","","","","","",""
"2022112226","0905","1","0","1","0","0","0","0","0","0","7","0","","67","11","2022","6","40.086788","-74.971843","0904","6","0","0","1","0","0","0","0","0","","0","0","0","","","1","","1","","40 05:12.438","","0","74 58:18.635","2","0","0","0","67301","0","0","0","N","0","0","0","2","67301","0","","4.0","","9","N","N","N","0","","0","1","0","","2","","","1","1","0","0","0","0","0","2","0","1","","07","","N","","","","","","","","","",""