"CRN","ARRIVAL_TM","AUTOMOBILE_COUNT","BELTED_DEATH_COUNT","BELTED_SUSP_SERIOUS_INJ_COUNT","BICYCLE_COUNT","BICYCLE_DEATH_COUNT","BICYCLE_SUSP_SERIOUS_INJ_COUNT","BUS_COUNT","CHLDPAS_DEATH_COUNT","CHLDPAS_SUSP_SERIOUS_INJ_COUNT","COLLISION_TYPE","COMM_VEH_COUNT","CONS_ZONE_SPD_LIM","COUNTY","CRASH_MONTH","CRASH_YEAR","DAY_OF_WEEK","DEC_LATITUDE","DEC_LONGITUDE","DISPATCH_TM","DISTRICT","DRIVER_COUNT_16YR","DRIVER_COUNT_17YR","DRIVER_COUNT_18YR","DRIVER_COUNT_19YR","DRIVER_COUNT_20YR","DRIVER_COUNT_50_64YR","DRIVER_COUNT_65_74YR","DRIVER_COUNT_75PLUS","EST_HRS_CLOSED","FATAL_COUNT","HEAVY_TRUCK_COUNT","HORSE_BUGGY_COUNT","HOUR_OF_DAY","ILLUMINATION","INJURY_COUNT","INTERSECTION_RELATED","INTERSECT_TYPE","LANE_CLOSED","LATITUDE","LN_CLOSE_DIR","LOCATION_TYPE","LONGITUDE","MAX_SEVERITY_LEVEL","MCYCLE_DEATH_COUNT","MCYCLE_SUSP_SERIOUS_INJ_COUNT","MOTORCYCLE_COUNT","MUNICIPALITY","NONMOTR_COUNT","NONMOTR_DEATH_COUNT","NONMOTR_SUSP_SERIOUS_INJ_COUNT","NTFY_HIWY_MAINT","PED_COUNT","PED_DEATH_COUNT","PED_SUSP_SERIOUS_INJ_COUNT","PERSON_COUNT","POLICE_AGCY","POSSIBLE_INJ_COUNT","RDWY_SURF_TYPE_CD","RELATION_TO_ROAD","ROADWAY_CLEARED","ROAD_CONDITION","SCH_BUS_IND","SCH_ZONE_IND","SECONDARY_CRASH","SMALL_TRUCK_COUNT","SPEC_JURIS_CD","SUSP_MINOR_INJ_COUNT","SUSP_SERIOUS_INJ_COUNT","SUV_COUNT","TCD_FUNC_CD","TCD_TYPE","TFC_DETOUR_IND","TIME_OF_DAY","TOTAL_UNITS","TOT_INJ_COUNT","UNBELTED_OCC_COUNT","UNB_DEATH_COUNT","UNB_SUSP_SERIOUS_INJ_COUNT","UNK_INJ_DEG_COUNT","UNK_INJ_PER_COUNT","URBAN_RURAL","VAN_COUNT","VEHICLE_COUNT","WEATHER1","WEATHER2","WORKERS_PRES","WORK_ZONE_IND","WORK_ZONE_LOC","WORK_ZONE_TYPE","WZ_CLOSE_DETOUR","WZ_FLAGGER","WZ_LAW_OFFCR_IND","WZ_LN_CLOSURE","WZ_MOVING","WZ_OTHER","WZ_SHLDER_MDN","WZ_WORKERS_INJ_KILLED"
"2022122649","0005","1","0","0","0","0","0","0","0","0","4","0","","67","12","2022","5","40.040665","-75.076183","0005","6","0","0","0","0","0","0","0","0","","0","0","0","","","0","","1","","40 02:26.393","","0","75 04:34.260","0","0","0","0","67301","0","0","0","N","0","0","0","2","67301","0","","1.0","","9","N","N","N","0","","0","0","1","","2","","","2","0","0","0","0","0","0","2","0","2","","","","N","","","","","","","","","",""
"2022121337","2301","1","0","0","1","0","0","0","0","0","8","0","","67","12","2022","2","39.950972","-75.151972","2300","6","0","0","0","0","0","0","0","0","","0","0","0","","","1","","1","","39 57:03.500","","0","75 09:07.100","3","0","0","0","67301","1","0","0","N","0","0","0","2","67301","0","","1.0","","1","N","N","N","0","","1","0","0","","2","","","2","1","0","0","0","0","1","2","0","1","","03","","N","","","","","","","","","",""
"2022123678","0138","1","0","0","0","0","0","0","0","0","5","0","","67","12","2022","7","40.016556","-75.1399","0133","6","0","0","0","0","0","0","0","0","","0","0","0","","","2","N","0","","40 00:59.600","","0","75 08:23.640","3","0","0","0","67301","0","0","0","N","0","0","0","2","67301","0","","6.0","","1","N","N","N","0","","2","0","2","","0","","","4","2","2","0","0","0","0","2","1","4","","03","","N","","","","","","","","","",""
"2022115941","1034","2","0","0","0","0","0","0","0","0","5","0","","67","12","2022","6","39.983769","-75.115267","1033","6","0","0","0","0","0","0","0","1","","0","0","0","","","1","N","0","","39 59:01.569","2","0","75 06:54.962","3","0","0","0","67301","0","0","0","N","0","0","0","2","67301","0","","6.0","1100.0","1","N","N","N","0","","1","0","0","","0","Y","","2","1","0","0","0","0","0","2","0","2","","03","","N","","","","","","","","","",""
"2022122933","1345","1","0","0","0","0","0","0","0","0","4","0","","67","12","2022","2","39.950461","-75.239129","1345","6","0","0","0","0","0","0","1","0","","0","0","0","","","1","","1","","39 57:01.659","","0","75 14:20.864","4","0","0","0","67301","0","0","0","N","0","0","0","3","67301","1","","1.0","","1","N","N","N","0","","0","0","1","","3","","","2","1","0","0","0","0","2","2","0","2","","03","","N","","","","","","","","","",""
"2022112232","2005","1","0","0","0","0","0","0","0","0","7","0","","67","11","2022","5","39.920342","-75.213625","2002","6","0","0","0","0","0","0","0","0","","0","0","0","","","0","N","0","","39 55:13.230","","0","75 12:49.050","0","0","0","0","67301","0","0","0","N","0","0","0","1","67301","0","","4.0","","1","N","N","N","0","","0","0","1","","0","","","2","0","1","0","0","0","0","2","0","2","","03","","N","","","","","","","","","",""
"2022112198","1725","0","0","0","0","0","0","0","0","0","8","0","","67","11","2022","7","40.049962","-75.067323","1725","6","0","0","0","0","0","0","0","0","","0","0","0","","","2","","2","","40 02:59.864","","0","75 04:02.363","3","0","0","0","67301","2","0","0","N","2","0","0","3","67301","0","","1.0","","1","N","N","N","0","","2","0","1","","0","","","3","2","0","0","0","0","0","2","0","1","","","","N","","","","","","","","","",""
"2022116679","2333","4","0","0","0","0","0","0","0","0","4","0","","67","12","2022","3","40.020944","-75.164","2329","6","0","0","0","0","0","0","0","0","","0","0","0","","","2","","1","","40 01:15.400","","0","75 09:50.400","8","0","0","0","67301","0","0","0","N","0","0","0","3","67301","0","","1.0","","9","N","N","N","0","","0","0","0","","3","","","4","2","0","0","0","2","1","2","0","4","","","","N","","","","","","","","","",""
"2022109190","0855","0","0","0","0","0","0","0","0","0","5","0","","67","11","2022","6","40.082596","-74.96608","0855","6","0","0","0","0","0","1","0","0","","0","0","0","","","2","","5","","40 04:57.344","4","0","74 57:57.887","3","0","0","0","67301","0","0","0","N","0","0","0","2","67301","0","","1.0","100.0","1","N","N","N","1","","2","0","1","","2","N","","2","2","0","0","0","0","0","2","0","2","","03","","N","","","","","","","","","",""
"2022122546","0718","2","0","0","0","0","0","0","0","0","1","0","","67","12","2022","3","39.945","-75.198083","0717","6","0","0","0","0","0","1","0","0","","0","0","0","","","2","N","0","","39 56:42.000","","0","75 11:53.100","8","0","0","0","67301","0","0","0","N","0","0","0","3","67504","0","","1.0","","1","N","N","N","0","","0","0","0","","0","","","2","2","2","0","0","2","1","2","0","2","","","","N","","","","","","","","","",""
"2022112244","0152","1","0","0","0","0","0","0","0","0","5","0","","67","11","2022","7","40.026587","-75.159281","0143","6","0","0","0","0","0","0","0","0","","0","0","0","","","0","","2","","40 01:35.713","","0","75 09:33.411","0","0","0","0","67301","0","0","0","N","0","0","0","2","67301","0","","1.0","","1","N","N","N","0","","0","0","1","","0","","","2","0","1","0","0","0","0","2","0","2","","03","","N","","","","","","","","","",""
"2022117055","1729","1","0","0","0","0","0","0","0","0","8","0","","67","12","2022","6","40.007891","-75.140528","1719","6","0","0","0","0","0","0","1","0","","0","0","0","","","2","","5","","40 00:28.406","","0","75 08:25.901","3","0","0","0","67301","2","0","0","N","2","0","0","3","67301","0","","1.0","","1","N","N","N","0","","2","0","0","","2","","","3","2","0","0","0","0","0","2","0","1","","","","N","","","","","","","","","",""
"2022118757","1015","1","0","0","0","0","0","0","0","0","1","0","","67","12","2022","7","40.000722","-75.227472","1006","6","0","0","0","0","0","1","0","0","","0","0","0","","","2","N","0","","40 00:02.600","","0","75 13:38.900","8","0","0","0","67301","0","0","0","N","0","0","0","3","67301","0","","1.0","","1","N","N","N","0","","0","0","1","","2","","","2","2","3","0","0","2","0","2","0","2","","03","","N","","","","","","","","","",""
"2022124518","0915","1","0","0","0","0","0","0","0","0","5","0","","67","12","2022","4","40.014801","-75.206048","0859","6","0","0","1","0","0","1","0","0","","0","0","0","","","1","N","0","","40 00:53.285","","3","75 12:21.773","3","0","0","0","67301","0","0","0","N","0","0","0","3","67301","0","","1.0","","1","N","N","N","0","","1","0","0","","0","","","2","1","0","0","0","0","0","2","1","2","","03","","N","","","","","","","","","",""
"2022112214","1636","0","0","0","1","0","0","0","0","0","8","0","","67","11","2022","4","40.103083","-75.029806","1630","6","0","0","0","0","0","0","1","0","","0","0","0","","","1","N","0","","40 06:11.100","","7","75 01:47.300","3","0","0","0","67301","1","0","0","N","0","0","0","3","67301","0","","1.0","","1","N","N","N","0","","1","0","1","","0","","","2","1","2","0","0","0","0","2","0","1","","03","","N","","","","","","","","","",""
"2022124473","0945","1","0","0","0","0","0","0","0","0","1","0","","67","12","2022","1","40.028046","-75.110038","0940","6","0","0","0","0","0","0","0","0","","0","0","0","","","0","","1","","40 01:40.967","","0","75 06:36.138","9","0","0","0","67301","0","0","0","N","0","0","0","4","67301","0","","1.0","","1","N","N","N","0","","0","0","0","","2","","","2","0","1","0","0","0","2","2","0","2","","","","N","","","","","","","","","",""
"2022124070","1922","1","0","0","0","0","0","0","0","0","4","0","","67","12","2022","1","39.987861","-75.155889","1920","6","0","0","0","0","0","0","1","0","","0","0","0","","","1","","1","","39 59:16.300","","0","75 09:21.200","8","0","0","0","67301","0","0","0","N","0","0","0","2","67301","0","","1.0","","1","N","N","N","0","","0","0","0","","2","","","2","1","0","0","0","1","1","2","1","2","","03","","N","","","","","","","","","",""
"2022125214","0941","0","0","0","0","0","0","0","0","0","1","0","","67","12","2022","6","40.019514","-75.044897","0923","6","0","0","0","0","0","1","0","0","","0","0","0","","","1","N","0","","40 01:10.250","1","0","75 02:41.628","3","0","0","0","67301","0","0","0","N","0","0","0","3","68K01","0","","1.0","1000.0","1","N","N","N","1","","1","0","1","","0","N","","3","1","0","0","0","0","0","2","1","3","","03","","N","","","","","","","","","",""
"2022112233","0410","1","0","0","0","0","0","0","0","0","4","0","","67","11","2022","6","39.926643","-75.235595","0410","6","0","0","0","0","0","0","0","0","","0","0","0","","","0","","1","","39 55:35.914","3","0","75 14:08.141","0","0","0","0","67301","0","0","0","N","0","0","0","3","67301","0","","1.0","100.0","1","N","N","N","1","","0","0","0","","2","N","","3","0","0","0","0","0","0","2","1","3","","03","","N","","","","","","","","","",""
"2022120901","1732","2","0","0","0","0","0","0","0","0","8","0","","67","11","2022","3","39.965591","-75.231913","1730","6","0","0","0","0","0","1","0","0","","0","0","0","","","1","","5","","39 57:56.127","","0","75 13:54.886","4","0","0","0","67301","1","0","0","N","1","0","0","3","67301","1","","1.0","","1","N","N","N","0","","0","0","0","","2","","","3","1","0","0","0","0","0","2","0","2","","03","","N","","","","","","","","","",""
"2022124486","0700","1","0","0","0","0","0","0","0","0","4","0","","67","12","2022","4","40.056416","-75.012801","0650","6","0","0","0","0","0","0","0","0","","0","0","0","","","0","","1","","40 03:23.098","","0","75 00:46.082","0","0","0","0","67301","0","0","0","N","0","0","0","2","67301","0","","1.0","","1","N","N","N","0","","0","0","1","","2","","","2","0","0","0","0","0","0","2","0","2","","03","","N","","","","","","","","","",""
"2022119931","2210","0","0","0","0","0","0","0","0","0","7","0","","67","12","2022","4","40.061388","-75.168668","2208","6","0","0","0","0","0","0","1","0","","0","0","0","","","1","","1","","40 03:40.995","","0","75 10:07.205","3","0","0","0","67301","0","0","0","N","0","0","0","1","67301","0","","5.0","","1","N","N","N","0","","1","0","1","","3","","","1","1","0","0","0","0","0","2","0","1","","","","N","","","","","","","","","",""
"2022112257","0258","1","0","0","0","0","0","0","0","0","4","0","","67","11","2022","7","39.956629","-75.198022","0253","6","0","0","0","0","0","0","0","0","","0","0","0","","","0","","1","","39 57:23.865","","0","75 11:52.879","0","0","0","0","67301","0","0","0","N","0","0","0","2","67301","0","","1.0","","1","N","N","N","0","","0","0","1","","2","","","2","0","0","0","0","0","0","2","0","2","","","","N","","","","","","","","","",""
"2022112195","1735","1","0","0","0","0","0","0","0","0","4","0","","67","11","2022","4","40.036608","-75.064461","1720","6","0","0","0","0","0","0","0","0","","0","0","0","","","2","","1","","40 02:11.789","","0","75 03:52.061","3","0","0","0","67301","0","0","0","N","0","0","0","3","67301","0","","1.0","","1","N","N","N","0","","1","0","1","","2","","","2","2","0","0","0","1","0","2","0","2","","03","","N","","","","","","","","","",""
"2022124479","1845","0","0","0","0","0","0","0","0","0","1","0","","67","12","2022","4","40.057704","-75.236631","1837","6","0","0","0","0","0","1","0","0","","0","0","0","","","0","N","0","","40 03:27.734","5","0","75 14:11.872","9","0","0","0","67301","0","0","0","N","0","0","0","1","67301","0","","6.0","2010.0","1","N","N","N","0","","0","0","2","","0","Y","","2","0","0","0","0","0","1","2","0","2","","03","","N","","","","","","","","","",""
"2022122935","1837","0","0","0","0","0","0","0","0","0","4","0","","67","12","2022","2","39.949966","-75.23516","1837","6","0","0","0","0","0","1","0","0","","0","0","0","","","1","","1","","39 56:59.877","","0","75 14:06.575","3","0","0","0","67301","0","0","0","N","0","0","0","3","67301","0","","1.0","","1","N","N","N","0","","1","0","1","","2","","","2","1","0","0","0","0","2","2","1","2","","03","","N","","","","","","","","","",""
"2022124057","1845","0","0","0","0","0","0","0","0","0","4","0","","67","12","2022","7","39.905521","-75.174137","1836","6","0","0","0","0","0","0","0","0","","0","0","0","","","2","","1","","39 54:19.877","","0","75 10:26.893","3","0","0","0","67301","0","0","0","N","0","0","0","4","67301","0","","1.0","","1","N","N","N","0","","2","0","1","","2","","","2","2","2","0","0","0","0","2","1","2","","","","N","","","","","","","","","",""
"2022117050","0840","1","0","0","0","0","0","0","0","0","4","0","","67","11","2022","7","39.975162","-75.188163","0824","6","0","0","0","0","0","0","0","0","","0","0","0","","","1","","1","","39 58:30.584","","0","75 11:17.385","8","0","0","0","67301","0","0","0","N","0","0","0","2","67301","0","","1.0","","1","N","N","N","0","","0","0","1","","2","","","2","1","0","0","0","1","0","2","0","2","","03","","N","","","","","","","","","",""
"2022112192","0355","1","0","0","0","0","0","0","0","0","5","0","","67","11","2022","7","39.926558","-75.174144","0350","6","0","0","0","0","0","0","0","0","","0","0","0","","","0","N","0","","39 55:35.610","2","0","75 10:26.920","0","0","0","0","67301","0","0","0","N","0","0","0","1","67301","0","","6.0","415.0","1","N","N","N","0","","0","0","1","","0","N","","2","0","0","0","0","0","0","2","0","2","","03","","N","","","","","","","","","",""
"2022123644","1148","1","0","0","0","0","0","0","0","0","8","0","","67","12","2022","2","40.032112","-75.102383","1148","6","0","0","0","0","0","0","0","0","","0","0","0","","","2","","2","","40 01:55.604","","0","75 06:08.579","3","0","0","0","67301","2","0","0","N","2","0","0","3","67301","0","","1.0","","1","N","N","N","0","","2","0","0","","3","","","3","2","0","0","0","0","0","2","0","1","","03","","N","","","","","","","","","",""
"2022124471","2145","2","0","0","0","0","0","0","0","0","4","0","","67","12","2022","3","39.924849","-75.172991","2138","6","0","0","0","0","0","0","0","0","","0","0","0","","","0","","5","","39 55:29.456","","0","75 10:22.766","9","0","0","0","67301","0","0","0","N","0","0","0","2","67301","0","","1.0","","1","N","N","N","0","","0","0","0","","2","","","2","0","0","0","0","0","1","2","0","2","","03","","N","","","","","","","","","",""
"2022122795","1532","1","0","0","0","0","0","0","0","0","4","0","","67","12","2022","5","40.019889","-75.156313","1530","6","0","0","0","0","0","0","0","0","","0","0","0","","","2","","2","","40 01:11.600","7","0","75 09:22.727","3","0","0","0","67301","0","0","0","N","0","0","0","2","67301","0","","1.0","1505.0","9","N","N","N","0","","2","0","1","","3","Y","","2","2","1","0","0","0","0","2","0","2","","07","","N","","","","","","","","","",""
"2022122212","1015","0","0","0","0","0","0","0","0","0","7","0","","67","12","2022","2","39.903136","-75.156014","1006","6","0","0","0","0","0","1","0","0","","0","0","0","","","1","N","0","","39 54:11.290","","0","75 09:21.650","3","0","0","0","67301","0","0","0","N","0","0","0","1","67301","0","","5.0","","1","N","N","N","0","","1","0","1","","0","","","1","1","0","0","0","0","0","2","0","1","","","","N","","","","","","","","","",""
"2022110681","1717","2","0","0","0","0","0","0","0","0","4","0","","67","11","2022","3","40.044727","-75.12573","1712","6","0","0","0","0","0","2","0","0","","0","0","0","","","1","","1","","40 02:41.017","","0","75 07:32.628","3","0","0","0","67301","0","0","0","N","0","0","0","3","67301","0","","1.0","","1","N","N","N","0","","1","0","0","","3","","","2","1","1","0","0","0","0","2","0","2","","03","","N","","","","","","","","","",""
"2022120119","1227","1","0","0","0","0","0","0","0","0","4","0","","67","11","2022","1","40.047488","-75.091868","1227","6","0","0","0","0","0","0","0","0","","0","0","0","","","2","","1","","40 02:50.956","","0","75 05:30.725","3","0","0","0","67301","0","0","0","N","0","0","0","5","67301","0","","1.0","","9","N","N","N","0","","2","0","1","","2","","","2","2","0","0","0","0","0","2","0","2","","04","","N","","","","","","","","","",""
"2022119023","1630","1","0","0","0","0","0","0","0","0","1","0","","67","12","2022","1","39.986924","-75.161045","1630","6","0","0","0","0","0","0","1","0","","0","0","0","","","1","","1","","39 59:12.926","","0","75 09:39.762","4","0","0","0","67301","0","0","0","N","0","0","0","2","67301","1","","1.0","","9","N","N","N","0","","0","0","1","","2","","","2","1","0","0","0","0","0","2","0","2","","07","","N","","","","","","","","","",""
"2022125235","1610","1","0","0","0","0","0","0","0","0","1","0","","67","12","2022","6","40.036436","-75.130511","1600","6","0","0","0","1","0","1","0","0","","0","0","0","","","1","","1","","40 02:11.169","","0","75 07:49.839","3","0","0","0","67301","0","0","0","N","0","0","0","2","67301","0","","1.0","","1","N","N","N","0","","1","0","1","","2","","","2","1","0","0","0","0","1","2","0","2","","","","N","","","","","","","","","",""
"2022123300","1130","0","0","0","0","0","0","0","0","0","8","0","","67","12","2022","2","39.977787","-75.151008","1130","6","0","0","0","0","0","0","0","0","","0","0","0","","","1","","1","","39 58:40.032","","0","75 09:03.628","8","0","0","0","67301","1","0","0","N","1","0","0","2","67505","0","","1.0","","1","N","N","N","0","","0","0","1","","2","","","2","1","0","0","0","1","0","2","0","1","","03","","N","","","","","","","","","",""
"2022122929","1940","4","0","0","0","0","0","0","0","0","4","0","","67","12","2022","4","39.958958","-75.235392","1940","6","0","0","0","0","0","0","0","0","","0","0","0","","","2","","1","","39 57:32.250","7","0","75 14:07.410","3","0","0","0","67301","0","0","0","N","0","0","0","2","67301","0","","1.0","2025.0","1","N","N","N","0","","2","0","0","","3","Y","","5","2","1","0","0","0","0","2","1","5","","","","N","","","","","","","","","",""
"2022116805","0915","1","0","0","0","0","0","0","0","0","1","0","","67","11","2022","6","40.013578","-75.126042","0915","6","0","0","0","0","0","1","0","0","","0","0","0","","","1","Y","0","","40 00:48.880","","0","75 07:33.750","8","0","0","0","67301","0","0","0","N","0","0","0","2","67301","0","","1.0","","1","N","N","N","0","","0","0","0","","2","","","2","1","1","0","0","1","0","2","1","2","","03","","N","","","","","","","","","",""
"2022122409","1804","1","0","0","0","0","0","0","0","0","7","0","","67","12","2022","4","40.002472","-75.147228","1802","6","0","0","0","0","0","0","0","0","","0","0","0","","","1","","5","","40 00:08.899","","0","75 08:50.020","3","0","0","0","67301","0","0","0","N","0","0","0","1","67301","0","","4.0","","1","N","N","N","0","","1","0","0","","3","","","1","1","1","0","0","0","0","2","0","1","","03","","N","","","","","","","","","",""
"2022118695","0918","2","0","0","0","0","0","0","0","0","1","0","","67","11","2022","4","39.948536","-75.185645","0854","6","0","1","0","0","0","0","0","0","","0","0","0","","","0","","6","","39 56:54.730","4","8","75 11:08.323","0","0","0","0","67301","0","0","0","N","0","0","0","3","68K01","0","","7.0","945.0","9","N","N","N","0","","0","0","1","","4","N","","3","0","0","0","0","0","0","2","0","3","","","","N","","","","","","","","","",""
"2022121266","1255","2","0","0","0","0","0","0","0","0","1","0","","67","12","2022","7","40.012722","-75.058556","1244","6","0","0","1","0","0","0","0","0","","0","0","0","","","0","N","0","","40 00:45.800","1","0","75 03:30.800","0","0","0","0","67301","0","0","0","N","0","0","0","6","68K01","0","","1.0","1330.0","1","N","N","N","0","","0","0","4","","0","N","","6","0","0","0","0","0","0","2","0","6","","03","","N","","","","","","","","","",""
"2022112252","1526","1","0","0","0","0","0","0","0","0","4","0","","67","11","2022","4","40.026089","-75.0702","1515","6","0","0","0","0","0","1","0","0","","0","0","0","","","3","N","0","","40 01:33.920","","0","75 04:12.719","4","0","0","0","67301","0","0","0","N","0","0","0","7","67301","3","","1.0","","1","N","N","N","1","","0","0","0","","0","","","2","3","0","0","0","0","0","2","0","2","","","","N","","","","","","","","","",""
"2022116672","0051","1","0","0","0","0","0","0","0","0","7","0","","67","11","2022","7","40.002416","-75.16608","0049","6","0","0","0","0","0","0","0","0","","0","0","0","","","1","","1","","40 00:08.697","","0","75 09:57.888","4","0","0","0","67301","0","0","0","N","0","0","0","2","67301","1","","4.0","","1","N","N","N","0","","0","0","1","","3","","","2","1","0","0","0","0","0","2","0","2","","03","","N","","","","","","","","","",""
"2022122788","1932","1","0","0","0","0","0","0","0","0","6","0","","67","11","2022","2","39.988375","-75.153544","1932","6","0","0","0","0","0","0","0","0","","0","0","0","","","1","N","0","","39 59:18.150","1","0","75 09:12.760","3","0","0","0","67301","0","0","0","N","0","0","0","1","67301","0","","6.0","2130.0","1","N","N","N","0","","1","0","1","","0","Y","","2","1","1","0","0","0","0","2","0","2","","03","","N","","","","","","","","","",""
"2022122775","1407","2","0","0","0","0","0","0","0","0","5","0","","67","12","2022","5","40.049306","-75.014508","1352","6","0","0","0","0","0","0","0","0","","0","0","0","","","0","N","0","","40 02:57.500","","0","75 00:52.230","0","0","0","0","67301","0","0","0","N","0","0","0","1","67301","0","","6.0","","9","N","N","N","0","","0","0","0","","0","","","2","0","0","0","0","0","0","2","0","2","","","","N","","","","","","","","","",""
"2022119040","2230","2","0","0","0","0","0","0","0","0","4","0","","67","12","2022","4","40.021474","-75.148578","2230","6","0","0","0","0","0","0","0","0","","0","0","0","","","0","","1","","40 01:17.307","","0","75 08:54.881","9","0","0","0","67301","0","0","0","N","0","0","0","3","67301","0","","1.0","","1","N","N","N","0","","0","0","0","","2","","","2","0","0","0","0","0","1","2","0","2","","","","N","","","","","","","","","",""
"2022114352","0952","1","0","0","0","0","0","0","0","0","1","0","","67","12","2022","6","40.024792","-75.19495","0950","6","0","0","0","0","0","0","0","1","","0","0","0","","","1","N","0","","40 01:29.250","1","0","75 11:41.820","3","0","0","0","67301","0","0","0","N","0","0","0","5","67301","0","","1.0","1215.0","2","N","N","N","0","","1","0","2","","0","Y","","3","1","1","0","0","0","0","2","0","3","","","","N","","","","","","","","","",""
"2022124831","1728","1","0","0","0","0","0","0","0","0","8","0","","67","12","2022","4","40.057655","-75.16607","1724","6","0","0","0","0","0","1","0","0","","0","0","0","","","3","","1","","40 03:27.557","","0","75 09:57.853","8","0","0","0","67301","4","0","0","N","4","0","0","5","67301","0","","1.0","","1","N","N","N","0","","0","0","0","","2","","","5","3","0","0","0","3","1","2","0","1","","","","N","","","","","","","","","",""
"2022120900","1300","1","0","0","0","0","0","0","0","0","4","0","","67","11","2022","3","39.995327","-75.231378","1250","6","0","0","0","0","0","0","0","0","","0","0","0","","","1","","1","","39 59:43.177","","0","75 13:52.960","3","0","0","0","67301","0","0","0","N","0","0","0","3","67301","0","","1.0","","1","N","N","N","0","","1","0","1","","3","","","2","1","0","0","0","0","0","2","0","2","","","","N","","","","","","","","","",""
"2022117888","2115","2","0","0","0","0","0","0","0","0","1","0","","67","12","2022","1","39.9585","-75.213028","2110","6","0","0","0","0","0","0","1","0","","0","0","0","","","0","","2","","39 57:30.600","","0","75 12:46.900","9","0","0","0","67301","0","0","0","N","0","0","0","2","67301","0","","1.0","","9","N","N","N","0","","0","0","1","","3","","","3","0","0","0","0","0","1","2","0","3","","03","","N","","","","","","","","","",""
"2022112113","1446","1","0","0","0","0","0","0","0","0","1","0","","67","11","2022","7","39.968049","-75.130686","1445","6","0","0","0","0","0","1","0","0","","0","0","0","","","1","N","0","","39 58:04.975","","0","75 07:50.470","3","0","0","0","67301","0","0","0","N","0","0","0","8","68K01","0","","1.0","","1","N","N","N","0","","1","0","1","","0","","","3","1","0","0","0","0","0","2","1","3","","03","","N","","","","","","","","","",""
"2022118582","1925","0","0","0","0","0","0","0","0","0","4","0","","67","12","2022","3","40.039472","-75.110306","1920","6","0","0","0","0","0","0","0","0","","0","0","0","","","0","Y","0","","40 02:22.100","","7","75 06:37.100","0","0","0","0","67301","0","0","0","N","0","0","0","2","67301","0","","1.0","","1","N","N","N","0","","0","0","1","","0","","","2","0","0","0","0","0","0","2","1","2","","03","","N","","","","","","","","","",""
"2022125115","1306","1","0","0","0","0","0","0","0","0","4","0","","67","12","2022","6","40.002009","-75.156126","1259","6","0","0","0","0","0","1","0","0","","0","0","0","","","1","","1","","40 00:07.234","","0","75 09:22.054","8","0","0","0","67301","0","0","0","N","0","0","0","2","67301","0","","1.0","","1","N","N","N","0","","0","0","1","","2","","","2","1","2","0","0","1","0","2","0","2","","03","","N","","","","","","","","","",""
"2022122938","1617","1","0","0","0","0","0","0","0","0","7","0","","67","12","2022","5","39.956294","-75.229503","1617","6","1","0","0","0","0","0","0","0","","0","0","0","","","0","","1","","39 57:22.658","","0","75 13:46.210","0","0","0","0","67301","0","0","0","N","0","0","0","1","67301","0","","2.0","","9","N","N","N","0","","0","0","0","","3","","","1","0","1","0","0","0","0","2","0","1","","07","","N","","","","","","","","","",""
"2022119275","2220","0","0","0","0","0","0","0","0","0","4","0","","67","12","2022","3","40.027889","-75.106583","2133","6","0","0","0","0","0","0","0","0","","0","0","0","","","1","","2","","40 01:40.400","","0","75 06:23.700","3","0","0","0","67301","0","0","0","Y","0","0","0","1","67301","0","","1.0","","1","N","N","N","0","","1","0","2","","2","","","3","1","0","0","0","0","0","2","1","3","","03","","N","","","","","","","","","",""
"2022124783","1635","1","0","0","0","0","0","0","0","0","5","0","","67","12","2022","3","40.039056","-75.008528","1601","6","0","0","0","0","0","0","0","0","","0","0","0","","","1","N","0","","40 02:20.600","","0","75 00:30.700","3","0","0","0","67301","0","0","0","N","0","0","0","5","68K01","0","","1.0","","1","N","N","N","0","","1","0","1","","0","","","3","1","0","0","0","0","1","2","0","3","","03","","N","","","","","","","","","",""
"2022112222","1806","0","0","0","0","0","0","0","0","0","4","0","","67","11","2022","3","40.05346","-74.982271","1800","6","0","0","0","0","0","1","0","0","","0","0","0","","","1","N","0","","40 03:12.455","","7","74 58:56.174","3","0","0","1","67301","0","0","0","N","0","0","0","2","67301","0","","1.0","","1","N","N","N","0","","1","0","1","","0","","","2","1","0","0","0","0","0","2","0","2","","03","","N","","","","","","","","","",""
"2022112193","0137","2","0","0","0","0","0","0","0","0","4","0","","67","11","2022","1","39.925541","-75.169482","0137","6","0","0","0","0","0","0","0","0","","0","0","0","","","0","","5","","39 55:31.947","","0","75 10:10.134","0","0","0","0","67301","0","0","0","N","0","0","0","2","67301","0","","1.0","","1","N","N","N","0","","0","0","1","","2","","","3","0","0","0","0","0","0","2","0","3","","03","","N","","","","","","","","","",""
"2022121945","2309","0","0","0","0","0","0","0","0","0","1","0","","67","11","2022","6","39.956141","-75.218858","2308","6","0","0","0","0","0","0","0","0","","0","0","0","","","0","N","0","","39 57:22.109","4","0","75 13:07.889","9","0","0","0","67301","0","0","0","N","0","0","0","1","67301","0","","1.0","20.0","1","N","N","N","0","","0","0","2","","0","N","","2","0","0","0","0","0","1","2","0","2","","03","","N","","","","","","","","","",""