"CRN","ARRIVAL_TM","AUTOMOBILE_COUNT","BELTED_DEATH_COUNT","BELTED_SUSP_SERIOUS_INJ_COUNT","BICYCLE_COUNT","BICYCLE_DEATH_COUNT","BICYCLE_SUSP_SERIOUS_INJ_COUNT","BUS_COUNT","CHLDPAS_DEATH_COUNT","CHLDPAS_SUSP_SERIOUS_INJ_COUNT","COLLISION_TYPE","COMM_VEH_COUNT","CONS_ZONE_SPD_LIM","COUNTY","CRASH_MONTH","CRASH_YEAR","DAY_OF_WEEK","DEC_LATITUDE","DEC_LONGITUDE","DISPATCH_TM","DISTRICT","DRIVER_COUNT_16YR","DRIVER_COUNT_17YR","DRIVER_COUNT_18YR","DRIVER_COUNT_19YR","DRIVER_COUNT_20YR","DRIVER_COUNT_50_64YR","DRIVER_COUNT_65_74YR","DRIVER_COUNT_75PLUS","EST_HRS_CLOSED","FATAL_COUNT","HEAVY_TRUCK_COUNT","HORSE_BUGGY_COUNT","HOUR_OF_DAY","ILLUMINATION","INJURY_COUNT","INTERSECTION_RELATED","INTERSECT_TYPE","LANE_CLOSED","LATITUDE","LN_CLOSE_DIR","LOCATION_TYPE","LONGITUDE","MAX_SEVERITY_LEVEL","MCYCLE_DEATH_COUNT","MCYCLE_SUSP_SERIOUS_INJ_COUNT","MOTORCYCLE_COUNT","MUNICIPALITY","NONMOTR_COUNT","NONMOTR_DEATH_COUNT","NONMOTR_SUSP_SERIOUS_INJ_COUNT","NTFY_HIWY_MAINT","PED_COUNT","PED_DEATH_COUNT","PED_SUSP_SERIOUS_INJ_COUNT","PERSON_COUNT","POLICE_AGCY","POSSIBLE_INJ_COUNT","RDWY_SURF_TYPE_CD","RELATION_TO_ROAD","ROADWAY_CLEARED","ROAD_CONDITION","SCH_BUS_IND","SCH_ZONE_IND","SECONDARY_CRASH","SMALL_TRUCK_COUNT","SPEC_JURIS_CD","SUSP_MINOR_INJ_COUNT","SUSP_SERIOUS_INJ_COUNT","SUV_COUNT","TCD_FUNC_CD","TCD_TYPE","TFC_DETOUR_IND","TIME_OF_DAY","TOTAL_UNITS","TOT_INJ_COUNT","UNBELTED_OCC_COUNT","UNB_DEATH_COUNT","UNB_SUSP_SERIOUS_INJ_COUNT","UNK_INJ_DEG_COUNT","UNK_INJ_PER_COUNT","URBAN_RURAL","VAN_COUNT","VEHICLE_COUNT","WEATHER1","WEATHER2","WORKERS_PRES","WORK_ZONE_IND","WORK_ZONE_LOC","WORK_ZONE_TYPE","WZ_CLOSE_DETOUR","WZ_FLAGGER","WZ_LAW_OFFCR_IND","WZ_LN_CLOSURE","WZ_MOVING","WZ_OTHER","WZ_SHLDER_MDN","WZ_WORKERS_INJ_KILLED"
"2022118317","0556","1","0","0","0","0","0","0","0","0","8","0","","67","11","2022","6","39.996795","-75.153987","0556","6","0","0","0","0","0","1","0","0","","0","0","0","","","1","","1","","39 59:48.463","","0","75 09:14.352","2","0","0","0","67301","1","0","1","N","1","0","1","2","67508","0","","1.0","","1","N","N","Y","0","","0","1","0","","2","","","2","1","0","0","0","0","0","2","0","1","","03","","N","","","","","","","","","",""
"2022093652","2250","1","0","0","0","0","0","0","0","0","7","0","","67","10","2022","7","40.060163","-75.191048","2250","6","0","0","0","0","0","1","0","0","","0","0","0","","","0","","2","","40 03:36.586","","0","75 11:27.771","9","0","0","0","67301","0","0","0","N","0","0","0","2","67301","0","","4.0","","1","N","N","N","0","","0","0","0","","2","","","2","0","0","0","0","0","1","2","0","1","","03","","N","","","","","","","","","",""
"2022119037","1750","2","0","0","0","0","0","0","0","0","4","0","","67","12","2022","2","40.035278","-75.145528","1745","6","0","0","0","0","0","0","0","0","","0","0","0","","","2","","1","","40 02:07.000","2","0","75 08:43.900","3","0","0","0","67301","0","0","0","N","0","0","0","4","67301","0","","1.0","1800.0","1","N","N","N","0","","2","0","0","","2","N","","2","2","0","0","0","0","0","2","0","2","","03","","N","","","","","","","","","",""
"2022123672","1104","1","0","0","0","0","0","0","0","0","4","0","","67","11","2022","4","39.991781","-75.186379","1059","6","0","0","0","0","0","0","1","0","","0","0","0","","","2","","1","","39 59:30.410","","0","75 11:10.966","3","0","0","0","67301","0","0","0","N","0","0","0","2","67301","0","","1.0","","9","N","N","N","0","","2","0","1","","2","","","2","2","1","0","0","0","0","2","0","2","","","","N","","","","","","","","","",""
"2022122217","0908","0","0","0","0","0","0","0","0","0","8","0","","67","12","2022","4","39.916035","-75.236038","0908","6","0","0","0","0","0","0","1","0","","0","0","0","","","1","","1","","39 54:57.725","","0","75 14:09.736","4","0","0","0","67301","1","0","0","N","1","0","0","2","67301","1","","1.0","","1","N","Y","N","0","","0","0","1","","1","","","2","1","0","0","0","0","0","2","0","1","","03","","N","","","","","","","","","",""
"2022112275","0132","1","0","0","0","0","0","0","0","0","7","0","","67","11","2022","4","40.026628","-75.117825","0131","6","0","0","0","0","0","0","0","0","","0","0","0","","","0","N","0","","40 01:35.860","2","0","75 07:04.170","0","0","0","0","67301","0","0","0","N","0","0","0","1","67301","0","","4.0","200.0","1","N","N","N","0","","0","0","0","","0","N","","1","0","0","0","0","0","0","2","0","1","","03","","N","","","","","","","","","",""
"2022110553","1003","2","0","0","0","0","0","0","0","0","5","0","","67","11","2022","2","40.038828","-75.035093","1003","6","0","0","0","0","0","0","0","0","","0","0","0","","","1","N","0","","40 02:19.781","","0","75 02:06.333","3","0","0","0","67301","0","0","0","N","0","0","0","1","67301","0","","6.0","","1","N","N","Y","0","","1","0","1","","0","","","3","1","0","0","0","0","0","2","0","3","","03","","N","","","","","","","","","",""
"2022121082","1130","1","0","0","0","0","0","0","0","0","4","0","","67","12","2022","4","40.073222","-75.015083","1124","6","0","0","0","0","0","0","0","0","","0","0","0","","","0","N","0","","40 04:23.600","3","7","75 00:54.300","0","0","0","0","67301","0","0","0","N","0","0","0","2","67301","0","","1.0","1345.0","1","N","N","N","0","","0","0","0","","0","N","","2","0","0","0","0","0","0","2","1","2","","03","","N","","","","","","","","","",""
"2022125107","2020","1","0","0","0","0","0","0","0","0","8","0","","67","12","2022","2","39.994136","-75.154417","2018","6","0","0","0","0","0","0","0","0","","1","0","0","","","0","N","0","","39 59:38.890","","0","75 09:15.902","1","0","0","0","67301","1","1","0","N","1","1","0","2","67301","0","2","9.0","","1","N","N","N","0","0","0","0","0","","0","","","2","0","0","0","0","0","0","2","0","1","","03","","N","","","","","","","","","",""
"2022116991","1315","0","0","0","0","0","0","1","0","0","5","1","","67","11","2022","3","39.955401","-75.171142","1300","6","0","0","0","0","0","0","0","0","","0","0","0","","","2","","1","","39 57:19.443","4","0","75 10:16.111","4","0","0","0","67301","0","0","0","N","0","0","0","3","67508","2","","1.0","9999.0","1","N","N","Y","0","","0","0","1","","2","N","","2","2","1","0","0","0","0","2","0","2","","03","","N","","","","","","","","","",""
"2022123130","1357","0","0","0","0","0","0","0","0","0","8","0","","67","12","2022","7","39.9295","-75.170333","1356","6","0","0","0","0","0","0","0","1","","0","0","0","","","1","","1","","39 55:46.200","","0","75 10:13.200","3","0","0","0","67301","1","0","0","N","1","0","0","2","67301","0","","1.0","","1","N","N","N","0","","1","0","0","","3","","","2","1","0","0","0","0","0","2","1","1","","03","","N","","","","","","","","","",""
"2022113748","1442","0","0","0","0","0","0","0","0","0","8","0","","67","11","2022","4","40.040453","-75.065605","1439","6","0","0","0","0","0","0","1","0","","0","0","0","","","1","","5","","40 02:25.631","6","0","75 03:56.177","3","0","0","0","67301","1","0","0","N","1","0","0","2","67301","0","","1.0","1515.0","9","N","N","N","0","","1","0","1","","2","N","","2","1","0","0","0","0","0","2","0","1","","","","N","","","","","","","","","",""
"2022110086","2140","2","0","0","0","0","0","0","0","0","1","0","","67","11","2022","7","39.995422","-75.162208","2130","6","0","0","0","0","0","0","0","0","","0","0","0","","","0","N","0","","39 59:43.520","","0","75 09:43.950","0","0","0","0","67301","0","0","0","N","0","0","0","1","67301","0","","6.0","","1","N","N","N","0","","0","0","0","","0","","","2","0","1","0","0","0","0","2","0","2","","03","","N","","","","","","","","","",""
"2022122791","1758","0","0","0","0","0","0","0","0","0","4","0","","67","12","2022","3","39.979409","-75.163492","1756","6","0","0","0","0","0","1","0","0","","0","0","0","","","1","","1","","39 58:45.872","","0","75 09:48.572","3","0","0","0","67301","0","0","0","N","0","0","0","3","67301","0","","1.0","","1","N","N","N","0","","1","0","2","","3","","","2","1","2","0","0","0","0","2","0","2","","","","N","","","","","","","","","",""
"2022113334","1050","3","0","0","0","0","0","0","0","0","4","0","","67","11","2022","2","39.940369","-75.236609","1046","6","0","0","0","0","0","1","1","1","","0","0","0","","","2","","1","","39 56:25.327","","0","75 14:11.791","8","0","0","0","67301","0","0","0","N","0","0","0","7","67301","0","","1.0","","1","N","N","N","0","","0","0","1","","2","","","4","2","0","0","0","2","0","2","0","4","","","","N","","","","","","","","","",""
"2022125231","1400","1","0","0","1","0","0","0","0","0","8","0","","67","12","2022","3","39.953772","-75.228207","1400","6","0","0","0","0","0","0","0","0","","0","0","0","","","1","","1","","39 57:13.579","","0","75 13:41.545","4","0","0","0","67301","1","0","0","N","0","0","0","2","67301","1","","1.0","","1","N","N","N","0","","0","0","0","","2","","","2","1","0","0","0","0","0","2","0","1","","03","","N","","","","","","","","","",""
"2022112258","2144","2","0","0","0","0","0","0","0","0","4","0","","67","11","2022","3","39.958928","-75.241393","2142","6","0","0","0","0","0","0","0","0","","0","0","0","","","1","","1","","39 57:32.142","","0","75 14:29.013","8","0","0","0","67301","0","0","0","N","0","0","0","2","67301","0","","1.0","","1","N","N","N","0","","0","0","0","","2","","","2","1","0","0","0","1","0","2","0","2","","03","","N","","","","","","","","","",""
"2022123669","2354","1","0","0","0","0","0","0","0","0","5","0","","67","11","2022","7","39.988364","-75.169464","2354","6","0","0","0","0","0","0","0","0","","0","0","0","","","0","N","0","","39 59:18.110","","0","75 10:10.070","9","0","0","0","67301","0","0","0","N","0","0","0","1","67301","0","","6.0","","1","N","N","N","0","","0","0","0","","0","","","2","0","1","0","0","0","1","2","1","2","","03","","N","","","","","","","","","",""
"2022110552","2326","1","0","0","0","0","0","0","0","0","4","0","","67","11","2022","1","40.04028","-75.03134","2319","6","0","0","0","0","0","0","0","0","","0","0","0","","","3","","2","","40 02:25.008","","0","75 01:52.825","4","0","0","0","67301","0","0","0","N","0","0","0","4","67301","2","","1.0","","1","N","N","N","1","","0","0","0","","2","","","2","3","0","0","0","1","0","2","0","2","","","","N","","","","","","","","","",""
"2022121340","1035","1","0","0","0","0","0","0","0","0","4","0","","67","12","2022","1","39.9574","-75.157086","1012","6","0","0","0","0","0","0","0","0","","0","0","0","","","1","","1","","39 57:26.640","","0","75 09:25.508","4","0","0","0","67301","0","0","0","N","0","0","0","5","67301","1","","1.0","","1","N","N","N","0","","0","0","1","","1","","","2","1","0","0","0","0","0","2","0","2","","03","","N","","","","","","","","","",""
"2022112904","1234","1","0","0","0","0","0","0","0","0","4","0","","67","11","2022","1","39.935324","-75.196235","1230","6","0","0","0","0","0","0","0","0","","0","0","0","","","1","","1","","39 56:07.166","","0","75 11:46.447","8","0","0","0","67301","0","0","0","N","0","0","0","2","67301","0","","1.0","","9","N","N","N","0","","0","0","1","","3","","","2","1","0","0","0","1","0","2","0","2","","04","","N","","","","","","","","","",""
"2022119297","1813","1","0","0","0","0","0","0","0","0","4","0","","67","12","2022","4","39.984017","-75.1265","1811","6","0","0","0","0","0","0","0","0","","0","0","0","","","0","N","0","","39 59:02.460","","0","75 07:35.400","9","0","0","0","67301","0","0","0","N","0","0","0","1","67301","0","","6.0","","1","N","N","N","0","","0","0","2","","0","","","3","0","0","0","0","0","1","2","0","3","","","","N","","","","","","","","","",""
"2022109356","0900","2","0","0","0","0","0","0","0","0","4","0","","67","11","2022","6","39.915915","-75.245342","0857","6","0","0","0","0","0","0","0","0","","0","0","0","","","1","","2","","39 54:57.295","2","0","75 14:43.230","8","0","0","0","67301","0","0","0","N","0","0","0","2","67301","0","","1.0","940.0","1","N","N","N","0","","0","0","0","","3","Y","","2","1","0","0","0","1","1","2","0","2","","03","","N","","","","","","","","","",""
"2022120915","0340","1","0","0","0","0","0","0","0","0","4","0","","67","12","2022","1","40.043758","-75.14443","0340","6","0","0","0","0","0","0","0","0","","0","0","0","","","0","","2","","40 02:37.530","","0","75 08:39.949","9","0","0","0","67301","0","0","0","N","0","0","0","3","67301","0","","1.0","","1","N","N","N","0","","0","0","1","","0","","","2","0","0","0","0","0","1","2","0","2","","","","N","","","","","","","","","",""
"2022112894","1744","2","0","0","0","0","0","0","0","0","4","0","","67","11","2022","2","40.054847","-75.168958","1736","6","0","0","0","0","0","1","0","1","","0","0","0","","","1","","1","","40 03:17.448","","0","75 10:08.248","3","0","0","0","67301","0","0","0","N","0","0","0","3","67301","0","","1.0","","1","N","N","N","0","","1","0","1","","2","","","3","1","0","0","0","0","0","2","0","3","","98","","N","","","","","","","","","",""
"2022076898","1307","1","0","0","0","0","0","0","0","0","1","0","","67","8","2022","3","40.052316","-75.007986","1307","6","0","0","0","0","0","0","0","0","","0","0","0","","","1","","5","","40 03:08.339","","0","75 00:28.750","3","0","0","1","67301","0","0","0","N","0","0","0","2","67301","0","","1.0","","1","N","N","N","0","","1","0","0","","2","","","2","1","0","0","0","0","0","2","0","2","","03","","N","","","","","","","","","",""
"2022110550","0957","1","0","0","0","0","0","0","0","0","4","0","","67","11","2022","1","40.038669","-75.044265","0930","6","0","0","1","0","0","0","0","0","","0","0","0","","","0","","3","","40 02:19.208","","0","75 02:39.353","9","0","0","0","67301","0","0","0","N","0","0","0","2","67301","0","","1.0","","1","N","N","N","0","","0","0","1","","3","","","3","0","2","0","0","0","1","2","1","3","","03","","N","","","","","","","","","",""
"2022113180","1840","0","0","0","0","0","0","0","0","0","8","0","","67","11","2022","2","39.913597","-75.16685","1825","6","0","0","0","0","0","0","0","0","","0","0","0","","","1","","2","","39 54:48.949","","0","75 10:00.659","3","0","0","0","67301","1","0","0","N","1","0","0","2","67301","0","","1.0","","99","N","N","N","0","","1","0","0","","3","","","2","1","0","0","0","0","1","2","0","1","","98","","N","","","","","","","","","",""
"2022112253","1947","0","0","0","0","0","0","0","0","0","7","0","","67","11","2022","4","40.010402","-75.079275","1947","6","1","0","0","0","0","0","0","0","","0","0","0","","","1","","1","","40 00:37.446","","0","75 04:45.390","8","0","0","0","67301","0","0","0","N","0","0","0","1","67301","0","","5.0","","1","N","N","N","0","","0","0","1","","2","","","1","1","1","0","0","1","0","2","0","1","","","","N","","","","","","","","","",""
"2022117271","2018","1","0","0","0","0","0","0","0","0","4","0","","67","12","2022","7","39.966333","-75.237806","2018","6","0","0","0","0","1","0","0","0","","0","0","0","","","1","","1","","39 57:58.800","","0","75 14:16.100","4","0","0","0","67301","0","0","0","N","0","0","0","4","67301","1","","1.0","","1","N","N","N","1","","0","0","2","","3","","","4","1","0","0","0","0","3","2","0","4","","03","","N","","","","","","","","","",""
"2022125229","1551","0","0","0","0","0","0","0","0","0","1","0","","67","12","2022","6","40.013915","-75.067097","1522","6","0","0","0","0","0","0","1","0","","0","0","0","","","0","N","0","","40 00:50.093","","0","75 04:01.550","9","0","0","0","67301","0","0","0","N","0","0","0","2","67301","0","","1.0","","1","N","N","N","1","","0","0","0","","0","","","2","0","0","0","0","0","1","2","1","2","","03","","N","","","","","","","","","",""
"2022115640","1408","1","0","0","0","0","0","0","0","0","2","0","","67","11","2022","2","39.991882","-75.109318","1407","6","0","0","0","0","0","0","0","1","","0","0","0","","","3","N","0","","39 59:30.776","","0","75 06:33.543","3","0","0","0","67301","0","0","0","N","0","0","0","5","67301","0","","1.0","","1","N","N","N","0","","3","0","0","","0","","","2","3","0","0","0","0","0","2","1","2","","03","","N","","","","","","","","","",""
"2022114351","2134","2","0","0","0","0","0","0","0","0","4","0","","67","11","2022","2","39.994795","-75.15932","2124","6","0","0","0","0","0","0","0","0","","0","0","0","","","0","","1","","39 59:41.262","6","0","75 09:33.551","9","0","0","0","67301","0","0","0","N","0","0","0","2","67301","0","","1.0","2230.0","1","N","N","N","0","","0","0","0","","2","Y","","2","0","0","0","0","0","1","2","0","2","","03","","N","","","","","","","","","",""
"2022113754","1430","2","0","0","0","0","0","0","0","0","4","0","","67","11","2022","7","39.94024","-75.167956","1424","6","0","0","0","0","0","0","0","1","","0","0","0","","","2","","1","","39 56:24.863","","0","75 10:04.641","3","0","0","0","67301","0","0","0","N","0","0","0","4","67301","0","","1.0","","1","N","N","N","0","","2","0","1","","2","","","4","2","0","0","0","0","0","2","0","4","","","","N","","","","","","","","","",""
"2022121797","1240","1","0","0","0","0","0","0","0","0","4","0","","67","12","2022","3","39.939417","-75.191667","1240","6","0","0","0","1","0","0","0","0","","0","0","0","","","2","","2","","39 56:21.900","","0","75 11:30.000","4","0","0","0","67301","0","0","0","N","0","0","0","3","67301","1","","1.0","","1","N","N","N","0","","0","0","1","","2","","","2","2","0","0","0","1","0","2","0","2","","03","","N","","","","","","","","","",""
"2022113615","0748","1","0","0","0","0","0","0","0","0","4","0","","67","11","2022","2","40.03577","-75.033026","0735","6","0","0","0","0","0","0","0","0","","0","0","0","","","2","","1","","40 02:08.772","","0","75 01:58.893","4","0","0","0","67301","0","0","0","N","0","0","0","2","67301","2","","1.0","","1","N","N","N","0","","0","0","1","","3","","","2","2","2","0","0","0","0","2","0","2","","","","N","","","","","","","","","",""
"2022124333","2146","1","0","0","0","0","0","0","0","0","8","0","","67","12","2022","4","39.981444","-75.167","2146","6","0","0","0","0","0","0","0","0","","0","0","0","","","1","","1","","39 58:53.200","","0","75 10:01.200","3","0","0","0","67301","1","0","0","N","1","0","0","2","67301","0","","1.0","","1","N","N","N","0","","1","0","0","","3","","","2","1","0","0","0","0","1","2","0","1","","03","","N","","","","","","","","","",""
"2022114348","2319","1","0","0","0","0","0","0","0","0","4","0","","67","11","2022","6","40.005007","-75.178588","2319","6","0","0","0","0","0","0","1","0","","0","0","0","","","1","","5","","40 00:18.026","","0","75 10:42.917","8","0","0","0","67301","0","0","0","N","0","0","0","2","67301","0","","1.0","","1","N","N","N","0","","0","0","0","","2","","","2","1","1","0","0","1","1","2","1","2","","","","N","","","","","","","","","",""
"2022110080","1530","0","0","0","0","0","0","0","0","0","8","0","","67","11","2022","7","39.991888","-75.151161","1517","6","0","0","0","0","0","1","0","0","","0","0","0","","","1","","1","","39 59:30.796","","0","75 09:04.179","3","0","0","0","67301","1","0","0","N","1","0","0","2","67301","0","","1.0","","1","N","N","N","0","","1","0","0","","3","","","2","1","0","0","0","0","0","2","1","1","","03","","N","","","","","","","","","",""
"2022109626","1225","1","0","0","0","0","0","0","0","0","5","0","","67","11","2022","7","39.957842","-75.219993","1225","6","0","0","0","0","0","0","0","0","","0","0","0","","","0","N","0","","39 57:28.230","","0","75 13:11.973","0","0","0","0","67301","0","0","0","N","0","0","0","2","67301","0","","1.0","","1","N","N","N","0","","0","0","2","","0","","","4","0","1","0","0","0","0","2","0","4","","03","","N","","","","","","","","","",""
"2022110671","0810","1","0","0","0","0","0","0","0","0","4","0","","67","11","2022","3","40.123541","-75.015353","0753","6","0","0","0","0","0","1","0","0","","0","0","0","","","0","","1","","40 07:24.748","","0","75 00:55.269","0","0","0","0","67301","0","0","0","N","0","0","0","2","67301","0","","1.0","","1","N","N","N","1","","0","0","0","","2","","","2","0","0","0","0","0","0","2","0","2","","","","N","","","","","","","","","",""
"2022110555","1240","1","0","0","0","0","0","0","0","0","5","0","","67","11","2022","2","39.973867","-75.1551","1228","6","0","0","0","0","0","0","0","0","","0","0","0","","","0","N","0","","39 58:25.920","","0","75 09:18.360","9","0","0","0","67301","0","0","0","N","0","0","0","2","67301","0","","1.0","","1","N","N","N","0","","0","0","0","","0","","","2","0","0","0","0","0","1","2","0","2","","03","","N","","","","","","","","","",""
"2022109756","1820","1","0","0","0","0","0","0","0","0","4","0","","67","11","2022","6","40.050113","-75.064246","1808","6","0","0","0","0","0","1","0","0","","0","0","0","","","1","","1","","40 03:00.407","","0","75 03:51.286","3","0","0","0","67301","0","0","0","N","0","0","0","2","67301","0","","1.0","","1","N","N","N","0","","1","0","0","","1","","","2","1","0","0","0","0","0","2","1","2","","03","","N","","","","","","","","","",""
"2022124402","0626","4","0","0","0","0","0","0","0","0","1","0","","67","11","2022","3","39.945003","-75.190869","0617","6","0","0","0","0","0","0","0","0","","0","0","0","","","0","N","0","","39 56:42.010","","3","75 11:27.129","0","0","0","0","67301","0","0","0","N","0","0","0","6","68K01","0","","1.0","","1","N","N","N","0","","0","0","2","","0","","","6","0","0","0","0","0","0","2","0","6","","03","","N","","","","","","","","","",""
"2022113186","1730","0","0","0","0","0","0","0","0","0","4","0","","67","11","2022","5","40.008415","-75.096481","1720","6","0","0","0","0","0","0","0","0","","0","0","0","","","3","","1","","40 00:30.293","","0","75 05:47.331","3","0","0","0","67301","0","0","0","N","0","0","0","4","67301","0","","1.0","","1","N","N","N","2","","3","0","1","","3","","","3","3","0","0","0","0","0","2","0","3","","","","N","","","","","","","","","",""
"2022117432","1627","2","0","0","0","0","0","0","0","0","4","0","","67","12","2022","1","40.01325","-75.173667","1627","6","0","0","0","0","0","0","0","0","","0","0","0","","","0","N","0","","40 00:47.700","","0","75 10:25.200","0","0","0","0","67301","0","0","0","N","0","0","0","2","67301","0","","1.0","","9","N","N","N","0","","0","0","0","","0","","","2","0","0","0","0","0","0","2","0","2","","04","","N","","","","","","","","","",""
"2022115938","0820","0","0","0","0","0","0","0","0","0","5","0","","67","11","2022","1","39.989078","-75.117167","0814","6","0","0","0","0","0","0","0","0","","0","0","0","","","0","N","0","","39 59:20.680","3","0","75 07:01.800","9","0","0","0","67301","0","0","0","N","0","0","0","2","67301","0","","6.0","930.0","1","N","N","N","0","","0","0","2","","0","Y","","2","0","0","0","0","0","2","2","0","2","","03","","N","","","","","","","","","",""
"2022111854","2213","2","0","0","0","0","0","0","0","0","1","0","","67","11","2022","4","40.001293","-75.194976","2206","6","0","0","0","0","0","0","0","0","","0","0","0","","","0","N","0","","40 00:04.656","","0","75 11:41.915","0","0","0","0","67301","0","0","0","N","0","0","0","4","68K01","0","","1.0","","1","N","N","N","0","","0","0","0","","0","","","2","0","0","0","0","0","0","2","0","2","","03","","N","","","","","","","","","",""
"2022113613","0416","2","0","0","0","0","0","0","0","0","4","0","","67","11","2022","1","40.02607","-75.040213","0406","6","0","0","0","0","0","0","0","0","","0","0","0","","","0","","1","","40 01:33.852","","0","75 02:24.766","9","0","0","0","67301","0","0","0","N","0","0","0","1","67301","0","","1.0","","1","N","N","N","1","","0","0","0","","3","","","4","0","0","0","0","0","1","2","1","4","","","","N","","","","","","","","","",""
"2022121360","0707","2","0","0","0","0","0","0","0","0","4","0","","67","12","2022","1","40.020132","-75.112934","0706","6","0","0","0","0","0","1","0","0","","0","0","0","","","0","","2","","40 01:12.475","6","0","75 06:46.562","9","0","0","0","67301","0","0","0","N","0","0","0","2","67301","0","","1.0","900.0","1","N","N","Y","0","","0","0","0","","3","Y","","2","0","0","0","0","0","2","2","0","2","","03","","N","","","","","","","","","",""
"2022124542","1639","1","0","0","0","0","0","0","0","0","1","0","","67","12","2022","4","39.905528","-75.131611","1639","6","0","0","0","0","0","1","0","0","","0","0","0","","","0","Y","0","","39 54:19.900","3","3","75 07:53.800","0","0","0","0","67301","0","0","0","N","0","0","0","3","67501","0","","1.0","1703.0","1","N","N","Y","1","","0","0","1","","0","N","","3","0","0","0","0","0","0","2","0","3","","03","","N","","","","","","","","","",""
"2022123128","0321","2","0","0","0","0","0","0","0","0","1","0","","67","12","2022","1","40.030222","-75.06775","0315","6","0","0","0","0","1","0","0","0","","0","0","0","","","1","N","0","","40 01:48.800","3","0","75 04:03.900","3","0","0","0","67301","0","0","0","N","0","0","0","2","67301","0","","1.0","500.0","1","N","N","N","0","","1","0","2","","0","Y","","6","1","0","0","0","0","0","2","2","6","","03","","N","","","","","","","","","",""
"2022124494","2305","1","0","0","0","0","0","0","0","0","7","0","","67","12","2022","1","40.004444","-75.07525","2300","6","0","0","0","0","0","0","0","0","","0","0","0","","","0","N","0","","40 00:16.000","","0","75 04:30.900","0","0","0","0","67301","0","0","0","N","0","0","0","1","67301","0","","4.0","","1","N","N","N","0","","0","0","0","","0","","","1","0","1","0","0","0","0","2","0","1","","03","","N","","","","","","","","","",""
"2022112191","2256","1","0","0","0","0","0","0","0","0","7","0","","67","11","2022","1","39.916289","-75.191723","2253","6","0","0","0","0","0","0","0","0","","0","0","0","","","0","N","0","","39 54:58.642","2","0","75 11:30.201","0","0","0","0","67301","0","0","0","Y","0","0","0","1","67301","0","","4.0","10.0","1","N","N","N","0","","0","0","0","","0","N","","1","0","0","0","0","0","0","2","0","1","","03","","N","","","","","","","","","",""
"2022097032","1700","2","0","0","0","0","0","0","0","0","4","0","","67","10","2022","1","39.974744","-75.138429","1700","6","0","0","0","0","0","0","0","0","","0","0","0","","","1","","1","","39 58:29.078","","0","75 08:18.344","3","0","0","0","67301","0","0","0","N","0","0","0","2","67301","0","","1.0","","99","N","N","N","0","","1","0","0","","2","","","2","1","1","0","0","0","0","2","0","2","","","","N","","","","","","","","","",""
"2022098375","1310","1","0","0","0","0","0","0","0","0","7","0","","67","10","2022","1","40.063705","-75.045966","1308","6","0","0","0","0","0","0","0","0","","0","0","0","","","1","","2","","40 03:49.337","","0","75 02:45.477","3","0","0","0","67301","0","0","0","N","0","0","0","1","67301","0","","5.0","","1","N","N","N","0","","1","0","0","","3","","","1","1","0","0","0","0","0","2","0","1","","03","","N","","","","","","","","","",""
"2022124326","2234","2","0","0","0","0","0","0","0","0","4","0","","67","12","2022","1","40.129225","-75.024888","2234","6","0","0","0","0","0","0","0","1","","0","0","0","","","0","","1","","40 07:45.210","6","0","75 01:29.597","9","0","0","0","67301","0","0","0","N","0","0","0","3","67301","0","","1.0","2331.0","1","N","N","N","0","","0","0","0","","2","N","","2","0","0","0","0","0","1","2","0","2","","","","N","","","","","","","","","",""
"2022122653","1306","1","0","0","0","0","0","0","0","0","4","0","","67","12","2022","5","40.072048","-75.013029","1306","6","0","0","0","0","0","1","0","0","","0","0","0","","","0","","1","","40 04:19.373","","0","75 00:46.904","0","0","0","0","67301","0","0","0","N","0","0","0","3","67301","0","","1.0","","9","N","N","N","0","","0","0","2","","2","","","3","0","0","0","0","0","0","2","0","3","","07","","N","","","","","","","","","",""
"2022120902","1625","1","0","0","0","0","0","0","0","0","5","0","","67","11","2022","4","39.966846","-75.229649","1622","6","0","0","0","0","0","0","0","0","","0","0","0","","","0","N","0","","39 58:00.644","","0","75 13:46.735","0","0","0","0","67301","0","0","0","N","0","0","0","2","67301","0","","1.0","","9","N","N","N","1","","0","0","0","","0","","","2","0","0","0","0","0","0","2","0","2","","04","","N","","","","","","","","","",""
"2022114075","1726","2","0","0","0","0","0","0","0","0","1","0","","67","11","2022","6","40.044027","-75.072953","1723","6","0","0","0","1","0","0","0","0","","0","0","0","","","1","N","0","","40 02:38.496","1","0","75 04:22.629","3","0","0","0","67301","1","0","0","N","1","0","0","3","67301","0","","1.0","1740.0","1","N","N","N","0","","1","0","0","","0","N","","3","1","0","0","0","0","0","2","0","2","","03","","N","","","","","","","","","",""
"2022094270","0335","2","0","0","0","0","0","0","0","0","4","0","","67","10","2022","2","40.026727","-75.056316","0330","6","0","0","0","0","0","0","0","0","","0","0","0","","","0","","1","","40 01:36.217","","0","75 03:22.736","0","0","0","0","67301","0","0","0","N","0","0","0","2","67301","0","","1.0","","1","N","N","N","0","","0","0","0","","3","","","2","0","1","0","0","0","0","2","0","2","","03","","N","","","","","","","","","",""