"CRN","ARRIVAL_TM","AUTOMOBILE_COUNT","BELTED_DEATH_COUNT","BELTED_SUSP_SERIOUS_INJ_COUNT","BICYCLE_COUNT","BICYCLE_DEATH_COUNT","BICYCLE_SUSP_SERIOUS_INJ_COUNT","BUS_COUNT","CHLDPAS_DEATH_COUNT","CHLDPAS_SUSP_SERIOUS_INJ_COUNT","COLLISION_TYPE","COMM_VEH_COUNT","CONS_ZONE_SPD_LIM","COUNTY","CRASH_MONTH","CRASH_YEAR","DAY_OF_WEEK","DEC_LATITUDE","DEC_LONGITUDE","DISPATCH_TM","DISTRICT","DRIVER_COUNT_16YR","DRIVER_COUNT_17YR","DRIVER_COUNT_18YR","DRIVER_COUNT_19YR","DRIVER_COUNT_20YR","DRIVER_COUNT_50_64YR","DRIVER_COUNT_65_74YR","DRIVER_COUNT_75PLUS","EST_HRS_CLOSED","FATAL_COUNT","HEAVY_TRUCK_COUNT","HORSE_BUGGY_COUNT","HOUR_OF_DAY","ILLUMINATION","INJURY_COUNT","INTERSECTION_RELATED","INTERSECT_TYPE","LANE_CLOSED","LATITUDE","LN_CLOSE_DIR","LOCATION_TYPE","LONGITUDE","MAX_SEVERITY_LEVEL","MCYCLE_DEATH_COUNT","MCYCLE_SUSP_SERIOUS_INJ_COUNT","MOTORCYCLE_COUNT","MUNICIPALITY","NONMOTR_COUNT","NONMOTR_DEATH_COUNT","NONMOTR_SUSP_SERIOUS_INJ_COUNT","NTFY_HIWY_MAINT","PED_COUNT","PED_DEATH_COUNT","PED_SUSP_SERIOUS_INJ_COUNT","PERSON_COUNT","POLICE_AGCY","POSSIBLE_INJ_COUNT","RDWY_SURF_TYPE_CD","RELATION_TO_ROAD","ROADWAY_CLEARED","ROAD_CONDITION","SCH_BUS_IND","SCH_ZONE_IND","SECONDARY_CRASH","SMALL_TRUCK_COUNT","SPEC_JURIS_CD","SUSP_MINOR_INJ_COUNT","SUSP_SERIOUS_INJ_COUNT","SUV_COUNT","TCD_FUNC_CD","TCD_TYPE","TFC_DETOUR_IND","TIME_OF_DAY","TOTAL_UNITS","TOT_INJ_COUNT","UNBELTED_OCC_COUNT","UNB_DEATH_COUNT","UNB_SUSP_SERIOUS_INJ_COUNT","UNK_INJ_DEG_COUNT","UNK_INJ_PER_COUNT","URBAN_RURAL","VAN_COUNT","VEHICLE_COUNT","WEATHER1","WEATHER2","WORKERS_PRES","WORK_ZONE_IND","WORK_ZONE_LOC","WORK_ZONE_TYPE","WZ_CLOSE_DETOUR","WZ_FLAGGER","WZ_LAW_OFFCR_IND","WZ_LN_CLOSURE","WZ_MOVING","WZ_OTHER","WZ_SHLDER_MDN","WZ_WORKERS_INJ_KILLED"
"2022112225","1625","0","0","0","0","0","0","0","0","0","4","0","","67","11","2022","4","40.068284","-75.005468","1625","6","0","0","1","0","0","0","0","0","","0","0","0","","","0","N","0","","40 04:05.821","3","7","75 00:19.683","9","0","0","0","67301","0","0","0","N","0","0","0","2","67301","0","","1.0","1800.0","1","N","N","N","0","","0","0","2","","3","N","","2","0","0","0","0","0","1","2","0","2","","03","","N","","","","","","","","","",""
"2022123924","1115","1","0","0","0","0","0","0","0","0","4","0","","67","12","2022","1","40.06211","-75.021464","1107","6","0","0","0","0","0","0","0","0","","0","0","0","","","0","","2","","40 03:43.597","","0","75 01:17.271","0","0","0","0","67301","0","0","0","N","0","0","0","2","67301","0","","1.0","","1","N","N","N","0","","0","0","0","","3","","","2","0","0","0","0","0","0","2","1","2","","03","","N","","","","","","","","","",""
"2022119034","0331","1","0","0","0","0","0","0","0","0","2","0","","67","12","2022","7","39.971167","-75.121778","0330","6","0","0","0","0","0","1","0","0","","0","0","0","","","2","N","0","","39 58:16.200","2","0","75 07:18.400","3","0","0","0","67301","0","0","0","N","0","0","0","4","67301","0","","1.0","645.0","1","N","N","N","0","","2","0","1","","0","Y","","2","2","0","0","0","0","0","2","0","2","","03","","N","","","","","","","","","",""
"2022112250","1329","0","0","0","0","0","0","0","0","0","8","0","","67","11","2022","3","40.036762","-75.040946","1329","6","0","0","0","0","0","0","0","0","","0","0","0","","","1","","1","","40 02:12.343","","0","75 02:27.405","3","0","0","0","67301","1","0","0","N","1","0","0","2","67301","0","","1.0","","1","N","N","N","1","","1","0","0","","2","","","2","1","1","0","0","0","0","2","0","1","","03","","N","","","","","","","","","",""
"2022099880","2037","1","0","0","0","0","0","0","0","0","4","0","","67","10","2022","7","39.903432","-75.243164","2036","6","0","0","0","0","0","1","0","0","","0","0","0","","","1","","1","","39 54:12.355","","0","75 14:35.390","8","0","0","0","67301","0","0","0","N","0","0","0","3","67301","0","","1.0","","1","N","N","N","0","","0","0","0","","2","","","2","1","0","0","0","1","1","2","0","2","","03","","N","","","","","","","","","",""
"2022124496","2059","0","0","0","0","0","0","0","0","0","4","0","","67","12","2022","3","40.030215","-75.043745","2027","6","0","0","0","0","0","0","0","0","","0","0","0","","","1","","1","","40 01:48.773","","0","75 02:37.482","8","0","0","0","67301","0","0","0","N","0","0","0","2","67301","0","","1.0","","1","N","N","N","0","","0","0","2","","2","","","2","1","1","0","0","1","0","2","0","2","","03","","N","","","","","","","","","",""
"2022112401","1543","1","0","0","0","0","0","0","0","0","4","0","","67","11","2022","7","39.953333","-75.183743","1543","6","0","0","1","0","0","0","0","0","","0","0","0","","","0","","1","","39 57:11.997","","0","75 11:01.475","0","0","0","0","67301","0","0","0","N","0","0","0","7","67301","0","","1.0","","1","N","N","N","0","","0","0","1","","2","","","2","0","0","0","0","0","0","2","0","2","","03","","N","","","","","","","","","",""
"2022124826","2025","1","0","0","0","0","0","0","0","0","4","0","","67","12","2022","5","40.055325","-75.07335","2022","6","0","0","0","0","1","0","1","0","","0","0","0","","","1","","1","","40 03:19.170","","0","75 04:24.060","4","0","0","0","67301","0","0","0","N","0","0","0","2","67301","1","","1.0","","1","N","N","N","0","","0","0","1","","2","","","2","1","0","0","0","0","0","2","0","2","","03","","N","","","","","","","","","",""
"2022124338","0036","2","0","0","0","0","0","0","0","0","4","0","","67","12","2022","4","40.033312","-75.115851","0036","6","0","0","0","0","0","0","0","0","","0","0","0","","","1","N","0","","40 01:59.924","1","0","75 06:57.064","3","0","0","0","67301","0","0","0","N","0","0","0","2","67301","0","","1.0","200.0","1","N","N","N","0","","1","0","1","","0","N","","4","1","1","0","0","0","0","2","1","4","","03","","N","","","","","","","","","",""
"2022119035","0526","0","0","0","0","0","0","0","0","0","4","0","","67","12","2022","7","40.029417","-75.12475","0526","6","0","0","0","0","0","0","0","0","","0","0","0","","","1","","1","","40 01:45.900","6","6","75 07:29.100","3","0","0","0","67301","0","0","0","N","0","0","0","2","67301","0","","1.0","615.0","1","N","N","N","0","","1","0","2","","2","Y","","2","1","0","0","0","0","0","2","0","2","","03","","N","","","","","","","","","",""
"2022112243","2000","3","0","0","0","0","0","0","0","0","4","0","","67","11","2022","6","40.067377","-75.150498","1956","6","0","0","0","1","0","1","0","0","","0","0","0","","","2","","1","","40 04:02.557","","0","75 09:01.792","2","0","0","0","67301","0","0","0","N","0","0","0","6","67301","1","","1.0","","1","N","N","N","0","","0","1","3","","3","","","6","2","2","0","1","0","0","2","0","6","","03","","N","","","","","","","","","",""
"2022117053","1446","2","0","0","0","0","0","0","0","0","4","0","","67","11","2022","3","40.001107","-75.124741","1446","6","0","0","0","0","1","0","0","0","","0","0","0","","","1","","1","","40 00:03.985","7","0","75 07:29.066","8","0","0","0","67301","0","0","0","N","0","0","0","2","67301","0","","1.0","1500.0","1","N","N","N","0","","0","0","0","","2","N","","2","1","0","0","0","1","1","2","0","2","","03","","N","","","","","","","","","",""
"2022115452","2011","0","0","0","0","0","0","0","0","0","4","0","","67","11","2022","6","39.965313","-75.242094","2011","6","0","0","0","0","0","0","0","0","","0","0","0","","","1","","1","","39 57:55.126","","0","75 14:31.538","8","0","0","0","67301","0","0","0","N","0","0","0","3","67301","0","","1.0","","1","N","N","N","0","","0","0","2","","3","","","2","1","1","0","0","1","1","2","0","2","","03","","N","","","","","","","","","",""
"2022124064","2025","1","0","0","1","0","0","0","0","0","8","0","","67","12","2022","2","39.962336","-75.161346","2020","6","0","0","0","0","0","0","0","0","","0","0","0","","","1","","1","","39 57:44.409","","0","75 09:40.847","4","0","0","0","67301","1","0","0","N","0","0","0","2","67301","1","","1.0","","1","N","N","N","0","","0","0","0","","1","","","2","1","0","0","0","0","1","2","0","1","","03","","N","","","","","","","","","",""
"2022124491","0610","3","0","0","0","0","0","0","0","0","5","0","","67","12","2022","5","40.020344","-75.057061","0602","6","0","0","0","0","0","0","0","0","","0","0","0","","","0","N","0","","40 01:13.240","5","0","75 03:25.420","0","0","0","0","67301","0","0","0","N","0","0","0","1","67301","0","","6.0","738.0","1","N","N","N","0","","0","0","1","","0","Y","","4","0","0","0","0","0","0","2","0","4","","","","N","","","","","","","","","",""
"2022113201","0922","2","0","0","0","0","0","0","0","0","5","0","","67","11","2022","2","39.997694","-75.12125","0919","6","0","0","0","0","0","0","0","0","","0","0","0","","","0","N","0","","39 59:51.700","1","0","75 07:16.500","0","0","0","0","67301","0","0","0","N","0","0","0","1","67301","0","","6.0","1025.0","1","N","N","N","1","","0","0","0","","0","Y","","3","0","1","0","0","0","0","2","0","3","","03","","N","","","","","","","","","",""
"2022112205","0050","4","0","0","0","0","0","0","0","0","1","0","","67","11","2022","1","39.910069","-75.172805","0035","6","0","0","0","0","1","0","0","0","","0","0","0","","","1","N","0","","39 54:36.249","","0","75 10:22.099","8","0","0","0","67301","0","0","0","N","0","0","0","9","67301","0","","1.0","","1","N","N","N","0","","0","0","0","","0","","","4","1","0","0","0","1","0","2","0","4","","","","N","","","","","","","","","",""
"2022119574","1310","0","0","0","0","0","0","0","0","0","1","0","","67","12","2022","4","39.900056","-75.250194","1253","6","0","0","0","0","0","1","0","0","","0","0","0","","","1","","1","","39 54:00.200","","0","75 15:00.700","3","0","0","0","67301","0","0","0","N","0","0","0","2","67301","0","","1.0","","1","N","N","N","0","","1","0","2","","2","","","2","1","0","0","0","0","1","2","0","2","","03","","N","","","","","","","","","",""
"2022109474","0743","2","0","0","0","0","0","0","0","0","4","0","","67","11","2022","1","39.958845","-75.187585","0742","6","0","0","0","0","0","0","0","0","","0","0","0","","","0","","2","","39 57:31.843","","0","75 11:15.306","0","0","0","0","67301","0","0","0","N","0","0","0","2","67507","0","","1.0","","1","N","N","N","0","","0","0","0","","3","","","2","0","1","0","0","0","0","2","0","2","","03","","N","","","","","","","","","",""
"2022122781","1520","3","0","0","0","0","0","0","0","0","4","0","","67","12","2022","5","40.031295","-75.066206","1510","6","0","0","0","0","0","0","0","0","","0","0","0","","","1","","1","","40 01:52.663","","0","75 03:58.341","3","0","0","0","67301","0","0","0","N","0","0","0","2","67301","0","","1.0","","9","N","N","N","2","","1","0","0","","3","","","5","1","0","0","0","0","1","2","0","5","","","","N","","","","","","","","","",""
"2022120905","0913","1","0","0","0","0","0","0","0","0","8","0","","67","12","2022","3","39.967353","-75.241672","0912","6","0","0","0","0","0","0","0","0","","0","0","0","","","1","N","0","","39 58:02.470","","0","75 14:30.020","3","0","0","0","67301","1","0","0","N","1","0","0","2","67301","0","","1.0","","1","N","N","N","0","","1","0","0","","0","","","2","1","0","0","0","0","0","2","0","1","","","","N","","","","","","","","","",""
"2022123262","0644","1","0","0","0","0","0","0","0","0","1","0","","67","12","2022","7","39.953523","-75.185273","0641","6","0","0","0","0","0","1","0","0","","0","0","0","","","2","","2","","39 57:12.684","3","0","75 11:06.982","8","0","0","0","67301","0","0","0","N","0","0","0","4","67301","0","","1.0","700.0","1","N","N","N","0","","0","0","0","","2","N","","2","2","0","0","0","2","1","2","1","2","","03","","N","","","","","","","","","",""
"2022098742","0110","1","0","0","0","0","0","0","0","0","7","0","","67","10","2022","5","40.011333","-75.147286","0108","6","0","0","0","0","0","0","0","0","","0","0","0","","","1","N","0","","40 00:40.800","","0","75 08:50.230","3","0","0","0","67301","0","0","0","N","0","0","0","1","67301","0","","6.0","","1","N","N","N","0","","1","0","0","","0","","","1","1","0","0","0","0","0","2","0","1","","03","","N","","","","","","","","","",""
"2022113199","0108","0","0","0","0","0","0","0","0","0","8","0","","67","11","2022","1","39.992999","-75.134514","0105","6","0","0","0","0","0","0","0","0","","0","0","0","","","1","","1","","39 59:34.796","","0","75 08:04.250","2","0","0","0","67301","1","0","1","N","1","0","1","2","67301","0","","1.0","","1","N","N","N","0","","0","1","0","","2","","","2","1","0","0","0","0","0","2","0","1","","03","","N","","","","","","","","","",""
"2022117416","2142","1","0","0","0","0","0","0","0","0","5","0","","67","12","2022","7","39.935103","-75.223647","2142","6","0","0","0","0","0","1","0","0","","0","0","0","","","0","N","0","","39 56:06.370","","0","75 13:25.130","0","0","0","0","67301","0","0","0","N","0","0","0","1","67301","0","","6.0","","1","N","N","N","0","","0","0","2","","0","","","3","0","0","0","0","0","0","2","0","3","","03","","N","","","","","","","","","",""
"2022114350","1802","1","0","0","0","0","0","0","0","0","7","0","","67","11","2022","2","39.997496","-75.169384","1801","6","1","0","0","0","0","0","0","0","","0","0","0","","","0","","1","","39 59:50.985","7","0","75 10:09.782","0","0","0","0","67301","0","0","0","N","0","0","0","1","67301","0","","5.0","2057.0","1","N","N","N","0","","0","0","0","","0","Y","","1","0","0","0","0","0","0","2","0","1","","03","","N","","","","","","","","","",""
"2022112755","1555","1","0","0","0","0","0","0","0","0","4","0","","67","11","2022","6","40.054234","-75.049325","1550","6","0","0","0","0","0","0","0","0","","0","0","0","","","1","","1","","40 03:15.244","","0","75 02:57.569","3","0","0","0","67301","0","0","0","N","0","0","0","2","67301","0","","1.0","","1","N","N","N","0","","1","0","1","","1","","","2","1","1","0","0","0","0","2","0","2","","03","","N","","","","","","","","","",""
"2022117048","0240","2","0","0","0","0","0","0","0","0","4","0","","67","12","2022","7","39.941033","-75.229542","0236","6","0","0","0","0","0","1","0","0","","0","0","0","","","1","","1","","39 56:27.718","","0","75 13:46.351","3","0","0","0","67301","0","0","0","N","0","0","0","2","67301","0","","1.0","","1","N","N","N","0","","1","0","1","","3","","","3","1","0","0","0","0","1","2","0","3","","03","","N","","","","","","","","","",""
"2022108079","0104","5","0","0","0","0","0","0","0","0","5","0","","67","10","2022","7","39.985949","-75.111249","0104","6","0","0","0","0","0","0","0","0","","0","0","0","","","0","N","0","","39 59:09.417","","0","75 06:40.497","0","0","0","0","67301","0","0","0","N","0","0","0","1","67301","0","","6.0","","1","N","N","N","1","","0","0","0","","0","","","6","0","1","0","0","0","0","2","0","6","","03","","N","","","","","","","","","",""
"2022110573","1337","1","0","0","0","0","0","0","0","0","1","0","","67","11","2022","1","40.025489","-75.125437","1337","6","0","0","0","0","1","1","0","0","","0","0","0","","","2","","1","","40 01:31.761","","0","75 07:31.573","3","0","0","0","67301","0","0","0","N","0","0","0","3","67301","0","","1.0","","1","N","N","N","0","","2","0","1","","2","","","2","2","0","0","0","0","0","2","0","2","","","","N","","","","","","","","","",""
"2022118170","1822","0","0","0","0","0","0","0","0","0","4","0","","67","12","2022","2","40.022444","-75.084444","1821","6","0","0","0","0","0","0","0","0","","0","0","0","","","2","","1","","40 01:20.800","","0","75 05:04.000","3","0","0","0","67301","0","0","0","N","0","0","0","2","67301","1","","1.0","","1","N","N","N","0","","1","0","2","","2","","","2","2","0","0","0","0","0","2","0","2","","03","","N","","","","","","","","","",""
"2022124474","0902","1","0","0","0","0","0","0","0","0","4","0","","67","12","2022","4","40.056076","-75.064027","0901","6","0","0","0","0","0","2","0","0","","0","0","0","","","2","","1","","40 03:21.873","","0","75 03:50.497","3","0","0","0","67301","0","0","0","N","0","0","0","2","67301","1","","1.0","","2","N","N","N","0","","1","0","1","","2","","","2","2","0","0","0","0","0","2","0","2","","","","N","","","","","","","","","",""
"2022113759","0228","2","0","0","0","0","0","0","0","0","4","0","","67","12","2022","5","40.028791","-75.132182","0227","6","0","0","0","0","0","0","0","0","","0","0","0","","","2","","1","","40 01:43.647","","0","75 07:55.855","8","0","0","0","67301","0","0","0","N","0","0","0","3","67301","0","","1.0","","1","N","N","N","0","","0","0","1","","2","","","3","2","2","0","0","2","0","2","0","3","","03","","N","","","","","","","","","",""
"2022113609","0201","1","0","0","0","0","0","0","0","0","4","0","","67","11","2022","7","40.007809","-75.073022","0201","6","0","0","0","0","0","0","0","0","","0","0","0","","","4","N","0","","40 00:28.112","","7","75 04:22.879","4","0","0","0","67301","0","0","0","N","0","0","0","4","67301","4","","1.0","","1","N","N","N","0","","0","0","1","","0","","","2","4","0","0","0","0","0","2","0","2","","03","","N","","","","","","","","","",""
"2022120118","0935","3","0","0","0","0","0","0","0","0","5","0","","67","12","2022","4","39.923442","-75.180799","0929","6","0","0","0","0","0","1","0","0","","0","0","0","","","1","N","0","","39 55:24.391","6","0","75 10:50.878","3","0","0","0","67301","0","0","0","N","0","0","0","7","67301","0","","6.0","1100.0","1","N","N","N","0","","1","0","4","","0","Y","","7","1","0","0","0","0","0","2","0","7","","","","N","","","","","","","","","",""
"2022099663","0446","1","0","0","0","0","0","0","0","0","7","0","","67","10","2022","2","39.966747","-75.135013","0438","6","0","0","0","0","1","0","0","0","","0","0","0","","","0","N","0","","39 58:00.288","","0","75 08:06.045","0","0","0","0","67301","0","0","0","N","0","0","0","1","68K01","0","","3.0","","9","N","N","N","0","","0","0","0","","0","","","1","0","0","0","0","0","0","2","0","1","","","","N","","","","","","","","","",""
"2022113596","1746","2","0","0","0","0","0","0","0","0","4","0","","67","11","2022","4","40.057761","-75.014974","1741","6","0","0","0","0","0","1","0","0","","0","0","0","","","1","N","0","","40 03:27.941","","0","75 00:53.906","8","0","0","0","67301","0","0","0","N","0","0","0","2","67301","0","","1.0","","9","N","N","N","0","","0","0","0","","0","","","2","1","0","0","0","1","0","2","0","2","","04","","N","","","","","","","","","",""
"2022122657","1527","0","0","0","0","0","0","0","0","0","8","0","","67","12","2022","5","40.052234","-75.175818","1527","6","0","0","0","0","0","0","0","0","","0","0","0","","","1","","1","","40 03:08.041","","0","75 10:32.943","3","0","0","0","67301","1","0","0","N","1","0","0","2","67301","0","","1.0","","9","N","N","N","1","","1","0","0","","2","","","2","1","1","0","0","0","1","2","0","1","","04","","N","","","","","","","","","",""
"2022119587","0246","0","0","0","0","0","0","0","0","0","4","0","","67","12","2022","6","40.015808","-75.141118","0246","6","0","0","0","0","0","0","0","0","","0","0","0","","","1","","1","","40 00:56.908","","0","75 08:28.024","4","0","0","0","67301","0","0","0","N","0","0","0","2","67301","1","","1.0","","9","N","N","N","0","","0","0","1","","2","","","2","1","0","0","0","0","1","2","0","2","","07","","N","","","","","","","","","",""
"2022100793","2038","0","0","0","0","0","0","0","0","0","7","0","","67","10","2022","5","39.963491","-75.20922","2038","6","0","0","0","0","0","0","0","0","","0","0","0","","","1","","1","","39 57:48.567","","0","75 12:33.191","3","0","0","0","67301","0","0","0","N","0","0","0","1","67301","0","","4.0","","1","N","N","N","0","","1","0","1","","3","","","1","1","0","0","0","0","0","2","0","1","","03","","N","","","","","","","","","",""
"2022113198","0330","2","0","0","0","0","0","0","0","0","1","0","","67","11","2022","7","40.023444","-75.113528","0330","6","0","0","0","0","0","0","0","0","","0","0","0","","","0","N","0","","40 01:24.400","","0","75 06:48.700","9","0","0","0","67301","0","0","0","N","0","0","0","1","67301","0","","6.0","","1","N","N","N","1","","0","0","0","","0","","","3","0","1","0","0","0","1","2","0","3","","","","N","","","","","","","","","",""
"2022118763","2315","0","0","0","0","0","0","0","0","0","1","0","","67","12","2022","1","40.01838","-75.167721","2315","6","0","0","1","0","0","0","0","0","","0","0","0","","","0","N","0","","40 01:06.167","1","0","75 10:03.795","0","0","0","0","67301","0","0","0","N","0","0","0","1","67301","0","","2.0","57.0","1","N","N","N","1","","0","0","1","","0","N","","2","0","0","0","0","0","0","2","0","2","","03","","N","","","","","","","","","",""
"2022119590","1621","0","0","0","0","0","0","0","0","0","4","0","","67","12","2022","3","40.00221","-75.1577","1621","6","0","0","0","0","0","1","0","0","","0","0","0","","","2","","1","","40 00:07.957","","0","75 09:27.721","4","0","0","0","67301","0","0","0","N","0","0","0","3","67301","2","","1.0","","1","N","N","N","0","","0","0","1","","2","","","2","2","0","0","0","0","0","2","0","2","","03","","N","","","","","","","","","",""
"2022110244","1657","2","0","0","0","0","0","0","0","0","4","0","","67","11","2022","2","39.973237","-75.212226","1657","6","0","1","0","0","0","0","0","0","","0","0","0","","","3","","1","","39 58:23.653","","0","75 12:44.012","3","0","0","0","67301","0","0","0","N","0","0","0","5","67301","2","","1.0","","1","N","N","N","0","","1","0","2","","2","","","4","3","1","0","0","0","0","2","0","4","","03","","N","","","","","","","","","",""
"2022119157","1555","1","0","0","0","0","0","0","0","0","7","0","","67","11","2022","1","40.032122","-75.021288","1544","6","0","0","0","0","0","1","0","0","","0","0","0","","","0","N","0","","40 01:55.640","2","3","75 01:16.635","0","0","0","0","67301","0","0","0","N","0","0","0","2","68K01","0","","2.0","1615.0","9","N","N","N","0","","0","0","0","","0","N","","1","0","0","0","0","0","0","2","0","1","","","","N","","","","","","","","","",""
"2022124834","1346","1","0","0","0","0","0","0","0","0","4","0","","67","12","2022","5","40.086041","-75.211941","1339","6","0","0","0","0","0","0","1","1","","0","0","0","","","0","","1","","40 05:09.747","","0","75 12:42.989","0","0","0","0","67301","0","0","0","N","0","0","0","3","67301","0","","1.0","","1","N","N","N","0","","0","0","1","","2","","","2","0","0","0","0","0","0","2","0","2","","03","","N","","","","","","","","","",""
"2022112249","0917","2","0","0","0","0","0","0","0","0","4","0","","67","11","2022","3","40.007166","-75.091089","0916","6","0","0","0","0","0","1","0","0","","0","0","0","","","1","N","0","","40 00:25.799","","0","75 05:27.919","3","0","0","0","67301","0","0","0","N","0","0","0","2","67301","0","","1.0","","1","N","N","N","0","","1","0","0","","0","","","2","1","0","0","0","0","0","2","0","2","","03","","N","","","","","","","","","",""
"2022109758","0046","1","0","0","0","0","0","0","0","0","7","0","","67","11","2022","1","39.897624","-75.252377","0044","6","0","0","0","0","0","0","0","0","","0","0","0","","","0","","1","","39 53:51.445","","0","75 15:08.556","0","0","0","0","67301","0","0","0","N","0","0","0","1","67301","0","","3.0","","1","N","N","N","0","","0","0","0","","2","","","1","0","1","0","0","0","0","2","0","1","","03","","N","","","","","","","","","",""
"2022124833","2015","1","0","0","0","0","0","0","0","0","4","0","","67","12","2022","4","40.023986","-75.159578","2015","6","0","0","0","0","0","1","0","0","","0","0","0","","","1","","1","","40 01:26.350","","0","75 09:34.481","3","0","0","0","67301","0","0","0","N","0","0","0","2","67301","0","","1.0","","1","N","N","N","0","","1","0","1","","1","","","2","1","0","0","0","0","0","2","0","2","","03","","N","","","","","","","","","",""
"2022123654","1052","1","0","0","0","0","0","0","0","0","4","0","","67","12","2022","7","40.04191","-75.036532","1050","6","0","0","0","0","0","0","1","0","","0","0","0","","","2","","1","","40 02:30.876","3","0","75 02:11.515","3","0","0","0","67301","0","0","0","N","0","0","0","4","67301","0","","1.0","100.0","1","N","N","N","0","","2","0","1","","3","Y","","2","2","0","0","0","0","0","2","0","2","","03","","N","","","","","","","","","",""
"2022121338","0005","1","0","0","0","0","0","0","0","0","4","0","","67","12","2022","3","39.955369","-75.155875","0005","6","0","0","0","0","0","0","1","0","","0","0","0","","","0","","1","","39 57:19.330","","0","75 09:21.150","0","0","0","0","67301","0","0","0","N","0","0","0","2","67301","0","","1.0","","1","N","N","N","0","","0","0","1","","2","","","2","0","0","0","0","0","0","2","0","2","","","","N","","","","","","","","","",""
"2022115641","1720","1","0","0","0","0","0","0","0","0","8","0","","67","12","2022","6","39.990833","-75.130902","1720","6","0","0","0","0","0","0","0","0","","0","0","0","","","1","","1","","39 59:26.997","","0","75 07:51.248","2","0","0","0","67301","1","0","1","N","1","0","1","2","67301","0","","1.0","","99","N","N","N","0","","0","1","0","","2","","","2","1","1","0","0","0","0","2","0","1","","","","N","","","","","","","","","",""
"2022124482","1042","2","0","0","0","0","0","0","0","0","3","0","","67","11","2022","2","39.947686","-75.157567","1042","6","0","0","0","0","0","0","1","0","","0","0","0","","","0","N","0","","39 56:51.670","","0","75 09:27.240","0","0","0","0","67301","0","0","0","N","0","0","0","2","67301","0","","1.0","","1","N","N","N","0","","0","0","0","","0","","","2","0","0","0","0","0","0","2","0","2","","03","","N","","","","","","","","","",""
"2022124344","0123","0","0","0","0","0","0","0","0","0","7","0","","67","12","2022","2","39.912472","-75.174","0120","6","0","0","0","0","0","0","0","0","","0","0","0","","","1","","7","","39 54:44.900","","8","75 10:26.400","4","0","0","0","67301","0","0","0","N","0","0","0","1","67501","1","","7.0","","1","N","N","N","0","","0","0","1","","0","","","1","1","0","0","0","0","0","2","0","1","","03","","N","","","","","","","","","",""
"2022120502","1540","0","0","0","0","0","0","0","0","0","7","0","","67","12","2022","4","39.998778","-75.110333","1533","6","0","0","0","0","0","0","0","0","","0","0","0","","","0","N","0","","39 59:55.600","","0","75 06:37.200","9","0","0","0","67301","0","0","0","N","0","0","0","1","67301","0","","1.0","","1","N","N","N","0","","0","0","1","","0","","","1","0","0","0","0","0","1","2","0","1","","03","","N","","","","","","","","","",""
"2022123472","0218","2","0","0","0","0","0","0","0","0","5","0","","67","12","2022","4","39.967439","-75.239636","0216","6","0","0","0","0","0","0","0","0","","0","0","0","","","0","N","0","","39 58:02.780","","0","75 14:22.690","9","0","0","0","67301","0","0","0","N","0","0","0","1","67301","0","","6.0","","1","N","N","N","0","","0","0","3","","0","","","5","0","0","0","0","0","1","2","0","5","","03","","N","","","","","","","","","",""
"2022110680","2010","2","0","0","0","0","0","0","0","0","1","0","","67","11","2022","7","40.030829","-75.146547","2005","6","0","0","0","0","0","0","0","0","","0","0","0","","","1","","3","","40 01:50.986","","0","75 08:47.570","3","0","0","0","67301","0","0","0","N","0","0","0","3","67301","0","","1.0","","1","N","N","N","0","","1","0","1","","2","","","3","1","0","0","0","0","0","2","0","3","","03","","N","","","","","","","","","",""
"2022113476","1735","2","0","0","0","0","0","0","0","0","5","0","","67","12","2022","5","39.961556","-75.195611","1735","6","0","0","1","0","0","0","0","0","","0","0","0","","","0","N","0","","39 57:41.600","2","0","75 11:44.200","0","0","0","0","67301","0","0","0","N","0","0","0","1","67507","0","","6.0","1910.0","1","N","N","N","0","","0","0","1","","0","N","","3","0","0","0","0","0","0","2","0","3","","","","N","","","","","","","","","",""
"2022097580","1330","1","0","0","0","0","0","0","0","0","8","0","","67","10","2022","5","40.027246","-75.183526","1323","6","0","0","0","0","0","0","0","0","","0","0","0","","","1","","2","","40 01:38.085","","0","75 11:00.693","3","0","0","0","67301","1","0","0","N","1","0","0","2","67301","0","","1.0","","1","N","N","N","0","","1","0","0","","2","","","2","1","0","0","0","0","1","2","0","1","","03","","N","","","","","","","","","",""
"2022124943","1835","1","0","0","0","0","0","0","0","0","5","0","","67","12","2022","5","39.961646","-75.191165","1830","6","0","0","0","0","0","1","0","0","","0","0","0","","","0","N","0","","39 57:41.925","2","0","75 11:28.194","0","0","0","0","67301","0","0","0","N","0","0","0","2","67507","0","","1.0","1930.0","1","N","","N","0","","0","0","1","","0","N","","2","0","1","0","0","0","0","2","0","2","","03","","N","","","","","","","","","",""
"2022109359","1507","1","0","0","0","0","0","0","0","0","6","0","","67","11","2022","6","40.027167","-75.159242","1501","6","0","0","0","0","0","0","0","0","","0","0","0","","","0","N","0","","40 01:37.800","5","0","75 09:33.270","9","0","0","0","67301","0","0","0","N","0","0","0","1","67301","0","","6.0","100.0","1","N","N","Y","0","","0","0","1","","0","Y","","3","0","0","0","0","0","1","2","1","3","","03","","N","","","","","","","","","",""