"CRN","ARRIVAL_TM","AUTOMOBILE_COUNT","BELTED_DEATH_COUNT","BELTED_SUSP_SERIOUS_INJ_COUNT","BICYCLE_COUNT","BICYCLE_DEATH_COUNT","BICYCLE_SUSP_SERIOUS_INJ_COUNT","BUS_COUNT","CHLDPAS_DEATH_COUNT","CHLDPAS_SUSP_SERIOUS_INJ_COUNT","COLLISION_TYPE","COMM_VEH_COUNT","CONS_ZONE_SPD_LIM","COUNTY","CRASH_MONTH","CRASH_YEAR","DAY_OF_WEEK","DEC_LATITUDE","DEC_LONGITUDE","DISPATCH_TM","DISTRICT","DRIVER_COUNT_16YR","DRIVER_COUNT_17YR","DRIVER_COUNT_18YR","DRIVER_COUNT_19YR","DRIVER_COUNT_20YR","DRIVER_COUNT_50_64YR","DRIVER_COUNT_65_74YR","DRIVER_COUNT_75PLUS","EST_HRS_CLOSED","FATAL_COUNT","HEAVY_TRUCK_COUNT","HORSE_BUGGY_COUNT","HOUR_OF_DAY","ILLUMINATION","INJURY_COUNT","INTERSECTION_RELATED","INTERSECT_TYPE","LANE_CLOSED","LATITUDE","LN_CLOSE_DIR","LOCATION_TYPE","LONGITUDE","MAX_SEVERITY_LEVEL","MCYCLE_DEATH_COUNT","MCYCLE_SUSP_SERIOUS_INJ_COUNT","MOTORCYCLE_COUNT","MUNICIPALITY","NONMOTR_COUNT","NONMOTR_DEATH_COUNT","NONMOTR_SUSP_SERIOUS_INJ_COUNT","NTFY_HIWY_MAINT","PED_COUNT","PED_DEATH_COUNT","PED_SUSP_SERIOUS_INJ_COUNT","PERSON_COUNT","POLICE_AGCY","POSSIBLE_INJ_COUNT","RDWY_SURF_TYPE_CD","RELATION_TO_ROAD","ROADWAY_CLEARED","ROAD_CONDITION","SCH_BUS_IND","SCH_ZONE_IND","SECONDARY_CRASH","SMALL_TRUCK_COUNT","SPEC_JURIS_CD","SUSP_MINOR_INJ_COUNT","SUSP_SERIOUS_INJ_COUNT","SUV_COUNT","TCD_FUNC_CD","TCD_TYPE","TFC_DETOUR_IND","TIME_OF_DAY","TOTAL_UNITS","TOT_INJ_COUNT","UNBELTED_OCC_COUNT","UNB_DEATH_COUNT","UNB_SUSP_SERIOUS_INJ_COUNT","UNK_INJ_DEG_COUNT","UNK_INJ_PER_COUNT","URBAN_RURAL","VAN_COUNT","VEHICLE_COUNT","WEATHER1","WEATHER2","WORKERS_PRES","WORK_ZONE_IND","WORK_ZONE_LOC","WORK_ZONE_TYPE","WZ_CLOSE_DETOUR","WZ_FLAGGER","WZ_LAW_OFFCR_IND","WZ_LN_CLOSURE","WZ_MOVING","WZ_OTHER","WZ_SHLDER_MDN","WZ_WORKERS_INJ_KILLED"
"2022117419","1221","1","0","0","0","0","0","0","0","0","2","0","","67","12","2022","1","40.055611","-75.181306","1218","6","0","0","0","0","0","0","1","0","","0","0","0","","","1","","1","","40 03:20.200","","0","75 10:52.700","3","0","0","0","67301","0","0","0","N","0","0","0","2","67301","0","","1.0","","9","N","N","N","0","","1","0","1","","3","","","2","1","0","0","0","0","0","2","0","2","","98","","N","","","","","","","","","",""
"2022124330","0210","1","0","0","0","0","0","0","0","0","7","0","","67","12","2022","3","39.950458","-75.226856","0210","6","0","0","0","0","0","0","0","0","","0","0","0","","","1","","1","","39 57:01.650","","0","75 13:36.680","2","0","0","0","67301","0","0","0","N","0","0","0","1","67301","0","","4.0","","1","N","N","N","0","","0","1","0","","2","","","1","1","1","0","1","0","0","2","0","1","","03","","N","","","","","","","","","",""
"2022115855","0402","1","0","0","0","0","0","0","0","0","7","0","","67","11","2022","4","39.932086","-75.200051","0402","6","0","0","0","0","0","0","0","0","","0","0","0","","","0","N","0","","39 55:55.511","3","0","75 12:00.182","0","0","0","0","67301","0","0","0","N","0","0","0","2","68K01","0","","3.0","410.0","1","N","N","N","0","","0","0","1","","0","N","","2","0","0","0","0","0","0","2","0","2","","03","","N","","","","","","","","","",""
"2022113333","1957","0","0","0","0","0","0","0","0","0","7","0","","67","11","2022","1","39.892889","-75.223528","1947","6","0","0","0","0","0","0","0","0","","0","0","0","","","1","N","0","","39 53:34.400","","1","75 13:24.700","3","0","0","0","67301","0","0","0","N","0","0","0","1","67301","0","","4.0","","9","N","N","N","0","","1","0","1","","0","","","1","1","1","0","0","0","0","2","0","1","","07","","N","","","","","","","","","",""
"2022117412","0216","1","0","0","0","0","0","0","0","0","4","0","","67","12","2022","7","39.923861","-75.224972","0215","6","0","0","0","0","0","0","0","0","","0","0","0","","","1","","1","","39 55:25.900","","0","75 13:29.900","3","0","0","0","67301","0","0","0","N","0","0","0","2","67301","0","","1.0","","1","N","N","N","1","","1","0","0","","1","","","3","1","0","0","0","0","1","2","1","3","","03","","N","","","","","","","","","",""
"2022118586","0740","1","0","0","0","0","0","0","0","0","4","0","","67","12","2022","2","39.923426","-75.237396","0738","6","0","0","0","1","0","0","0","0","","0","0","0","","","1","","2","","39 55:24.333","","0","75 14:14.625","3","0","0","0","67301","0","0","0","N","0","0","0","5","67301","0","","1.0","","1","N","N","N","0","","1","0","1","","0","","","2","1","5","0","0","0","1","2","0","2","","03","","N","","","","","","","","","",""
"2022123557","0059","0","0","0","0","0","0","0","0","0","5","0","","67","12","2022","1","39.98766","-75.089449","0037","6","0","0","0","0","0","0","0","0","","0","0","0","","","3","N","0","","39 59:15.576","","0","75 05:22.016","3","0","0","0","67301","0","0","0","N","0","0","0","3","68K01","2","","1.0","","1","N","N","N","0","","1","0","2","","0","","","2","3","0","0","0","0","0","2","0","2","","","","N","","","","","","","","","",""
"2022122921","0440","3","0","0","0","0","0","0","0","0","4","0","","67","12","2022","6","40.014637","-75.069587","0437","6","0","0","0","0","0","0","0","0","","0","0","0","","","1","","1","","40 00:52.693","1","0","75 04:10.513","3","0","0","0","67301","0","0","0","N","0","0","0","2","67301","0","","1.0","500.0","9","N","N","N","0","","1","0","1","","3","N","","5","1","1","0","0","0","0","2","1","5","","","","N","","","","","","","","","",""
"2022122918","1744","0","0","0","0","0","0","0","0","0","5","0","","67","12","2022","5","40.0825","-74.986667","1741","6","0","0","0","0","0","1","0","0","","0","0","0","","","0","N","0","","40 04:57.000","","0","74 59:12.000","9","0","0","0","67301","0","0","0","N","0","0","0","1","67301","0","","6.0","","9","N","N","Y","0","","0","0","2","","0","","","2","0","0","0","0","0","1","2","0","2","","07","","N","","","","","","","","","",""
"2022097575","1654","0","0","0","0","0","0","0","0","0","8","0","","67","10","2022","5","39.915899","-75.164491","1654","6","0","0","0","0","0","0","0","0","","0","0","0","","","1","","1","","39 54:57.236","","0","75 09:52.167","2","0","0","0","67301","1","0","1","N","1","0","1","2","67301","0","","1.0","","1","N","N","N","0","","0","1","0","","2","","","2","1","0","0","0","0","0","2","0","1","","03","","N","","","","","","","","","",""
"2022123937","2144","1","0","0","0","0","0","0","0","0","7","0","","67","12","2022","1","40.010654","-75.184491","2142","6","0","0","0","0","0","0","0","0","","0","0","0","","","2","N","0","","40 00:38.353","","0","75 11:04.169","3","0","0","0","67301","0","0","0","N","0","0","0","2","67301","0","","3.0","","2","N","N","N","0","","2","0","0","","0","","","1","2","0","0","0","0","0","2","0","1","","","","N","","","","","","","","","",""
"2022112900","1158","0","0","0","0","0","0","0","0","0","4","0","","67","11","2022","1","39.996139","-75.202306","1157","6","0","0","0","0","0","1","0","0","","0","0","0","","","1","N","0","","39 59:46.100","","7","75 12:08.300","3","0","0","0","67301","0","0","0","N","0","0","0","2","67301","0","","1.0","","9","N","N","N","0","","1","0","1","","0","","","2","1","0","0","0","0","0","2","1","2","","07","","N","","","","","","","","","",""
"2022124697","1307","0","0","0","0","0","0","0","0","0","5","0","","67","12","2022","3","40.071907","-75.076893","1303","6","0","0","0","0","0","1","1","0","","0","0","0","","","1","N","0","","40 04:18.866","","0","75 04:36.813","3","0","0","0","67301","0","0","0","N","0","0","0","2","67301","0","","1.0","","1","N","N","N","0","","1","0","2","","0","","","2","1","0","0","0","0","0","2","0","2","","03","","N","","","","","","","","","",""
"2022121672","1641","0","0","0","0","0","0","0","0","0","7","0","","67","11","2022","4","40.026955","-75.026153","1631","6","0","0","0","0","0","0","0","0","","0","0","0","","","0","N","0","","40 01:37.038","","0","75 01:34.152","0","0","0","0","67301","0","0","0","N","0","0","0","1","68K01","0","","3.0","","9","N","N","N","0","","0","0","0","","0","","","1","0","1","0","0","0","0","2","1","1","","","","N","","","","","","","","","",""
"2022122655","1325","2","0","0","0","0","0","0","0","0","4","0","","67","12","2022","4","40.054833","-75.157163","1325","6","0","0","0","0","0","0","0","0","","0","0","0","","","2","Y","0","","40 03:17.398","","0","75 09:25.787","3","0","0","0","67301","0","0","0","N","0","0","0","4","67301","0","","1.0","","1","N","N","N","0","","2","0","0","","2","","","2","2","0","0","0","0","1","2","0","2","","03","","N","","","","","","","","","",""
"2022119861","0901","0","0","0","0","0","0","0","0","0","7","0","","67","11","2022","5","39.893104","-75.22603","0850","6","0","0","0","0","0","0","0","0","","0","0","0","","","1","N","0","","39 53:35.174","2","8","75 13:33.708","3","0","0","1","67301","0","0","0","N","0","0","0","1","68K01","0","","4.0","946.0","1","N","N","N","0","","1","0","0","","0","Y","","1","1","0","0","0","0","0","2","0","1","","","","N","","","","","","","","","",""
"2022124551","2055","0","0","0","0","0","0","1","0","0","8","1","","67","12","2022","4","39.955861","-75.191444","2043","6","0","0","0","0","0","0","0","0","","0","0","0","","","1","","1","","39 57:21.100","","0","75 11:29.200","8","0","0","0","67301","1","0","0","N","1","0","0","2","67508","0","","1.0","","1","N","N","N","0","","0","0","0","","2","","","2","1","0","0","0","1","0","2","0","1","","98","","N","","","","","","","","","",""
"2022124083","1140","0","0","0","0","0","0","0","0","0","3","0","","67","12","2022","3","40.010517","-75.195425","1130","6","0","0","0","0","0","1","0","0","","0","0","0","","","0","N","0","","40 00:37.860","4","0","75 11:43.530","0","0","0","0","67301","0","0","0","N","0","0","0","1","67301","0","","6.0","1215.0","1","N","N","N","0","","0","0","2","","0","N","","3","0","1","0","0","0","0","2","1","3","","03","","N","","","","","","","","","",""
"2022115115","1930","0","0","0","0","0","0","0","0","0","8","0","","67","11","2022","3","39.970194","-75.135806","1930","6","0","0","0","0","0","0","0","0","","0","0","0","","","1","N","0","","39 58:12.700","","1","75 08:08.900","8","0","0","0","67301","1","0","0","N","1","0","0","3","67301","0","","1.0","","1","N","N","N","0","","0","0","1","","0","","","2","1","0","0","0","1","0","2","0","1","","03","","N","","","","","","","","","",""
"2022124497","2138","1","0","0","0","0","0","0","0","0","1","0","","67","12","2022","3","40.055371","-75.047765","2137","6","0","0","0","0","0","0","0","1","","0","0","0","","","1","Y","0","","40 03:19.335","1","0","75 02:51.954","3","0","0","0","67301","0","0","0","N","0","0","0","2","67301","0","","1.0","2200.0","1","N","N","N","0","","1","0","0","","2","N","","2","1","0","0","0","0","0","2","1","2","","","","N","","","","","","","","","",""
"2022112220","1925","2","0","0","0","0","0","0","0","0","2","0","","67","11","2022","1","40.061956","-75.014261","1917","6","0","0","0","0","0","0","0","1","","0","0","0","","","1","N","0","","40 03:43.040","","0","75 00:51.340","3","0","0","0","67301","0","0","0","N","0","0","0","1","67301","0","","6.0","","1","N","N","N","0","","1","0","1","","0","","","3","1","0","0","0","0","0","2","0","3","","03","","N","","","","","","","","","",""
"2022120914","1313","1","0","0","0","0","0","0","0","0","8","0","","67","12","2022","1","39.971302","-75.127081","1313","6","0","0","0","0","0","0","0","0","","0","0","0","","","1","","1","","39 58:16.688","","0","75 07:37.492","4","0","0","0","67301","1","0","0","N","1","0","0","2","67301","1","","1.0","","1","N","N","N","0","","0","0","0","","2","","","2","1","1","0","0","0","0","2","0","1","","03","","N","","","","","","","","","",""
"2022122922","1808","2","0","0","0","0","0","0","0","0","4","0","","67","12","2022","6","40.008888","-75.071869","1803","6","0","0","0","0","0","0","1","0","","0","0","0","","","0","","5","","40 00:31.996","2","0","75 04:18.728","9","0","0","0","67301","0","0","0","N","0","0","0","4","67301","0","","1.0","100.0","2","N","N","N","0","","0","0","0","","2","N","","2","0","0","0","0","0","1","2","0","2","","","","N","","","","","","","","","",""
"2022112933","1321","1","0","0","0","0","0","0","0","0","1","0","","67","11","2022","1","40.01915","-75.190622","1317","6","0","0","0","0","1","0","0","0","","0","0","0","","","0","N","0","","40 01:08.940","","0","75 11:26.239","0","0","0","0","67301","0","0","0","N","0","0","0","2","67301","0","","1.0","","9","N","N","N","0","","0","0","1","","0","","","3","0","0","0","0","0","0","2","0","2","","07","","N","","","","","","","","","",""
"2022122648","0820","0","0","0","0","0","0","0","0","0","4","0","","67","12","2022","4","40.059496","-75.080553","0810","6","0","0","0","0","0","1","0","0","","0","0","0","","","3","","1","","40 03:34.187","3","0","75 04:49.989","3","0","0","0","67301","0","0","0","N","0","0","0","3","67301","0","","1.0","930.0","1","N","N","N","0","","3","0","1","","2","N","","2","3","0","0","0","0","0","2","1","2","","03","","N","","","","","","","","","",""
"2022123136","0233","1","0","0","0","0","0","0","0","0","4","0","","67","12","2022","7","40.027194","-75.151242","0223","6","0","0","0","0","0","0","0","0","","0","0","0","","","0","","1","","40 01:37.898","","0","75 09:04.471","9","0","0","0","67301","0","0","0","N","0","0","0","2","67301","0","","1.0","","1","N","N","N","0","","0","0","1","","2","","","2","0","1","0","0","0","1","2","0","2","","03","","N","","","","","","","","","",""
"2022116353","0245","2","0","0","0","0","0","0","0","0","4","0","","67","11","2022","1","39.949784","-75.207141","0242","6","0","0","0","0","0","0","0","0","","0","0","0","","","1","","1","","39 56:59.221","2","0","75 12:25.709","8","0","0","0","67301","0","0","0","N","0","0","0","3","67301","0","","1.0","330.0","1","N","N","N","0","","0","0","0","","2","N","","2","1","0","0","0","1","0","2","0","2","","03","","N","","","","","","","","","",""
"2022118746","1636","0","0","0","0","0","0","0","0","0","8","0","","67","12","2022","3","40.052972","-75.007139","1633","6","0","0","0","0","0","0","1","0","","0","0","0","","","1","N","0","","40 03:10.700","","0","75 00:25.700","8","0","0","0","67301","1","0","0","N","1","0","0","2","67301","0","","1.0","","1","N","N","N","0","","0","0","1","","0","","","2","1","0","0","0","1","0","2","0","1","","","","N","","","","","","","","","",""
"2022122654","2015","2","0","0","0","0","0","0","0","0","1","0","","67","12","2022","5","39.908713","-75.241996","2011","6","0","0","0","0","0","1","0","0","","0","0","0","","","2","N","0","","39 54:31.367","","0","75 14:31.187","3","0","0","0","67301","0","0","0","N","0","0","0","3","67301","0","","1.0","","9","N","N","N","0","","2","0","0","","0","","","2","2","0","0","0","0","0","2","0","2","","98","","N","","","","","","","","","",""
"2022112126","1728","1","0","0","0","0","0","0","0","0","1","0","","67","11","2022","3","39.973973","-75.118543","1707","6","0","0","0","0","0","1","0","0","","0","0","0","","","0","N","0","","39 58:26.303","1","0","75 07:06.756","0","0","0","0","67301","0","0","0","N","0","0","0","2","68K01","0","","1.0","1735.0","1","N","N","N","0","","0","0","1","","0","N","","2","0","0","0","0","0","0","2","0","2","","","","N","","","","","","","","","",""
"2022095341","1957","0","0","0","0","0","0","0","0","0","1","0","","67","10","2022","5","39.945152","-75.142029","1954","6","0","0","0","0","0","1","0","0","","0","0","0","","","1","","2","","39 56:42.548","","0","75 08:31.305","8","0","0","0","67301","0","0","0","N","0","0","0","2","67301","0","","1.0","","9","N","N","N","0","","0","0","0","","2","","","2","1","0","0","0","1","0","2","1","2","","","","N","","","","","","","","","",""
"2022118743","1156","1","0","0","0","0","0","0","0","0","4","0","","67","12","2022","4","40.098306","-75.047139","1155","6","0","0","0","0","0","0","0","0","","0","0","0","","","3","","1","","40 05:53.900","4","0","75 02:49.700","3","0","0","0","67301","0","0","0","N","0","0","0","4","67301","1","","1.0","55.0","1","N","N","N","0","","2","0","1","","2","N","","2","3","0","0","0","0","0","2","0","2","","","","N","","","","","","","","","",""
"2022121946","1105","1","0","0","0","0","0","0","0","0","7","0","","67","11","2022","2","39.954214","-75.244405","1057","6","0","0","0","0","0","0","0","0","","0","0","0","","","0","","1","","39 57:15.170","","0","75 14:39.857","9","0","0","0","67301","0","0","0","N","0","0","0","1","67301","0","","5.0","","1","N","N","N","0","","0","0","0","","3","","","1","0","0","0","0","0","1","2","0","1","","","","N","","","","","","","","","",""
"2022122398","2300","0","0","0","0","0","0","0","0","0","1","0","","67","12","2022","6","40.00866","-75.068532","2300","6","0","0","0","0","0","0","1","0","","0","0","0","","","0","N","0","","40 00:31.176","","0","75 04:06.715","0","0","0","0","67301","0","0","0","N","0","0","0","2","67301","0","","1.0","","1","N","N","N","0","","0","0","2","","0","","","2","0","0","0","0","0","0","2","0","2","","03","","N","","","","","","","","","",""
"2022124493","0138","0","0","0","0","0","0","0","0","0","5","0","","67","12","2022","7","40.018206","-75.055419","0112","6","0","0","0","0","0","0","0","0","","0","0","0","","","0","N","0","","40 01:05.540","7","0","75 03:19.510","0","0","0","0","67301","0","0","0","N","0","0","0","1","67301","0","","6.0","355.0","1","N","N","N","0","","0","0","2","","0","N","","3","0","1","0","0","0","0","2","1","3","","03","","N","","","","","","","","","",""
"2022123032","1643","1","0","0","0","0","0","0","0","0","5","0","","67","12","2022","7","40.027808","-75.114811","1641","6","0","0","0","0","0","0","0","0","","0","0","0","","","0","N","0","","40 01:40.110","","0","75 06:53.320","9","0","0","0","67301","0","0","0","N","0","0","0","1","67301","0","","6.0","","1","N","N","N","0","","0","0","2","","0","","","3","0","0","0","0","0","1","2","0","3","","03","","N","","","","","","","","","",""
"2022110558","0009","0","0","0","0","0","0","0","0","0","4","0","","67","10","2022","7","39.991088","-75.132854","0009","6","0","0","0","0","0","0","0","0","","0","0","0","","","1","","1","","39 59:27.916","","0","75 07:58.276","3","0","0","1","67301","0","0","0","N","0","0","0","2","67301","0","","1.0","","9","N","N","N","0","","1","0","1","","2","","","2","1","0","0","0","0","0","2","0","2","","07","","N","","","","","","","","","",""
"2022110924","1120","3","0","0","0","0","0","0","0","0","4","0","","67","11","2022","7","40.031302","-75.041637","1117","6","0","0","1","0","0","0","0","0","","0","0","0","","","1","","1","","40 01:52.688","","0","75 02:29.892","3","0","0","0","67301","0","0","0","N","0","0","0","2","67301","0","","1.0","","1","N","N","N","1","","1","0","1","","3","","","5","1","0","0","0","0","0","2","0","5","","03","","N","","","","","","","","","",""
"2022114515","2034","1","0","0","0","0","0","0","0","0","1","0","","67","11","2022","4","40.080259","-75.029084","2034","6","0","0","0","0","0","0","0","0","","0","0","0","","","0","Y","0","","40 04:48.931","1","0","75 01:44.703","0","0","0","0","67301","0","0","0","N","0","0","0","5","67301","0","","1.0","2055.0","1","N","N","N","0","","0","0","1","","2","N","","2","0","0","0","0","0","0","2","0","2","","","","N","","","","","","","","","",""
"2022119738","1724","1","0","0","0","0","0","0","0","0","8","0","","67","12","2022","7","39.943028","-75.152139","1718","6","0","0","0","0","0","0","0","0","","0","0","0","","","1","","1","","39 56:34.900","","0","75 09:07.700","3","0","0","0","67301","1","0","0","N","1","0","0","3","67301","0","","1.0","","1","N","N","N","0","","1","0","0","","2","","","2","1","0","0","0","0","2","2","0","1","","03","","N","","","","","","","","","",""
"2022110075","0339","1","0","0","0","0","0","0","0","0","7","0","","67","11","2022","1","39.902499","-75.224775","0338","6","0","0","0","0","0","0","0","0","","0","0","0","","","2","","2","","39 54:08.998","","0","75 13:29.191","2","0","0","0","67301","0","0","0","N","0","0","0","2","67301","0","","4.0","","1","N","N","N","0","","0","2","0","","2","","","1","2","0","0","0","0","0","2","0","1","","03","","N","","","","","","","","","",""
"2022117761","1142","0","0","0","0","0","0","0","0","0","2","0","","67","12","2022","6","39.993806","-75.153306","1139","6","0","0","0","0","0","1","0","0","","0","0","0","","","3","","2","","39 59:37.700","4","0","75 09:11.900","3","0","0","0","67301","0","0","0","N","0","0","0","4","67301","0","","1.0","100.0","1","N","N","N","0","","3","0","2","","3","Y","","2","3","0","0","0","0","0","2","0","2","","03","","N","","","","","","","","","",""
"2022098262","1155","0","0","0","0","0","0","0","0","0","4","0","","67","10","2022","6","39.932011","-75.225186","1155","6","0","0","0","0","0","0","0","0","","0","0","0","","","0","N","0","","39 55:55.240","","7","75 13:30.670","9","0","0","0","67301","0","0","0","N","0","0","0","2","67301","0","","1.0","","1","N","N","N","0","","0","0","2","","0","","","2","0","0","0","0","0","1","2","0","2","","","","N","","","","","","","","","",""
"2022100960","2022","1","0","0","1","0","0","0","0","0","8","0","","67","10","2022","4","39.955497","-75.213652","2020","6","0","0","0","0","0","0","0","0","","0","0","0","","","1","","1","","39 57:19.789","","0","75 12:49.146","3","0","0","0","67301","1","0","0","N","0","0","0","2","67301","0","","1.0","","99","N","N","N","0","","1","0","0","","2","","","2","1","0","0","0","0","1","2","0","1","","98","","N","","","","","","","","","",""
"2022119011","0835","1","0","0","0","0","0","0","0","0","4","0","","67","12","2022","2","40.080722","-75.028472","0832","6","0","0","0","0","0","0","0","0","","0","0","0","","","0","","1","","40 04:50.600","","0","75 01:42.500","0","0","0","0","67301","0","0","0","N","0","0","0","2","67301","0","","1.0","","1","N","N","N","0","","0","0","1","","2","","","2","0","0","0","0","0","0","2","0","2","","03","","N","","","","","","","","","",""
"2022124323","2030","1","0","0","0","0","0","0","0","0","4","0","","67","12","2022","7","39.957398","-75.157071","2024","6","0","0","0","0","0","0","0","0","","0","0","0","","","2","","1","","39 57:26.633","","3","75 09:25.457","4","0","0","0","67301","1","0","0","N","1","0","0","4","67301","1","","1.0","","1","N","N","Y","0","","0","0","2","","2","","","4","2","0","0","0","1","1","2","0","3","","","","N","","","","","","","","","",""
"2022123938","1732","0","0","0","0","0","0","0","0","0","8","0","","67","12","2022","2","40.031105","-75.177789","1732","6","0","0","0","0","0","0","0","0","","0","0","0","","","2","","2","","40 01:51.977","","0","75 10:40.042","3","0","0","0","67301","2","0","0","N","2","0","0","3","67301","0","","1.0","","1","N","N","N","0","","2","0","1","","2","","","3","2","0","0","0","0","1","2","0","1","","03","","N","","","","","","","","","",""
"2022109786","1040","1","0","0","0","0","0","0","0","0","4","0","","67","11","2022","2","39.974002","-75.155068","1040","6","0","0","0","0","0","0","1","0","","0","0","0","","","0","","1","","39 58:26.407","","0","75 09:18.244","9","0","0","0","67301","0","0","0","N","0","0","0","2","67505","0","","1.0","","1","N","N","N","0","","0","0","1","","3","","","2","0","0","0","0","0","1","2","0","2","","03","","N","","","","","","","","","",""
"2022124499","1541","1","0","0","0","0","0","0","0","0","5","0","","67","12","2022","4","40.021603","-75.094033","1540","6","0","0","0","0","0","1","0","0","","0","0","0","","","2","","3","","40 01:17.770","","0","75 05:38.520","3","0","0","0","67301","0","0","0","N","0","0","0","3","67301","0","","1.0","","1","N","N","N","0","","2","0","1","","1","","","2","2","0","0","0","0","0","2","0","2","","03","","N","","","","","","","","","",""
"2022112223","1516","2","0","0","0","0","0","0","0","0","4","0","","67","11","2022","4","40.088176","-74.96751","1515","6","0","0","0","1","0","0","0","0","","0","0","0","","","0","N","0","","40 05:17.433","1","7","74 58:03.036","0","0","0","0","67301","0","0","0","N","0","0","0","3","67301","0","","1.0","100.0","1","N","N","N","0","","0","0","1","","3","N","","3","0","0","0","0","0","0","2","0","3","","03","","N","","","","","","","","","",""
"2022110547","1746","0","0","0","0","0","0","0","0","0","6","0","","67","11","2022","1","40.131067","-75.013754","1746","6","0","0","0","0","0","1","0","0","","0","0","0","","","0","N","0","","40 07:51.841","","0","75 00:49.516","9","0","0","0","67301","0","0","0","N","0","0","0","2","67301","0","","1.0","","1","N","N","N","1","","0","0","1","","0","","","2","0","0","0","0","0","1","2","0","2","","03","","N","","","","","","","","","",""
"2022109487","1053","1","0","0","0","0","0","0","0","0","4","0","","67","11","2022","1","39.97699","-75.155999","1051","6","0","0","0","0","0","0","0","0","","0","0","0","","","0","","1","","39 58:37.164","","0","75 09:21.596","0","0","0","0","67301","0","0","0","N","0","0","0","4","67505","0","","1.0","","1","","","N","0","","0","0","1","","2","","","2","0","0","0","0","0","0","2","0","2","","03","","N","","","","","","","","","",""
"2022110107","0010","1","0","0","0","0","0","0","0","0","4","0","","67","11","2022","3","39.977806","-75.162221","0010","6","0","0","0","0","0","0","0","0","","0","0","0","","","1","","1","","39 58:40.101","4","0","75 09:43.997","8","0","0","0","67301","0","0","0","N","0","0","0","4","67505","0","","1.0","40.0","1","N","N","N","0","","0","0","1","","3","Y","","2","1","2","0","0","1","1","2","0","2","","03","","N","","","","","","","","","",""
"2022118176","1215","1","0","0","0","0","0","0","0","0","4","0","","67","12","2022","7","40.028694","-75.11775","1215","6","0","0","0","0","0","0","1","0","","0","0","0","","","2","","1","","40 01:43.300","","0","75 07:03.900","4","0","0","0","67301","0","0","0","N","0","0","0","2","67301","1","","1.0","","1","N","N","N","0","","0","0","0","","2","","","2","2","1","0","0","1","0","2","1","2","","04","","N","","","","","","","","","",""
"2022112897","0818","1","0","0","0","0","0","0","0","0","4","0","","67","11","2022","5","39.973237","-75.212226","0814","6","0","0","0","0","0","0","0","0","","0","0","0","","","1","","1","","39 58:23.653","","0","75 12:44.012","3","0","0","0","67301","0","0","0","N","0","0","0","2","67301","0","","1.0","","1","N","N","N","0","","1","0","0","","2","","","2","1","1","0","0","0","1","2","0","2","","03","","N","","","","","","","","","",""
"2022112238","0107","2","0","0","0","0","0","0","0","0","4","0","","67","11","2022","1","39.924078","-75.245498","0047","6","0","0","0","0","0","1","0","0","","0","0","0","","","1","","1","","39 55:26.681","","0","75 14:43.794","3","0","0","0","67301","0","0","0","N","0","0","0","2","67301","0","","1.0","","1","N","N","N","0","","1","0","0","","2","","","2","1","0","0","0","0","0","2","0","2","","","","N","","","","","","","","","",""
"2022116674","0427","1","0","0","0","0","0","0","0","0","7","0","","67","11","2022","4","40.021001","-75.16392","0426","6","0","0","0","0","0","0","0","0","","0","0","0","","","0","","1","","40 01:15.603","","0","75 09:50.111","0","0","0","0","67301","0","0","0","N","0","0","0","1","67301","0","","5.0","","1","N","N","N","0","","0","0","0","","3","","","1","0","1","0","0","0","0","2","0","1","","03","","N","","","","","","","","","",""
"2022112219","2108","1","0","0","0","0","0","0","0","0","1","0","","67","11","2022","5","40.127984","-75.013933","2108","6","0","0","0","0","0","3","0","0","","0","0","0","","","0","N","0","","40 07:40.741","1","0","75 00:50.157","0","0","0","0","67301","0","0","0","N","0","0","0","4","67301","0","","1.0","2113.0","1","N","N","N","0","","0","0","3","","0","Y","","4","0","0","0","0","0","0","2","0","4","","","","N","","","","","","","","","",""
"2022116718","0509","1","0","0","0","0","0","0","0","0","4","0","","67","12","2022","7","39.983444","-75.158556","0503","6","0","0","0","0","0","0","0","0","","0","0","0","","","1","","1","","39 59:00.400","4","0","75 09:30.800","8","0","0","0","67301","0","0","0","N","0","0","0","8","67505","0","","1.0","630.0","1","N","N","N","0","","0","0","1","","2","Y","","2","1","2","0","0","1","5","2","0","2","","","","N","","","","","","","","","",""
"2022121958","2350","1","0","0","0","0","0","0","0","0","4","0","","67","11","2022","7","40.00901","-75.11283","2340","6","0","0","0","0","0","0","1","0","","0","0","0","","","1","","1","","40 00:32.436","","0","75 06:46.187","3","0","0","0","67301","0","0","0","N","0","0","0","3","67301","0","","1.0","","1","N","N","N","0","","1","0","0","","2","","","2","1","0","0","0","0","2","2","1","2","","","","N","","","","","","","","","",""
"2022124825","0229","0","0","0","0","0","0","0","0","0","5","0","","67","12","2022","5","40.072689","-75.077561","0226","6","0","0","0","0","0","1","0","0","","0","0","0","","","0","N","0","","40 04:21.680","","0","75 04:39.220","0","0","0","0","67301","0","0","0","N","0","0","0","1","67301","0","","6.0","","1","N","N","N","0","","0","0","2","","0","","","2","0","0","0","0","0","0","2","0","2","","03","","N","","","","","","","","","",""