"CRN","ARRIVAL_TM","AUTOMOBILE_COUNT","BELTED_DEATH_COUNT","BELTED_SUSP_SERIOUS_INJ_COUNT","BICYCLE_COUNT","BICYCLE_DEATH_COUNT","BICYCLE_SUSP_SERIOUS_INJ_COUNT","BUS_COUNT","CHLDPAS_DEATH_COUNT","CHLDPAS_SUSP_SERIOUS_INJ_COUNT","COLLISION_TYPE","COMM_VEH_COUNT","CONS_ZONE_SPD_LIM","COUNTY","CRASH_MONTH","CRASH_YEAR","DAY_OF_WEEK","DEC_LATITUDE","DEC_LONGITUDE","DISPATCH_TM","DISTRICT","DRIVER_COUNT_16YR","DRIVER_COUNT_17YR","DRIVER_COUNT_18YR","DRIVER_COUNT_19YR","DRIVER_COUNT_20YR","DRIVER_COUNT_50_64YR","DRIVER_COUNT_65_74YR","DRIVER_COUNT_75PLUS","EST_HRS_CLOSED","FATAL_COUNT","HEAVY_TRUCK_COUNT","HORSE_BUGGY_COUNT","HOUR_OF_DAY","ILLUMINATION","INJURY_COUNT","INTERSECTION_RELATED","INTERSECT_TYPE","LANE_CLOSED","LATITUDE","LN_CLOSE_DIR","LOCATION_TYPE","LONGITUDE","MAX_SEVERITY_LEVEL","MCYCLE_DEATH_COUNT","MCYCLE_SUSP_SERIOUS_INJ_COUNT","MOTORCYCLE_COUNT","MUNICIPALITY","NONMOTR_COUNT","NONMOTR_DEATH_COUNT","NONMOTR_SUSP_SERIOUS_INJ_COUNT","NTFY_HIWY_MAINT","PED_COUNT","PED_DEATH_COUNT","PED_SUSP_SERIOUS_INJ_COUNT","PERSON_COUNT","POLICE_AGCY","POSSIBLE_INJ_COUNT","RDWY_SURF_TYPE_CD","RELATION_TO_ROAD","ROADWAY_CLEARED","ROAD_CONDITION","SCH_BUS_IND","SCH_ZONE_IND","SECONDARY_CRASH","SMALL_TRUCK_COUNT","SPEC_JURIS_CD","SUSP_MINOR_INJ_COUNT","SUSP_SERIOUS_INJ_COUNT","SUV_COUNT","TCD_FUNC_CD","TCD_TYPE","TFC_DETOUR_IND","TIME_OF_DAY","TOTAL_UNITS","TOT_INJ_COUNT","UNBELTED_OCC_COUNT","UNB_DEATH_COUNT","UNB_SUSP_SERIOUS_INJ_COUNT","UNK_INJ_DEG_COUNT","UNK_INJ_PER_COUNT","URBAN_RURAL","VAN_COUNT","VEHICLE_COUNT","WEATHER1","WEATHER2","WORKERS_PRES","WORK_ZONE_IND","WORK_ZONE_LOC","WORK_ZONE_TYPE","WZ_CLOSE_DETOUR","WZ_FLAGGER","WZ_LAW_OFFCR_IND","WZ_LN_CLOSURE","WZ_MOVING","WZ_OTHER","WZ_SHLDER_MDN","WZ_WORKERS_INJ_KILLED"
"2022113632","2050","2","0","0","0","0","0","0","0","0","5","0","","67","11","2022","7","39.9125","-75.174194","2046","6","0","0","0","0","0","0","0","0","","0","0","0","","","2","","7","","39 54:45.000","","8","75 10:27.100","4","0","0","0","67301","0","0","0","N","0","0","0","4","67501","2","","1.0","","1","N","N","N","0","","0","0","0","","0","","","2","2","0","0","0","0","1","2","0","2","","03","","N","","","","","","","","","",""
"2022122652","1910","1","0","0","0","0","0","0","0","0","7","0","","67","12","2022","5","39.915034","-75.171656","1907","6","0","0","0","0","0","0","1","0","","0","0","0","","","0","N","0","","39 54:54.122","","0","75 10:17.963","0","0","0","0","67301","0","0","0","N","0","0","0","1","67301","0","","3.0","","9","N","N","N","0","","0","0","2","","0","","","3","0","0","0","0","0","0","2","0","3","","","","N","","","","","","","","","",""
"2022121936","1044","0","0","0","0","0","0","0","0","0","8","0","","67","12","2022","3","39.944889","-75.159797","1033","6","0","0","0","0","0","0","0","0","","0","0","0","","","1","","1","","39 56:41.600","","0","75 09:35.270","3","0","0","0","67301","1","0","0","N","1","0","0","2","67301","0","","1.0","","1","N","N","N","0","","1","0","1","","2","","","2","1","0","0","0","0","0","2","0","1","","03","","N","","","","","","","","","",""
"2022119039","2230","2","0","0","0","0","0","0","0","0","1","0","","67","12","2022","4","40.053564","-75.141271","2230","6","0","0","0","0","0","0","0","0","","0","0","0","","","2","N","0","","40 03:12.832","","0","75 08:28.576","3","0","0","0","67301","0","0","0","N","0","0","0","5","67301","0","","1.0","","1","N","N","N","0","","2","0","1","","2","","","3","2","0","0","0","0","1","2","0","3","","","","N","","","","","","","","","",""
"2022112241","0013","1","0","0","0","0","0","0","0","0","1","0","","67","11","2022","4","40.047047","-75.167908","0012","6","0","0","0","0","0","0","0","0","","0","0","0","","","0","N","0","","40 02:49.370","","0","75 10:04.470","0","0","0","0","67301","0","0","0","N","0","0","0","2","67301","0","","6.0","","1","N","N","N","0","","0","0","1","","0","","","3","0","0","0","0","0","0","2","0","2","","","","N","","","","","","","","","",""
"2022114242","2011","1","0","0","0","0","0","0","0","0","6","0","","67","11","2022","7","40.013814","-75.192196","1954","6","0","0","0","0","0","0","0","1","","0","0","0","","","0","N","0","","40 00:49.730","","0","75 11:31.907","0","0","0","0","67301","0","0","0","N","0","0","0","2","67301","0","","6.0","","1","N","N","N","0","","0","0","1","","0","","","2","0","0","0","0","0","0","2","0","2","","03","","N","","","","","","","","","",""
"2022124681","0715","2","0","0","0","0","0","0","0","0","1","0","","67","12","2022","4","40.014212","-75.056125","0656","6","0","0","0","0","0","2","0","0","","0","0","0","","","0","N","0","","40 00:51.164","","0","75 03:22.049","0","0","0","0","67301","0","0","0","N","0","0","0","5","68K01","0","","1.0","","1","N","N","N","0","","0","0","2","","0","","","5","0","0","0","0","0","0","2","1","5","","03","","N","","","","","","","","","",""
"2022109623","1710","1","0","0","0","0","0","0","0","0","8","0","","67","11","2022","7","40.036973","-75.175788","1704","6","0","0","0","0","0","1","0","0","","0","0","0","","","1","N","0","","40 02:13.104","1","0","75 10:32.837","3","0","0","0","67301","1","0","0","N","1","0","0","2","67301","0","","1.0","25.0","1","N","N","N","0","","1","0","0","","0","N","","2","1","0","0","0","0","0","2","0","1","","03","","N","","","","","","","","","",""
"2022112203","1055","0","0","0","0","0","0","0","0","0","1","0","","67","11","2022","7","39.91442","-75.15306","1053","6","0","0","0","0","0","1","0","1","","0","0","0","","","3","","2","","39 54:51.912","","0","75 09:11.017","8","0","0","0","67301","0","0","0","N","0","0","0","3","67301","0","","1.0","","1","N","N","N","0","","0","0","1","","2","","","2","3","0","0","0","3","0","2","1","2","","","","N","","","","","","","","","",""
"2022112663","0836","0","0","0","0","0","0","0","0","0","5","0","","67","11","2022","2","39.96741","-75.189113","0830","6","0","0","0","0","0","0","0","0","","0","0","0","","","1","N","0","","39 58:02.677","","0","75 11:20.807","3","0","0","0","67301","0","0","0","N","0","0","0","2","68K01","0","","2.0","","1","N","N","N","1","","1","0","0","","0","","","2","1","0","0","0","0","0","2","1","2","","","","N","","","","","","","","","",""
"2022113745","0851","1","0","0","0","0","0","0","0","0","7","0","","67","11","2022","4","39.91984","-75.201452","0849","6","0","0","0","0","0","0","0","0","","0","0","0","","","1","N","0","","39 55:11.423","","3","75 12:05.227","3","0","0","0","67301","0","0","0","N","0","0","0","2","67301","0","","3.0","","9","N","N","N","0","","1","0","0","","0","","","1","1","0","0","0","0","0","2","0","1","","07","","N","","","","","","","","","",""
"2022118316","1738","2","0","0","0","0","0","0","0","0","4","0","","67","12","2022","1","39.974699","-75.160484","1726","6","0","0","0","0","0","0","0","0","","0","0","0","","","0","","1","","39 58:28.917","","0","75 09:37.744","0","0","0","0","67301","0","0","0","N","0","0","0","2","67301","0","","1.0","","9","N","N","N","0","","0","0","0","","2","","","3","0","0","0","0","0","0","2","1","3","","07","","N","","","","","","","","","",""
"2022110073","0209","1","0","0","0","0","0","0","0","0","1","0","","67","11","2022","1","39.953809","-75.166611","0208","6","0","0","0","0","0","0","0","0","","0","0","0","","","1","","1","","39 57:13.712","","0","75 09:59.800","3","0","0","0","67301","0","0","0","N","0","0","0","2","67301","0","","1.0","","1","N","N","N","0","","1","0","1","","2","","","2","1","0","0","0","0","0","2","0","2","","03","","N","","","","","","","","","",""
"2022112211","1121","1","0","0","0","0","0","0","0","0","4","0","","67","11","2022","4","39.956562","-75.15133","1107","6","0","0","0","0","0","0","1","0","","0","0","0","","","1","","2","","39 57:23.624","1","0","75 09:04.788","3","0","0","0","67301","0","0","0","N","0","0","0","3","67301","0","","1.0","1145.0","1","N","N","N","0","","1","0","1","","2","N","","2","1","0","0","0","0","0","2","0","2","","","","N","","","","","","","","","",""
"2022122777","0835","3","0","0","0","0","0","0","0","0","5","0","","67","12","2022","5","40.0723","-75.178912","0835","6","0","0","0","0","0","1","0","0","","0","0","0","","","0","N","0","","40 04:20.281","","0","75 10:44.084","0","0","0","0","67301","0","0","0","N","0","0","0","1","67301","0","","6.0","","2","N","N","N","0","","0","0","0","","0","","","3","0","0","0","0","0","0","2","0","3","","04","","N","","","","","","","","","",""
"2022119589","2220","2","0","0","0","0","0","0","0","0","4","0","","67","12","2022","1","40.010456","-75.155886","2212","6","0","0","0","0","0","0","0","0","","0","0","0","","","0","N","0","","40 00:37.640","","0","75 09:21.190","9","0","0","0","67301","0","0","0","N","0","0","0","1","67301","0","","4.0","","9","N","N","N","1","","0","0","1","","0","","","4","0","0","0","0","0","1","2","0","4","","","","N","","","","","","","","","",""
"2022123671","2328","1","0","0","0","0","0","0","0","0","4","0","","67","11","2022","5","39.987214","-75.178905","2321","6","0","0","0","0","0","0","0","0","","0","0","0","","","2","","2","","39 59:13.970","1","0","75 10:44.058","8","0","0","0","67301","0","0","0","N","0","0","0","6","67301","0","","1.0","120.0","1","N","N","N","1","","0","0","0","","0","N","","3","2","0","0","0","2","4","2","1","3","","03","","N","","","","","","","","","",""
"2022125108","1811","1","0","0","0","0","0","0","0","0","4","0","","67","12","2022","3","40.039531","-75.129827","1811","6","0","0","0","1","0","0","0","0","","0","0","0","","","2","","1","","40 02:22.311","","0","75 07:47.377","3","0","0","0","67301","0","0","0","N","0","0","0","2","67301","0","","1.0","","1","N","N","N","0","","2","0","1","","2","","","2","2","0","0","0","0","0","2","0","2","","","","N","","","","","","","","","",""
"2022123261","1830","1","0","0","0","0","0","0","0","0","7","0","","67","12","2022","7","39.936522","-75.219156","1824","6","0","0","0","1","0","0","0","0","","0","0","0","","","0","N","0","","39 56:11.480","","0","75 13:08.960","0","0","0","0","67301","0","0","0","N","0","0","0","2","67301","0","","5.0","","1","N","N","N","0","","0","0","0","","0","","","1","0","0","0","0","0","0","2","0","1","","","","N","","","","","","","","","",""
"2022111432","1135","0","0","0","0","0","0","0","0","0","5","0","","67","11","2022","1","40.026544","-75.026269","1126","6","0","0","0","0","1","0","0","0","","0","0","0","","","0","N","0","","40 01:35.557","","0","75 01:34.570","0","0","0","0","67301","0","0","0","N","0","0","0","2","68K01","0","","1.0","","1","N","N","N","0","","0","0","2","","0","","","2","0","0","0","0","0","0","2","0","2","","03","","N","","","","","","","","","",""
"2022122936","1114","0","0","0","0","0","0","0","0","0","8","0","","67","12","2022","2","39.954826","-75.217894","1059","6","0","0","0","0","0","0","0","0","","0","0","0","","","1","","1","","39 57:17.373","","0","75 13:04.418","3","0","0","0","67301","1","0","0","N","1","0","0","2","67301","0","","1.0","","1","N","Y","N","0","","1","0","0","","2","","","2","1","0","0","0","0","1","2","0","1","","","","N","","","","","","","","","",""
"2022098156","1856","0","0","0","0","0","0","0","0","0","4","0","","67","10","2022","6","39.958705","-75.233331","1854","6","0","0","0","0","0","1","0","0","","0","0","0","","","1","","1","","39 57:31.337","","0","75 13:59.991","3","0","0","0","67301","0","0","0","N","0","0","0","2","67301","0","","1.0","","1","N","N","N","0","","1","0","2","","3","","","2","1","0","0","0","0","1","2","0","2","","","","N","","","","","","","","","",""
"2022099317","1651","1","0","0","0","0","0","0","0","0","4","0","","67","10","2022","2","39.951601","-75.210775","1647","6","0","0","0","0","0","1","1","0","","0","0","0","","","0","","1","","39 57:05.763","","0","75 12:38.790","0","0","0","0","67301","0","0","0","N","0","0","0","2","67301","0","","1.0","","9","N","N","N","0","","0","0","1","","3","","","2","0","0","0","0","0","0","2","0","2","","07","","N","","","","","","","","","",""
"2022115450","0047","3","0","0","0","0","0","0","0","0","5","0","","67","11","2022","7","39.999846","-75.229268","0047","6","0","0","0","0","0","2","0","0","","0","0","0","","","1","N","0","","39 59:59.444","","0","75 13:45.366","3","0","0","0","67301","0","0","0","N","0","0","0","5","67301","0","","1.0","","1","N","N","N","0","","1","0","2","","0","","","5","1","1","0","0","0","0","2","0","5","","03","","N","","","","","","","","","",""
"2022124082","0055","0","0","0","0","0","0","0","0","0","4","0","","67","12","2022","1","40.027601","-75.174718","0050","6","0","0","0","0","0","0","0","0","","0","0","0","","","1","","2","","40 01:39.363","","0","75 10:28.984","3","0","0","0","67301","0","0","0","N","0","0","0","1","67301","0","","1.0","","1","N","N","N","0","","1","0","1","","0","","","2","1","0","0","0","0","0","2","1","2","","03","","N","","","","","","","","","",""
"2022115020","1945","0","0","0","0","0","0","0","0","0","7","0","","67","11","2022","7","39.912333","-75.173861","1941","6","0","0","0","0","0","0","0","0","","0","0","0","","","0","N","0","","39 54:44.400","","2","75 10:25.900","0","0","0","0","67301","0","0","0","N","0","0","0","2","67501","0","","4.0","","1","N","N","N","0","","0","0","1","","0","","","1","0","0","0","0","0","0","2","0","1","","","","N","","","","","","","","","",""
"2022123923","0253","3","0","0","0","0","0","0","0","0","1","0","","67","12","2022","7","39.921639","-75.149972","0252","6","0","0","1","0","0","0","0","0","","0","0","0","","","3","N","0","","39 55:17.900","7","0","75 08:59.900","4","0","0","0","67301","0","0","0","N","0","0","0","5","67301","3","","1.0","400.0","1","N","N","N","0","","0","0","0","","0","Y","","3","3","5","0","0","0","0","2","0","3","","03","","N","","","","","","","","","",""
"2022118592","1545","3","0","0","0","0","0","0","0","0","1","0","","67","12","2022","3","40.075722","-75.193722","1543","6","0","0","0","0","1","1","1","0","","0","0","0","","","0","N","0","","40 04:32.600","2","0","75 11:37.400","0","0","0","0","67301","0","0","0","N","0","0","0","4","67301","0","","1.0","1655.0","1","N","N","N","0","","0","0","1","","0","N","","4","0","0","0","0","0","0","2","0","4","","03","","N","","","","","","","","","",""
"2022118593","2052","1","0","0","0","0","0","0","0","0","4","0","","67","12","2022","3","40.075469","-75.163817","2052","6","0","0","0","0","0","1","0","0","","0","0","0","","","3","","1","","40 04:31.690","","0","75 09:49.740","3","0","0","0","67301","0","0","0","N","0","0","0","4","67301","0","","1.0","","1","N","N","N","0","","3","0","1","","3","","","3","3","1","0","0","0","0","2","1","3","","03","","N","","","","","","","","","",""
"2022125114","1205","1","0","0","0","0","0","0","0","0","7","0","","67","12","2022","6","40.027838","-75.184234","1200","6","0","0","0","0","0","0","0","0","","0","0","0","","","0","","2","","40 01:40.218","","0","75 11:03.244","0","0","0","0","67301","0","0","0","N","0","0","0","1","67301","0","","4.0","","1","N","N","N","0","","0","0","0","","0","","","1","0","0","0","0","0","0","2","0","1","","03","","N","","","","","","","","","",""
"2022097873","1835","1","0","0","0","0","0","0","0","0","4","0","","67","10","2022","5","40.134325","-75.009065","1835","6","0","0","0","0","0","1","0","0","","0","0","0","","","1","","1","","40 08:03.571","","0","75 00:32.634","3","0","0","0","67301","0","0","0","N","0","0","0","3","67301","0","","1.0","","1","N","N","N","0","","1","0","2","","2","","","3","1","0","0","0","0","0","2","0","3","","03","","N","","","","","","","","","",""
"2022098727","1950","1","0","0","0","0","0","0","0","0","8","0","","67","10","2022","5","39.943818","-75.158413","1950","6","0","0","0","0","0","0","0","0","","0","0","0","","","1","","1","","39 56:37.743","","0","75 09:30.285","3","0","0","0","67301","1","0","0","N","1","0","0","2","67301","0","","1.0","","1","N","N","N","0","","1","0","0","","2","","","2","1","1","0","0","0","0","2","0","1","","03","","N","","","","","","","","","",""
"2022103326","2100","0","0","0","0","0","0","0","0","0","6","0","","67","10","2022","5","40.036189","-75.155609","2059","6","0","0","0","0","0","1","0","0","","0","0","0","","","2","","2","","40 02:10.280","","0","75 09:20.192","8","0","0","0","67301","0","0","0","N","0","0","0","3","67301","0","","1.0","","9","N","N","N","0","","0","0","2","","0","","","2","2","0","0","0","2","1","2","0","2","","98","","N","","","","","","","","","",""
"2022099887","1830","0","0","0","0","0","0","0","0","0","8","0","","67","10","2022","3","39.967362","-75.128863","1817","6","0","0","0","0","0","0","0","0","","0","0","0","","","1","","5","","39 58:02.502","1","0","75 07:43.907","3","0","0","0","67301","1","0","0","N","1","0","0","2","67301","0","","1.0","1900.0","9","N","N","N","1","","1","0","0","","2","N","","2","1","0","0","0","0","0","2","0","1","","","","N","","","","","","","","","",""
"2022107518","1300","1","0","0","1","0","0","0","0","0","8","0","","67","11","2022","4","39.957292","-75.247874","1230","6","0","0","0","0","0","0","0","0","","0","0","0","","","1","","1","","39 57:26.251","","0","75 14:52.347","3","0","0","0","67301","1","0","0","N","0","0","0","2","67301","0","","1.0","","1","N","N","N","0","","1","0","0","","1","","","2","1","1","0","0","0","0","2","0","1","","03","","N","","","","","","","","","",""
"2022100691","1045","0","0","0","0","0","0","0","0","0","4","0","","67","10","2022","3","39.987037","-75.122353","1045","6","0","0","0","0","0","0","0","0","","0","0","0","","","0","","5","","39 59:13.332","","0","75 07:20.471","0","0","0","0","67301","0","0","0","N","0","0","0","2","67301","0","","1.0","","1","N","N","N","1","","0","0","1","","2","","","2","0","1","0","0","0","0","2","0","2","","03","","N","","","","","","","","","",""
"2022111817","0651","1","0","0","0","0","0","0","0","0","5","0","","67","10","2022","5","39.963594","-75.138934","0646","6","0","0","0","0","1","0","0","0","","0","0","0","","","1","N","0","","39 57:48.937","2","0","75 08:20.164","3","0","0","0","67301","0","0","0","N","0","0","0","2","68K01","0","","1.0","654.0","1","N","N","N","0","","1","0","1","","0","N","","2","1","0","0","0","0","0","2","0","2","","","","N","","","","","","","","","",""
"2022099175","1711","2","0","0","0","0","0","0","0","0","1","0","","67","10","2022","2","40.037084","-75.011336","1708","6","0","0","0","0","0","0","0","0","","0","0","0","","","1","","2","","40 02:13.501","","0","75 00:40.810","4","0","0","0","67301","0","0","0","N","0","0","0","2","67301","1","","1.0","","9","N","N","N","0","","0","0","0","","2","","","2","1","1","0","0","0","0","2","0","2","","07","","N","","","","","","","","","",""
"2022106640","1640","0","0","0","1","0","0","0","0","0","8","0","","67","10","2022","2","40.00194","-75.140075","1640","6","0","0","0","0","0","0","0","0","","0","0","0","","","1","","1","","40 00:06.983","","0","75 08:24.269","3","0","0","0","67301","1","0","0","N","0","0","0","2","67301","0","","1.0","","1","N","N","N","0","","1","0","1","","3","","","2","1","1","0","0","0","1","2","0","1","","03","","N","","","","","","","","","",""
"2022112210","1728","1","0","0","0","0","0","0","0","0","4","0","","67","11","2022","6","39.957337","-75.144132","1728","6","0","0","0","0","0","0","0","0","","0","0","0","","","0","","5","","39 57:26.412","","2","75 08:38.875","9","0","0","0","67301","0","0","0","N","0","0","0","2","67301","0","","1.0","","1","N","N","N","0","","0","0","1","","2","","","2","0","0","0","0","0","1","2","0","2","","03","","N","","","","","","","","","",""
"2022097775","1645","1","0","0","0","0","0","0","0","0","8","0","","67","10","2022","6","","","1635","6","0","0","0","0","0","0","0","1","","0","0","0","","","2","","1","","","","0","","8","0","0","0","67301","2","0","0","N","2","0","0","3","67301","0","","1.0","","1","N","N","N","0","","0","0","0","","3","","","3","2","0","0","0","2","0","1","0","1","","98","","N","","","","","","","","","",""
"2022100958","1530","1","0","0","0","0","0","0","0","0","8","0","","67","10","2022","5","39.959418","-75.245354","1523","6","0","0","0","0","0","0","0","0","","0","0","0","","","1","","1","","39 57:33.904","","0","75 14:43.275","3","0","0","0","67301","1","0","0","N","1","0","0","2","67301","0","","1.0","","1","N","N","N","0","","1","0","0","","2","","","2","1","0","0","0","0","1","2","0","1","","03","","N","","","","","","","","","",""
"2022114600","2004","2","0","0","0","0","0","0","0","0","4","0","","67","11","2022","7","39.953609","-75.198625","2002","6","0","0","0","0","0","0","0","0","","0","0","0","","","0","","1","","39 57:12.991","","0","75 11:55.051","0","0","0","0","67301","0","0","0","N","0","0","0","2","67504","0","","1.0","","1","N","N","N","0","","0","0","0","","2","","","2","0","0","0","0","0","0","2","0","2","","03","","N","","","","","","","","","",""
"2022098890","1812","0","0","0","0","0","0","0","0","0","5","0","","67","10","2022","2","39.917367","-75.246044","1812","6","0","0","0","0","0","0","0","0","","0","0","0","","","1","N","0","","39 55:02.520","","0","75 14:45.760","3","0","0","0","67301","0","0","0","N","0","0","0","2","67301","0","","1.0","","1","N","N","N","0","","1","0","1","","0","","","2","1","2","0","0","0","0","2","1","2","","03","","N","","","","","","","","","",""
"2022108275","2122","1","0","0","0","0","0","0","0","0","1","0","","67","11","2022","5","39.957544","-75.230198","2118","6","0","0","0","0","0","0","0","0","","0","0","0","","","1","N","0","","39 57:27.159","4","0","75 13:48.714","3","0","0","0","67301","0","0","0","N","0","0","0","1","67301","0","","6.0","2235.0","1","N","N","N","0","","1","0","2","","0","Y","","3","1","0","0","0","0","0","2","0","3","","03","","N","","","","","","","","","",""
"2022123207","1552","1","0","0","0","0","0","0","0","0","1","0","","67","10","2022","5","40.039909","-75.006277","1445","6","0","0","0","0","0","1","0","0","","0","0","0","","","0","Y","0","","40 02:23.671","","0","75 00:22.597","0","0","0","0","67301","0","0","0","N","0","0","0","4","68K01","0","","1.0","","1","N","N","N","0","","0","0","3","","0","","","4","0","0","0","0","0","0","2","0","4","","03","","N","","","","","","","","","",""
"2022096746","1546","1","0","0","0","0","0","0","0","0","4","0","","67","10","2022","6","39.97319","-75.159004","1545","6","0","0","0","1","0","0","0","0","","0","0","0","","","0","","1","","39 58:23.483","","0","75 09:32.415","0","0","0","0","67301","0","0","0","N","0","0","0","2","67301","0","","1.0","","1","N","N","N","0","","0","0","1","","2","","","2","0","1","0","0","0","0","2","0","2","","03","","N","","","","","","","","","",""
"2022094907","2329","0","0","0","0","0","0","0","0","0","4","0","","67","10","2022","5","39.984408","-75.15441","2329","6","0","0","0","0","1","0","0","0","","0","0","0","","","1","","1","","39 59:03.868","1","0","75 09:15.876","8","0","0","0","67301","0","0","0","N","0","0","0","3","67505","0","","1.0","5.0","9","N","N","N","0","","0","0","2","","2","Y","","2","1","0","0","0","1","0","2","0","2","","","","N","","","","","","","","","",""
"2022098748","2330","2","0","0","0","0","0","0","0","0","5","0","","67","10","2022","1","40.00035","-75.155825","2324","6","0","0","0","0","0","0","0","0","","0","0","0","","","0","N","0","","40 00:01.260","","0","75 09:20.970","9","0","0","0","67301","0","0","0","N","0","0","0","1","67301","0","","6.0","","9","N","N","N","0","","0","0","1","","0","","","3","0","0","0","0","0","1","2","0","3","","","","N","","","","","","","","","",""
"2022097767","1500","1","0","1","0","0","0","0","0","0","1","0","","67","10","2022","5","39.993462","-75.084655","1455","6","0","0","0","0","0","1","0","0","","0","0","0","","","4","N","0","","39 59:36.464","1","0","75 05:04.758","2","0","0","0","67301","0","0","0","N","0","0","0","5","68K01","1","","1.0","1515.0","1","N","N","N","0","","1","1","3","","0","N","","4","4","0","0","0","1","0","2","0","4","","","","N","","","","","","","","","",""
"2022100631","1555","1","0","0","1","0","0","0","0","0","4","0","","67","10","2022","7","39.951249","-75.199138","1550","6","0","0","0","0","0","0","1","0","","0","0","0","","","2","","1","","39 57:04.496","","0","75 11:56.898","4","0","0","0","67301","2","0","0","N","1","0","0","5","67504","2","","1.0","","1","N","N","N","0","","0","0","0","","2","","","4","2","0","0","0","0","1","2","0","2","","03","","N","","","","","","","","","",""
"2022099889","1716","0","0","0","0","0","0","0","0","0","5","0","","67","10","2022","4","40.042097","-75.119967","1716","6","0","0","0","0","0","0","0","0","","0","0","0","","","0","N","0","","40 02:31.550","","0","75 07:11.880","9","0","0","0","67301","0","0","0","N","0","0","0","1","67301","0","","6.0","","1","N","N","N","1","","0","0","3","","0","","","4","0","0","0","0","0","1","2","0","4","","","","N","","","","","","","","","",""
"2022094520","0000","3","0","0","0","0","0","0","0","0","1","0","","67","10","2022","3","40.058112","-75.18538","2358","6","0","0","0","0","0","0","0","0","","0","0","0","","","0","N","0","","40 03:29.203","","0","75 11:07.367","9","0","0","0","67301","0","0","0","N","0","0","0","1","67301","0","","6.0","","1","N","N","N","0","","0","0","2","","0","","","6","0","0","0","0","0","1","2","1","6","","","","N","","","","","","","","","",""
"2022095236","2104","1","0","0","0","0","0","0","0","0","4","0","","67","10","2022","5","40.010276","-75.159171","2102","6","0","0","0","0","0","0","0","0","","0","0","0","","","1","","1","","40 00:36.993","","0","75 09:33.014","3","0","0","0","67301","0","0","0","N","0","0","0","2","67301","0","","1.0","","9","N","N","N","0","","1","0","1","","2","","","2","1","0","0","0","0","1","2","0","2","","04","","N","","","","","","","","","",""
"2022114680","1550","1","0","0","0","0","0","0","0","0","4","0","","67","11","2022","6","40.001613","-75.11641","1550","6","0","0","0","0","1","0","0","0","","0","0","0","","","1","","1","","40 00:05.806","","0","75 06:59.076","4","0","0","0","67301","0","0","0","N","0","0","0","4","67301","1","","1.0","","9","N","N","N","0","","0","0","2","","2","","","3","1","0","0","0","0","0","2","0","3","","07","","N","","","","","","","","","",""
"2022097573","1701","2","0","0","0","0","0","0","0","0","4","0","","67","10","2022","7","39.935361","-75.154694","1701","6","0","0","0","0","0","1","0","0","","0","0","0","","","2","N","0","","39 56:07.300","","7","75 09:16.900","3","0","0","0","67301","0","0","0","N","0","0","0","3","67301","0","","1.0","","1","N","N","N","0","","2","0","0","","0","","","2","2","0","0","0","0","1","2","0","2","","","","N","","","","","","","","","",""
"2022093305","1924","1","0","0","0","0","0","0","0","0","7","0","","67","10","2022","1","39.954028","-75.140278","1924","6","0","0","0","0","0","0","1","0","","0","0","0","","","1","N","0","","39 57:14.500","4","3","75 08:25.000","3","0","0","0","67301","0","0","0","N","0","0","0","1","67501","0","","3.0","2005.0","1","N","N","N","0","","1","0","0","","0","N","","1","1","0","0","0","0","0","2","0","1","","","","N","","","","","","","","","",""
"2022097446","1241","0","0","0","0","0","0","0","0","0","5","0","","67","10","2022","2","39.973689","-75.249986","1236","6","0","0","0","0","0","0","0","0","","0","0","0","","","0","N","0","","39 58:25.280","1","0","75 14:59.950","0","0","0","0","67301","0","0","0","N","0","0","0","1","67301","0","","6.0","220.0","1","N","N","N","0","","0","0","2","","0","N","","2","0","1","0","0","0","0","2","0","2","","03","","N","","","","","","","","","",""
"2022098738","0320","1","0","0","0","0","0","0","0","0","4","0","","67","10","2022","1","40.020244","-75.114084","0308","6","0","0","0","0","0","0","0","0","","0","0","0","","","1","","1","","40 01:12.880","","0","75 06:50.704","3","0","0","1","67301","0","0","0","N","0","0","0","2","67301","0","","1.0","","1","N","N","N","0","","1","0","0","","2","","","2","1","0","0","0","0","1","2","0","2","","","","N","","","","","","","","","",""
"2022101851","1224","0","0","0","0","0","0","0","0","0","8","0","","67","10","2022","2","39.987724","-75.15583","1210","6","0","0","0","0","0","0","0","0","","0","0","0","","","1","N","0","","39 59:15.807","","0","75 09:20.987","3","0","0","0","67301","1","0","0","N","1","0","0","2","67301","0","","1.0","","1","N","N","N","0","","1","0","1","","0","","","2","1","1","0","0","0","0","2","0","1","","04","","N","","","","","","","","","",""
"2022094263","1506","1","0","0","0","0","0","0","0","0","7","0","","67","10","2022","3","40.039867","-75.164848","1452","6","0","0","0","0","0","0","0","1","","0","0","0","","","1","","2","","40 02:23.521","","0","75 09:53.452","8","0","0","0","67301","0","0","0","N","0","0","0","1","67301","0","","4.0","","1","N","N","N","0","","0","0","0","","3","","","1","1","0","0","0","1","0","2","0","1","","03","","N","","","","","","","","","",""