"CRN","ARRIVAL_TM","AUTOMOBILE_COUNT","BELTED_DEATH_COUNT","BELTED_SUSP_SERIOUS_INJ_COUNT","BICYCLE_COUNT","BICYCLE_DEATH_COUNT","BICYCLE_SUSP_SERIOUS_INJ_COUNT","BUS_COUNT","CHLDPAS_DEATH_COUNT","CHLDPAS_SUSP_SERIOUS_INJ_COUNT","COLLISION_TYPE","COMM_VEH_COUNT","CONS_ZONE_SPD_LIM","COUNTY","CRASH_MONTH","CRASH_YEAR","DAY_OF_WEEK","DEC_LATITUDE","DEC_LONGITUDE","DISPATCH_TM","DISTRICT","DRIVER_COUNT_16YR","DRIVER_COUNT_17YR","DRIVER_COUNT_18YR","DRIVER_COUNT_19YR","DRIVER_COUNT_20YR","DRIVER_COUNT_50_64YR","DRIVER_COUNT_65_74YR","DRIVER_COUNT_75PLUS","EST_HRS_CLOSED","FATAL_COUNT","HEAVY_TRUCK_COUNT","HORSE_BUGGY_COUNT","HOUR_OF_DAY","ILLUMINATION","INJURY_COUNT","INTERSECTION_RELATED","INTERSECT_TYPE","LANE_CLOSED","LATITUDE","LN_CLOSE_DIR","LOCATION_TYPE","LONGITUDE","MAX_SEVERITY_LEVEL","MCYCLE_DEATH_COUNT","MCYCLE_SUSP_SERIOUS_INJ_COUNT","MOTORCYCLE_COUNT","MUNICIPALITY","NONMOTR_COUNT","NONMOTR_DEATH_COUNT","NONMOTR_SUSP_SERIOUS_INJ_COUNT","NTFY_HIWY_MAINT","PED_COUNT","PED_DEATH_COUNT","PED_SUSP_SERIOUS_INJ_COUNT","PERSON_COUNT","POLICE_AGCY","POSSIBLE_INJ_COUNT","RDWY_SURF_TYPE_CD","RELATION_TO_ROAD","ROADWAY_CLEARED","ROAD_CONDITION","SCH_BUS_IND","SCH_ZONE_IND","SECONDARY_CRASH","SMALL_TRUCK_COUNT","SPEC_JURIS_CD","SUSP_MINOR_INJ_COUNT","SUSP_SERIOUS_INJ_COUNT","SUV_COUNT","TCD_FUNC_CD","TCD_TYPE","TFC_DETOUR_IND","TIME_OF_DAY","TOTAL_UNITS","TOT_INJ_COUNT","UNBELTED_OCC_COUNT","UNB_DEATH_COUNT","UNB_SUSP_SERIOUS_INJ_COUNT","UNK_INJ_DEG_COUNT","UNK_INJ_PER_COUNT","URBAN_RURAL","VAN_COUNT","VEHICLE_COUNT","WEATHER1","WEATHER2","WORKERS_PRES","WORK_ZONE_IND","WORK_ZONE_LOC","WORK_ZONE_TYPE","WZ_CLOSE_DETOUR","WZ_FLAGGER","WZ_LAW_OFFCR_IND","WZ_LN_CLOSURE","WZ_MOVING","WZ_OTHER","WZ_SHLDER_MDN","WZ_WORKERS_INJ_KILLED"
"2022110253","0820","0","0","0","0","0","0","0","0","0","8","0","","67","11","2022","5","39.999744","-75.138521","0812","6","0","0","0","0","0","0","0","0","","0","0","0","","","1","","1","","39 59:59.077","","0","75 08:18.677","3","0","0","0","67301","1","0","0","N","1","0","0","2","67301","0","","1.0","","1","N","N","N","0","","1","0","0","","2","","","2","1","1","0","0","0","0","2","1","1","","03","","N","","","","","","","","","",""
"2022101443","1349","0","0","0","0","0","0","0","0","0","5","0","","67","10","2022","5","40.038142","-75.073389","1345","6","0","0","0","0","0","0","0","0","","0","0","0","","","0","N","0","","40 02:17.310","","0","75 04:24.200","0","0","0","0","67301","0","0","0","N","0","0","0","1","67301","0","","6.0","","1","N","N","N","0","","0","0","3","","0","","","3","0","1","0","0","0","0","2","0","3","","03","","N","","","","","","","","","",""
"2022106877","0853","1","0","0","0","0","0","0","0","0","5","0","","67","10","2022","5","39.959407","-75.175099","0836","6","0","0","1","0","0","0","0","0","","0","0","0","","","0","N","0","","39 57:33.866","3","0","75 10:30.357","9","0","0","0","67301","0","0","0","N","0","0","0","7","68K01","0","","1.0","1000.0","1","N","N","N","0","","0","0","2","","0","N","","3","0","0","0","0","0","2","2","0","3","","","","N","","","","","","","","","",""
"2022119277","1830","3","0","0","0","0","0","0","0","0","1","0","","67","11","2022","4","39.957049","-75.245868","1830","6","0","0","0","0","0","0","0","0","","0","0","0","","","2","","1","","39 57:25.376","","0","75 14:45.124","3","0","0","0","67301","0","0","0","N","0","0","0","4","67301","0","","1.0","","1","N","N","N","0","","2","0","1","","2","","","4","2","1","0","0","0","0","2","0","4","","","","N","","","","","","","","","",""
"2022095229","1948","1","0","0","0","0","0","0","0","0","4","0","","67","10","2022","3","40.027987","-75.057417","1938","6","0","0","0","0","0","0","1","0","","0","0","0","","","1","","1","","40 01:40.752","","0","75 03:26.701","3","0","0","0","67301","0","0","0","N","0","0","0","2","67301","0","","1.0","","1","N","N","N","0","","1","0","1","","2","","","2","1","0","0","0","0","0","2","0","2","","","","N","","","","","","","","","",""
"2022101608","1545","0","0","0","0","0","0","0","0","0","8","0","","67","10","2022","2","39.965924","-75.220295","1537","6","0","0","0","0","0","0","0","0","","0","0","0","","","1","","1","","39 57:57.326","","0","75 13:13.062","3","0","0","0","67301","1","0","0","N","1","0","0","2","67301","0","","1.0","","1","N","N","N","0","","1","0","0","","2","","","2","1","0","0","0","0","1","2","0","1","","03","","N","","","","","","","","","",""
"2022107167","1401","0","0","0","0","0","0","0","0","0","2","0","","67","11","2022","2","40.070536","-75.158797","1354","6","0","0","0","0","0","0","0","0","","0","0","0","","","0","N","0","","40 04:13.930","","0","75 09:31.670","0","0","0","0","67301","0","0","0","N","0","0","0","1","67301","0","","1.0","","1","N","N","N","0","","0","0","1","","0","","","2","0","0","0","0","0","0","2","0","2","","","","N","","","","","","","","","",""
"2022099313","1136","1","0","0","0","0","0","0","0","0","4","0","","67","10","2022","5","39.945302","-75.229585","1131","6","0","0","0","0","0","1","0","0","","0","0","0","","","0","","1","","39 56:43.086","5","0","75 13:46.506","9","0","0","0","67301","0","0","0","N","0","0","0","2","67301","0","","1.0","1155.0","1","N","N","Y","0","","0","0","2","","2","N","","4","0","0","0","0","0","1","2","0","4","","03","","N","","","","","","","","","",""
"2022098061","0013","1","0","0","0","0","0","0","0","0","4","0","","67","10","2022","6","39.988441","-75.185381","2355","6","0","0","0","0","0","0","0","0","","0","0","0","","","1","","1","","39 59:18.387","7","0","75 11:07.371","8","0","0","0","67301","0","0","0","N","0","0","0","3","67301","0","","1.0","204.0","1","N","N","N","0","","0","0","1","","3","Y","","2","1","1","0","0","1","0","2","0","2","","03","","N","","","","","","","","","",""
"2022094618","1650","0","0","0","0","0","0","0","0","0","4","0","","67","10","2022","4","40.116674","-75.019906","1640","6","0","2","0","0","0","0","0","0","","0","0","0","","","1","","1","","40 07:00.028","6","0","75 01:11.660","3","0","0","0","67301","0","0","0","N","0","0","0","4","67301","0","","1.0","1530.0","1","N","N","N","0","","1","0","3","","2","Y","","3","1","0","0","0","0","0","2","0","3","","03","","N","","","","","","","","","",""
"2022093815","0240","1","0","0","0","0","0","0","0","0","5","0","","67","10","2022","2","40.019914","-75.150176","0229","6","0","0","0","0","0","0","0","0","","0","0","0","","","0","N","0","","40 01:11.689","","1","75 09:00.635","0","0","0","0","67301","0","0","0","N","0","0","0","4","67301","0","","1.0","","1","N","N","N","0","","0","0","1","","0","","","2","0","0","0","0","0","0","2","0","2","","03","","N","","","","","","","","","",""
"2022108065","1828","1","0","0","0","0","0","0","0","0","4","0","","67","11","2022","3","40.037712","-75.042449","1828","6","0","0","1","1","0","0","0","0","","0","0","0","","","0","","1","","40 02:15.762","","0","75 02:32.815","0","0","0","0","67301","0","0","0","N","0","0","0","2","67301","0","","1.0","","9","N","N","N","0","","0","0","1","","2","","","2","0","2","0","0","0","0","2","0","2","","","","N","","","","","","","","","",""
"2022095490","1615","2","0","0","0","0","0","0","0","0","4","0","","67","10","2022","6","39.962803","-75.164633","1611","6","0","0","0","0","0","2","0","0","","0","0","0","","","1","","1","","39 57:46.089","4","0","75 09:52.678","3","0","0","0","67301","0","0","0","N","0","0","0","2","67301","0","","1.0","1700.0","1","N","N","N","0","","1","0","0","","2","Y","","2","1","0","0","0","0","0","2","0","2","","03","","N","","","","","","","","","",""
"2022093411","1535","1","0","0","0","0","0","0","0","0","4","0","","67","10","2022","1","40.062593","-75.009551","1530","6","0","0","0","0","0","1","0","0","","0","0","0","","","2","","1","","40 03:45.334","","0","75 00:34.383","3","0","0","0","67301","0","0","0","N","0","0","0","2","67301","0","","1.0","","1","N","N","N","0","","2","0","1","","2","","","2","2","0","0","0","0","0","2","0","2","","","","N","","","","","","","","","",""
"2022094885","1042","1","0","0","0","0","0","0","0","0","8","0","","67","10","2022","4","40.045637","-75.128489","1040","6","0","0","0","0","0","0","0","0","","0","0","0","","","1","","1","","40 02:44.292","","0","75 07:42.562","3","0","0","0","67301","1","0","0","N","1","0","0","2","67301","0","","1.0","","1","N","N","N","0","","1","0","0","","2","","","2","1","0","0","0","0","0","2","0","1","","03","","N","","","","","","","","","",""
"2022115553","1202","1","0","0","0","0","0","0","0","0","5","0","","67","10","2022","7","39.967391","-75.132907","1157","6","0","0","0","0","0","0","0","0","","0","0","0","","","1","N","0","","39 58:02.606","","0","75 07:58.464","2","0","1","1","67301","0","0","0","N","0","0","0","2","68K01","0","","1.0","","1","N","N","N","0","","0","1","0","","0","","","2","1","0","0","0","0","0","2","0","2","","","","N","","","","","","","","","",""
"2022118922","1015","0","0","0","0","0","0","0","0","0","1","0","","67","10","2022","7","39.982938","-75.099218","0954","6","0","0","0","0","0","0","1","0","","0","0","0","","","0","N","0","","39 58:58.577","","0","75 05:57.185","0","0","0","0","67301","0","0","0","N","0","0","0","4","68K01","0","","1.0","","1","N","N","N","1","","0","0","3","","0","","","4","0","0","0","0","0","0","2","0","4","","03","","N","","","","","","","","","",""
"2022108770","1332","0","0","0","0","0","0","0","0","0","4","0","","67","10","2022","3","40.016855","-75.149585","1230","6","0","0","0","0","1","0","0","0","","0","0","0","","","1","","1","","40 01:00.678","","0","75 08:58.505","3","0","0","0","67301","0","0","0","N","0","0","0","3","67301","0","","1.0","","1","N","N","N","0","","1","0","2","","2","","","3","1","1","0","0","0","0","2","1","3","","03","","N","","","","","","","","","",""
"2022098261","1932","2","0","0","0","0","0","0","0","0","4","0","","67","10","2022","5","39.917697","-75.230619","1932","6","0","0","0","0","0","2","0","0","","0","0","0","","","0","","2","","39 55:03.710","","0","75 13:50.230","0","0","0","0","67301","0","0","0","N","0","0","0","2","67301","0","","1.0","","1","N","N","N","0","","0","0","0","","3","","","2","0","0","0","0","0","0","2","0","2","","","","N","","","","","","","","","",""
"2022101113","0815","0","0","0","0","0","0","0","0","0","8","0","","67","10","2022","3","40.020348","-75.114115","0812","6","0","0","0","0","0","0","1","0","","0","0","0","","","1","","1","","40 01:13.253","","0","75 06:50.813","8","0","0","0","67301","1","0","0","N","1","0","0","2","67301","0","","1.0","","9","N","N","N","1","","0","0","0","","2","","","2","1","0","0","0","1","0","2","0","1","","07","","N","","","","","","","","","",""
"2022099318","2043","2","0","0","0","0","0","0","0","0","5","0","","67","10","2022","2","39.993028","-75.159944","2039","6","0","0","0","0","0","1","0","0","","0","0","0","","","2","N","0","","39 59:34.900","","0","75 09:35.800","4","0","0","0","67301","0","0","0","N","0","0","0","3","67301","2","","6.0","","1","N","N","N","0","","0","0","0","","0","","","2","2","0","0","0","0","1","2","0","2","","03","","N","","","","","","","","","",""
"2022096763","1207","1","0","0","0","0","0","0","0","0","4","0","","67","10","2022","5","39.996794","-75.103369","1207","6","0","0","0","0","0","0","0","0","","0","0","0","","","2","","1","","39 59:48.460","6","0","75 06:12.128","3","0","0","0","67301","0","0","0","N","0","0","0","3","67301","0","","1.0","1300.0","1","N","N","N","0","","2","0","0","","2","Y","","2","2","0","0","0","0","0","2","1","2","","03","","N","","","","","","","","","",""
"2022098734","1400","1","0","0","0","0","0","0","0","0","4","0","","67","10","2022","1","39.992347","-75.154811","1353","6","0","0","0","0","0","0","0","0","","0","0","0","","","1","","2","","39 59:32.449","2","0","75 09:17.320","3","0","0","0","67301","0","0","0","N","0","0","0","3","67301","0","","1.0","1411.0","9","N","N","N","0","","1","0","1","","0","N","","2","1","0","0","0","0","0","2","0","2","","04","","N","","","","","","","","","",""
"2022098893","1710","1","0","0","0","0","0","0","0","0","8","0","","67","10","2022","2","40.033136","-75.17061","1709","6","0","0","0","0","0","0","0","0","","0","0","0","","","1","","1","","40 01:59.289","","0","75 10:14.197","8","0","0","0","67301","1","0","0","N","1","0","0","2","67301","0","","1.0","","9","N","N","N","0","","0","0","0","","2","","","2","1","0","0","0","1","0","2","0","1","","07","","N","","","","","","","","","",""
"2022106159","1801","2","0","0","0","0","0","0","0","0","4","0","","67","10","2022","4","39.953243","-75.23653","1757","6","0","0","0","0","0","0","0","0","","0","0","0","","","1","","1","","39 57:11.674","","0","75 14:11.507","8","0","0","0","67301","0","0","0","N","0","0","0","3","67301","0","","1.0","","1","N","N","N","0","","0","0","0","","2","","","2","1","0","0","0","1","1","2","0","2","","03","","N","","","","","","","","","",""
"2022095346","2005","1","0","0","0","0","0","0","0","0","8","0","","67","10","2022","2","40.029422","-75.124695","2005","6","0","0","0","0","0","0","0","0","","0","0","0","","","1","","1","","40 01:45.919","","0","75 07:28.902","3","0","0","0","67301","1","0","0","N","1","0","0","2","67301","0","","1.0","","1","N","N","N","0","","1","0","0","","2","","","2","1","1","0","0","0","0","2","0","1","","","","N","","","","","","","","","",""
"2022100800","1833","1","0","0","0","0","0","0","0","0","5","0","","67","10","2022","6","39.976097","-75.165025","1833","6","0","0","0","0","0","0","0","0","","0","0","0","","","1","N","0","","39 58:33.950","","0","75 09:54.090","4","0","0","0","67301","1","0","0","N","1","0","0","2","67301","1","","6.0","","1","N","N","N","1","","0","0","1","","0","","","4","1","1","0","0","0","0","2","0","3","","03","","N","","","","","","","","","",""
"2022102166","1145","1","0","0","0","0","0","0","0","0","1","0","","67","10","2022","7","40.012915","-75.058222","1139","6","0","0","0","0","0","1","0","0","","0","0","0","","","0","N","0","","40 00:46.493","1","0","75 03:29.600","0","0","0","0","67301","0","0","0","N","0","0","0","3","68K01","0","","1.0","1150.0","1","N","N","N","1","","0","0","1","","0","N","","3","0","0","0","0","0","0","2","0","3","","","","N","","","","","","","","","",""
"2022100429","0923","0","0","0","0","0","0","0","0","0","1","0","","67","10","2022","4","40.024914","-75.142328","0922","6","0","0","0","0","0","0","0","0","","0","0","0","","","1","N","0","","40 01:29.690","","0","75 08:32.380","8","0","0","1","67301","0","0","0","N","0","0","0","2","67301","0","","1.0","","1","N","N","N","0","","0","0","1","","0","","","2","1","0","0","0","1","0","2","0","2","","03","","N","","","","","","","","","",""
"2022098889","0717","1","0","0","0","0","0","0","0","0","8","0","","67","10","2022","2","40.088254","-75.034687","0711","6","0","0","0","0","0","0","0","1","","0","0","0","","","1","","1","","40 05:17.715","","0","75 02:04.873","3","0","0","0","67301","1","0","0","N","1","0","0","2","67301","0","","1.0","","9","N","N","N","0","","1","0","0","","2","","","2","1","0","0","0","0","0","2","0","1","","07","","N","","","","","","","","","",""
"2022118462","1533","3","0","0","0","0","0","0","0","0","1","0","","67","10","2022","1","40.019733","-75.044452","1512","6","0","0","0","1","1","0","0","0","","0","0","0","","","0","N","0","","40 01:11.040","","0","75 02:40.028","0","0","0","0","67301","0","0","0","N","0","0","0","3","68K01","0","","1.0","","9","N","N","N","0","","0","0","0","","0","","","3","0","0","0","0","0","0","2","0","3","","07","","N","","","","","","","","","",""
"2022112277","1835","2","0","0","0","0","0","0","0","0","4","0","","67","11","2022","5","40.011956","-75.176015","1835","6","0","0","0","0","0","1","0","0","","0","0","0","","","1","","1","","40 00:43.041","","0","75 10:33.654","3","0","0","0","67301","0","0","0","N","0","0","0","2","67301","0","","1.0","","1","N","N","N","0","","1","0","0","","2","","","2","1","0","0","0","0","1","2","0","2","","","","N","","","","","","","","","",""
"2022096743","1426","1","0","0","0","0","0","0","0","0","4","0","","67","10","2022","1","39.992675","-75.16822","1425","6","0","0","0","0","1","0","0","0","","0","0","0","","","2","","1","","39 59:33.629","","0","75 10:05.592","3","0","0","0","67301","0","0","0","N","0","0","0","5","67301","0","","1.0","","1","N","N","N","0","","2","0","1","","2","","","2","2","0","0","0","0","0","2","0","2","","03","","N","","","","","","","","","",""
"2022102829","1520","2","0","0","0","0","0","0","0","0","5","0","","67","10","2022","6","40.028983","-75.022599","1449","6","0","0","0","0","0","0","0","0","","0","0","0","","","1","N","0","","40 01:44.339","1","0","75 01:21.358","3","0","0","0","67301","0","0","0","N","0","0","0","2","68K01","0","","1.0","1649.0","1","N","N","N","0","","1","0","0","","0","Y","","2","1","0","0","0","0","0","2","0","2","","","","N","","","","","","","","","",""
"2022120123","1625","0","0","0","0","0","0","0","0","0","8","0","","67","12","2022","6","39.938719","-75.224301","1621","6","0","0","0","0","0","0","0","0","","0","0","0","","","1","","1","","39 56:19.388","","0","75 13:27.483","3","0","0","0","67301","1","0","0","N","1","0","0","2","67301","0","","1.0","","99","N","N","N","0","","1","0","0","","2","","","2","1","0","0","0","0","1","2","1","1","","","","N","","","","","","","","","",""
"2022098263","1710","1","0","0","0","0","0","0","0","0","4","0","","67","10","2022","6","39.941574","-75.232937","1657","6","0","0","0","0","0","2","0","0","","0","0","0","","","1","","1","","39 56:29.666","","0","75 13:58.573","3","0","0","0","67301","0","0","0","N","0","0","0","2","67301","0","","1.0","","1","N","N","N","0","","1","0","1","","3","","","2","1","0","0","0","0","1","2","0","2","","03","","N","","","","","","","","","",""
"2022108078","0130","2","0","0","0","0","0","0","0","0","5","0","","67","10","2022","5","39.999203","-75.101822","0130","6","0","0","0","0","0","0","0","0","","0","0","0","","","0","N","0","","39 59:57.130","","0","75 06:06.560","9","0","0","0","67301","0","0","0","N","0","0","0","1","67301","0","","6.0","","1","N","N","N","0","","0","0","0","","0","","","2","0","0","0","0","0","1","2","0","2","","03","","N","","","","","","","","","",""
"2022100655","0032","0","0","0","0","0","0","0","0","0","4","0","","67","10","2022","7","40.035271","-75.227232","0023","6","0","0","0","0","0","0","0","0","","0","0","0","","","0","","1","","40 02:06.975","","0","75 13:38.035","0","0","0","0","67301","0","0","0","N","0","0","0","1","68K01","0","","1.0","","1","N","N","N","1","","0","0","1","","3","","","2","0","0","0","0","0","0","2","0","2","","03","","N","","","","","","","","","",""
"2022098153","1211","1","0","0","0","0","0","0","0","0","4","0","","67","10","2022","7","40.002437","-75.079824","1159","6","0","0","0","0","0","0","1","0","","0","0","0","","","1","","3","","40 00:08.772","","0","75 04:47.367","3","0","0","0","67301","0","0","0","N","0","0","0","3","67301","0","","1.0","","1","N","N","N","0","","1","0","1","","3","","","2","1","0","0","0","0","0","2","0","2","","03","","N","","","","","","","","","",""
"2022098764","2304","1","0","0","0","0","0","0","0","0","4","0","","67","10","2022","2","39.954555","-75.181298","2304","6","0","0","0","0","0","1","0","0","","0","0","0","","","1","","1","","39 57:16.399","4","0","75 10:52.674","8","0","0","0","67301","0","0","0","N","0","0","0","2","67507","0","","1.0","2330.0","1","N","N","N","0","","0","0","1","","2","N","","2","1","0","0","0","1","1","2","0","2","","","","N","","","","","","","","","",""
"2022104147","2020","2","0","0","0","0","0","0","0","0","4","0","","67","10","2022","7","39.951162","-75.207128","2015","6","0","0","0","0","0","1","1","0","","0","0","0","","","2","","1","","39 57:04.183","","0","75 12:25.660","4","0","0","0","67301","0","0","0","N","0","0","0","2","67301","2","","1.0","","1","N","N","N","0","","0","0","0","","3","","","2","2","0","0","0","0","0","2","0","2","","98","","N","","","","","","","","","",""
"2022123467","0910","2","0","0","0","0","0","0","0","0","2","0","","67","10","2022","6","39.973275","-75.231128","0904","6","0","0","0","0","0","0","0","0","","0","0","0","","","1","N","0","","39 58:23.790","","0","75 13:52.060","3","0","0","0","67301","0","0","0","N","0","0","0","2","67301","0","","1.0","","1","N","N","N","0","","1","0","2","","0","","","4","1","1","0","0","0","1","2","0","4","","03","","N","","","","","","","","","",""
"2022100957","0110","0","0","0","0","0","0","0","0","0","8","0","","67","10","2022","3","39.956479","-75.221585","0100","6","0","0","0","0","0","0","0","0","","0","0","0","","","2","","1","","39 57:23.323","","0","75 13:17.707","3","0","0","0","67301","2","0","0","N","2","0","0","3","67301","0","","1.0","","9","N","N","N","0","","2","0","1","","2","","","3","2","0","0","0","0","1","2","0","1","","05","","N","","","","","","","","","",""
"2022098154","1435","1","0","0","0","0","0","0","0","0","4","0","","67","10","2022","7","39.944359","-75.244378","1429","6","0","0","0","0","0","1","1","0","","0","0","0","","","3","","3","","39 56:39.693","","0","75 14:39.762","3","0","0","0","67301","0","0","0","N","0","0","0","3","67301","0","","1.0","","1","N","N","N","0","","3","0","1","","0","","","2","3","0","0","0","0","0","2","0","2","","","","N","","","","","","","","","",""
"2022093810","0100","2","0","0","0","0","0","0","0","0","1","0","","67","10","2022","2","39.941303","-75.209391","0051","6","0","0","0","0","0","0","0","0","","0","0","0","","","0","","1","","39 56:28.690","","0","75 12:33.806","0","0","0","0","67301","0","0","0","N","0","0","0","3","67301","0","","1.0","","1","N","N","N","0","","0","0","1","","2","","","3","0","2","0","0","0","0","2","0","3","","03","","N","","","","","","","","","",""
"2022098068","0236","3","0","0","0","0","0","0","0","0","4","0","","67","10","2022","7","40.000612","-75.169762","0231","6","0","0","0","0","0","0","0","0","","0","0","0","","","1","","1","","40 00:02.203","7","0","75 10:11.143","3","0","0","0","67301","0","0","0","N","0","0","0","3","67301","0","","1.0","325.0","1","N","N","N","0","","1","0","0","","3","N","","4","1","1","0","0","0","1","2","1","4","","","","N","","","","","","","","","",""
"2022093416","0906","0","0","0","0","0","0","0","0","0","4","0","","67","10","2022","1","39.960201","-75.239104","0906","6","0","0","0","0","0","0","0","0","","0","0","0","","","1","","1","","39 57:36.724","2","0","75 14:20.773","3","0","0","0","67301","0","0","0","N","0","0","0","3","67301","0","","1.0","1013.0","1","N","N","N","0","","1","0","2","","2","Y","","3","1","0","0","0","0","0","2","1","3","","03","","N","","","","","","","","","",""
"2022123208","1853","0","0","0","0","0","0","0","0","0","1","0","","67","10","2022","5","39.982543","-75.100094","1828","6","0","0","0","0","0","1","0","0","","0","0","0","","","0","N","0","","39 58:57.153","","0","75 06:00.337","0","0","0","0","67301","0","0","0","N","0","0","0","2","68K01","0","","1.0","","1","N","N","N","0","","0","0","0","","0","","","2","0","0","0","0","0","0","2","2","2","","03","","N","","","","","","","","","",""
"2022101614","0837","1","0","0","0","0","0","0","0","0","8","0","","67","10","2022","5","40.000678","-75.097725","0824","6","0","0","0","0","0","0","0","0","","0","0","0","","","1","","1","","40 00:02.442","","0","75 05:51.811","3","0","0","0","67301","1","0","0","N","1","0","0","2","67301","0","","1.0","","1","N","N","N","0","","1","0","0","","2","","","2","1","0","0","0","0","0","2","0","1","","03","","N","","","","","","","","","",""
"2022095007","1540","0","0","0","0","0","0","0","0","0","8","0","","67","10","2022","5","40.050113","-75.064246","1530","6","0","0","0","0","0","0","0","0","","0","0","0","","","1","","1","","40 03:00.407","","0","75 03:51.286","8","0","0","0","67301","1","0","0","N","1","0","0","2","67301","0","","1.0","","1","N","N","N","0","","0","0","1","","2","","","2","1","0","0","0","1","0","2","0","1","","","","N","","","","","","","","","",""
"2022099711","1837","0","0","0","0","0","0","0","0","0","4","0","","67","10","2022","4","40.00468","-75.152126","1837","6","0","0","0","0","0","0","0","0","","0","0","0","","","1","","1","","40 00:16.847","","0","75 09:07.652","4","0","0","1","67301","0","0","0","N","0","0","0","4","67505","1","","1.0","","1","N","N","N","0","","0","0","1","","2","","","2","1","0","0","0","0","1","2","0","2","","03","","N","","","","","","","","","",""
"2022106271","1617","0","0","0","0","0","0","0","0","0","8","0","","67","10","2022","4","39.999528","-75.115892","1448","6","0","0","0","0","0","0","0","0","","0","0","0","","","1","N","0","","39 59:58.300","","0","75 06:57.210","3","0","0","0","67301","1","0","0","N","1","0","0","2","67301","0","","1.0","","1","N","N","N","0","","1","0","1","","0","","","2","1","0","0","0","0","0","2","0","1","","03","","N","","","","","","","","","",""
"2022096713","1805","0","0","0","1","0","0","0","0","0","8","0","","67","10","2022","2","40.042532","-75.102336","1804","6","0","0","0","0","0","1","0","0","","0","0","0","","","1","","1","","40 02:33.115","","0","75 06:08.409","3","0","0","0","67301","1","0","0","N","0","0","0","2","67301","0","","1.0","","1","N","N","N","0","","1","0","1","","0","","","2","1","0","0","0","0","0","2","0","1","","","","N","","","","","","","","","",""
"2022098269","2025","0","0","0","0","0","0","0","0","0","4","0","","67","10","2022","7","40.011039","-75.152536","2025","6","0","0","0","0","0","0","0","0","","0","0","0","","","1","","1","","40 00:39.740","","0","75 09:09.129","3","0","0","0","67301","0","0","0","N","0","0","0","2","67301","0","","1.0","","1","N","N","N","0","","1","0","2","","3","","","2","1","0","0","0","0","1","2","0","2","","03","","N","","","","","","","","","",""
"2022123464","1230","0","0","0","0","0","0","0","0","0","99","0","","67","10","2022","6","39.964866","-75.22609","1200","6","0","0","0","0","0","0","0","0","","0","0","0","","","2","","1","","39 57:53.517","","0","75 13:33.923","3","0","0","0","67301","0","0","0","N","0","0","0","2","67301","0","","1.0","","1","N","N","N","0","","2","0","1","","2","","","2","2","0","0","0","0","0","2","1","2","","03","","N","","","","","","","","","",""
"2022115936","2000","1","0","0","0","0","0","0","0","0","7","0","","67","10","2022","5","39.998509","-75.129281","2000","6","0","0","0","0","0","0","0","0","","0","0","0","","","0","","1","","39 59:54.633","","0","75 07:45.412","9","0","0","0","67301","0","0","0","N","0","0","0","2","67301","0","","5.0","","9","N","N","N","0","","0","0","0","","2","","","1","0","0","0","0","0","2","2","0","1","","07","","N","","","","","","","","","",""
"2022098151","2020","0","0","0","0","0","0","0","0","0","8","0","","67","10","2022","6","39.952756","-75.149919","2019","6","0","0","0","0","0","1","0","0","","0","0","0","","","1","","1","","39 57:09.921","","0","75 08:59.708","3","0","0","0","67301","1","0","0","N","1","0","0","2","67301","0","","1.0","","1","N","N","N","0","","1","0","1","","2","","","2","1","0","0","0","0","0","2","0","1","","03","","N","","","","","","","","","",""
"2022102163","0812","2","0","0","0","0","0","0","0","0","1","0","","67","10","2022","5","39.994678","-75.083756","0800","6","0","0","0","0","0","0","1","0","","0","0","0","","","1","N","0","","39 59:40.839","1","0","75 05:01.520","3","0","0","0","67301","0","0","0","N","0","0","0","2","68K01","0","","1.0","827.0","1","N","N","N","0","","1","0","0","","0","N","","2","1","0","0","0","0","0","2","0","2","","","","N","","","","","","","","","",""
"2022100087","1455","1","0","0","0","0","0","0","0","0","1","0","","67","10","2022","1","39.906691","-75.191774","1449","6","0","0","0","0","0","1","0","0","","0","0","0","","","1","N","0","","39 54:24.086","","0","75 11:30.387","3","0","0","0","67301","0","0","0","N","0","0","0","2","67301","0","","1.0","","9","N","N","N","1","","1","0","0","","0","","","2","1","2","0","0","0","0","2","0","2","","04","","N","","","","","","","","","",""
"2022098895","0027","1","0","0","0","0","0","0","0","0","4","0","","67","10","2022","6","40.036223","-75.064203","0051","6","0","0","0","0","0","0","0","0","","0","0","0","","","1","","1","","40 02:10.401","","0","75 03:51.131","3","0","0","0","67301","0","0","0","N","0","0","0","2","67301","0","","1.0","","1","N","N","N","0","","1","0","0","","2","","","2","1","0","0","0","0","1","2","1","2","","03","","N","","","","","","","","","",""
"2022097876","0821","0","0","0","0","0","0","0","0","0","8","0","","67","10","2022","6","40.018659","-75.084057","0820","6","0","0","0","0","0","0","1","0","","0","0","0","","","1","","5","","40 01:07.172","7","0","75 05:02.605","8","0","0","0","67301","1","0","0","N","1","0","0","2","67301","0","","1.0","835.0","1","N","N","N","0","","0","0","1","","2","N","","2","1","0","0","0","1","0","2","0","1","","","","N","","","","","","","","","",""