"CRN","ARRIVAL_TM","AUTOMOBILE_COUNT","BELTED_DEATH_COUNT","BELTED_SUSP_SERIOUS_INJ_COUNT","BICYCLE_COUNT","BICYCLE_DEATH_COUNT","BICYCLE_SUSP_SERIOUS_INJ_COUNT","BUS_COUNT","CHLDPAS_DEATH_COUNT","CHLDPAS_SUSP_SERIOUS_INJ_COUNT","COLLISION_TYPE","COMM_VEH_COUNT","CONS_ZONE_SPD_LIM","COUNTY","CRASH_MONTH","CRASH_YEAR","DAY_OF_WEEK","DEC_LATITUDE","DEC_LONGITUDE","DISPATCH_TM","DISTRICT","DRIVER_COUNT_16YR","DRIVER_COUNT_17YR","DRIVER_COUNT_18YR","DRIVER_COUNT_19YR","DRIVER_COUNT_20YR","DRIVER_COUNT_50_64YR","DRIVER_COUNT_65_74YR","DRIVER_COUNT_75PLUS","EST_HRS_CLOSED","FATAL_COUNT","HEAVY_TRUCK_COUNT","HORSE_BUGGY_COUNT","HOUR_OF_DAY","ILLUMINATION","INJURY_COUNT","INTERSECTION_RELATED","INTERSECT_TYPE","LANE_CLOSED","LATITUDE","LN_CLOSE_DIR","LOCATION_TYPE","LONGITUDE","MAX_SEVERITY_LEVEL","MCYCLE_DEATH_COUNT","MCYCLE_SUSP_SERIOUS_INJ_COUNT","MOTORCYCLE_COUNT","MUNICIPALITY","NONMOTR_COUNT","NONMOTR_DEATH_COUNT","NONMOTR_SUSP_SERIOUS_INJ_COUNT","NTFY_HIWY_MAINT","PED_COUNT","PED_DEATH_COUNT","PED_SUSP_SERIOUS_INJ_COUNT","PERSON_COUNT","POLICE_AGCY","POSSIBLE_INJ_COUNT","RDWY_SURF_TYPE_CD","RELATION_TO_ROAD","ROADWAY_CLEARED","ROAD_CONDITION","SCH_BUS_IND","SCH_ZONE_IND","SECONDARY_CRASH","SMALL_TRUCK_COUNT","SPEC_JURIS_CD","SUSP_MINOR_INJ_COUNT","SUSP_SERIOUS_INJ_COUNT","SUV_COUNT","TCD_FUNC_CD","TCD_TYPE","TFC_DETOUR_IND","TIME_OF_DAY","TOTAL_UNITS","TOT_INJ_COUNT","UNBELTED_OCC_COUNT","UNB_DEATH_COUNT","UNB_SUSP_SERIOUS_INJ_COUNT","UNK_INJ_DEG_COUNT","UNK_INJ_PER_COUNT","URBAN_RURAL","VAN_COUNT","VEHICLE_COUNT","WEATHER1","WEATHER2","WORKERS_PRES","WORK_ZONE_IND","WORK_ZONE_LOC","WORK_ZONE_TYPE","WZ_CLOSE_DETOUR","WZ_FLAGGER","WZ_LAW_OFFCR_IND","WZ_LN_CLOSURE","WZ_MOVING","WZ_OTHER","WZ_SHLDER_MDN","WZ_WORKERS_INJ_KILLED"
"2022098722","2359","0","0","0","0","0","0","0","0","0","4","0","","67","10","2022","1","40.066128","-75.063046","2356","6","0","0","0","0","0","0","0","0","","0","0","0","","","0","","1","","40 03:58.061","","0","75 03:46.964","9","0","0","0","67301","0","0","0","N","0","0","0","6","67301","0","","1.0","","9","N","N","N","1","","0","0","0","","2","","","2","0","2","0","0","0","1","2","1","2","","","","N","","","","","","","","","",""
"2022119578","0456","0","0","0","0","0","0","0","0","0","4","0","","67","12","2022","6","39.944718","-75.243408","0451","6","0","0","0","0","0","1","1","0","","0","0","0","","","2","","1","","39 56:40.986","","0","75 14:36.268","3","0","0","0","67301","0","0","0","N","0","0","0","2","67301","0","","1.0","","9","N","N","N","0","","2","0","2","","3","","","2","2","0","0","0","0","0","2","0","2","","","","N","","","","","","","","","",""
"2022100953","0245","1","0","0","0","0","0","0","0","0","4","0","","67","10","2022","5","39.926988","-75.243496","0238","6","0","0","0","0","0","0","0","0","","0","0","0","","","1","","3","","39 55:37.155","","0","75 14:36.586","3","0","0","0","67301","0","0","0","N","0","0","0","2","67301","0","","1.0","","1","N","N","N","0","","1","0","1","","0","","","2","1","0","0","0","0","1","2","0","2","","","","N","","","","","","","","","",""
"2022098726","1713","0","0","0","1","0","0","0","0","0","8","0","","67","10","2022","5","39.951094","-75.153569","1705","6","0","0","0","0","0","1","0","0","","0","0","0","","","1","","1","","39 57:03.940","7","0","75 09:12.848","2","0","1","1","67301","1","0","0","N","0","0","0","2","67301","0","","1.0","1800.0","1","N","N","N","0","","0","1","0","","7","Y","","2","1","0","0","0","0","0","2","0","1","","03","","N","","","","","","","","","",""
"2022098888","2145","3","0","0","0","0","0","0","0","0","4","0","","67","10","2022","6","39.924631","-75.181435","2140","6","0","0","0","0","0","0","0","0","","0","0","0","","","1","","1","","39 55:28.671","","0","75 10:53.165","4","0","0","0","67301","0","0","0","N","0","0","0","2","67301","1","","1.0","","1","N","N","N","0","","0","0","2","","3","","","5","1","0","0","0","0","1","2","0","5","","","","N","","","","","","","","","",""
"2022102944","0346","0","0","0","0","0","0","0","0","0","8","0","","67","10","2022","6","40.050561","-75.066746","0345","6","0","0","0","0","0","0","0","0","","0","0","0","","","1","","2","","40 03:02.020","","0","75 04:00.287","3","0","0","0","67301","1","0","0","N","1","0","0","2","67301","0","","1.0","","1","N","N","N","0","","1","0","0","","0","","","2","1","1","0","0","0","0","2","1","1","","03","","N","","","","","","","","","",""
"2022094148","0805","0","0","0","0","0","0","0","0","0","4","0","","67","10","2022","3","40.066946","-75.056828","0759","6","0","0","0","0","0","2","0","0","","0","0","0","","","2","","1","","40 04:01.005","","0","75 03:24.580","3","0","0","0","67301","0","0","0","N","0","0","0","3","67301","0","","1.0","","1","N","N","N","0","","1","0","2","","3","","","2","2","1","0","0","1","0","2","0","2","","","","N","","","","","","","","","",""
"2022093819","1423","2","0","0","0","0","0","0","0","0","4","0","","67","10","2022","1","39.980354","-75.117905","1422","6","0","0","0","0","0","0","0","0","","0","0","0","","","2","N","0","","39 58:49.275","","0","75 07:04.459","3","0","0","0","67301","0","0","0","N","0","0","0","4","67301","1","","1.0","","1","N","N","N","0","","1","0","0","","0","","","2","2","0","0","0","0","0","2","0","2","","","","N","","","","","","","","","",""
"2022096289","1741","1","0","0","0","0","0","0","0","0","7","0","","67","10","2022","6","39.88647","-75.206598","1730","6","0","0","0","0","0","0","0","0","","0","0","0","","","0","N","0","","39 53:11.291","","3","75 12:23.753","0","0","0","0","67301","0","0","0","N","0","0","0","1","68K01","0","","4.0","","1","N","N","N","0","","0","0","0","","0","","","1","0","0","0","0","0","0","2","0","1","","03","","N","","","","","","","","","",""
"2022096760","1040","2","0","0","0","0","0","0","0","0","4","0","","67","10","2022","3","39.987842","-75.09547","1040","6","0","0","0","0","0","0","1","0","","0","0","0","","","1","","1","","39 59:16.231","","0","75 05:43.691","3","0","0","0","67301","0","0","0","N","0","0","0","2","67301","0","","1.0","","1","N","N","N","0","","1","0","0","","3","","","2","1","0","0","0","0","0","2","0","2","","03","","N","","","","","","","","","",""
"2022103095","0805","1","0","0","0","0","0","1","0","0","1","1","","67","10","2022","6","40.001808","-75.154545","0752","6","0","0","0","0","0","0","0","0","","0","0","0","","","2","","1","","40 00:06.508","","0","75 09:16.363","4","0","0","0","67301","0","0","0","N","0","0","0","3","67508","1","","1.0","","1","N","N","Y","0","","0","0","0","","2","","","2","2","1","0","0","1","0","2","0","2","","03","","N","","","","","","","","","",""
"2022109459","2122","0","0","0","0","0","0","0","0","0","4","0","","67","11","2022","6","40.101796","-75.027553","2119","6","0","0","0","0","0","1","0","0","","0","0","0","","","1","","1","","40 06:06.465","","0","75 01:39.190","8","0","0","0","67301","0","0","0","N","0","0","0","5","67301","0","","1.0","","1","N","N","N","0","","0","0","2","","2","","","2","1","0","0","0","1","0","2","0","2","","03","","N","","","","","","","","","",""
"2022095738","1019","1","0","0","0","0","0","0","0","0","2","0","","67","10","2022","7","40.031536","-75.145731","1018","6","0","0","0","0","0","1","0","0","","0","0","0","","","1","N","0","","40 01:53.530","2","0","75 08:44.630","8","0","0","1","67301","0","0","0","N","0","0","0","1","67301","0","","6.0","1114.0","1","N","N","N","0","","0","0","0","","0","N","","2","1","0","0","0","1","0","2","0","2","","","","N","","","","","","","","","",""
"2022095727","0720","1","0","0","0","0","0","0","0","0","8","0","","67","10","2022","5","39.923299","-75.161318","0717","6","0","0","0","0","0","0","0","0","","0","0","0","","","1","","1","","39 55:23.877","","0","75 09:40.743","3","0","0","0","67301","1","0","0","N","1","0","0","2","67301","0","","1.0","","1","N","N","N","0","","1","0","0","","2","","","2","1","0","0","0","0","0","2","0","1","","03","","N","","","","","","","","","",""
"2022107725","1140","1","0","0","0","0","0","0","0","0","1","0","","67","10","2022","3","40.002556","-75.136583","1136","6","0","0","0","0","0","0","0","0","","0","0","0","","","0","","2","","40 00:09.200","3","0","75 08:11.700","0","0","0","0","67301","0","0","0","N","0","0","0","2","67301","0","","1.0","1210.0","9","N","N","N","0","","0","0","1","","3","Y","","2","0","0","0","0","0","0","2","0","2","","07","","N","","","","","","","","","",""
"2022096280","0346","1","0","0","0","0","0","0","0","0","7","0","","67","10","2022","6","39.9587","-75.18035","0336","6","0","0","0","0","0","0","0","0","","0","0","0","","","1","N","0","","39 57:31.319","4","0","75 10:49.260","8","0","0","0","67301","0","0","0","N","0","0","0","1","68K01","0","","2.0","357.0","9","N","N","N","0","","0","0","0","","0","N","","1","1","0","0","0","1","0","2","0","1","","","","N","","","","","","","","","",""
"2022094556","0852","1","0","0","0","0","0","0","0","0","7","0","","67","10","2022","1","39.912444","-75.173889","0852","6","0","0","1","0","0","0","0","0","","0","0","0","","","0","","7","","39 54:44.800","1","8","75 10:26.000","0","0","0","0","67301","0","0","0","N","0","0","0","2","67501","0","","4.0","932.0","1","N","N","N","0","","0","0","0","","0","N","","1","0","0","0","0","0","0","2","0","1","","03","","N","","","","","","","","","",""
"2022099879","0840","1","0","0","1","0","0","0","0","0","8","0","","67","10","2022","4","40.078583","-74.998083","0833","6","0","0","0","0","0","0","0","0","","0","0","0","","","1","N","0","","40 04:42.900","","7","74 59:53.100","8","0","0","0","67301","1","0","0","N","0","0","0","2","67301","0","","1.0","","9","N","N","N","0","","0","0","0","","0","","","2","1","0","0","0","1","0","2","0","1","","05","","N","","","","","","","","","",""
"2022096767","1219","1","0","0","0","0","0","0","0","0","1","0","","67","10","2022","1","40.021778","-75.112557","1216","6","0","0","0","0","0","0","0","0","","0","0","0","","","1","N","0","","40 01:18.401","","0","75 06:45.204","2","0","1","1","67301","0","0","0","N","0","0","0","2","67301","0","","1.0","","1","N","N","N","0","","0","1","0","","0","","","3","1","0","0","0","0","1","2","1","3","","","","N","","","","","","","","","",""
"2022098907","1329","0","0","0","0","0","0","0","0","0","6","0","","67","10","2022","5","40.036128","-75.132603","1329","6","0","0","0","0","0","0","0","0","","0","0","0","","","1","N","0","","40 02:10.060","","0","75 07:57.370","3","0","0","0","67301","0","0","0","N","0","0","0","1","67301","0","","6.0","","1","N","N","N","0","","1","0","3","","0","","","3","1","0","0","0","0","0","2","0","3","","","","N","","","","","","","","","",""
"2022120330","1305","1","0","0","0","0","0","0","0","0","4","0","","67","12","2022","7","40.021716","-75.139801","1302","6","0","0","0","0","0","0","0","0","","0","0","0","","","2","","1","","40 01:18.177","","0","75 08:23.284","4","0","0","0","67301","0","0","0","N","0","0","0","4","67301","2","","1.0","","1","N","N","Y","0","","0","0","0","","2","","","2","2","3","0","0","0","2","2","1","2","","03","","N","","","","","","","","","",""
"2022098728","1000","0","0","0","0","0","0","0","0","0","8","0","","67","10","2022","2","39.933664","-75.231537","0956","6","0","0","0","0","0","1","0","0","","0","0","0","","","1","","1","","39 56:01.190","","0","75 13:53.533","3","0","0","0","67301","1","0","0","N","1","0","0","2","67301","0","","1.0","","1","N","N","N","1","","1","0","0","","0","","","2","1","1","0","0","0","0","2","0","1","","03","","N","","","","","","","","","",""
"2022100525","1810","0","0","0","0","0","0","0","0","0","5","0","","67","10","2022","5","40.032258","-75.187672","1806","6","0","0","0","0","0","1","0","1","","0","0","0","","","0","N","3","","40 01:56.130","","0","75 11:15.620","0","0","0","0","67301","0","0","0","N","0","0","0","4","67301","0","","1.0","","1","N","N","N","0","","0","0","3","","0","","","3","0","0","0","0","0","0","2","0","3","","03","","N","","","","","","","","","",""
"2022096741","0834","1","0","0","0","0","0","0","0","0","4","0","","67","10","2022","6","39.975298","-75.231481","0826","6","0","0","0","0","0","0","0","0","","0","0","0","","","1","","1","","39 58:31.072","","0","75 13:53.331","4","0","0","0","67301","0","0","0","N","0","0","0","2","67301","1","","1.0","","1","N","N","N","0","","0","0","1","","3","","","2","1","0","0","0","0","0","2","0","2","","","","N","","","","","","","","","",""
"2022097870","1242","1","0","0","0","0","0","0","0","0","1","0","","67","10","2022","6","39.954042","-75.145028","1240","6","0","0","0","0","0","0","1","0","","0","0","0","","","2","N","0","","39 57:14.550","","0","75 08:42.100","3","0","0","0","67301","0","0","0","N","0","0","0","3","67301","0","","1.0","","1","N","N","N","0","","2","0","2","","0","","","3","2","0","0","0","0","0","2","0","3","","03","","N","","","","","","","","","",""
"2022101858","0316","4","0","0","0","0","0","0","0","0","2","0","","67","10","2022","6","40.020631","-75.182971","0300","6","0","0","0","0","0","0","0","0","","0","0","0","","","0","N","0","","40 01:14.270","6","0","75 10:58.696","0","0","0","0","67301","0","0","0","N","0","0","0","1","67301","0","","6.0","500.0","1","N","N","N","0","","0","0","0","","0","Y","","4","0","0","0","0","0","0","2","0","4","","03","","N","","","","","","","","","",""
"2022102845","1440","1","0","0","0","0","0","0","0","0","5","0","","67","10","2022","5","39.960038","-75.180028","1440","6","0","0","0","0","0","1","0","0","","0","0","0","","","0","N","0","","39 57:36.137","","3","75 10:48.102","0","0","0","1","67301","0","0","0","N","0","0","0","2","68K01","0","","1.0","","9","N","N","N","0","","0","0","0","","0","","","2","0","0","0","0","0","0","2","0","2","","","","N","","","","","","","","","",""
"2022101845","0635","0","0","0","0","0","0","0","0","0","7","0","","67","10","2022","5","39.917108","-75.173002","0630","6","0","0","0","0","0","0","0","0","","0","0","0","","","1","N","1","","39 55:01.589","6","0","75 10:22.807","3","0","0","0","67301","0","0","0","N","0","0","0","1","67301","0","","3.0","800.0","1","N","N","N","0","","1","0","4","","2","N","","4","1","0","0","0","0","0","2","0","4","","03","","N","","","","","","","","","",""
"2022100092","0120","1","0","0","0","0","0","0","0","0","7","0","","67","10","2022","3","40.015036","-75.057022","0117","6","0","0","0","0","0","0","0","0","","0","0","0","","","0","","1","","40 00:54.129","","0","75 03:25.279","9","0","0","0","67301","0","0","0","N","0","0","0","1","67301","0","","5.0","","9","N","N","N","0","","0","0","0","","3","","","1","0","0","0","0","0","1","2","0","1","","05","","N","","","","","","","","","",""
"2022100784","2350","0","0","0","0","0","0","0","0","0","7","0","","67","10","2022","5","40.049022","-75.073756","2350","6","0","0","0","0","0","1","0","0","","0","0","0","","","1","N","0","","40 02:56.480","","0","75 04:25.520","3","0","0","0","67301","0","0","0","N","0","0","0","2","67301","0","","4.0","","1","N","N","N","0","","1","0","1","","0","","","1","1","0","0","0","0","0","2","0","1","","03","","N","","","","","","","","","",""
"2022101445","0340","1","0","0","0","0","0","0","0","0","5","0","","67","10","2022","3","39.945583","-75.153497","0334","6","0","0","0","0","0","0","0","0","","0","0","0","","","0","N","0","","39 56:44.100","","0","75 09:12.590","0","0","0","0","67301","0","0","0","N","0","0","0","1","67301","0","","6.0","","1","N","N","N","0","","0","0","2","","0","","","3","0","1","0","0","0","0","2","0","3","","03","","N","","","","","","","","","",""
"2022095572","1218","2","0","0","0","0","0","0","0","0","4","0","","67","10","2022","7","40.054847","-75.168958","1200","6","0","0","0","0","0","0","0","0","","0","0","0","","","1","","1","","40 03:17.448","","0","75 10:08.248","3","0","0","0","67301","0","0","0","N","0","0","0","2","67301","0","","1.0","","1","N","N","N","0","","1","0","0","","2","","","2","1","0","0","0","0","0","2","0","2","","","","N","","","","","","","","","",""
"2022098900","0907","1","0","0","0","0","0","0","0","0","1","0","","67","10","2022","5","40.015111","-75.141267","0907","6","0","0","0","0","0","1","0","0","","0","0","0","","","2","Y","0","","40 00:54.400","","0","75 08:28.560","8","0","0","0","67301","0","0","0","N","0","0","0","3","67301","0","","1.0","","9","N","N","N","0","","0","0","1","","2","","","2","2","1","0","0","2","0","2","0","2","","07","","N","","","","","","","","","",""
"2022099323","1716","1","0","0","0","0","0","0","0","0","8","0","","67","10","2022","7","40.042577","-75.129156","1715","6","0","0","0","0","0","0","0","0","","0","0","0","","","1","","1","","40 02:33.277","","0","75 07:44.961","3","0","0","0","67301","1","0","0","N","1","0","0","2","67301","0","","1.0","","1","N","N","N","0","","1","0","0","","2","","","2","1","0","0","0","0","1","2","0","1","","03","","N","","","","","","","","","",""
"2022100789","0711","1","0","0","0","0","0","0","0","0","4","0","","67","10","2022","3","40.033656","-75.063639","0709","6","0","0","0","0","0","0","0","0","","0","0","0","","","2","","5","","40 02:01.162","6","0","75 03:49.102","3","0","0","0","67301","0","0","0","N","0","0","0","2","67301","0","","1.0","815.0","9","N","Y","N","0","","2","0","1","","2","Y","","2","2","0","0","0","0","0","2","0","2","","04","","N","","","","","","","","","",""
"2022103611","1814","0","0","0","0","0","0","0","0","0","5","0","","67","10","2022","5","39.899243","-75.166821","1811","6","0","0","1","0","0","2","0","0","","0","0","0","","","1","Y","0","","39 53:57.274","2","3","75 10:00.556","8","0","0","0","67301","0","0","0","N","0","0","0","6","68K01","0","","1.0","1915.0","9","N","N","N","0","","0","0","4","","0","N","","4","1","0","0","0","1","0","2","0","4","","","","N","","","","","","","","","",""
"2022096799","0055","0","0","0","0","0","0","0","0","0","8","0","","67","10","2022","5","40.025941","-75.043247","0045","6","0","0","0","0","0","0","0","0","","0","0","0","","","1","","1","","40 01:33.389","","0","75 02:35.690","8","0","0","0","67301","1","0","0","N","1","0","0","2","67508","0","","1.0","","1","N","N","Y","0","","0","0","1","","2","N","","2","1","1","0","0","1","0","2","0","1","","03","","N","","","","","","","","","",""
"2022095231","0757","0","0","0","0","0","0","0","0","0","8","0","","67","10","2022","4","39.959603","-75.195643","0753","6","0","0","0","0","0","0","0","0","","0","0","0","","","1","","1","","39 57:34.572","","0","75 11:44.314","2","0","0","0","67301","1","0","1","N","1","0","1","2","67301","0","","1.0","","1","N","N","N","0","","0","1","1","","2","","","2","1","0","0","0","0","0","2","0","1","","03","","N","","","","","","","","","",""
"2022097395","1651","1","0","0","0","0","0","0","0","0","1","0","","67","10","2022","2","39.946103","-75.189573","1644","6","0","0","0","0","0","0","0","0","","0","0","0","","","1","N","0","","39 56:45.972","3","3","75 11:22.461","8","0","0","0","67301","0","0","0","N","0","0","0","4","68K01","0","","1.0","1700.0","1","N","N","N","0","","0","0","2","","0","Y","","3","1","0","0","0","1","0","2","0","3","","","","N","","","","","","","","","",""
"2022100425","0810","0","0","0","0","0","0","0","0","0","3","0","","67","10","2022","5","40.075278","-74.999889","0804","6","0","0","0","0","0","0","0","0","","0","0","0","","","1","N","0","","40 04:31.000","","7","74 59:59.600","3","0","0","0","67301","0","0","0","N","0","0","0","3","67301","0","","1.0","","1","N","N","N","0","","1","0","2","","0","","","2","1","1","0","0","0","0","2","0","2","","03","","N","","","","","","","","","",""
"2022102167","1420","0","0","0","0","0","0","0","0","0","5","0","","67","10","2022","7","39.957706","-75.160605","1406","6","0","0","0","0","0","0","0","0","","0","0","0","","","1","N","0","","39 57:27.742","4","0","75 09:38.177","8","0","0","1","67301","0","0","0","N","0","0","0","2","68K01","0","","1.0","1454.0","1","N","N","N","0","","0","0","1","","0","N","","2","1","0","0","0","1","0","2","0","2","","","","N","","","","","","","","","",""
"2022098258","0028","1","0","0","0","0","0","0","0","0","1","0","","67","10","2022","7","40.030196","-75.211523","0020","6","0","0","0","0","0","0","0","0","","0","0","0","","","1","Y","0","","40 01:48.704","","0","75 12:41.482","3","0","0","0","67301","0","0","0","N","0","0","0","2","67301","0","","1.0","","1","N","N","N","0","","1","0","1","","2","","","2","1","0","0","0","0","0","2","0","2","","03","","N","","","","","","","","","",""
"2022105796","1829","1","0","0","0","0","0","0","0","0","4","0","","67","11","2022","4","40.074464","-75.03495","1808","6","0","0","0","0","0","0","1","0","","0","0","0","","","2","","1","","40 04:28.071","","0","75 02:05.821","3","0","0","0","67301","1","0","0","N","1","0","0","4","67301","0","","1.0","","1","N","N","N","1","","2","0","1","","2","","","4","2","0","0","0","0","0","2","0","3","","","","N","","","","","","","","","",""
"2022100204","1931","1","0","0","0","0","0","0","0","0","4","0","","67","10","2022","2","40.112874","-75.023188","1931","6","0","0","0","0","0","0","1","0","","0","0","0","","","1","N","0","","40 06:46.347","2","7","75 01:23.478","4","0","0","0","67301","0","0","0","N","0","0","0","2","67301","1","","1.0","2032.0","9","N","N","N","1","","0","0","0","","0","N","","2","1","0","0","0","0","0","2","0","2","","","","N","","","","","","","","","",""
"2022109058","2357","1","0","0","0","0","0","0","0","0","5","0","","67","11","2022","6","39.986472","-75.157528","2356","6","0","0","0","0","0","0","0","0","","0","0","0","","","1","N","0","","39 59:11.300","4","0","75 09:27.100","8","0","0","0","67301","0","0","0","N","0","0","0","2","67505","0","","1.0","25.0","1","N","N","N","0","","0","0","2","","0","Y","","3","1","0","0","0","1","1","2","0","3","","03","","N","","","","","","","","","",""
"2022094928","0744","1","0","0","0","0","0","0","0","0","4","0","","67","10","2022","5","39.978237","-75.154676","0743","6","0","0","0","0","0","0","0","0","","0","0","0","","","0","N","0","","39 58:41.653","","7","75 09:16.833","0","0","0","0","67301","0","0","0","N","0","0","0","2","67505","0","","1.0","","9","N","N","N","0","","0","0","0","","0","N","","2","0","0","0","0","0","0","2","1","2","","07","","N","","","","","","","","","",""
"2022099881","1034","0","0","0","0","0","0","0","0","0","5","0","","67","10","2022","2","39.918542","-75.20811","1034","6","0","0","0","0","0","0","0","0","","0","0","0","","","1","N","0","","39 55:06.751","","0","75 12:29.197","3","0","0","0","67301","0","0","0","N","0","0","0","2","67301","0","","1.0","","99","N","N","N","1","","1","0","1","","0","","","2","1","1","0","0","0","0","2","0","2","","","","N","","","","","","","","","",""
"2022115937","1035","1","0","0","0","0","0","0","0","0","4","0","","67","10","2022","1","39.989783","-75.103889","1029","6","0","0","0","0","0","1","0","0","","0","0","0","","","1","","1","","39 59:23.218","3","0","75 06:14.002","3","0","0","0","67301","0","0","0","N","0","0","0","2","67301","0","","1.0","10.0","1","N","N","N","1","","1","0","0","","2","N","","2","1","0","0","0","0","0","2","0","2","","04","","N","","","","","","","","","",""
"2022098060","0329","1","0","0","0","0","0","0","0","0","5","0","","67","10","2022","6","39.987531","-75.162536","0328","6","0","0","0","0","0","0","0","0","","0","0","0","","","0","N","0","","39 59:15.110","1","0","75 09:45.130","0","0","0","0","67301","0","0","0","N","0","0","0","1","67301","0","","6.0","545.0","9","N","N","N","0","","0","0","1","","0","Y","","3","0","0","0","0","0","0","2","1","3","","","","N","","","","","","","","","",""
"2022121937","2129","2","0","0","0","0","0","0","0","0","4","0","","67","12","2022","7","39.961466","-75.151722","2129","6","0","0","0","0","0","1","0","0","","0","0","0","","","1","","1","","39 57:41.278","","0","75 09:06.199","4","0","0","0","67301","0","0","0","N","0","0","0","2","67301","1","","5.0","","1","N","N","N","0","","0","0","0","","1","","","2","1","0","0","0","0","0","2","0","2","","03","","N","","","","","","","","","",""
"2022094472","0425","1","0","0","0","0","0","0","0","0","7","0","","67","10","2022","3","39.984603","-75.208214","0420","6","0","0","0","0","0","0","0","0","","0","0","0","","","0","","7","","39 59:04.570","","2","75 12:29.571","0","0","0","0","67301","0","0","0","Y","0","0","0","1","68K01","0","","2.0","","9","N","N","N","0","","0","0","0","","0","","","1","0","1","0","0","0","0","2","0","1","","","","N","","","","","","","","","",""
"2022091601","0910","1","0","0","0","0","0","0","0","0","8","0","","67","10","2022","3","40.11296","-75.023011","0905","6","0","0","0","0","0","0","0","0","","0","0","0","","","1","","1","","40 06:46.657","","0","75 01:22.840","3","0","0","0","67301","1","0","0","N","1","0","0","2","67301","0","","1.0","","9","N","N","N","0","","1","0","0","","2","","","2","1","0","0","0","0","0","2","0","1","","04","","N","","","","","","","","","",""
"2022118348","","1","0","0","0","0","0","0","0","0","4","0","","67","11","2022","3","40.086103","-75.211875","","6","0","0","0","0","0","1","0","0","","0","0","0","","","1","","1","","40 05:09.972","","0","75 12:42.750","8","0","0","0","67301","0","0","0","N","0","0","0","2","00000","0","","1.0","","1","","","N","0","","0","0","1","","2","","","2","1","1","0","0","1","0","2","0","2","","","","N","","","","","","","","","",""
"2022094622","1547","0","0","0","1","0","0","0","0","0","8","0","","67","10","2022","4","39.921692","-75.227994","1547","6","0","0","0","0","0","1","0","0","","0","0","0","","","1","N","0","","39 55:18.090","","0","75 13:40.780","3","0","0","0","67301","1","0","0","N","0","0","0","2","67301","0","","1.0","","1","N","N","N","0","","1","0","1","","0","","","2","1","0","0","0","0","0","2","0","1","","03","","N","","","","","","","","","",""
"2022116754","0740","0","0","0","0","0","0","0","0","0","7","0","","67","10","2022","7","39.974085","-75.194577","0711","6","0","0","0","0","0","0","0","0","","0","0","0","","","3","Y","0","","39 58:26.706","1","8","75 11:40.476","3","0","0","0","67301","0","0","0","N","0","0","0","3","68K01","0","","4.0","900.0","1","N","N","N","0","","3","0","2","","2","N","","2","3","0","0","0","0","0","2","0","2","","","","N","","","","","","","","","",""
"2022100422","2000","4","0","0","0","0","0","0","0","0","4","0","","67","10","2022","6","39.999549","-75.153371","2000","6","0","0","0","0","0","1","0","1","","0","0","0","","","2","","2","","39 59:58.376","","0","75 09:12.134","8","0","0","0","67301","0","0","0","N","0","0","0","5","67505","0","","1.0","","1","N","N","N","0","","0","0","1","","3","","","5","2","3","0","0","2","0","2","0","5","","03","","N","","","","","","","","","",""
"2022095729","1701","2","0","0","0","0","0","0","0","0","5","0","","67","10","2022","3","40.099648","-75.00851","1700","6","0","0","1","0","0","0","0","0","","0","0","0","","","0","Y","0","","40 05:58.733","","0","75 00:30.635","9","0","0","0","67301","0","0","0","N","0","0","0","6","67301","0","","1.0","","1","N","N","N","0","","0","0","1","","2","","","3","0","0","0","0","0","1","2","0","3","","03","","N","","","","","","","","","",""
"2022123006","0428","0","0","0","0","0","0","0","0","0","7","0","","67","11","2022","4","39.960324","-75.181265","0427","6","0","0","0","0","0","0","0","0","","0","0","0","","","0","N","0","","39 57:37.166","","2","75 10:52.553","0","0","0","0","67301","0","0","0","Y","0","0","0","1","68K01","0","","4.0","","9","N","N","N","1","","0","0","0","","0","","","1","0","0","0","0","0","0","2","0","1","","","","N","","","","","","","","","",""
"2022099878","0531","1","0","0","0","0","0","0","0","0","5","0","","67","10","2022","3","40.047047","-75.031798","0518","6","0","0","0","0","0","1","0","0","","0","0","0","","","0","N","0","","40 02:49.369","","0","75 01:54.472","0","0","0","0","67301","0","0","0","N","0","0","0","1","67301","0","","6.0","","9","N","N","N","0","","0","0","0","","0","","","2","0","0","0","0","0","0","2","1","2","","05","","N","","","","","","","","","",""
"2022095576","1950","1","0","0","0","0","0","0","0","0","1","0","","67","10","2022","6","40.016443","-75.15414","1942","6","0","0","0","0","0","1","0","0","","0","0","0","","","1","N","0","","40 00:59.194","","0","75 09:14.905","3","0","0","0","67301","0","0","0","N","0","0","0","3","67301","0","","1.0","","1","N","N","N","0","","1","0","1","","0","","","2","1","1","0","0","0","0","2","0","2","","98","","N","","","","","","","","","",""
"2022094153","0313","1","0","0","0","0","0","0","0","0","1","0","","67","10","2022","3","40.032514","-75.080809","0308","6","0","0","0","0","0","0","1","0","","0","0","0","","","2","","1","","40 01:57.052","1","0","75 04:50.912","3","0","0","0","67301","0","0","0","N","0","0","0","2","67301","0","","1.0","400.0","1","N","N","N","0","","1","0","1","","2","Y","","2","2","0","0","0","1","0","2","0","2","","03","","N","","","","","","","","","",""