"CRN","ARRIVAL_TM","AUTOMOBILE_COUNT","BELTED_DEATH_COUNT","BELTED_SUSP_SERIOUS_INJ_COUNT","BICYCLE_COUNT","BICYCLE_DEATH_COUNT","BICYCLE_SUSP_SERIOUS_INJ_COUNT","BUS_COUNT","CHLDPAS_DEATH_COUNT","CHLDPAS_SUSP_SERIOUS_INJ_COUNT","COLLISION_TYPE","COMM_VEH_COUNT","CONS_ZONE_SPD_LIM","COUNTY","CRASH_MONTH","CRASH_YEAR","DAY_OF_WEEK","DEC_LATITUDE","DEC_LONGITUDE","DISPATCH_TM","DISTRICT","DRIVER_COUNT_16YR","DRIVER_COUNT_17YR","DRIVER_COUNT_18YR","DRIVER_COUNT_19YR","DRIVER_COUNT_20YR","DRIVER_COUNT_50_64YR","DRIVER_COUNT_65_74YR","DRIVER_COUNT_75PLUS","EST_HRS_CLOSED","FATAL_COUNT","HEAVY_TRUCK_COUNT","HORSE_BUGGY_COUNT","HOUR_OF_DAY","ILLUMINATION","INJURY_COUNT","INTERSECTION_RELATED","INTERSECT_TYPE","LANE_CLOSED","LATITUDE","LN_CLOSE_DIR","LOCATION_TYPE","LONGITUDE","MAX_SEVERITY_LEVEL","MCYCLE_DEATH_COUNT","MCYCLE_SUSP_SERIOUS_INJ_COUNT","MOTORCYCLE_COUNT","MUNICIPALITY","NONMOTR_COUNT","NONMOTR_DEATH_COUNT","NONMOTR_SUSP_SERIOUS_INJ_COUNT","NTFY_HIWY_MAINT","PED_COUNT","PED_DEATH_COUNT","PED_SUSP_SERIOUS_INJ_COUNT","PERSON_COUNT","POLICE_AGCY","POSSIBLE_INJ_COUNT","RDWY_SURF_TYPE_CD","RELATION_TO_ROAD","ROADWAY_CLEARED","ROAD_CONDITION","SCH_BUS_IND","SCH_ZONE_IND","SECONDARY_CRASH","SMALL_TRUCK_COUNT","SPEC_JURIS_CD","SUSP_MINOR_INJ_COUNT","SUSP_SERIOUS_INJ_COUNT","SUV_COUNT","TCD_FUNC_CD","TCD_TYPE","TFC_DETOUR_IND","TIME_OF_DAY","TOTAL_UNITS","TOT_INJ_COUNT","UNBELTED_OCC_COUNT","UNB_DEATH_COUNT","UNB_SUSP_SERIOUS_INJ_COUNT","UNK_INJ_DEG_COUNT","UNK_INJ_PER_COUNT","URBAN_RURAL","VAN_COUNT","VEHICLE_COUNT","WEATHER1","WEATHER2","WORKERS_PRES","WORK_ZONE_IND","WORK_ZONE_LOC","WORK_ZONE_TYPE","WZ_CLOSE_DETOUR","WZ_FLAGGER","WZ_LAW_OFFCR_IND","WZ_LN_CLOSURE","WZ_MOVING","WZ_OTHER","WZ_SHLDER_MDN","WZ_WORKERS_INJ_KILLED"
"2022098899","1646","1","0","0","0","0","0","0","0","0","4","0","","67","10","2022","7","39.974908","-75.162051","1644","6","0","0","0","0","0","1","0","0","","0","0","0","","","1","","1","","39 58:29.670","","0","75 09:43.385","3","0","0","0","67301","0","0","0","N","0","0","0","3","67301","0","","1.0","","1","N","N","Y","0","","1","0","2","","2","","","3","1","0","0","0","0","1","2","0","3","","03","","N","","","","","","","","","",""
"2022101854","0400","0","0","0","0","0","0","0","0","0","1","0","","67","10","2022","1","39.971906","-75.159275","0355","6","0","0","0","0","0","0","0","0","","0","0","0","","","0","N","0","","39 58:18.860","","0","75 09:33.390","9","0","0","0","67301","0","0","0","N","0","0","0","2","67301","0","","1.0","","1","N","N","N","0","","0","0","1","","0","","","3","0","0","0","0","0","2","2","1","3","","03","","N","","","","","","","","","",""
"2022095574","0838","1","0","0","0","0","0","0","0","0","5","0","","67","10","2022","1","39.934742","-75.189358","0838","6","0","0","0","0","0","0","0","0","","0","0","0","","","0","N","0","","39 56:05.070","2","0","75 11:21.690","0","0","0","0","67301","0","0","0","N","0","0","0","2","67301","0","","6.0","930.0","1","N","N","N","0","","0","0","2","","0","N","","3","0","0","0","0","0","0","2","0","3","","03","","N","","","","","","","","","",""
"2022094158","0200","1","0","0","0","0","0","0","0","0","4","0","","67","10","2022","2","39.992347","-75.154811","0157","6","0","0","0","0","0","1","0","0","","0","0","0","","","1","","2","","39 59:32.449","","0","75 09:17.320","3","0","0","0","67301","0","0","0","N","0","0","0","2","67301","0","","1.0","","1","N","N","N","0","","1","0","0","","0","","","2","1","1","0","0","0","0","2","0","2","","03","","N","","","","","","","","","",""
"2022122923","2119","1","0","0","0","0","0","0","0","0","4","0","","67","12","2022","6","40.028188","-75.058561","2110","6","0","0","0","0","0","0","0","0","","0","0","0","","","0","","2","","40 01:41.478","","0","75 03:30.821","0","0","0","0","67301","0","0","0","N","0","0","0","2","67301","0","","1.0","","1","N","N","N","0","","0","0","1","","3","","","2","0","0","0","0","0","0","2","0","2","","","","N","","","","","","","","","",""
"2022095733","2040","1","0","0","0","0","0","0","0","0","5","0","","67","10","2022","7","40.067997","-75.168869","2033","6","0","0","0","0","0","1","0","0","","0","0","0","","","0","N","0","","40 04:04.790","","0","75 10:07.930","0","0","0","0","67301","0","0","0","N","0","0","0","1","67301","0","","6.0","","1","N","N","N","0","","0","0","3","","0","","","4","0","1","0","0","0","0","2","0","4","","03","","N","","","","","","","","","",""
"2022091602","1200","1","0","0","0","0","0","0","0","0","1","0","","67","10","2022","3","40.090799","-75.064361","1200","6","0","0","0","0","0","1","0","0","","0","0","0","","","1","","2","","40 05:26.876","","0","75 03:51.699","3","0","0","0","67301","0","0","0","N","0","0","0","3","67301","0","","1.0","","9","N","N","N","0","","1","0","1","","3","","","2","1","0","0","0","0","0","2","0","2","","","","N","","","","","","","","","",""
"2022102154","1546","0","0","0","0","0","0","0","0","0","1","0","","67","10","2022","1","39.957181","-75.156653","1527","6","0","0","0","0","0","1","0","0","","0","0","0","","","0","N","0","","39 57:25.850","4","0","75 09:23.952","0","0","0","0","67301","0","0","0","N","0","0","0","4","68K01","0","","1.0","1610.0","9","N","N","N","0","","0","0","2","","0","N","","2","0","0","0","0","0","0","2","0","2","","","","N","","","","","","","","","",""
"2022123465","0802","0","0","0","0","0","0","0","0","0","4","0","","67","10","2022","3","39.968836","-75.24543","0802","6","0","0","0","0","0","1","0","0","","0","0","0","","","0","","1","","39 58:07.811","","0","75 14:43.548","9","0","0","0","67301","0","0","0","N","0","0","0","4","67301","0","","1.0","","9","N","N","N","0","","0","0","0","","2","","","2","0","1","0","0","0","1","2","1","2","","04","","N","","","","","","","","","",""
"2022098898","1140","0","0","0","0","0","0","0","0","0","4","0","","67","10","2022","5","39.98564","-75.18772","1125","6","0","0","0","0","0","1","0","0","","0","0","0","","","1","","2","","39 59:08.305","","0","75 11:15.792","4","0","0","1","67301","0","0","0","N","0","0","0","2","67301","1","","1.0","","1","N","N","N","0","","0","0","1","","0","","","2","1","0","0","0","0","0","2","0","2","","03","","N","","","","","","","","","",""
"2022094518","1215","1","0","0","0","0","0","0","0","0","5","0","","67","10","2022","2","40.080757","-75.028601","0006","6","0","0","0","0","0","0","0","0","","0","0","0","","","1","","1","","40 04:50.725","1","0","75 01:42.964","4","0","0","0","67301","0","0","0","N","0","0","0","3","67301","1","","1.0","50.0","1","N","N","N","1","","0","0","1","","2","N","","3","1","0","0","0","0","0","2","0","3","","03","","N","","","","","","","","","",""
"2022093820","0508","0","0","0","0","0","0","0","0","0","7","0","","67","10","2022","2","40.012048","-75.181728","0508","6","0","0","0","0","0","0","0","0","","0","0","0","","","1","N","0","","40 00:43.373","2","0","75 10:54.222","3","0","0","0","67301","0","0","0","N","0","0","0","1","67301","0","","3.0","537.0","8","N","N","N","0","","1","0","1","","0","N","","1","1","0","0","0","0","0","2","0","1","","07","","N","","","","","","","","","",""
"2022118459","1022","0","0","0","0","0","0","0","0","0","7","0","","67","10","2022","5","39.975633","-75.194874","1012","6","0","0","0","0","0","0","0","0","","0","0","0","","","1","N","0","","39 58:32.277","","0","75 11:41.547","8","0","0","0","67301","0","0","0","N","0","0","0","1","68K01","0","","3.0","","1","N","N","N","1","","0","0","0","","0","","","1","1","0","0","0","1","0","2","0","1","","03","","N","","","","","","","","","",""
"2022095230","1615","0","0","0","0","0","0","0","0","0","4","0","","67","10","2022","4","40.040715","-75.029938","1615","6","0","0","1","0","0","0","0","0","","0","0","0","","","1","","1","","40 02:26.574","","0","75 01:47.778","2","0","1","1","67301","0","0","0","N","0","0","0","4","67301","0","","1.0","","1","N","N","N","1","","0","1","0","","3","","","2","1","0","0","0","0","0","2","0","2","","03","","N","","","","","","","","","",""
"2022095730","1220","2","0","0","0","0","0","0","0","0","5","0","","67","10","2022","6","40.053592","-75.011292","1212","6","0","0","0","0","0","1","0","0","","0","0","0","","","1","N","0","","40 03:12.930","","0","75 00:40.650","3","0","0","0","67301","0","0","0","N","0","0","0","1","67301","0","","6.0","","1","N","N","N","1","","1","0","0","","0","","","3","1","0","0","0","0","0","2","0","3","","","","N","","","","","","","","","",""
"2022124063","1845","1","0","0","0","0","0","0","0","0","4","1","","67","12","2022","7","39.956239","-75.162676","1843","6","0","0","0","0","0","0","1","0","","0","0","0","","","3","","1","","39 57:22.462","1","0","75 09:45.632","3","0","0","0","67301","0","0","0","N","0","0","0","3","67301","0","","1.0","2035.0","1","N","N","Y","1","","3","0","0","","2","Y","","2","3","0","0","0","0","0","2","0","2","","","","N","","","","","","","","","",""
"2022096744","0940","1","0","0","0","0","0","0","0","0","5","0","","67","10","2022","6","39.994522","-75.169425","0933","6","0","0","0","0","0","0","0","0","","0","0","0","","","2","N","0","","39 59:40.280","","0","75 10:09.930","3","0","0","0","67301","1","0","0","N","1","0","0","3","67301","0","","6.0","","1","N","N","N","0","","2","0","0","","0","","","3","2","0","0","0","0","1","2","1","2","","","","N","","","","","","","","","",""
"2022102014","1800","1","0","0","1","0","0","0","0","0","8","0","","67","10","2022","7","39.957933","-75.20792","1800","6","0","0","0","0","0","0","0","0","","0","0","0","","","1","N","0","","39 57:28.558","","0","75 12:28.511","8","0","0","0","67301","1","0","0","N","0","0","0","2","67301","0","","1.0","","99","N","N","N","0","","0","0","0","","0","","","2","1","0","0","0","1","1","2","0","1","","","","N","","","","","","","","","",""
"2022094161","0220","0","0","0","0","0","0","0","0","0","4","0","","67","10","2022","1","39.966549","-75.141693","0215","6","0","0","0","0","0","1","0","0","","0","0","0","","","1","","1","","39 57:59.576","","0","75 08:30.094","4","0","0","0","67301","0","0","0","N","0","0","0","4","67301","1","","1.0","","1","N","N","N","0","","0","0","2","","3","","","2","1","0","0","0","0","0","2","0","2","","03","","N","","","","","","","","","",""
"2022098902","0610","0","0","0","0","0","0","0","0","0","4","0","","67","10","2022","7","40.00834","-75.139544","0602","6","1","0","0","0","0","1","0","0","","0","0","0","","","1","","1","","40 00:30.023","","0","75 08:22.358","2","0","1","1","67301","0","0","0","N","0","0","0","3","67301","0","","1.0","","1","N","N","N","0","","0","1","1","","3","","","2","1","0","0","0","0","0","2","0","2","","03","","N","","","","","","","","","",""
"2022122793","2139","1","0","0","0","0","0","0","0","0","4","0","","67","12","2022","5","39.985265","-75.178794","2139","6","0","0","0","0","0","1","0","0","","0","0","0","","","1","","1","","39 59:06.953","","0","75 10:43.660","4","0","0","0","67301","0","0","0","N","0","0","0","4","67301","1","","1.0","","9","N","N","N","0","","0","0","1","","2","","","2","1","0","0","0","0","1","2","0","2","","","","N","","","","","","","","","",""
"2022104074","0033","2","0","0","0","0","0","0","0","0","5","0","","67","10","2022","4","39.983348","-75.208043","0033","6","0","0","0","0","0","0","0","0","","0","0","0","","","0","N","0","","39 59:00.052","","0","75 12:28.954","9","0","0","0","67301","0","0","0","N","0","0","0","3","68K01","0","","1.0","","9","N","N","N","0","","0","0","0","","0","","","3","0","0","0","0","0","2","2","0","3","","","","N","","","","","","","","","",""
"2022106641","1733","0","0","0","0","0","0","0","0","0","1","0","","67","10","2022","5","40.026734","-75.114024","1733","6","0","0","0","0","0","0","0","0","","0","0","0","","","1","N","0","","40 01:36.242","1","0","75 06:50.486","4","0","0","0","67301","0","0","0","N","0","0","0","2","67301","1","","1.0","1800.0","1","N","N","N","0","","0","0","2","","0","N","","2","1","0","0","0","0","0","2","0","2","","03","","N","","","","","","","","","",""
"2022124513","2202","0","0","0","0","0","0","0","0","0","8","0","","67","12","2022","5","39.964483","-75.134208","2153","6","0","0","0","0","0","0","0","0","","0","0","0","","","2","","1","","39 57:52.138","1","0","75 08:03.150","2","0","0","0","67301","1","0","1","N","1","0","1","2","67301","0","","1.0","2359.0","9","N","N","N","0","","1","1","1","","2","N","","2","2","0","0","0","0","0","2","0","1","","","","N","","","","","","","","","",""
"2022100498","0033","0","0","0","0","0","0","0","0","0","1","0","","67","10","2022","6","39.957898","-75.16205","0033","6","0","0","0","1","0","0","0","0","","0","0","0","","","1","N","0","","39 57:28.434","4","0","75 09:43.381","8","0","0","0","67301","0","0","0","N","0","0","0","2","68K01","0","","1.0","115.0","9","N","N","N","0","","0","0","2","","0","N","","2","1","0","0","0","1","0","2","0","2","","07","","N","","","","","","","","","",""
"2022123663","2120","2","0","0","0","0","0","0","0","0","3","0","","67","12","2022","1","39.952067","-75.246025","2117","6","0","0","0","0","0","0","0","0","","0","0","0","","","0","N","0","","39 57:07.440","","0","75 14:45.690","9","0","0","0","67301","0","0","0","N","0","0","0","1","67301","0","","1.0","","1","N","N","N","0","","0","0","1","","0","","","3","0","0","0","0","0","1","2","0","3","","03","","N","","","","","","","","","",""
"2022098739","0454","1","0","0","0","0","0","0","0","0","4","0","","67","10","2022","3","40.018906","-75.14723","0454","6","0","0","0","0","0","1","0","0","","0","0","0","","","0","","1","","40 01:08.061","","0","75 08:50.029","0","0","0","0","67301","0","0","0","N","0","0","0","2","67301","0","","1.0","","1","N","N","N","0","","0","0","1","","2","","","2","0","0","0","0","0","0","2","0","2","","","","N","","","","","","","","","",""
"2022098260","1341","1","0","0","0","0","0","0","0","0","7","0","","67","10","2022","5","39.945522","-75.232347","1341","6","0","0","0","0","0","0","0","0","","0","0","0","","","0","","2","","39 56:43.879","6","0","75 13:56.449","0","0","0","0","67301","0","0","0","N","0","0","0","2","67301","0","","5.0","1530.0","1","N","N","N","0","","0","0","0","","3","Y","","1","0","2","0","0","0","0","2","0","1","","03","","N","","","","","","","","","",""
"2022095736","0420","2","0","1","0","0","0","0","0","0","4","0","","67","10","2022","1","40.036436","-75.130511","0414","6","0","0","0","0","0","1","0","0","","0","0","0","","","1","","1","","40 02:11.169","","0","75 07:49.839","2","0","0","0","67301","0","0","0","N","0","0","0","2","67301","0","","1.0","","1","N","N","N","0","","0","1","0","","2","","","2","1","1","0","0","0","0","2","0","2","","03","","N","","","","","","","","","",""
"2022100427","0150","0","0","1","0","0","0","0","0","0","4","0","","67","10","2022","1","40.000678","-75.097725","0143","6","0","0","0","0","0","0","0","0","","0","0","0","","","2","","1","","40 00:02.442","","0","75 05:51.811","2","0","0","0","67301","0","0","0","N","0","0","0","6","67301","0","","1.0","","1","N","N","N","0","","0","2","3","","2","","","3","2","0","0","0","0","2","2","0","3","","","","N","","","","","","","","","",""
"2022098059","1528","2","0","0","0","0","0","0","0","0","1","0","","67","10","2022","1","39.997453","-75.181789","1521","6","0","0","0","0","0","0","0","0","","0","0","0","","","0","","2","","39 59:50.829","","0","75 10:54.442","9","0","0","0","67301","0","0","0","N","0","0","0","4","67301","0","","1.0","","1","N","N","N","0","","0","0","0","","2","","","2","0","3","0","0","0","3","2","0","2","","03","","N","","","","","","","","","",""
"2022096715","0100","1","0","0","0","0","0","0","0","0","7","0","","67","10","2022","6","39.902328","-75.149869","0055","6","0","0","0","0","0","0","0","0","","0","0","0","","","1","N","0","","39 54:08.380","","0","75 08:59.530","2","0","0","0","67301","0","0","0","N","0","0","0","1","67301","0","","4.0","","9","N","N","N","0","","0","1","0","","0","","","1","1","0","0","0","0","0","2","0","1","","07","","N","","","","","","","","","",""
"2022100098","0820","0","0","0","0","0","0","0","0","0","8","0","","67","10","2022","5","39.990587","-75.12897","0818","6","0","0","0","0","0","0","0","0","","0","0","0","","","1","","2","","39 59:26.112","","0","75 07:44.292","3","0","0","0","67301","1","0","0","N","1","0","0","2","67301","0","","1.0","","1","N","N","N","0","","1","0","1","","2","","","2","1","0","0","0","0","0","2","0","1","","","","N","","","","","","","","","",""
"2022091374","1143","0","0","0","0","0","0","0","0","0","7","0","","67","10","2022","1","39.995767","-75.154213","1136","6","0","0","0","0","0","0","0","0","","0","0","0","","","0","N","0","","39 59:44.761","","0","75 09:15.168","0","0","0","0","67301","0","0","0","N","0","0","0","1","67301","0","","3.0","","9","N","N","N","0","","0","0","1","","0","","","1","0","1","0","0","0","0","2","0","1","","","","N","","","","","","","","","",""
"2022115551","2145","0","0","0","0","0","0","0","0","0","7","0","","67","10","2022","1","39.961791","-75.182321","2133","6","0","0","0","0","0","0","0","0","","0","0","0","","","1","N","0","","39 57:42.446","6","3","75 10:56.357","8","0","0","0","67301","0","0","0","N","0","0","0","1","68K01","0","","4.0","2205.0","9","N","N","N","0","","0","0","1","","0","N","","1","1","0","0","0","1","0","2","0","1","","04","","N","","","","","","","","","",""
"2022098905","0935","0","0","0","0","0","0","0","0","0","5","0","","67","10","2022","2","39.973975","-75.130075","0931","6","0","0","0","0","0","0","0","0","","0","0","0","","","0","N","0","","39 58:26.310","","0","75 07:48.270","0","0","0","0","67301","0","0","0","N","0","0","0","1","67301","0","","6.0","","9","N","N","N","0","","0","0","2","","0","","","2","0","0","0","0","0","0","2","0","2","","","","N","","","","","","","","","",""
"2022101852","1245","4","0","0","0","0","0","0","0","0","4","0","","67","10","2022","7","39.97343","-75.160756","1244","6","0","0","0","0","0","0","0","0","","0","0","0","","","0","","1","","39 58:24.347","","0","75 09:38.721","9","0","0","0","67301","0","0","0","N","0","0","0","1","67301","0","","1.0","","1","N","N","N","0","","0","0","2","","2","","","6","0","0","0","0","0","1","2","0","6","","04","","N","","","","","","","","","",""
"2022118464","1552","3","0","0","0","0","0","0","0","0","1","0","","67","10","2022","2","39.959673","-75.176209","1541","6","0","0","0","0","0","0","0","0","","0","0","0","","","0","N","0","","39 57:34.822","4","0","75 10:34.353","0","0","0","0","67301","0","0","0","N","0","0","0","3","68K01","0","","1.0","1630.0","1","N","N","N","0","","0","0","0","","0","N","","3","0","0","0","0","0","0","2","0","3","","03","","N","","","","","","","","","",""
"2022124790","0815","1","0","0","0","0","0","0","0","0","4","0","","67","12","2022","2","39.98665","-75.208385","0806","6","0","0","0","0","0","1","0","0","","0","0","0","","","2","","1","","39 59:11.940","1","0","75 12:30.186","3","0","0","0","67301","0","0","0","N","0","0","0","3","68K01","0","","1.0","820.0","1","N","N","N","0","","2","0","1","","3","N","","2","2","0","0","0","0","0","2","0","2","","03","","N","","","","","","","","","",""
"2022124393","1630","0","0","0","0","0","0","1","0","0","5","1","","67","12","2022","2","40.044875","-75.054398","1614","6","0","0","0","0","0","0","1","0","","0","0","0","","","3","N","0","","40 02:41.549","2","0","75 03:15.834","4","0","0","0","67301","0","0","0","N","0","0","0","5","67508","3","","1.0","9999.0","1","N","N","N","0","","0","0","1","","0","N","","2","3","0","0","0","0","0","2","0","2","","03","","N","","","","","","","","","",""
"2022096742","1136","1","0","0","0","0","0","0","0","0","5","0","","67","10","2022","6","39.982238","-75.239875","1125","6","0","0","0","0","0","0","0","0","","0","0","0","","","0","N","0","","39 58:56.058","","0","75 14:23.550","0","0","0","0","67301","0","0","0","N","0","0","0","1","67301","0","","6.0","","1","Y","N","N","0","","0","0","1","","0","","","3","0","0","0","0","0","0","2","1","3","","","","N","","","","","","","","","",""
"2022097452","0220","0","0","0","0","0","0","0","0","0","2","0","","67","10","2022","7","39.983097","-75.118846","0218","6","0","0","0","0","0","0","0","0","","0","0","0","","","0","N","0","","39 58:59.149","","0","75 07:07.844","0","0","0","0","67301","0","0","0","N","0","0","0","1","67301","0","","1.0","","1","N","N","N","0","","0","0","2","","0","","","2","0","1","0","0","0","0","2","0","2","","","","N","","","","","","","","","",""
"2022095884","1145","1","0","0","0","0","0","0","0","0","7","0","","67","10","2022","3","39.911194","-75.162111","1140","6","0","0","0","0","0","0","0","0","","0","0","0","","","0","N","0","","39 54:40.300","","3","75 09:43.600","0","0","0","0","67301","0","0","0","N","0","0","0","1","67501","0","","2.0","","9","N","N","N","0","","0","0","0","","0","","","1","0","0","0","0","0","0","2","0","1","","","","N","","","","","","","","","",""
"2022101607","1925","0","0","0","0","0","0","0","0","0","8","0","","67","10","2022","2","40.043291","-75.052235","1903","6","0","0","0","0","0","0","0","0","","0","0","0","","","1","","1","","40 02:35.849","","0","75 03:08.046","3","0","0","0","67301","1","0","0","N","1","0","0","2","67301","0","","1.0","","9","N","N","N","0","","1","0","1","","2","","","2","1","1","0","0","0","0","2","0","1","","07","","N","","","","","","","","","",""
"2022100523","1643","0","0","0","0","0","0","0","0","0","5","0","","67","10","2022","5","40.027167","-75.09695","1630","6","0","0","0","0","0","0","0","0","","0","0","0","","","0","N","0","","40 01:37.800","","0","75 05:49.020","0","0","0","0","67301","0","0","0","N","0","0","0","2","67301","0","","1.0","","1","N","N","N","0","","0","0","1","","0","","","2","0","2","0","0","0","0","2","1","2","","03","","N","","","","","","","","","",""
"2022098729","0600","0","0","0","0","0","0","0","0","0","5","0","","67","10","2022","1","39.928373","-75.23618","0555","6","0","0","0","0","0","0","0","0","","0","0","0","","","1","N","0","","39 55:42.143","","0","75 14:10.249","3","0","0","0","67301","0","0","0","N","0","0","0","2","67301","0","","6.0","","1","N","N","N","1","","1","0","1","","0","","","2","1","0","0","0","0","0","2","0","2","","03","","N","","","","","","","","","",""
"2022095074","2255","1","0","0","0","0","0","0","0","0","4","0","","67","10","2022","2","39.939674","-75.222944","2235","6","0","0","0","0","0","0","0","0","","0","0","0","","","4","","1","","39 56:22.826","","0","75 13:22.598","3","0","0","0","67301","0","0","0","N","0","0","0","6","67508","2","","1.0","","1","N","N","Y","0","","2","0","0","","2","","","2","4","1","0","0","0","0","2","0","2","","03","","N","","","","","","","","","",""
"2022095731","2135","1","0","0","0","0","0","0","0","0","4","0","","67","10","2022","6","40.059926","-75.018391","2123","6","0","0","0","0","0","0","0","0","","0","0","0","","","2","","1","","40 03:35.733","","0","75 01:06.209","3","0","0","0","67301","0","0","0","N","0","0","0","4","67301","1","","1.0","","1","N","N","N","1","","1","0","0","","2","","","2","2","4","0","0","0","0","2","0","2","","","","N","","","","","","","","","",""
"2022094523","1509","0","0","0","0","0","0","0","0","0","4","0","","67","10","2022","2","40.009868","-75.156024","1508","6","0","1","0","0","0","0","0","0","","0","0","0","","","3","","1","","40 00:35.524","4","0","75 09:21.688","3","0","0","0","67301","0","0","0","N","0","0","0","4","67301","0","","1.0","1540.0","1","N","N","N","0","","3","0","2","","2","N","","2","3","0","0","0","0","0","2","0","2","","03","","N","","","","","","","","","",""
"2022100430","1055","1","0","0","0","0","0","0","0","0","8","0","","67","10","2022","5","40.02758","-75.147134","1051","6","0","0","0","0","0","0","1","0","","0","0","0","","","2","","1","","40 01:39.287","","0","75 08:49.681","3","0","0","0","67301","2","0","0","N","2","0","0","3","67301","1","","1.0","","1","N","N","N","0","","1","0","0","","2","","","3","2","1","0","0","0","1","2","0","1","","","","N","","","","","","","","","",""
"2022093655","0658","0","0","0","0","0","0","0","0","0","7","0","","67","10","2022","2","40.051833","-75.157833","0654","6","0","0","0","0","0","0","0","0","","0","0","0","","","1","N","0","","40 03:06.600","","0","75 09:28.200","3","0","0","0","67301","1","0","0","N","1","0","0","2","67301","0","","4.0","","1","N","N","N","0","","1","0","1","","0","","","2","1","0","0","0","0","0","2","0","1","","03","","N","","","","","","","","","",""
"2022100090","0810","0","0","0","0","0","0","0","0","0","8","0","","67","10","2022","5","39.937278","-75.161806","0752","6","0","0","0","0","0","0","0","0","","0","0","0","","","1","N","0","","39 56:14.200","","0","75 09:42.500","3","0","0","0","67301","1","0","0","N","1","0","0","2","67301","0","","1.0","","1","N","N","N","0","","1","0","1","","0","","","2","1","0","0","0","0","0","2","0","1","","03","","N","","","","","","","","","",""
"2022099174","0106","2","0","0","0","0","0","0","0","0","4","0","","67","10","2022","1","40.056573","-75.030998","0103","6","0","0","0","0","1","0","0","0","","0","0","0","","","0","","1","","40 03:23.662","1","0","75 01:51.591","0","0","0","0","67301","0","0","0","N","0","0","0","2","67301","0","","1.0","130.0","1","N","N","N","0","","0","0","0","","2","Y","","2","0","0","0","0","0","0","2","0","2","","03","","N","","","","","","","","","",""
"2022094008","1650","3","0","0","0","0","0","0","0","0","5","0","","67","10","2022","3","39.979694","-75.153806","1645","6","0","0","0","0","0","0","0","0","","0","0","0","","","0","N","0","","39 58:46.900","2","0","75 09:13.700","0","0","0","0","67301","0","0","0","N","0","0","0","2","67505","0","","6.0","1700.0","1","N","N","N","0","","0","0","1","","0","N","","4","0","0","0","0","0","0","2","0","4","","03","","N","","","","","","","","","",""
"2022123926","1729","1","0","0","0","0","0","0","0","0","8","0","","67","12","2022","1","40.054071","-75.155528","1723","6","0","0","0","0","0","1","0","0","","0","0","0","","","1","","3","","40 03:14.655","","0","75 09:19.900","3","0","0","0","67301","1","0","0","N","1","0","0","2","67301","0","","1.0","","1","N","N","N","0","","1","0","0","","3","","","2","1","0","0","0","0","0","2","0","1","","03","","N","","","","","","","","","",""
"2022100086","1010","0","0","0","0","0","0","0","0","0","8","0","","67","10","2022","6","39.91825","-75.182722","0959","6","0","0","0","0","0","0","0","0","","0","0","0","","","1","","2","","39 55:05.700","","0","75 10:57.800","3","0","0","0","67301","1","0","0","N","1","0","0","2","67301","0","","1.0","","1","N","N","N","1","","1","0","0","","2","","","2","1","1","0","0","0","0","2","0","1","","03","","N","","","","","","","","","",""
"2022094517","0615","1","0","0","1","0","0","0","0","0","8","0","","67","10","2022","2","40.061271","-75.083518","0605","6","0","0","0","0","0","0","0","0","","0","0","0","","","1","","1","","40 03:40.575","","0","75 05:00.664","3","0","0","0","67301","1","0","0","N","0","0","0","2","67301","0","","1.0","","1","N","N","N","0","","1","0","0","","2","","","2","1","1","0","0","0","0","2","0","1","","03","","N","","","","","","","","","",""
"2022123661","0020","1","0","0","0","0","0","0","0","0","1","0","","67","12","2022","1","39.947647","-75.232408","0016","6","0","0","0","0","0","0","0","0","","0","0","0","","","0","N","0","","39 56:51.529","4","0","75 13:56.670","0","0","0","0","67301","0","0","0","N","0","0","0","1","67301","0","","6.0","35.0","2","N","N","N","0","","0","0","0","","0","N","","2","0","1","0","0","0","0","2","1","2","","","","N","","","","","","","","","",""
"2022095008","2113","1","0","0","1","0","0","0","0","0","8","0","","67","10","2022","4","39.921278","-75.161752","2113","6","0","0","0","0","0","0","0","0","","0","0","0","","","1","","2","","39 55:16.600","","0","75 09:42.307","3","0","0","0","67301","1","0","0","N","0","0","0","2","67301","0","","1.0","","99","N","N","N","0","","1","0","0","","3","","","2","1","1","0","0","0","0","2","0","1","","","","N","","","","","","","","","",""
"2022093808","1658","2","0","0","0","0","0","0","0","0","1","0","","67","10","2022","1","39.927306","-75.231944","1653","6","0","0","0","0","0","0","0","0","","0","0","0","","","3","N","0","","39 55:38.300","6","0","75 13:55.000","3","0","0","0","67301","0","0","0","N","0","0","0","3","67301","0","","1.0","1835.0","1","N","N","N","0","","1","0","0","","0","Y","","2","3","0","0","0","2","0","2","0","2","","03","","N","","","","","","","","","",""
"2022099315","2132","1","0","0","0","0","0","0","0","0","7","0","","67","10","2022","5","39.965846","-75.208229","2132","6","0","0","0","0","0","0","0","0","","0","0","0","","","0","","1","","39 57:57.045","","0","75 12:29.624","0","0","0","0","67301","0","0","0","N","0","0","0","2","67301","0","","4.0","","9","N","N","N","0","","0","0","0","","3","","","1","0","2","0","0","0","0","2","0","1","","07","","N","","","","","","","","","",""