"CRN","ARRIVAL_TM","AUTOMOBILE_COUNT","BELTED_DEATH_COUNT","BELTED_SUSP_SERIOUS_INJ_COUNT","BICYCLE_COUNT","BICYCLE_DEATH_COUNT","BICYCLE_SUSP_SERIOUS_INJ_COUNT","BUS_COUNT","CHLDPAS_DEATH_COUNT","CHLDPAS_SUSP_SERIOUS_INJ_COUNT","COLLISION_TYPE","COMM_VEH_COUNT","CONS_ZONE_SPD_LIM","COUNTY","CRASH_MONTH","CRASH_YEAR","DAY_OF_WEEK","DEC_LATITUDE","DEC_LONGITUDE","DISPATCH_TM","DISTRICT","DRIVER_COUNT_16YR","DRIVER_COUNT_17YR","DRIVER_COUNT_18YR","DRIVER_COUNT_19YR","DRIVER_COUNT_20YR","DRIVER_COUNT_50_64YR","DRIVER_COUNT_65_74YR","DRIVER_COUNT_75PLUS","EST_HRS_CLOSED","FATAL_COUNT","HEAVY_TRUCK_COUNT","HORSE_BUGGY_COUNT","HOUR_OF_DAY","ILLUMINATION","INJURY_COUNT","INTERSECTION_RELATED","INTERSECT_TYPE","LANE_CLOSED","LATITUDE","LN_CLOSE_DIR","LOCATION_TYPE","LONGITUDE","MAX_SEVERITY_LEVEL","MCYCLE_DEATH_COUNT","MCYCLE_SUSP_SERIOUS_INJ_COUNT","MOTORCYCLE_COUNT","MUNICIPALITY","NONMOTR_COUNT","NONMOTR_DEATH_COUNT","NONMOTR_SUSP_SERIOUS_INJ_COUNT","NTFY_HIWY_MAINT","PED_COUNT","PED_DEATH_COUNT","PED_SUSP_SERIOUS_INJ_COUNT","PERSON_COUNT","POLICE_AGCY","POSSIBLE_INJ_COUNT","RDWY_SURF_TYPE_CD","RELATION_TO_ROAD","ROADWAY_CLEARED","ROAD_CONDITION","SCH_BUS_IND","SCH_ZONE_IND","SECONDARY_CRASH","SMALL_TRUCK_COUNT","SPEC_JURIS_CD","SUSP_MINOR_INJ_COUNT","SUSP_SERIOUS_INJ_COUNT","SUV_COUNT","TCD_FUNC_CD","TCD_TYPE","TFC_DETOUR_IND","TIME_OF_DAY","TOTAL_UNITS","TOT_INJ_COUNT","UNBELTED_OCC_COUNT","UNB_DEATH_COUNT","UNB_SUSP_SERIOUS_INJ_COUNT","UNK_INJ_DEG_COUNT","UNK_INJ_PER_COUNT","URBAN_RURAL","VAN_COUNT","VEHICLE_COUNT","WEATHER1","WEATHER2","WORKERS_PRES","WORK_ZONE_IND","WORK_ZONE_LOC","WORK_ZONE_TYPE","WZ_CLOSE_DETOUR","WZ_FLAGGER","WZ_LAW_OFFCR_IND","WZ_LN_CLOSURE","WZ_MOVING","WZ_OTHER","WZ_SHLDER_MDN","WZ_WORKERS_INJ_KILLED"
"2022123653","1835","1","0","0","0","0","0","0","0","0","2","0","","67","12","2022","4","40.00868","-75.068855","1827","6","0","0","0","0","0","0","0","0","","0","0","0","","","2","","1","","40 00:31.249","5","0","75 04:07.877","8","0","0","0","67301","0","0","0","N","0","0","0","2","67301","0","","1.0","1920.0","1","N","N","N","0","","0","0","1","","2","Y","","2","2","0","0","0","2","0","2","0","2","","03","","N","","","","","","","","","",""
"2023005749","1815","2","0","0","0","0","0","0","0","0","1","0","","67","12","2022","7","39.948319","-75.186463","1807","6","0","0","0","0","0","1","0","0","","0","0","0","","","0","N","0","","39 56:53.948","","0","75 11:11.265","0","0","0","0","67301","0","0","0","N","0","0","0","4","68K01","0","","1.0","","1","N","N","N","0","","0","0","0","","0","","","2","0","0","0","0","0","0","2","0","2","","03","","N","","","","","","","","","",""
"2022123927","2139","0","0","0","0","0","0","0","0","0","4","0","","67","12","2022","1","40.036158","-75.165186","2139","6","0","0","0","0","0","1","0","0","","0","0","0","","","0","N","0","","40 02:10.170","4","0","75 09:54.670","0","0","0","0","67301","0","0","0","N","0","0","0","1","67301","0","","1.0","2230.0","1","N","N","N","1","","0","0","1","","0","Y","","2","0","0","0","0","0","0","2","0","2","","03","","N","","","","","","","","","",""
"2022093659","1530","1","0","0","0","0","0","0","0","0","5","0","","67","10","2022","3","39.991417","-75.111033","1525","6","0","0","0","0","0","0","0","0","","0","0","0","","","0","N","0","","39 59:29.100","","0","75 06:39.720","0","0","0","0","67301","0","0","0","N","0","0","0","1","67301","0","","6.0","","9","N","N","N","0","","0","0","1","","0","","","2","0","1","0","0","0","0","2","0","2","","","","N","","","","","","","","","",""
"2022124398","0335","2","0","0","0","0","0","0","0","0","5","1","","67","11","2022","7","39.982272","-75.100246","0324","6","0","0","0","0","0","1","0","0","","0","1","0","","","0","","7","","39 58:56.179","1","2","75 06:00.884","0","0","0","0","67301","0","0","0","N","0","0","0","3","68K01","0","","7.0","423.0","1","N","N","N","0","","0","0","0","","0","Y","","3","0","0","0","0","0","0","2","0","3","","","","N","","","","","","","","","",""
"2022093410","2030","1","0","0","0","0","0","0","0","0","4","1","","67","10","2022","2","40.105161","-75.032846","2027","6","0","0","0","0","0","0","0","0","","0","0","0","","","1","","1","","40 06:18.580","","0","75 01:58.246","8","0","0","0","67301","0","0","0","N","0","0","0","3","67301","0","","1.0","","9","N","N","N","0","","0","0","0","","2","","","2","1","1","0","0","1","0","2","1","2","","07","","N","","","","","","","","","",""
"2023013337","0950","2","0","0","0","0","0","0","0","0","1","0","","67","11","2022","3","40.018906","-75.190306","0948","6","0","0","0","0","0","0","0","0","","0","0","0","","","2","N","0","","40 01:08.062","","0","75 11:25.101","3","0","0","0","67301","0","0","0","N","0","0","0","3","67301","0","","6.0","","9","N","N","N","1","","2","0","0","","0","","","3","2","1","0","0","0","1","2","0","3","","04","","N","","","","","","","","","",""
"2023006296","0945","0","0","0","0","0","0","0","0","0","8","0","","67","10","2022","7","39.995508","-75.115222","0942","6","0","0","0","0","0","1","0","0","","0","0","0","","","1","N","0","","39 59:43.830","","0","75 06:54.800","3","0","0","0","67301","1","0","0","N","1","0","0","2","67301","0","","1.0","","1","N","N","N","0","","1","0","1","","2","","","2","1","1","0","0","0","0","2","0","1","","03","","N","","","","","","","","","",""
"2023012988","0540","1","0","0","0","0","0","0","0","0","4","0","","67","10","2022","2","40.001318","-75.215301","0531","6","0","0","0","0","0","0","1","0","","0","0","0","","","0","","5","","40 00:04.744","","0","75 12:55.083","0","0","0","0","67301","0","0","0","N","0","0","0","2","67301","0","","1.0","","9","N","N","N","0","","0","0","1","","2","","","2","0","2","0","0","0","0","2","0","2","","07","","N","","","","","","","","","",""
"2023006782","0334","1","0","0","0","0","0","0","0","0","7","0","","67","11","2022","4","40.00144","-75.078994","0334","6","0","0","0","0","0","0","0","0","","0","0","0","","","0","N","0","","40 00:05.185","2","0","75 04:44.378","0","0","0","0","67301","0","0","0","N","0","0","0","2","68K01","0","","2.0","400.0","1","N","N","N","0","","0","0","0","","0","N","","1","0","0","0","0","0","0","2","0","1","","","","N","","","","","","","","","",""
"2023006646","2359","1","0","0","0","0","0","0","0","0","5","0","","67","12","2022","2","40.025447","-75.122835","2355","6","0","1","0","0","0","0","0","0","","1","0","0","","","2","N","0","","40 01:31.609","7","0","75 07:22.207","1","0","0","0","67301","0","0","0","N","0","0","0","3","67301","0","2","1.0","225.0","1","N","N","N","0","0","1","1","1","","0","Y","","2","2","2","1","1","0","0","2","0","2","","03","","N","","","","","","","","","",""
"2023003723","","2","0","0","0","0","0","0","0","0","4","0","","67","11","2022","3","39.913083","-75.243294","","6","0","0","0","0","0","0","0","0","","0","0","0","","","5","","1","","39 54:47.100","","0","75 14:35.859","8","0","0","0","67301","0","0","0","N","0","0","0","7","00000","0","","1.0","","1","","","N","0","","0","0","0","","2","","","2","5","1","0","0","5","0","2","0","2","","","","N","","","","","","","","","",""
"2023006299","1100","2","0","0","0","0","0","0","0","0","2","0","","67","12","2022","3","40.013256","-75.108686","1100","6","0","0","0","0","0","0","0","0","","0","0","0","","","2","","1","","40 00:47.721","","0","75 06:31.269","3","0","0","0","67301","0","0","0","N","0","0","0","3","67301","1","","1.0","","1","N","N","N","0","","1","0","0","","3","","","2","2","0","0","0","0","0","2","0","2","","","","N","","","","","","","","","",""
"2023006238","0754","0","0","0","0","0","0","0","0","0","7","0","","67","11","2022","1","40.039057","-75.008493","0741","6","0","0","0","0","0","0","0","0","","0","0","0","","","1","N","0","","40 02:20.605","2","0","75 00:30.575","8","0","0","0","67301","0","0","0","N","0","0","0","1","68K01","0","","3.0","822.0","1","N","N","N","0","","0","0","1","","0","N","","1","1","0","0","0","1","0","2","0","1","","03","","N","","","","","","","","","",""
"2023006295","1950","2","0","0","0","0","0","0","0","0","5","0","","67","9","2022","5","39.993719","-75.118475","1945","6","0","0","0","0","0","0","0","0","","0","0","0","","","0","N","0","","39 59:37.390","","1","75 07:06.510","0","0","0","0","67301","0","0","0","N","0","0","0","1","67301","0","","6.0","","1","N","N","N","0","","0","0","0","","0","","","2","0","0","0","0","0","0","2","0","2","","03","","N","","","","","","","","","",""
"2023005841","2021","3","0","0","0","0","0","0","0","0","5","0","","67","1","2022","2","40.032453","-75.141128","2018","6","0","0","0","0","0","0","0","0","","0","0","0","","","0","N","0","","40 01:56.830","","0","75 08:28.060","0","0","0","0","67301","0","0","0","N","0","0","0","1","67301","0","","6.0","","1","N","N","N","0","","0","0","1","","0","","","4","0","0","0","0","0","0","2","0","4","","03","","N","","","","","","","","","",""
"2023006298","1040","1","0","0","0","0","0","0","0","0","2","0","","67","12","2022","4","40.00713","-75.094069","1040","6","0","0","0","0","0","1","0","0","","0","0","0","","","0","","1","","40 00:25.667","","0","75 05:38.650","0","0","0","0","67301","0","0","0","N","0","0","0","2","67301","0","","1.0","","1","N","N","N","0","","0","0","1","","2","","","2","0","0","0","0","0","0","2","0","2","","","","N","","","","","","","","","",""
"2023005839","1851","1","0","0","0","0","0","0","0","0","8","0","","67","1","2022","7","40.044571","-75.143418","1848","6","0","0","0","0","0","0","0","0","","0","0","0","","","1","N","0","","40 02:40.454","","0","75 08:36.304","2","0","0","0","67301","1","0","1","N","1","0","1","2","67301","0","","1.0","","9","N","N","N","0","","0","1","0","","0","","","2","1","1","0","0","0","0","2","0","1","","","","N","","","","","","","","","",""
"2023006293","1040","1","0","0","0","0","0","0","0","0","5","0","","67","9","2022","5","39.992397","-75.120883","1030","6","0","0","0","0","0","1","0","0","","0","0","0","","","1","N","0","","39 59:32.630","","1","75 07:15.180","4","0","0","0","67301","0","0","0","N","0","0","0","2","67301","1","","1.0","","1","N","N","N","0","","0","0","1","","0","","","2","1","0","0","0","0","0","2","0","2","","03","","N","","","","","","","","","",""
"2023012989","0134","2","0","0","0","0","0","0","0","0","1","0","","67","10","2022","2","39.964022","-75.240339","0131","6","0","0","0","0","0","0","0","0","","0","0","0","","","1","N","0","","39 57:50.480","5","0","75 14:25.220","3","0","0","0","67301","0","0","0","N","0","0","0","1","67301","0","","6.0","255.0","1","N","N","N","1","","1","0","1","","0","Y","","4","1","0","0","0","0","0","2","0","4","","03","","N","","","","","","","","","",""
"2023012665","0645","1","0","0","0","0","0","0","0","0","1","0","","67","12","2022","1","39.941028","-75.195056","0627","6","0","0","0","0","0","0","0","0","","0","0","0","","","0","N","0","","39 56:27.700","4","0","75 11:42.200","0","0","0","0","67301","0","0","0","N","0","0","0","2","68K01","0","","1.0","736.0","1","N","N","N","0","","0","0","1","","0","N","","2","0","0","0","0","0","0","2","0","2","","","","N","","","","","","","","","",""
"2023005838","1105","0","0","0","0","0","0","0","0","0","4","0","","67","9","2022","5","39.99765","-75.107483","1149","6","0","0","0","0","0","0","0","0","","0","0","0","","","1","","1","","39 59:51.539","","0","75 06:26.938","4","0","0","0","67301","0","0","0","N","0","0","0","2","67301","1","","1.0","","1","N","N","N","0","","0","0","2","","3","","","2","1","1","0","0","0","0","2","0","2","","03","","N","","","","","","","","","",""
"2023003928","0238","3","0","0","0","0","0","0","0","0","5","0","","67","12","2022","1","39.992586","-75.130525","0238","6","0","0","0","0","0","0","0","0","","0","0","0","","","0","N","0","","39 59:33.310","","0","75 07:49.890","0","0","0","0","67301","0","0","0","N","0","0","0","1","67301","0","","1.0","","1","N","N","N","0","","0","0","0","","0","","","3","0","0","0","0","0","0","2","0","3","","03","","N","","","","","","","","","",""
"2023005843","2108","2","0","1","0","0","0","0","0","0","2","0","","67","1","2022","3","40.045217","-75.125238","2105","6","0","0","0","0","0","1","0","0","","0","0","0","","","1","N","0","","40 02:42.780","6","0","75 07:30.855","2","0","0","0","67301","0","0","0","N","0","0","0","2","67301","0","","1.0","2300.0","1","N","N","N","0","","0","1","0","","0","Y","","3","1","0","0","0","0","1","2","1","3","","03","","N","","","","","","","","","",""
"2023012673","1528","0","0","0","0","0","0","0","0","0","7","0","","67","12","2022","2","39.911433","-75.154334","1518","6","0","0","0","0","0","0","0","0","","0","0","0","","","0","","7","","39 54:41.159","","2","75 09:15.604","0","0","0","0","67301","0","0","0","Y","0","0","0","2","68K01","0","","4.0","","1","N","N","N","0","","0","0","1","","0","","","1","0","0","0","0","0","0","2","0","1","","03","","N","","","","","","","","","",""
"2023013402","2026","1","0","0","0","0","0","0","0","0","1","0","","67","12","2022","7","39.960097","-75.179659","2020","6","0","0","0","0","0","0","0","0","","0","0","0","","","0","N","0","","39 57:36.350","4","0","75 10:46.771","0","0","0","0","67301","0","0","0","N","0","0","0","3","68K01","0","","1.0","2040.0","9","N","N","Y","0","","0","0","1","","0","N","","2","0","0","0","0","0","0","2","0","2","","07","","N","","","","","","","","","",""
"2023012670","1630","1","0","0","0","0","0","0","0","0","7","0","","67","12","2022","6","40.005167","-75.195893","1629","6","0","0","0","0","0","0","0","0","","0","0","0","","","3","","7","","40 00:18.602","1","2","75 11:45.215","3","0","0","0","67301","0","0","0","N","0","0","0","3","68K01","0","","4.0","1718.0","1","N","N","N","0","","3","0","0","","0","N","","1","3","0","0","0","0","0","2","0","1","","03","","N","","","","","","","","","",""
"2023006294","1712","0","0","0","0","0","0","0","0","0","8","0","","67","9","2022","4","39.996328","-75.113758","1708","6","0","0","0","0","0","0","0","0","","0","0","0","","","1","N","0","","39 59:46.780","","1","75 06:49.530","3","0","0","0","67301","1","0","0","N","1","0","0","2","67301","0","","1.0","","9","N","N","N","0","","1","0","1","","0","","","2","1","1","0","0","0","0","2","0","1","","04","","N","","","","","","","","","",""
"2023004279","0432","1","0","0","0","0","0","0","0","0","1","0","","67","12","2022","7","40.022084","-75.038107","0420","6","0","0","0","0","0","0","0","0","","0","0","0","","","1","N","0","","40 01:19.503","","0","75 02:17.184","4","0","0","0","67301","0","0","0","N","0","0","0","2","68K01","1","","1.0","","1","N","N","N","0","","0","0","1","","0","","","2","1","0","0","0","0","0","2","0","2","","","","N","","","","","","","","","",""
"2023008438","2000","2","0","0","0","0","0","0","0","0","5","0","","67","12","2022","3","39.948086","-75.141775","1951","6","0","0","0","0","0","0","0","0","","0","0","0","","","0","","7","","39 56:53.109","1","2","75 08:30.389","0","0","0","0","67301","0","0","0","N","0","0","0","2","68K01","0","","7.0","2040.0","9","N","N","N","0","","0","0","0","","8","Y","","2","0","0","0","0","0","0","2","0","2","","","","N","","","","","","","","","",""
"2023004280","2324","0","0","0","0","0","0","0","0","0","5","0","","67","12","2022","7","39.975416","-75.194695","2317","6","0","1","0","0","0","0","0","0","","0","0","0","","","1","N","0","","39 58:31.497","3","0","75 11:40.902","4","0","0","0","67301","0","0","0","N","0","0","0","2","68K01","1","","1.0","2330.0","1","N","N","N","0","","0","0","2","","0","N","","2","1","1","0","0","0","0","2","0","2","","","","N","","","","","","","","","",""
"2023004275","0045","1","0","0","0","0","0","0","0","0","7","0","","67","12","2022","3","39.985115","-75.208201","0044","6","0","0","0","0","0","0","0","0","","0","0","0","","","0","","7","","39 59:06.415","","2","75 12:29.525","0","0","0","0","67301","0","0","0","N","0","0","0","1","68K01","0","","7.0","","1","N","N","N","0","","0","0","0","","0","","","1","0","0","0","0","0","0","2","0","1","","","","N","","","","","","","","","",""
"2023003716","","1","0","0","0","0","0","0","0","0","5","0","","67","12","2022","1","39.910056","-75.163028","","6","0","0","0","0","0","0","0","0","","0","0","0","","","1","N","0","","39 54:36.200","","0","75 09:46.900","8","0","0","0","67301","0","0","0","N","0","0","0","2","00000","0","","1.0","","1","","","N","0","","0","0","1","","0","","","2","1","0","0","0","1","0","2","0","2","","","","N","","","","","","","","","",""
"2023002286","0053","0","0","0","0","0","0","0","0","0","4","0","","67","12","2022","6","39.983802","-75.149695","0052","6","0","0","0","0","0","0","0","0","","0","0","0","","","0","","1","","39 59:01.687","","0","75 08:58.902","9","0","0","0","67301","0","0","0","N","0","0","0","2","67301","0","","1.0","","1","N","N","Y","0","","0","0","0","","3","","","2","0","0","0","0","0","1","2","2","2","","","","N","","","","","","","","","",""
"2023002280","0005","2","0","0","0","0","0","0","0","0","4","0","","67","12","2022","5","39.985947","-75.166115","2356","6","0","0","0","0","0","0","0","0","","0","0","0","","","2","","1","","39 59:09.409","3","0","75 09:58.014","3","0","0","0","67301","0","0","0","N","0","0","0","2","67301","1","","1.0","120.0","1","N","N","N","1","","1","0","0","","2","N","","3","2","2","0","0","0","0","2","0","3","","03","","N","","","","","","","","","",""
"2023017568","1534","1","0","0","0","0","0","0","0","0","7","0","","67","12","2022","4","39.95806","-75.163314","1512","6","0","0","0","0","0","0","0","0","","0","0","0","","","1","N","0","","39 57:29.016","4","0","75 09:47.932","4","0","0","0","67301","0","0","0","N","0","0","0","1","68K01","1","","2.0","1540.0","1","N","N","N","0","","0","0","0","","0","N","","1","1","0","0","0","0","0","2","0","1","","03","","N","","","","","","","","","",""
"2023001128","2057","0","0","0","0","0","0","0","0","0","8","0","","67","12","2022","3","39.999214","-75.102158","2057","6","0","0","0","0","0","0","0","0","","0","0","0","","","1","N","0","","39 59:57.170","","0","75 06:07.770","3","0","0","0","67301","1","0","0","N","1","0","0","2","67301","0","","1.0","","1","N","N","N","0","","1","0","1","","0","","","2","1","0","0","0","0","0","2","0","1","","03","","N","","","","","","","","","",""
"2023010021","","1","0","0","0","0","0","0","0","0","4","0","","67","11","2022","6","40.054649","-75.149706","","6","0","0","0","0","0","0","0","0","","0","0","0","","","1","","1","","40 03:16.736","","0","75 08:58.941","8","0","0","0","67301","0","0","0","N","0","0","0","2","00000","0","","1.0","","1","","","N","0","","0","0","1","","2","","","2","1","1","0","0","1","0","2","0","2","","","","N","","","","","","","","","",""
"2023007893","","0","0","0","0","0","0","0","0","0","1","0","","67","12","2022","2","39.933333","-75.143587","","6","0","0","0","0","0","1","0","0","","0","0","0","","","1","","2","","39 55:59.997","","0","75 08:36.914","8","0","0","0","67301","0","0","0","N","0","0","0","2","00000","0","","1.0","","1","","","N","0","","0","0","1","","2","","","2","1","0","0","0","1","0","2","0","2","","","","N","","","","","","","","","",""
"2023000079","1749","0","0","0","0","0","0","0","0","0","1","0","","67","12","2022","6","39.973784","-75.219674","1749","6","0","0","0","0","0","0","1","0","","0","0","0","","","1","","1","","39 58:25.623","","0","75 13:10.826","3","0","0","0","67301","0","0","0","N","0","0","0","3","67301","0","","1.0","","1","N","N","N","0","","1","0","0","","2","","","2","1","0","0","0","0","0","2","2","2","","","","N","","","","","","","","","",""
"2023003721","","1","0","0","0","0","0","0","0","0","4","1","","67","10","2022","5","40.011671","-75.069854","","6","0","0","0","0","0","1","1","0","","0","1","0","","","0","","1","","40 00:42.017","","0","75 04:11.475","0","0","0","0","67301","0","0","0","N","0","0","0","2","00000","0","","1.0","","1","","","N","0","","0","0","0","","2","","","2","0","1","0","0","0","0","2","0","2","","","","N","","","","","","","","","",""
"2023012675","1510","0","0","0","0","0","0","0","0","0","1","0","","67","12","2022","3","40.049662","-74.995128","1441","6","0","0","0","0","0","1","1","0","","0","0","0","","","1","N","0","","40 02:58.784","","0","74 59:42.459","3","0","0","0","67301","0","0","0","N","0","0","0","3","68K01","0","","1.0","","1","N","N","N","0","","1","0","2","","0","","","2","1","0","0","0","0","0","2","0","2","","03","","N","","","","","","","","","",""
"2023016419","0515","0","0","0","0","0","0","0","0","0","7","0","","67","8","2022","5","40.039655","-75.006706","0501","6","0","0","0","0","0","0","0","0","","0","0","0","","","0","N","0","","40 02:22.759","1","0","75 00:24.142","0","0","0","0","67301","0","0","0","N","0","0","0","1","68K01","0","","4.0","546.0","9","N","N","N","0","","0","0","0","","0","N","","1","0","0","0","0","0","0","2","1","1","","07","","N","","","","","","","","","",""
"2023012674","1845","1","0","0","0","0","0","0","0","0","5","0","","67","12","2022","2","39.956743","-75.152371","1824","6","0","0","0","0","0","0","0","0","","0","0","0","","","0","","6","","39 57:24.276","","2","75 09:08.534","0","0","0","0","67301","0","0","0","N","0","0","0","2","68K01","0","","1.0","","1","N","N","N","0","","0","0","0","","0","","","2","0","0","0","0","0","0","2","0","2","","","","N","","","","","","","","","",""
"2023003929","1140","1","0","0","0","0","0","0","0","0","7","0","","67","12","2022","4","39.977987","-75.110459","1140","6","0","0","0","0","0","0","0","0","","0","0","0","","","0","","2","","39 58:40.754","","0","75 06:37.653","0","0","0","0","67301","0","0","0","N","0","0","0","1","67301","0","","5.0","","1","N","N","N","0","","0","0","0","","3","","","1","0","0","0","0","0","0","2","0","1","","03","","N","","","","","","","","","",""
"2023009758","1220","0","0","0","0","0","0","0","0","0","5","0","","67","12","2022","1","39.929429","-75.197413","1220","6","0","0","0","0","0","0","1","0","","0","0","0","","","1","N","0","","39 55:45.943","","0","75 11:50.688","8","0","0","0","67301","0","0","0","N","0","0","0","6","68K01","0","","1.0","","1","N","N","N","0","","0","0","2","","0","","","2","1","0","0","0","1","1","2","0","2","","","","N","","","","","","","","","",""
"2023000342","1703","1","0","0","0","0","0","1","0","0","4","1","","67","12","2022","4","39.986979","-75.149001","1650","6","0","0","0","0","0","0","0","0","","0","0","0","","","2","","1","","39 59:13.126","","0","75 08:56.402","8","0","0","0","67301","0","0","0","N","0","0","0","5","67508","0","","1.0","","1","N","N","N","0","","0","0","0","","2","","","2","2","0","0","0","2","2","2","0","2","","03","","N","","","","","","","","","",""
"2023019167","","2","0","0","0","0","0","0","0","0","4","0","","67","12","2022","4","39.945651","-75.173263","","6","0","0","0","0","0","0","0","0","","0","0","0","","","3","","1","","39 56:44.343","","0","75 10:23.746","8","0","0","0","67301","0","0","0","N","0","0","0","3","00000","0","","1.0","","1","","","N","0","","0","0","0","","2","","","2","3","0","0","0","3","0","2","0","2","","","","N","","","","","","","","","",""
"2023001124","1319","0","0","0","0","0","0","0","0","0","7","0","","67","12","2022","4","39.994444","-75.182833","1311","6","0","0","0","0","0","0","0","0","","0","0","0","","","0","N","0","","39 59:40.000","","0","75 10:58.200","9","0","0","0","67301","0","0","0","N","0","0","0","1","67301","0","","5.0","","9","N","N","N","0","","0","0","1","","0","","","1","0","0","0","0","0","1","2","0","1","","","","N","","","","","","","","","",""
"2023000465","0747","0","0","0","0","0","0","0","0","0","7","0","","67","12","2022","4","40.035561","-75.01702","0724","6","0","0","0","0","0","0","1","0","","0","0","0","","","1","N","0","","40 02:08.019","","0","75 01:01.272","3","0","0","0","67301","0","0","0","N","0","0","0","3","68K01","0","","4.0","","9","N","N","N","0","","1","0","1","","0","","","2","1","0","0","0","0","0","2","1","2","","","","N","","","","","","","","","",""
"2023009746","2123","1","0","0","0","0","0","0","0","0","1","0","","67","12","2022","3","39.969716","-75.125794","2123","6","0","0","0","0","0","0","0","0","","0","0","0","","","2","N","0","","39 58:10.979","","3","75 07:32.858","8","0","0","0","67301","0","0","0","N","0","0","0","3","68K01","0","","1.0","","9","N","N","N","0","","0","0","1","","0","","","2","2","0","0","0","2","0","2","0","2","","","","N","","","","","","","","","",""
"2023006181","1346","0","0","0","1","0","1","0","0","0","8","0","","67","12","2022","2","39.959603","-75.195643","1338","6","0","1","0","0","0","0","0","0","","0","0","0","","","1","","1","","39 57:34.572","","0","75 11:44.314","2","0","0","0","67301","1","0","1","N","0","0","0","3","67301","0","","1.0","","1","N","N","N","1","","0","1","0","","2","","","2","1","2","0","0","0","0","2","0","1","","03","","N","","","","","","","","","",""
"2023014550","","0","0","0","0","0","0","0","0","0","1","0","","67","12","2022","6","40.048343","-75.093404","","6","0","0","0","0","0","1","0","0","","0","0","0","","","1","Y","0","","40 02:54.036","","0","75 05:36.253","8","0","0","0","67301","0","0","0","N","0","0","0","2","00000","0","","1.0","","1","","","N","1","","0","0","0","","2","","","2","1","0","0","0","1","0","2","0","2","","","","N","","","","","","","","","",""
"2023003927","0440","0","0","0","0","0","0","0","0","0","7","0","","67","12","2022","6","39.992778","-75.094167","0429","6","0","0","0","0","0","0","0","0","","0","0","0","","","0","N","0","","39 59:34.000","","0","75 05:39.000","9","0","0","0","67301","0","0","0","N","0","0","0","1","67301","0","","5.0","","1","N","N","N","0","","0","0","0","","0","","","1","0","0","0","0","0","1","2","1","1","","","","N","","","","","","","","","",""
"2023003053","1411","0","0","0","0","0","0","0","0","0","5","0","","67","12","2022","6","39.986125","-75.092286","1411","6","0","0","1","0","0","0","0","0","","0","0","0","","","1","N","0","","39 59:10.049","","0","75 05:32.229","3","0","0","0","67301","0","0","0","N","0","0","0","3","68K01","0","","1.0","","1","N","N","N","0","","1","0","2","","0","","","2","1","0","0","0","0","0","2","0","2","","03","","N","","","","","","","","","",""
"2023014547","","2","0","0","0","0","0","0","0","0","3","0","","67","9","2022","2","40.113139","-75.023306","","6","0","0","0","0","0","1","0","0","","0","0","0","","","1","Y","0","","40 06:47.300","","0","75 01:23.900","8","0","0","0","67301","0","0","0","N","0","0","0","2","00000","0","","1.0","","1","","","N","0","","0","0","0","","2","","","2","1","1","0","0","1","0","2","0","2","","","","N","","","","","","","","","",""
"2023000197","0020","2","0","0","0","0","0","0","0","0","5","0","","67","12","2022","7","40.053385","-75.055104","0014","6","0","0","0","0","0","0","0","0","","0","0","0","","","0","N","0","","40 03:12.187","1","0","75 03:18.376","0","0","0","0","67301","0","0","0","N","0","0","0","1","67301","0","","6.0","145.0","1","N","N","Y","1","","0","0","0","","0","N","","3","0","1","0","0","0","0","2","0","3","","","","N","","","","","","","","","",""
"2023003828","0157","1","0","0","0","0","0","0","0","0","1","0","","67","12","2022","4","39.955244","-75.202361","0152","6","0","0","0","0","1","0","0","0","","0","0","0","","","0","N","0","","39 57:18.880","","0","75 12:08.500","9","0","0","0","67301","0","0","0","N","0","0","0","3","67504","0","","6.0","","1","N","N","N","0","","0","0","1","","0","","","2","0","0","0","0","0","3","2","0","2","","03","","N","","","","","","","","","",""
"2023002478","1953","0","0","0","0","0","0","0","0","0","1","0","","67","12","2022","7","39.959758","-75.177877","1939","6","0","0","0","0","0","1","0","0","","0","0","0","","","0","N","0","","39 57:35.130","3","3","75 10:40.358","0","0","0","0","67301","0","0","0","N","0","0","0","2","68K01","0","","1.0","2050.0","1","N","N","N","0","","0","0","2","","0","N","","2","0","0","0","0","0","0","2","0","2","","03","","N","","","","","","","","","",""
"2023016055","0142","4","0","0","0","0","0","0","0","0","5","0","","67","4","2022","7","39.959528","-75.235278","0142","6","0","0","0","0","0","0","0","0","","0","0","0","","","1","N","0","","39 57:34.300","","0","75 14:07.000","4","0","0","0","67301","0","0","0","N","0","0","0","1","67301","1","","6.0","","1","N","N","N","0","","0","0","1","","0","","","5","1","0","0","0","0","0","2","0","5","","03","","N","","","","","","","","","",""
"2023003129","2141","1","0","0","0","0","0","0","0","0","4","0","","67","12","2022","7","39.974704","-75.199479","2141","6","0","0","0","0","0","2","0","0","","0","0","0","","","2","","1","","39 58:28.934","","2","75 11:58.125","3","0","0","0","67301","0","0","0","N","0","0","0","2","67301","0","","1.0","","9","N","N","N","0","","2","0","1","","2","","","2","2","0","0","0","0","0","2","0","2","","07","","N","","","","","","","","","",""