"CRN","ARRIVAL_TM","AUTOMOBILE_COUNT","BELTED_DEATH_COUNT","BELTED_SUSP_SERIOUS_INJ_COUNT","BICYCLE_COUNT","BICYCLE_DEATH_COUNT","BICYCLE_SUSP_SERIOUS_INJ_COUNT","BUS_COUNT","CHLDPAS_DEATH_COUNT","CHLDPAS_SUSP_SERIOUS_INJ_COUNT","COLLISION_TYPE","COMM_VEH_COUNT","CONS_ZONE_SPD_LIM","COUNTY","CRASH_MONTH","CRASH_YEAR","DAY_OF_WEEK","DEC_LATITUDE","DEC_LONGITUDE","DISPATCH_TM","DISTRICT","DRIVER_COUNT_16YR","DRIVER_COUNT_17YR","DRIVER_COUNT_18YR","DRIVER_COUNT_19YR","DRIVER_COUNT_20YR","DRIVER_COUNT_50_64YR","DRIVER_COUNT_65_74YR","DRIVER_COUNT_75PLUS","EST_HRS_CLOSED","FATAL_COUNT","HEAVY_TRUCK_COUNT","HORSE_BUGGY_COUNT","HOUR_OF_DAY","ILLUMINATION","INJURY_COUNT","INTERSECTION_RELATED","INTERSECT_TYPE","LANE_CLOSED","LATITUDE","LN_CLOSE_DIR","LOCATION_TYPE","LONGITUDE","MAX_SEVERITY_LEVEL","MCYCLE_DEATH_COUNT","MCYCLE_SUSP_SERIOUS_INJ_COUNT","MOTORCYCLE_COUNT","MUNICIPALITY","NONMOTR_COUNT","NONMOTR_DEATH_COUNT","NONMOTR_SUSP_SERIOUS_INJ_COUNT","NTFY_HIWY_MAINT","PED_COUNT","PED_DEATH_COUNT","PED_SUSP_SERIOUS_INJ_COUNT","PERSON_COUNT","POLICE_AGCY","POSSIBLE_INJ_COUNT","RDWY_SURF_TYPE_CD","RELATION_TO_ROAD","ROADWAY_CLEARED","ROAD_CONDITION","SCH_BUS_IND","SCH_ZONE_IND","SECONDARY_CRASH","SMALL_TRUCK_COUNT","SPEC_JURIS_CD","SUSP_MINOR_INJ_COUNT","SUSP_SERIOUS_INJ_COUNT","SUV_COUNT","TCD_FUNC_CD","TCD_TYPE","TFC_DETOUR_IND","TIME_OF_DAY","TOTAL_UNITS","TOT_INJ_COUNT","UNBELTED_OCC_COUNT","UNB_DEATH_COUNT","UNB_SUSP_SERIOUS_INJ_COUNT","UNK_INJ_DEG_COUNT","UNK_INJ_PER_COUNT","URBAN_RURAL","VAN_COUNT","VEHICLE_COUNT","WEATHER1","WEATHER2","WORKERS_PRES","WORK_ZONE_IND","WORK_ZONE_LOC","WORK_ZONE_TYPE","WZ_CLOSE_DETOUR","WZ_FLAGGER","WZ_LAW_OFFCR_IND","WZ_LN_CLOSURE","WZ_MOVING","WZ_OTHER","WZ_SHLDER_MDN","WZ_WORKERS_INJ_KILLED"
"2023017889","2155","1","0","0","0","0","0","0","0","0","7","0","","67","12","2022","7","40.039853","-75.006809","2131","6","0","0","0","0","0","0","0","0","","0","0","0","","","1","N","0","","40 02:23.470","2","0","75 00:24.514","4","0","0","0","67301","0","0","0","N","0","0","0","1","68K01","1","","2.0","2234.0","9","N","N","N","0","","0","0","0","","0","Y","","1","1","0","0","0","0","0","2","0","1","","07","","N","","","","","","","","","",""
"2023000470","2223","1","0","0","0","0","0","0","0","0","5","0","","67","12","2022","5","40.003034","-75.078062","2210","6","0","0","0","0","0","0","0","0","","0","0","0","","","0","N","0","","40 00:10.924","2","2","75 04:41.024","0","0","0","0","67301","0","0","0","N","0","0","0","2","68K01","0","","1.0","1025.0","1","N","N","N","0","","0","0","1","","0","N","","2","0","0","0","0","0","0","2","0","2","","03","","N","","","","","","","","","",""
"2023002346","1437","0","0","0","0","0","0","0","0","0","1","0","","67","12","2022","7","39.977334","-75.19984","1425","6","0","0","0","0","0","0","0","0","","0","0","0","","","0","N","0","","39 58:38.404","4","0","75 11:59.424","0","0","0","0","67301","0","0","0","N","0","0","0","3","68K01","0","","1.0","1435.0","9","N","N","N","0","","0","0","2","","0","N","","2","0","0","0","0","0","0","2","0","2","","04","","N","","","","","","","","","",""
"2023019166","","1","0","0","0","0","0","0","0","0","2","0","","67","12","2022","6","40.058818","-75.044171","","6","0","0","0","0","0","0","0","0","","0","0","0","","","3","","1","","40 03:31.744","","0","75 02:39.016","8","0","0","0","67301","0","0","0","N","0","0","0","4","00000","0","","1.0","","1","","","N","0","","0","0","1","","2","","","2","3","1","0","0","3","0","2","0","2","","","","N","","","","","","","","","",""
"2023015905","1445","0","0","0","0","0","0","0","0","0","5","0","","67","12","2022","1","39.959861","-75.178685","1427","6","0","0","0","0","1","0","0","0","","0","0","0","","","0","N","0","","39 57:35.498","3","3","75 10:43.265","0","0","0","0","67301","0","0","0","N","0","0","0","6","68K01","0","","1.0","1520.0","9","N","N","N","0","","0","0","2","","0","N","","2","0","0","0","0","0","0","2","0","2","","04","","N","","","","","","","","","",""
"2023007898","","0","0","0","0","0","0","0","0","0","1","0","","67","12","2022","3","40.030639","-75.158472","","6","0","0","0","0","0","0","1","0","","0","0","0","","","1","N","0","","40 01:50.300","","0","75 09:30.500","8","0","0","0","67301","0","0","0","N","0","0","0","2","00000","0","","1.0","","1","","","N","0","","0","0","1","","0","","","2","1","0","0","0","1","0","2","0","2","","","","N","","","","","","","","","",""
"2023016420","0718","1","0","0","0","0","0","0","0","0","7","0","","67","11","2022","4","40.006999","-75.073153","0707","6","0","0","0","0","0","0","0","0","","0","0","0","","","1","N","0","","40 00:25.196","1","0","75 04:23.349","8","0","0","0","67301","0","0","0","N","0","0","0","1","68K01","0","","2.0","734.0","1","N","N","N","0","","0","0","0","","0","Y","","1","1","0","0","0","1","0","2","0","1","","03","","N","","","","","","","","","",""
"2023009743","1632","1","0","0","0","0","0","0","0","0","5","0","","67","12","2022","7","39.897237","-75.188552","1617","6","0","0","0","0","0","0","0","0","","0","0","0","","","0","N","0","","39 53:50.052","","3","75 11:18.787","0","0","0","0","67301","0","0","0","N","0","0","0","3","68K01","0","","1.0","","9","N","N","N","0","","0","0","1","","0","","","2","0","0","0","0","0","0","2","0","2","","","","N","","","","","","","","","",""
"2023001275","","1","0","0","0","0","0","0","0","0","4","0","","67","12","2022","6","40.005359","-75.182087","","6","0","0","0","0","0","0","0","0","","0","0","0","","","2","N","0","","40 00:19.293","","0","75 10:55.514","8","0","0","0","67301","0","0","0","N","0","0","0","3","00000","0","","1.0","","1","","","N","0","","0","0","0","","0","","","2","2","0","0","0","2","0","2","0","2","","","","N","","","","","","","","","",""
"2023001279","","0","0","0","0","0","0","0","0","0","1","0","","67","12","2022","2","39.954722","-75.144889","","6","0","0","0","0","1","0","0","0","","0","0","0","","","1","N","0","","39 57:17.000","","3","75 08:41.600","8","0","0","0","67301","0","0","0","N","0","0","0","2","00000","0","","1.0","","1","","","N","0","","0","0","2","","0","","","2","1","0","0","0","1","0","2","0","2","","","","N","","","","","","","","","",""
"2023007905","","0","0","0","0","0","0","0","0","0","1","0","","67","12","2022","4","39.937237","-75.198626","","6","0","0","0","0","0","0","1","0","","0","0","0","","","1","N","0","","39 56:14.054","","8","75 11:55.055","8","0","0","0","67301","0","0","0","N","0","0","0","2","00000","0","","1.0","","1","","","N","1","","0","0","1","","0","","","2","1","1","0","0","1","0","2","0","2","","","","N","","","","","","","","","",""
"2023002282","","1","0","0","0","0","0","0","0","0","5","0","","67","12","2022","1","39.979167","-75.170444","","6","0","0","0","0","0","0","0","0","","0","0","0","","","0","N","0","","39 58:45.000","4","0","75 10:13.600","9","0","0","0","67301","0","0","0","N","0","0","0","2","67301","0","","4.0","100.0","1","N","N","N","0","","0","0","3","","0","Y","","4","0","0","0","0","0","2","2","0","4","","","","N","","","","","","","","","",""
"2023012676","","1","0","0","0","0","0","0","0","0","4","0","","67","12","2022","3","39.929944","-75.144444","","6","0","0","0","0","1","0","0","0","","0","0","0","","","1","","1","","39 55:47.800","6","0","75 08:40.000","3","0","0","0","67301","0","0","0","N","0","0","0","2","68K01","0","","1.0","2220.0","1","N","N","N","0","","1","0","1","","2","N","","2","1","0","0","0","0","0","2","0","2","","03","","N","","","","","","","","","",""
"2023000518","","1","0","0","0","0","0","0","0","0","7","0","","67","12","2022","6","39.960472","-75.181083","","6","0","0","0","0","0","0","0","0","","0","0","0","","","0","N","0","","39 57:37.700","4","2","75 10:51.900","0","0","0","0","67301","0","0","0","N","0","0","0","1","68K01","0","","5.0","207.0","9","N","N","N","0","","0","0","0","","0","N","","1","0","0","0","0","0","0","2","0","1","","07","","N","","","","","","","","","",""
"2023009745","","1","0","0","0","0","0","0","0","0","1","0","","67","12","2022","1","39.935476","-75.199848","","6","0","0","0","0","0","1","0","0","","0","0","0","","","1","N","0","","39 56:07.714","","0","75 11:59.451","3","0","0","0","67301","0","0","0","N","0","0","0","2","68K01","0","","1.0","","1","N","N","N","0","","1","0","1","","0","","","2","1","1","0","0","0","0","2","0","2","","","","N","","","","","","","","","",""
"2023010100","","0","0","0","0","0","0","0","0","0","1","0","","67","12","2022","6","39.962568","-75.183366","","6","0","0","0","0","0","0","0","0","","0","0","0","","","0","N","0","","39 57:45.246","","0","75 11:00.119","0","0","0","0","67301","0","0","0","N","0","0","0","2","68K01","0","","1.0","","1","N","N","N","1","","0","0","1","","0","","","2","0","0","0","0","0","0","2","0","2","","03","","N","","","","","","","","","",""
"2023009762","","1","0","0","0","0","0","0","0","0","5","0","","67","12","2022","6","40.028196","-75.023892","","6","0","0","0","0","0","0","0","0","","0","0","0","","","0","N","0","","40 01:41.505","","0","75 01:26.012","0","0","0","0","67301","0","0","0","N","0","0","0","2","68K01","0","","4.0","","2","N","N","N","0","","0","0","1","","0","","","2","0","0","0","0","0","0","2","0","2","","08","","N","","","","","","","","","",""
"2023009526","","1","0","0","0","0","0","0","0","0","7","0","","67","12","2022","7","39.992893","-75.200431","","6","0","0","1","0","0","0","0","0","","0","0","0","","","0","N","0","","39 59:34.416","","0","75 12:01.551","0","0","0","0","67301","0","0","0","N","0","0","0","1","68K01","0","","2.0","","9","N","N","N","0","","0","0","0","","0","","","1","0","0","0","0","0","0","2","0","1","","","","N","","","","","","","","","",""
"2023006297","","3","0","0","0","0","0","0","0","0","5","0","","67","12","2022","1","39.996556","-75.121472","","6","0","0","0","0","0","0","0","0","","0","1","0","","","0","N","0","","39 59:47.600","","0","75 07:17.300","0","0","0","0","67301","0","0","0","N","0","0","0","1","67301","0","","4.0","","9","N","N","N","0","","0","0","2","","5","","","7","0","0","0","0","0","0","2","1","7","","07","","N","","","","","","","","","",""
"2023001421","","0","0","0","0","0","0","0","0","0","5","1","","67","11","2022","7","39.930699","-75.198897","","6","0","0","0","0","0","1","0","0","","0","1","0","","","1","N","0","","39 55:50.518","3","0","75 11:56.029","3","0","0","0","67301","0","0","0","N","0","0","0","2","68K01","0","","1.0","1600.0","1","N","N","N","0","","1","0","1","","0","N","","2","1","0","0","0","0","0","2","0","2","","03","","N","","","","","","","","","",""
"2023008669","","0","0","0","0","0","0","0","0","0","8","0","","67","12","2022","2","39.986069","-75.231942","","6","0","0","0","0","0","0","0","0","","0","0","0","","","1","N","0","","39 59:09.850","","0","75 13:54.990","3","0","0","0","67301","1","0","0","N","1","0","0","2","67301","0","","1.0","","1","N","N","N","0","","1","0","1","","2","","","2","1","1","0","0","0","0","2","0","1","","03","","N","","","","","","","","","",""
"2023001012","","1","0","0","0","0","0","0","0","0","7","0","","67","11","2022","1","39.952554","-75.140989","","6","0","0","0","0","0","0","0","0","","0","0","0","","","1","N","0","","39 57:09.193","","0","75 08:27.560","3","0","0","0","67301","0","0","0","N","0","0","0","1","68K01","0","","2.0","","9","N","N","N","0","","1","0","0","","0","","","1","1","1","0","0","0","0","2","0","1","","","","N","","","","","","","","","",""
"2023009752","","1","0","0","0","0","0","0","0","0","1","0","","67","12","2022","5","39.997674","-75.081792","","6","0","0","0","0","0","0","0","0","","0","0","0","","","0","N","0","","39 59:51.625","","0","75 04:54.450","0","0","0","0","67301","0","0","0","N","0","0","0","2","68K01","0","","1.0","","1","N","N","N","1","","0","0","0","","8","","","2","0","0","0","0","0","0","2","0","2","","","","N","","","","","","","","","",""
"2023000198","","0","0","0","0","0","0","0","0","0","8","0","","67","12","2022","5","39.938555","-75.15632","","6","0","0","0","0","0","0","0","0","","0","0","0","","","1","","1","","39 56:18.799","","0","75 09:22.751","3","0","0","0","67301","1","0","0","N","1","0","0","2","67301","0","","1.0","","1","N","N","N","0","","1","0","0","","2","","","2","1","0","0","0","0","1","2","0","1","","","","N","","","","","","","","","",""
"2023000618","","0","0","0","0","0","0","0","0","0","1","1","","67","12","2022","6","40.016539","-75.128903","","6","0","0","0","0","0","0","0","0","","0","1","0","","","1","N","0","","40 00:59.540","","0","75 07:44.050","3","0","0","0","67301","0","0","0","N","0","0","0","2","67301","0","","6.0","","1","N","N","N","0","","1","0","1","","2","","","2","1","0","0","0","0","0","2","0","2","","","","N","","","","","","","","","",""
"2023003038","","2","0","0","0","0","0","0","0","0","1","0","","67","10","2022","7","39.962358","-75.139746","","6","0","0","0","0","0","0","1","0","","0","0","0","","","1","N","0","","39 57:44.490","","0","75 08:23.084","8","0","0","0","67301","0","0","0","N","0","0","0","2","68K01","0","","1.0","","1","N","N","N","0","","0","0","0","","0","","","2","1","0","0","0","1","0","2","0","2","","03","","N","","","","","","","","","",""
"2023004273","","1","0","0","0","0","0","0","0","0","7","0","","67","12","2022","6","40.026471","-75.027034","","6","0","0","1","0","0","0","0","0","","0","0","0","","","1","N","0","","40 01:35.297","","3","75 01:37.322","3","0","0","0","67301","0","0","0","N","0","0","0","1","68K01","0","","2.0","","1","N","N","N","0","","1","0","0","","0","","","1","1","0","0","0","0","0","2","0","1","","","","N","","","","","","","","","",""
"2023009754","","2","0","0","0","0","0","0","0","0","1","1","","67","12","2022","5","39.967801","-75.131504","","6","0","0","0","0","0","0","0","0","","0","1","0","","","1","N","0","","39 58:04.085","","0","75 07:53.415","3","0","0","0","67301","0","0","0","N","0","0","0","6","68K01","0","","1.0","","9","N","N","N","0","","1","0","0","","0","","","4","1","0","0","0","0","1","2","1","4","","","","N","","","","","","","","","",""
"2023000067","","1","0","0","0","0","0","0","0","0","5","2","","67","12","2022","7","39.951709","-75.141471","","6","0","0","0","0","0","2","0","0","","0","2","0","","","0","","6","","39 57:06.151","","2","75 08:29.297","0","0","0","0","67301","0","0","0","N","0","0","0","4","68K01","0","","1.0","","9","N","N","N","0","","0","0","0","","0","","","3","0","0","0","0","0","0","2","0","3","","","","N","","","","","","","","","",""
"2023006115","","1","0","0","0","0","0","0","0","0","1","0","","67","12","2022","3","39.962194","-75.183","","6","0","0","0","0","0","1","0","0","","0","0","0","","","1","N","0","","39 57:43.900","","0","75 10:58.800","3","0","0","0","67301","0","0","0","N","0","0","0","3","68K01","0","","1.0","","1","N","N","N","0","","1","0","2","","0","","","3","1","0","0","0","0","1","2","0","3","","","","N","","","","","","","","","",""
"2023001980","","1","0","0","0","0","0","0","0","0","4","0","","67","12","2022","6","39.947581","-75.191329","","6","0","0","0","0","0","0","0","1","","0","0","0","","","0","","3","","39 56:51.292","1","0","75 11:28.784","0","0","0","0","67301","0","0","0","N","0","0","0","2","67504","0","","1.0","1355.0","1","N","N","N","0","","0","0","0","","2","Y","","2","0","0","0","0","0","0","2","1","2","","","","N","","","","","","","","","",""
"2023002284","","0","0","0","0","0","0","0","0","0","7","0","","67","12","2022","3","39.975639","-75.191167","","6","0","0","0","0","0","0","0","0","","0","0","0","","","0","N","0","","39 58:32.300","","0","75 11:28.200","9","0","0","0","67301","0","0","0","N","0","0","0","1","67301","0","","4.0","","3","N","N","N","0","","0","0","1","","0","","","1","0","0","0","0","0","1","2","0","1","","04","","N","","","","","","","","","",""
"2023005744","","1","0","0","0","0","0","0","0","0","7","0","","67","12","2022","5","39.961278","-75.182222","","6","0","0","0","0","0","0","0","0","","0","0","0","","","1","N","0","","39 57:40.600","","2","75 10:56.000","3","0","0","0","67301","0","0","0","N","0","0","0","1","68K01","0","","4.0","","1","N","N","N","0","","1","0","0","","0","","","1","1","0","0","0","0","0","2","0","1","","","","N","","","","","","","","","",""
"2023009751","","1","0","0","0","0","0","0","0","0","1","0","","67","12","2022","5","39.992338","-75.085734","","6","0","0","0","0","0","1","0","0","","0","0","0","","","1","N","0","","39 59:32.416","","0","75 05:08.641","3","0","0","0","67301","0","0","0","N","0","0","0","4","68K01","0","","1.0","","1","N","N","N","0","","1","0","2","","8","","","3","1","0","0","0","0","0","2","0","3","","","","N","","","","","","","","","",""
"2023009744","","1","0","0","0","0","0","0","0","0","1","0","","67","12","2022","1","39.958468","-75.16651","","6","0","0","0","0","0","0","0","0","","0","0","0","","","0","N","0","","39 57:30.484","","0","75 09:59.436","0","0","0","0","67301","0","0","0","N","0","0","0","2","68K01","0","","1.0","","1","N","N","N","0","","0","0","1","","0","","","2","0","0","0","0","0","0","2","0","2","","03","","N","","","","","","","","","",""
"2023000608","","1","0","0","0","0","0","0","0","0","7","0","","67","12","2022","7","40.076214","-75.054656","","6","0","1","0","0","0","0","0","0","","0","0","0","","","0","N","0","","40 04:34.370","","0","75 03:16.760","0","0","0","0","67301","0","0","0","N","0","0","0","5","67301","0","","4.0","","9","N","N","N","0","","0","0","0","","0","","","1","0","0","0","0","0","0","2","0","1","","05","","N","","","","","","","","","",""
"2023009749","","1","0","0","0","0","0","0","0","0","7","0","","67","12","2022","4","40.035421","-75.0179","","6","0","0","0","0","0","0","0","0","","0","0","0","","","0","N","0","","40 02:07.515","2","0","75 01:04.440","0","0","0","0","67301","0","0","0","N","0","0","0","1","68K01","0","","2.0","1400.0","1","N","N","N","0","","0","0","0","","0","N","","1","0","0","0","0","0","0","2","0","1","","","","N","","","","","","","","","",""
"2023000468","","0","0","0","0","0","0","0","0","0","8","0","","67","10","2022","4","39.951002","-75.183006","","6","0","0","0","0","0","0","0","0","","0","0","0","","","1","N","0","","39 57:03.608","","0","75 10:58.822","3","0","0","0","67301","1","0","0","N","1","0","0","2","68K01","0","","4.0","","1","N","N","Y","0","","1","0","0","","0","","","2","1","0","0","0","0","0","2","0","1","","","","N","","","","","","","","","",""
"2023012667","","1","0","0","0","0","0","0","0","0","7","0","","67","12","2022","4","39.989092","-75.206626","","6","0","0","0","0","0","0","0","0","","0","0","0","","","1","N","0","","39 59:20.730","3","0","75 12:23.855","3","0","0","0","67301","0","0","0","N","0","0","0","1","68K01","0","","4.0","12.0","1","N","N","N","0","","1","0","0","","0","N","","1","1","1","0","0","0","0","2","0","1","","","","N","","","","","","","","","",""
"2023000320","","1","0","0","0","0","0","0","0","0","1","0","","67","12","2022","7","40.037648","-75.012371","","6","0","0","0","0","0","0","0","0","","0","0","0","","","1","N","0","","40 02:15.532","","0","75 00:44.534","8","0","0","0","67301","0","0","0","N","0","0","0","3","68K01","0","","3.0","","9","N","N","N","0","","0","0","1","","0","","","2","1","0","0","0","1","0","2","0","2","","","","N","","","","","","","","","",""
"2023009753","","1","0","0","0","0","0","0","0","0","5","0","","67","12","2022","5","39.948588","-75.141647","","6","0","0","0","0","0","0","0","0","","0","0","0","","","1","N","0","","39 56:54.915","1","0","75 08:29.930","8","0","0","0","67301","0","0","0","N","0","0","0","2","68K01","0","","1.0","727.0","1","N","N","N","0","","0","0","0","","0","N","","2","1","0","0","0","1","1","2","0","2","","","","N","","","","","","","","","",""
"2023001429","","1","0","0","0","0","0","0","0","0","7","0","","67","11","2022","6","40.033607","-75.019956","","6","0","0","0","0","0","0","0","0","","0","0","0","","","1","N","0","","40 02:00.985","1","3","75 01:11.840","8","0","0","0","67301","0","0","0","N","0","0","0","1","68K01","0","","4.0","725.0","9","N","N","N","0","","0","0","0","","0","N","","1","1","0","0","0","1","0","2","0","1","","","","N","","","","","","","","","",""
"2023010755","","0","0","0","0","0","0","0","0","0","7","0","","67","12","2022","7","39.969643","-75.192317","","6","0","0","0","0","0","0","0","0","","0","0","0","","","1","N","0","","39 58:10.713","4","0","75 11:32.342","8","0","0","0","67301","0","0","0","N","0","0","0","1","68K01","0","","4.0","15.0","9","N","N","N","0","","0","0","1","","0","N","","1","1","0","0","0","1","0","2","0","1","","07","","N","","","","","","","","","",""
"2023001422","","1","0","0","0","0","0","0","0","0","1","0","","67","11","2022","7","39.994673","-75.083759","","6","0","0","0","1","0","0","0","0","","0","0","0","","","5","N","0","","39 59:40.822","1","0","75 05:01.533","3","0","0","0","67301","0","0","0","N","0","0","0","6","68K01","0","","1.0","520.0","1","N","N","N","1","","5","0","1","","0","N","","3","5","1","0","0","0","0","2","0","3","","","","N","","","","","","","","","",""
"2023002281","","1","0","0","0","0","0","0","0","0","5","0","","67","12","2022","6","39.971281","-75.165676","","6","0","0","0","0","0","1","0","0","","0","0","0","","","0","N","0","","39 58:16.611","","0","75 09:56.435","0","0","0","0","67301","0","0","0","N","0","0","0","1","67301","0","","1.0","","1","N","N","N","1","","0","0","0","","0","","","2","0","0","0","0","0","0","2","0","2","","","","N","","","","","","","","","",""
"2023009761","","2","0","0","0","0","0","0","0","0","7","0","","67","12","2022","5","40.034994","-75.018657","","6","0","0","0","0","0","0","0","0","","0","0","0","","","1","N","0","","40 02:05.980","2","0","75 01:07.165","3","0","0","0","67301","0","0","0","N","0","0","0","2","68K01","0","","4.0","1811.0","9","N","N","N","0","","1","0","0","","0","N","","2","1","0","0","0","0","0","2","0","2","","","","N","","","","","","","","","",""
"2023011484","","1","0","0","0","0","0","0","0","0","5","0","","67","12","2022","6","40.030875","-75.02155","","6","0","0","0","0","0","0","0","0","","0","0","0","","","2","N","0","","40 01:51.149","1","0","75 01:17.579","8","0","0","0","67301","0","0","0","N","0","0","0","3","68K01","0","","4.0","1940.0","1","N","N","N","1","","0","0","0","","0","N","","2","2","1","0","0","2","1","2","0","2","","","","N","","","","","","","","","",""
"2023005836","","0","0","0","0","0","0","0","0","0","8","0","","67","10","2022","7","39.941736","-75.157248","","6","0","0","0","0","0","0","0","0","","0","0","0","","","1","","1","","39 56:30.249","","0","75 09:26.093","3","0","0","0","67301","1","0","0","N","1","0","0","2","67301","0","","1.0","","1","N","N","N","0","","1","0","1","","3","","","2","1","1","0","0","0","0","2","0","1","","03","","N","","","","","","","","","",""
"2023009737","","0","0","0","0","0","0","0","0","0","5","0","","67","10","2022","5","39.95976","-75.176904","","6","0","0","0","0","0","0","0","0","","0","0","0","","","0","N","0","","39 57:35.135","","0","75 10:36.855","9","0","0","0","67301","0","0","0","N","0","0","0","2","68K01","0","","1.0","","1","N","N","N","0","","0","0","2","","0","","","2","0","0","0","0","0","1","2","0","2","","03","","N","","","","","","","","","",""
"2023003046","","1","0","0","0","0","0","0","0","0","1","0","","67","11","2022","7","40.037088","-75.013928","","6","0","1","0","0","1","0","0","0","","0","0","0","","","0","N","0","","40 02:13.518","2","0","75 00:50.142","0","0","0","0","67301","0","0","0","N","0","0","0","4","68K01","0","","1.0","1400.0","1","N","N","N","0","","0","0","1","","0","N","","2","0","0","0","0","0","0","2","0","2","","03","","N","","","","","","","","","",""
"2023001125","","0","0","0","0","0","0","0","0","0","4","0","","67","12","2022","4","39.986183","-75.177286","","6","0","0","0","0","0","0","0","0","","0","0","0","","","0","N","0","","39 59:10.260","","0","75 10:38.230","0","0","0","0","67301","0","0","0","N","0","0","0","3","67301","0","","1.0","","1","N","N","N","0","","0","0","2","","0","","","2","0","1","0","0","0","0","2","0","2","","","","N","","","","","","","","","",""
"2023011483","","1","0","0","0","0","0","0","0","0","7","0","","67","12","2022","6","39.960723","-75.181524","","6","0","0","0","0","0","0","0","0","","0","0","0","","","0","N","0","","39 57:38.603","","0","75 10:53.486","0","0","0","0","67301","0","0","0","N","0","0","0","1","68K01","0","","3.0","","9","N","N","N","0","","0","0","0","","0","","","1","0","0","0","0","0","0","2","0","1","","04","","N","","","","","","","","","",""
"2023009216","","0","0","0","0","0","0","0","0","0","7","0","","67","11","2022","6","40.038995","-75.008656","","6","0","0","0","0","0","0","0","0","","0","0","0","","","1","N","0","","40 02:20.383","2","0","75 00:31.160","3","0","0","0","67301","0","0","0","N","0","0","0","1","68K01","0","","3.0","830.0","9","N","N","N","1","","1","0","0","","0","N","","1","1","0","0","0","0","0","2","0","1","","","","N","","","","","","","","","",""
"2023002287","","1","0","0","0","0","0","0","0","0","1","0","","67","12","2022","2","39.993441","-75.186478","","6","0","0","0","0","0","0","0","0","","0","0","0","","","1","N","0","","39 59:36.389","","7","75 11:11.320","8","0","0","0","67301","0","0","0","N","0","0","0","2","67301","0","","1.0","","99","N","N","N","0","","0","0","0","","0","","","2","1","0","0","0","1","1","2","0","2","","03","","N","","","","","","","","","",""
"2023009580","","1","0","0","0","0","0","0","0","0","2","0","","67","8","2022","2","39.986752","-75.187476","","6","0","0","0","0","0","0","0","0","","0","0","0","","","0","N","0","","39 59:12.307","","0","75 11:14.915","0","0","0","0","67301","0","0","0","N","0","0","0","3","67301","0","","1.0","","9","N","N","N","0","","0","0","1","","0","","","2","0","0","0","0","0","0","2","0","2","","03","","N","","","","","","","","","",""
"2023000313","","0","0","0","0","0","0","0","0","0","1","0","","67","12","2022","3","40.015939","-75.05265","","6","0","0","0","0","0","0","0","0","","0","0","0","","","0","N","0","","40 00:57.380","","0","75 03:09.539","9","0","0","0","67301","0","0","0","N","0","0","0","2","68K01","0","","1.0","","1","N","N","N","0","","0","0","1","","0","","","2","0","0","0","0","0","1","2","0","2","","","","N","","","","","","","","","",""
"2023001077","","1","0","0","0","0","0","0","0","0","7","0","","67","12","2022","2","40.032996","-75.020467","","6","0","0","0","0","0","0","0","0","","0","0","0","","","0","N","0","","40 01:58.785","1","0","75 01:13.682","0","0","0","0","67301","0","0","0","N","0","0","0","1","68K01","0","","4.0","340.0","1","N","N","N","0","","0","0","0","","0","N","","1","0","0","0","0","0","0","2","0","1","","","","N","","","","","","","","","",""
"2023003041","","2","0","0","0","0","0","0","0","0","1","0","","67","11","2022","2","40.011865","-75.060071","","6","0","0","0","0","0","1","0","0","","0","0","0","","","1","N","0","","40 00:42.714","","3","75 03:36.255","3","0","0","0","67301","0","0","0","N","0","0","0","6","68K01","0","","1.0","","1","N","N","N","0","","1","0","3","","0","","","5","1","0","0","0","0","0","2","0","5","","03","","N","","","","","","","","","",""
"2023009756","","0","0","0","0","0","0","0","0","0","7","0","","67","12","2022","6","39.945936","-75.142522","","6","0","0","0","0","1","0","0","0","","0","0","0","","","2","N","0","","39 56:45.368","2","0","75 08:33.079","8","0","0","0","67301","0","0","0","N","0","0","0","2","68K01","0","","2.0","1030.0","1","N","N","N","1","","0","0","0","","0","N","","1","2","2","0","0","2","0","2","0","1","","","","N","","","","","","","","","",""
"2023008996","","1","0","0","0","0","0","0","0","0","0","0","","67","12","2022","5","39.912542","-75.14844","","6","0","0","0","0","0","1","0","0","","0","0","0","","","1","N","0","","39 54:45.150","1","0","75 08:54.384","8","0","0","0","67301","0","0","0","N","0","0","0","1","68K01","0","","1.0","1049.0","1","N","N","N","0","","0","0","0","","0","Y","","2","1","0","0","0","1","0","2","0","1","","","","N","","","","","","","","","",""
"2023000477","","1","0","0","0","0","0","0","0","0","7","0","","67","12","2022","2","40.045675","-75.001617","","6","0","0","0","0","0","0","0","0","","0","0","0","","","0","N","0","","40 02:44.430","","0","75 00:05.820","0","0","0","0","67301","0","0","0","Y","0","0","0","1","68K01","0","","5.0","","1","N","N","N","0","","0","0","0","","0","","","1","0","1","0","0","0","0","2","0","1","","","","N","","","","","","","","","",""
"2023000533","","1","0","0","0","0","0","0","0","0","7","0","","67","12","2022","1","39.898717","-75.170834","","6","0","0","0","0","0","0","0","0","","0","0","0","","","1","N","0","","39 53:55.380","","0","75 10:15.003","4","0","0","0","67301","0","0","0","N","0","0","0","1","68K01","1","","4.0","","1","N","N","N","0","","0","0","0","","0","","","1","1","0","0","0","0","0","2","0","1","","03","","N","","","","","","","","","",""