"CRN","ARRIVAL_TM","AUTOMOBILE_COUNT","BELTED_DEATH_COUNT","BELTED_SUSP_SERIOUS_INJ_COUNT","BICYCLE_COUNT","BICYCLE_DEATH_COUNT","BICYCLE_SUSP_SERIOUS_INJ_COUNT","BUS_COUNT","CHLDPAS_DEATH_COUNT","CHLDPAS_SUSP_SERIOUS_INJ_COUNT","COLLISION_TYPE","COMM_VEH_COUNT","CONS_ZONE_SPD_LIM","COUNTY","CRASH_MONTH","CRASH_YEAR","DAY_OF_WEEK","DEC_LATITUDE","DEC_LONGITUDE","DISPATCH_TM","DISTRICT","DRIVER_COUNT_16YR","DRIVER_COUNT_17YR","DRIVER_COUNT_18YR","DRIVER_COUNT_19YR","DRIVER_COUNT_20YR","DRIVER_COUNT_50_64YR","DRIVER_COUNT_65_74YR","DRIVER_COUNT_75PLUS","EST_HRS_CLOSED","FATAL_COUNT","HEAVY_TRUCK_COUNT","HORSE_BUGGY_COUNT","HOUR_OF_DAY","ILLUMINATION","INJURY_COUNT","INTERSECTION_RELATED","INTERSECT_TYPE","LANE_CLOSED","LATITUDE","LN_CLOSE_DIR","LOCATION_TYPE","LONGITUDE","MAX_SEVERITY_LEVEL","MCYCLE_DEATH_COUNT","MCYCLE_SUSP_SERIOUS_INJ_COUNT","MOTORCYCLE_COUNT","MUNICIPALITY","NONMOTR_COUNT","NONMOTR_DEATH_COUNT","NONMOTR_SUSP_SERIOUS_INJ_COUNT","NTFY_HIWY_MAINT","PED_COUNT","PED_DEATH_COUNT","PED_SUSP_SERIOUS_INJ_COUNT","PERSON_COUNT","POLICE_AGCY","POSSIBLE_INJ_COUNT","RDWY_SURF_TYPE_CD","RELATION_TO_ROAD","ROADWAY_CLEARED","ROAD_CONDITION","SCH_BUS_IND","SCH_ZONE_IND","SECONDARY_CRASH","SMALL_TRUCK_COUNT","SPEC_JURIS_CD","SUSP_MINOR_INJ_COUNT","SUSP_SERIOUS_INJ_COUNT","SUV_COUNT","TCD_FUNC_CD","TCD_TYPE","TFC_DETOUR_IND","TIME_OF_DAY","TOTAL_UNITS","TOT_INJ_COUNT","UNBELTED_OCC_COUNT","UNB_DEATH_COUNT","UNB_SUSP_SERIOUS_INJ_COUNT","UNK_INJ_DEG_COUNT","UNK_INJ_PER_COUNT","URBAN_RURAL","VAN_COUNT","VEHICLE_COUNT","WEATHER1","WEATHER2","WORKERS_PRES","WORK_ZONE_IND","WORK_ZONE_LOC","WORK_ZONE_TYPE","WZ_CLOSE_DETOUR","WZ_FLAGGER","WZ_LAW_OFFCR_IND","WZ_LN_CLOSURE","WZ_MOVING","WZ_OTHER","WZ_SHLDER_MDN","WZ_WORKERS_INJ_KILLED"
"2023000615","","1","0","0","0","0","0","0","0","0","5","1","","67","12","2022","5","40.030764","-75.022571","","6","0","0","0","0","0","1","0","0","","0","1","0","","","0","N","0","","40 01:50.752","","7","75 01:21.257","0","0","0","0","67301","0","0","0","N","0","0","0","1","67301","0","","1.0","","1","N","N","N","0","","0","0","0","","0","","","2","0","0","0","0","0","0","2","0","2","","03","","N","","","","","","","","","",""
"2023000612","","2","0","0","0","0","0","0","0","0","1","0","","67","12","2022","7","40.043415","-75.022578","","6","0","0","0","0","0","0","0","0","","0","0","0","","","0","N","0","","40 02:36.293","7","0","75 01:21.282","0","0","0","0","67301","0","0","0","N","0","0","0","1","67301","0","","6.0","5.0","1","N","N","N","0","","0","0","0","","0","N","","2","0","1","0","0","0","0","2","0","2","","03","","N","","","","","","","","","",""
"2023000611","","0","0","0","0","0","0","0","0","0","4","0","","67","12","2022","6","40.086857","-74.971971","","6","0","0","0","0","0","0","1","0","","0","0","0","","","0","","1","","40 05:12.685","","0","74 58:19.097","0","0","0","0","67301","0","0","0","N","0","0","0","2","67301","0","","1.0","","1","N","N","N","0","","0","0","1","","2","","","2","0","0","0","0","0","0","2","1","2","","03","","N","","","","","","","","","",""
"2023019796","","1","0","0","0","0","0","0","0","0","2","0","","67","12","2022","6","40.026458","-75.132678","","6","0","0","0","0","0","0","0","0","","0","0","0","","","4","N","0","","40 01:35.250","5","0","75 07:57.640","2","0","0","0","67301","0","0","0","N","0","0","0","5","67301","0","","1.0","829.0","1","N","N","Y","1","","2","1","4","","0","Y","","6","4","1","0","0","1","0","2","0","6","","03","","N","","","","","","","","","",""
"2023000610","","1","0","0","0","0","0","0","0","0","2","0","","67","12","2022","6","40.093958","-74.989096","","6","1","0","0","0","0","0","0","0","","0","0","0","","","2","","2","","40 05:38.247","","0","74 59:20.747","8","0","0","0","67301","0","0","0","N","0","0","0","2","67301","0","","1.0","","1","N","N","Y","0","","0","0","0","","2","","","2","2","0","0","0","2","0","2","1","2","","03","","N","","","","","","","","","",""
"2023006302","","2","0","0","0","0","0","0","0","0","1","0","","67","12","2022","6","40.005538","-75.104741","","6","0","0","0","0","0","1","0","0","","0","0","0","","","1","Y","0","","40 00:19.937","","0","75 06:17.066","3","0","0","0","67301","0","0","0","N","0","0","0","3","67301","0","","1.0","","1","N","N","N","0","","1","0","1","","2","","","3","1","0","0","0","0","0","2","0","3","","03","","N","","","","","","","","","",""
"2023009525","","1","0","0","0","0","0","0","0","0","5","0","","67","12","2022","6","39.94787","-75.141825","","6","0","0","0","0","0","1","0","0","","0","0","0","","","1","N","0","","39 56:52.333","1","0","75 08:30.570","3","0","0","0","67301","0","0","0","N","0","0","0","2","68K01","0","","1.0","1159.0","1","N","N","N","0","","1","0","1","","0","N","","2","1","0","0","0","0","0","2","0","2","","","","N","","","","","","","","","",""
"2023000782","","0","0","0","0","0","0","0","0","0","8","0","","67","8","2022","2","39.993","-75.1198","","6","0","0","0","0","0","0","0","0","","0","0","0","","","1","N","0","","39 59:34.800","","1","75 07:11.280","3","0","0","0","67301","1","0","0","N","1","0","0","2","67301","0","","1.0","","1","N","N","N","0","","1","0","0","","0","","","2","1","0","0","0","0","1","2","0","1","","","","N","","","","","","","","","",""
"2023000506","","1","0","0","0","0","0","0","0","0","7","0","","67","12","2022","5","39.900458","-75.155941","","6","0","0","0","0","0","0","0","0","","0","0","0","","","1","N","0","","39 54:01.648","1","0","75 09:21.387","3","0","0","0","67301","0","0","0","N","0","0","0","1","68K01","0","","4.0","200.0","1","N","N","N","0","","1","0","0","","0","N","","1","1","0","0","0","0","0","2","0","1","","","","N","","","","","","","","","",""
"2023000066","","1","0","0","0","0","0","0","0","0","7","0","","67","12","2022","5","39.976157","-75.195219","","6","0","0","0","0","0","0","0","0","","0","0","0","","","1","N","0","","39 58:34.166","4","0","75 11:42.788","8","0","0","0","67301","0","0","0","N","0","0","0","1","68K01","0","","2.0","2130.0","1","N","N","N","0","","0","0","0","","0","Y","","1","1","1","0","0","1","0","2","0","1","","","","N","","","","","","","","","",""
"2023012672","","2","0","0","0","0","0","0","0","0","1","0","","67","12","2022","7","39.940432","-75.19553","","6","0","0","0","0","0","0","0","0","","0","0","0","","","0","N","0","","39 56:25.554","4","3","75 11:43.909","0","0","0","0","67301","0","0","0","N","0","0","0","3","68K01","0","","1.0","1733.0","1","N","N","N","0","","0","0","0","","0","N","","2","0","0","0","0","0","0","2","0","2","","03","","N","","","","","","","","","",""
"2023009064","","1","0","0","0","0","0","0","0","0","5","0","","67","12","2022","7","39.979692","-75.144792","","6","0","0","0","0","0","0","0","0","","0","0","0","","","0","N","0","","39 58:46.890","2","0","75 08:41.250","0","0","0","0","67301","0","0","0","N","0","0","0","1","67301","0","","6.0","1118.0","9","N","N","N","0","","0","0","1","","0","Y","","2","0","0","0","0","0","0","2","0","2","","","","N","","","","","","","","","",""
"2023000068","","1","0","0","0","0","0","0","0","0","7","0","","67","12","2022","7","40.043491","-75.00308","","6","0","0","0","1","0","0","0","0","","0","0","0","","","0","N","0","","40 02:36.568","2","0","75 00:11.088","0","0","0","0","67301","0","0","0","N","0","0","0","1","68K01","0","","4.0","1507.0","9","N","N","N","0","","0","0","0","","0","N","","1","0","0","0","0","0","0","2","0","1","","07","","N","","","","","","","","","",""
"2023003529","","1","0","0","0","0","0","0","0","0","8","0","","67","12","2022","7","39.962724","-75.246709","","6","0","0","0","0","0","0","0","0","","0","0","0","","","1","","1","","39 57:45.805","","1","75 14:48.154","3","0","0","0","67301","1","0","0","N","1","0","0","2","67301","0","","1.0","","9","N","N","N","0","","1","0","0","","2","","","2","1","0","0","0","0","0","2","0","1","","05","","N","","","","","","","","","",""
"2023009739","","1","0","0","0","0","0","0","0","0","1","0","","67","12","2022","5","39.968526","-75.129072","","6","0","0","0","0","0","1","0","0","","0","0","0","","","0","N","0","","39 58:06.693","","0","75 07:44.660","9","0","0","0","67301","0","0","0","N","0","0","0","4","68K01","0","","1.0","","1","N","N","N","0","","0","0","1","","0","","","3","0","0","0","0","0","1","2","0","3","","","","N","","","","","","","","","",""
"2023000196","","1","0","0","0","0","0","0","0","0","4","0","","67","12","2022","6","40.041113","-75.100934","","6","0","0","0","0","0","0","0","0","","0","0","0","","","1","","1","","40 02:28.006","","0","75 06:03.362","3","0","0","0","67301","0","0","0","N","0","0","0","3","67301","0","","1.0","","1","N","N","N","0","","1","0","2","","3","","","3","1","0","0","0","0","0","2","0","3","","03","","N","","","","","","","","","",""
"2023000076","","0","0","0","0","0","0","0","0","0","4","0","","67","12","2022","6","39.937441","-75.220255","","6","0","0","0","0","0","1","1","0","","0","0","0","","","2","","1","","39 56:14.787","","0","75 13:12.918","3","0","0","0","67301","0","0","0","N","0","0","0","3","67301","0","","1.0","","1","N","N","N","0","","2","0","2","","3","","","2","2","0","0","0","0","0","2","0","2","","03","","N","","","","","","","","","",""
"2023001979","","0","0","0","0","0","0","0","0","0","8","0","","67","12","2022","3","39.957185","-75.201948","","6","0","0","0","0","0","0","0","0","","0","0","0","","","1","","1","","39 57:25.865","","0","75 12:07.011","8","0","0","0","67301","1","0","0","N","1","0","0","2","67504","0","","1.0","","1","N","N","N","0","","0","0","1","","2","","","2","1","0","0","0","1","0","2","0","1","","03","","N","","","","","","","","","",""
"2023010754","","3","0","0","0","0","0","0","0","0","5","0","","67","12","2022","7","40.038784","-75.009239","","6","0","0","0","0","0","1","0","0","","0","0","0","","","1","N","0","","40 02:19.621","2","0","75 00:33.262","4","0","0","0","67301","0","0","0","N","0","0","0","2","68K01","1","","1.0","30.0","1","N","N","N","0","","0","0","0","","0","N","","3","1","0","0","0","0","0","2","0","3","","03","","N","","","","","","","","","",""
"2023012097","","0","0","0","0","0","0","0","0","0","8","0","","67","12","2022","4","39.944661","-75.165335","","6","0","0","0","0","0","0","0","0","","0","0","0","","","1","","1","","39 56:40.780","","0","75 09:55.207","4","0","0","0","67301","1","0","0","N","1","0","0","2","67301","1","","1.0","","1","N","N","N","0","","0","0","1","","2","","","2","1","1","0","0","0","0","2","0","1","","","","N","","","","","","","","","",""
"2023000226","","1","0","0","0","0","0","0","0","0","7","0","","67","12","2022","7","39.955605","-75.148229","","6","0","0","0","0","1","0","0","0","","0","0","0","","","0","N","0","","39 57:20.179","","2","75 08:53.624","0","0","0","0","67301","0","0","0","N","0","0","0","1","67501","0","","4.0","","9","N","N","N","0","","0","0","0","","0","","","1","0","0","0","0","0","0","2","0","1","","","","N","","","","","","","","","",""
"2023001126","","1","0","0","0","0","0","0","0","0","5","0","","67","12","2022","4","39.974619","-75.159858","","6","0","0","0","0","0","0","0","0","","0","0","0","","","0","N","0","","39 58:28.630","","0","75 09:35.490","0","0","0","0","67301","0","0","0","N","0","0","0","1","67301","0","","6.0","","1","N","N","N","0","","0","0","1","","0","","","2","0","1","0","0","0","0","2","0","2","","03","","N","","","","","","","","","",""
"2023009747","","1","0","0","0","0","0","0","0","0","1","0","","67","12","2022","3","40.051588","-74.989144","","6","0","1","0","0","0","0","0","0","","0","0","0","","","0","N","0","","40 03:05.717","","0","74 59:20.919","0","0","0","0","67301","0","0","0","N","0","0","0","2","68K01","0","","1.0","","1","N","N","N","0","","0","0","1","","0","","","2","0","0","0","0","0","0","2","0","2","","03","","N","","","","","","","","","",""
"2023001274","","0","0","0","0","0","0","0","0","0","8","0","","67","12","2022","7","40.053988","-75.048889","","6","0","0","0","0","0","0","1","0","","0","0","0","","","1","","1","","40 03:14.357","","0","75 02:56.000","3","0","0","0","67301","1","0","0","N","1","0","0","3","67301","0","","1.0","","9","N","N","N","0","","1","0","1","","2","","","2","1","0","0","0","0","0","2","0","1","","05","","N","","","","","","","","","",""
"2023010748","","1","0","0","0","0","0","0","0","0","7","0","","67","12","2022","3","39.976735","-75.197523","","6","0","0","0","0","0","0","0","0","","0","0","0","","","1","N","0","","39 58:36.246","","0","75 11:51.082","8","0","0","0","67301","0","0","0","N","0","0","0","1","68K01","0","","2.0","","1","N","N","N","0","","0","0","0","","0","","","1","1","0","0","0","1","0","2","0","1","","","","N","","","","","","","","","",""
"2023003924","","0","0","0","0","0","0","0","0","0","8","0","","67","12","2022","4","39.964486","-75.20448","","6","0","0","0","0","0","1","0","0","","0","0","0","","","1","N","0","","39 57:52.151","","0","75 12:16.129","3","0","0","0","67301","1","0","0","N","1","0","0","2","67301","0","","1.0","","1","N","N","N","0","","1","0","0","","0","","","2","1","0","0","0","0","0","2","1","1","","03","","N","","","","","","","","","",""
"2023000616","","3","0","0","0","0","0","0","0","0","5","0","","67","12","2022","6","39.932953","-75.169558","","6","0","0","0","0","0","1","0","0","","0","0","0","","","0","N","0","","39 55:58.630","","0","75 10:10.410","0","0","0","0","67301","0","0","0","N","0","0","0","1","67301","0","","6.0","","1","N","N","N","0","","0","0","1","","0","","","4","0","0","0","0","0","0","2","0","4","","03","","N","","","","","","","","","",""
"2023013736","","1","0","0","0","0","0","0","0","0","1","0","","67","12","2022","2","40.021592","-75.139661","","6","0","0","0","0","0","1","0","0","","0","0","0","","","1","N","0","","40 01:17.730","","0","75 08:22.780","3","0","0","0","67301","0","0","0","N","0","0","0","2","67301","0","","1.0","","1","N","N","N","0","","1","0","1","","0","","","2","1","0","0","0","0","1","2","0","2","","","","N","","","","","","","","","",""
"2023001059","","1","0","0","0","0","0","0","0","0","1","0","","67","12","2022","6","39.942632","-75.142907","","6","0","0","0","0","0","0","0","0","","0","0","0","","","2","N","0","","39 56:33.474","1","0","75 08:34.465","8","0","0","0","67301","0","0","0","N","0","0","0","3","68K01","0","","1.0","300.0","9","N","N","N","1","","0","0","1","","0","N","","3","2","0","0","0","2","1","2","0","3","","","","N","","","","","","","","","",""
"2023001272","","1","0","0","0","0","0","1","0","0","4","1","","67","12","2022","3","39.907917","-75.15475","","6","0","0","0","0","0","0","0","0","","0","0","0","","","1","N","0","","39 54:28.500","","7","75 09:17.100","4","0","0","0","67301","0","0","0","N","0","0","0","4","67508","1","","1.0","","1","N","N","N","0","","0","0","0","","2","N","","2","1","1","0","0","0","1","2","0","2","","03","","N","","","","","","","","","",""
"2023009748","","2","0","0","0","0","0","0","0","0","1","0","","67","12","2022","4","39.980861","-75.103528","","6","0","0","0","0","0","0","0","0","","0","0","0","","","2","N","0","","39 58:51.100","","0","75 06:12.700","8","0","0","0","67301","0","0","0","N","0","0","0","4","68K01","0","","1.0","","1","N","N","N","0","","0","0","1","","0","","","3","2","0","0","0","2","0","2","0","3","","","","N","","","","","","","","","",""
"2023006301","","0","0","0","0","0","0","0","0","0","8","0","","67","12","2022","6","39.992344","-75.111542","","6","0","0","0","0","0","0","0","0","","0","0","0","","","1","N","0","","39 59:32.438","","0","75 06:41.551","3","0","0","0","67301","1","0","0","N","1","0","0","2","67301","0","","1.0","","1","N","N","N","0","","1","0","1","","0","","","2","1","0","0","0","0","0","2","0","1","","03","","N","","","","","","","","","",""
"2023005951","","0","0","0","0","0","0","0","0","0","8","0","","67","11","2022","3","40.036065","-75.127653","","6","0","0","0","0","0","0","0","0","","0","0","0","","","1","","1","","40 02:09.833","","0","75 07:39.552","8","0","0","0","67301","1","0","0","N","1","0","0","2","67301","0","","1.0","","1","N","N","N","0","","0","0","0","","2","","","2","1","0","0","0","1","1","2","0","1","","03","","N","","","","","","","","","",""
"2023000783","","0","0","0","0","0","0","0","0","0","8","0","","67","12","2022","3","39.996967","-75.117401","","6","0","0","0","0","0","0","0","0","","0","0","0","","","1","","1","","39 59:49.080","","0","75 07:02.645","8","0","0","0","67301","1","0","0","N","1","0","0","2","67301","0","","1.0","","1","N","N","N","0","","0","0","0","","2","","","2","1","0","0","0","1","0","2","0","1","","","","N","","","","","","","","","",""
"2023003128","","1","0","0","0","0","0","0","0","0","1","0","","67","12","2022","7","39.961206","-75.2134","","6","0","0","0","0","0","0","0","0","","0","0","0","","","1","N","0","","39 57:40.340","","0","75 12:48.240","8","0","0","0","67301","0","0","0","N","0","0","0","1","67301","0","","6.0","","9","N","N","N","0","","0","0","1","","0","","","2","1","1","0","0","1","0","2","0","2","","","","N","","","","","","","","","",""
"2023013338","","1","0","0","0","0","0","0","0","0","8","0","","67","11","2022","4","39.996311","-75.159836","","6","0","0","0","0","0","1","0","0","","0","0","0","","","1","N","0","","39 59:46.720","","0","75 09:35.410","8","0","0","0","67301","1","0","0","N","1","0","0","2","67301","0","","1.0","","1","N","N","N","0","","0","0","0","","0","","","2","1","0","0","0","1","0","2","0","1","","03","","N","","","","","","","","","",""
"2023018323","","1","0","0","0","0","0","0","0","0","8","0","","67","12","2022","2","39.955422","-75.162851","","6","0","0","0","0","0","0","1","0","","0","0","0","","","1","N","0","","39 57:19.518","","0","75 09:46.262","3","0","0","0","67301","1","0","0","N","1","0","0","2","67301","0","","1.0","","1","N","N","N","0","","1","0","0","","2","","","2","1","1","0","0","0","0","2","0","1","","03","","N","","","","","","","","","",""
"2023002894","","1","0","0","0","0","0","0","0","0","4","0","","67","12","2022","3","39.942869","-75.218396","","6","0","0","0","0","0","0","0","0","","0","0","0","","","6","","2","","39 56:34.328","","0","75 13:06.225","4","0","0","0","67301","0","0","0","N","0","0","0","7","67508","6","","1.0","","1","N","N","N","0","","0","0","0","","3","","","2","6","0","0","0","0","1","2","0","2","","03","","N","","","","","","","","","",""
"2023000607","","0","0","0","0","0","0","0","0","0","1","0","","67","12","2022","3","40.126412","-75.014447","","6","0","0","0","0","0","1","0","0","","0","0","0","","","0","N","0","","40 07:35.084","","0","75 00:52.010","9","0","0","0","67301","0","0","0","N","0","0","0","2","67301","0","","1.0","","1","N","N","N","1","","0","0","1","","0","","","2","0","0","0","0","0","1","2","0","2","","04","","N","","","","","","","","","",""
"2023002283","","0","0","0","0","0","0","0","0","0","1","0","","67","12","2022","1","39.9885","-75.160694","","6","0","0","0","0","0","0","0","0","","0","0","0","","","0","","1","","39 59:18.600","2","0","75 09:38.500","0","0","0","0","67301","0","0","0","N","0","0","0","2","67301","0","","1.0","340.0","1","N","N","N","0","","0","0","2","","2","N","","2","0","0","0","0","0","0","2","0","2","","03","","N","","","","","","","","","",""
"2023002033","","0","0","0","0","0","0","0","0","0","5","0","","67","12","2022","7","39.987119","-75.172739","","6","0","0","0","0","0","0","0","0","","0","0","0","","","0","N","0","","39 59:13.630","","0","75 10:21.860","0","0","0","0","67301","0","0","0","N","0","0","0","1","67301","0","","6.0","","1","N","N","N","0","","0","0","1","","0","","","2","0","0","0","0","0","0","2","0","2","","03","","N","","","","","","","","","",""
"2023012098","","2","0","0","0","0","0","0","0","0","4","0","","67","12","2022","2","39.952801","-75.22842","","6","0","0","0","0","0","0","0","0","","0","0","0","","","1","","1","","39 57:10.083","","0","75 13:42.312","8","0","0","0","67301","0","0","0","N","0","0","0","3","67301","0","","1.0","","1","N","N","N","0","","0","0","0","","3","","","2","1","0","0","0","1","1","2","0","2","","03","","N","","","","","","","","","",""
"2023000084","","0","0","0","0","0","0","0","0","0","8","1","","67","12","2022","6","39.969165","-75.133628","","6","0","0","0","0","0","0","0","0","","0","1","0","","","1","N","0","","39 58:08.995","","0","75 08:01.062","4","0","0","0","67301","1","0","0","N","1","0","0","2","67301","1","","1.0","","1","N","N","N","0","","0","0","0","","0","","","2","1","0","0","0","0","0","2","0","1","","","","N","","","","","","","","","",""
"2023000614","","2","0","0","0","0","0","0","0","0","7","0","","67","12","2022","7","40.057394","-75.000659","","6","0","0","0","0","0","0","0","0","","0","0","0","","","1","N","0","","40 03:26.619","","0","75 00:02.371","3","0","0","0","67301","0","0","0","N","0","0","0","1","67301","0","","4.0","","9","N","N","N","0","","1","0","0","","0","","","2","1","0","0","0","0","0","2","0","2","","05","","N","","","","","","","","","",""
"2023000606","","1","0","0","0","0","0","0","0","0","7","0","","67","12","2022","1","40.069528","-75.050722","","6","0","0","0","0","0","0","0","0","","0","0","0","","","0","","1","","40 04:10.300","","0","75 03:02.600","9","0","0","0","67301","0","0","0","N","0","0","0","1","67301","0","","2.0","","1","N","N","N","0","","0","0","0","","1","","","1","0","0","0","0","0","1","2","0","1","","03","","N","","","","","","","","","",""
"2023000081","","2","0","0","0","0","0","0","0","0","5","0","","67","12","2022","5","39.989497","-75.140767","","6","0","0","0","0","1","0","0","0","","0","0","0","","","1","N","0","","39 59:22.190","","0","75 08:26.760","3","0","0","0","67301","0","0","0","N","0","0","0","2","67301","0","","6.0","","1","N","N","N","0","","1","0","0","","0","","","2","1","0","0","0","0","0","2","0","2","","03","","N","","","","","","","","","",""
"2023000605","","1","0","0","0","0","0","0","0","0","8","0","","67","12","2022","7","39.910729","-75.165661","","6","0","0","0","0","0","0","0","0","","0","0","0","","","1","","1","","39 54:38.625","","0","75 09:56.378","3","0","0","0","67301","1","0","0","N","1","0","0","2","67301","0","","1.0","","9","N","N","N","0","","1","0","0","","2","","","2","1","0","0","0","0","0","2","0","1","","","","N","","","","","","","","","",""
"2023007367","","1","0","0","0","0","0","0","0","0","1","0","","67","12","2022","6","40.045331","-75.002337","","6","0","0","0","0","0","2","0","0","","0","0","0","","","2","","3","","40 02:43.190","","2","75 00:08.414","3","0","0","0","67301","0","0","0","N","0","0","0","4","68K01","0","","1.0","","1","N","N","N","0","","2","0","2","","4","","","3","2","0","0","0","0","0","2","0","3","","03","","N","","","","","","","","","",""
"2023000519","","1","0","0","0","0","0","0","0","0","4","0","","67","12","2022","6","39.942136","-75.142985","","6","0","0","0","0","0","0","0","0","","0","0","0","","","0","N","0","","39 56:31.690","","0","75 08:34.746","9","0","0","0","67301","0","0","0","N","0","0","0","2","68K01","0","","1.0","","9","N","N","Y","0","","0","0","1","","0","","","2","0","0","0","0","0","1","2","0","2","","04","","N","","","","","","","","","",""
"2023011481","","1","0","0","0","0","0","0","0","0","1","0","","67","11","2022","3","39.959837","-75.177517","","6","0","0","0","0","0","0","0","0","","0","0","0","","","0","N","0","","39 57:35.414","4","3","75 10:39.062","0","0","0","0","67301","0","0","0","N","0","0","0","3","68K01","0","","1.0","2100.0","1","N","N","N","0","","0","0","2","","0","Y","","3","0","0","0","0","0","0","2","0","3","","03","","N","","","","","","","","","",""
"2023000329","","1","0","0","0","0","0","0","0","0","8","0","","67","12","2022","5","39.999227","-75.147381","","6","0","0","0","0","0","0","0","0","","0","0","0","","","1","","5","","39 59:57.217","","0","75 08:50.570","3","0","0","0","67301","1","0","0","N","1","0","0","2","67301","0","","1.0","","1","N","N","N","0","","1","0","0","","2","","","2","1","0","0","0","0","0","2","0","1","","","","N","","","","","","","","","",""
"2023009759","","1","0","0","0","0","0","0","0","0","1","0","","67","12","2022","4","39.959333","-75.172611","","6","0","0","0","0","0","0","0","0","","0","0","0","","","0","N","0","","39 57:33.600","4","0","75 10:21.400","0","0","0","0","67301","0","0","0","N","0","0","0","2","68K01","0","","1.0","1905.0","1","N","N","N","0","","0","0","1","","0","N","","2","0","0","0","0","0","0","2","0","2","","","","N","","","","","","","","","",""
"2023011868","","2","0","0","0","0","0","0","0","0","1","0","","67","12","2022","5","39.969848","-75.239132","","6","0","0","0","0","0","0","0","0","","0","0","0","","","0","","5","","39 58:11.451","2","0","75 14:20.874","0","0","0","0","67301","0","0","0","N","0","0","0","3","67301","0","","1.0","1034.0","9","N","N","N","0","","0","0","0","","2","N","","2","0","0","0","0","0","0","2","0","2","","07","","N","","","","","","","","","",""
"2023000080","","1","0","0","0","0","0","0","0","0","1","0","","67","12","2022","1","39.991978","-75.237931","","6","0","0","0","0","0","0","1","0","","0","0","0","","","0","N","0","","39 59:31.120","","0","75 14:16.550","0","0","0","0","67301","0","0","0","N","0","0","0","1","67301","0","","6.0","","1","N","N","N","0","","0","0","1","","0","","","2","0","0","0","0","0","0","2","0","2","","","","N","","","","","","","","","",""
"2023000785","","1","0","0","0","0","0","0","0","0","5","1","","67","12","2022","6","40.008485","-75.190852","","6","0","0","0","0","0","0","0","0","","0","1","0","","","2","N","0","","40 00:30.545","","3","75 11:27.067","3","0","0","0","67301","0","0","0","N","0","0","0","3","67301","0","","1.0","","1","N","N","N","0","","2","0","0","","0","","","2","2","2","0","0","0","0","2","0","2","","03","","N","","","","","","","","","",""
"2023006300","","1","0","0","0","0","0","0","0","0","7","0","","67","12","2022","6","40.01275","-75.104583","","6","0","0","0","0","0","0","0","0","","0","0","0","","","0","N","0","","40 00:45.900","4","5","75 06:16.500","0","0","0","0","67301","0","0","0","N","0","0","0","1","67301","0","","6.0","1000.0","1","N","N","N","0","","0","0","0","","0","N","","1","0","1","0","0","0","0","2","0","1","","03","","N","","","","","","","","","",""
"2023001127","","1","0","0","0","0","0","0","0","0","5","0","","67","12","2022","6","39.987822","-75.165694","","6","0","0","0","0","0","0","0","0","","0","0","0","","","0","N","0","","39 59:16.160","","0","75 09:56.500","9","0","0","0","67301","0","0","0","N","0","0","0","1","67301","0","","6.0","","1","N","N","N","0","","0","0","1","","0","","","2","0","0","0","0","0","1","2","0","2","","","","N","","","","","","","","","",""
"2023001273","","1","0","0","0","0","0","0","0","0","8","0","","67","12","2022","7","39.969694","-75.157639","","6","0","0","0","0","0","0","0","0","","0","0","0","","","1","","1","","39 58:10.900","","0","75 09:27.500","4","0","0","0","67301","1","0","0","N","1","0","0","2","67301","1","","1.0","","1","N","N","N","0","","0","0","0","","3","","","2","1","0","0","0","0","1","2","0","1","","03","","N","","","","","","","","","",""
"2023009345","","1","0","0","0","0","0","0","0","0","5","0","","67","12","2022","7","39.966951","-75.133654","","6","0","0","0","0","0","0","0","0","","0","0","0","","","0","N","0","","39 58:01.022","1","3","75 08:01.155","9","0","0","0","67301","0","0","0","N","0","0","0","2","68K01","0","","1.0","105.0","9","N","N","N","0","","0","0","0","","0","Y","","2","0","0","0","0","0","1","2","0","2","","","","N","","","","","","","","","",""
"2023017888","","1","0","0","0","0","0","0","0","0","7","0","","67","12","2022","7","39.934791","-75.145064","","6","0","0","0","0","0","0","0","0","","0","0","0","","","0","N","0","","39 56:05.246","","3","75 08:42.230","0","0","0","0","67301","0","0","0","N","0","0","0","1","68K01","0","","2.0","","9","N","N","N","0","","0","0","0","","0","","","1","0","0","0","0","0","0","2","0","1","","07","","N","","","","","","","","","",""
"2023002288","","2","0","0","0","0","0","0","0","0","4","0","","67","12","2022","5","40.00221","-75.1577","","6","0","0","0","0","0","0","1","0","","0","0","0","","","0","","1","","40 00:07.957","1","0","75 09:27.721","9","0","0","0","67301","0","0","0","N","0","0","0","5","67301","0","","1.0","1410.0","1","N","N","N","0","","0","0","1","","2","N","","3","0","0","0","0","0","2","2","0","3","","03","","N","","","","","","","","","",""
"2023022866","","1","0","0","0","0","0","0","0","0","7","0","","67","12","2022","6","39.944936","-75.142732","","6","0","0","0","0","0","0","0","0","","0","0","0","","","0","N","0","","39 56:41.771","","0","75 08:33.836","0","0","0","0","67301","0","0","0","N","0","0","0","1","68K01","0","","3.0","","9","N","N","N","0","","0","0","0","","0","","","1","0","0","0","0","0","0","2","0","1","","07","","N","","","","","","","","","",""