"CRN","ARRIVAL_TM","AUTOMOBILE_COUNT","BELTED_DEATH_COUNT","BELTED_SUSP_SERIOUS_INJ_COUNT","BICYCLE_COUNT","BICYCLE_DEATH_COUNT","BICYCLE_SUSP_SERIOUS_INJ_COUNT","BUS_COUNT","CHLDPAS_DEATH_COUNT","CHLDPAS_SUSP_SERIOUS_INJ_COUNT","COLLISION_TYPE","COMM_VEH_COUNT","CONS_ZONE_SPD_LIM","COUNTY","CRASH_MONTH","CRASH_YEAR","DAY_OF_WEEK","DEC_LATITUDE","DEC_LONGITUDE","DISPATCH_TM","DISTRICT","DRIVER_COUNT_16YR","DRIVER_COUNT_17YR","DRIVER_COUNT_18YR","DRIVER_COUNT_19YR","DRIVER_COUNT_20YR","DRIVER_COUNT_50_64YR","DRIVER_COUNT_65_74YR","DRIVER_COUNT_75PLUS","EST_HRS_CLOSED","FATAL_COUNT","HEAVY_TRUCK_COUNT","HORSE_BUGGY_COUNT","HOUR_OF_DAY","ILLUMINATION","INJURY_COUNT","INTERSECTION_RELATED","INTERSECT_TYPE","LANE_CLOSED","LATITUDE","LN_CLOSE_DIR","LOCATION_TYPE","LONGITUDE","MAX_SEVERITY_LEVEL","MCYCLE_DEATH_COUNT","MCYCLE_SUSP_SERIOUS_INJ_COUNT","MOTORCYCLE_COUNT","MUNICIPALITY","NONMOTR_COUNT","NONMOTR_DEATH_COUNT","NONMOTR_SUSP_SERIOUS_INJ_COUNT","NTFY_HIWY_MAINT","PED_COUNT","PED_DEATH_COUNT","PED_SUSP_SERIOUS_INJ_COUNT","PERSON_COUNT","POLICE_AGCY","POSSIBLE_INJ_COUNT","RDWY_SURF_TYPE_CD","RELATION_TO_ROAD","ROADWAY_CLEARED","ROAD_CONDITION","SCH_BUS_IND","SCH_ZONE_IND","SECONDARY_CRASH","SMALL_TRUCK_COUNT","SPEC_JURIS_CD","SUSP_MINOR_INJ_COUNT","SUSP_SERIOUS_INJ_COUNT","SUV_COUNT","TCD_FUNC_CD","TCD_TYPE","TFC_DETOUR_IND","TIME_OF_DAY","TOTAL_UNITS","TOT_INJ_COUNT","UNBELTED_OCC_COUNT","UNB_DEATH_COUNT","UNB_SUSP_SERIOUS_INJ_COUNT","UNK_INJ_DEG_COUNT","UNK_INJ_PER_COUNT","URBAN_RURAL","VAN_COUNT","VEHICLE_COUNT","WEATHER1","WEATHER2","WORKERS_PRES","WORK_ZONE_IND","WORK_ZONE_LOC","WORK_ZONE_TYPE","WZ_CLOSE_DETOUR","WZ_FLAGGER","WZ_LAW_OFFCR_IND","WZ_LN_CLOSURE","WZ_MOVING","WZ_OTHER","WZ_SHLDER_MDN","WZ_WORKERS_INJ_KILLED"
"2023023190","","1","1","0","0","0","0","0","0","0","4","0","","67","12","2022","4","40.016622","-75.086356","","6","0","0","0","0","0","0","0","0","","1","0","0","","","1","","1","","40 00:59.839","","0","75 05:10.881","1","0","0","0","67301","0","0","0","N","0","0","0","4","67301","0","2","1.0","","1","N","N","N","0","0","1","0","1","","0","","","3","1","0","0","0","0","0","2","0","3","","03","","N","","","","","","","","","",""
"2023008140","","1","0","0","0","0","0","0","0","0","4","1","","67","11","2022","2","39.894612","-75.236717","","6","0","0","0","0","0","1","0","0","","0","1","0","","","1","","1","","39 53:40.603","","0","75 14:12.181","3","0","0","0","67301","0","0","0","N","0","0","0","2","67301","0","","1.0","","1","N","N","N","0","","1","0","0","","2","","","2","1","0","0","0","0","0","2","0","2","","","","N","","","","","","","","","",""
"2023008999","","1","0","0","0","0","0","0","0","0","7","0","","67","12","2022","7","40.005467","-75.076298","","6","0","0","0","0","0","0","0","0","","0","0","0","","","1","N","0","","40 00:19.682","","8","75 04:34.674","4","0","0","0","67301","0","0","0","N","0","0","0","1","68K01","1","","4.0","","9","N","N","N","0","","0","0","0","","0","","","1","1","0","0","0","0","0","2","0","1","","","","N","","","","","","","","","",""
"2023000473","","3","0","0","0","0","0","0","0","0","5","0","","67","12","2022","1","39.998975","-75.195394","","6","0","0","0","0","1","1","0","0","","0","0","0","","","1","N","0","","39 59:56.309","","0","75 11:43.417","8","0","0","0","67301","0","0","0","N","0","0","0","6","68K01","0","","1.0","","1","N","N","N","0","","0","0","1","","0","","","4","1","0","0","0","1","2","2","0","4","","03","","N","","","","","","","","","",""
"2023009217","","1","0","0","0","0","0","0","0","0","7","0","","67","11","2022","7","39.982852","-75.098986","","6","0","0","0","0","0","0","0","0","","0","0","0","","","0","N","0","","39 58:58.267","","0","75 05:56.348","0","0","0","0","67301","0","0","0","N","0","0","0","1","68K01","0","","2.0","","1","N","N","N","0","","0","0","0","","0","","","1","0","1","0","0","0","0","2","0","1","","03","","N","","","","","","","","","",""
"2023008045","","1","0","0","0","0","0","0","0","0","7","0","","67","12","2022","6","39.931631","-75.199607","","6","0","0","0","0","0","0","0","0","","0","0","0","","","0","N","0","","39 55:53.873","4","0","75 11:58.586","0","0","0","0","67301","0","0","0","N","0","0","0","1","68K01","0","","4.0","910.0","9","N","N","N","0","","0","0","0","","0","N","","1","0","0","0","0","0","0","2","0","1","","07","","N","","","","","","","","","",""
"2023007608","","1","0","0","0","0","0","0","0","0","1","0","","67","12","2022","5","39.949962","-75.141281","","6","0","0","0","0","0","0","0","0","","0","0","0","","","0","N","0","","39 56:59.863","1","0","75 08:28.610","9","0","0","0","67301","0","0","0","N","0","0","0","2","68K01","0","","1.0","1250.0","9","N","N","N","0","","0","0","0","","0","N","","2","0","0","0","0","0","1","2","0","2","","","","N","","","","","","","","","",""
"2023015907","","2","0","0","0","0","0","0","0","0","7","0","","67","12","2022","1","39.99315","-75.200055","","6","0","0","0","0","0","0","0","0","","0","0","0","","","2","N","0","","39 59:35.341","4","0","75 12:00.197","3","0","0","0","67301","0","0","0","N","0","0","0","3","68K01","0","","2.0","731.0","1","N","N","N","0","","2","0","1","","0","N","","3","2","0","0","0","0","0","2","0","3","","03","","N","","","","","","","","","",""
"2023003684","","0","0","0","0","0","0","0","0","0","1","1","35","67","12","2022","3","40.019956","-75.149915","","6","0","0","0","0","0","1","0","0","","0","1","0","","","1","N","0","","40 01:11.842","2","0","75 08:59.693","3","0","0","0","67301","0","0","0","Y","0","0","0","2","68K01","0","","1.0","30.0","9","N","N","N","0","","1","0","0","","0","N","","2","1","0","0","0","0","1","2","0","2","","03","Y","Y","4","2","N","N","N","Y","N","N","N","Y"
"2023015453","","0","0","1","0","0","0","0","0","0","4","0","","67","12","2022","1","40.026388","-75.117154","","6","0","0","0","0","0","1","0","0","","0","0","0","","","1","","1","","40 01:34.996","","0","75 07:01.756","2","0","0","0","67301","0","0","0","N","0","0","0","1","67301","0","","1.0","","1","N","N","N","0","","0","1","1","","2","","","2","1","0","0","0","0","0","2","0","2","","03","","N","","","","","","","","","",""
"2023008544","1233","3","0","0","0","0","0","0","0","0","4","0","","67","12","2022","4","39.965806","-75.196722","1232","6","0","0","0","0","0","0","0","0","","1","0","0","12","","0","N","0","","39 57:56.900","6","0","75 11:48.200","1","0","0","0","67301","0","0","0","N","0","0","0","2","67301","0","2","6.0","1500.0","1","N","N","N","0","0","0","0","3","","0","Y","1231","6","0","1","0","0","0","1","2","0","6","","03","","N","","","","","","","","","",""
"2023008875","2118","2","0","0","0","0","0","0","0","0","4","0","","67","12","2022","3","39.898291","-75.182203","2105","6","0","0","0","0","0","2","0","0","","0","0","0","21","","1","N","0","","39 53:53.847","1","0","75 10:55.931","3","0","0","0","67301","0","0","0","N","0","0","0","3","68K01","0","","1.0","2200.0","1","N","N","N","0","","1","0","1","","0","N","2104","3","1","1","0","0","0","0","2","0","3","","","","N","","","","","","","","","",""
"2023003043","0503","1","0","0","0","0","0","0","0","0","5","1","","67","11","2022","3","39.887795","-75.203751","0452","6","0","0","0","0","0","1","0","0","","0","1","0","04","","1","N","0","","39 53:16.063","2","0","75 12:13.503","3","0","0","0","67301","0","0","0","N","0","0","0","2","68K01","0","","1.0","530.0","1","N","N","N","0","","1","0","0","","0","N","0437","2","1","0","0","0","0","0","2","0","2","","","","N","","","","","","","","","",""
"2023003047","1447","2","0","0","0","0","0","0","0","0","5","0","","67","11","2022","7","39.989821","-75.087082","1433","6","0","0","0","0","0","0","0","0","","0","0","0","14","","1","N","0","","39 59:23.357","","0","75 05:13.494","3","0","0","0","67301","0","0","0","N","0","0","0","6","68K01","0","","1.0","","1","N","N","N","1","","1","0","0","","0","","1425","3","1","0","0","0","0","0","2","0","3","","03","","N","","","","","","","","","",""
"2023008997","0024","2","0","0","0","0","0","0","0","0","1","0","","67","12","2022","7","39.949124","-75.141913","0013","6","0","0","0","0","1","0","0","0","","0","0","0","00","","1","N","0","","39 56:56.846","","0","75 08:30.887","8","0","0","0","67301","0","0","0","N","0","0","0","3","68K01","0","","1.0","","1","N","N","N","0","","0","0","1","","0","","0012","3","1","1","0","0","1","0","2","0","3","","","","N","","","","","","","","","",""
"2023000609","0408","1","0","0","0","0","0","0","0","0","1","0","","67","12","2022","4","40.056397","-75.017584","0407","6","0","0","0","0","0","0","0","0","","0","0","0","04","","0","N","0","","40 03:23.030","1","0","75 01:03.301","9","0","0","0","67301","0","0","0","N","0","0","0","1","67301","0","","6.0","530.0","1","N","N","N","0","","0","0","1","","0","Y","0400","2","0","0","0","0","0","1","2","0","2","","03","","N","","","","","","","","","",""
"2023003048","1608","1","0","0","0","0","0","0","0","0","1","0","","67","11","2022","7","40.015519","-75.053039","1533","6","0","0","0","0","0","0","0","0","","0","0","0","15","","0","N","0","","40 00:55.869","1","0","75 03:10.941","0","0","0","0","67301","0","0","0","N","0","0","0","2","68K01","0","","1.0","1615.0","1","N","N","N","0","","0","0","1","","0","N","1524","2","0","0","0","0","0","0","2","0","2","","03","","N","","","","","","","","","",""
"2023003431","1607","0","0","0","0","0","0","0","0","0","5","1","","67","12","2022","3","39.976546","-75.196623","1538","6","0","0","0","0","0","2","0","0","","0","1","0","15","","0","","6","","39 58:35.567","","2","75 11:47.843","0","0","0","0","67301","0","0","0","N","0","0","0","2","68K01","0","","7.0","","1","N","N","N","0","","0","0","1","","0","","1536","2","0","0","0","0","0","0","2","0","2","","03","","N","","","","","","","","","",""
"2023004293","2239","1","0","0","0","0","0","0","0","0","7","0","","67","12","2022","6","39.943312","-75.143066","2232","6","0","0","0","0","0","0","0","0","","0","0","0","22","","0","N","0","","39 56:35.924","","0","75 08:35.037","0","0","0","0","67301","0","0","0","N","0","0","0","2","68K01","0","","4.0","","9","N","N","N","0","","0","0","0","","0","","2218","1","0","0","0","0","0","0","2","0","1","","","","N","","","","","","","","","",""
"2023004277","0045","1","0","0","0","0","0","0","0","0","7","0","","67","12","2022","6","39.981271","-75.206901","0040","6","0","0","0","0","0","0","0","0","","0","0","0","00","","0","N","0","","39 58:52.574","3","0","75 12:24.843","9","0","0","0","67301","0","0","0","N","0","0","0","1","68K01","0","","4.0","45.0","9","N","N","N","0","","0","0","0","","0","N","0037","1","0","1","0","0","0","1","2","0","1","","","","N","","","","","","","","","",""
"2023002285","0253","3","0","0","0","0","0","0","0","0","5","0","","67","12","2022","5","39.976797","-75.162442","0248","6","0","0","0","0","0","0","0","0","","0","0","0","02","","0","N","0","","39 58:36.470","","0","75 09:44.790","0","0","0","0","67301","0","0","0","N","0","0","0","1","67301","0","","1.0","","1","N","N","N","0","","0","0","0","","0","","0247","3","0","0","0","0","0","0","2","0","3","","03","","N","","","","","","","","","",""
"2023008545","1858","1","0","0","0","0","0","0","0","0","7","0","","67","1","2022","2","40.036375","-75.155828","1858","6","0","0","0","0","0","0","0","0","","0","0","0","14","","0","N","0","","40 02:10.950","","0","75 09:20.980","9","0","0","0","67301","0","0","0","N","0","0","0","1","67301","0","","5.0","","99","N","N","N","0","","0","0","0","","0","","1430","1","0","0","0","0","0","1","2","0","1","","","","N","","","","","","","","","",""
"2023008995","0759","1","0","0","0","0","0","0","0","0","1","1","","67","12","2022","5","39.983547","-75.097456","0750","6","0","0","0","0","0","0","0","0","","0","1","0","07","","1","N","0","","39 59:00.768","1","0","75 05:50.842","8","0","0","0","67301","0","0","0","N","0","0","0","2","68K01","0","","1.0","800.0","1","N","N","N","0","","0","0","0","","0","N","0749","2","1","0","0","0","1","0","2","0","2","","","","N","","","","","","","","","",""
"2023005750","1605","2","0","0","0","0","0","0","0","0","1","0","","67","12","2022","2","40.025423","-75.028383","1543","6","0","0","0","0","0","0","0","0","","0","0","0","15","","0","N","0","","40 01:31.524","","0","75 01:42.179","0","0","0","0","67301","0","0","0","N","0","0","0","2","68K01","0","","1.0","","1","N","N","N","0","","0","0","0","","0","","1540","2","0","0","0","0","0","0","2","0","2","","03","","N","","","","","","","","","",""
"2023001981","0941","0","0","0","0","0","0","0","0","0","8","0","","67","12","2022","5","39.957185","-75.201948","0940","6","0","0","0","0","0","0","0","0","","0","0","0","09","","1","","1","","39 57:25.865","","0","75 12:07.011","8","0","0","0","67301","1","0","0","N","1","0","0","2","67504","0","","1.0","","9","N","N","N","1","","0","0","0","","2","","0939","2","1","0","0","0","1","0","2","0","1","","06","","N","","","","","","","","","",""
"2023007899","","1","0","0","0","0","0","0","0","0","3","0","","67","8","2022","5","40.00389","-75.170697","","6","0","0","0","0","0","0","0","0","","0","0","0","15","","2","","1","","40 00:14.005","","0","75 10:14.509","8","0","0","0","67301","0","0","0","N","0","0","0","3","00000","0","","1.0","","1","","","N","0","","0","0","0","","2","","1530","2","2","0","0","0","2","0","2","0","2","","","","N","","","","","","","","","",""
"2023003440","1147","1","0","0","0","0","0","0","0","0","5","0","","67","12","2022","6","40.031525","-75.021538","1132","6","0","0","0","0","0","1","0","0","","0","0","0","11","","1","N","0","","40 01:53.490","","0","75 01:17.537","4","0","0","0","67301","0","0","0","N","0","0","0","2","68K01","1","","1.0","","9","N","N","N","1","","0","0","0","","0","","1130","2","1","0","0","0","0","0","2","0","2","","07","","N","","","","","","","","","",""
"2023003647","1121","1","0","0","0","0","0","0","0","0","8","0","","67","12","2022","5","39.951701","-75.236857","1118","6","0","0","0","0","0","0","0","0","","0","0","0","11","","2","","1","","39 57:06.123","","0","75 14:12.685","3","0","0","0","67301","2","0","0","N","2","0","0","3","67301","0","","1.0","","1","N","N","N","0","","2","0","0","","2","","1116","3","2","0","0","0","0","0","2","0","1","","","","N","","","","","","","","","",""
"2023004276","2339","1","0","0","0","0","0","0","0","0","7","0","","67","12","2022","5","39.961221","-75.182403","2334","6","0","0","0","0","0","0","0","0","","0","0","0","23","","0","","6","","39 57:40.397","","2","75 10:56.651","0","0","0","0","67301","0","0","0","N","0","0","0","4","68K01","0","","4.0","","9","N","N","N","0","","0","0","0","","0","","2334","1","0","0","0","0","0","0","2","0","1","","","","N","","","","","","","","","",""
"2023003062","0642","1","0","0","0","0","0","0","0","0","1","0","","67","12","2022","2","39.960667","-75.181361","0628","6","0","0","0","0","0","0","0","0","","0","0","0","06","","0","N","0","","39 57:38.400","","2","75 10:52.900","0","0","0","0","67301","0","0","0","N","0","0","0","2","68K01","0","","1.0","","1","N","N","N","0","","0","0","1","","0","","0625","2","0","0","0","0","0","0","2","0","2","","03","","N","","","","","","","","","",""
"2023008547","1215","1","0","0","0","0","0","0","0","0","1","0","","67","1","2022","3","40.027672","-75.132417","1210","6","0","0","0","0","0","0","0","0","","0","0","0","09","","0","N","0","","40 01:39.620","","0","75 07:56.700","9","0","0","0","67301","0","0","0","N","0","0","0","1","67301","0","","6.0","","1","N","N","N","1","","0","0","0","","0","","0930","2","0","0","0","0","0","1","2","0","2","","03","","N","","","","","","","","","",""
"2023003458","1634","1","0","0","0","0","0","0","0","0","1","0","","67","12","2022","5","40.021582","-75.040521","1605","6","0","0","0","0","1","0","0","0","","0","0","0","15","","0","N","0","","40 01:17.694","","0","75 02:25.877","9","0","0","0","67301","0","0","0","N","0","0","0","2","68K01","0","","1.0","","1","N","N","N","0","","0","0","0","","0","","1557","2","0","0","0","0","0","1","2","0","2","","03","","N","","","","","","","","","",""
"2023003042","1811","1","0","0","0","0","0","0","0","0","1","0","","67","11","2022","6","39.984459","-75.095507","1749","6","0","0","0","0","0","0","0","0","","0","0","0","17","","0","N","0","","39 59:04.051","","0","75 05:43.826","0","0","0","0","67301","0","0","0","N","0","0","0","2","68K01","0","","1.0","","1","N","N","N","0","","0","0","1","","0","","1741","2","0","0","0","0","0","0","2","0","2","","03","","N","","","","","","","","","",""
"2023003842","1340","1","0","0","0","0","0","0","0","0","5","0","","67","10","2022","3","39.989194","-75.087912","1340","6","0","0","0","0","0","0","0","0","","0","0","0","13","","1","N","0","","39 59:21.098","2","0","75 05:16.483","8","0","0","0","67301","0","0","0","N","0","0","0","2","68K01","0","","1.0","1454.0","1","N","N","N","0","","0","0","1","","0","Y","1337","2","1","1","0","0","1","0","2","0","2","","03","","N","","","","","","","","","",""
"2023003528","1320","2","0","0","0","0","0","0","0","0","5","0","","67","10","2022","7","40.003782","-75.220926","1318","6","0","0","0","0","0","0","0","0","","0","0","0","13","","1","N","0","","40 00:13.616","","0","75 13:15.332","3","0","0","0","67301","0","0","0","N","0","0","0","3","67301","0","","1.0","","1","N","N","N","0","","1","0","0","","0","","1315","2","1","2","0","0","0","0","2","0","2","","","","N","","","","","","","","","",""
"2023008670","0028","0","0","0","0","0","0","0","0","0","8","0","","67","12","2022","7","39.989421","-75.125123","0024","6","0","0","0","0","0","0","0","0","","1","0","0","00","","0","N","0","","39 59:21.915","","0","75 07:30.442","1","0","0","0","67301","1","1","0","N","1","1","0","2","67301","0","2","1.0","","1","N","N","N","0","0","0","0","0","","0","","0015","2","0","0","0","0","0","0","2","0","1","","03","","N","","","","","","","","","",""
"2023003648","1720","0","0","0","0","0","0","0","0","0","4","0","","67","12","2022","6","39.974448","-75.259936","1718","6","0","0","0","0","0","0","0","0","","0","0","0","17","","0","N","0","","39 58:28.011","6","7","75 15:35.769","9","0","0","0","67301","0","0","0","N","0","0","0","2","67301","0","","1.0","100.0","1","N","N","Y","1","","0","0","1","","0","Y","1715","2","0","0","0","0","0","1","2","0","2","","","","N","","","","","","","","","",""
"2023004270","0047","0","0","0","0","0","0","0","0","0","7","0","","67","11","2022","2","39.935566","-75.199739","0024","6","0","0","0","0","0","0","0","0","","0","0","0","00","","1","N","0","","39 56:08.039","4","3","75 11:59.060","3","0","0","0","67301","0","0","0","N","0","0","0","1","68K01","0","","3.0","120.0","1","N","N","N","1","","1","0","0","","0","Y","0024","1","1","0","0","0","0","0","2","0","1","","","","N","","","","","","","","","",""
"2023008998","0145","2","0","0","0","0","0","0","0","0","4","0","","67","12","2022","7","39.981291","-75.10287","0140","6","0","0","0","0","0","0","1","0","","0","0","0","01","","2","N","0","","39 58:52.648","2","0","75 06:10.332","8","0","0","0","67301","0","0","0","N","0","0","0","3","68K01","0","","4.0","30.0","1","N","N","N","1","","0","0","0","","0","N","0136","3","2","0","0","0","2","0","2","0","3","","03","","N","","","","","","","","","",""
"2023004287","1040","1","0","0","0","0","0","0","0","0","5","0","","67","12","2022","2","39.956846","-75.180329","1038","6","0","0","0","0","0","1","0","0","","0","0","0","10","","2","N","0","","39 57:24.646","","0","75 10:49.184","4","0","0","0","67301","0","0","0","N","0","0","0","2","68K01","2","","1.0","","1","N","N","N","0","","0","0","1","","0","","1033","2","2","0","0","0","0","0","2","0","2","","","","N","","","","","","","","","",""
"2023003649","1525","0","0","0","0","0","0","0","0","0","8","0","","67","12","2022","5","39.973776","-75.245295","1519","6","0","0","0","0","0","0","0","0","","0","0","0","14","","1","","1","","39 58:25.594","","0","75 14:43.063","3","0","0","0","67301","1","0","0","N","1","0","0","1","67301","0","","1.0","","1","N","N","N","0","","1","0","0","","2","","1452","2","1","0","0","0","0","0","2","0","1","","03","","N","","","","","","","","","",""
"2023003051","1941","1","0","0","0","0","0","0","0","0","7","0","","67","11","2022","1","40.033849","-75.019711","1938","6","0","0","0","0","0","0","0","0","","0","0","0","19","","0","N","0","","40 02:01.857","1","0","75 01:10.961","0","0","0","0","67301","0","0","0","N","0","0","0","1","68K01","0","","4.0","1945.0","9","N","N","N","0","","0","0","0","","0","N","1933","1","0","0","0","0","0","0","2","0","1","","07","","N","","","","","","","","","",""
"2023003063","0931","1","0","0","0","0","0","0","0","0","7","0","","67","12","2022","2","39.910215","-75.150024","0918","6","0","0","0","0","0","0","0","0","","0","0","0","09","","1","","6","","39 54:36.773","1","2","75 09:00.088","3","0","0","0","67301","0","0","0","N","0","0","0","1","68K01","0","","4.0","955.0","1","N","N","N","0","","1","0","0","","0","N","0915","1","1","0","0","0","0","0","2","0","1","","03","","N","","","","","","","","","",""
"2023003925","0655","2","0","0","0","0","0","0","0","0","4","0","","67","11","2022","2","39.988808","-75.101769","0651","6","0","0","0","0","0","0","1","0","","0","0","0","06","","0","N","0","","39 59:19.710","","0","75 06:06.370","0","0","0","0","67301","0","0","0","N","0","0","0","1","67301","0","","1.0","","1","N","N","N","0","","0","0","0","","0","","0650","2","0","0","0","0","0","0","2","0","2","","03","","N","","","","","","","","","",""
"2023003049","1751","1","0","0","0","0","0","0","0","0","7","0","","67","11","2022","1","40.040702","-75.005507","1742","6","0","0","0","0","0","0","0","0","","0","0","0","17","","0","N","0","","40 02:26.528","","0","75 00:19.826","0","0","0","0","67301","0","0","0","N","0","0","0","1","68K01","0","","4.0","","9","N","N","N","0","","0","0","0","","0","","1742","1","0","0","0","0","0","0","2","0","1","","07","","N","","","","","","","","","",""
"2023002279","0125","1","0","0","0","0","0","0","0","0","5","0","","67","9","2022","7","39.970006","-75.159639","0119","6","0","0","0","0","0","0","0","0","","0","0","0","00","","0","N","0","","39 58:12.020","2","0","75 09:34.700","9","0","0","0","67301","0","0","0","N","0","0","0","1","67301","0","","6.0","147.0","1","N","N","N","0","","0","0","1","","0","N","0055","2","0","0","0","0","0","1","2","0","2","","03","","N","","","","","","","","","",""
"2023001313","1200","0","0","0","0","0","0","1","0","0","1","1","","67","12","2022","1","40.033694","-75.145921","1155","6","0","0","0","0","0","0","0","0","","0","0","0","11","","1","","1","","40 02:01.300","","0","75 08:45.317","3","0","0","0","67301","0","0","0","N","0","0","0","2","67508","0","","1.0","","1","N","N","Y","0","","1","0","0","","2","","1155","2","1","0","0","0","0","1","2","0","2","","03","","N","","","","","","","","","",""
"2023003926","1635","0","0","0","0","0","0","0","0","0","2","0","","67","11","2022","4","39.996867","-75.116624","1635","6","0","0","0","0","0","0","0","0","","0","0","0","16","","1","N","0","","39 59:48.720","","0","75 06:59.848","3","0","0","0","67301","0","0","0","N","0","0","0","1","67301","0","","1.0","","9","N","N","N","0","","1","0","1","","0","","1635","2","1","1","0","0","0","0","2","1","2","","07","","N","","","","","","","","","",""
"2023008992","0236","1","0","0","0","0","0","0","0","0","5","0","","67","12","2022","7","39.977855","-75.11125","0227","6","0","0","0","0","0","0","0","0","","0","0","0","02","","1","N","0","","39 58:40.278","","0","75 06:40.501","8","0","0","0","67301","0","0","0","N","0","0","0","2","68K01","0","","1.0","","1","N","N","N","0","","0","0","1","","0","","0225","2","1","0","0","0","1","0","2","0","2","","03","","N","","","","","","","","","",""
"2023003873","0221","1","0","0","0","0","0","0","0","0","7","0","","67","12","2022","7","39.97051","-75.192873","0215","6","0","0","0","0","1","0","0","0","","0","0","0","02","","1","N","0","","39 58:13.837","","0","75 11:34.343","3","0","0","0","67301","0","0","0","N","0","0","0","4","68K01","0","","3.0","","1","N","N","N","0","","1","0","0","","0","","0213","1","1","2","0","0","0","0","2","0","1","","03","","N","","","","","","","","","",""
"2023003050","1843","1","0","0","0","0","0","0","0","0","7","0","","67","11","2022","1","40.035311","-75.017536","1839","6","0","0","0","0","0","0","0","0","","0","0","0","18","","0","N","0","","40 02:07.118","1","0","75 01:03.128","0","0","0","0","67301","0","0","0","N","0","0","0","1","68K01","0","","4.0","1850.0","9","N","N","N","0","","0","0","0","","0","N","1837","1","0","0","0","0","0","0","2","0","1","","07","","N","","","","","","","","","",""
"2023003057","1916","2","0","0","0","0","0","0","0","0","1","0","","67","12","2022","2","40.050191","-74.992639","1850","6","0","0","0","0","0","0","0","0","","0","0","0","18","","1","N","0","","40 03:00.686","","0","74 59:33.500","3","0","0","0","67301","0","0","0","N","0","0","0","2","68K01","0","","1.0","","1","N","N","N","0","","1","0","0","","0","","1843","2","1","0","0","0","0","0","2","0","2","","03","","N","","","","","","","","","",""
"2023007031","2050","0","0","0","0","0","0","0","0","0","5","1","","67","12","2022","3","39.925238","-75.147188","2048","6","0","0","0","0","0","0","0","0","","0","1","0","20","","1","N","0","","39 55:30.858","","3","75 08:49.876","3","0","0","0","67301","0","0","0","N","0","0","0","1","68K01","0","","2.0","","1","N","N","N","1","","1","0","0","","0","","2037","2","1","0","0","0","0","0","2","0","2","","03","","N","","","","","","","","","",""
"2023003084","1943","1","0","0","0","0","0","0","0","0","5","0","","67","12","2022","1","40.036512","-75.015501","1944","6","0","0","1","0","0","0","0","0","","0","0","0","19","","0","N","0","","40 02:11.443","2","0","75 00:55.805","0","0","0","0","67301","0","0","0","N","0","0","0","3","68K01","0","","1.0","1950.0","1","N","N","N","1","","0","0","0","","0","N","1943","2","0","0","0","0","0","0","2","0","2","","03","","N","","","","","","","","","",""
"2023003054","1356","1","0","0","0","0","0","0","0","0","7","0","","67","12","2022","7","40.03224","-75.021236","1334","6","0","0","0","0","0","0","0","0","","0","0","0","13","","0","N","0","","40 01:56.063","2","0","75 01:16.450","0","0","0","0","67301","0","0","0","N","0","0","0","1","68K01","0","","4.0","1410.0","9","N","N","N","0","","0","0","0","","0","N","1329","1","0","0","0","0","0","0","2","0","1","","","","N","","","","","","","","","",""
"2023002514","1935","2","0","0","0","0","0","0","0","0","3","0","","67","12","2022","6","39.993661","-75.166181","1933","6","0","0","0","0","0","1","0","0","","0","0","0","19","","1","N","0","","39 59:37.180","","0","75 09:58.250","8","0","0","0","67301","0","0","0","N","0","0","0","4","67301","0","","1.0","","9","N","N","N","0","","0","0","1","","0","","1931","3","1","0","0","0","1","0","2","0","3","","","","N","","","","","","","","","",""
"2023003036","0902","1","0","0","0","0","0","0","0","0","1","0","","67","10","2022","5","39.956791","-75.154191","0831","6","0","0","0","0","0","0","0","0","","0","0","0","08","","1","N","0","","39 57:24.447","","0","75 09:15.088","4","0","0","0","67301","0","0","0","N","0","0","0","2","68K01","1","","1.0","","1","N","N","N","0","","0","0","1","","0","","0825","2","1","0","0","0","0","0","2","0","2","","03","","N","","","","","","","","","",""
"2023027357","2357","1","0","0","0","0","0","0","0","0","7","0","","67","12","2022","7","39.981386","-75.207027","2357","6","0","0","0","0","0","0","0","0","","0","0","0","23","","0","N","0","","39 58:52.989","","0","75 12:25.296","0","0","0","0","67301","0","0","0","N","0","0","0","1","68K01","0","","2.0","","9","N","N","N","0","","0","0","0","","0","","2345","1","0","0","0","0","0","0","2","0","1","","07","","N","","","","","","","","","",""
"2023027356","2319","1","0","0","0","0","0","0","0","0","7","0","","67","12","2022","7","39.960066","-75.179395","2319","6","0","0","0","0","0","0","0","0","","0","0","0","23","","0","N","0","","39 57:36.239","4","0","75 10:45.823","0","0","0","0","67301","0","0","0","N","0","0","0","1","68K01","0","","2.0","2321.0","9","N","N","N","0","","0","0","0","","0","Y","2311","1","0","0","0","0","0","0","2","0","1","","07","","N","","","","","","","","","",""
"2023001282","","3","0","0","0","0","0","0","0","0","1","0","","67","12","2022","5","40.012776","-75.180854","","6","0","0","0","0","0","1","0","0","","0","0","0","16","","0","N","0","","40 00:45.994","","0","75 10:51.076","0","0","0","0","67301","0","0","0","N","0","0","0","4","00000","0","","1.0","","1","","","N","1","","0","0","0","","0","","1600","4","0","3","0","0","0","0","2","0","4","","","","N","","","","","","","","","",""
"2023023604","","0","0","0","0","0","0","0","0","0","4","0","","67","5","2022","3","39.973418","-75.136863","","6","0","0","0","0","0","0","0","0","","0","0","0","02","","2","","1","","39 58:24.304","","0","75 08:12.706","8","0","0","0","67301","0","0","0","N","0","0","0","3","00000","0","","1.0","","1","","","N","0","","0","0","1","","3","","0243","2","2","0","0","0","2","0","2","0","2","","","","N","","","","","","","","","",""