"CRN","ARRIVAL_TM","AUTOMOBILE_COUNT","BELTED_DEATH_COUNT","BELTED_SUSP_SERIOUS_INJ_COUNT","BICYCLE_COUNT","BICYCLE_DEATH_COUNT","BICYCLE_SUSP_SERIOUS_INJ_COUNT","BUS_COUNT","CHLDPAS_DEATH_COUNT","CHLDPAS_SUSP_SERIOUS_INJ_COUNT","COLLISION_TYPE","COMM_VEH_COUNT","CONS_ZONE_SPD_LIM","COUNTY","CRASH_MONTH","CRASH_YEAR","DAY_OF_WEEK","DEC_LATITUDE","DEC_LONGITUDE","DISPATCH_TM","DISTRICT","DRIVER_COUNT_16YR","DRIVER_COUNT_17YR","DRIVER_COUNT_18YR","DRIVER_COUNT_19YR","DRIVER_COUNT_20YR","DRIVER_COUNT_50_64YR","DRIVER_COUNT_65_74YR","DRIVER_COUNT_75PLUS","EST_HRS_CLOSED","FATAL_COUNT","HEAVY_TRUCK_COUNT","HORSE_BUGGY_COUNT","HOUR_OF_DAY","ILLUMINATION","INJURY_COUNT","INTERSECTION_RELATED","INTERSECT_TYPE","LANE_CLOSED","LATITUDE","LN_CLOSE_DIR","LOCATION_TYPE","LONGITUDE","MAX_SEVERITY_LEVEL","MCYCLE_DEATH_COUNT","MCYCLE_SUSP_SERIOUS_INJ_COUNT","MOTORCYCLE_COUNT","MUNICIPALITY","NONMOTR_COUNT","NONMOTR_DEATH_COUNT","NONMOTR_SUSP_SERIOUS_INJ_COUNT","NTFY_HIWY_MAINT","PED_COUNT","PED_DEATH_COUNT","PED_SUSP_SERIOUS_INJ_COUNT","PERSON_COUNT","POLICE_AGCY","POSSIBLE_INJ_COUNT","RDWY_SURF_TYPE_CD","RELATION_TO_ROAD","ROADWAY_CLEARED","ROAD_CONDITION","SCH_BUS_IND","SCH_ZONE_IND","SECONDARY_CRASH","SMALL_TRUCK_COUNT","SPEC_JURIS_CD","SUSP_MINOR_INJ_COUNT","SUSP_SERIOUS_INJ_COUNT","SUV_COUNT","TCD_FUNC_CD","TCD_TYPE","TFC_DETOUR_IND","TIME_OF_DAY","TOTAL_UNITS","TOT_INJ_COUNT","UNBELTED_OCC_COUNT","UNB_DEATH_COUNT","UNB_SUSP_SERIOUS_INJ_COUNT","UNK_INJ_DEG_COUNT","UNK_INJ_PER_COUNT","URBAN_RURAL","VAN_COUNT","VEHICLE_COUNT","WEATHER1","WEATHER2","WORKERS_PRES","WORK_ZONE_IND","WORK_ZONE_LOC","WORK_ZONE_TYPE","WZ_CLOSE_DETOUR","WZ_FLAGGER","WZ_LAW_OFFCR_IND","WZ_LN_CLOSURE","WZ_MOVING","WZ_OTHER","WZ_SHLDER_MDN","WZ_WORKERS_INJ_KILLED"
"2023044314","1929","0","0","0","0","0","0","0","0","0","1","0","","67","10","2022","4","39.962735","-75.246806","1925","6","0","0","0","0","0","1","0","0","","0","0","0","18","","2","","1","","39 57:45.845","","1","75 14:48.500","3","0","0","0","67301","0","0","0","N","0","0","0","4","67301","0","","1.0","","1","N","N","N","0","","2","0","1","","2","","1830","2","2","2","0","0","0","0","2","0","2","","","","N","","","","","","","","","",""
"2023040178","2129","0","0","0","1","0","0","0","0","0","8","0","","67","7","2022","6","39.973776","-75.258236","2129","6","0","0","0","0","0","0","0","0","","0","0","0","15","","1","N","1","","39 58:25.593","","0","75 15:29.649","3","0","0","0","67301","1","0","0","N","0","0","0","2","67301","0","","1.0","","1","N","N","N","0","","1","0","1","","2","","1556","2","1","0","0","0","0","0","2","0","1","","03","","N","","","","","","","","","",""
"2023036369","","1","0","0","0","0","0","0","0","0","4","0","","67","11","2022","6","40.000779","-75.143381","","6","0","0","0","0","0","0","0","0","","0","0","0","","","1","","1","","40 00:02.806","","0","75 08:36.172","8","0","0","0","67301","0","0","0","N","0","0","0","2","00000","0","","1.0","","1","","","N","0","","0","0","1","","2","","","2","1","1","0","0","1","0","2","0","2","","","","N","","","","","","","","","",""
"2023035959","","1","0","0","0","0","0","0","0","0","4","0","","67","6","2022","2","39.991389","-75.159019","","6","0","0","0","0","0","0","0","0","","0","0","0","","","2","","1","","39 59:29.000","","0","75 09:32.468","8","0","0","0","67301","0","0","0","N","0","0","0","3","00000","0","","1.0","","1","","","N","0","","0","0","1","","3","","","2","2","1","0","0","2","0","2","0","2","","","","N","","","","","","","","","",""
"2023034459","","0","0","0","0","0","0","0","0","0","1","0","","67","12","2022","6","40.040499","-75.058879","","6","0","0","0","0","0","1","0","0","","0","0","0","","","1","","1","","40 02:25.798","","0","75 03:31.964","8","0","0","0","67301","0","0","0","N","0","0","0","2","00000","0","","1.0","","1","","","N","0","","0","0","1","","2","","","2","1","0","0","0","1","0","2","0","2","","","","N","","","","","","","","","",""
"2023048430","0959","1","0","0","0","0","0","0","0","0","7","0","","67","4","2022","6","40.003719","-75.076803","0959","6","0","0","0","0","0","0","0","0","","0","0","0","","","1","","3","","40 00:13.387","1","2","75 04:36.490","3","0","0","0","67301","0","0","0","Y","0","0","0","1","68K01","0","","4.0","1040.0","1","N","N","N","0","","1","0","0","","0","N","","1","1","0","0","0","0","0","2","0","1","","","","N","","","","","","","","","",""
"2023027770","1927","1","0","0","0","0","0","0","0","0","4","0","","67","12","2022","6","39.985664","-75.247513","1922","6","0","0","0","0","0","0","0","0","","0","0","0","","","5","","1","","39 59:08.392","","0","75 14:51.046","3","0","0","0","67301","0","0","0","N","0","0","0","5","67301","0","","1.0","","1","N","N","N","0","","5","0","1","","2","","","2","5","0","0","0","0","0","2","0","2","","03","","N","","","","","","","","","",""
"2023028213","0304","1","0","0","0","0","0","0","0","0","7","0","","67","2","2022","5","39.897026","-75.189395","0255","6","0","0","0","0","0","0","0","0","","0","0","0","","","1","N","0","","39 53:49.294","","0","75 11:21.823","3","0","0","0","67301","0","0","0","N","0","0","0","1","68K01","0","","3.0","","1","N","N","N","0","","1","0","0","","0","","","1","1","0","0","0","0","0","2","0","1","","","","N","","","","","","","","","",""
"2023054502","","1","0","0","0","0","0","0","0","0","7","0","","67","12","2022","7","39.961997","-75.177758","","6","0","0","0","0","0","0","0","0","","0","0","0","","","0","N","0","","39 57:43.190","","0","75 10:39.930","0","0","0","0","67301","0","0","0","N","0","0","0","1","67301","0","","3.0","","9","N","N","N","0","","0","0","0","","0","","","1","0","0","0","0","0","0","2","0","1","","04","","N","","","","","","","","","",""
"2023071112","1027","1","0","0","0","0","0","0","0","0","4","0","","67","9","2022","6","39.959689","-75.228779","1024","6","0","0","0","0","0","0","0","0","","0","0","0","","","1","","1","","39 57:34.880","","0","75 13:43.604","3","0","0","0","67301","0","0","0","N","0","0","0","2","67301","0","","1.0","","1","N","N","N","1","","1","0","0","","3","","","2","1","1","0","0","0","0","2","0","2","","","","N","","","","","","","","","",""
"2023061147","","0","0","0","0","0","0","0","0","0","1","0","","67","12","2022","5","40.034278","-75.074591","","6","0","0","0","0","0","1","0","0","","0","0","0","","","1","","5","","40 02:03.402","","0","75 04:28.529","8","0","0","0","67301","0","0","0","N","0","0","0","2","00000","0","","1.0","","1","","","N","0","","0","0","1","","2","","","2","1","0","0","0","1","0","2","0","2","","","","N","","","","","","","","","",""
"2023078947","1354","1","0","0","0","0","0","0","0","0","4","0","","67","6","2022","1","40.008148","-75.072467","1347","6","0","0","0","0","0","0","0","0","","0","0","0","","","0","","1","","40 00:29.331","","0","75 04:20.880","0","0","0","0","67301","0","0","0","N","0","0","0","2","67301","0","","1.0","","1","N","N","N","1","","0","0","0","","2","","","2","0","1","0","0","0","0","2","0","2","","04","","N","","","","","","","","","",""
"2023093875","2333","2","0","0","0","0","0","0","0","0","4","0","","67","3","2022","4","39.956723","-75.198135","2329","6","0","0","1","0","0","0","0","0","","0","0","0","","","1","","1","","39 57:24.202","","0","75 11:53.285","3","0","0","0","67301","0","0","0","N","0","0","0","3","67504","0","","1.0","","1","N","N","N","0","","1","0","0","","2","","","2","1","0","0","0","0","0","2","0","2","","03","","N","","","","","","","","","",""
"2023106007","1315","1","0","0","0","0","0","0","0","0","4","1","","67","4","2022","4","40.076716","-75.176178","1240","6","0","0","0","0","0","2","0","0","","0","1","0","","","1","","1","","40 04:36.177","6","0","75 10:34.240","8","0","0","0","67301","0","0","0","N","0","0","0","2","67301","0","","1.0","1415.0","1","N","N","N","0","","0","0","0","","3","Y","","2","1","0","0","0","1","0","2","0","2","03","","","N","","","","","","","","","",""
"2023106008","0915","3","0","0","0","0","0","0","0","0","4","1","","67","3","2022","5","39.987871","-75.155877","0907","6","0","0","0","0","0","1","0","0","","0","1","0","","","0","","1","","39 59:16.336","3","0","75 09:21.158","0","0","0","0","67301","0","0","0","N","0","0","0","1","67301","0","","1.0","1015.0","9","N","N","Y","0","","0","0","0","","2","Y","","4","0","0","0","0","0","0","2","0","4","07","04","","N","","","","","","","","","",""
"2023098077","","2","0","0","0","0","0","0","0","0","1","0","","67","11","2022","6","40.033626","-75.046786","","6","0","0","0","0","0","0","0","0","","0","0","0","","","2","","1","","40 02:01.052","","0","75 02:48.431","8","0","0","0","67301","0","0","0","N","0","0","0","3","00000","0","","1.0","","1","","","N","0","","0","0","0","","2","","","2","2","0","0","0","2","0","2","0","2","03","","","N","","","","","","","","","",""
"2023100332","2001","1","0","0","0","0","0","0","0","0","1","0","","67","3","2022","5","39.953675","-75.208592","2001","6","0","0","0","0","0","1","0","0","","0","0","0","","","0","N","0","","39 57:13.230","","0","75 12:30.930","0","0","0","0","67301","0","0","0","N","0","0","0","2","67504","0","","1.0","","9","N","N","N","0","","0","0","0","","0","","","2","0","0","0","0","0","0","2","1","2","07","03","","N","","","","","","","","","",""
"2023101159","0438","0","0","0","0","0","0","0","0","0","7","0","","67","11","2022","4","39.958546","-75.16716","0438","6","0","0","0","0","0","0","0","0","","0","0","0","","","0","N","0","","39 57:30.765","","0","75 10:01.777","0","0","0","0","67301","0","0","0","N","0","0","0","1","68K01","0","","4.0","","8","N","N","N","0","","0","0","1","","0","","","1","0","0","0","0","0","0","2","0","1","07","07","","N","","","","","","","","","",""
"2023106006","0128","0","0","0","0","0","0","0","0","0","4","1","","67","4","2022","6","39.920522","-75.214078","0123","6","0","0","0","0","0","1","0","0","","0","1","0","","","2","N","0","","39 55:13.880","","7","75 12:50.680","3","0","0","0","67301","0","0","0","N","0","0","0","3","67301","0","","1.0","","99","N","N","N","1","","2","0","0","","0","","","2","2","0","0","0","0","1","2","0","2","99","","","N","","","","","","","","","",""
"2023106009","1010","0","0","0","0","0","0","1","0","0","1","1","","67","11","2022","3","40.013961","-75.191589","1006","6","0","0","0","0","0","1","1","0","","0","0","0","","","0","N","0","","40 00:50.260","","0","75 11:29.720","9","0","0","0","67301","0","0","0","N","0","0","0","2","67301","0","","1.0","","1","Y","N","N","0","","0","0","0","","0","","","2","0","0","0","0","0","1","2","1","2","03","","","N","","","","","","","","","",""
"2023106004","0815","0","0","0","0","0","0","1","0","0","4","1","","67","4","2022","4","39.957948","-75.162424","0759","6","0","0","0","0","0","1","0","0","","0","0","0","","","1","","1","","39 57:28.611","","0","75 09:44.725","3","0","0","0","67301","0","0","0","N","0","0","0","6","67301","0","","1.0","","1","N","N","N","0","","1","0","1","","2","","","2","1","0","0","0","0","0","2","0","2","03","03","","N","","","","","","","","","",""
"2023100004","","0","0","0","0","0","0","0","0","0","5","0","","67","11","2022","7","40.020685","-75.140494","","6","0","0","0","0","0","1","0","0","","0","0","0","","","1","N","0","","40 01:14.467","","0","75 08:25.778","8","0","0","0","67301","0","0","0","N","0","0","0","2","00000","0","","1.0","","1","","","N","0","","0","0","1","","0","","","2","1","0","0","0","1","0","2","0","2","03","","","N","","","","","","","","","",""
"2023099992","","1","0","0","0","0","0","0","0","0","5","0","","67","10","2022","5","39.946637","-75.198562","","6","0","0","0","0","0","0","0","0","","0","0","0","","","0","N","0","","39 56:47.892","","0","75 11:54.824","8","0","0","0","67301","0","0","0","N","0","0","0","0","00000","0","","1.0","","1","","","N","0","","0","0","0","","0","","","2","1","1","0","0","1","0","2","1","2","03","","","N","","","","","","","","","",""
"2023099975","","1","0","0","0","0","0","0","0","0","1","0","","67","12","2022","6","","","","6","0","0","0","0","0","0","0","0","","0","0","0","","","1","","1","","","","0","","8","0","0","0","67301","0","0","0","N","0","0","0","2","00000","0","","1.0","","1","","","N","0","","0","0","0","","2","","","2","1","0","0","0","1","0","1","0","2","03","","","N","","","","","","","","","",""
"2023110737","0107","1","0","0","0","0","0","0","0","0","4","0","","67","10","2022","2","39.970683","-75.232585","0104","6","0","0","1","0","0","0","0","0","","0","0","0","","","0","","1","","39 58:14.458","","0","75 13:57.305","0","0","0","0","67301","0","0","0","N","0","0","0","2","67301","0","","1.0","","1","N","N","N","0","","0","0","0","","2","","","2","0","0","0","0","0","0","2","0","2","03","03","","N","","","","","","","","","",""
"2023110738","2327","1","0","0","0","0","0","0","0","0","4","0","","67","12","2022","5","39.971089","-75.228729","2324","6","0","0","0","0","0","0","0","0","","0","0","0","","","1","","1","","39 58:15.920","","0","75 13:43.424","8","0","0","0","67301","0","0","0","N","0","0","0","5","67301","0","","1.0","","9","N","N","N","0","","0","0","1","","2","","","2","1","0","0","0","1","4","2","0","2","07","07","","N","","","","","","","","","",""
"2023118542","1535","1","0","0","0","0","0","0","0","0","1","0","","67","8","2022","5","39.977381","-75.171544","1533","6","0","0","0","0","0","0","1","0","","0","0","0","","","1","N","0","","39 58:38.570","","0","75 10:17.560","8","0","0","0","67301","0","0","0","N","0","0","0","1","67301","0","","6.0","","1","N","N","N","0","","0","0","1","","0","","","2","1","0","0","0","1","0","2","0","2","03","","","N","","","","","","","","","",""
"2023098830","1421","0","0","0","0","0","0","0","0","0","8","0","","67","11","2022","3","40.03833","-75.176865","1421","6","0","0","0","0","0","0","0","0","","0","0","0","","","1","N","0","","40 02:17.987","2","0","75 10:36.713","3","0","0","0","67301","1","0","0","N","1","0","0","2","67301","0","","1.0","1421.0","1","N","N","N","0","","1","0","1","","0","N","","2","1","1","0","0","0","0","2","0","1","03","03","","N","","","","","","","","","",""
"2023118625","","2","0","0","0","0","0","0","0","0","5","0","","67","10","2022","3","39.971528","-75.244883","","6","0","0","0","0","0","0","0","0","","0","0","0","","","1","N","0","","39 58:17.499","","0","75 14:41.577","3","0","0","0","67301","0","0","0","N","0","0","0","2","67301","0","","6.0","","9","N","N","N","0","","1","0","0","","0","","","2","1","0","0","0","0","0","2","0","2","07","07","","N","","","","","","","","","",""
"2023118624","","0","0","0","1","0","0","0","0","0","8","0","","67","10","2022","4","39.976799","-75.225872","","6","0","0","0","0","0","1","0","0","","0","0","0","","","1","N","0","","39 58:36.476","","7","75 13:33.140","3","0","0","0","67301","1","0","0","N","0","0","0","2","67301","0","","1.0","","1","N","N","N","0","","1","0","1","","0","","","2","1","1","0","0","0","0","2","0","1","03","","","N","","","","","","","","","",""
"2023118623","","1","0","0","1","0","0","0","0","0","8","0","","67","8","2022","5","39.971417","-75.226194","","6","0","0","0","0","0","0","0","0","","0","0","0","","","1","N","0","","39 58:17.100","","0","75 13:34.300","3","0","0","0","67301","1","0","0","N","0","0","0","2","67301","0","","1.0","","1","N","N","N","0","","1","0","0","","0","","","2","1","0","0","0","0","0","2","0","1","03","03","","N","","","","","","","","","",""
"2023118627","","0","0","0","0","0","0","0","0","0","5","0","","67","12","2022","4","40.001753","-75.213119","","6","0","0","0","0","0","1","0","0","","0","0","0","","","0","N","0","","40 00:06.310","","0","75 12:47.230","0","0","0","0","67301","0","0","0","N","0","0","0","1","67301","0","","6.0","","9","N","N","N","0","","0","0","2","","0","","","2","0","0","0","0","0","0","2","0","2","07","05","","N","","","","","","","","","",""
"2023118628","","1","0","0","0","0","0","0","0","0","1","0","","67","12","2022","7","39.981489","-75.227692","","6","0","0","0","0","0","0","0","0","","0","0","0","","","1","N","0","","39 58:53.360","","0","75 13:39.690","2","0","0","0","67301","0","0","0","N","0","0","0","1","67301","0","","6.0","","1","N","N","N","0","","0","1","2","","0","","","3","1","0","0","0","0","0","2","0","3","03","03","","N","","","","","","","","","",""
"2023118626","","1","0","0","0","0","0","0","0","0","4","0","","67","11","2022","6","39.982651","-75.227038","","6","0","0","0","0","0","2","0","0","","0","0","0","","","0","","3","","39 58:57.545","","0","75 13:37.336","0","0","0","0","67301","0","0","0","N","0","0","0","2","67301","0","","1.0","","1","N","N","N","0","","0","0","1","","2","","","2","0","0","0","0","0","0","2","0","2","03","03","","N","","","","","","","","","",""
"2024011472","","1","0","0","0","0","0","0","0","0","1","0","","67","12","2022","3","40.071584","-75.157645","","6","0","0","0","0","0","0","0","0","","0","0","0","","","1","","1","","40 04:17.702","","0","75 09:27.521","8","0","0","0","67301","0","0","0","N","0","0","0","2","00000","0","","1.0","","1","","","N","0","","0","0","0","","2","","","2","1","0","0","0","1","0","2","0","2","03","03","","N","","","","","","","","","",""
"2024011803","","0","0","0","0","0","0","0","0","0","4","0","","67","12","2022","6","40.01224","-75.150481","","6","0","0","0","0","0","0","1","0","","0","0","0","","","1","","1","","40 00:44.064","","0","75 09:01.733","8","0","0","0","67301","0","0","0","N","0","0","0","2","00000","0","","1.0","","1","","","N","0","","0","0","1","","2","","","2","1","0","0","0","1","0","2","0","2","03","03","","N","","","","","","","","","",""
"2024011898","","0","0","0","0","0","0","0","0","0","7","0","","67","10","2022","4","40.010861","-75.126917","","6","0","0","0","0","0","0","0","0","","0","0","0","","","1","N","0","","40 00:39.100","","0","75 07:36.900","8","0","0","0","67301","0","0","0","N","0","0","0","2","00000","0","","4.0","","1","","","N","0","","0","0","0","","0","","","1","1","0","0","0","1","0","2","1","1","03","03","","N","","","","","","","","","",""
"2024011183","","0","0","0","0","0","0","0","0","0","4","0","","67","5","2022","4","40.003693","-75.181291","","6","0","0","0","0","0","0","0","0","","0","0","0","","","1","","1","","40 00:13.296","","0","75 10:52.648","8","0","0","1","67301","0","0","0","N","0","0","0","2","00000","0","","1.0","","1","","","N","0","","0","0","0","","2","","","2","1","0","0","0","1","0","2","0","2","03","03","","N","","","","","","","","","",""
"2024021014","","0","0","0","0","0","0","0","0","0","5","0","","67","11","2022","1","","","","6","0","0","0","0","0","0","0","0","","0","0","0","","","2","N","0","","","","0","","8","0","0","0","67301","0","0","0","N","0","0","0","3","00000","0","","1.0","","1","","","N","0","","0","0","0","","0","","","2","2","0","0","0","2","0","1","0","2","03","","","N","","","","","","","","","",""
"2024021037","","0","0","0","0","0","0","0","0","0","4","0","","67","10","2022","2","39.954339","-75.191786","","6","0","0","0","0","0","0","1","0","","0","0","0","","","5","","1","","39 57:15.621","","0","75 11:30.428","8","0","0","0","67301","0","0","0","N","0","0","0","6","00000","0","","1.0","","1","","","N","1","","0","0","1","","2","","","2","5","0","0","0","5","0","2","0","2","03","","","N","","","","","","","","","",""
"2024021020","","1","0","0","0","0","0","0","0","0","1","0","","67","3","2022","4","40.03071","-75.021877","","6","0","0","0","0","0","0","0","0","","0","0","0","","","4","N","0","","40 01:50.556","","0","75 01:18.756","8","0","0","0","67301","0","0","0","N","0","0","0","5","00000","0","","1.0","","1","","","N","0","","0","0","0","","0","","","2","4","0","0","0","4","0","2","0","2","03","","","N","","","","","","","","","",""
"2024031411","1532","1","0","0","0","0","0","0","0","0","4","0","","67","7","2022","5","39.992002","-75.23896","1529","6","0","0","0","0","0","1","0","0","","0","0","0","","","0","N","0","","39 59:31.208","","7","75 14:20.256","0","0","0","0","67301","0","0","0","N","0","0","0","2","67301","0","","1.0","","1","N","Y","N","0","","0","0","0","","3","","","2","0","0","0","0","0","0","2","1","2","03","03","","N","","","","","","","","","",""
"2024031406","1015","2","0","0","0","0","0","0","0","0","4","0","","67","12","2022","6","39.999242","-75.075214","1000","6","0","0","0","0","0","0","0","0","","0","0","0","","","0","","1","","39 59:57.271","","0","75 04:30.770","9","0","0","0","67301","0","0","0","N","0","0","0","3","67301","0","","1.0","","99","N","N","N","0","","0","0","0","","2","","","2","0","2","0","0","0","1","2","0","2","99","03","","N","","","","","","","","","",""
"2024031404","0852","2","0","0","0","0","0","0","0","0","4","0","","67","12","2022","4","40.022623","-75.208508","0850","6","0","0","0","0","0","0","0","0","","0","0","0","","","0","","3","","40 01:21.441","","0","75 12:30.628","0","0","0","0","67301","0","0","0","N","0","0","0","2","67301","0","","1.0","","1","N","N","N","1","","0","0","0","","3","","","3","0","1","0","0","0","0","2","0","3","03","03","","N","","","","","","","","","",""
"2024031408","1843","0","0","0","0","0","0","0","0","0","4","0","","67","5","2022","2","39.962727","-75.203921","1840","6","0","0","0","0","0","2","0","0","","0","0","0","","","1","","1","","39 57:45.818","","0","75 12:14.114","3","0","0","0","67301","0","0","0","N","0","0","0","3","67301","0","","1.0","","1","N","N","N","0","","1","0","2","","3","","","2","1","0","0","0","0","0","2","0","2","03","03","","N","","","","","","","","","",""
"2024031409","2016","3","0","0","0","0","0","0","0","0","6","0","","67","5","2022","6","39.970444","-75.216833","2011","6","0","0","0","0","0","0","0","0","","0","0","0","","","0","N","0","","39 58:13.600","","0","75 13:00.600","0","0","0","0","67301","0","0","0","N","0","0","0","2","67301","0","","1.0","","1","N","N","N","0","","0","0","0","","0","","","3","0","1","0","0","0","0","2","0","3","03","03","","N","","","","","","","","","",""
"2024031407","0413","1","0","0","0","0","0","0","0","0","6","0","","67","4","2022","1","39.966593","-75.20788","0413","6","0","0","0","0","0","0","0","0","","0","0","0","","","4","N","0","","39 57:59.733","6","0","75 12:28.369","2","0","0","0","67301","0","0","0","N","0","0","0","4","67301","0","","1.0","610.0","1","N","N","N","2","","2","2","0","","0","Y","","4","4","0","0","0","0","0","2","1","4","03","03","","N","","","","","","","","","",""
"2024031405","1618","1","0","0","0","0","0","0","0","0","1","1","","67","3","2022","4","40.02918","-75.105078","1612","6","0","0","0","0","0","0","0","0","","0","1","0","","","0","N","0","","40 01:45.049","","0","75 06:18.279","0","0","0","0","67301","0","0","0","N","0","0","0","1","67301","0","","1.0","","1","N","N","N","0","","0","0","0","","0","","","2","0","0","0","0","0","0","2","0","2","03","","","N","","","","","","","","","",""
"2024076849","1655","1","0","0","0","0","0","0","0","0","4","0","","67","10","2022","3","39.985153","-75.159815","1642","6","0","0","0","0","0","1","0","0","","0","0","0","","","1","","1","","39 59:06.550","","0","75 09:35.335","3","0","0","0","67301","0","0","0","N","0","0","0","2","67301","0","","1.0","","9","N","N","N","0","","1","0","1","","2","","","2","1","0","0","0","0","0","2","0","2","03","03","","N","","","","","","","","","",""
"2024031410","2050","2","0","0","0","0","0","0","0","0","4","0","","67","12","2022","5","39.962048","-75.199393","2049","6","0","0","0","0","0","0","0","0","","0","0","0","","","0","","1","","39 57:43.372","","0","75 11:57.814","0","0","0","0","67301","0","0","0","N","0","0","0","2","67301","0","","1.0","","9","N","N","N","0","","0","0","0","","3","","","2","0","0","0","0","0","0","2","0","2","07","07","","N","","","","","","","","","",""
"2024031413","0027","2","0","0","0","0","0","0","0","0","2","0","","67","8","2022","4","39.965836","-75.24635","0027","6","0","0","0","0","0","0","0","0","","0","0","0","","","1","N","0","","39 57:57.010","","0","75 14:46.860","4","0","0","0","67301","0","0","0","N","0","0","0","2","67301","1","","1.0","","1","N","N","N","0","","0","0","0","","0","","","2","1","0","0","0","0","0","2","0","2","03","03","","N","","","","","","","","","",""
"2024031416","0139","1","0","0","0","0","0","0","0","0","4","0","","67","10","2022","3","39.977211","-75.226752","0137","6","0","0","0","0","0","0","0","0","","0","0","0","","","0","","5","","39 58:37.959","","0","75 13:36.308","0","0","0","0","67301","0","0","0","N","0","0","0","2","67301","0","","1.0","","1","N","N","N","0","","0","0","1","","2","","","2","0","0","0","0","0","0","2","0","2","03","03","","N","","","","","","","","","",""
"2024031403","1904","1","0","0","0","0","0","0","0","0","2","0","","67","12","2022","2","40.023764","-75.207746","1852","6","0","0","0","0","0","0","0","0","","0","0","0","","","0","","5","","40 01:25.550","","0","75 12:27.886","9","0","0","0","67301","0","0","0","N","0","0","0","2","67301","0","","1.0","","1","N","N","N","0","","0","0","0","","2","","","2","0","0","0","0","0","2","2","0","2","03","","","N","","","","","","","","","",""
"2024031415","1205","1","0","0","0","0","0","0","0","0","8","0","","67","10","2022","4","39.960932","-75.232866","1200","6","0","0","0","0","0","0","0","0","","0","0","0","","","1","","1","","39 57:39.355","","0","75 13:58.316","3","0","0","0","67301","1","0","0","N","1","0","0","2","67301","0","","1.0","","1","N","N","N","0","","1","0","0","","2","","","2","1","0","0","0","0","0","2","0","1","03","03","","N","","","","","","","","","",""
"2024031412","0135","1","0","0","0","0","0","0","0","0","4","0","","67","7","2022","1","39.971253","-75.227216","0130","6","0","0","0","0","1","0","0","0","","0","0","0","","","0","","1","","39 58:16.510","","0","75 13:37.977","0","0","0","0","67301","0","0","0","N","0","0","0","3","67301","0","","1.0","","1","N","N","N","0","","0","0","1","","2","","","2","0","0","0","0","0","0","2","0","2","03","03","","N","","","","","","","","","",""
"2024031402","0116","1","0","0","0","0","0","0","0","0","1","0","","67","10","2022","2","40.041379","-75.225279","0110","6","0","0","0","0","0","0","0","0","","0","0","0","","","1","N","0","","40 02:28.964","","0","75 13:31.003","3","0","0","0","67301","0","0","0","N","0","0","0","1","67301","0","","6.0","","1","N","N","N","0","","1","0","1","","0","","","2","1","0","0","0","0","0","2","0","2","03","","","N","","","","","","","","","",""
"2024094207","","0","0","0","0","0","0","0","0","0","6","0","","67","12","2022","7","40.065106","-75.178383","","6","0","0","0","0","0","0","0","0","","0","0","0","","","0","N","0","","40 03:54.380","5","0","75 10:42.180","9","0","0","0","67301","0","0","0","N","0","0","0","3","67301","0","","1.0","200.0","9","N","N","N","0","","0","0","2","","0","Y","","2","0","0","0","0","0","1","2","0","2","03","03","","N","","","","","","","","","",""
"2022004300","1530","0","0","0","0","0","0","0","0","0","7","0","","67","1","2022","5","40.024258","-75.170936","1522","6","0","0","0","0","0","0","0","1","","0","0","0","","","0","N","0","","40 01:27.330","","0","75 10:15.370","0","0","0","0","67301","0","0","0","N","0","0","0","1","67301","0","","5.0","","1","N","N","N","0","","0","0","1","","0","","","1","0","0","0","0","0","0","2","0","1","","03","","N","","","","","","","","","",""
"2022016316","1845","1","0","0","0","0","0","0","0","0","4","0","","67","2","2022","1","40.026966","-75.183209","1845","6","0","0","0","0","0","0","0","0","","0","0","0","","","0","N","0","","40 01:37.077","","7","75 10:59.551","0","0","0","0","67301","0","0","0","N","0","0","0","4","67301","0","","1.0","","9","N","N","N","0","","0","0","1","","0","","","2","0","0","0","0","0","0","2","0","2","","04","","N","","","","","","","","","",""
"2022025408","0428","2","0","0","0","0","0","0","0","0","2","0","","67","3","2022","4","40.02317","-75.048602","0420","6","0","0","0","0","0","0","0","0","","0","0","0","","","0","N","0","","40 01:23.412","","0","75 02:54.968","0","0","0","0","67301","0","0","0","N","0","0","0","2","67301","0","","1.0","","1","N","N","N","0","","0","0","0","","0","","","2","0","1","0","0","0","0","2","0","2","","03","","N","","","","","","","","","",""
"2022016942","2111","2","0","0","0","0","0","0","0","0","4","0","","67","2","2022","2","39.984427","-75.141868","2109","6","0","0","0","1","0","1","0","0","","0","0","0","","","1","","1","","39 59:03.937","","0","75 08:30.724","4","0","0","0","67301","0","0","0","N","0","0","0","2","67301","1","","1.0","","1","N","N","N","0","","0","0","1","","2","","","3","1","1","0","0","0","0","2","0","3","","03","","N","","","","","","","","","",""