"CRN","ARRIVAL_TM","AUTOMOBILE_COUNT","BELTED_DEATH_COUNT","BELTED_SUSP_SERIOUS_INJ_COUNT","BICYCLE_COUNT","BICYCLE_DEATH_COUNT","BICYCLE_SUSP_SERIOUS_INJ_COUNT","BUS_COUNT","CHLDPAS_DEATH_COUNT","CHLDPAS_SUSP_SERIOUS_INJ_COUNT","COLLISION_TYPE","COMM_VEH_COUNT","CONS_ZONE_SPD_LIM","COUNTY","CRASH_MONTH","CRASH_YEAR","DAY_OF_WEEK","DEC_LATITUDE","DEC_LONGITUDE","DISPATCH_TM","DISTRICT","DRIVER_COUNT_16YR","DRIVER_COUNT_17YR","DRIVER_COUNT_18YR","DRIVER_COUNT_19YR","DRIVER_COUNT_20YR","DRIVER_COUNT_50_64YR","DRIVER_COUNT_65_74YR","DRIVER_COUNT_75PLUS","EST_HRS_CLOSED","FATAL_COUNT","HEAVY_TRUCK_COUNT","HORSE_BUGGY_COUNT","HOUR_OF_DAY","ILLUMINATION","INJURY_COUNT","INTERSECTION_RELATED","INTERSECT_TYPE","LANE_CLOSED","LATITUDE","LN_CLOSE_DIR","LOCATION_TYPE","LONGITUDE","MAX_SEVERITY_LEVEL","MCYCLE_DEATH_COUNT","MCYCLE_SUSP_SERIOUS_INJ_COUNT","MOTORCYCLE_COUNT","MUNICIPALITY","NONMOTR_COUNT","NONMOTR_DEATH_COUNT","NONMOTR_SUSP_SERIOUS_INJ_COUNT","NTFY_HIWY_MAINT","PED_COUNT","PED_DEATH_COUNT","PED_SUSP_SERIOUS_INJ_COUNT","PERSON_COUNT","POLICE_AGCY","POSSIBLE_INJ_COUNT","RDWY_SURF_TYPE_CD","RELATION_TO_ROAD","ROADWAY_CLEARED","ROAD_CONDITION","SCH_BUS_IND","SCH_ZONE_IND","SECONDARY_CRASH","SMALL_TRUCK_COUNT","SPEC_JURIS_CD","SUSP_MINOR_INJ_COUNT","SUSP_SERIOUS_INJ_COUNT","SUV_COUNT","TCD_FUNC_CD","TCD_TYPE","TFC_DETOUR_IND","TIME_OF_DAY","TOTAL_UNITS","TOT_INJ_COUNT","UNBELTED_OCC_COUNT","UNB_DEATH_COUNT","UNB_SUSP_SERIOUS_INJ_COUNT","UNK_INJ_DEG_COUNT","UNK_INJ_PER_COUNT","URBAN_RURAL","VAN_COUNT","VEHICLE_COUNT","WEATHER1","WEATHER2","WORKERS_PRES","WORK_ZONE_IND","WORK_ZONE_LOC","WORK_ZONE_TYPE","WZ_CLOSE_DETOUR","WZ_FLAGGER","WZ_LAW_OFFCR_IND","WZ_LN_CLOSURE","WZ_MOVING","WZ_OTHER","WZ_SHLDER_MDN","WZ_WORKERS_INJ_KILLED"
"2022027025","1026","1","0","0","0","0","0","0","0","0","4","0","","67","3","2022","4","39.993184","-75.10692","1026","6","0","0","0","0","0","0","0","0","","0","0","0","","","0","","1","","39 59:35.462","","0","75 06:24.912","9","0","0","0","67301","0","0","0","N","0","0","0","2","67301","0","","1.0","","1","N","N","N","0","","0","0","1","","3","","","2","0","0","0","0","0","1","2","0","2","","","","N","","","","","","","","","",""
"2022021377","2247","0","0","0","0","0","0","0","0","0","5","0","","67","2","2022","1","40.016774","-75.050485","2236","6","0","0","0","0","0","0","0","0","","0","0","0","","","0","N","0","","40 01:00.385","1","0","75 03:01.745","0","0","0","0","67301","0","0","0","N","0","0","0","2","68K01","0","","1.0","2315.0","1","N","N","N","0","","0","0","2","","0","Y","","2","0","0","0","0","0","0","2","0","2","","03","","N","","","","","","","","","",""
"2022026863","2326","1","0","0","0","0","0","0","0","0","1","0","","67","2","2022","5","39.957849","-75.162342","2310","6","0","0","0","0","0","0","0","0","","0","0","0","","","0","N","0","","39 57:28.255","3","0","75 09:44.431","0","0","0","0","67301","0","0","0","N","0","0","0","2","68K01","0","","1.0","1140.0","9","N","N","N","0","","0","0","1","","0","N","","2","0","0","0","0","0","0","2","0","2","","","","N","","","","","","","","","",""
"2022021417","2045","1","0","0","0","0","0","0","0","0","5","0","","67","2","2022","6","39.963626","-75.13891","2041","6","0","0","0","0","0","1","0","0","","0","0","0","","","0","N","0","","39 57:49.053","2","0","75 08:20.077","9","0","0","0","67301","0","0","0","N","0","0","0","2","68K01","0","","1.0","2100.0","1","N","N","N","0","","0","0","0","","0","N","","2","0","0","0","0","0","1","2","0","2","","","","N","","","","","","","","","",""
"2022021367","1050","1","0","0","0","0","0","0","0","0","7","0","","67","2","2022","2","39.952434","-75.14148","1050","6","0","0","0","0","0","0","0","0","","0","0","0","","","1","N","0","","39 57:08.762","","0","75 08:29.328","4","0","0","0","67301","0","0","0","N","0","0","0","1","68K01","1","","2.0","","9","N","N","N","0","","0","0","0","","0","","","1","1","0","0","0","0","0","2","0","1","","","","N","","","","","","","","","",""
"2022019555","1720","0","0","0","0","0","0","0","0","0","4","0","","67","2","2022","7","39.94275","-75.161876","1707","6","0","0","0","0","0","0","0","0","","0","0","0","","","5","","1","","39 56:33.899","2","0","75 09:42.753","8","0","0","0","67301","0","0","0","N","0","0","0","6","67301","0","","1.0","1830.0","1","N","N","N","0","","0","0","1","","3","Y","","2","5","0","0","0","5","0","2","1","2","","08","","N","","","","","","","","","",""
"2022019660","2340","2","0","0","0","0","0","0","0","0","4","0","","67","2","2022","2","40.029502","-75.146713","2335","6","0","0","0","1","0","0","0","0","","0","0","0","","","1","","1","","40 01:46.206","2","0","75 08:48.166","3","0","0","0","67301","0","0","0","N","0","0","0","2","67301","0","","1.0","8.0","1","N","N","N","0","","1","0","0","","2","N","","2","1","0","0","0","0","1","2","0","2","","03","","N","","","","","","","","","",""
"2022021274","1937","1","0","0","0","0","0","0","0","0","1","0","","67","2","2022","1","39.959784","-75.1771","1927","6","0","0","0","0","0","0","0","0","","0","0","0","","","1","N","0","","39 57:35.223","4","0","75 10:37.559","8","0","0","0","67301","0","0","0","N","0","0","0","2","68K01","0","","1.0","30.0","1","N","N","N","0","","0","0","0","","0","Y","","2","1","0","0","0","1","1","2","0","2","","03","","N","","","","","","","","","",""
"2022018395","2214","1","0","0","0","0","0","0","0","0","1","0","","67","2","2022","5","40.044299","-75.002694","2200","6","0","0","0","0","0","1","0","0","","0","0","0","","","0","N","0","","40 02:39.476","2","0","75 00:09.697","0","0","0","0","67301","0","0","0","N","0","0","0","4","68K01","0","","1.0","2205.0","9","N","N","N","0","","0","0","2","","0","N","","3","0","0","0","0","0","0","2","0","3","","","","N","","","","","","","","","",""
"2022016033","2336","2","0","0","0","0","0","0","0","0","5","0","","67","2","2022","7","40.026414","-75.088481","2336","6","0","0","0","0","0","1","0","0","","0","0","0","","","0","N","0","","40 01:35.090","","0","75 05:18.530","0","0","0","0","67301","0","0","0","N","0","0","0","1","67301","0","","1.0","","1","N","N","N","0","","0","0","0","","0","","","2","0","0","0","0","0","0","2","0","2","","","","N","","","","","","","","","",""
"2022020271","1215","1","0","0","0","0","0","0","0","0","4","1","","67","2","2022","5","39.912054","-75.150499","1144","6","0","0","0","0","0","1","0","0","","0","1","0","","","1","","2","","39 54:43.394","1","2","75 09:01.796","3","0","0","0","67301","0","0","0","N","0","0","0","3","67301","0","","1.0","1232.0","1","N","N","N","0","","1","0","0","","2","N","","2","1","2","0","0","0","0","2","0","2","","","","N","","","","","","","","","",""
"2022024986","0449","1","0","0","0","0","0","0","0","0","5","1","","67","2","2022","5","39.981277","-75.206908","0448","6","0","0","0","0","0","0","0","0","","0","0","0","","","2","N","0","","39 58:52.596","","0","75 12:24.867","3","0","0","0","67301","0","0","0","N","0","0","0","2","68K01","0","","1.0","","1","N","N","N","0","","1","0","1","","0","","","3","2","0","0","0","1","0","2","0","3","","","","N","","","","","","","","","",""
"2022019630","1713","0","0","0","0","0","0","0","0","0","4","0","","67","2","2022","3","39.983508","-75.188187","1713","6","0","0","0","0","0","1","1","0","","1","0","0","","","1","","2","","39 59:00.628","7","0","75 11:17.473","1","1","0","1","67301","0","0","0","N","0","0","0","2","67301","0","2","1.0","2020.0","1","N","N","N","0","0","1","0","1","","0","Y","","2","1","0","0","0","0","0","2","0","2","","03","","N","","","","","","","","","",""
"2022018695","1729","2","0","0","0","0","0","0","0","0","1","0","","67","2","2022","2","40.039421","-75.007634","1710","6","0","0","0","0","0","0","0","1","","0","0","0","","","3","N","0","","40 02:21.915","2","0","75 00:27.482","3","0","0","0","67301","0","0","0","N","0","0","0","5","68K01","0","","1.0","1815.0","9","N","N","N","0","","2","0","1","","0","N","","3","3","0","0","0","1","0","2","0","3","","","","N","","","","","","","","","",""
"2022023869","0341","1","0","0","0","0","0","0","0","0","1","0","","67","2","2022","1","39.982272","-75.100246","0334","6","0","0","0","0","0","0","0","0","","0","0","0","","","3","N","7","","39 58:56.179","1","0","75 06:00.884","2","0","0","0","67301","0","0","0","N","0","0","0","4","68K01","0","","7.0","410.0","1","N","N","N","0","","2","1","1","","0","Y","","2","3","1","0","1","0","1","2","0","2","","","","N","","","","","","","","","",""
"2022023723","1640","1","0","0","0","0","0","0","0","0","4","0","","67","3","2022","1","39.957597","-75.158641","1635","6","0","0","0","0","0","0","0","0","","0","0","0","","","1","","1","","39 57:27.348","","0","75 09:31.109","3","0","0","0","67301","0","0","0","N","0","0","0","3","67301","0","","1.0","","1","N","N","N","0","","1","0","1","","2","","","2","1","0","0","0","0","0","2","0","2","","04","","N","","","","","","","","","",""
"2022029941","1917","1","0","0","0","0","0","0","0","0","4","0","","67","3","2022","6","40.128858","-75.013839","1910","6","0","0","0","0","0","2","0","0","","0","0","0","","","2","","1","","40 07:43.890","1","0","75 00:49.819","3","0","0","0","67301","0","0","0","N","0","0","0","2","67301","0","","1.0","1950.0","1","N","N","N","0","","2","0","1","","2","N","","2","2","0","0","0","0","0","2","0","2","","03","","N","","","","","","","","","",""
"2022024205","1400","2","0","0","0","0","0","0","0","0","2","0","","67","3","2022","3","39.982842","-75.142214","1400","6","0","0","0","0","0","1","0","1","","0","0","0","","","2","","2","","39 58:58.231","","0","75 08:31.970","3","0","0","0","67301","0","0","0","N","0","0","0","3","67301","0","","1.0","","1","N","N","N","0","","2","0","0","","2","","","2","2","0","0","0","0","1","2","0","2","","03","","N","","","","","","","","","",""
"2022015823","1848","0","0","0","0","0","0","0","0","0","7","0","","67","1","2022","3","39.966879","-75.134613","1841","6","0","0","0","0","0","1","0","0","","0","0","0","","","0","N","0","","39 58:00.766","","0","75 08:04.605","0","0","0","0","67301","0","0","0","N","0","0","0","1","68K01","0","","4.0","","1","N","N","N","0","","0","0","1","","0","","","1","0","0","0","0","0","0","2","0","1","","03","","N","","","","","","","","","",""
"2022015849","1554","2","0","0","0","0","0","0","0","0","1","0","","67","2","2022","4","39.958886","-75.170932","1533","6","0","0","0","0","0","0","0","0","","0","0","0","","","0","N","0","","39 57:31.989","3","0","75 10:15.355","0","0","0","0","67301","0","0","0","N","0","0","0","2","68K01","0","","1.0","1554.0","1","N","N","N","0","","0","0","0","","0","N","","2","0","0","0","0","0","0","2","0","2","","03","","N","","","","","","","","","",""
"2022008585","1859","1","0","0","0","0","0","0","0","0","7","0","","67","1","2022","7","39.940739","-75.143114","1859","6","0","0","0","0","0","0","0","0","","0","0","0","","","0","N","0","","39 56:26.661","1","0","75 08:35.212","0","0","0","0","67301","0","0","0","N","0","0","0","1","68K01","0","","4.0","1902.0","9","N","N","N","0","","0","0","0","","0","N","","1","0","0","0","0","0","0","2","0","1","","","","N","","","","","","","","","",""
"2022014597","1432","2","0","0","0","0","0","0","0","0","1","0","","67","1","2022","7","40.112033","-74.990511","1421","6","0","0","0","0","0","1","1","0","","0","0","0","","","2","","2","","40 06:43.320","1","0","74 59:25.838","8","0","0","0","67301","0","0","0","N","0","0","0","5","67301","0","","1.0","1530.0","1","N","N","N","0","","0","0","2","","2","N","","5","2","0","0","0","2","0","2","1","5","","03","","N","","","","","","","","","",""
"2022000585","0853","0","0","0","0","0","0","0","0","0","7","0","","67","1","2022","1","39.982876","-75.207883","0852","6","0","0","0","1","0","0","0","0","","0","0","0","","","0","N","0","","39 58:58.352","","0","75 12:28.378","0","0","0","0","67301","0","0","0","N","0","0","0","1","68K01","0","","4.0","","9","N","N","N","1","","0","0","0","","0","","","1","0","0","0","0","0","0","2","0","1","","","","N","","","","","","","","","",""
"2022004461","1800","1","0","0","0","0","0","0","0","0","1","0","","67","1","2022","4","39.957637","-75.160083","1748","6","0","0","0","0","0","0","0","0","","0","0","0","","","0","N","0","","39 57:27.492","4","0","75 09:36.298","0","0","0","0","67301","0","0","0","N","0","0","0","2","68K01","0","","1.0","1845.0","1","N","N","N","0","","0","0","1","","0","Y","","2","0","0","0","0","0","0","2","0","2","","","","N","","","","","","","","","",""
"2022010895","1234","1","0","0","0","0","0","0","0","0","8","0","","67","1","2022","1","40.027078","-75.120733","1231","6","0","0","0","0","0","0","0","0","","0","0","0","","","1","N","0","","40 01:37.480","","0","75 07:14.640","3","0","0","0","67301","1","0","0","N","1","0","0","2","67301","0","","1.0","","1","N","N","N","0","","1","0","0","","0","","","2","1","0","0","0","0","0","2","0","1","","04","","N","","","","","","","","","",""
"2022021554","1002","1","0","0","0","0","0","0","0","0","4","0","","67","2","2022","4","40.04721","-75.140685","1002","6","0","0","0","0","0","0","0","0","","0","0","0","","","1","","2","","40 02:49.955","","0","75 08:26.465","3","0","0","0","67301","0","0","0","N","0","0","0","2","67301","0","","9.0","","1","N","N","N","0","","1","0","1","","0","","","2","1","1","0","0","0","1","2","0","2","","03","","N","","","","","","","","","",""
"2022020309","0030","1","0","0","0","0","0","0","0","0","8","0","","67","1","2022","6","39.995345","-75.117249","0029","6","0","0","0","0","0","0","0","0","","1","0","0","","","0","","2","","39 59:43.242","","0","75 07:02.096","1","0","0","0","67301","1","1","0","N","1","1","0","2","67301","0","2","1.0","","99","N","N","N","0","0","0","0","0","","3","","","2","0","0","0","0","0","1","2","0","1","","03","","N","","","","","","","","","",""
"2022029089","0545","1","0","0","0","0","0","0","0","0","1","0","","67","3","2022","5","39.926103","-75.163944","0543","6","0","0","0","0","0","0","0","0","","0","0","0","","","0","N","0","","39 55:33.970","","0","75 09:50.197","0","0","0","0","67301","0","0","0","N","0","0","0","0","67505","0","","1.0","","9","N","N","N","0","","0","0","1","","3","","","2","0","0","0","0","0","0","2","0","2","","07","","N","","","","","","","","","",""
"2022029279","1743","2","0","0","0","0","0","0","0","0","1","1","","67","3","2022","2","40.04274","-75.113559","1743","6","0","0","1","0","0","0","0","0","","0","1","0","","","2","","1","","40 02:33.864","","0","75 06:48.811","3","0","0","0","67301","0","0","0","N","0","0","0","6","67301","0","","1.0","","1","N","N","N","0","","2","0","0","","2","","","3","2","0","0","0","0","0","2","0","3","","03","","N","","","","","","","","","",""
"2022001494","1505","1","0","0","1","0","0","0","0","0","8","0","","67","1","2022","4","40.006188","-75.151929","1500","6","0","0","0","0","0","0","0","0","","0","0","0","","","1","","1","","40 00:22.276","","0","75 09:06.943","3","0","0","0","67301","1","0","0","N","0","0","0","2","67505","0","","1.0","","1","N","N","N","0","","1","0","0","","2","","","2","1","0","0","0","0","0","2","0","1","","03","","N","","","","","","","","","",""
"2022032932","1600","2","0","0","0","0","0","0","0","0","4","0","","67","4","2022","7","39.970502","-75.152491","1600","6","0","0","0","0","0","1","1","0","","0","0","0","","","0","N","0","","39 58:13.808","","7","75 09:08.969","9","0","0","0","67301","0","0","0","N","0","0","0","3","67301","0","","1.0","","1","N","N","N","0","","0","0","0","","0","","","2","0","0","0","0","0","3","2","0","2","","03","","N","","","","","","","","","",""
"2022028632","0740","1","0","0","0","0","0","0","0","0","1","0","45","67","3","2022","6","40.01425","-75.0556","0723","6","0","0","0","0","0","1","0","0","","0","0","0","","","2","N","0","","40 00:51.299","1","0","75 03:20.161","8","0","0","0","67301","0","0","0","N","0","0","0","4","68K01","0","","1.0","755.0","1","N","N","N","0","","0","0","2","","0","N","","4","2","0","0","0","2","1","2","0","4","","","Y","Y","4","1","N","N","N","Y","N","N","Y","N"
"2022014685","1014","1","0","0","0","0","0","0","0","0","1","0","","67","1","2022","6","40.058141","-75.174302","1007","6","0","0","0","0","0","0","0","0","","0","0","0","","","2","","1","","40 03:29.309","","0","75 10:27.487","3","0","0","0","67301","0","0","0","N","0","0","0","3","67301","1","","1.0","","7","N","N","N","0","","1","0","0","","2","","","2","2","0","0","0","0","0","2","1","2","","","","N","","","","","","","","","",""
"2022014800","1615","1","0","0","0","0","0","0","0","0","4","0","","67","2","2022","6","39.99178","-75.186379","1544","6","0","0","0","0","0","0","0","0","","0","0","0","","","1","","1","","39 59:30.408","","0","75 11:10.966","3","0","0","0","67301","0","0","0","N","0","0","0","4","67301","0","","1.0","","9","N","N","N","0","","1","0","1","","2","","","2","1","0","0","0","0","3","2","0","2","","","","N","","","","","","","","","",""
"2022014621","0710","0","0","0","0","0","0","0","0","0","1","1","","67","2","2022","3","40.050373","-75.035106","0700","6","0","0","0","0","0","1","0","0","","0","1","0","","","1","N","0","","40 03:01.343","","0","75 02:06.380","4","0","0","0","67301","0","0","0","N","0","0","0","3","67301","1","","1.0","","2","N","N","N","0","","0","0","1","","0","","","2","1","0","0","0","0","0","2","0","2","","06","","N","","","","","","","","","",""
"2022032317","1852","2","0","0","0","0","0","0","0","0","1","0","","67","3","2022","4","39.968139","-75.130383","1852","6","0","0","0","0","0","0","0","0","","0","0","0","","","0","N","0","","39 58:05.299","","0","75 07:49.378","0","0","0","0","67301","0","0","0","N","0","0","0","2","68K01","0","","1.0","","1","N","N","N","0","","0","0","0","","0","","","2","0","0","0","0","0","0","2","0","2","","03","","N","","","","","","","","","",""
"2022005415","2241","1","0","0","0","0","0","0","0","0","5","0","","67","1","2022","7","40.04408","-75.002798","2241","6","0","0","0","0","0","0","1","0","","0","0","0","","","1","N","0","","40 02:38.689","","0","75 00:10.073","3","0","0","0","67301","0","0","0","N","0","0","0","4","68K01","0","","1.0","","9","N","N","Y","0","","1","0","2","","0","","","3","1","0","0","0","0","0","2","0","3","","","","N","","","","","","","","","",""
"2022023708","0036","1","0","0","0","0","0","0","0","0","7","0","","67","3","2022","5","40.055744","-75.092286","0031","6","0","0","0","0","0","0","0","0","","0","0","0","","","0","N","0","","40 03:20.680","","7","75 05:32.230","0","0","0","0","67301","0","0","0","N","0","0","0","1","67301","0","","5.0","","1","N","N","N","0","","0","0","0","","0","","","1","0","0","0","0","0","0","2","0","1","","","","N","","","","","","","","","",""
"2022030746","1730","3","0","0","0","0","0","0","0","0","4","0","","67","3","2022","7","40.036873","-75.040669","1729","6","0","0","1","0","0","0","0","0","","0","0","0","","","0","","1","","40 02:12.744","","0","75 02:26.410","0","0","0","0","67301","0","0","0","N","0","0","0","2","67301","0","","1.0","","1","N","N","N","0","","0","0","0","","2","","","3","0","0","0","0","0","0","2","0","3","","","","N","","","","","","","","","",""
"2022023717","1925","0","0","0","0","0","0","0","0","0","7","0","","67","3","2022","7","40.042597","-75.217061","1920","6","0","0","0","0","0","0","0","0","","0","0","0","","","0","N","0","","40 02:33.348","","0","75 13:01.421","0","0","0","0","67301","0","0","0","N","0","0","0","1","67301","0","","3.0","","1","N","N","N","0","","0","0","1","","0","","","1","0","1","0","0","0","0","2","0","1","","03","","N","","","","","","","","","",""
"2022030041","2043","2","0","0","0","0","0","0","0","0","4","0","","67","3","2022","6","39.894731","-75.229416","2038","6","0","0","0","0","0","0","0","0","","0","0","0","","","1","N","0","","39 53:41.031","2","0","75 13:45.899","3","0","0","0","67301","0","0","0","N","0","0","0","2","67301","0","","1.0","2130.0","1","N","N","N","0","","1","0","0","","0","N","","2","1","0","0","0","0","0","2","0","2","","03","","N","","","","","","","","","",""
"2022030433","1900","1","0","0","0","0","0","0","0","0","5","1","","67","3","2022","5","40.043639","-75.157111","1900","6","0","0","0","0","0","0","0","0","","0","1","0","","","1","N","0","","40 02:37.100","","0","75 09:25.600","4","0","0","0","67301","0","0","0","N","0","0","0","2","67301","1","","6.0","","99","N","N","N","0","","0","0","0","","0","","","2","1","1","0","0","0","1","2","0","2","","","","N","","","","","","","","","",""
"2022023716","0911","2","0","0","0","0","0","0","0","0","4","0","","67","3","2022","7","40.022208","-75.218279","0910","6","0","0","0","0","0","0","0","0","","0","0","0","","","0","","2","","40 01:19.948","","0","75 13:05.804","9","0","0","0","67301","0","0","0","N","0","0","0","4","67301","0","","1.0","","1","N","N","N","0","","0","0","1","","2","","","3","0","0","0","0","0","1","2","0","3","","04","","N","","","","","","","","","",""
"2022031440","1556","0","0","0","0","0","0","0","0","0","4","1","","67","1","2022","4","40.002081","-75.169456","1556","6","0","1","0","0","0","0","0","0","","0","1","0","","","1","","1","","40 00:07.491","","0","75 10:10.041","4","0","0","0","67301","0","0","0","N","0","0","0","2","67301","1","","1.0","","1","N","N","N","0","","0","0","1","","3","","","2","1","2","0","0","0","0","2","0","2","","03","","N","","","","","","","","","",""
"2022029765","1730","2","0","0","0","0","0","0","0","0","5","0","","67","3","2022","3","40.119348","-75.017699","1728","6","0","0","1","0","0","0","0","0","","0","0","0","","","1","N","0","","40 07:09.653","","0","75 01:03.718","4","0","0","0","67301","0","0","0","N","0","0","0","2","67301","1","","1.0","","1","N","N","N","0","","0","0","0","","0","","","2","1","0","0","0","0","0","2","0","2","","03","","N","","","","","","","","","",""
"2022029187","1649","0","0","0","0","0","0","0","0","0","4","0","","67","3","2022","1","40.059276","-75.044578","1647","6","0","0","0","0","0","0","0","0","","0","0","0","","","2","","1","","40 03:33.392","","0","75 02:40.479","3","0","0","0","67301","0","0","0","N","0","0","0","6","67301","0","","1.0","","1","N","N","N","0","","2","0","2","","2","","","2","2","0","0","0","0","0","2","0","2","","","","N","","","","","","","","","",""
"2022032918","1955","0","0","0","0","0","0","0","0","0","8","0","","67","2","2022","7","39.996718","-75.115468","1955","6","0","0","0","0","0","0","0","0","","0","0","0","","","3","","1","","39 59:48.185","6","0","75 06:55.684","2","0","0","0","67301","3","0","1","N","3","0","1","4","67301","2","","1.0","130.0","1","N","N","N","0","","0","1","1","","2","Y","","4","3","1","0","0","0","0","2","0","1","","03","","N","","","","","","","","","",""
"2022043941","0023","2","0","0","0","0","0","0","0","0","4","0","","67","5","2022","3","40.008632","-75.083473","0019","6","0","0","0","0","0","0","0","0","","0","0","0","","","3","","1","","40 00:31.074","","0","75 05:00.501","4","0","0","0","67301","0","0","0","N","0","0","0","3","67301","3","","1.0","","1","N","N","N","0","","0","0","0","","2","","","2","3","1","0","0","0","0","2","0","2","","03","","N","","","","","","","","","",""
"2022045061","1945","2","0","0","0","0","0","0","0","0","4","0","","67","5","2022","5","40.035788","-75.108568","1926","6","0","0","0","0","0","1","0","0","","0","0","0","","","0","N","0","","40 02:08.837","6","0","75 06:30.844","0","0","0","0","67301","0","0","0","N","0","0","0","3","67301","0","","1.0","2100.0","1","N","N","N","0","","0","0","0","","0","Y","","2","0","1","0","0","0","0","2","0","2","","03","","N","","","","","","","","","",""
"2022030373","1548","3","0","0","0","0","0","0","0","0","1","0","","67","3","2022","3","39.986605","-75.257153","1541","6","0","0","0","0","0","0","0","0","","0","0","0","","","3","N","0","","39 59:11.778","2","0","75 15:25.750","4","0","0","0","67301","0","0","0","N","0","0","0","4","46104","3","","1.0","1636.0","1","N","N","Y","0","","0","0","0","","0","N","","3","3","1","0","0","0","0","2","0","3","","","","N","","","","","","","","","",""
"2022022658","1209","1","0","0","0","0","0","0","0","0","5","0","","67","2","2022","2","39.961075","-75.140383","1148","6","0","0","0","0","0","0","0","0","","0","0","0","","","1","N","0","","39 57:39.869","","3","75 08:25.379","3","0","0","0","67301","0","0","0","N","0","0","0","2","68K01","0","","1.0","","1","N","N","N","0","","1","0","1","","0","","","2","1","0","0","0","0","0","2","0","2","","03","","N","","","","","","","","","",""
"2022010138","0838","0","0","0","0","0","0","0","0","0","7","1","","67","1","2022","7","39.943572","-75.192515","0838","6","0","0","0","0","0","0","0","0","","0","1","0","","","0","N","0","","39 56:36.859","3","0","75 11:33.053","0","0","0","0","67301","0","0","0","N","0","0","0","1","67501","0","","2.0","1020.0","7","N","N","N","0","","0","0","0","","8","N","","1","0","0","0","0","0","0","2","0","1","","10","","N","","","","","","","","","",""
"2022026845","2028","1","0","0","0","0","0","0","0","0","1","0","","67","3","2022","2","39.893176","-75.224173","2020","6","0","0","0","0","0","0","0","0","","0","0","0","","","1","N","0","","39 53:35.434","4","1","75 13:27.023","3","0","0","0","67301","0","0","0","N","0","0","0","7","67301","0","","1.0","45.0","1","N","N","N","0","","1","0","1","","0","N","","2","1","0","0","0","0","0","2","0","2","","03","","N","","","","","","","","","",""
"2022026778","0214","2","0","0","0","0","0","0","0","0","3","0","","67","3","2022","4","40.046972","-75.181111","0212","6","0","0","0","0","0","1","0","0","","0","0","0","","","0","N","0","","40 02:49.100","6","7","75 10:52.000","9","0","0","0","67301","0","0","0","N","0","0","0","2","67301","0","","1.0","441.0","1","N","N","N","0","","0","0","0","","0","Y","","2","0","0","0","0","0","1","2","0","2","","03","","N","","","","","","","","","",""
"2022031578","1143","0","0","0","1","0","0","1","0","0","8","1","","67","2","2022","4","39.945267","-75.178564","9999","6","0","0","0","0","0","1","0","0","","0","0","0","","","1","","1","","39 56:42.961","","0","75 10:42.830","8","0","0","0","67301","1","0","0","N","0","0","0","2","67508","0","","1.0","","1","","","N","0","","0","0","0","","2","","","2","1","0","0","0","1","0","2","0","1","","03","","N","","","","","","","","","",""
"2022043869","0739","1","0","0","0","0","0","0","0","0","4","0","","67","4","2022","7","39.924042","-75.227707","0730","6","0","0","0","0","0","0","0","0","","0","1","0","","","1","","1","","39 55:26.552","","0","75 13:39.745","4","0","0","0","67301","0","0","0","N","0","0","0","2","67301","1","","1.0","","1","N","N","N","0","","0","0","0","","2","","","2","1","1","0","0","0","0","2","0","2","","03","","N","","","","","","","","","",""
"2022013331","1200","2","0","0","0","0","0","0","0","0","3","0","","67","2","2022","1","39.976871","-75.155068","1155","6","0","0","0","0","0","0","0","0","","0","0","0","","","0","","2","","39 58:36.735","","7","75 09:18.244","0","0","0","0","67301","0","0","0","N","0","0","0","3","67505","0","","1.0","","1","N","N","N","0","","0","0","0","","0","","","2","0","0","0","0","0","0","2","0","2","","03","","N","","","","","","","","","",""
"2022014652","0905","1","0","0","0","0","0","0","0","0","4","0","","67","2","2022","4","39.921017","-75.22412","0901","6","0","0","0","0","0","1","0","0","","0","0","0","","","3","","1","","39 55:15.660","","0","75 13:26.832","4","0","0","0","67301","0","0","0","N","0","0","0","3","67301","3","","1.0","","1","N","N","Y","0","","0","0","1","","2","","","2","3","0","0","0","0","0","2","0","2","","03","","N","","","","","","","","","",""
"2022040687","0314","3","0","0","0","0","0","0","0","0","1","0","","67","3","2022","7","40.019322","-75.045926","0259","6","0","0","0","0","0","0","0","0","","0","0","0","","","0","N","0","","40 01:09.560","2","0","75 02:45.332","0","0","0","0","67301","0","0","0","N","0","0","0","4","68K01","0","","1.0","400.0","1","N","N","N","0","","0","0","1","","0","N","","4","0","1","0","0","0","0","2","0","4","","","","N","","","","","","","","","",""
"2022043980","1330","4","0","0","0","0","0","0","0","0","4","0","","67","4","2022","1","39.979149","-75.230908","1323","6","0","0","0","0","0","0","0","0","","0","0","0","","","1","","3","","39 58:44.935","","0","75 13:51.269","3","0","0","0","67301","0","0","0","N","0","0","0","3","67301","0","","1.0","","1","N","N","N","0","","1","0","0","","3","","","4","1","0","0","0","0","0","2","0","4","","","","N","","","","","","","","","",""
"2022044089","0737","0","0","0","0","0","0","0","0","0","1","1","","67","4","2022","5","40.027995","-75.147154","0737","6","0","0","0","0","0","0","0","0","","0","1","0","","","1","N","0","","40 01:40.782","","0","75 08:49.753","4","0","0","0","67301","0","0","0","N","0","0","0","2","67301","1","","1.0","","1","N","N","N","0","","0","0","0","","0","","","2","1","0","0","0","0","0","2","0","2","","","","N","","","","","","","","","",""