"CRN","ARRIVAL_TM","AUTOMOBILE_COUNT","BELTED_DEATH_COUNT","BELTED_SUSP_SERIOUS_INJ_COUNT","BICYCLE_COUNT","BICYCLE_DEATH_COUNT","BICYCLE_SUSP_SERIOUS_INJ_COUNT","BUS_COUNT","CHLDPAS_DEATH_COUNT","CHLDPAS_SUSP_SERIOUS_INJ_COUNT","COLLISION_TYPE","COMM_VEH_COUNT","CONS_ZONE_SPD_LIM","COUNTY","CRASH_MONTH","CRASH_YEAR","DAY_OF_WEEK","DEC_LATITUDE","DEC_LONGITUDE","DISPATCH_TM","DISTRICT","DRIVER_COUNT_16YR","DRIVER_COUNT_17YR","DRIVER_COUNT_18YR","DRIVER_COUNT_19YR","DRIVER_COUNT_20YR","DRIVER_COUNT_50_64YR","DRIVER_COUNT_65_74YR","DRIVER_COUNT_75PLUS","EST_HRS_CLOSED","FATAL_COUNT","HEAVY_TRUCK_COUNT","HORSE_BUGGY_COUNT","HOUR_OF_DAY","ILLUMINATION","INJURY_COUNT","INTERSECTION_RELATED","INTERSECT_TYPE","LANE_CLOSED","LATITUDE","LN_CLOSE_DIR","LOCATION_TYPE","LONGITUDE","MAX_SEVERITY_LEVEL","MCYCLE_DEATH_COUNT","MCYCLE_SUSP_SERIOUS_INJ_COUNT","MOTORCYCLE_COUNT","MUNICIPALITY","NONMOTR_COUNT","NONMOTR_DEATH_COUNT","NONMOTR_SUSP_SERIOUS_INJ_COUNT","NTFY_HIWY_MAINT","PED_COUNT","PED_DEATH_COUNT","PED_SUSP_SERIOUS_INJ_COUNT","PERSON_COUNT","POLICE_AGCY","POSSIBLE_INJ_COUNT","RDWY_SURF_TYPE_CD","RELATION_TO_ROAD","ROADWAY_CLEARED","ROAD_CONDITION","SCH_BUS_IND","SCH_ZONE_IND","SECONDARY_CRASH","SMALL_TRUCK_COUNT","SPEC_JURIS_CD","SUSP_MINOR_INJ_COUNT","SUSP_SERIOUS_INJ_COUNT","SUV_COUNT","TCD_FUNC_CD","TCD_TYPE","TFC_DETOUR_IND","TIME_OF_DAY","TOTAL_UNITS","TOT_INJ_COUNT","UNBELTED_OCC_COUNT","UNB_DEATH_COUNT","UNB_SUSP_SERIOUS_INJ_COUNT","UNK_INJ_DEG_COUNT","UNK_INJ_PER_COUNT","URBAN_RURAL","VAN_COUNT","VEHICLE_COUNT","WEATHER1","WEATHER2","WORKERS_PRES","WORK_ZONE_IND","WORK_ZONE_LOC","WORK_ZONE_TYPE","WZ_CLOSE_DETOUR","WZ_FLAGGER","WZ_LAW_OFFCR_IND","WZ_LN_CLOSURE","WZ_MOVING","WZ_OTHER","WZ_SHLDER_MDN","WZ_WORKERS_INJ_KILLED"
"2022032701","1613","1","0","0","0","0","0","0","0","0","7","0","","67","3","2022","7","39.897028","-75.189386","1606","6","0","0","0","0","0","0","0","0","","0","0","0","","","2","N","0","","39 53:49.302","1","0","75 11:21.788","4","0","0","0","67301","0","0","0","N","0","0","0","2","68K01","1","","4.0","1630.0","2","N","N","N","0","","0","0","0","","0","N","","1","2","0","0","0","1","0","2","0","1","","02","","N","","","","","","","","","",""
"2022014627","1700","1","0","0","0","0","0","0","0","0","8","0","","67","2","2022","5","39.947136","-75.165956","1646","6","0","0","0","0","0","0","0","0","","0","0","0","","","1","N","0","","39 56:49.690","","0","75 09:57.440","3","0","0","0","67301","1","0","0","N","1","0","0","2","67301","0","","1.0","","9","N","N","N","0","","1","0","0","","0","","","2","1","0","0","0","0","0","2","0","1","","07","","N","","","","","","","","","",""
"2022043886","2000","3","0","0","0","0","0","0","0","0","4","0","","67","5","2022","4","39.910469","-75.242375","1955","6","0","0","0","0","0","1","0","0","","0","0","0","","","1","","2","","39 54:37.690","1","0","75 14:32.550","4","0","0","0","67301","0","0","0","N","0","0","0","3","67301","1","","1.0","2048.0","1","N","N","N","0","","0","0","0","","2","N","","3","1","0","0","0","0","0","2","0","3","","03","","N","","","","","","","","","",""
"2022039373","0956","1","0","0","0","0","0","0","0","0","1","1","55","67","4","2022","2","40.037114","-75.013857","0944","6","0","0","0","0","0","0","0","0","","0","1","0","","","1","N","0","","40 02:13.611","","0","75 00:49.885","3","0","0","0","67301","0","0","0","N","0","0","0","2","68K01","0","","1.0","","1","N","N","N","0","","1","0","0","","8","","","2","1","0","0","0","0","0","2","0","2","","03","Y","Y","2","2","N","N","N","Y","N","N","Y","N"
"2022016249","2130","1","0","0","0","0","0","0","0","0","5","0","","67","2","2022","6","39.898441","-75.210224","2115","6","0","0","0","0","0","0","0","0","","0","0","0","","","2","N","0","","39 53:54.388","","3","75 12:36.807","2","0","0","0","67301","0","0","0","N","0","0","0","3","67301","0","","1.0","","9","N","N","N","0","","1","1","2","","0","","","3","2","0","0","0","0","0","2","0","3","","03","","N","","","","","","","","","",""
"2022052480","0945","0","0","0","0","0","0","0","0","0","5","1","","67","5","2022","3","40.009402","-75.066517","0930","6","0","0","0","0","0","1","0","0","","0","1","0","","","2","N","0","","40 00:33.846","2","0","75 03:59.462","3","0","0","0","67301","0","0","0","N","0","0","0","2","67301","0","","1.0","1156.0","1","N","N","N","0","","2","0","1","","0","N","","2","2","0","0","0","0","0","2","0","2","","03","","N","","","","","","","","","",""
"2022032846","2033","2","0","0","0","0","0","0","0","0","4","0","","67","4","2022","1","40.063101","-75.086539","2033","6","0","1","0","0","0","0","0","0","","0","0","0","","","0","","2","","40 03:47.162","4","0","75 05:11.542","0","0","0","0","67301","0","0","0","N","0","0","0","2","67301","0","","1.0","2100.0","1","N","N","N","0","","0","0","0","","2","N","","2","0","0","0","0","0","0","2","0","2","","","","N","","","","","","","","","",""
"2022032888","1559","0","0","0","0","0","0","0","0","0","4","0","","67","4","2022","2","40.060054","-75.170026","1555","6","0","0","0","0","0","2","0","0","","0","0","0","","","1","","1","","40 03:36.194","","0","75 10:12.093","3","0","0","0","67301","0","0","0","N","0","0","0","3","67301","0","","1.0","","1","N","N","N","0","","1","0","2","","3","","","2","1","0","0","0","0","2","2","0","2","","","","N","","","","","","","","","",""
"2022029436","1825","3","0","0","0","0","0","0","0","0","4","0","","67","3","2022","4","39.917867","-75.158739","1819","6","0","0","0","1","0","0","0","0","","0","0","0","","","0","","1","","39 55:04.321","","0","75 09:31.460","0","0","0","0","67301","0","0","0","N","0","0","0","2","67301","0","","1.0","","9","N","N","Y","0","","0","0","0","","3","","","3","0","2","0","0","0","0","2","0","3","","","","N","","","","","","","","","",""
"2022041046","1953","1","0","0","0","0","0","0","0","0","5","0","","67","4","2022","2","40.030558","-75.021669","1948","6","0","0","0","0","0","1","0","0","","0","0","0","","","0","N","0","","40 01:50.009","1","0","75 01:18.009","0","0","0","0","67301","0","0","0","N","0","0","0","2","68K01","0","","1.0","2015.0","1","N","N","N","0","","0","0","1","","0","N","","2","0","0","0","0","0","0","2","0","2","","03","","N","","","","","","","","","",""
"2022007393","1730","2","0","0","0","0","0","0","0","0","1","0","","67","1","2022","6","40.006806","-75.150056","1730","6","0","0","0","0","0","1","0","0","","0","0","0","","","3","Y","0","","40 00:24.500","3","0","75 09:00.200","3","0","0","0","67301","0","0","0","N","0","0","0","6","67505","0","","1.0","1845.0","1","N","N","N","0","","1","0","1","","2","N","","3","3","2","0","0","2","1","2","0","3","","03","","N","","","","","","","","","",""
"2022045208","1528","0","0","0","0","0","0","0","0","0","4","0","","67","5","2022","4","40.027457","-75.062384","1523","6","0","0","0","0","0","1","0","0","","0","0","0","","","2","","1","","40 01:38.846","","0","75 03:44.583","3","0","0","0","67301","0","0","0","N","0","0","0","3","67301","0","","1.0","","1","N","N","N","0","","2","0","2","","2","","","2","2","1","0","0","0","0","2","0","2","","","","N","","","","","","","","","",""
"2022044026","0348","0","0","0","0","0","0","0","0","0","4","0","","67","4","2022","7","39.987051","-75.122334","0345","6","0","0","0","0","0","0","0","0","","0","0","0","","","1","","5","","39 59:13.382","","0","75 07:20.404","8","0","0","0","67301","0","0","0","N","0","0","0","2","67301","0","","1.0","","9","N","N","N","2","","0","0","0","","2","","","2","1","0","0","0","1","0","2","0","2","","07","","N","","","","","","","","","",""
"2022014784","1150","1","0","0","0","0","0","0","0","0","4","0","","67","2","2022","5","40.010341","-75.207085","1130","6","0","0","0","0","0","0","0","0","","0","0","0","","","1","","7","","40 00:37.227","","0","75 12:25.505","3","0","0","0","67301","0","0","0","N","0","0","0","3","67301","0","","1.0","","99","N","N","N","0","","1","0","1","","0","","","2","1","0","0","0","0","2","2","0","2","","04","","N","","","","","","","","","",""
"2022013016","2031","0","0","0","0","0","0","0","0","0","5","0","","67","1","2022","7","40.016622","-75.050793","2012","6","0","0","0","0","0","0","0","0","","0","0","0","","","0","N","0","","40 00:59.840","","0","75 03:02.856","0","0","0","0","67301","0","0","0","N","0","0","0","2","68K01","0","","1.0","","9","N","N","N","0","","0","0","1","","0","","","2","0","0","0","0","0","0","2","0","2","","","","N","","","","","","","","","",""
"2022037485","0441","1","0","0","0","0","0","0","0","0","7","0","","67","4","2022","7","39.983473","-75.208076","0433","6","0","0","0","0","0","0","0","0","","0","0","0","","","0","N","0","","39 59:00.501","4","0","75 12:29.073","0","0","0","0","67301","0","0","0","N","0","0","0","2","68K01","0","","4.0","449.0","9","N","N","N","0","","0","0","0","","0","N","","1","0","0","0","0","0","0","2","0","1","","","","N","","","","","","","","","",""
"2022025742","1350","1","0","0","0","0","0","0","0","0","5","0","","67","3","2022","6","39.974594","-75.200459","1345","6","0","0","0","0","0","0","0","0","","0","0","0","","","1","N","0","","39 58:28.537","","0","75 12:01.651","8","0","0","0","67301","0","0","0","N","0","0","0","3","67301","0","","1.0","","1","N","N","N","0","","0","0","1","","0","","","2","1","0","0","0","1","0","2","0","2","","03","","N","","","","","","","","","",""
"2022000010","0048","0","0","0","0","0","0","0","0","0","7","0","","67","1","2022","7","39.912417","-75.173944","0045","6","0","0","0","0","0","0","0","0","","0","0","0","","","0","N","0","","39 54:44.700","2","2","75 10:26.200","0","0","0","0","67301","0","0","0","N","0","0","0","1","67501","0","","4.0","59.0","9","N","N","N","0","","0","0","1","","8","Y","","1","0","0","0","0","0","0","2","0","1","","05","","N","","","","","","","","","",""
"2022024969","1612","2","0","0","0","0","0","0","0","0","4","0","","67","3","2022","5","39.926022","-75.17267","1611","6","0","0","0","0","0","0","0","0","","0","0","0","","","0","","1","","39 55:33.679","1","0","75 10:21.612","9","0","0","0","67301","0","0","0","N","0","0","0","2","67301","0","","1.0","1910.0","1","N","N","N","0","","0","0","2","","3","Y","","4","0","0","0","0","0","1","2","0","4","","","","N","","","","","","","","","",""
"2022026612","0817","1","0","0","0","0","0","0","0","0","1","0","","67","3","2022","3","39.960647","-75.156588","0816","6","0","0","0","0","0","0","0","0","","0","0","0","","","1","N","0","","39 57:38.329","","0","75 09:23.717","3","0","0","0","67301","0","0","0","N","0","0","0","2","67301","0","","1.0","","1","N","N","N","0","","1","0","1","","0","","","2","1","1","0","0","0","0","2","0","2","","03","","N","","","","","","","","","",""
"2022029253","2109","2","0","0","0","0","0","0","0","0","4","0","","67","3","2022","5","39.992774","-75.145113","2109","6","0","0","0","0","0","0","0","0","","0","0","0","","","0","","1","","39 59:33.986","","0","75 08:42.408","0","0","0","0","67301","0","0","0","N","0","0","0","3","67301","0","","1.0","","9","N","N","N","0","","0","0","1","","2","","","3","0","0","0","0","0","0","2","0","3","","","","N","","","","","","","","","",""
"2022015919","0534","0","0","0","0","0","0","0","0","0","7","0","","67","2","2022","6","40.092703","-75.039972","0528","6","0","0","0","0","0","0","0","0","","0","0","0","","","0","N","0","","40 05:33.730","","0","75 02:23.900","0","0","0","0","67301","0","0","0","N","0","0","0","1","67301","0","","4.0","","1","N","N","N","0","","0","0","1","","0","","","1","0","0","0","0","0","0","2","0","1","","03","","N","","","","","","","","","",""
"2022037468","0411","0","0","0","0","0","0","0","0","0","7","0","","67","3","2022","6","39.936399","-75.144596","0359","6","0","0","0","0","0","0","0","0","","0","0","0","","","1","N","0","","39 56:11.035","","0","75 08:40.547","4","0","0","0","67301","0","0","0","N","0","0","0","1","68K01","1","","2.0","","9","N","N","N","0","","0","0","0","","0","","","1","1","0","0","0","0","0","2","1","1","","","","N","","","","","","","","","",""
"2022044034","1045","1","0","0","0","0","0","0","0","0","1","0","","67","4","2022","7","40.012217","-75.108911","1037","6","0","0","0","0","0","2","0","0","","0","0","0","","","1","N","0","","40 00:43.980","","0","75 06:32.080","4","0","0","0","67301","0","0","0","N","0","0","0","2","67301","1","","1.0","","1","N","N","N","0","","0","0","1","","0","","","3","1","0","0","0","0","0","2","0","3","","03","","N","","","","","","","","","",""
"2022019598","2018","3","0","0","0","0","0","0","0","0","4","0","","67","2","2022","7","40.037222","-75.03598","2018","6","0","0","0","0","0","0","0","0","","0","0","0","","","0","","1","","40 02:13.999","","0","75 02:09.528","0","0","0","0","67301","0","0","0","N","0","0","0","2","67301","0","","1.0","","1","N","N","N","0","","0","0","0","","3","","","3","0","2","0","0","0","0","2","0","3","","03","","N","","","","","","","","","",""
"2022026243","0136","1","0","0","0","0","0","0","0","0","4","0","","67","2","2022","7","39.940851","-75.212589","0132","6","0","0","0","0","0","1","0","0","","0","0","0","","","0","","1","","39 56:27.063","5","0","75 12:45.321","9","0","0","0","67301","0","0","0","N","0","0","0","2","67301","0","","1.0","300.0","1","N","N","N","1","","0","0","0","","2","Y","","2","0","0","0","0","0","1","2","0","2","","03","","N","","","","","","","","","",""
"2022020659","1826","0","0","0","0","0","0","0","0","0","8","0","","67","2","2022","4","40.016208","-75.07235","1825","6","0","0","0","0","0","0","0","0","","0","0","0","","","1","N","0","","40 00:58.350","","0","75 04:20.460","8","0","0","0","67301","1","0","0","N","1","0","0","2","67301","0","","1.0","","1","N","N","N","0","","0","0","0","","0","","","2","1","0","0","0","1","0","2","1","1","","","","N","","","","","","","","","",""
"2022023800","0410","2","0","0","0","0","0","0","0","0","1","0","","67","3","2022","6","39.996129","-75.171516","0408","6","0","0","0","0","0","1","0","0","","0","0","0","","","1","N","0","","39 59:46.064","6","0","75 10:17.457","8","0","0","0","67301","0","0","0","N","0","0","0","1","67301","0","","6.0","500.0","1","N","N","N","0","","0","0","0","","0","Y","","2","1","0","0","0","1","0","2","0","2","","","","N","","","","","","","","","",""
"2022030293","1800","1","0","0","0","0","0","0","0","0","7","0","","67","3","2022","1","39.968739","-75.200678","1800","6","0","0","0","0","0","0","0","0","","0","0","0","","","0","","2","","39 58:07.460","","0","75 12:02.440","0","0","0","0","67301","0","0","0","N","0","0","0","1","67301","0","","5.0","","1","N","N","N","0","","0","0","0","","0","","","1","0","0","0","0","0","0","2","0","1","","","","N","","","","","","","","","",""
"2022023712","1928","0","0","0","0","0","0","0","0","0","8","0","","67","2","2022","2","39.934714","-75.152346","1926","6","0","0","0","0","0","0","0","0","","0","0","0","","","2","","1","","39 56:04.970","","0","75 09:08.445","3","0","0","0","67301","2","0","0","N","2","0","0","3","67301","0","","1.0","","1","N","N","N","0","","2","0","0","","2","","","3","2","0","0","0","0","0","2","0","1","","03","","N","","","","","","","","","",""
"2022035033","0741","1","0","0","0","0","0","0","0","0","0","0","","67","4","2022","7","39.957878","-75.161897","0726","6","0","0","0","0","0","0","0","0","","0","0","0","","","0","N","0","","39 57:28.360","","0","75 09:42.828","0","0","0","0","67301","0","0","0","N","0","0","0","2","68T07","0","","1.0","","1","N","N","N","0","","0","0","1","","0","","","2","0","0","0","0","0","0","2","0","2","","","","N","","","","","","","","","",""
"2022029270","0910","2","0","0","0","0","0","0","0","0","4","0","","67","2","2022","2","40.051741","-75.152996","0901","6","0","0","0","0","0","0","0","0","","0","0","0","","","1","","1","","40 03:06.267","","0","75 09:10.785","8","0","0","0","67301","0","0","0","N","0","0","0","2","67301","0","","1.0","","1","N","N","N","0","","0","0","0","","2","","","2","1","0","0","0","1","0","2","0","2","","03","","N","","","","","","","","","",""
"2022046084","1614","0","0","0","0","0","0","0","0","0","4","0","","67","4","2022","7","40.020659","-75.148756","1613","6","0","0","0","0","0","1","0","0","","0","0","0","","","2","","2","","40 01:14.374","","0","75 08:55.521","3","0","0","0","67301","0","0","0","N","0","0","0","3","67301","0","","1.0","","1","N","N","N","0","","2","0","2","","0","","","2","2","0","0","0","0","0","2","0","2","","","","N","","","","","","","","","",""
"2022053196","0525","1","0","0","0","0","0","0","0","0","1","0","","67","4","2022","6","39.994319","-75.157534","0524","6","0","0","0","0","0","0","0","0","","1","0","0","","","0","N","0","","39 59:39.550","6","0","75 09:27.122","1","0","0","0","67301","1","1","0","N","1","1","0","3","67301","0","2","1.0","630.0","9","N","N","N","0","0","0","0","4","","0","Y","","6","0","0","0","0","0","2","2","0","5","","07","","N","","","","","","","","","",""
"2022027033","0244","0","0","0","0","0","0","0","0","0","5","0","","67","3","2022","7","39.986143","-75.208183","0241","6","0","0","0","0","0","0","0","0","","0","0","0","","","0","N","0","","39 59:10.113","3","0","75 12:29.459","0","0","0","0","67301","0","0","0","N","0","0","0","2","68K01","0","","1.0","330.0","1","N","N","N","0","","0","0","2","","0","N","","2","0","0","0","0","0","0","2","0","2","","03","","N","","","","","","","","","",""
"2022044017","0135","1","0","0","0","0","0","0","0","0","8","0","","67","3","2022","4","39.998255","-75.127363","0126","6","0","0","0","0","0","0","0","0","","0","0","0","","","1","","1","","39 59:53.719","","0","75 07:38.508","8","0","0","0","67301","1","0","0","N","1","0","0","2","67301","0","","1.0","","99","N","N","N","0","","0","0","0","","2","","","2","1","0","0","0","1","0","2","0","1","","04","","N","","","","","","","","","",""
"2022023797","1859","0","0","0","0","0","0","0","0","0","8","0","","67","3","2022","3","40.013956","-75.15813","1852","6","0","0","0","0","0","0","0","0","","0","0","0","","","1","N","0","","40 00:50.242","","0","75 09:29.269","3","0","0","0","67301","1","0","0","N","1","0","0","4","67301","0","","1.0","","1","N","N","N","0","","1","0","1","","0","","","2","1","0","0","0","0","0","2","0","1","","","","N","","","","","","","","","",""
"2022032914","1708","2","0","0","0","0","0","0","0","0","5","0","","67","4","2022","1","39.988252","-75.155714","1704","6","0","0","0","0","0","0","0","0","","0","0","0","","","0","N","0","","39 59:17.707","1","0","75 09:20.570","0","0","0","0","67301","0","0","0","N","0","0","0","2","67301","0","","1.0","1831.0","1","N","N","N","0","","0","0","1","","0","Y","","3","0","1","0","0","0","0","2","0","3","","03","","N","","","","","","","","","",""
"2022043836","1455","1","0","0","0","0","0","0","0","0","8","0","","67","4","2022","3","40.109805","-75.025184","1450","6","0","0","0","1","0","0","0","0","","0","0","0","","","1","Y","0","","40 06:35.299","1","0","75 01:30.662","2","0","0","0","67301","1","0","1","N","1","0","1","3","67301","0","","1.0","1732.0","1","N","N","N","0","","0","1","0","","2","Y","","2","1","0","0","0","0","0","2","0","1","","03","","N","","","","","","","","","",""
"2022020700","0145","0","0","0","0","0","0","0","0","0","7","0","","67","2","2022","4","40.011897","-75.135208","0142","6","0","0","0","0","0","0","0","0","","0","0","0","","","0","N","0","","40 00:42.830","","0","75 08:06.750","0","0","0","0","67301","0","0","0","N","0","0","0","1","67301","0","","4.0","","9","N","N","N","0","","0","0","1","","0","","","1","0","0","0","0","0","0","2","0","1","","07","","N","","","","","","","","","",""
"2022024167","1130","1","0","0","0","0","0","0","0","0","4","0","","67","3","2022","3","40.017878","-75.080686","1128","6","0","0","0","0","0","0","0","0","","0","0","0","","","0","","1","","40 01:04.360","","0","75 04:50.469","9","0","0","0","67301","0","0","0","N","0","0","0","2","67301","0","","1.0","","1","N","N","N","0","","0","0","1","","3","","","2","0","0","0","0","0","1","2","0","2","","","","N","","","","","","","","","",""
"2022014590","1626","1","0","0","0","0","0","0","0","0","4","0","","67","2","2022","5","40.068856","-75.040197","1612","6","0","0","0","0","1","0","1","0","","0","0","0","","","2","","2","","40 04:07.880","","0","75 02:24.710","3","0","0","0","67301","0","0","0","N","0","0","0","2","67301","0","","1.0","","9","N","N","N","0","","2","0","0","","3","","","2","2","0","0","0","0","0","2","1","2","","","","N","","","","","","","","","",""
"2022044169","1620","0","0","0","0","0","0","0","0","0","4","0","","67","5","2022","3","40.045289","-75.06069","1612","6","0","0","0","0","0","0","0","0","","0","0","0","","","0","","1","","40 02:43.041","","0","75 03:38.484","0","0","0","0","67301","0","0","0","N","0","0","0","1","67301","0","","5.0","","1","N","N","N","0","","0","0","2","","2","","","2","0","0","0","0","0","0","2","0","2","","03","","N","","","","","","","","","",""
"2022019589","1741","0","0","0","0","0","0","0","0","0","5","0","","67","2","2022","7","40.036669","-75.062172","1736","6","0","0","0","0","0","0","0","0","","0","0","0","","","0","N","0","","40 02:12.010","","0","75 03:43.820","9","0","0","0","67301","0","0","0","N","0","0","0","1","67301","0","","6.0","","1","N","N","N","0","","0","0","2","","0","","","2","0","0","0","0","0","1","2","0","2","","03","","N","","","","","","","","","",""
"2022023784","0304","2","0","0","0","0","0","0","0","0","1","0","","67","3","2022","7","40.009442","-75.138436","0259","6","0","0","0","0","0","0","0","0","","0","0","0","","","0","N","0","","40 00:33.990","2","0","75 08:18.370","0","0","0","0","67301","0","0","0","N","0","0","0","1","67301","0","","6.0","415.0","1","N","N","N","1","","0","0","1","","0","N","","4","0","0","0","0","0","0","2","0","4","","03","","N","","","","","","","","","",""
"2022053628","0611","1","0","0","0","0","0","0","0","0","1","0","","67","4","2022","3","40.021658","-75.039421","0603","6","0","0","0","0","0","1","0","0","","0","0","0","","","11","N","0","","40 01:17.967","1","0","75 02:21.916","8","0","0","0","67301","0","0","0","N","0","0","0","11","68K01","0","","1.0","706.0","9","N","N","N","0","","0","0","1","","0","N","","3","11","0","0","0","11","0","2","1","3","","","","N","","","","","","","","","",""
"2022020429","2242","1","0","0","0","0","0","0","0","0","1","0","","67","2","2022","6","40.004705","-75.152241","2242","6","0","0","0","0","0","1","0","0","","0","0","0","","","0","","1","","40 00:16.937","","0","75 09:08.069","0","0","0","0","67301","0","0","0","N","0","0","0","2","67505","0","","1.0","","1","N","N","N","0","","0","0","1","","2","","","2","0","1","0","0","0","0","2","0","2","","","","N","","","","","","","","","",""
"2022031223","0946","0","0","0","0","0","0","0","0","0","7","0","","67","3","2022","4","39.972028","-75.234475","0944","6","0","0","0","0","0","0","0","0","","0","0","0","","","0","","1","","39 58:19.300","","0","75 14:04.109","0","0","0","0","67301","0","0","0","N","0","0","0","1","67301","0","","4.0","","1","N","N","N","0","","0","0","0","","0","","","1","0","0","0","0","0","0","2","0","1","","03","","N","","","","","","","","","",""
"2022026407","0130","1","0","0","0","0","0","0","0","0","7","0","","67","3","2022","3","40.048157","-75.113306","0125","6","0","0","0","0","0","0","0","0","","0","0","0","","","0","N","0","","40 02:53.365","","0","75 06:47.903","9","0","0","0","67301","0","0","0","N","0","0","0","1","67301","0","","4.0","","1","N","N","N","0","","0","0","0","","0","","","1","0","0","0","0","0","1","2","0","1","","","","N","","","","","","","","","",""
"2022029249","2040","1","0","0","0","0","0","0","0","0","5","0","","67","3","2022","3","40.006439","-75.149947","2036","6","0","0","0","0","0","0","0","0","","0","0","0","","","0","N","0","","40 00:23.180","","0","75 08:59.810","0","0","0","0","67301","0","0","0","N","0","0","0","1","67301","0","","6.0","","1","N","N","N","1","","0","0","0","","0","","","2","0","0","0","0","0","0","2","0","2","","","","N","","","","","","","","","",""
"2022044542","0146","1","0","0","0","0","0","0","0","0","7","0","","67","4","2022","2","39.97155","-75.217314","0146","6","0","0","0","0","0","0","0","0","","1","0","0","","","0","N","0","","39 58:17.580","5","0","75 13:02.330","1","0","0","0","67301","0","0","0","N","0","0","0","1","67301","0","2","4.0","430.0","1","N","N","N","0","0","0","0","0","","0","Y","","1","0","1","1","0","0","0","2","0","1","","","","N","","","","","","","","","",""
"2022044830","1116","0","0","0","0","0","0","0","0","0","5","1","","67","5","2022","4","39.966086","-75.194394","1058","6","0","0","0","0","0","1","0","0","","0","1","0","","","1","N","0","","39 57:57.910","","0","75 11:39.820","3","0","0","0","67301","1","0","0","N","1","0","0","2","67301","0","","1.0","","1","N","Y","N","0","","1","0","0","","0","","","3","1","0","0","0","0","0","2","1","2","","","","N","","","","","","","","","",""
"2022019623","0851","1","0","0","0","0","0","0","0","0","4","0","","67","2","2022","2","39.951446","-75.234844","0847","6","0","0","0","0","0","0","0","0","","0","0","0","","","2","","1","","39 57:05.205","3","0","75 14:05.438","3","0","0","0","67301","0","0","0","N","0","0","0","2","67301","1","","1.0","1041.0","1","N","N","N","0","","1","0","1","","2","N","","3","2","0","0","0","0","0","2","1","3","","","","N","","","","","","","","","",""
"2022047639","1857","0","0","0","0","0","0","0","0","0","8","0","","67","5","2022","3","39.957697","-75.162478","1857","6","0","0","0","0","0","0","0","0","","0","0","0","","","1","","1","","39 57:27.710","","0","75 09:44.921","3","0","0","0","67301","1","0","0","N","1","0","0","1","67301","0","","1.0","","1","N","N","N","0","","1","0","0","","2","","","2","1","0","0","0","0","0","2","0","1","","03","","N","","","","","","","","","",""
"2022029260","0150","2","0","0","0","0","0","0","0","0","4","0","","67","3","2022","1","39.964537","-75.134391","0150","6","0","0","0","0","0","0","0","0","","0","0","0","","","1","","3","","39 57:52.333","1","7","75 08:03.809","3","0","0","0","67301","0","0","0","N","0","0","0","2","67301","0","","1.0","300.0","1","N","N","N","0","","1","0","0","","2","N","","2","1","0","0","0","0","0","2","0","2","","03","","N","","","","","","","","","",""
"2022031219","1711","1","0","0","0","0","0","0","0","0","1","0","","67","3","2022","4","39.901029","-75.204235","1707","6","0","0","0","0","0","0","1","0","","0","0","0","","","3","N","0","","39 54:03.705","6","3","75 12:15.245","3","0","0","0","67301","0","0","0","N","0","0","0","6","67301","0","","1.0","1755.0","1","N","N","N","3","","3","0","2","","7","N","","6","3","0","0","0","0","0","2","0","6","","03","","N","","","","","","","","","",""
"2022043793","2115","2","0","0","0","0","0","0","0","0","1","0","","67","4","2022","2","39.905757","-75.193824","2109","6","0","0","0","0","0","0","0","0","","0","0","0","","","1","","1","","39 54:20.725","","0","75 11:37.765","3","0","0","0","67301","0","0","0","N","0","0","0","2","67301","0","","1.0","","1","N","N","N","0","","1","0","0","","2","","","2","1","1","0","0","0","1","2","0","2","","03","","N","","","","","","","","","",""
"2022049725","1714","2","0","0","0","0","0","0","0","0","1","0","","67","5","2022","5","40.036911","-75.014417","1714","6","0","0","0","0","0","1","0","0","","0","0","0","","","1","N","0","","40 02:12.880","","0","75 00:51.901","3","0","0","0","67301","0","0","0","N","0","0","0","2","68K01","0","","1.0","","1","N","N","N","0","","1","0","0","","0","","","2","1","1","0","0","0","0","2","0","2","","","","N","","","","","","","","","",""
"2022019633","1530","1","0","0","0","0","0","0","0","0","8","0","","67","2","2022","6","39.975774","-75.168553","1526","6","0","0","0","0","0","0","0","0","","0","0","0","","","1","","1","","39 58:32.788","","0","75 10:06.789","8","0","0","0","67301","1","0","0","N","1","0","0","2","67301","0","","1.0","","1","N","N","N","0","","0","0","0","","2","","","2","1","0","0","0","1","0","2","0","1","","03","","N","","","","","","","","","",""
"2022051467","1113","0","0","0","0","0","0","0","0","0","7","0","","67","4","2022","1","40.03797","-75.011483","1055","6","0","0","0","0","0","0","0","0","","0","0","0","","","0","N","0","","40 02:16.691","","0","75 00:41.338","0","0","0","0","67301","0","0","0","N","0","0","0","1","68K01","0","","2.0","","1","N","N","N","1","","0","0","0","","0","","","1","0","0","0","0","0","0","2","0","1","","03","","N","","","","","","","","","",""
"2022019647","2230","0","0","0","0","0","0","0","0","0","4","0","","67","2","2022","7","40.010821","-75.126649","2030","6","0","0","0","0","0","0","0","0","","0","0","0","","","0","","1","","40 00:38.955","","0","75 07:35.936","0","0","0","0","67301","0","0","0","N","0","0","0","2","67301","0","","1.0","","1","N","N","N","0","","0","0","2","","2","","","2","0","1","0","0","0","0","2","0","2","","03","","N","","","","","","","","","",""