"CRN","ARRIVAL_TM","AUTOMOBILE_COUNT","BELTED_DEATH_COUNT","BELTED_SUSP_SERIOUS_INJ_COUNT","BICYCLE_COUNT","BICYCLE_DEATH_COUNT","BICYCLE_SUSP_SERIOUS_INJ_COUNT","BUS_COUNT","CHLDPAS_DEATH_COUNT","CHLDPAS_SUSP_SERIOUS_INJ_COUNT","COLLISION_TYPE","COMM_VEH_COUNT","CONS_ZONE_SPD_LIM","COUNTY","CRASH_MONTH","CRASH_YEAR","DAY_OF_WEEK","DEC_LATITUDE","DEC_LONGITUDE","DISPATCH_TM","DISTRICT","DRIVER_COUNT_16YR","DRIVER_COUNT_17YR","DRIVER_COUNT_18YR","DRIVER_COUNT_19YR","DRIVER_COUNT_20YR","DRIVER_COUNT_50_64YR","DRIVER_COUNT_65_74YR","DRIVER_COUNT_75PLUS","EST_HRS_CLOSED","FATAL_COUNT","HEAVY_TRUCK_COUNT","HORSE_BUGGY_COUNT","HOUR_OF_DAY","ILLUMINATION","INJURY_COUNT","INTERSECTION_RELATED","INTERSECT_TYPE","LANE_CLOSED","LATITUDE","LN_CLOSE_DIR","LOCATION_TYPE","LONGITUDE","MAX_SEVERITY_LEVEL","MCYCLE_DEATH_COUNT","MCYCLE_SUSP_SERIOUS_INJ_COUNT","MOTORCYCLE_COUNT","MUNICIPALITY","NONMOTR_COUNT","NONMOTR_DEATH_COUNT","NONMOTR_SUSP_SERIOUS_INJ_COUNT","NTFY_HIWY_MAINT","PED_COUNT","PED_DEATH_COUNT","PED_SUSP_SERIOUS_INJ_COUNT","PERSON_COUNT","POLICE_AGCY","POSSIBLE_INJ_COUNT","RDWY_SURF_TYPE_CD","RELATION_TO_ROAD","ROADWAY_CLEARED","ROAD_CONDITION","SCH_BUS_IND","SCH_ZONE_IND","SECONDARY_CRASH","SMALL_TRUCK_COUNT","SPEC_JURIS_CD","SUSP_MINOR_INJ_COUNT","SUSP_SERIOUS_INJ_COUNT","SUV_COUNT","TCD_FUNC_CD","TCD_TYPE","TFC_DETOUR_IND","TIME_OF_DAY","TOTAL_UNITS","TOT_INJ_COUNT","UNBELTED_OCC_COUNT","UNB_DEATH_COUNT","UNB_SUSP_SERIOUS_INJ_COUNT","UNK_INJ_DEG_COUNT","UNK_INJ_PER_COUNT","URBAN_RURAL","VAN_COUNT","VEHICLE_COUNT","WEATHER1","WEATHER2","WORKERS_PRES","WORK_ZONE_IND","WORK_ZONE_LOC","WORK_ZONE_TYPE","WZ_CLOSE_DETOUR","WZ_FLAGGER","WZ_LAW_OFFCR_IND","WZ_LN_CLOSURE","WZ_MOVING","WZ_OTHER","WZ_SHLDER_MDN","WZ_WORKERS_INJ_KILLED"
"2022044145","0230","0","0","0","0","0","0","0","0","0","7","0","","67","5","2022","2","40.118602","-75.007034","0227","6","0","0","0","0","0","0","0","0","","0","0","0","","","0","","3","","40 07:06.967","","0","75 00:25.322","0","0","0","0","67301","0","0","0","N","0","0","0","1","67301","0","","5.0","","1","N","N","N","0","","0","0","1","","2","","","1","0","0","0","0","0","0","2","0","1","","03","","N","","","","","","","","","",""
"2022030743","2022","2","0","0","0","0","0","0","0","0","1","0","","67","3","2022","4","40.027703","-75.087303","2012","6","0","0","0","0","0","0","0","0","","0","0","0","","","0","N","0","","40 01:39.730","","0","75 05:14.290","0","0","0","0","67301","0","0","0","N","0","0","0","1","67301","0","","6.0","","1","N","N","N","0","","0","0","0","","0","","","2","0","0","0","0","0","0","2","0","2","","03","","N","","","","","","","","","",""
"2022014663","0415","0","0","0","0","0","0","0","0","0","7","0","","67","1","2022","7","40.050681","-75.157867","0403","6","0","0","0","0","0","0","0","0","","0","0","0","","","0","N","0","","40 03:02.450","","0","75 09:28.320","0","0","0","0","67301","0","0","0","N","0","0","0","1","67301","0","","5.0","","1","N","N","N","0","","0","0","1","","0","","","1","0","0","0","0","0","0","2","0","1","","03","","N","","","","","","","","","",""
"2022026751","0740","0","0","0","0","0","0","0","0","0","4","0","","67","3","2022","3","40.058997","-75.044079","0729","6","0","0","0","0","0","0","0","0","","0","0","0","","","3","","1","","40 03:32.389","","0","75 02:38.685","3","0","0","0","67301","0","0","0","N","0","0","0","5","67301","0","","1.0","","1","N","N","N","0","","1","0","2","","2","","","2","3","0","0","0","2","0","2","0","2","","03","","N","","","","","","","","","",""
"2022029670","1733","1","0","0","0","0","0","0","0","0","8","0","","67","3","2022","7","39.945057","-75.239298","1733","6","0","0","0","0","0","0","0","0","","0","0","0","","","4","N","0","","39 56:42.204","","0","75 14:21.474","3","0","0","0","67301","4","0","0","N","4","0","0","5","67301","0","","1.0","","1","N","N","N","0","","4","0","0","","0","","","5","4","1","0","0","0","0","2","0","1","","03","","N","","","","","","","","","",""
"2022043731","2244","1","0","0","0","0","0","0","0","0","7","0","","67","5","2022","6","39.959959","-75.17848","2238","6","0","0","0","0","0","0","0","0","","0","0","0","","","0","N","0","","39 57:35.853","4","0","75 10:42.529","9","0","0","0","67301","0","0","0","N","0","0","0","1","68K01","0","","2.0","2253.0","9","N","N","N","0","","0","0","0","","0","Y","","1","0","0","0","0","0","1","2","0","1","","","","N","","","","","","","","","",""
"2022016570","1640","2","0","0","0","0","0","0","0","0","1","0","","67","2","2022","4","40.044143","-75.002454","1601","6","0","0","0","0","0","0","0","0","","0","0","0","","","0","N","0","","40 02:38.915","","3","75 00:08.835","9","0","0","0","67301","0","0","0","N","0","0","0","2","68K01","0","","1.0","","1","N","N","N","0","","0","0","0","","0","","","2","0","0","0","0","0","1","2","0","2","","03","","N","","","","","","","","","",""
"2022032880","1845","1","0","0","0","0","0","0","0","0","4","0","","67","4","2022","7","39.928019","-75.219299","1845","6","0","0","0","0","0","0","0","0","","0","0","0","","","1","","1","","39 55:40.869","5","0","75 13:09.477","3","0","0","0","67301","0","0","0","N","0","0","0","2","67301","0","","1.0","1909.0","1","N","N","N","0","","1","0","1","","2","Y","","2","1","0","0","0","0","0","2","0","2","","03","","N","","","","","","","","","",""
"2022044066","1230","1","0","0","0","0","0","0","0","0","4","0","","67","4","2022","5","39.970451","-75.150975","1225","6","0","0","0","0","0","0","0","0","","0","0","0","","","0","","1","","39 58:13.623","","1","75 09:03.509","0","0","0","0","67301","0","0","0","N","0","0","0","2","67301","0","","1.0","","1","N","N","N","0","","0","0","1","","0","","","2","0","1","0","0","0","0","2","0","2","","03","","N","","","","","","","","","",""
"2022027260","1048","0","0","0","0","0","0","0","0","0","2","0","","67","3","2022","4","39.935225","-75.225389","1046","6","0","0","0","0","0","0","0","0","","0","0","0","","","1","N","0","","39 56:06.810","","0","75 13:31.400","3","0","0","0","67301","0","0","0","N","0","0","0","2","67301","0","","6.0","","9","N","N","N","1","","1","0","1","","0","","","2","1","0","0","0","0","0","2","0","2","","04","","N","","","","","","","","","",""
"2022014667","1917","2","0","0","0","0","0","0","0","0","4","0","","67","1","2022","7","40.07056","-75.184659","1917","6","0","0","0","0","0","0","0","1","","0","0","0","","","5","","1","","40 04:14.015","","0","75 11:04.774","8","0","0","0","67301","0","0","0","N","0","0","0","5","67301","0","","1.0","","1","N","N","N","0","","0","0","0","","2","","","2","5","0","0","0","5","0","2","0","2","","","","N","","","","","","","","","",""
"2022004259","0050","1","0","0","0","0","0","0","0","0","7","0","","67","1","2022","3","39.941204","-75.205354","0045","6","0","0","0","0","0","0","0","0","","0","0","0","","","0","N","0","","39 56:28.334","4","3","75 12:19.274","0","0","0","0","67301","0","0","0","N","0","0","0","1","67301","0","","4.0","105.0","1","N","N","N","0","","0","0","0","","0","N","","1","0","0","0","0","0","0","2","0","1","","03","","N","","","","","","","","","",""
"2022010821","1923","1","0","0","0","0","0","0","0","0","7","0","","67","1","2022","1","40.063986","-75.249185","1920","6","0","0","0","0","0","1","0","0","","0","0","0","","","0","","2","","40 03:50.349","","0","75 14:57.065","0","0","0","0","67301","0","0","0","N","0","0","0","1","67301","0","","4.0","","7","N","N","N","0","","0","0","0","","3","","","1","0","0","0","0","0","0","2","0","1","","","","N","","","","","","","","","",""
"2022014751","0213","0","0","0","0","0","0","0","0","0","4","0","","67","1","2022","5","39.932814","-75.186459","0212","6","0","0","0","0","0","1","0","0","","0","0","0","","","0","","1","","39 55:58.131","","1","75 11:11.252","0","0","0","0","67301","0","0","0","N","0","0","0","2","67301","0","","1.0","","1","N","N","N","0","","0","0","2","","3","","","2","0","2","0","0","0","0","2","0","2","","","","N","","","","","","","","","",""
"2022010893","1849","1","0","0","0","0","0","0","0","0","4","0","","67","1","2022","7","40.043736","-75.13821","1849","6","0","0","0","0","0","0","0","0","","0","0","0","","","0","","1","","40 02:37.449","","0","75 08:17.555","0","0","0","0","67301","0","0","0","N","0","0","0","2","67301","0","","1.0","","1","N","N","N","0","","0","0","1","","3","","","2","0","0","0","0","0","0","2","0","2","","","","N","","","","","","","","","",""
"2022014645","0740","0","0","0","0","0","0","0","0","0","4","0","","67","1","2022","6","39.90369","-75.243239","0734","6","0","0","0","0","0","0","0","0","","0","0","0","","","5","","1","","39 54:13.285","","0","75 14:35.660","3","0","0","0","67301","0","0","0","N","0","0","0","8","67301","0","","1.0","","1","N","N","N","1","","5","0","2","","2","","","3","5","0","0","0","0","0","2","0","3","","03","","N","","","","","","","","","",""
"2022044147","0018","0","0","0","0","0","0","0","0","0","8","0","","67","5","2022","4","39.986524","-75.157896","0007","6","0","0","0","0","0","0","0","0","","0","0","0","","","1","","1","","39 59:11.485","","0","75 09:28.427","8","0","0","0","67301","1","0","0","N","1","0","0","2","67301","0","","1.0","","1","N","N","N","0","","0","0","0","","2","","","2","1","0","0","0","1","0","2","0","1","","","","N","","","","","","","","","",""
"2022010885","0455","1","0","0","0","0","0","0","0","0","4","0","","67","1","2022","6","39.971571","-75.146317","0454","6","0","0","0","0","0","1","0","0","","0","0","0","","","1","","1","","39 58:17.655","","0","75 08:46.741","3","0","0","0","67301","0","0","0","N","0","0","0","2","67301","0","","1.0","","1","N","N","N","0","","1","0","0","","2","","","2","1","0","0","0","0","0","2","0","2","","03","","N","","","","","","","","","",""
"2022011790","0647","0","0","0","0","0","0","0","0","0","8","0","","67","2","2022","4","39.981278","-75.153528","0645","6","0","0","0","0","0","1","0","0","","0","0","0","","","1","N","0","","39 58:52.600","2","0","75 09:12.700","8","0","0","0","67301","1","0","0","N","1","0","0","2","67505","0","","1.0","700.0","1","N","N","N","0","","0","0","1","","3","N","","2","1","0","0","0","1","0","2","0","1","","03","","N","","","","","","","","","",""
"2022032813","1115","0","0","0","0","0","0","0","0","0","7","0","","67","4","2022","3","39.922083","-75.189861","1112","6","0","0","0","0","0","0","0","0","","0","0","0","","","1","N","0","","39 55:19.500","","3","75 11:23.500","4","0","0","0","67301","0","0","0","N","0","0","0","3","67501","1","","4.0","","1","N","N","N","0","","0","0","1","","0","","","1","1","0","0","0","0","0","2","0","1","","03","","N","","","","","","","","","",""
"2022056499","2322","1","0","0","0","0","0","0","0","0","7","0","","67","5","2022","5","39.956939","-75.155543","2316","6","1","0","0","0","0","0","0","0","","0","0","0","","","0","N","0","","39 57:24.980","3","0","75 09:19.953","0","0","0","0","67301","0","0","0","N","0","0","0","1","68K01","0","","4.0","2341.0","1","N","N","N","0","","0","0","0","","0","N","","1","0","0","0","0","0","0","2","0","1","","","","N","","","","","","","","","",""
"2022040292","0019","1","0","0","0","0","0","0","0","0","1","0","","67","4","2022","7","40.006168","-75.151802","0018","6","0","0","0","0","0","0","0","0","","0","0","0","","","0","","1","","40 00:22.203","1","0","75 09:06.487","9","0","0","0","67301","0","0","0","N","0","0","0","4","67505","0","","1.0","130.0","1","N","N","N","0","","0","0","2","","2","N","","3","0","0","0","0","0","3","2","0","3","","03","","N","","","","","","","","","",""
"2022033230","","1","0","0","0","0","0","0","0","0","4","0","","67","3","2022","1","39.940369","-75.236609","","6","0","0","0","0","0","0","0","0","","0","0","0","","","2","","1","","39 56:25.327","","0","75 14:11.791","8","0","0","0","67301","0","0","0","N","0","0","0","4","00000","0","","1.0","","1","","","N","0","","0","0","1","","2","","","2","2","0","0","0","2","0","2","0","2","","","","N","","","","","","","","","",""
"2022010840","0900","3","0","0","0","0","0","0","0","0","3","0","","67","1","2022","1","40.042827","-75.181284","0900","6","0","0","0","0","0","0","0","0","","0","0","0","","","0","N","0","","40 02:34.177","","0","75 10:52.621","9","0","0","0","67301","0","0","0","N","0","0","0","1","67301","0","","6.0","","1","N","N","N","0","","0","0","0","","0","","","3","0","1","0","0","0","1","2","0","3","","03","","N","","","","","","","","","",""
"2022043900","0045","0","0","0","0","0","0","0","0","0","7","0","","67","4","2022","6","40.072569","-75.175483","0033","6","0","0","0","0","0","0","0","0","","0","0","0","","","0","N","0","","40 04:21.250","","0","75 10:31.740","0","0","0","0","67301","0","0","0","N","0","0","0","1","67301","0","","5.0","","1","N","N","N","0","","0","0","1","","0","","","1","0","0","0","0","0","0","2","0","1","","03","","N","","","","","","","","","",""
"2022019749","1700","1","0","0","0","0","0","0","0","0","5","0","","67","2","2022","2","40.017067","-75.046503","1650","6","0","0","0","0","0","1","0","0","","0","0","0","","","2","N","0","","40 01:01.440","","0","75 02:47.410","8","0","0","1","67301","0","0","0","N","0","0","0","3","67301","0","","1.0","","1","N","N","N","0","","0","0","0","","0","","","2","2","0","0","0","2","0","2","0","2","","03","","N","","","","","","","","","",""
"2022032702","1630","2","0","0","0","0","0","0","0","0","1","0","","67","3","2022","7","39.888923","-75.202245","1625","6","0","0","0","0","0","0","0","0","","0","0","0","","","2","N","0","","39 53:20.121","1","3","75 12:08.081","8","0","0","0","67301","0","0","0","N","0","0","0","5","68K01","0","","2.0","1715.0","2","N","N","N","0","","0","0","1","","0","N","","3","2","0","0","0","2","0","2","0","3","","02","","N","","","","","","","","","",""
"2022029168","1055","0","0","0","0","0","0","0","0","0","8","0","99","67","3","2022","5","39.92992","-75.144444","1046","6","0","0","0","0","0","0","0","0","","0","0","0","","","1","","2","","39 55:47.711","2","0","75 08:40.000","3","0","0","0","67301","1","0","0","N","1","0","0","2","67301","0","","1.0","1110.0","9","N","N","N","0","","1","0","1","","2","N","","2","1","0","0","0","0","0","2","0","1","","","Y","Y","4","3","","","N","","","Y","","Y"
"2022065484","1320","2","0","0","0","0","0","0","0","0","4","0","","67","7","2022","1","39.959881","-75.193786","1319","6","0","0","0","0","0","1","0","0","","0","0","0","","","0","N","1","","39 57:35.571","","0","75 11:37.629","0","0","0","0","67301","0","0","0","N","0","0","0","8","67507","0","","1.0","","1","N","N","N","0","","0","0","0","","2","","","2","0","0","0","0","0","0","2","0","2","","","","N","","","","","","","","","",""
"2022027127","","1","0","0","0","0","0","0","0","0","4","0","","67","3","2022","5","39.991699","-75.185608","","6","0","1","0","0","0","1","0","0","","0","0","0","","","1","","5","","39 59:30.115","","0","75 11:08.190","8","0","0","0","67301","0","0","0","N","0","0","0","2","00000","0","","1.0","","1","","","N","0","","0","0","0","","2","","","2","1","0","0","0","1","0","2","1","2","","","","N","","","","","","","","","",""
"2022063137","0614","0","0","0","0","0","0","0","0","0","7","0","","67","6","2022","1","39.886162","-75.242884","0601","6","0","0","0","0","0","0","0","0","","0","0","0","","","0","N","0","","39 53:10.183","1","0","75 14:34.381","0","0","0","0","67301","0","0","0","Y","0","0","0","3","68K01","0","","5.0","725.0","9","N","N","N","0","","0","0","1","","0","N","","1","0","0","0","0","0","0","2","0","1","","04","","N","","","","","","","","","",""
"2022043513","1719","1","0","0","0","0","0","0","0","0","1","0","","67","4","2022","4","39.95653","-75.197217","1718","6","0","0","0","0","0","1","0","0","","0","0","0","","","1","N","0","","39 57:23.509","","0","75 11:49.981","3","0","0","0","67301","0","0","0","N","0","0","0","2","67504","0","","1.0","","1","N","N","N","1","","1","0","0","","2","","","2","1","0","0","0","0","0","2","0","2","","03","","N","","","","","","","","","",""
"2022043896","2007","1","0","0","0","0","0","0","0","0","4","0","","67","5","2022","1","39.937214","-75.226503","2004","6","0","0","0","0","0","0","0","0","","0","0","0","","","1","N","0","","39 56:13.970","","0","75 13:35.410","8","0","0","0","67301","0","0","0","N","0","0","0","1","67301","0","","1.0","","1","N","N","N","0","","0","0","0","","0","","","2","1","0","0","0","1","0","2","0","2","","","","N","","","","","","","","","",""
"2022023753","0248","2","0","0","0","0","0","0","0","0","4","0","","67","2","2022","1","40.044297","-75.054111","0241","6","0","0","0","1","0","0","0","0","","0","0","0","","","0","","1","","40 02:39.468","","0","75 03:14.798","0","0","0","0","67301","0","0","0","N","0","0","0","4","67301","0","","1.0","","1","N","N","Y","0","","0","0","1","","2","","","4","0","0","0","0","0","0","2","1","4","","03","","N","","","","","","","","","",""
"2022023162","1551","2","0","0","0","0","0","0","0","0","1","0","","67","2","2022","7","39.966377","-75.187014","1543","6","0","0","0","0","1","1","0","0","","0","0","0","","","3","N","0","","39 57:58.957","4","0","75 11:13.251","4","0","0","0","67301","0","0","0","N","0","0","0","8","68K01","3","","1.0","1657.0","1","N","N","N","0","","0","0","0","","0","N","","4","3","0","0","0","0","1","2","1","4","","","","N","","","","","","","","","",""
"2022063027","1725","1","0","0","0","0","0","0","0","0","2","0","","67","7","2022","4","40.058997","-75.044079","1706","6","0","0","0","0","0","0","0","0","","0","0","0","","","1","","1","","40 03:32.389","","0","75 02:38.685","3","0","0","0","67301","0","0","0","N","0","0","0","2","67301","0","","1.0","","1","N","N","N","0","","1","0","1","","2","","","2","1","0","0","0","0","0","2","0","2","","03","","N","","","","","","","","","",""
"2022063041","2210","0","0","0","0","0","0","0","0","0","7","1","","67","7","2022","5","40.024099","-75.075587","2116","6","0","0","0","0","0","0","0","0","","0","1","0","","","0","","2","","40 01:26.757","3","0","75 04:32.112","0","0","0","0","67301","0","0","0","N","0","0","0","1","67301","0","","5.0","5.0","1","N","N","N","0","","0","0","0","","0","Y","","1","0","0","0","0","0","0","2","0","1","","03","","N","","","","","","","","","",""
"2022053185","1846","2","0","0","0","0","0","0","0","0","4","0","","67","5","2022","1","40.005931","-75.113497","1846","6","0","0","0","0","0","0","0","0","","0","0","0","","","1","","1","","40 00:21.351","","0","75 06:48.588","8","0","0","0","67301","0","0","0","N","0","0","0","2","67301","0","","1.0","","99","N","N","N","0","","0","0","0","","2","","","2","1","0","0","0","1","0","2","0","2","","","","N","","","","","","","","","",""
"2022050818","1423","1","0","0","0","0","0","0","0","0","4","0","","67","5","2022","7","39.990431","-75.126996","1423","6","0","0","0","0","0","0","0","0","","0","0","0","","","1","","1","","39 59:25.550","","0","75 07:37.185","8","0","0","0","67301","0","0","0","N","0","0","0","1","67301","0","","1.0","","9","N","N","N","0","","0","0","1","","2","","","2","1","1","0","0","1","0","2","0","2","","","","N","","","","","","","","","",""
"2022053888","0656","0","0","0","0","0","0","0","0","0","1","0","","67","4","2022","5","39.968327","-75.129743","0647","6","0","0","0","0","1","1","0","0","","0","0","0","","","0","N","0","","39 58:05.976","","0","75 07:47.075","0","0","0","0","67301","0","0","0","N","0","0","0","3","68K01","0","","1.0","","1","N","N","N","0","","0","0","1","","0","","","2","0","0","0","0","0","0","2","1","2","","","","N","","","","","","","","","",""
"2022027318","1317","1","0","0","0","0","0","0","0","0","5","0","","67","3","2022","7","40.037852","-75.011133","1257","6","0","0","0","0","0","0","0","0","","0","0","0","","","0","N","0","","40 02:16.266","","0","75 00:40.079","0","0","0","0","67301","0","0","0","N","0","0","0","2","68K01","0","","1.0","","1","N","N","N","0","","0","0","1","","0","","","2","0","0","0","0","0","0","2","0","2","","03","","N","","","","","","","","","",""
"2022051961","1240","1","0","0","0","0","0","0","0","0","4","0","","67","6","2022","6","40.045997","-75.082334","1234","6","0","0","0","0","0","0","0","0","","0","0","0","","","1","","1","","40 02:45.589","","0","75 04:56.402","3","0","0","0","67301","0","0","0","N","0","0","0","2","67301","0","","1.0","","1","N","N","N","0","","1","0","1","","2","","","2","1","0","0","0","0","0","2","0","2","","","","N","","","","","","","","","",""
"2022053373","","2","0","0","0","0","0","0","0","0","4","0","","67","4","2022","1","39.916598","-75.231141","","6","0","0","0","0","0","0","0","0","","0","0","0","","","1","","1","","39 54:59.751","","0","75 13:52.108","8","0","0","0","67301","0","0","0","N","0","0","0","2","00000","0","","1.0","","1","","","N","0","","0","0","0","","3","","","2","1","0","0","0","1","0","2","0","2","","","","N","","","","","","","","","",""
"2022055681","2355","2","0","0","0","0","0","0","0","0","1","0","","67","6","2022","6","40.014456","-75.178226","2342","6","0","0","0","0","0","0","0","0","","0","0","0","","","2","N","0","","40 00:52.042","","1","75 10:41.615","8","0","0","0","67301","0","0","0","N","0","0","0","3","67301","0","","1.0","","1","N","N","N","0","","0","0","0","","0","","","2","2","3","0","0","2","0","2","0","2","","03","","N","","","","","","","","","",""
"2022063021","1139","1","0","0","0","0","0","0","0","0","7","0","","67","7","2022","3","39.919855","-75.201372","1139","6","0","0","0","0","0","0","0","0","","0","0","0","","","1","N","0","","39 55:11.477","","3","75 12:04.940","3","0","0","0","67301","0","0","0","N","0","0","0","1","67301","0","","2.0","","9","N","N","N","0","","1","0","0","","0","","","1","1","0","0","0","0","0","2","0","1","","","","N","","","","","","","","","",""
"2022064363","1001","0","0","0","0","0","0","0","0","0","8","2","15","67","6","2022","5","40.005907","-75.074989","0955","6","0","0","0","0","0","0","0","0","","0","2","0","","","1","N","0","","40 00:21.265","","0","75 04:29.962","8","0","0","0","67301","1","0","0","N","1","0","0","2","68K01","0","","1.0","","1","N","N","N","0","","0","0","0","","0","","","3","1","0","0","0","1","0","2","0","2","","","Y","Y","4","1","","","N","","","","Y","N"
"2022065955","0959","0","0","0","0","0","0","0","0","0","1","2","55","67","7","2022","5","39.891325","-75.237669","0950","6","0","0","0","0","0","0","0","0","","0","2","0","","","1","N","0","","39 53:28.770","1","0","75 14:15.607","8","0","0","0","67301","0","0","0","Y","0","0","0","2","68K01","0","","1.0","1203.0","1","N","N","N","0","","0","0","0","","0","N","","2","1","0","0","0","1","0","2","0","2","","03","Y","Y","2","2","N","N","N","Y","N","N","N","Y"
"2022068576","1559","1","0","0","0","0","0","0","0","0","8","0","","67","7","2022","2","40.030029","-75.035353","1522","6","0","0","0","0","0","0","0","0","","0","0","0","","","1","N","0","","40 01:48.104","","7","75 02:07.270","4","0","0","0","67301","1","0","0","N","1","0","0","1","67301","1","","1.0","","1","N","N","N","0","","0","0","0","","0","","","2","1","0","0","0","0","0","2","0","1","","","","N","","","","","","","","","",""
"2022031336","0859","2","0","0","0","0","0","0","0","0","4","0","","67","3","2022","4","39.99085","-75.155141","0847","6","0","0","0","0","0","0","0","0","","0","0","0","","","1","","1","","39 59:27.061","","0","75 09:18.508","3","0","0","0","67301","0","0","0","N","0","0","0","2","67301","0","","1.0","","1","N","N","N","0","","1","0","0","","2","","","2","1","0","0","0","0","0","2","0","2","","03","","N","","","","","","","","","",""
"2022044124","1501","1","0","0","0","0","0","0","0","0","2","0","","67","5","2022","3","40.013632","-75.158688","1500","6","0","0","0","0","0","0","0","0","","0","0","0","","","1","","1","","40 00:49.075","","0","75 09:31.275","3","0","0","0","67301","0","0","0","N","0","0","0","1","67301","0","","1.0","","1","N","N","N","0","","1","0","0","","2","","","2","1","1","0","0","0","0","2","1","2","","04","","N","","","","","","","","","",""
"2022019593","0750","2","0","0","0","0","0","0","0","0","5","0","","67","2","2022","3","40.03237","-75.080924","0725","6","0","0","0","0","0","1","0","0","","0","0","0","","","0","","1","","40 01:56.533","","0","75 04:51.327","0","0","0","0","67301","0","0","0","N","0","0","0","3","67301","0","","1.0","","1","N","N","N","0","","0","0","1","","2","","","3","0","0","0","0","0","0","2","0","3","","04","","N","","","","","","","","","",""
"2022060945","2236","1","0","0","0","0","0","0","0","0","1","0","","67","5","2022","3","39.893376","-75.196174","2223","6","0","0","0","0","0","0","0","0","","0","0","0","","","1","N","0","","39 53:36.152","1","3","75 11:46.225","8","0","0","0","67301","0","0","0","N","0","0","0","1","68K01","0","","2.0","2300.0","1","N","N","N","0","","0","0","1","","0","N","","2","1","0","0","0","1","0","2","0","2","","03","","N","","","","","","","","","",""
"2022051876","0020","1","0","0","0","0","0","0","0","0","4","0","","67","6","2022","6","40.026801","-75.097355","0012","6","0","0","0","0","0","0","0","0","","0","0","0","","","0","","1","","40 01:36.484","","0","75 05:50.479","0","0","0","0","67301","0","0","0","N","0","0","0","3","67301","0","","1.0","","1","N","N","N","0","","0","0","1","","2","","","2","0","0","0","0","0","0","2","0","2","","03","","N","","","","","","","","","",""
"2022055549","1340","0","0","0","0","0","0","0","0","0","4","0","","67","6","2022","6","39.932918","-75.148727","1233","6","0","0","0","0","0","1","0","0","","0","0","0","","","1","","1","","39 55:58.503","","0","75 08:55.417","3","0","0","0","67301","0","0","0","N","0","0","0","2","67301","0","","1.0","","1","N","N","N","0","","1","0","2","","2","","","2","1","0","0","0","0","0","2","0","2","","03","","N","","","","","","","","","",""
"2022049240","2055","0","0","0","0","0","0","0","0","0","4","0","","67","5","2022","4","40.114262","-74.987919","2055","6","0","1","0","0","0","0","0","0","","0","0","0","","","3","","1","","40 06:51.342","","0","74 59:16.507","3","0","0","0","67301","0","0","0","N","0","0","0","5","67301","0","","1.0","","1","N","N","N","0","","2","0","2","","2","","","2","3","0","0","0","1","0","2","0","2","","","","N","","","","","","","","","",""
"2022060526","1750","1","0","0","0","0","0","0","0","0","7","0","","67","6","2022","3","40.054674","-75.072218","1745","6","0","0","0","0","0","0","0","0","","0","0","0","","","0","N","0","","40 03:16.828","","0","75 04:19.984","9","0","0","0","67301","0","0","0","N","0","0","0","1","67301","0","","4.0","","1","N","N","N","0","","0","0","0","","0","","","1","0","0","0","0","0","1","2","0","1","","03","","N","","","","","","","","","",""
"2022052334","1842","1","0","0","0","0","0","0","0","0","7","0","","67","6","2022","7","39.952292","-75.156567","1840","6","0","0","0","0","0","0","0","0","","0","0","0","","","0","N","0","","39 57:08.250","","0","75 09:23.640","0","0","0","0","67301","0","0","0","N","0","0","0","1","67301","0","","5.0","","1","N","N","N","0","","0","0","0","","0","","","1","0","0","0","0","0","0","2","0","1","","98","","N","","","","","","","","","",""
"2022055654","1008","1","0","0","0","0","0","0","0","0","4","0","","67","5","2022","3","40.000967","-75.148029","1008","6","0","0","0","0","0","1","0","0","","0","0","0","","","0","","1","","40 00:03.481","","0","75 08:52.906","0","0","0","0","67301","0","0","0","N","0","0","0","2","67301","0","","1.0","","1","N","N","N","0","","0","0","1","","2","","","2","0","0","0","0","0","0","2","0","2","","","","N","","","","","","","","","",""
"2022015907","0910","1","0","0","0","0","0","0","0","0","4","0","","67","2","2022","6","39.959958","-75.237124","0852","6","0","0","0","0","0","1","0","0","","0","0","0","","","1","","1","","39 57:35.847","","0","75 14:13.645","3","0","0","0","67301","0","0","0","N","0","0","0","2","67301","0","","1.0","","1","N","N","N","0","","1","0","1","","2","","","2","1","0","0","0","0","0","2","0","2","","","","N","","","","","","","","","",""
"2022014838","0930","0","0","0","0","0","0","0","0","0","4","0","","67","1","2022","6","40.038972","-75.150035","0930","6","0","0","0","0","0","0","0","0","","0","0","0","","","1","","1","","40 02:20.299","","0","75 09:00.127","4","0","0","0","67301","0","0","0","N","0","0","0","2","67301","1","","1.0","","1","N","N","N","0","","0","0","2","","2","","","2","1","1","0","0","0","1","2","0","2","","","","N","","","","","","","","","",""
"2022050579","2200","1","0","0","1","0","0","0","0","0","8","0","","67","5","2022","3","40.008426","-75.193209","2200","6","0","0","0","0","0","0","0","0","","0","0","0","","","1","N","0","","40 00:30.335","","0","75 11:35.553","3","0","0","0","67301","1","0","0","N","0","0","0","2","67301","0","","1.0","","1","N","N","N","0","","1","0","0","","0","","","2","1","0","0","0","0","0","2","0","1","","03","","N","","","","","","","","","",""