"CRN","ARRIVAL_TM","AUTOMOBILE_COUNT","BELTED_DEATH_COUNT","BELTED_SUSP_SERIOUS_INJ_COUNT","BICYCLE_COUNT","BICYCLE_DEATH_COUNT","BICYCLE_SUSP_SERIOUS_INJ_COUNT","BUS_COUNT","CHLDPAS_DEATH_COUNT","CHLDPAS_SUSP_SERIOUS_INJ_COUNT","COLLISION_TYPE","COMM_VEH_COUNT","CONS_ZONE_SPD_LIM","COUNTY","CRASH_MONTH","CRASH_YEAR","DAY_OF_WEEK","DEC_LATITUDE","DEC_LONGITUDE","DISPATCH_TM","DISTRICT","DRIVER_COUNT_16YR","DRIVER_COUNT_17YR","DRIVER_COUNT_18YR","DRIVER_COUNT_19YR","DRIVER_COUNT_20YR","DRIVER_COUNT_50_64YR","DRIVER_COUNT_65_74YR","DRIVER_COUNT_75PLUS","EST_HRS_CLOSED","FATAL_COUNT","HEAVY_TRUCK_COUNT","HORSE_BUGGY_COUNT","HOUR_OF_DAY","ILLUMINATION","INJURY_COUNT","INTERSECTION_RELATED","INTERSECT_TYPE","LANE_CLOSED","LATITUDE","LN_CLOSE_DIR","LOCATION_TYPE","LONGITUDE","MAX_SEVERITY_LEVEL","MCYCLE_DEATH_COUNT","MCYCLE_SUSP_SERIOUS_INJ_COUNT","MOTORCYCLE_COUNT","MUNICIPALITY","NONMOTR_COUNT","NONMOTR_DEATH_COUNT","NONMOTR_SUSP_SERIOUS_INJ_COUNT","NTFY_HIWY_MAINT","PED_COUNT","PED_DEATH_COUNT","PED_SUSP_SERIOUS_INJ_COUNT","PERSON_COUNT","POLICE_AGCY","POSSIBLE_INJ_COUNT","RDWY_SURF_TYPE_CD","RELATION_TO_ROAD","ROADWAY_CLEARED","ROAD_CONDITION","SCH_BUS_IND","SCH_ZONE_IND","SECONDARY_CRASH","SMALL_TRUCK_COUNT","SPEC_JURIS_CD","SUSP_MINOR_INJ_COUNT","SUSP_SERIOUS_INJ_COUNT","SUV_COUNT","TCD_FUNC_CD","TCD_TYPE","TFC_DETOUR_IND","TIME_OF_DAY","TOTAL_UNITS","TOT_INJ_COUNT","UNBELTED_OCC_COUNT","UNB_DEATH_COUNT","UNB_SUSP_SERIOUS_INJ_COUNT","UNK_INJ_DEG_COUNT","UNK_INJ_PER_COUNT","URBAN_RURAL","VAN_COUNT","VEHICLE_COUNT","WEATHER1","WEATHER2","WORKERS_PRES","WORK_ZONE_IND","WORK_ZONE_LOC","WORK_ZONE_TYPE","WZ_CLOSE_DETOUR","WZ_FLAGGER","WZ_LAW_OFFCR_IND","WZ_LN_CLOSURE","WZ_MOVING","WZ_OTHER","WZ_SHLDER_MDN","WZ_WORKERS_INJ_KILLED"
"2022004181","1800","1","0","0","0","0","0","0","0","0","5","0","","67","1","2022","2","39.941678","-75.143894","1800","6","0","0","0","0","0","0","0","0","","0","0","0","","","1","N","0","","39 56:30.040","1","0","75 08:38.020","3","0","0","0","67301","0","0","0","N","0","0","0","1","67301","0","","6.0","1825.0","1","N","N","Y","0","","1","0","2","","0","N","","3","1","0","0","0","0","0","2","0","3","","03","","N","","","","","","","","","",""
"2022010849","0246","2","0","0","0","0","0","0","0","0","5","0","","67","1","2022","1","40.039744","-75.046154","0240","6","0","0","0","0","0","0","0","0","","0","0","0","","","0","N","0","","40 02:23.079","","0","75 02:46.156","0","0","0","0","67301","0","0","0","N","0","0","0","1","67301","0","","6.0","","1","N","N","N","0","","0","0","0","","0","","","2","0","0","0","0","0","0","2","0","2","","03","","N","","","","","","","","","",""
"2022014662","1600","2","0","0","0","0","0","0","0","0","4","0","","67","1","2022","6","40.051201","-75.17272","1555","6","0","0","0","0","0","1","1","0","","0","0","0","","","4","N","0","","40 03:04.325","6","7","75 10:21.793","3","0","0","0","67301","0","0","0","N","0","0","0","4","67301","0","","1.0","1615.0","1","N","Y","N","0","","4","0","1","","3","Y","","3","4","0","0","0","0","0","2","0","3","","98","","N","","","","","","","","","",""
"2022061700","0445","1","0","0","0","0","0","0","0","0","8","0","","67","7","2022","6","39.920033","-75.230344","0442","6","0","0","0","0","0","0","0","0","","0","0","0","","","1","N","0","","39 55:12.120","","0","75 13:49.240","3","0","0","0","67301","1","0","0","N","1","0","0","2","67301","0","","1.0","","1","N","N","N","0","","1","0","0","","0","","","2","1","0","0","0","0","0","2","0","1","","03","","N","","","","","","","","","",""
"2022069703","1125","1","0","0","0","0","0","0","0","0","4","1","15","67","7","2022","5","39.956562","-75.15133","1115","6","0","0","0","0","0","0","0","0","","0","1","0","","","0","","2","","39 57:23.624","1","0","75 09:04.788","0","0","0","0","67301","0","0","0","N","0","0","0","2","67301","0","","1.0","1149.0","1","N","N","N","0","","0","0","0","","2","N","","2","0","0","0","0","0","0","2","0","2","","03","Y","Y","4","1","N","N","N","Y","N","N","N","N"
"2022063331","2300","0","0","0","0","0","0","0","0","0","5","0","","67","7","2022","7","39.957636","-75.223361","2253","6","0","0","0","0","0","1","0","0","","0","0","0","","","0","N","0","","39 57:27.490","4","0","75 13:24.100","0","0","0","0","67301","0","0","0","N","0","0","0","1","67301","0","","6.0","49.0","1","N","N","N","0","","0","0","1","","0","N","","2","0","0","0","0","0","0","2","1","2","","04","","N","","","","","","","","","",""
"2022056485","1642","2","0","0","0","0","0","0","0","0","4","0","","67","6","2022","5","40.043906","-75.078573","1638","6","0","0","1","0","0","0","0","0","","0","0","0","","","3","","1","","40 02:38.062","","0","75 04:42.861","3","0","0","0","67301","2","0","0","N","2","0","0","4","67301","0","","1.0","","1","N","N","N","0","","3","0","0","","3","","","4","3","0","0","0","0","0","2","0","2","","03","","N","","","","","","","","","",""
"2022056676","1835","0","0","0","0","0","0","0","0","0","4","0","","67","6","2022","3","39.943352","-75.210839","1825","6","0","0","0","0","0","0","0","0","","0","0","0","","","1","","1","","39 56:36.067","4","0","75 12:39.020","4","0","0","0","67301","0","0","0","N","0","0","0","3","67508","1","","1.0","9999.0","1","N","N","Y","0","","0","0","1","","2","Y","","2","1","1","0","0","0","0","2","0","2","","03","","N","","","","","","","","","",""
"2022047671","0235","1","0","0","0","0","0","0","0","0","7","0","","67","5","2022","7","40.0102","-75.122011","0233","6","0","0","0","0","0","0","0","0","","0","0","0","","","0","N","0","","40 00:36.720","","0","75 07:19.240","9","0","0","0","67301","0","0","0","N","0","0","0","1","67301","0","","5.0","","1","N","N","N","0","","0","0","0","","0","","","1","0","1","0","0","0","1","2","0","1","","03","","N","","","","","","","","","",""
"2022007163","1739","2","0","0","0","0","0","0","0","0","5","0","","67","1","2022","5","39.907583","-75.143583","1733","6","0","0","0","0","0","3","0","0","","0","0","0","","","1","N","0","","39 54:27.300","3","3","75 08:36.900","4","0","0","0","67301","0","0","0","N","0","0","0","10","67501","1","","1.0","1818.0","1","N","N","Y","0","","0","0","2","","0","N","","5","1","0","0","0","0","0","2","1","5","","04","","N","","","","","","","","","",""
"2022043880","1820","1","0","0","0","0","0","0","0","0","5","0","","67","5","2022","1","39.940022","-75.219633","1749","6","0","0","0","0","0","2","0","0","","0","0","0","","","1","N","0","","39 56:24.078","","0","75 13:10.678","3","0","0","0","67301","0","0","0","N","0","0","0","2","67301","0","","1.0","","9","N","N","N","1","","1","0","0","","0","","","2","1","0","0","0","0","0","2","0","2","","07","","N","","","","","","","","","",""
"2022060092","1533","1","0","0","0","0","0","0","0","0","4","0","","67","6","2022","2","39.999178","-75.134418","1532","6","0","0","0","0","0","1","0","1","","0","0","0","","","1","","1","","39 59:57.041","","0","75 08:03.904","3","0","0","0","67301","0","0","0","N","0","0","0","3","67301","0","","1.0","","1","N","N","N","0","","1","0","1","","0","","","2","1","0","0","0","0","0","2","0","2","","","","N","","","","","","","","","",""
"2022072818","1105","2","0","0","0","0","0","0","0","0","1","0","","67","7","2022","7","39.958381","-75.165839","1051","6","0","0","0","1","0","0","0","0","","0","0","0","","","0","N","0","","39 57:30.170","","0","75 09:57.022","0","0","0","0","67301","0","0","0","N","0","0","0","5","68K01","0","","1.0","","1","N","N","N","0","","0","0","1","","0","","","3","0","0","0","0","0","0","2","0","3","","03","","N","","","","","","","","","",""
"2022072563","0020","1","0","0","0","0","0","1","0","0","4","1","","67","8","2022","2","39.952785","-75.16685","0017","6","0","0","0","0","0","0","0","0","","0","0","0","","","1","","1","","39 57:10.026","","0","75 10:00.661","3","0","0","0","67301","0","0","0","N","0","0","0","2","67301","0","","1.0","","1","N","N","N","0","","1","0","0","","2","","","2","1","0","0","0","0","0","2","0","2","","03","","N","","","","","","","","","",""
"2022060061","1619","2","0","0","0","0","0","0","0","0","4","0","","67","6","2022","1","39.959957","-75.237121","1550","6","0","0","0","0","0","1","0","0","","0","0","0","","","1","","1","","39 57:35.845","","0","75 14:13.635","3","0","0","0","67301","0","0","0","N","0","0","0","3","67301","0","","1.0","","1","N","N","N","0","","1","0","0","","2","","","2","1","0","0","0","0","0","2","0","2","","03","","N","","","","","","","","","",""
"2022059546","0044","2","0","0","0","0","0","0","0","0","4","0","","67","6","2022","3","39.963363","-75.187418","0042","6","0","0","1","0","0","0","0","0","","0","0","0","","","4","","1","","39 57:48.108","1","0","75 11:14.703","4","0","0","0","67301","0","0","0","N","0","0","0","5","67507","4","","1.0","151.0","1","N","N","N","0","","0","0","0","","2","N","","2","4","0","0","0","0","0","2","0","2","","03","","N","","","","","","","","","",""
"2022056690","1138","1","0","0","0","0","0","0","0","0","4","0","","67","6","2022","6","40.056243","-75.061397","1137","6","0","0","0","0","0","0","0","0","","0","0","0","","","0","","2","","40 03:22.474","","0","75 03:41.030","9","0","0","0","67301","0","0","0","N","0","0","0","2","67301","0","","1.0","","1","N","N","N","0","","0","0","1","","3","","","2","0","0","0","0","0","1","2","0","2","","","","N","","","","","","","","","",""
"2022035451","","2","0","0","0","0","0","0","0","0","5","0","","67","3","2022","3","39.94417","-75.141964","","6","0","0","0","0","0","0","0","0","","0","0","0","","","1","","2","","39 56:39.012","","0","75 08:31.072","8","0","0","0","67301","0","0","0","N","0","0","0","2","00000","0","","1.0","","1","","","N","0","","0","0","0","","2","","","2","1","0","0","0","1","0","2","0","2","","","","N","","","","","","","","","",""
"2022062134","2302","1","0","0","0","0","0","0","0","0","1","0","","67","7","2022","1","39.928422","-75.196337","2254","6","0","0","1","0","0","1","0","0","","0","0","0","","","0","N","0","","39 55:42.318","4","0","75 11:46.812","0","0","0","0","67301","0","0","0","N","0","0","0","4","68K01","0","","1.0","2336.0","1","N","N","N","0","","0","0","3","","0","N","","4","0","0","0","0","0","0","2","0","4","","03","","N","","","","","","","","","",""
"2022048871","1123","0","0","0","0","0","0","0","0","0","1","0","","67","5","2022","4","40.05838","-75.165746","1123","6","0","0","0","0","0","0","0","0","","0","0","0","","","1","N","0","","40 03:30.168","","0","75 09:56.684","4","0","0","0","67301","0","0","0","N","0","0","0","2","67301","1","","1.0","","1","N","N","N","0","","0","0","2","","0","","","2","1","0","0","0","0","0","2","0","2","","","","N","","","","","","","","","",""
"2022044722","1629","0","0","0","0","0","0","0","0","0","8","0","","67","5","2022","5","40.034107","-75.176519","1629","6","0","0","0","0","0","0","0","0","","0","0","0","","","2","","1","","40 02:02.785","","0","75 10:35.468","3","0","0","0","67301","2","0","0","N","2","0","0","4","67301","0","","1.0","","1","N","N","N","0","","2","0","1","","2","","","3","2","0","0","0","0","0","2","0","1","","","","N","","","","","","","","","",""
"2022056400","0950","0","0","0","0","0","0","1","0","0","4","1","","67","6","2022","5","39.945651","-75.173263","0935","6","0","0","0","0","0","0","0","0","","0","0","0","","","2","","1","","39 56:44.343","","0","75 10:23.746","4","0","0","0","67301","0","0","0","N","0","0","0","3","67508","2","","1.0","","1","N","N","Y","1","","0","0","0","","2","","","2","2","1","0","0","0","0","2","0","2","","03","","N","","","","","","","","","",""
"2022048285","0950","2","0","0","0","0","0","0","0","0","5","0","","67","5","2022","3","39.952225","-75.159847","0945","6","0","0","0","0","0","1","0","0","","0","0","0","","","1","N","0","","39 57:08.010","","0","75 09:35.450","8","0","0","0","67301","0","0","0","N","0","0","0","3","67301","0","","1.0","","1","N","N","N","0","","0","0","0","","0","","","2","1","0","0","0","1","0","2","0","2","","03","","N","","","","","","","","","",""
"2022047169","0933","0","0","0","0","0","0","0","0","0","1","0","","67","5","2022","4","40.085257","-74.973187","0933","6","0","0","0","0","0","1","0","0","","0","0","0","","","1","N","0","","40 05:06.925","","0","74 58:23.473","4","0","0","0","67301","0","0","0","N","0","0","0","2","67301","1","","1.0","","1","N","N","N","0","","0","0","2","","0","","","2","1","0","0","0","0","0","2","0","2","","03","","N","","","","","","","","","",""
"2022056855","1624","0","0","0","0","0","0","0","0","0","5","1","","67","5","2022","6","39.945574","-75.142598","1615","6","0","0","0","0","0","0","0","0","","0","1","0","","","2","N","0","","39 56:44.065","2","0","75 08:33.353","8","0","0","0","67301","0","0","0","N","0","0","0","2","68K01","0","","1.0","1844.0","9","N","N","N","0","","0","0","1","","0","N","","2","2","1","0","0","2","0","2","0","2","","","","N","","","","","","","","","",""
"2022055843","1610","0","0","0","0","0","0","0","0","0","5","0","","67","6","2022","4","40.063163","-75.042589","1601","6","0","0","0","0","0","0","0","0","","0","0","0","","","1","N","0","","40 03:47.385","","0","75 02:33.319","8","0","0","1","67301","0","0","0","N","0","0","0","2","67301","0","","1.0","","1","N","N","N","0","","0","0","1","","0","","","2","1","0","0","0","1","0","2","0","2","","03","","N","","","","","","","","","",""
"2022062302","1038","1","0","0","0","0","0","0","0","0","1","0","","67","5","2022","3","39.892983","-75.196709","1028","6","0","0","0","0","0","0","0","0","","0","0","0","","","1","N","0","","39 53:34.740","1","3","75 11:48.154","3","0","0","0","67301","0","0","0","N","0","0","0","2","68K02","0","","1.0","1127.0","1","N","N","N","0","","1","0","1","","0","N","","2","1","1","0","0","0","0","2","0","2","","03","","N","","","","","","","","","",""
"2022050582","2240","0","0","0","0","0","0","0","0","0","4","0","","67","5","2022","1","40.023517","-75.171602","2240","6","0","0","0","0","0","1","0","0","","0","0","0","","","0","","1","","40 01:24.661","","0","75 10:17.767","0","0","0","0","67301","0","0","0","N","0","0","0","2","67301","0","","1.0","","1","N","N","N","0","","0","0","2","","3","","","2","0","0","0","0","0","0","2","0","2","","","","N","","","","","","","","","",""
"2022063049","0048","0","0","0","0","0","0","0","0","0","4","0","","67","2","2022","5","39.989749","-75.250783","0047","6","0","0","1","0","0","0","0","0","","0","0","0","","","0","","2","","39 59:23.096","","0","75 15:02.818","0","0","0","0","67301","0","0","0","N","0","0","0","2","67301","0","","1.0","","1","N","N","N","0","","0","0","2","","2","","","2","0","0","0","0","0","0","2","0","2","","03","","N","","","","","","","","","",""
"2022045901","1539","2","0","0","0","0","0","0","0","0","5","0","","67","5","2022","2","40.041736","-75.057766","1539","6","0","0","0","0","0","0","0","1","","0","0","0","","","0","","2","","40 02:30.251","3","0","75 03:27.958","0","0","0","0","67301","0","0","0","N","0","0","0","4","67301","0","","1.0","1559.0","1","N","N","N","0","","0","0","0","","0","Y","","2","0","0","0","0","0","0","2","0","2","","03","","N","","","","","","","","","",""
"2022047230","1850","0","0","0","0","0","0","0","0","0","7","0","","67","5","2022","5","39.994998","-75.154383","1837","6","0","0","0","0","0","0","0","0","","0","0","0","","","1","N","0","","39 59:41.994","","0","75 09:15.778","3","0","0","1","67301","0","0","0","N","0","0","0","1","67301","0","","4.0","","1","N","N","N","0","","1","0","0","","0","","","2","1","0","0","0","0","0","2","0","1","","03","","N","","","","","","","","","",""
"2022057887","0040","1","0","0","0","0","0","0","0","0","7","0","","67","4","2022","7","39.980472","-75.205573","0034","6","0","0","0","0","0","0","0","0","","0","0","0","","","1","N","0","","39 58:49.698","4","0","75 12:20.064","8","0","0","0","67301","0","0","0","N","0","0","0","1","68K01","0","","3.0","45.0","1","N","N","N","0","","0","0","0","","0","N","","1","1","1","0","0","1","0","2","0","1","","03","","N","","","","","","","","","",""
"2022045903","1145","0","0","0","0","0","0","0","0","0","4","0","","67","5","2022","2","40.026906","-75.227196","1140","6","0","0","0","0","0","0","0","0","","0","0","0","","","2","","1","","40 01:36.861","","0","75 13:37.905","4","0","0","0","67301","0","0","0","N","0","0","0","2","67301","2","","1.0","","1","N","N","N","0","","0","0","2","","2","","","2","2","0","0","0","0","0","2","0","2","","03","","N","","","","","","","","","",""
"2022060256","1123","0","0","0","0","0","0","0","0","0","8","0","","67","2","2022","3","39.946322","-75.197092","1120","6","0","0","0","0","0","1","0","0","","0","0","0","","","1","","2","","39 56:46.759","","0","75 11:49.532","3","0","0","0","67301","1","0","0","N","1","0","0","2","67504","0","","1.0","","1","N","N","N","0","","1","0","1","","2","","","2","1","0","0","0","0","0","2","0","1","","04","","N","","","","","","","","","",""
"2022037166","","0","0","0","0","0","0","0","0","0","1","0","","67","4","2022","2","39.911336","-75.242664","","6","0","0","0","0","0","0","0","0","","0","0","0","","","1","","5","","39 54:40.810","","0","75 14:33.592","8","0","0","0","67301","0","0","0","N","0","0","0","2","00000","0","","1.0","","1","","","N","0","","0","0","2","","2","","","2","1","0","0","0","1","0","2","0","2","","","","N","","","","","","","","","",""
"2022050701","1245","1","0","0","0","0","0","0","0","0","1","0","","67","5","2022","3","39.912516","-75.138099","1238","6","0","0","0","0","0","0","0","0","","0","0","0","","","4","","3","","39 54:45.058","","0","75 08:17.157","3","0","0","0","67301","0","0","0","N","0","0","0","5","67301","0","","1.0","","1","N","N","N","0","","4","0","0","","2","","","2","4","0","0","0","0","0","2","1","2","","03","","N","","","","","","","","","",""
"2022059101","1721","0","0","0","0","0","0","0","0","0","1","0","","67","5","2022","5","39.91212","-75.148754","1720","6","0","0","0","0","0","0","1","0","","0","0","0","","","0","N","0","","39 54:43.633","","3","75 08:55.516","0","0","0","0","67301","0","0","0","N","0","0","0","6","68K01","0","","1.0","","1","N","N","N","1","","0","0","1","","0","","","3","0","1","0","0","0","0","2","1","3","","","","N","","","","","","","","","",""
"2022060184","1300","1","0","0","0","0","0","0","0","0","7","0","","67","6","2022","3","40.015699","-75.186936","1258","6","0","0","0","0","0","0","0","0","","0","0","0","","","1","N","0","","40 00:56.516","2","0","75 11:12.969","8","0","0","0","67301","0","0","0","N","0","0","0","2","67301","0","","5.0","1322.0","98","N","N","N","0","","0","0","0","","0","N","","1","1","0","0","0","1","1","2","0","1","","03","","N","","","","","","","","","",""
"2022060255","0222","1","0","0","0","0","0","0","0","0","7","0","","67","6","2022","6","39.955103","-75.191617","0222","6","0","0","0","0","0","0","0","0","","0","0","0","","","0","N","0","","39 57:18.370","","0","75 11:29.820","0","0","0","0","67301","0","0","0","N","0","0","0","1","67504","0","","5.0","","1","N","N","N","0","","0","0","0","","3","","","1","0","0","0","0","0","0","2","0","1","","","","N","","","","","","","","","",""
"2022047191","0129","1","0","0","0","0","0","0","0","0","5","0","","67","5","2022","6","39.959671","-75.247404","0123","6","0","0","0","0","0","0","0","0","","0","0","0","","","2","","2","","39 57:34.816","1","0","75 14:50.653","8","0","0","0","67301","0","0","0","N","0","0","0","4","67301","0","","1.0","326.0","1","N","N","Y","0","","0","0","2","","2","N","","4","2","0","0","0","2","0","2","0","4","","03","","N","","","","","","","","","",""
"2022050565","0005","0","0","0","0","0","0","0","0","0","8","0","","67","5","2022","1","39.998478","-75.129043","2358","6","0","0","0","1","0","0","0","0","","1","0","0","","","0","N","0","","39 59:54.520","","0","75 07:44.556","1","0","0","1","67301","1","1","0","N","1","1","0","2","67301","0","2","1.0","","99","N","N","N","0","0","0","0","0","","2","","","2","0","0","0","0","0","1","2","0","1","","03","","N","","","","","","","","","",""
"2022045165","1630","0","0","0","0","0","0","1","0","0","5","1","","67","4","2022","4","39.975693","-75.158451","1620","6","0","0","0","0","0","0","0","0","","0","0","0","","","1","N","0","","39 58:32.494","","0","75 09:30.424","8","0","0","0","67301","0","0","0","N","0","0","0","2","67508","0","","1.0","","1","N","N","Y","0","","0","0","0","","0","","","2","1","0","0","0","1","0","2","0","2","","03","","N","","","","","","","","","",""
"2022047179","2102","2","0","0","0","0","0","0","0","0","5","0","","67","5","2022","1","40.018919","-75.088825","2057","6","0","0","0","0","0","0","0","0","","0","0","0","","","0","N","0","","40 01:08.110","","0","75 05:19.770","9","0","0","0","67301","0","0","0","N","0","0","0","2","67301","0","","6.0","","1","N","N","N","0","","0","0","0","","0","","","2","0","0","0","0","0","2","2","0","2","","03","","N","","","","","","","","","",""
"2022046579","1757","1","0","0","0","0","0","0","0","0","8","0","","67","5","2022","4","39.96161","-75.189663","1756","6","0","0","0","0","0","0","0","0","","0","0","0","","","1","","1","","39 57:41.795","","0","75 11:22.786","3","0","0","0","67301","1","0","0","N","1","0","0","2","67507","0","","1.0","","1","N","N","N","0","","1","0","0","","3","","","2","1","0","0","0","0","0","2","0","1","","03","","N","","","","","","","","","",""
"2022031050","","0","0","0","0","0","0","0","0","0","1","0","","67","3","2022","3","","","","6","0","0","0","0","0","1","0","0","","0","0","0","","","1","N","0","","","","0","","8","0","0","0","67301","0","0","0","N","0","0","0","3","00000","0","","1.0","","1","","","N","1","","0","0","2","","0","","","3","1","0","0","0","1","0","1","0","3","","","","N","","","","","","","","","",""
"2022055604","1325","2","0","0","0","0","0","0","0","0","4","0","","67","6","2022","1","40.071053","-75.177079","1320","6","0","0","0","0","0","0","0","1","","0","0","0","","","1","","1","","40 04:15.790","","0","75 10:37.484","3","0","0","0","67301","0","0","0","N","0","0","0","2","67301","0","","1.0","","1","N","N","N","0","","1","0","0","","3","","","2","1","0","0","0","0","1","2","0","2","","03","","N","","","","","","","","","",""
"2022034916","0903","2","0","0","0","0","0","0","0","0","1","0","","67","4","2022","3","39.95525","-75.148056","0903","6","0","0","0","0","0","0","0","0","","0","0","0","","","2","N","0","","39 57:18.900","","2","75 08:53.000","4","0","0","0","67301","0","0","0","N","0","0","0","2","67501","2","","1.0","","9","N","N","N","0","","0","0","0","","8","","","2","2","0","0","0","0","0","2","0","2","","07","","N","","","","","","","","","",""
"2022050577","2131","2","0","0","0","0","0","0","0","0","1","0","","67","5","2022","2","40.041917","-75.150467","2131","6","0","0","0","0","0","0","0","0","","0","0","0","","","1","N","0","","40 02:30.900","","0","75 09:01.680","3","0","0","0","67301","0","0","0","N","0","0","0","1","67301","0","","6.0","","1","N","N","N","0","","1","0","1","","0","","","3","1","0","0","0","0","0","2","0","3","","","","N","","","","","","","","","",""
"2022023398","1801","1","0","0","0","0","0","0","0","0","1","0","","67","2","2022","7","39.957014","-75.152895","1747","6","0","0","0","0","0","1","0","0","","0","0","0","","","0","N","0","","39 57:25.251","4","0","75 09:10.422","0","0","0","0","67301","0","0","0","N","0","0","0","2","68K01","0","","1.0","1758.0","1","N","N","N","0","","0","0","1","","0","N","","2","0","0","0","0","0","0","2","0","2","","","","N","","","","","","","","","",""
"2022026257","0006","2","0","0","0","0","0","0","0","0","4","0","","67","3","2022","4","39.947291","-75.147948","0006","6","0","0","0","0","0","0","0","0","","0","0","0","","","2","","1","","39 56:50.249","","0","75 08:52.614","3","0","0","0","67301","0","0","0","N","0","0","0","2","67301","0","","1.0","","1","N","N","N","0","","2","0","0","","2","","","2","2","0","0","0","0","0","2","0","2","","03","","N","","","","","","","","","",""
"2022047231","0028","2","0","0","0","0","0","0","0","0","4","0","","67","5","2022","6","40.022303","-75.162025","0024","6","0","0","0","0","0","0","0","0","","0","0","0","","","3","","1","","40 01:20.289","5","0","75 09:43.290","8","0","0","0","67301","0","0","0","N","0","0","0","4","67301","0","","1.0","145.0","1","N","N","N","0","","0","0","0","","2","Y","","3","3","0","0","0","3","0","2","1","3","","","","N","","","","","","","","","",""
"2022057147","0258","1","0","0","0","0","0","0","0","0","4","0","","67","5","2022","1","40.015238","-75.149829","0245","6","0","0","0","0","0","0","0","0","","0","0","0","","","1","","1","","40 00:54.857","1","0","75 08:59.386","2","0","1","1","67301","0","0","0","N","0","0","0","2","67301","0","","1.0","515.0","1","N","N","N","0","","0","1","0","","2","N","","2","1","0","0","0","0","0","2","0","2","","03","","N","","","","","","","","","",""
"2022070923","1205","1","0","0","0","0","0","1","0","0","4","1","","67","6","2022","3","40.011211","-75.175236","1157","6","0","0","0","0","0","0","0","0","","0","0","0","","","2","N","0","","40 00:40.360","","7","75 10:30.850","3","0","0","0","67301","0","0","0","N","0","0","0","4","67301","0","","1.0","","1","N","N","Y","0","","2","0","1","","3","","","3","2","0","0","0","0","0","2","0","3","","","","N","","","","","","","","","",""
"2022061997","0535","2","0","0","0","0","0","0","0","0","1","1","45","67","7","2022","7","40.015908","-75.052248","0527","6","0","0","0","0","0","1","0","0","","0","1","0","","","0","N","0","","40 00:57.267","1","0","75 03:08.094","0","0","0","0","67301","0","0","0","N","0","0","0","3","68K01","0","","1.0","700.0","1","N","N","N","0","","0","0","0","","0","N","","3","0","0","0","0","0","0","2","0","3","","","N","Y","4","1","","","N","","","","Y","N"
"2022056751","1933","2","0","0","0","0","0","0","0","0","4","0","","67","6","2022","6","40.044427","-75.14356","1933","6","0","0","0","0","0","0","0","0","","0","0","0","","","2","","1","","40 02:39.936","","0","75 08:36.817","8","0","0","0","67301","0","0","0","N","0","0","0","2","67301","0","","1.0","","1","N","N","N","0","","0","0","0","","2","","","2","2","0","0","0","2","0","2","0","2","","03","","N","","","","","","","","","",""
"2022020800","1026","1","0","0","0","0","0","0","0","0","2","0","","67","2","2022","1","39.980113","-75.233238","1001","6","0","0","0","0","0","0","1","0","","0","0","0","","","0","N","0","","39 58:48.408","","0","75 13:59.658","0","0","0","0","67301","0","0","0","N","0","0","0","2","67301","0","","1.0","","1","N","N","N","0","","0","0","1","","0","","","2","0","0","0","0","0","0","2","0","2","","03","","N","","","","","","","","","",""
"2022075771","1538","1","0","0","0","0","0","1","0","0","1","1","","67","8","2022","2","40.008863","-75.068589","1511","6","0","0","0","0","0","1","0","0","","0","0","0","","","0","N","0","","40 00:31.908","","3","75 04:06.920","9","0","0","0","67301","0","0","0","N","0","0","0","7","67301","0","","1.0","","1","N","N","N","1","","0","0","1","","0","","","4","0","0","0","0","0","1","2","0","4","","","","N","","","","","","","","","",""
"2022025305","1430","2","0","0","0","0","0","0","0","0","4","0","","67","3","2022","7","39.979851","-75.142873","1430","6","0","0","0","0","0","1","0","0","","0","0","0","","","1","","1","","39 58:47.465","","0","75 08:34.342","3","0","0","0","67301","0","0","0","N","0","0","0","2","67301","0","","1.0","","99","N","N","N","0","","1","0","0","","2","","","2","1","0","0","0","0","0","2","0","2","","","","N","","","","","","","","","",""
"2022055567","1011","1","0","0","0","0","0","0","0","0","8","0","","67","6","2022","1","39.956797","-75.155574","1009","6","0","0","0","0","0","0","1","0","","0","0","0","","","1","","1","","39 57:24.468","","3","75 09:20.068","2","0","0","0","67301","1","0","1","N","1","0","1","2","67301","0","","1.0","","9","N","N","N","0","","0","1","0","","2","","","2","1","0","0","0","0","0","2","0","1","","04","","N","","","","","","","","","",""
"2022060108","1740","1","0","0","0","0","0","0","0","0","8","0","","67","6","2022","4","39.985103","-75.179028","1732","6","0","0","0","0","0","0","0","0","","0","0","0","","","1","N","0","","39 59:06.370","","0","75 10:44.500","3","0","0","0","67301","1","0","0","N","1","0","0","2","67301","0","","1.0","","99","N","N","N","0","","1","0","0","","0","","","2","1","1","0","0","0","0","2","0","1","","03","","N","","","","","","","","","",""
"2022066006","1544","1","0","0","0","0","0","0","0","0","1","0","","67","7","2022","2","40.134127","-75.00931","1544","6","0","0","0","0","0","2","0","0","","0","0","0","","","2","N","0","","40 08:02.858","1","0","75 00:33.515","3","0","0","0","67301","0","0","0","N","0","0","0","3","67301","0","","1.0","1548.0","1","N","N","N","0","","2","0","2","","0","N","","3","2","0","0","0","0","0","2","0","3","","","","N","","","","","","","","","",""