"CRN","ARRIVAL_TM","AUTOMOBILE_COUNT","BELTED_DEATH_COUNT","BELTED_SUSP_SERIOUS_INJ_COUNT","BICYCLE_COUNT","BICYCLE_DEATH_COUNT","BICYCLE_SUSP_SERIOUS_INJ_COUNT","BUS_COUNT","CHLDPAS_DEATH_COUNT","CHLDPAS_SUSP_SERIOUS_INJ_COUNT","COLLISION_TYPE","COMM_VEH_COUNT","CONS_ZONE_SPD_LIM","COUNTY","CRASH_MONTH","CRASH_YEAR","DAY_OF_WEEK","DEC_LATITUDE","DEC_LONGITUDE","DISPATCH_TM","DISTRICT","DRIVER_COUNT_16YR","DRIVER_COUNT_17YR","DRIVER_COUNT_18YR","DRIVER_COUNT_19YR","DRIVER_COUNT_20YR","DRIVER_COUNT_50_64YR","DRIVER_COUNT_65_74YR","DRIVER_COUNT_75PLUS","EST_HRS_CLOSED","FATAL_COUNT","HEAVY_TRUCK_COUNT","HORSE_BUGGY_COUNT","HOUR_OF_DAY","ILLUMINATION","INJURY_COUNT","INTERSECTION_RELATED","INTERSECT_TYPE","LANE_CLOSED","LATITUDE","LN_CLOSE_DIR","LOCATION_TYPE","LONGITUDE","MAX_SEVERITY_LEVEL","MCYCLE_DEATH_COUNT","MCYCLE_SUSP_SERIOUS_INJ_COUNT","MOTORCYCLE_COUNT","MUNICIPALITY","NONMOTR_COUNT","NONMOTR_DEATH_COUNT","NONMOTR_SUSP_SERIOUS_INJ_COUNT","NTFY_HIWY_MAINT","PED_COUNT","PED_DEATH_COUNT","PED_SUSP_SERIOUS_INJ_COUNT","PERSON_COUNT","POLICE_AGCY","POSSIBLE_INJ_COUNT","RDWY_SURF_TYPE_CD","RELATION_TO_ROAD","ROADWAY_CLEARED","ROAD_CONDITION","SCH_BUS_IND","SCH_ZONE_IND","SECONDARY_CRASH","SMALL_TRUCK_COUNT","SPEC_JURIS_CD","SUSP_MINOR_INJ_COUNT","SUSP_SERIOUS_INJ_COUNT","SUV_COUNT","TCD_FUNC_CD","TCD_TYPE","TFC_DETOUR_IND","TIME_OF_DAY","TOTAL_UNITS","TOT_INJ_COUNT","UNBELTED_OCC_COUNT","UNB_DEATH_COUNT","UNB_SUSP_SERIOUS_INJ_COUNT","UNK_INJ_DEG_COUNT","UNK_INJ_PER_COUNT","URBAN_RURAL","VAN_COUNT","VEHICLE_COUNT","WEATHER1","WEATHER2","WORKERS_PRES","WORK_ZONE_IND","WORK_ZONE_LOC","WORK_ZONE_TYPE","WZ_CLOSE_DETOUR","WZ_FLAGGER","WZ_LAW_OFFCR_IND","WZ_LN_CLOSURE","WZ_MOVING","WZ_OTHER","WZ_SHLDER_MDN","WZ_WORKERS_INJ_KILLED"
"2022068754","1100","1","0","0","0","0","0","0","0","0","99","0","","67","7","2022","5","39.893476","-75.226085","1046","6","0","0","0","0","0","0","0","0","","0","0","0","","","1","","2","","39 53:36.513","","0","75 13:33.906","8","0","0","0","67301","0","0","0","N","0","0","0","2","67301","0","","1.0","","1","N","N","N","0","","0","0","1","","3","","","2","1","0","0","0","1","1","2","0","2","","03","","N","","","","","","","","","",""
"2022019650","1237","1","0","0","0","0","0","0","0","0","4","0","","67","2","2022","5","39.974508","-75.148083","1237","6","0","0","0","0","0","0","0","0","","0","0","0","","","1","","1","","39 58:28.228","3","0","75 08:53.098","8","0","0","0","67301","0","0","0","N","0","0","0","2","67301","0","","1.0","1240.0","1","N","N","N","1","","0","0","0","","3","Y","","2","1","2","0","0","1","0","2","0","2","","03","","N","","","","","","","","","",""
"2022043953","1026","0","0","0","0","0","0","1","0","0","4","1","","67","5","2022","3","39.975088","-75.194965","1017","6","0","0","0","0","1","0","0","0","","0","0","0","","","1","","1","","39 58:30.316","2","0","75 11:41.875","3","0","0","0","67301","0","0","0","N","0","0","0","3","67301","0","","1.0","10.0","1","Y","N","N","0","","1","0","1","","2","N","","2","1","0","0","0","0","0","2","0","2","","03","","N","","","","","","","","","",""
"2022066978","0006","0","0","0","0","0","0","0","0","0","7","0","","67","7","2022","4","39.981911","-75.207647","2348","6","0","0","0","0","0","0","0","0","","0","0","0","","","1","N","0","","39 58:54.880","","0","75 12:27.530","3","0","0","0","67301","0","0","0","N","0","0","0","1","67301","0","","5.0","","1","N","N","N","0","","1","0","1","","0","","","1","1","0","0","0","0","0","2","0","1","","03","","N","","","","","","","","","",""
"2022077735","0323","1","0","0","0","0","0","0","0","0","7","0","","67","7","2022","7","39.945153","-75.141816","0323","6","0","0","0","0","0","0","0","0","","0","0","0","","","0","","2","","39 56:42.551","1","0","75 08:30.536","9","0","0","0","67301","0","0","0","N","0","0","0","1","67301","0","","3.0","356.0","9","N","N","N","0","","0","0","0","","2","N","","1","0","0","0","0","0","1","2","0","1","","07","","N","","","","","","","","","",""
"2022072210","1648","2","0","0","0","0","0","0","0","0","1","0","","67","8","2022","2","40.071464","-75.057703","1639","6","0","0","0","0","0","0","0","1","","0","0","0","","","0","N","0","","40 04:17.270","","0","75 03:27.730","0","0","0","0","67301","0","0","0","N","0","0","0","2","67301","0","","5.0","","1","N","N","N","0","","0","0","1","","0","","","3","0","0","0","0","0","0","2","0","3","","04","","N","","","","","","","","","",""
"2022070485","2110","1","0","0","0","0","0","0","0","0","7","2","","67","6","2022","4","39.958154","-75.180363","2100","6","0","0","0","0","1","1","0","0","","0","2","0","","","5","N","0","","39 57:29.356","3","0","75 10:49.308","4","0","0","0","67301","0","0","0","N","0","0","0","5","68K01","2","","3.0","2239.0","1","N","N","N","0","","0","0","0","","0","N","","3","5","0","0","0","3","0","2","0","3","","03","","N","","","","","","","","","",""
"2022060065","1800","1","0","0","0","0","0","0","0","0","2","0","","67","6","2022","4","39.965972","-75.234944","1800","6","0","0","0","0","0","1","0","0","","0","0","0","","","1","N","0","","39 57:57.500","","0","75 14:05.800","3","0","0","0","67301","1","0","0","N","1","0","0","6","67301","0","","1.0","","1","N","N","N","0","","1","0","1","","0","","","3","1","5","0","0","0","1","2","0","2","","03","","N","","","","","","","","","",""
"2022075819","1654","1","0","0","0","0","0","0","0","0","1","0","","67","8","2022","5","40.041469","-75.057834","1644","6","0","0","0","0","0","0","0","1","","0","0","0","","","0","N","0","","40 02:29.287","2","0","75 03:28.203","0","0","0","0","67301","0","0","0","N","0","0","0","4","67301","0","","1.0","1710.0","1","N","N","N","0","","0","0","2","","0","N","","3","0","0","0","0","0","0","2","0","3","","","","N","","","","","","","","","",""
"2022064122","1344","0","0","0","0","0","0","0","0","0","8","0","","67","7","2022","2","39.948079","-75.154035","1342","6","0","0","0","0","0","0","0","0","","0","0","0","","","1","N","0","","39 56:53.085","","0","75 09:14.526","4","0","0","0","67301","1","0","0","N","1","0","0","2","67301","1","","6.0","","1","N","N","N","0","","0","0","0","","0","","","2","1","1","0","0","0","0","2","1","1","","03","","N","","","","","","","","","",""
"2022079947","0949","2","0","0","0","0","0","0","0","0","5","0","","67","8","2022","5","39.988513","-75.106348","0949","6","0","0","0","0","0","0","0","0","","0","0","0","","","1","","1","","39 59:18.647","","0","75 06:22.851","8","0","0","0","67301","1","0","0","N","1","0","0","3","67301","0","","1.0","","1","N","N","N","0","","0","0","0","","2","","","3","1","0","0","0","1","0","2","0","2","","03","","N","","","","","","","","","",""
"2022077897","0002","1","0","0","0","0","0","0","0","0","5","0","","67","8","2022","4","40.049839","-75.079028","0000","6","0","0","0","0","0","0","0","0","","0","0","0","","","0","N","0","","40 02:59.420","","0","75 04:44.500","9","0","0","0","67301","0","0","0","N","0","0","0","1","67301","0","","2.0","","1","N","N","N","0","","0","0","0","","0","","","2","0","0","0","0","0","1","2","1","2","","","","N","","","","","","","","","",""
"2022056850","0631","1","0","0","0","0","0","0","0","0","1","0","","67","5","2022","2","39.964579","-75.185098","0624","6","0","0","0","0","0","0","0","0","","0","0","0","","","0","N","0","","39 57:52.484","","0","75 11:06.354","0","0","0","0","67301","0","0","0","N","0","0","0","3","68K01","0","","1.0","","1","N","N","Y","0","","0","0","2","","0","","","3","0","0","0","0","0","0","2","0","3","","03","","N","","","","","","","","","",""
"2022074438","1555","0","0","0","0","0","0","1","0","0","5","1","","67","8","2022","4","40.015873","-75.153841","1545","6","0","0","0","0","0","1","0","0","","0","0","0","","","1","","1","","40 00:57.144","","0","75 09:13.828","8","0","0","0","67301","0","0","0","N","0","0","0","2","67508","0","","1.0","","1","N","N","Y","0","","0","0","1","","2","","","2","1","0","0","0","1","0","2","0","2","","03","","N","","","","","","","","","",""
"2022075986","0000","1","0","0","0","0","0","0","0","0","7","0","","67","8","2022","6","39.991227","-75.203859","2352","6","0","0","0","0","0","0","0","0","","0","0","0","","","0","N","0","","39 59:28.418","","0","75 12:13.893","0","0","0","0","67301","0","0","0","N","0","0","0","1","68K01","0","","5.0","","1","N","N","N","0","","0","0","0","","0","","","1","0","0","0","0","0","0","2","0","1","","","","N","","","","","","","","","",""
"2022064300","2156","1","0","0","0","0","0","0","0","0","4","0","","67","7","2022","2","39.938889","-75.229764","2151","6","0","0","0","0","0","0","0","0","","0","0","0","","","1","","1","","39 56:20.000","","0","75 13:47.150","3","0","0","0","67301","0","0","0","N","0","0","0","2","67301","0","","1.0","","1","N","N","N","0","","1","0","1","","3","","","2","1","0","0","0","0","1","2","0","2","","03","","N","","","","","","","","","",""
"2022075805","0727","1","0","0","0","0","0","0","0","0","4","0","","67","8","2022","5","39.97359","-75.151918","0725","6","0","0","0","0","0","1","1","0","","0","0","0","","","1","","1","","39 58:24.923","","0","75 09:06.904","8","0","0","0","67301","0","0","0","N","0","0","0","2","67301","0","","1.0","","1","N","N","N","0","","0","0","1","","2","","","2","1","0","0","0","1","0","2","0","2","","","","N","","","","","","","","","",""
"2022068572","1750","0","0","0","0","0","0","0","0","0","4","0","","67","7","2022","4","40.043155","-75.16721","1737","6","0","0","0","0","0","3","0","0","","0","0","0","","","1","","1","","40 02:35.358","","0","75 10:01.956","2","0","1","1","67301","0","0","0","N","0","0","0","3","67301","0","","1.0","","1","N","N","N","0","","0","1","1","","2","","","3","1","0","0","0","0","0","2","1","3","","","","N","","","","","","","","","",""
"2022071369","1528","1","0","0","0","0","0","0","0","0","1","0","","67","7","2022","4","39.957319","-75.151688","1512","6","0","0","0","0","1","1","0","0","","0","0","0","","","1","N","0","","39 57:26.347","4","3","75 09:06.077","8","0","0","0","67301","0","0","0","N","0","0","0","3","68K01","0","","1.0","1540.0","1","N","N","Y","0","","0","0","1","","0","N","","2","1","0","0","0","1","0","2","0","2","","03","","N","","","","","","","","","",""
"2022069083","1105","1","0","0","0","0","0","0","0","0","7","0","","67","7","2022","6","40.023986","-75.159578","1100","6","0","0","0","0","0","0","1","0","","0","0","0","","","1","","1","","40 01:26.350","","0","75 09:34.481","3","0","0","0","67301","0","0","0","N","0","0","0","1","67301","0","","5.0","","1","N","N","N","0","","1","0","0","","2","","","1","1","0","0","0","0","0","2","0","1","","03","","N","","","","","","","","","",""
"2022068560","1750","1","0","0","0","0","0","0","0","0","4","0","","67","7","2022","7","40.064009","-75.239716","1742","6","0","0","0","0","0","1","0","0","","0","0","0","","","1","","1","","40 03:50.433","","0","75 14:22.976","3","0","0","0","67301","0","0","0","N","0","0","0","2","67301","0","","1.0","","1","N","N","N","0","","1","0","1","","2","","","2","1","0","0","0","0","0","2","0","2","","03","","N","","","","","","","","","",""
"2022071235","","1","0","0","0","0","0","0","0","0","4","0","","67","7","2022","3","39.921017","-75.22412","","6","0","0","0","0","0","1","0","0","","0","0","0","","","0","","1","","39 55:15.660","","0","75 13:26.832","0","0","0","0","67301","0","0","0","N","0","0","0","5","00000","0","","1.0","","1","","","N","0","","0","0","0","","0","","","3","0","0","0","0","0","0","2","1","3","","","","N","","","","","","","","","",""
"2022064325","0119","2","0","0","0","0","0","0","0","0","4","0","","67","7","2022","3","40.043625","-75.103223","0118","6","0","0","0","0","0","0","0","0","","0","0","0","","","2","","2","","40 02:37.051","7","0","75 06:11.604","3","0","0","0","67301","0","0","0","N","0","0","0","4","67301","0","","1.0","203.0","1","N","N","N","0","","2","0","0","","3","Y","","2","2","3","0","0","0","0","2","0","2","","03","","N","","","","","","","","","",""
"2022074067","0515","1","0","0","0","0","0","0","0","0","5","0","","67","6","2022","1","40.04198","-75.082071","0510","6","0","0","0","0","0","0","0","0","","0","0","0","","","0","N","0","","40 02:31.129","","0","75 04:55.455","0","0","0","0","67301","0","0","0","N","0","0","0","1","67301","0","","6.0","","1","N","N","N","0","","0","0","1","","0","","","3","0","0","0","0","0","0","2","1","3","","03","","N","","","","","","","","","",""
"2022044173","1851","2","0","0","0","0","0","0","0","0","7","0","","67","5","2022","1","40.038825","-75.044025","1845","6","0","0","0","0","1","0","0","0","","0","0","0","","","0","N","0","","40 02:19.770","2","0","75 02:38.490","0","0","0","0","67301","0","0","0","N","0","0","0","2","67301","0","","4.0","1930.0","1","N","N","Y","0","","0","0","0","","0","N","","2","0","0","0","0","0","0","2","0","2","","","","N","","","","","","","","","",""
"2022080273","1904","3","0","0","0","0","0","0","0","0","5","0","","67","8","2022","7","40.049134","-75.002443","1850","6","0","0","0","0","0","0","0","0","","1","0","0","","","7","N","0","","40 02:56.884","7","0","75 00:08.796","1","0","0","0","67301","0","0","0","N","0","0","0","8","67301","0","2","1.0","200.0","1","N","N","N","0","0","2","5","0","","0","Y","","3","7","0","0","0","0","0","2","0","3","","03","","N","","","","","","","","","",""
"2022069193","1204","0","0","0","0","0","0","0","0","0","4","0","","67","7","2022","3","40.04761","-75.059863","1156","6","0","0","0","0","0","0","0","0","","0","0","0","","","1","","1","","40 02:51.396","4","0","75 03:35.506","3","0","0","0","67301","0","0","0","N","0","0","0","4","67301","0","","1.0","1215.0","1","N","N","N","0","","1","0","2","","2","N","","2","1","0","0","0","0","2","2","0","2","","","","N","","","","","","","","","",""
"2022072250","1228","0","0","0","1","0","0","0","0","0","8","0","","67","7","2022","6","39.942996","-75.167369","1224","6","0","0","0","0","0","0","1","0","","0","0","0","","","1","","1","","39 56:34.787","","0","75 10:02.530","8","0","0","0","67301","1","0","0","N","0","0","0","2","67301","0","","1.0","","1","N","N","N","0","","0","0","0","","3","","","2","1","0","0","0","1","0","2","1","1","","","","N","","","","","","","","","",""
"2022047933","1844","0","0","0","0","0","0","0","0","0","4","0","","67","5","2022","5","40.019806","-75.21525","1834","6","0","0","0","0","0","0","0","0","","0","0","0","","","1","N","0","","40 01:11.300","","7","75 12:54.900","3","0","0","1","67301","0","0","0","N","0","0","0","2","67301","0","","1.0","","1","N","N","N","0","","1","0","0","","0","","","2","1","0","0","0","0","0","2","1","2","","03","","N","","","","","","","","","",""
"2022045265","1556","2","0","0","0","0","0","0","0","0","4","0","","67","5","2022","7","40.01163","-75.163018","1551","6","0","0","0","0","0","0","1","0","","0","0","0","","","0","","1","","40 00:41.869","","0","75 09:46.863","0","0","0","0","67301","0","0","0","N","0","0","0","2","67301","0","","1.0","","9","N","N","N","0","","0","0","1","","0","","","3","0","0","0","0","0","0","2","0","3","","","","N","","","","","","","","","",""
"2022047171","1725","1","0","0","0","0","0","0","0","0","4","0","","67","5","2022","4","40.045806","-75.187888","1724","6","0","0","0","0","0","1","0","0","","0","0","0","","","1","","2","","40 02:44.901","","7","75 11:16.396","3","0","0","0","67301","0","0","0","N","0","0","0","2","67301","0","","1.0","","1","N","N","N","0","","1","0","0","","0","","","2","1","0","0","0","0","0","2","0","2","","03","","N","","","","","","","","","",""
"2022024066","","2","0","0","0","0","0","0","0","0","1","0","","67","2","2022","7","39.895056","-75.237074","","6","0","0","0","0","0","0","0","0","","0","0","0","","","2","Y","0","","39 53:42.202","","0","75 14:13.467","4","0","0","0","67301","0","0","0","N","0","0","0","3","00000","2","","1.0","","1","","","N","0","","0","0","0","","2","","","2","2","0","0","0","0","0","2","0","2","","","","N","","","","","","","","","",""
"2022060054","0145","2","0","0","0","0","0","0","0","0","1","0","","67","6","2022","2","39.966506","-75.221967","0145","6","0","0","0","0","0","0","0","0","","0","0","0","","","1","N","0","","39 57:59.420","","0","75 13:19.080","3","0","0","0","67301","0","0","0","N","0","0","0","1","67301","0","","1.0","","1","N","N","N","0","","1","0","0","","0","","","2","1","0","0","0","0","0","2","0","2","","03","","N","","","","","","","","","",""
"2022080970","2347","0","0","0","0","0","0","0","0","0","8","0","","67","9","2022","7","40.044621","-75.054672","2347","6","0","0","0","0","0","0","0","0","","0","0","0","","","1","","1","","40 02:40.636","2","0","75 03:16.819","2","0","0","0","67301","1","0","1","N","1","0","1","2","67301","0","","1.0","100.0","1","N","N","N","0","","0","1","1","","2","Y","","2","1","0","0","0","0","0","2","0","1","","","","N","","","","","","","","","",""
"2022050517","2325","0","0","0","0","0","0","0","0","0","8","0","","67","5","2022","1","39.913861","-75.158806","2334","6","0","0","0","0","0","0","0","0","","0","0","0","","","1","N","0","","39 54:49.900","","0","75 09:31.700","4","0","0","0","67301","1","0","0","N","1","0","0","2","67301","1","","1.0","","1","N","N","N","0","","0","0","0","","0","","","2","1","0","0","0","0","0","2","0","1","","03","","N","","","","","","","","","",""
"2022045323","2358","0","0","0","1","0","0","0","0","0","8","0","","67","5","2022","7","39.989167","-75.12675","2348","6","0","0","0","0","0","0","0","0","","0","0","0","","","1","N","0","","39 59:21.000","","1","75 07:36.300","3","0","0","0","67301","1","0","0","N","0","0","0","2","67301","0","","1.0","","1","N","N","N","0","","1","0","0","","0","","","2","1","0","0","0","0","0","2","0","1","","03","","N","","","","","","","","","",""
"2022029169","2204","1","0","0","0","0","0","0","0","0","4","0","","67","3","2022","6","39.917737","-75.157694","2158","6","0","0","1","0","0","0","0","0","","0","0","0","","","0","","1","","39 55:03.853","3","0","75 09:27.698","0","0","0","0","67301","0","0","0","N","0","0","0","2","67301","0","","1.0","2204.0","99","N","N","N","0","","0","0","1","","3","Y","","2","0","0","0","0","0","0","2","0","2","","","","N","","","","","","","","","",""
"2022047163","1110","0","0","0","1","0","0","0","0","0","8","0","","67","5","2022","4","39.947953","-75.15105","1110","6","0","0","0","0","0","0","0","0","","0","0","0","","","1","N","0","","39 56:52.630","","0","75 09:03.780","3","0","0","0","67301","1","0","0","N","0","0","0","2","67301","0","","1.0","","1","N","N","N","0","","1","0","0","","0","","","2","1","1","0","0","0","0","2","1","1","","03","","N","","","","","","","","","",""
"2022050533","1326","1","0","0","0","0","0","0","0","0","4","0","","67","5","2022","7","40.085472","-74.969469","1316","6","0","0","0","0","0","0","0","0","","0","0","0","","","4","","1","","40 05:07.699","","0","74 58:10.087","3","0","0","0","67301","0","0","0","N","0","0","0","6","67301","0","","1.0","","1","N","N","N","0","","4","0","1","","2","","","2","4","0","0","0","0","0","2","0","2","","","","N","","","","","","","","","",""
"2022078448","2000","1","0","0","0","0","0","0","0","0","4","0","","67","8","2022","7","40.063636","-74.984911","1950","6","0","0","0","0","1","0","0","0","","0","0","0","","","2","","2","","40 03:49.088","","0","74 59:05.678","3","0","0","0","67301","0","0","0","N","0","0","0","2","67301","0","","1.0","","1","N","N","N","0","","1","0","1","","3","","","2","2","0","0","0","1","0","2","0","2","","03","","N","","","","","","","","","",""
"2022079764","2147","2","0","0","0","0","0","0","0","0","4","0","","67","8","2022","2","39.953653","-75.198763","2146","6","0","0","0","0","1","0","0","0","","0","0","0","","","0","","1","","39 57:13.151","","0","75 11:55.547","0","0","0","0","67301","0","0","0","N","0","0","0","3","67504","0","","1.0","","1","N","N","N","0","","0","0","0","","2","","","2","0","0","0","0","0","0","2","0","2","","03","","N","","","","","","","","","",""
"2022084477","0116","1","0","0","0","0","0","0","0","0","7","0","","67","9","2022","6","39.960522","-75.181624","0105","6","0","0","0","0","0","0","0","0","","0","0","0","","","1","N","0","","39 57:37.880","3","0","75 10:53.847","3","0","0","0","67301","0","0","0","N","0","0","0","2","68K01","0","","4.0","135.0","1","N","N","N","0","","1","0","0","","0","N","","1","1","0","0","0","0","0","2","0","1","","","","N","","","","","","","","","",""
"2022044336","1914","1","0","0","0","0","0","0","0","0","1","0","","67","4","2022","6","40.022083","-75.037806","1853","6","0","0","0","0","0","0","0","0","","0","0","0","","","1","","3","","40 01:19.500","","1","75 02:16.100","3","0","0","0","67301","0","0","0","N","0","0","0","2","67301","0","","1.0","","1","N","N","N","1","","1","0","0","","2","","","2","1","0","0","0","0","0","2","0","2","","03","","N","","","","","","","","","",""
"2022080275","1855","2","0","0","0","0","0","0","0","0","4","0","","67","8","2022","7","39.994182","-75.131744","1846","6","0","0","0","0","0","0","0","0","","0","0","0","","","1","","1","","39 59:39.055","","0","75 07:54.278","3","0","0","0","67301","0","0","0","N","0","0","0","3","67301","0","","1.0","","1","N","N","N","2","","1","0","1","","2","","","6","1","0","0","0","0","1","2","1","6","","03","","N","","","","","","","","","",""
"2022029273","1851","1","0","0","0","0","0","0","0","0","4","0","","67","3","2022","7","40.025778","-75.123473","1851","6","0","0","0","0","0","0","0","1","","0","0","0","","","0","","1","","40 01:32.799","","0","75 07:24.504","0","0","0","0","67301","0","0","0","N","0","0","0","2","67301","0","","1.0","","1","N","N","N","0","","0","0","0","","2","","","2","0","2","0","0","0","0","2","1","2","","03","","N","","","","","","","","","",""
"2022069883","1218","1","0","0","0","0","0","0","0","0","7","0","","67","7","2022","2","40.006208","-75.127653","1217","6","0","0","0","0","0","0","0","0","","0","0","0","","","0","N","0","","40 00:22.350","","0","75 07:39.550","9","0","0","0","67301","0","0","0","N","0","0","0","1","67301","0","","4.0","","1","N","N","N","0","","0","0","0","","0","","","1","0","0","0","0","0","1","2","0","1","","03","","N","","","","","","","","","",""
"2022085294","2350","2","0","0","0","0","0","0","0","0","4","0","","67","9","2022","7","40.045516","-75.088316","2332","6","0","0","1","0","0","0","0","0","","0","0","0","","","1","","1","","40 02:43.859","","0","75 05:17.937","8","0","0","0","67301","0","0","0","N","0","0","0","2","67301","0","","1.0","","1","N","N","N","0","","0","0","0","","2","","","2","1","0","0","0","1","0","2","0","2","","03","","N","","","","","","","","","",""
"2022072300","1755","1","0","0","0","0","0","0","0","0","4","0","","67","8","2022","7","40.02067","-75.148646","1755","6","0","0","0","0","0","0","1","0","","0","0","0","","","0","","2","","40 01:14.412","","0","75 08:55.127","0","0","0","0","67301","0","0","0","N","0","0","0","2","67301","0","","1.0","","1","N","N","N","0","","0","0","1","","0","","","2","0","0","0","0","0","0","2","0","2","","","","N","","","","","","","","","",""
"2022075810","2010","0","0","0","0","0","0","0","0","0","4","0","","67","8","2022","2","40.051376","-75.124325","2008","6","0","0","0","0","0","1","0","0","","0","0","0","","","1","","1","","40 03:04.953","","0","75 07:27.570","3","0","0","0","67301","0","0","0","N","0","0","0","2","67301","0","","1.0","","1","N","N","N","0","","1","0","2","","3","","","2","1","0","0","0","0","1","2","0","2","","03","","N","","","","","","","","","",""
"2022080858","1635","2","0","0","0","0","0","0","0","0","4","0","","67","9","2022","6","40.024058","-75.209547","1633","6","0","0","0","0","0","0","0","0","","0","0","0","","","0","","1","","40 01:26.608","","0","75 12:34.369","0","0","0","0","67301","0","0","0","N","0","0","0","1","67301","0","","1.0","","1","N","N","N","0","","0","0","0","","3","","","2","0","0","0","0","0","0","2","0","2","","","","N","","","","","","","","","",""
"2022073970","1805","0","0","0","0","0","0","0","0","0","6","0","","67","8","2022","4","40.013433","-75.150222","1800","6","0","0","0","0","0","0","0","0","","0","0","0","","","1","N","0","","40 00:48.357","2","0","75 09:00.800","4","0","0","0","67301","0","0","0","N","0","0","0","4","67301","1","","1.0","1445.0","1","N","N","N","1","","0","0","1","","0","N","","2","1","1","0","0","0","2","2","0","2","","03","","N","","","","","","","","","",""
"2022066793","2120","1","0","0","0","0","0","0","0","0","8","0","","67","7","2022","3","39.938578","-75.215858","2117","6","0","0","0","0","0","0","0","0","","0","0","0","","","1","N","0","","39 56:18.880","","0","75 12:57.090","8","0","0","0","67301","1","0","0","N","1","0","0","2","67301","0","","1.0","","1","N","N","N","0","","0","0","0","","0","","","2","1","0","0","0","1","0","2","0","1","","03","","N","","","","","","","","","",""
"2022071916","1918","1","0","0","0","0","0","0","0","0","1","0","","67","7","2022","1","39.991199","-75.203911","1916","6","0","0","0","0","0","0","0","0","","0","0","0","","","2","N","0","","39 59:28.316","3","0","75 12:14.081","3","0","0","0","67301","0","0","0","N","0","0","0","3","68K01","0","","1.0","2011.0","1","N","N","N","0","","2","0","1","","0","N","","2","2","0","0","0","0","0","2","0","2","","","","N","","","","","","","","","",""
"2022064061","0713","0","0","0","0","0","0","0","0","0","4","0","","67","7","2022","3","40.018438","-75.149133","0712","6","0","0","0","0","1","1","0","0","","0","0","0","","","1","","1","","40 01:06.376","","0","75 08:56.880","3","0","0","1","67301","0","0","0","N","0","0","0","2","67301","0","","1.0","","1","N","N","N","0","","1","0","1","","2","","","2","1","0","0","0","0","0","2","0","2","","03","","N","","","","","","","","","",""
"2022087421","1218","0","0","0","0","0","0","1","0","0","5","1","","67","9","2022","7","40.001585","-75.152798","1215","6","0","0","0","0","0","0","0","0","","0","0","0","","","1","","1","","40 00:05.705","2","0","75 09:10.074","4","0","0","0","67301","0","0","0","N","0","0","0","2","67508","1","","1.0","9999.0","1","N","N","Y","0","","0","0","1","","2","Y","","2","1","0","0","0","0","0","2","0","2","","03","","N","","","","","","","","","",""
"2022072227","0955","0","0","0","0","0","0","0","0","0","2","0","","67","8","2022","3","39.934318","-75.227736","0952","6","0","0","0","0","0","0","0","0","","0","0","0","","","1","N","0","","39 56:03.544","","0","75 13:39.849","8","0","0","0","67301","0","0","0","N","0","0","0","2","67301","0","","1.0","","1","N","N","N","0","","0","0","1","","0","","","2","1","0","0","0","1","0","2","1","2","","03","","N","","","","","","","","","",""
"2022081860","2256","1","0","0","0","0","0","0","0","0","2","0","","67","8","2022","2","40.013728","-75.125089","2256","6","0","0","0","0","0","0","0","0","","0","0","0","","","1","N","0","","40 00:49.420","","0","75 07:30.320","4","0","0","0","67301","0","0","0","N","0","0","0","3","67301","1","","1.0","","9","N","N","N","0","","0","0","1","","0","","","2","1","0","0","0","0","0","2","0","2","","","","N","","","","","","","","","",""
"2022081453","0507","0","0","0","0","0","0","0","0","0","2","0","","67","9","2022","2","40.057355","-75.076836","0505","6","0","0","0","0","0","1","0","0","","0","0","0","","","1","","1","","40 03:26.479","","0","75 04:36.608","3","0","0","0","67301","0","0","0","N","0","0","0","2","67301","0","","1.0","","1","N","N","N","0","","1","0","2","","2","","","2","1","0","0","0","0","0","2","0","2","","","","N","","","","","","","","","",""
"2022066790","1545","0","0","0","0","0","0","0","0","0","1","0","","67","7","2022","6","39.935856","-75.228658","1532","6","0","0","0","0","0","1","0","0","","0","0","0","","","1","N","0","","39 56:09.080","","0","75 13:43.170","8","0","0","0","67301","0","0","0","N","0","0","0","4","67301","0","","1.0","","3","N","N","N","0","","0","0","2","","0","","","2","1","4","0","0","1","0","2","0","2","","03","","N","","","","","","","","","",""
"2022074503","1554","0","0","0","0","0","0","0","0","0","8","0","","67","8","2022","2","40.006179","-75.151931","1550","6","0","0","0","0","0","1","0","0","","0","0","0","","","1","N","0","","40 00:22.246","2","0","75 09:06.950","2","0","0","0","67301","1","0","1","N","1","0","1","3","67505","0","","1.0","1620.0","1","N","N","N","0","","0","1","1","","0","N","","2","1","0","0","0","0","0","2","0","1","","03","","N","","","","","","","","","",""
"2022078285","0245","0","0","0","0","0","0","0","0","0","4","0","","67","8","2022","7","39.958928","-75.241393","0240","6","0","0","0","0","0","0","0","0","","0","0","0","","","1","","1","","39 57:32.142","","0","75 14:29.013","3","0","0","0","67301","0","0","0","N","0","0","0","3","67301","0","","1.0","","1","N","N","N","0","","1","0","2","","2","","","2","1","0","0","0","0","1","2","0","2","","03","","N","","","","","","","","","",""