"CRN","ARRIVAL_TM","AUTOMOBILE_COUNT","BELTED_DEATH_COUNT","BELTED_SUSP_SERIOUS_INJ_COUNT","BICYCLE_COUNT","BICYCLE_DEATH_COUNT","BICYCLE_SUSP_SERIOUS_INJ_COUNT","BUS_COUNT","CHLDPAS_DEATH_COUNT","CHLDPAS_SUSP_SERIOUS_INJ_COUNT","COLLISION_TYPE","COMM_VEH_COUNT","CONS_ZONE_SPD_LIM","COUNTY","CRASH_MONTH","CRASH_YEAR","DAY_OF_WEEK","DEC_LATITUDE","DEC_LONGITUDE","DISPATCH_TM","DISTRICT","DRIVER_COUNT_16YR","DRIVER_COUNT_17YR","DRIVER_COUNT_18YR","DRIVER_COUNT_19YR","DRIVER_COUNT_20YR","DRIVER_COUNT_50_64YR","DRIVER_COUNT_65_74YR","DRIVER_COUNT_75PLUS","EST_HRS_CLOSED","FATAL_COUNT","HEAVY_TRUCK_COUNT","HORSE_BUGGY_COUNT","HOUR_OF_DAY","ILLUMINATION","INJURY_COUNT","INTERSECTION_RELATED","INTERSECT_TYPE","LANE_CLOSED","LATITUDE","LN_CLOSE_DIR","LOCATION_TYPE","LONGITUDE","MAX_SEVERITY_LEVEL","MCYCLE_DEATH_COUNT","MCYCLE_SUSP_SERIOUS_INJ_COUNT","MOTORCYCLE_COUNT","MUNICIPALITY","NONMOTR_COUNT","NONMOTR_DEATH_COUNT","NONMOTR_SUSP_SERIOUS_INJ_COUNT","NTFY_HIWY_MAINT","PED_COUNT","PED_DEATH_COUNT","PED_SUSP_SERIOUS_INJ_COUNT","PERSON_COUNT","POLICE_AGCY","POSSIBLE_INJ_COUNT","RDWY_SURF_TYPE_CD","RELATION_TO_ROAD","ROADWAY_CLEARED","ROAD_CONDITION","SCH_BUS_IND","SCH_ZONE_IND","SECONDARY_CRASH","SMALL_TRUCK_COUNT","SPEC_JURIS_CD","SUSP_MINOR_INJ_COUNT","SUSP_SERIOUS_INJ_COUNT","SUV_COUNT","TCD_FUNC_CD","TCD_TYPE","TFC_DETOUR_IND","TIME_OF_DAY","TOTAL_UNITS","TOT_INJ_COUNT","UNBELTED_OCC_COUNT","UNB_DEATH_COUNT","UNB_SUSP_SERIOUS_INJ_COUNT","UNK_INJ_DEG_COUNT","UNK_INJ_PER_COUNT","URBAN_RURAL","VAN_COUNT","VEHICLE_COUNT","WEATHER1","WEATHER2","WORKERS_PRES","WORK_ZONE_IND","WORK_ZONE_LOC","WORK_ZONE_TYPE","WZ_CLOSE_DETOUR","WZ_FLAGGER","WZ_LAW_OFFCR_IND","WZ_LN_CLOSURE","WZ_MOVING","WZ_OTHER","WZ_SHLDER_MDN","WZ_WORKERS_INJ_KILLED"
"2022078713","1821","0","0","0","0","0","0","0","0","0","0","0","","67","8","2022","1","40.010149","-75.121555","1820","6","0","0","0","0","0","0","0","0","","0","0","0","","","1","","1","","40 00:36.538","","0","75 07:17.597","8","0","0","1","67301","0","0","0","N","0","0","0","1","67301","0","","1.0","","1","N","N","N","0","","0","0","0","","2","","","1","1","0","0","0","1","0","2","0","1","","","","N","","","","","","","","","",""
"2022077603","1500","1","0","0","0","0","0","0","0","0","4","0","","67","8","2022","3","40.048558","-75.161665","1500","6","0","0","0","0","0","1","0","0","","0","0","0","","","1","","1","","40 02:54.808","","0","75 09:41.994","3","0","0","0","67301","0","0","0","N","0","0","0","2","67301","0","","1.0","","1","N","N","N","0","","1","0","1","","2","","","2","1","0","0","0","0","0","2","0","2","","","","N","","","","","","","","","",""
"2022089080","0255","2","0","0","0","0","0","0","0","0","1","0","","67","9","2022","1","39.940578","-75.143126","0255","6","0","0","1","0","0","0","0","0","","0","0","0","","","0","N","0","","39 56:26.082","1","0","75 08:35.254","0","0","0","0","67301","0","0","0","N","0","0","0","6","68K01","0","","1.0","330.0","1","N","N","N","0","","0","0","0","","0","N","","2","0","1","0","0","0","0","2","0","2","","","","N","","","","","","","","","",""
"2022069976","2012","2","0","0","0","0","0","0","0","0","3","0","","67","7","2022","4","39.938133","-75.228855","2011","6","0","0","0","0","0","2","0","0","","0","0","0","","","1","","1","","39 56:17.278","","0","75 13:43.878","8","0","0","0","67301","0","0","0","N","0","0","0","3","67301","0","","1.0","","1","N","N","N","0","","0","0","0","","0","","","2","1","0","0","0","1","0","2","0","2","","","","N","","","","","","","","","",""
"2022078524","1525","1","0","0","0","0","0","1","0","0","1","1","","67","8","2022","6","39.955047","-75.152727","1455","6","0","0","0","0","0","0","1","0","","0","0","0","","","1","","1","","39 57:18.170","2","0","75 09:09.818","4","0","0","0","67301","0","0","0","N","0","0","0","2","67508","1","","1.0","9999.0","1","N","N","Y","0","","0","0","0","","2","N","","2","1","0","0","0","0","0","2","0","2","","03","","N","","","","","","","","","",""
"2022076003","0557","1","0","0","0","0","0","0","0","0","5","0","","67","8","2022","4","39.957933","-75.14075","0550","6","0","0","0","0","0","0","0","0","","0","0","0","","","1","N","0","","39 57:28.557","1","0","75 08:26.701","4","0","0","0","67301","0","0","0","N","0","0","0","2","68K01","1","","1.0","610.0","1","N","N","N","1","","0","0","0","","0","N","","2","1","0","0","0","0","0","2","0","2","","03","","N","","","","","","","","","",""
"2022073874","1435","1","0","0","0","0","0","0","0","0","98","0","","67","7","2022","4","39.92696","-75.146581","1346","6","0","0","0","0","0","1","0","0","","0","0","0","","","0","N","0","","39 55:37.056","","0","75 08:47.692","9","0","0","0","67301","0","0","0","N","0","0","0","2","68K01","0","","4.0","","1","N","N","N","0","","0","0","0","","0","","","2","0","0","0","0","0","1","2","0","2","","03","","N","","","","","","","","","",""
"2022065489","1843","0","0","0","0","0","0","0","0","0","8","0","","67","7","2022","7","39.992406","-75.14229","1843","6","0","0","0","0","0","0","0","0","","0","0","0","","","1","N","0","","39 59:32.661","","0","75 08:32.245","8","0","0","0","67301","1","0","0","N","1","0","0","2","67301","0","","1.0","","1","N","N","N","0","","0","0","1","","0","","","2","1","0","0","0","1","0","2","0","1","","03","","N","","","","","","","","","",""
"2022066174","0434","1","0","0","0","0","0","0","0","0","7","0","","67","7","2022","4","40.036089","-75.193978","0427","6","0","0","0","0","0","0","0","0","","0","0","0","","","1","","1","","40 02:09.919","","0","75 11:38.322","4","0","0","0","67301","0","0","0","N","0","0","0","1","67301","1","","4.0","","1","N","N","N","0","","0","0","0","","2","","","1","1","1","0","0","0","0","2","0","1","","03","","N","","","","","","","","","",""
"2022093653","1542","1","0","0","0","0","0","0","0","0","8","0","","67","10","2022","1","40.057111","-75.188182","1541","6","0","0","0","0","0","0","0","1","","0","0","0","","","1","N","0","","40 03:25.599","","0","75 11:17.454","3","0","0","0","67301","1","0","0","N","1","0","0","2","67301","0","","5.0","","1","N","N","N","0","","1","0","0","","0","","","2","1","0","0","0","0","0","2","0","1","","03","","N","","","","","","","","","",""
"2022079876","1141","0","0","0","0","0","0","0","0","0","5","0","","67","8","2022","4","40.024368","-75.046288","1128","6","0","0","0","0","0","0","0","0","","0","0","0","","","2","N","0","","40 01:27.725","","0","75 02:46.635","3","0","0","0","67301","0","0","0","N","0","0","0","5","67301","0","","1.0","","1","N","N","N","0","","2","0","2","","0","","","2","2","0","0","0","0","0","2","0","2","","","","N","","","","","","","","","",""
"2022075751","0309","0","0","0","0","0","0","0","0","0","6","0","","67","8","2022","4","40.077186","-75.081936","0308","6","0","0","0","0","0","0","0","0","","0","0","0","","","0","N","0","","40 04:37.870","","0","75 04:54.970","9","0","0","0","67301","0","0","0","N","0","0","0","2","67301","0","","6.0","","1","N","N","Y","1","","0","0","1","","0","","","2","0","0","0","0","0","2","2","0","2","","03","","N","","","","","","","","","",""
"2022084685","2026","2","0","0","0","0","0","0","0","0","4","0","","67","9","2022","3","40.011333","-75.175347","2026","6","0","0","0","0","0","0","0","0","","0","0","0","","","1","N","0","","40 00:40.800","","7","75 10:31.250","3","0","0","0","67301","0","0","0","N","0","0","0","1","67301","0","","6.0","","1","N","N","N","0","","1","0","0","","0","","","2","1","0","0","0","0","0","2","0","2","","03","","N","","","","","","","","","",""
"2022067133","0350","2","0","0","0","0","0","0","0","0","4","0","","67","7","2022","5","40.043291","-75.052235","0348","6","0","1","0","0","0","0","0","0","","0","0","0","","","1","","1","","40 02:35.849","","0","75 03:08.046","3","0","0","0","67301","0","0","0","N","0","0","0","2","67301","0","","1.0","","1","N","N","N","0","","1","0","0","","2","","","2","1","0","0","0","0","0","2","0","2","","03","","N","","","","","","","","","",""
"2022074311","2206","3","0","0","0","0","0","0","0","0","4","0","","67","8","2022","7","39.962926","-75.191387","2201","6","0","0","0","0","0","0","0","0","","0","0","0","","","0","","1","","39 57:46.535","","0","75 11:28.992","0","0","0","0","67301","0","0","0","N","0","0","0","2","67507","0","","1.0","","1","N","N","Y","0","","0","0","1","","2","","","4","0","0","0","0","0","0","2","0","4","","03","","N","","","","","","","","","",""
"2022079257","2246","1","0","0","0","0","0","0","0","0","5","0","","67","7","2022","6","39.960873","-75.140473","2239","6","0","0","0","0","0","1","0","0","","0","0","0","","","0","N","0","","39 57:39.143","","3","75 08:25.703","9","0","0","0","67301","0","0","0","N","0","0","0","4","68K01","0","","1.0","","1","N","N","N","2","","0","0","0","","0","","","4","0","0","0","0","0","1","2","0","4","","","","N","","","","","","","","","",""
"2022079273","1458","0","0","0","0","0","0","0","0","0","4","0","","67","8","2022","2","40.044906","-75.233039","1457","6","0","0","0","0","0","0","0","0","","0","0","0","","","1","N","0","","40 02:41.660","6","7","75 13:58.940","8","0","0","0","67301","0","0","0","N","0","0","0","2","67301","0","","1.0","1606.0","1","N","N","N","0","","0","0","2","","3","Y","","2","1","0","0","0","1","0","2","0","2","","03","","N","","","","","","","","","",""
"2022095491","0110","2","0","0","0","0","0","0","0","0","4","0","","67","8","2022","2","39.969513","-75.225371","0110","6","0","0","0","0","0","0","0","0","","0","0","0","","","0","","1","","39 58:10.246","","0","75 13:31.336","0","0","0","0","67301","0","0","0","N","0","0","0","2","67301","0","","1.0","","1","N","N","N","0","","0","0","0","","2","","","2","0","1","0","0","0","0","2","0","2","","03","","N","","","","","","","","","",""
"2022093663","2139","1","0","0","0","0","0","0","0","0","8","0","","67","10","2022","1","40.007942","-75.172302","2136","6","0","0","0","0","0","0","0","0","","0","0","0","","","1","","1","","40 00:28.592","","0","75 10:20.286","3","0","0","0","67301","1","0","0","N","1","0","0","2","67301","0","","1.0","","1","N","N","N","0","","1","0","0","","2","","","2","1","0","0","0","0","1","2","0","1","","","","N","","","","","","","","","",""
"2022081858","2312","1","0","0","0","0","0","0","0","0","2","0","","67","8","2022","1","40.014518","-75.131119","2310","6","0","0","0","0","0","0","0","0","","0","0","0","","","0","","1","","40 00:52.264","","0","75 07:52.028","0","0","0","0","67301","0","0","0","N","0","0","0","2","67301","0","","1.0","","1","N","N","N","0","","0","0","1","","2","","","2","0","0","0","0","0","0","2","0","2","","03","","N","","","","","","","","","",""
"2022078306","2020","1","0","0","0","0","0","1","0","0","5","1","","67","6","2022","5","39.996438","-75.113451","2020","6","0","0","0","0","0","0","0","0","","0","0","0","","","1","","5","","39 59:47.175","","1","75 06:48.425","4","0","0","0","67301","0","0","0","N","0","0","0","3","67508","1","","1.0","","1","N","N","N","0","","0","0","0","","2","","","2","1","1","0","0","0","1","2","0","2","","03","","N","","","","","","","","","",""
"2022072884","0112","3","0","0","0","0","0","0","0","0","1","0","","67","8","2022","1","39.905418","-75.194456","0109","6","0","0","0","0","0","0","0","0","","0","0","0","","","0","Y","0","","39 54:19.503","","0","75 11:40.041","0","0","0","0","67301","0","0","0","N","0","0","0","4","67301","0","","1.0","","1","N","N","N","1","","0","0","0","","2","","","4","0","0","0","0","0","0","2","0","4","","03","","N","","","","","","","","","",""
"2022077362","1759","0","0","0","0","0","0","0","0","0","4","0","","67","8","2022","3","40.063974","-75.059602","1755","6","0","0","0","0","0","1","0","0","","0","0","0","","","0","","1","","40 03:50.306","","0","75 03:34.568","0","0","0","0","67301","0","0","0","N","0","0","0","3","67301","0","","1.0","","1","N","N","N","1","","0","0","2","","3","","","3","0","0","0","0","0","0","2","0","3","","03","","N","","","","","","","","","",""
"2022060004","0103","0","0","0","1","0","0","0","0","0","8","0","","67","6","2022","6","39.93555","-75.155387","0103","6","0","0","0","0","0","0","0","0","","0","0","0","","","1","","1","","39 56:07.979","","0","75 09:19.392","3","0","0","1","67301","1","0","0","N","0","0","0","2","67301","0","","1.0","","1","N","N","N","0","","1","0","0","","2","","","2","1","0","0","0","0","0","2","0","1","","03","","N","","","","","","","","","",""
"2022063088","1000","0","0","0","0","0","0","0","0","0","7","0","","67","6","2022","5","39.979775","-75.225189","0954","6","0","0","0","0","0","0","1","0","","0","0","0","","","1","N","0","","39 58:47.191","","0","75 13:30.682","3","0","0","0","67301","0","0","0","N","0","0","0","1","67301","0","","4.0","","9","N","N","N","0","","1","0","0","","0","","","1","1","0","0","0","0","0","2","1","1","","04","","N","","","","","","","","","",""
"2022091873","0829","0","0","0","0","0","0","0","0","0","2","0","","67","10","2022","3","39.916561","-75.245776","0829","6","0","0","0","0","0","0","0","0","","0","0","0","","","0","","2","","39 54:59.618","","0","75 14:44.793","0","0","0","0","67301","0","0","0","N","0","0","0","2","67301","0","","1.0","","9","N","N","N","0","","0","0","2","","3","","","2","0","2","0","0","0","0","2","0","2","","07","","N","","","","","","","","","",""
"2022071237","","2","0","0","0","0","0","0","0","0","4","0","","67","7","2022","6","","","","6","0","0","0","0","0","0","0","0","","0","0","0","","","2","N","0","","","","7","","8","0","0","0","67301","0","0","0","N","0","0","0","3","00000","0","","1.0","","1","","","N","0","","0","0","0","","0","","","2","2","1","0","0","2","0","1","0","2","","","","N","","","","","","","","","",""
"2022074094","1740","4","0","0","0","0","0","0","0","0","4","0","","67","8","2022","7","40.054234","-75.049325","1735","6","0","1","0","0","0","0","0","0","","0","0","0","","","1","","1","","40 03:15.244","2","0","75 02:57.569","8","0","0","0","67301","0","0","0","N","0","0","0","5","67301","0","","1.0","100.0","1","N","N","N","0","","0","0","1","","2","Y","","5","1","0","0","0","1","4","2","0","5","","","","N","","","","","","","","","",""
"2022085296","2123","1","0","0","0","0","0","0","0","0","4","0","","67","9","2022","6","40.007378","-75.086447","2123","6","0","0","0","0","0","0","0","0","","0","0","0","","","0","","3","","40 00:26.559","","0","75 05:11.209","0","0","0","0","67301","0","0","0","N","0","0","0","2","67301","0","","1.0","","1","N","N","N","0","","0","0","1","","3","","","2","0","0","0","0","0","0","2","0","2","","03","","N","","","","","","","","","",""
"2022060131","1400","1","0","0","0","0","0","0","0","0","7","0","","67","6","2022","2","40.007942","-75.172302","1355","6","0","0","0","0","0","0","0","0","","0","0","0","","","0","","1","","40 00:28.592","","0","75 10:20.286","9","0","0","0","67301","0","0","0","N","0","0","0","1","67301","0","","4.0","","9","N","N","N","0","","0","0","0","","2","","","1","0","0","0","0","0","1","2","0","1","","07","","N","","","","","","","","","",""
"2022072495","1705","1","0","0","1","0","0","0","0","0","8","0","","67","8","2022","2","39.931575","-75.2258","1654","6","0","0","0","0","0","0","0","0","","0","0","0","","","1","N","0","","39 55:53.670","","0","75 13:32.880","4","0","0","0","67301","1","0","0","N","0","0","0","1","67301","1","","1.0","","1","N","N","N","0","","0","0","0","","0","","","2","1","0","0","0","0","0","2","0","1","","","","N","","","","","","","","","",""
"2022090313","1019","0","0","0","1","0","0","0","0","0","8","1","","67","9","2022","4","39.957185","-75.201948","1010","6","0","0","0","0","0","1","0","0","","0","1","0","","","1","","1","","39 57:25.865","","0","75 12:07.011","8","0","0","0","67301","1","0","0","N","0","0","0","2","67301","0","","1.0","","1","N","N","N","0","","0","0","0","","2","","","2","1","0","0","0","1","0","2","0","1","","","","N","","","","","","","","","",""
"2022083657","1035","1","0","0","0","0","0","0","0","0","8","0","","67","9","2022","6","40.004249","-75.173477","1030","6","0","0","0","0","0","0","0","0","","0","0","0","","","1","N","0","","40 00:15.297","","0","75 10:24.518","3","0","0","0","67301","1","0","0","N","1","0","0","1","67301","0","","1.0","","1","N","N","N","0","","1","0","0","","0","","","2","1","0","0","0","0","0","2","0","1","","","","N","","","","","","","","","",""
"2022104957","1140","0","0","0","0","0","0","0","0","0","5","2","45","67","11","2022","6","40.011831","-75.060132","1120","6","0","0","0","0","0","0","0","0","","0","2","0","","","2","N","0","","40 00:42.591","1","3","75 03:36.474","3","0","0","0","67301","0","0","0","N","0","0","0","4","67301","0","","1.0","1230.0","1","N","N","N","0","","2","0","0","","8","N","","2","2","0","0","0","0","1","2","0","2","","03","N","Y","8","1","N","N","N","N","N","Y","N","N"
"2022073237","1545","1","0","0","0","0","0","0","0","0","1","0","","67","8","2022","6","39.976819","-75.197969","1533","6","0","0","0","0","0","1","0","0","","0","0","0","","","3","N","0","","39 58:36.548","","0","75 11:52.687","3","0","0","0","67301","0","0","0","N","0","0","0","3","68K01","0","","1.0","","1","N","N","N","0","","2","0","2","","0","","","3","3","0","0","0","1","0","2","0","3","","","","N","","","","","","","","","",""
"2022076695","0044","1","0","0","0","0","0","0","0","0","4","0","","67","8","2022","4","39.998272","-75.110197","0044","6","0","0","0","0","0","0","0","0","","0","0","0","","","0","N","0","","39 59:53.780","","1","75 06:36.710","0","0","0","0","67301","0","0","0","N","0","0","0","3","67301","0","","1.0","","1","N","N","N","0","","0","0","1","","0","","","2","0","0","0","0","0","0","2","0","2","","","","N","","","","","","","","","",""
"2022073712","1910","1","0","0","0","0","0","0","0","0","4","0","","67","8","2022","2","39.967073","-75.243775","1855","6","0","0","0","0","0","0","0","1","","0","0","0","","","1","","1","","39 58:01.462","","0","75 14:37.590","8","0","0","0","67301","0","0","0","N","0","0","0","2","67301","0","","1.0","","1","N","N","N","0","","0","0","1","","3","","","2","1","0","0","0","1","0","2","0","2","","04","","N","","","","","","","","","",""
"2022074312","2243","1","0","0","0","0","0","0","0","0","4","0","","67","8","2022","1","39.977255","-75.158096","2240","6","0","0","0","0","2","0","0","0","","0","0","0","","","0","","1","","39 58:38.118","","0","75 09:29.146","0","0","0","0","67301","0","0","0","N","0","0","0","2","67505","0","","1.0","","1","N","N","N","0","","0","0","0","","2","","","2","0","0","0","0","0","0","2","1","2","","03","","N","","","","","","","","","",""
"2022104386","2025","1","0","0","0","0","0","0","0","0","5","1","","67","11","2022","5","40.104976","-75.001716","2014","6","0","0","0","0","0","0","1","0","","0","1","0","","","2","","2","","40 06:17.915","","0","75 00:06.177","8","0","0","0","67301","0","0","0","N","0","0","0","3","67301","0","","1.0","","1","N","N","N","0","","0","0","0","","2","","","2","2","0","0","0","2","0","2","0","2","","","","N","","","","","","","","","",""
"2022116339","0753","0","0","0","0","0","0","0","0","0","4","0","","67","12","2022","4","40.044017","-75.075397","0746","6","0","0","0","0","0","1","0","0","","0","0","0","","","1","","1","","40 02:38.461","","0","75 04:31.429","3","0","0","0","67301","0","0","0","N","0","0","0","3","67301","0","","1.0","","9","N","N","N","0","","1","0","2","","3","","","2","1","0","0","0","0","0","2","0","2","","07","","N","","","","","","","","","",""
"2022081620","0721","2","0","0","0","0","0","0","0","0","4","0","","67","9","2022","3","40.085459","-75.037453","0721","6","0","0","0","0","0","1","0","0","","0","0","0","","","2","","1","","40 05:07.651","3","0","75 02:14.830","8","0","0","0","67301","0","0","0","N","0","0","0","2","67301","0","","1.0","100.0","9","N","N","N","0","","0","0","0","","2","N","","2","2","0","0","0","2","0","2","0","2","","07","","N","","","","","","","","","",""
"2022078807","0609","1","0","0","0","0","0","0","0","0","7","0","","67","8","2022","2","39.966971","-75.133575","0600","6","0","0","0","0","0","0","0","0","","0","0","0","","","0","N","0","","39 58:01.095","1","3","75 08:00.871","0","0","0","0","67301","0","0","0","N","0","0","0","1","68K01","0","","4.0","615.0","9","N","N","N","0","","0","0","0","","0","N","","1","0","0","0","0","0","0","2","0","1","","","","N","","","","","","","","","",""
"2022072298","1710","0","0","0","0","0","0","0","0","0","8","0","","67","8","2022","3","40.009719","-75.174675","1705","6","0","0","0","0","0","0","0","0","","0","0","0","","","1","N","0","","40 00:34.990","","7","75 10:28.830","2","0","0","0","67301","1","0","1","N","1","0","1","2","67301","0","","1.0","","1","N","N","N","0","","0","1","1","","0","","","2","1","0","0","0","0","0","2","0","1","","03","","N","","","","","","","","","",""
"2022086965","2327","1","0","0","0","0","0","1","0","0","1","1","","67","8","2022","3","39.988041","-75.105912","2322","6","0","0","0","0","0","0","0","0","","0","0","0","","","1","","1","","39 59:16.946","","0","75 06:21.283","4","0","0","0","67301","0","0","0","N","0","0","0","2","67508","1","","1.0","","1","N","N","Y","0","","0","0","0","","2","","","2","1","0","0","0","0","0","2","0","2","","03","","N","","","","","","","","","",""
"2022072299","2220","2","0","0","0","0","0","0","0","0","1","0","","67","8","2022","6","40.014653","-75.156684","2217","6","0","0","0","0","0","2","0","0","","0","0","0","","","1","","1","","40 00:52.752","","0","75 09:24.063","3","0","0","0","67301","0","0","0","N","0","0","0","3","67301","0","","1.0","","1","N","N","N","0","","1","0","2","","2","","","4","1","1","0","0","0","0","2","0","4","","03","","N","","","","","","","","","",""
"2022105487","1846","1","0","0","0","0","0","0","0","0","4","0","","67","11","2022","4","40.030254","-75.145952","1845","6","0","0","0","0","0","0","0","0","","0","0","0","","","1","","1","","40 01:48.914","","0","75 08:45.427","4","0","0","0","67301","0","0","0","N","0","0","0","2","67301","1","","1.0","","1","N","N","N","0","","0","0","1","","2","","","2","1","1","0","0","0","0","2","0","2","","03","","N","","","","","","","","","",""
"2022089300","1355","0","0","0","0","0","0","0","0","0","5","0","","67","9","2022","2","39.918306","-75.162222","1349","6","0","0","0","0","0","0","0","1","","0","0","0","","","1","N","0","","39 55:05.900","","0","75 09:44.000","3","0","0","0","67301","0","0","0","N","0","0","0","2","67301","0","","1.0","","1","N","N","N","0","","1","0","2","","0","","","2","1","0","0","0","0","0","2","0","2","","","","N","","","","","","","","","",""
"2022088286","0925","2","0","0","0","0","0","0","0","0","4","0","","67","9","2022","6","39.98084","-75.119716","0925","6","0","0","0","0","0","0","0","0","","0","0","0","","","0","","1","","39 58:51.023","","0","75 07:10.979","0","0","0","0","67301","0","0","0","N","0","0","0","2","67301","0","","1.0","","99","N","N","N","0","","0","0","0","","3","","","2","0","2","0","0","0","0","2","0","2","","","","N","","","","","","","","","",""
"2022119036","2340","0","0","0","0","0","0","0","0","0","4","0","","67","12","2022","1","40.029864","-75.153214","2340","6","0","0","0","0","0","0","0","1","","0","0","0","","","1","N","0","","40 01:47.510","","0","75 09:11.570","3","0","0","0","67301","0","0","0","N","0","0","0","2","67301","0","","1.0","","99","N","N","N","0","","1","0","2","","0","","","2","1","0","0","0","0","0","2","0","2","","","","N","","","","","","","","","",""
"2022118589","2041","2","0","0","0","0","0","0","0","0","1","0","","67","12","2022","3","39.918137","-75.209752","2039","6","0","0","0","0","0","0","0","0","","0","0","0","","","2","N","0","","39 55:05.294","","0","75 12:35.106","3","0","0","0","67301","0","0","0","N","0","0","0","6","67301","1","","1.0","","1","N","N","N","0","","1","0","0","","0","","","2","2","0","0","0","0","0","2","0","2","","03","","N","","","","","","","","","",""
"2022089073","0318","1","0","0","0","0","0","0","0","0","7","0","","67","8","2022","2","40.02779","-75.024613","0315","6","0","0","0","0","0","0","0","0","","0","0","0","","","0","N","0","","40 01:40.043","","0","75 01:28.605","0","0","0","0","67301","0","0","0","N","0","0","0","1","68K01","0","","4.0","","9","N","N","N","0","","0","0","0","","0","","","1","0","0","0","0","0","0","2","0","1","","","","N","","","","","","","","","",""
"2022079977","1114","1","0","0","0","0","0","0","0","0","4","0","","67","8","2022","7","40.028472","-75.061144","1110","6","0","0","0","0","0","0","0","0","","0","0","0","","","2","","1","","40 01:42.499","","0","75 03:40.118","4","0","0","0","67301","0","0","0","N","0","0","0","2","67301","2","","1.0","","1","N","N","Y","0","","0","0","1","","2","","","3","2","1","0","0","0","0","2","1","3","","03","","N","","","","","","","","","",""
"2022096756","1900","1","0","0","1","0","0","0","0","0","8","0","","67","9","2022","2","39.990437","-75.127046","1900","6","0","0","0","0","0","0","0","0","","0","0","0","","","1","","1","","39 59:25.574","","0","75 07:37.365","8","0","0","0","67301","1","0","0","N","0","0","0","2","67301","0","","1.0","","1","N","N","N","0","","0","0","0","","2","","","2","1","1","0","0","1","0","2","0","1","","03","","N","","","","","","","","","",""
"2022118749","1139","0","0","0","0","0","0","0","0","0","4","1","","67","12","2022","4","40.055282","-75.192943","1137","6","0","0","0","0","0","0","1","0","","0","1","0","","","0","","1","","40 03:19.015","","0","75 11:34.594","0","0","0","0","67301","0","0","0","N","0","0","0","2","67301","0","","1.0","","1","N","N","N","0","","0","0","1","","2","","","2","0","0","0","0","0","0","2","0","2","","03","","N","","","","","","","","","",""
"2022090892","1550","0","0","0","0","0","0","0","0","0","4","1","","67","9","2022","2","40.026288","-75.097275","1550","6","0","0","0","0","0","1","0","0","","0","1","0","","","4","","1","","40 01:34.637","3","0","75 05:50.189","4","0","0","0","67301","0","0","0","N","0","0","0","5","67301","4","","1.0","130.0","1","N","N","N","0","","0","0","1","","2","N","","2","4","0","0","0","0","0","2","0","2","","03","","N","","","","","","","","","",""
"2022078571","1612","2","0","0","0","0","0","0","0","0","4","0","","67","8","2022","7","39.967786","-75.163593","1608","6","0","0","0","0","0","1","0","0","","0","0","0","","","0","","1","","39 58:04.029","","0","75 09:48.934","0","0","0","0","67301","0","0","0","N","0","0","0","2","67301","0","","1.0","","1","N","N","N","0","","0","0","0","","3","","","2","0","0","0","0","0","0","2","0","2","","03","","N","","","","","","","","","",""
"2022118759","0336","1","0","0","0","0","0","0","0","0","2","0","","67","12","2022","4","39.973981","-75.243281","0336","6","0","0","0","0","0","0","0","0","","0","0","0","","","3","","1","","39 58:26.331","","0","75 14:35.811","2","0","0","0","67301","0","0","0","N","0","0","0","3","67301","0","","1.0","","1","N","N","N","0","","2","1","1","","3","","","2","3","0","0","0","0","0","2","0","2","","03","","N","","","","","","","","","",""
"2022083622","2225","2","0","0","0","0","0","0","0","0","5","0","","67","9","2022","2","39.974629","-75.199199","2222","6","0","0","0","0","0","0","0","0","","0","0","0","","","0","","1","","39 58:28.663","3","2","75 11:57.118","0","0","0","0","67301","0","0","0","N","0","0","0","2","67301","0","","1.0","2345.0","1","N","N","N","0","","0","0","0","","2","N","","2","0","0","0","0","0","0","2","0","2","","03","","N","","","","","","","","","",""
"2022097440","0625","1","0","0","0","0","0","0","0","0","4","0","","67","7","2022","3","39.985761","-75.215703","0622","6","0","0","0","0","0","0","0","0","","0","0","0","","","1","","1","","39 59:08.741","","0","75 12:56.531","3","0","0","0","67301","0","0","0","N","0","0","0","3","67301","0","","1.0","","1","N","N","N","0","","1","0","1","","2","","","2","1","3","0","0","0","0","2","0","2","","03","","N","","","","","","","","","",""
"2022080816","2015","2","0","0","0","0","0","0","0","0","6","0","","67","9","2022","6","39.919175","-75.211131","2012","6","0","0","0","0","0","0","0","0","","0","0","0","","","1","N","0","","39 55:09.030","","0","75 12:40.070","3","0","0","0","67301","0","0","0","N","0","0","0","3","67301","0","","1.0","","1","N","N","N","0","","1","0","0","","0","","","2","1","0","0","0","0","0","2","0","2","","03","","N","","","","","","","","","",""
"2022092155","0202","1","0","0","0","0","0","0","0","0","7","0","","67","10","2022","1","39.955379","-75.147953","0202","6","0","0","0","0","0","0","0","0","","0","0","0","","","0","N","0","","39 57:19.363","","2","75 08:52.632","0","0","0","0","67301","0","0","0","N","0","0","0","1","67501","0","","4.0","","9","N","N","N","0","","0","0","0","","0","","","1","0","0","0","0","0","0","2","0","1","","","","N","","","","","","","","","",""
"2022090801","0009","2","0","0","0","0","0","0","0","0","5","0","","67","10","2022","1","40.031581","-75.129183","0009","6","0","0","0","0","0","0","0","0","","0","0","0","","","2","N","0","","40 01:53.690","","0","75 07:45.060","3","0","0","0","67301","0","0","0","N","0","0","0","2","67301","0","","6.0","","9","N","N","N","0","","1","0","0","","0","","","2","2","0","0","0","1","0","2","0","2","","07","","N","","","","","","","","","",""