"CRN","ARRIVAL_TM","AUTOMOBILE_COUNT","BELTED_DEATH_COUNT","BELTED_SUSP_SERIOUS_INJ_COUNT","BICYCLE_COUNT","BICYCLE_DEATH_COUNT","BICYCLE_SUSP_SERIOUS_INJ_COUNT","BUS_COUNT","CHLDPAS_DEATH_COUNT","CHLDPAS_SUSP_SERIOUS_INJ_COUNT","COLLISION_TYPE","COMM_VEH_COUNT","CONS_ZONE_SPD_LIM","COUNTY","CRASH_MONTH","CRASH_YEAR","DAY_OF_WEEK","DEC_LATITUDE","DEC_LONGITUDE","DISPATCH_TM","DISTRICT","DRIVER_COUNT_16YR","DRIVER_COUNT_17YR","DRIVER_COUNT_18YR","DRIVER_COUNT_19YR","DRIVER_COUNT_20YR","DRIVER_COUNT_50_64YR","DRIVER_COUNT_65_74YR","DRIVER_COUNT_75PLUS","EST_HRS_CLOSED","FATAL_COUNT","HEAVY_TRUCK_COUNT","HORSE_BUGGY_COUNT","HOUR_OF_DAY","ILLUMINATION","INJURY_COUNT","INTERSECTION_RELATED","INTERSECT_TYPE","LANE_CLOSED","LATITUDE","LN_CLOSE_DIR","LOCATION_TYPE","LONGITUDE","MAX_SEVERITY_LEVEL","MCYCLE_DEATH_COUNT","MCYCLE_SUSP_SERIOUS_INJ_COUNT","MOTORCYCLE_COUNT","MUNICIPALITY","NONMOTR_COUNT","NONMOTR_DEATH_COUNT","NONMOTR_SUSP_SERIOUS_INJ_COUNT","NTFY_HIWY_MAINT","PED_COUNT","PED_DEATH_COUNT","PED_SUSP_SERIOUS_INJ_COUNT","PERSON_COUNT","POLICE_AGCY","POSSIBLE_INJ_COUNT","RDWY_SURF_TYPE_CD","RELATION_TO_ROAD","ROADWAY_CLEARED","ROAD_CONDITION","SCH_BUS_IND","SCH_ZONE_IND","SECONDARY_CRASH","SMALL_TRUCK_COUNT","SPEC_JURIS_CD","SUSP_MINOR_INJ_COUNT","SUSP_SERIOUS_INJ_COUNT","SUV_COUNT","TCD_FUNC_CD","TCD_TYPE","TFC_DETOUR_IND","TIME_OF_DAY","TOTAL_UNITS","TOT_INJ_COUNT","UNBELTED_OCC_COUNT","UNB_DEATH_COUNT","UNB_SUSP_SERIOUS_INJ_COUNT","UNK_INJ_DEG_COUNT","UNK_INJ_PER_COUNT","URBAN_RURAL","VAN_COUNT","VEHICLE_COUNT","WEATHER1","WEATHER2","WORKERS_PRES","WORK_ZONE_IND","WORK_ZONE_LOC","WORK_ZONE_TYPE","WZ_CLOSE_DETOUR","WZ_FLAGGER","WZ_LAW_OFFCR_IND","WZ_LN_CLOSURE","WZ_MOVING","WZ_OTHER","WZ_SHLDER_MDN","WZ_WORKERS_INJ_KILLED"
"2022092141","1249","1","0","0","0","0","0","0","0","0","8","0","","67","9","2022","6","39.998509","-75.129281","1249","6","0","0","0","0","0","0","0","0","","0","0","0","","","1","","1","","39 59:54.633","","0","75 07:45.412","2","0","0","0","67301","1","0","1","N","1","0","1","2","67301","0","","1.0","","1","N","N","Y","0","","0","1","0","","2","","","2","1","0","0","0","0","1","2","0","1","","","","N","","","","","","","","","",""
"2022083645","1138","0","0","0","0","0","0","0","0","0","8","0","","67","9","2022","7","39.982842","-75.142214","1138","6","0","0","0","0","0","0","0","0","","0","0","0","","","1","","1","","39 58:58.231","","0","75 08:31.970","3","0","0","0","67301","1","0","0","N","1","0","0","2","67301","0","","1.0","","99","N","N","N","0","","1","0","0","","2","","","2","1","0","0","0","0","0","2","0","1","","98","","N","","","","","","","","","",""
"2022124885","1255","2","0","0","0","0","0","0","0","0","4","0","","67","12","2022","6","39.960365","-75.189449","1253","6","0","0","0","0","0","0","0","0","","0","0","0","","","0","N","1","","39 57:37.313","","0","75 11:22.016","0","0","0","0","67301","0","0","0","N","0","0","0","2","67507","0","","1.0","","1","N","N","N","0","","0","0","0","","2","","","2","0","0","0","0","0","0","2","0","2","","","","N","","","","","","","","","",""
"2022121967","1723","2","0","0","0","0","0","0","0","0","1","0","","67","12","2022","4","39.995445","-75.166229","1720","6","0","0","0","0","0","0","0","0","","0","0","0","","","4","N","0","","39 59:43.602","","0","75 09:58.424","3","0","0","0","67301","0","0","0","N","0","0","0","4","67301","0","","1.0","","1","N","Y","N","0","","4","0","1","","0","","","3","4","0","0","0","0","0","2","0","3","","","","N","","","","","","","","","",""
"2022124327","0211","1","0","0","0","0","0","0","0","0","7","0","45","67","12","2022","4","40.07628","-75.032922","0204","6","0","0","0","0","0","0","0","0","","0","0","0","","","1","N","0","","40 04:34.607","","0","75 01:58.519","8","0","0","0","67301","0","0","0","N","0","0","0","1","67301","0","","3.0","","1","N","N","N","0","","0","0","0","","8","","","1","1","0","0","0","1","0","2","0","1","","03","N","Y","2","3","Y","N","N","Y","N","N","Y","N"
"2022060022","0805","0","0","0","0","0","0","0","0","0","4","0","","67","6","2022","6","40.05725","-75.014194","0757","6","0","0","0","0","0","0","0","0","","0","0","0","","","0","N","0","","40 03:26.101","","7","75 00:51.097","9","0","0","0","67301","0","0","0","N","0","0","0","2","67301","0","","1.0","","1","N","N","N","0","","0","0","1","","0","","","2","0","0","0","0","0","1","2","1","2","","04","","N","","","","","","","","","",""
"2022075801","1331","1","0","0","0","0","0","0","0","0","1","0","","67","8","2022","3","39.971479","-75.123383","1331","6","0","0","0","0","0","2","0","0","","0","0","0","","","0","N","0","","39 58:17.323","","1","75 07:24.178","0","0","0","0","67301","0","0","0","N","0","0","0","2","67301","0","","1.0","","1","N","N","N","0","","0","0","1","","0","","","2","0","2","0","0","0","0","2","0","2","","","","N","","","","","","","","","",""
"2022086932","0828","1","0","0","0","0","0","0","0","0","1","1","","67","7","2022","7","40.036312","-75.015236","0811","6","0","0","0","0","0","1","0","0","","0","1","0","","","1","N","0","","40 02:10.722","1","0","75 00:54.849","8","0","0","0","67301","0","0","0","N","0","0","0","5","68K01","0","","1.0","945.0","1","N","N","Y","0","","0","0","2","","0","N","","4","1","0","0","0","1","0","2","0","4","","","","N","","","","","","","","","",""
"2022083561","1051","1","0","0","0","0","0","0","0","0","4","0","","67","9","2022","4","40.004314","-75.128004","1051","6","0","0","0","0","0","0","0","0","","0","0","0","","","2","","1","","40 00:15.530","","0","75 07:40.814","3","0","0","0","67301","0","0","0","N","0","0","0","2","67301","0","","1.0","","1","N","N","N","0","","2","0","1","","2","","","2","2","1","0","0","0","0","2","0","2","","","","N","","","","","","","","","",""
"2022102142","1617","2","0","0","0","0","0","0","0","0","1","0","","67","8","2022","1","39.958267","-75.14121","1608","6","0","0","1","0","1","1","0","0","","0","0","0","","","1","N","0","","39 57:29.762","","0","75 08:28.357","3","0","0","0","67301","0","0","0","N","0","0","0","5","68K01","0","","1.0","","1","N","N","N","0","","1","0","2","","0","","","4","1","0","0","0","0","1","2","0","4","","","","N","","","","","","","","","",""
"2022102956","1810","1","0","0","0","0","0","0","0","0","8","0","","67","11","2022","3","40.063403","-74.985363","1803","6","0","0","0","0","0","0","0","0","","0","0","0","","","1","N","0","","40 03:48.250","","7","74 59:07.308","3","0","0","0","67301","1","0","0","N","1","0","0","2","67301","0","","5.0","","1","N","N","N","0","","1","0","0","","0","","","2","1","0","0","0","0","0","2","0","1","","","","N","","","","","","","","","",""
"2022121805","2344","1","0","0","0","0","0","0","0","0","4","0","","67","12","2022","2","40.005282","-75.157039","2344","6","0","0","0","0","0","0","0","0","","0","0","0","","","1","","1","","40 00:19.015","","0","75 09:25.340","3","0","0","0","67301","0","0","0","N","0","0","0","2","67301","0","","1.0","","1","N","N","N","0","","1","0","1","","2","","","2","1","0","0","0","0","0","2","0","2","","","","N","","","","","","","","","",""
"2022113340","1245","1","0","0","0","0","0","0","0","0","4","0","","67","11","2022","1","39.996142","-75.147088","1230","6","0","0","0","0","0","1","0","0","","0","0","0","","","1","","1","","39 59:46.111","","0","75 08:49.516","3","0","0","0","67301","0","0","0","N","0","0","0","3","67301","0","","1.0","","9","N","N","N","0","","1","0","2","","2","","","3","1","0","0","0","0","0","2","0","3","","","","N","","","","","","","","","",""
"2022089681","0900","0","0","0","1","0","0","0","0","0","8","0","","67","9","2022","5","39.974255","-75.181049","0857","6","0","0","0","0","0","0","0","0","","0","0","0","","","1","N","0","","39 58:27.317","","0","75 10:51.775","8","0","0","0","67301","1","0","0","N","0","0","0","2","67301","0","","1.0","","1","N","N","N","0","","0","0","0","","0","","","2","1","0","0","0","1","0","2","0","1","","03","","N","","","","","","","","","",""
"2022122656","0058","1","0","0","0","0","0","0","0","0","7","0","","67","12","2022","5","40.062182","-75.170071","0056","6","0","0","0","0","0","0","0","0","","0","0","0","","","0","N","0","","40 03:43.854","","0","75 10:12.256","9","0","0","0","67301","0","0","0","N","0","0","0","1","67301","0","","5.0","","1","N","N","N","0","","0","0","0","","0","","","1","0","0","0","0","0","1","2","0","1","","","","N","","","","","","","","","",""
"2022081591","1855","1","0","0","1","0","0","0","0","0","8","0","","67","8","2022","2","39.946726","-75.164761","1847","6","0","0","0","0","0","0","0","0","","0","0","0","","","1","N","0","","39 56:48.215","","0","75 09:53.141","4","0","0","0","67301","1","0","0","N","0","0","0","2","67301","1","","1.0","","1","N","N","N","0","","0","0","0","","0","","","2","1","1","0","0","0","0","2","0","1","","","","N","","","","","","","","","",""
"2022063094","2142","2","0","0","0","0","0","0","0","0","4","0","","67","7","2022","6","39.967336","-75.245842","2142","6","0","0","0","0","0","0","0","0","","0","0","0","","","1","","1","","39 58:02.410","","0","75 14:45.030","4","0","0","0","67301","0","0","0","N","0","0","0","2","67301","1","","1.0","","1","N","N","N","0","","0","0","0","","2","","","2","1","0","0","0","0","0","2","0","2","","03","","N","","","","","","","","","",""
"2022100206","","2","0","0","0","0","0","0","0","0","4","0","","67","9","2022","6","40.038486","-75.051804","","6","0","0","0","0","0","0","0","1","","0","0","0","","","0","","1","","40 02:18.549","","0","75 03:06.494","0","0","0","0","67301","0","0","0","N","0","0","0","2","00000","0","","1.0","","1","","","N","0","","0","0","0","","2","","","2","0","2","0","0","0","0","2","0","2","","","","N","","","","","","","","","",""
"2022083629","1118","1","0","0","0","0","0","0","0","0","8","0","","67","9","2022","3","39.965293","-75.225481","1101","6","0","0","0","0","0","0","0","1","","0","0","0","","","1","","1","","39 57:55.055","","0","75 13:31.731","3","0","0","0","67301","1","0","0","N","1","0","0","2","67301","0","","1.0","","9","N","N","N","0","","1","0","0","","2","","","2","1","0","0","0","0","1","2","0","1","","","","N","","","","","","","","","",""
"2022090915","1057","0","0","0","0","0","0","0","0","0","5","0","","67","9","2022","6","40.016096","-75.170471","1057","6","0","0","0","0","0","0","0","0","","0","0","0","","","1","N","0","","40 00:57.945","1","0","75 10:13.694","3","0","0","0","67301","0","0","0","N","0","0","0","1","67301","0","","6.0","1145.0","1","N","N","N","0","","1","0","2","","0","Y","","2","1","0","0","0","0","0","2","0","2","","","","N","","","","","","","","","",""
"2022123667","0222","2","0","0","0","0","0","0","0","0","4","0","","67","11","2022","4","39.971531","-75.160034","0212","6","0","0","0","0","0","0","0","0","","0","0","0","","","0","N","0","","39 58:17.513","4","0","75 09:36.123","0","0","0","0","67301","0","0","0","N","0","0","0","2","67301","0","","1.0","323.0","9","N","N","N","0","","0","0","0","","0","N","","2","0","0","0","0","0","0","2","0","2","","07","","N","","","","","","","","","",""
"2022101404","2026","3","0","0","0","0","0","0","0","0","1","0","","67","10","2022","6","39.967636","-75.132075","2015","6","0","0","0","0","0","0","0","0","","0","0","0","","","1","N","0","","39 58:03.488","","0","75 07:55.471","3","0","0","0","67301","0","0","0","N","0","0","0","3","68K01","0","","1.0","","1","N","N","N","0","","1","0","0","","0","","","3","1","0","0","0","0","1","2","0","3","","03","","N","","","","","","","","","",""
"2022083595","0037","1","0","0","0","0","0","0","0","0","7","0","","67","9","2022","6","40.080179","-75.06846","0034","6","0","0","0","0","0","0","0","0","","0","0","0","","","1","","1","","40 04:48.645","","0","75 04:06.457","4","0","0","0","67301","0","0","0","N","0","0","0","2","67301","1","","4.0","","1","N","N","N","1","","0","0","0","","2","","","3","1","0","0","0","0","0","2","1","3","","03","","N","","","","","","","","","",""
"2022082283","2103","1","0","0","0","0","0","0","0","0","5","0","","67","9","2022","4","39.982889","-75.158694","2055","6","0","0","0","0","0","0","0","0","","0","0","0","","","0","Y","0","","39 58:58.400","","0","75 09:31.300","9","0","0","0","67301","0","0","0","N","0","0","0","1","67505","0","","6.0","","99","N","N","N","0","","0","0","0","","0","","","2","0","0","0","0","0","1","2","0","2","","98","","N","","","","","","","","","",""
"2022108061","1807","0","0","0","0","0","0","0","0","0","4","1","","67","11","2022","3","40.08791","-74.980609","1803","6","0","0","0","0","0","2","0","0","","0","1","0","","","3","","1","","40 05:16.476","","0","74 58:50.192","4","0","0","0","67301","0","0","0","N","0","0","0","4","67301","3","","1.0","","9","N","N","N","0","","0","0","0","","3","","","2","3","3","0","0","0","0","2","1","2","","07","","N","","","","","","","","","",""
"2022091345","1915","0","0","0","0","0","0","0","0","0","8","0","","67","9","2022","3","39.940045","-75.166342","1913","6","0","0","0","0","0","0","0","0","","0","0","0","","","1","","1","","39 56:24.162","","0","75 09:58.832","3","0","0","0","67301","1","0","0","N","1","0","0","2","67301","0","","1.0","","1","N","N","N","0","","1","0","0","","2","","","2","1","0","0","0","0","0","2","0","1","","","","N","","","","","","","","","",""
"2022101109","1057","1","0","0","1","0","0","0","0","0","8","0","","67","10","2022","7","39.998195","-75.187621","1057","6","0","0","0","0","0","0","0","0","","0","0","0","","","1","","2","","39 59:53.503","","0","75 11:15.437","3","0","0","0","67301","1","0","0","N","0","0","0","2","67301","0","","1.0","","1","N","N","N","0","","1","0","0","","2","","","2","1","1","0","0","0","0","2","0","1","","03","","N","","","","","","","","","",""
"2022091117","2119","0","0","0","0","0","0","0","0","0","1","0","","67","9","2022","1","39.886182","-75.2432","2119","6","0","0","0","0","0","0","0","0","","0","0","0","","","1","N","0","","39 53:10.256","","0","75 14:35.519","8","0","0","0","67301","1","0","0","N","1","0","0","2","68K01","0","","2.0","","1","N","N","N","0","","0","0","2","","0","","","3","1","0","0","0","1","0","2","0","2","","03","","N","","","","","","","","","",""
"2022106267","0855","1","0","0","0","0","0","0","0","0","7","0","","67","11","2022","7","40.082499","-74.967052","0842","6","0","0","0","0","1","0","0","0","","0","0","0","","","1","N","0","","40 04:56.997","","0","74 58:01.387","3","0","0","0","67301","0","0","0","Y","0","0","0","1","67301","0","","5.0","","1","N","N","N","0","","1","0","0","","0","","","1","1","0","0","0","0","0","2","0","1","","","","N","","","","","","","","","",""
"2022087838","1017","1","0","0","0","0","0","0","0","0","7","0","","67","9","2022","6","40.038844","-75.171625","1013","6","0","0","0","0","0","0","0","0","","0","0","0","","","1","","1","","40 02:19.838","","0","75 10:17.849","3","0","0","0","67301","0","0","0","N","0","0","0","2","67301","0","","5.0","","1","N","N","N","0","","1","0","0","","2","","","1","1","0","0","0","0","0","2","0","1","","98","","N","","","","","","","","","",""
"2022106264","2204","0","0","0","0","0","0","0","0","0","4","0","","67","10","2022","2","39.917737","-75.157694","2204","6","0","0","0","0","0","0","0","0","","0","0","0","","","1","","1","","39 55:03.853","","0","75 09:27.698","3","0","0","0","67301","0","0","0","N","0","0","0","2","67301","0","","1.0","","9","N","N","N","0","","1","0","1","","3","","","2","1","0","0","0","0","1","2","0","2","","07","","N","","","","","","","","","",""
"2022105897","1649","0","0","0","0","0","0","0","0","0","8","0","","67","8","2022","3","39.955152","-75.19832","1648","6","0","0","0","0","0","0","0","0","","0","0","0","","","1","","1","","39 57:18.548","","0","75 11:53.953","3","0","0","0","67301","1","0","0","N","1","0","0","2","67504","0","","1.0","","1","N","N","N","0","","1","0","1","","2","","","2","1","1","0","0","0","0","2","0","1","","03","","N","","","","","","","","","",""
"2022113730","1725","1","0","0","0","0","0","0","0","0","1","0","","67","11","2022","2","39.962521","-75.183328","1716","6","0","0","0","0","0","0","0","0","","0","0","0","","","0","N","0","","39 57:45.077","3","0","75 10:59.981","0","0","0","0","67301","0","0","0","N","0","0","0","4","68K01","0","","1.0","1816.0","1","N","N","N","0","","0","0","1","","0","N","","2","0","0","0","0","0","0","2","0","2","","","","N","","","","","","","","","",""
"2022086741","1710","1","0","0","0","0","0","0","0","0","4","0","","67","9","2022","7","39.931432","-75.228869","1704","6","0","0","1","0","0","1","0","0","","0","0","0","","","1","","1","","39 55:53.155","","0","75 13:43.928","8","0","0","1","67301","0","0","0","N","0","0","0","2","67301","0","","1.0","","1","N","N","N","0","","0","0","0","","3","","","2","1","0","0","0","1","0","2","0","2","","03","","N","","","","","","","","","",""
"2022113616","0016","2","0","0","0","0","0","0","0","0","4","0","","67","11","2022","3","40.030904","-75.065504","0006","6","0","0","0","0","0","0","0","0","","0","0","0","","","0","","1","","40 01:51.253","","0","75 03:55.813","0","0","0","0","67301","0","0","0","N","0","0","0","2","67301","0","","1.0","","1","N","N","N","0","","0","0","0","","3","","","2","0","0","0","0","0","0","2","0","2","","","","N","","","","","","","","","",""
"2022113705","1007","2","0","0","0","0","0","0","0","0","1","0","","67","11","2022","3","39.934916","-75.199831","1001","6","0","0","0","0","0","0","1","0","","0","0","0","","","0","N","0","","39 56:05.696","4","0","75 11:59.390","0","0","0","0","67301","0","0","0","N","0","0","0","2","68K01","0","","1.0","1105.0","1","N","N","N","0","","0","0","0","","0","N","","2","0","0","0","0","0","0","2","0","2","","","","N","","","","","","","","","",""
"2022086027","0810","0","0","0","0","0","0","0","0","0","5","0","","67","9","2022","2","40.034293","-75.068175","0806","6","0","0","0","0","0","2","0","0","","0","0","0","","","2","","2","","40 02:03.454","","0","75 04:05.430","3","0","0","0","67301","0","0","0","N","0","0","0","2","67301","0","","1.0","","1","N","N","N","0","","2","0","2","","0","","","2","2","0","0","0","0","0","2","0","2","","03","","N","","","","","","","","","",""
"2022084896","0745","1","0","0","0","0","0","0","0","0","4","0","","67","9","2022","5","40.094956","-75.01544","0731","6","0","1","0","0","1","0","0","0","","0","0","0","","","1","","1","","40 05:41.842","2","0","75 00:55.583","2","0","1","1","67301","0","0","0","N","0","0","0","2","67301","0","","1.0","920.0","1","N","N","N","0","","0","1","0","","8","N","","2","1","0","0","0","0","0","2","0","2","","03","","N","","","","","","","","","",""
"2022109187","0805","0","0","0","0","0","0","0","0","0","8","0","","67","11","2022","6","40.042354","-75.076987","0755","6","0","0","0","0","0","0","0","0","","0","0","0","","","1","","2","","40 02:32.475","7","0","75 04:37.154","2","0","0","0","67301","1","0","1","N","1","0","1","1","67301","0","","1.0","830.0","1","N","N","N","0","","0","1","0","","0","Y","","2","1","0","0","0","0","0","2","0","1","","03","","N","","","","","","","","","",""
"2022085260","1830","1","0","0","0","0","0","0","0","0","8","0","","67","9","2022","5","39.913799","-75.236199","1823","6","0","0","0","0","0","0","0","0","","0","0","0","","","1","","5","","39 54:49.676","","0","75 14:10.316","8","0","0","0","67301","1","0","0","N","1","0","0","2","67301","0","","1.0","","1","N","N","N","0","","0","0","0","","3","","","2","1","0","0","0","1","0","2","0","1","","","","N","","","","","","","","","",""
"2022116344","1949","0","0","0","0","0","0","0","0","0","4","0","","67","12","2022","3","40.084453","-75.038374","1943","6","0","0","0","0","0","0","0","0","","0","0","0","","","1","","1","","40 05:04.029","","0","75 02:18.148","3","0","0","0","67301","0","0","0","N","0","0","0","2","67301","0","","1.0","","9","N","N","N","0","","1","0","2","","2","","","2","1","0","0","0","0","0","2","0","2","","07","","N","","","","","","","","","",""
"2022066417","","2","0","0","0","0","0","0","0","0","5","0","","67","7","2022","3","39.945139","-75.241694","","6","0","0","0","0","0","0","0","0","","0","0","0","","","0","N","0","","39 56:42.500","","0","75 14:30.100","0","0","0","0","67301","0","0","0","N","0","0","0","2","00000","0","","1.0","","1","","","N","0","","0","0","0","","0","","","2","0","0","0","0","0","0","2","0","2","","","","N","","","","","","","","","",""
"2022086449","1655","1","0","0","0","0","0","0","0","0","4","0","","67","9","2022","2","40.043323","-75.172894","1650","6","0","0","0","0","0","0","0","0","","0","0","0","","","1","","1","","40 02:35.962","","0","75 10:22.418","3","0","0","0","67301","0","0","0","N","0","0","0","2","67301","0","","1.0","","9","N","N","N","0","","1","0","1","","0","","","2","1","0","0","0","0","0","2","0","2","","03","","N","","","","","","","","","",""
"2022088792","1348","1","0","0","0","0","0","0","0","0","8","0","","67","9","2022","4","40.073042","-75.036586","1346","6","0","0","0","0","0","0","1","0","","0","0","0","","","1","","2","","40 04:22.950","","0","75 02:11.709","8","0","0","0","67301","1","0","0","N","1","0","0","2","67301","0","","1.0","","1","N","N","N","0","","0","0","0","","3","","","2","1","1","0","0","1","0","2","0","1","","03","","N","","","","","","","","","",""
"2022090808","1224","0","0","0","0","0","0","0","0","0","7","0","","67","10","2022","1","40.064364","-75.184618","1217","6","0","0","0","0","0","0","0","0","","0","0","0","","","1","","1","","40 03:51.710","","0","75 11:04.624","8","0","0","0","67301","0","0","0","N","0","0","0","1","67301","0","","4.0","","9","N","N","N","0","","0","0","1","","0","","","1","1","0","0","0","1","0","2","0","1","","04","","N","","","","","","","","","",""
"2022080565","","1","0","0","0","0","0","0","0","0","5","0","","67","7","2022","6","40.003333","-75.190378","","6","0","0","0","0","0","0","0","0","","0","0","0","","","1","N","0","","40 00:12.000","","0","75 11:25.362","8","0","0","0","67301","0","0","0","N","0","0","0","2","00000","0","","1.0","","1","","","N","0","","0","0","0","","0","","","2","1","0","0","0","1","0","2","0","2","","","","N","","","","","","","","","",""
"2022105982","1016","1","0","0","0","0","0","0","0","0","2","0","","67","11","2022","3","40.015234","-75.177086","1013","6","0","1","0","0","0","0","0","0","","0","0","0","","","0","","2","","40 00:54.842","1","0","75 10:37.508","0","0","0","0","67301","0","0","0","N","0","0","0","2","67301","0","","1.0","1110.0","1","N","N","N","0","","0","0","1","","0","N","","2","0","0","0","0","0","0","2","0","2","","03","","N","","","","","","","","","",""
"2022099241","1700","0","0","0","0","0","0","0","0","0","1","1","","67","9","2022","6","39.971474","-75.12318","1630","6","0","0","0","0","0","0","0","0","","0","1","0","","","2","N","0","","39 58:17.305","","0","75 07:23.448","3","0","0","0","67301","0","0","0","N","0","0","0","3","68K01","0","","1.0","","1","N","N","N","1","","2","0","1","","0","","","3","2","1","0","0","0","0","2","0","3","","","","N","","","","","","","","","",""
"2022097875","1644","2","0","0","0","0","0","0","0","0","4","0","","67","10","2022","4","39.954042","-75.175028","1643","6","0","0","0","0","0","0","0","0","","0","0","0","","","1","N","0","","39 57:14.550","4","0","75 10:30.100","3","0","0","0","67301","0","0","0","N","0","0","0","3","67301","0","","1.0","1730.0","1","N","N","N","0","","1","0","0","","2","N","","2","1","0","0","0","0","0","2","0","2","","","","N","","","","","","","","","",""
"2022094883","0154","3","0","0","0","0","0","0","0","0","1","0","","67","10","2022","1","39.97115","-75.121481","0154","6","0","0","0","0","0","0","0","0","","0","0","0","","","0","Y","0","","39 58:16.141","","0","75 07:17.333","0","0","0","0","67301","0","0","0","N","0","0","0","4","67301","0","","1.0","","9","N","N","N","0","","0","0","0","","2","","","3","0","1","0","0","0","0","2","0","3","","04","","N","","","","","","","","","",""
"2022071240","","0","0","0","0","0","0","0","0","0","5","0","","67","7","2022","6","40.030127","-75.035164","","6","0","0","0","0","0","1","0","0","","0","0","0","","","1","N","0","","40 01:48.458","","0","75 02:06.590","8","0","0","0","67301","0","0","0","N","0","0","0","2","00000","0","","1.0","","1","","","N","0","","0","0","1","","0","","","2","1","0","0","0","1","0","2","0","2","","","","N","","","","","","","","","",""
"2022120322","1438","2","0","0","0","0","0","0","0","0","5","0","","67","12","2022","6","40.033248","-75.03776","1417","6","0","0","0","0","0","0","0","0","","0","0","0","","","0","","1","","40 01:59.691","5","0","75 02:15.936","9","0","0","0","67301","0","0","0","N","0","0","0","4","67301","0","","1.0","200.0","9","N","N","N","0","","0","0","0","","3","Y","","2","0","0","0","0","0","1","2","0","2","","","","N","","","","","","","","","",""
"2022096725","0136","0","0","0","0","0","0","0","0","0","5","0","","67","10","2022","1","39.886119","-75.218303","0126","6","0","0","0","0","0","0","0","0","","0","0","0","","","4","N","0","","39 53:10.030","","0","75 13:05.890","3","0","0","0","67301","0","0","0","N","0","0","0","5","67301","3","","1.0","","1","N","N","N","0","","1","0","2","","0","","","2","4","3","0","0","0","1","2","0","2","","03","","N","","","","","","","","","",""
"2022107141","0316","1","0","0","0","0","0","0","0","0","7","0","","67","11","2022","7","39.976621","-75.196962","0311","6","0","0","0","0","0","0","0","0","","0","0","0","","","1","N","0","","39 58:35.836","","0","75 11:49.063","3","0","0","0","67301","0","0","0","N","0","0","0","1","68K01","0","","2.0","","9","N","N","N","0","","1","0","0","","0","","","1","1","0","0","0","0","0","2","0","1","","","","N","","","","","","","","","",""
"2022106414","1720","1","0","0","0","0","0","0","0","0","8","0","","67","11","2022","5","39.954899","-75.183419","1640","6","0","0","0","0","0","1","0","0","","0","0","0","","","1","N","1","","39 57:17.635","","0","75 11:00.310","3","0","0","0","67301","1","0","0","N","1","0","0","2","67507","0","","1.0","","1","N","N","N","0","","1","0","0","","2","","","2","1","0","0","0","0","1","2","0","1","","","","N","","","","","","","","","",""
"2022102230","1322","0","0","0","0","0","0","0","0","0","8","0","","67","10","2022","2","39.933175","-75.179549","1317","6","0","0","0","0","0","1","0","0","","0","0","0","","","1","","1","","39 55:59.429","3","0","75 10:46.377","3","0","0","0","67301","1","0","0","N","1","0","0","2","67301","0","","1.0","1340.0","1","N","N","N","1","","1","0","0","","3","Y","","2","1","0","0","0","0","0","2","0","1","","03","","N","","","","","","","","","",""
"2022082290","2052","2","0","0","0","0","0","0","0","0","4","0","","67","9","2022","4","39.983348","-75.157887","2050","6","0","0","0","0","0","0","0","0","","0","0","0","","","0","","2","","39 59:00.054","","0","75 09:28.392","9","0","0","0","67301","0","0","0","N","0","0","0","2","67505","0","","1.0","","1","N","N","N","0","","0","0","0","","0","","","2","0","0","0","0","0","1","2","0","2","","03","","N","","","","","","","","","",""
"2022106272","0533","2","0","0","0","0","0","0","0","0","4","0","","67","11","2022","7","40.036763","-75.138105","0531","6","0","0","0","0","0","0","0","0","","0","0","0","","","0","","1","","40 02:12.346","","0","75 08:17.177","9","0","0","0","67301","0","0","0","N","0","0","0","2","67301","0","","1.0","","1","N","N","N","0","","0","0","1","","3","","","3","0","2","0","0","0","2","2","0","3","","04","","N","","","","","","","","","",""
"2022108283","1005","0","0","0","0","0","0","0","0","0","4","0","","67","11","2022","5","40.010771","-75.10223","1003","6","0","0","0","0","0","0","0","1","","0","0","0","","","0","","1","","40 00:38.775","","0","75 06:08.028","0","0","0","0","67301","0","0","0","N","0","0","0","1","67301","0","","1.0","","1","N","N","N","1","","0","0","1","","2","","","2","0","0","0","0","0","0","2","0","2","","","","N","","","","","","","","","",""
"2022098814","0643","2","0","0","0","0","0","0","0","0","6","0","","67","10","2022","4","39.953609","-75.198625","0642","6","0","0","0","0","0","1","0","0","","0","0","0","","","1","","1","","39 57:12.991","","0","75 11:55.051","3","0","0","0","67301","0","0","0","N","0","0","0","2","67504","0","","1.0","","1","N","N","N","0","","1","0","0","","2","","","2","1","0","0","0","0","0","2","0","2","","","","N","","","","","","","","","",""
"2022096730","0355","2","0","0","0","0","0","0","0","0","4","0","","67","10","2022","1","40.025464","-75.027164","0347","6","0","0","0","0","0","0","0","0","","0","0","0","","","0","","2","","40 01:31.670","","0","75 01:37.791","0","0","0","0","67301","0","0","0","N","0","0","0","1","67301","0","","1.0","","1","N","N","N","0","","0","0","0","","3","","","2","0","1","0","0","0","0","2","0","2","","03","","N","","","","","","","","","",""