"CRN","ARRIVAL_TM","AUTOMOBILE_COUNT","BELTED_DEATH_COUNT","BELTED_SUSP_SERIOUS_INJ_COUNT","BICYCLE_COUNT","BICYCLE_DEATH_COUNT","BICYCLE_SUSP_SERIOUS_INJ_COUNT","BUS_COUNT","CHLDPAS_DEATH_COUNT","CHLDPAS_SUSP_SERIOUS_INJ_COUNT","COLLISION_TYPE","COMM_VEH_COUNT","CONS_ZONE_SPD_LIM","COUNTY","CRASH_MONTH","CRASH_YEAR","DAY_OF_WEEK","DEC_LATITUDE","DEC_LONGITUDE","DISPATCH_TM","DISTRICT","DRIVER_COUNT_16YR","DRIVER_COUNT_17YR","DRIVER_COUNT_18YR","DRIVER_COUNT_19YR","DRIVER_COUNT_20YR","DRIVER_COUNT_50_64YR","DRIVER_COUNT_65_74YR","DRIVER_COUNT_75PLUS","EST_HRS_CLOSED","FATAL_COUNT","HEAVY_TRUCK_COUNT","HORSE_BUGGY_COUNT","HOUR_OF_DAY","ILLUMINATION","INJURY_COUNT","INTERSECTION_RELATED","INTERSECT_TYPE","LANE_CLOSED","LATITUDE","LN_CLOSE_DIR","LOCATION_TYPE","LONGITUDE","MAX_SEVERITY_LEVEL","MCYCLE_DEATH_COUNT","MCYCLE_SUSP_SERIOUS_INJ_COUNT","MOTORCYCLE_COUNT","MUNICIPALITY","NONMOTR_COUNT","NONMOTR_DEATH_COUNT","NONMOTR_SUSP_SERIOUS_INJ_COUNT","NTFY_HIWY_MAINT","PED_COUNT","PED_DEATH_COUNT","PED_SUSP_SERIOUS_INJ_COUNT","PERSON_COUNT","POLICE_AGCY","POSSIBLE_INJ_COUNT","RDWY_SURF_TYPE_CD","RELATION_TO_ROAD","ROADWAY_CLEARED","ROAD_CONDITION","SCH_BUS_IND","SCH_ZONE_IND","SECONDARY_CRASH","SMALL_TRUCK_COUNT","SPEC_JURIS_CD","SUSP_MINOR_INJ_COUNT","SUSP_SERIOUS_INJ_COUNT","SUV_COUNT","TCD_FUNC_CD","TCD_TYPE","TFC_DETOUR_IND","TIME_OF_DAY","TOTAL_UNITS","TOT_INJ_COUNT","UNBELTED_OCC_COUNT","UNB_DEATH_COUNT","UNB_SUSP_SERIOUS_INJ_COUNT","UNK_INJ_DEG_COUNT","UNK_INJ_PER_COUNT","URBAN_RURAL","VAN_COUNT","VEHICLE_COUNT","WEATHER1","WEATHER2","WORKERS_PRES","WORK_ZONE_IND","WORK_ZONE_LOC","WORK_ZONE_TYPE","WZ_CLOSE_DETOUR","WZ_FLAGGER","WZ_LAW_OFFCR_IND","WZ_LN_CLOSURE","WZ_MOVING","WZ_OTHER","WZ_SHLDER_MDN","WZ_WORKERS_INJ_KILLED"
"2022106189","2347","1","0","0","0","0","0","0","0","0","2","0","","67","11","2022","7","39.955608","-75.189481","2344","6","0","0","0","0","0","1","1","0","","0","0","0","","","4","","1","","39 57:20.190","3","0","75 11:22.130","4","0","0","0","67301","0","0","0","N","0","0","0","4","67507","4","","1.0","19.0","9","N","N","N","0","","0","0","1","","2","N","","2","4","0","0","0","0","0","2","0","2","","03","","N","","","","","","","","","",""
"2022110560","1420","1","0","0","0","0","0","0","0","0","5","0","","67","10","2022","5","39.972358","-75.147789","1418","6","0","0","0","0","0","0","0","0","","0","0","0","","","0","N","0","","39 58:20.490","1","0","75 08:52.040","0","0","0","0","67301","0","0","0","N","0","0","0","1","67301","0","","6.0","1507.0","1","N","N","N","0","","0","0","1","","0","N","","3","0","0","0","0","0","0","2","1","3","","03","","N","","","","","","","","","",""
"2022091738","0116","2","0","0","0","0","0","0","0","0","1","0","","67","9","2022","4","40.018232","-75.047541","0102","6","0","0","0","0","1","0","0","0","","0","0","0","","","0","N","0","","40 01:05.634","","0","75 02:51.146","0","0","0","0","67301","0","0","0","N","0","0","0","2","68K01","0","","1.0","","1","N","N","N","0","","0","0","0","","0","","","2","0","0","0","0","0","0","2","0","2","","","","N","","","","","","","","","",""
"2022082041","1019","1","0","0","0","0","0","0","0","0","1","0","","67","9","2022","4","40.067933","-75.161","1019","6","0","0","0","0","0","0","0","0","","0","0","0","","","0","N","0","","40 04:04.560","","0","75 09:39.600","0","0","0","0","67301","0","0","0","N","0","0","0","1","67301","0","","6.0","","1","N","N","N","0","","0","0","1","","0","","","2","0","0","0","0","0","0","2","0","2","","03","","N","","","","","","","","","",""
"2022124951","1718","0","0","0","0","0","0","0","0","0","1","0","","67","12","2022","5","39.898894","-75.169944","1657","6","0","0","0","0","0","0","0","0","","0","0","0","","","0","N","0","","39 53:56.017","","3","75 10:11.799","0","0","0","0","67301","0","0","0","N","0","0","0","2","68K01","0","","1.0","","1","N","N","N","0","","0","0","2","","0","","","2","0","0","0","0","0","0","2","0","2","","","","N","","","","","","","","","",""
"2022113189","0801","0","0","0","0","0","0","0","0","0","7","0","","67","10","2022","7","40.007626","-75.126633","0801","6","0","0","0","0","0","0","0","0","","0","0","0","","","0","N","0","","40 00:27.455","","0","75 07:35.878","9","0","0","0","67301","0","0","0","N","0","0","0","1","67301","0","","4.0","","1","N","N","N","0","","0","0","1","","0","","","1","0","0","0","0","0","1","2","0","1","","03","","N","","","","","","","","","",""
"2022115632","1940","1","0","0","0","0","0","0","0","0","7","0","","67","12","2022","1","40.091972","-75.006","1925","6","0","0","0","0","0","1","0","0","","0","0","0","","","0","N","0","","40 05:31.100","","0","75 00:21.600","0","0","0","0","67301","0","0","0","N","0","0","0","1","67301","0","","4.0","","1","N","N","N","0","","0","0","0","","0","","","1","0","0","0","0","0","0","2","0","1","","03","","N","","","","","","","","","",""
"2022114338","1849","0","0","0","0","0","0","0","0","0","6","0","","67","12","2022","6","40.029105","-75.2045","1845","6","0","0","0","0","0","1","0","0","","0","0","0","","","0","N","0","","40 01:44.779","4","0","75 12:16.200","0","0","0","0","67301","0","0","0","N","0","0","0","2","67301","0","","1.0","1948.0","1","N","N","N","0","","0","0","2","","0","N","","2","0","2","0","0","0","0","2","0","2","","03","","N","","","","","","","","","",""
"2022113335","2322","2","0","0","0","0","0","0","0","0","4","0","","67","10","2022","5","39.981899","-75.170586","2322","6","0","0","0","0","1","0","0","0","","0","0","0","","","4","","1","","39 58:54.836","7","0","75 10:14.109","3","0","0","0","67301","0","0","0","N","0","0","0","4","67301","0","","1.0","2335.0","1","N","N","Y","0","","4","0","1","","2","Y","","3","4","1","0","0","0","0","2","0","3","","","","N","","","","","","","","","",""
"2022096751","1900","1","0","0","0","0","0","0","0","0","8","0","","67","10","2022","3","39.985947","-75.166115","1855","6","0","0","0","0","0","0","0","0","","0","0","0","","","1","","1","","39 59:09.409","","0","75 09:58.014","3","0","0","0","67301","1","0","0","N","1","0","0","2","67301","0","","1.0","","1","N","N","N","0","","1","0","0","","2","","","2","1","1","0","0","0","0","2","0","1","","03","","N","","","","","","","","","",""
"2022097014","1903","0","0","0","0","0","0","0","0","0","4","0","","67","10","2022","3","40.129225","-75.024888","1903","6","0","0","0","0","0","1","0","0","","0","0","0","","","2","","1","","40 07:45.210","","0","75 01:29.597","3","0","0","0","67301","0","0","0","N","0","0","0","3","67301","0","","1.0","","1","N","N","N","0","","1","0","2","","2","","","2","2","0","0","0","1","0","2","0","2","","","","N","","","","","","","","","",""
"2022098155","0842","0","0","0","0","0","0","0","0","0","4","0","","67","10","2022","1","39.951701","-75.236857","0842","6","0","0","0","0","0","1","0","0","","0","0","0","","","0","","1","","39 57:06.123","","0","75 14:12.685","0","0","0","0","67301","0","0","0","N","0","0","0","4","67301","0","","1.0","","1","N","N","N","0","","0","0","2","","2","","","2","0","3","0","0","0","0","2","0","2","","03","","N","","","","","","","","","",""
"2022096766","1032","0","0","0","0","0","0","0","0","0","4","0","","67","9","2022","3","40.02131","-75.122413","1032","6","0","0","0","0","0","1","0","0","","0","0","0","","","1","","1","","40 01:16.715","","0","75 07:20.686","3","0","0","0","67301","0","0","0","N","0","0","0","2","67301","0","","1.0","","9","N","N","N","1","","1","0","1","","3","","","2","1","1","0","0","0","1","2","0","2","","04","","N","","","","","","","","","",""
"2022084236","0319","1","0","0","0","0","0","0","0","0","7","0","","67","9","2022","3","40.027166","-75.02577","0227","6","0","0","0","0","0","0","0","0","","0","0","0","","","0","N","0","","40 01:37.796","","0","75 01:32.771","0","0","0","0","67301","0","0","0","N","0","0","0","2","68K01","0","","3.0","","9","N","N","N","1","","0","0","0","","0","","","2","0","0","0","0","0","0","2","0","2","","07","","N","","","","","","","","","",""
"2022107445","1155","1","0","0","0","0","0","0","0","0","4","2","50","67","11","2022","2","39.993165","-75.200034","1151","6","0","0","0","1","0","0","1","0","","0","2","0","","","2","N","0","","39 59:35.394","4","0","75 12:00.121","3","0","0","0","67301","0","0","0","Y","0","0","0","4","68K01","1","","1.0","1240.0","1","N","N","N","0","","1","0","0","","8","N","","3","2","0","0","0","0","0","2","0","3","","","Y","Y","4","8","N","N","N","N","Y","N","N","Y"
"2022096705","","1","0","0","0","0","0","0","0","0","1","0","","67","9","2022","7","39.992402","-75.245351","","6","0","0","0","0","0","0","0","0","","0","0","0","","","1","Y","0","","39 59:32.646","","0","75 14:43.262","8","0","0","0","67301","0","0","0","N","0","0","0","2","00000","0","","1.0","","1","","","N","0","","0","0","1","","2","","","2","1","0","0","0","1","0","2","0","2","","","","N","","","","","","","","","",""
"2022083875","0730","1","0","0","0","0","0","0","0","0","7","0","","67","9","2022","2","40.086524","-74.986659","0724","6","0","0","0","0","0","0","0","0","","0","0","0","","","1","N","0","","40 05:11.486","","7","74 59:11.973","8","0","0","0","67301","0","0","0","N","0","0","0","1","67301","0","","5.0","","1","N","N","N","0","","0","0","0","","2","","","1","1","0","0","0","1","0","2","0","1","","03","","N","","","","","","","","","",""
"2022113604","2110","1","0","0","0","0","0","0","0","0","4","0","","67","10","2022","7","40.041444","-75.049005","2100","6","0","0","0","0","0","0","0","0","","0","0","0","","","1","","1","","40 02:29.198","","0","75 02:56.419","3","0","0","0","67301","0","0","0","N","0","0","0","2","67301","0","","1.0","","99","N","N","N","0","","1","0","1","","2","","","2","1","1","0","0","0","0","2","0","2","","98","","N","","","","","","","","","",""
"2022118758","0904","0","0","0","0","0","0","0","0","0","8","0","","67","12","2022","7","39.965684","-75.222253","0900","6","0","0","0","0","0","0","0","0","","0","0","0","","","1","","1","","39 57:56.462","","0","75 13:20.110","3","0","0","0","67301","1","0","0","N","1","0","0","2","67301","0","","1.0","","9","N","N","N","0","","1","0","0","","2","","","2","1","0","0","0","0","0","2","0","1","","07","","N","","","","","","","","","",""
"2022116349","2040","1","0","0","0","0","0","0","0","0","2","0","","67","12","2022","3","40.067497","-75.179319","2025","6","0","0","0","0","0","0","0","0","","0","0","0","","","1","","1","","40 04:02.989","","0","75 10:45.548","4","0","0","0","67301","0","0","0","N","0","0","0","2","67301","1","","1.0","","9","N","N","Y","0","","0","0","2","","2","","","3","1","2","0","0","0","1","2","0","3","","","","N","","","","","","","","","",""
"2022117270","1255","1","0","0","0","0","0","0","0","0","4","0","","67","12","2022","6","39.989819","-75.250844","1251","6","0","0","0","0","0","0","0","0","","0","0","0","","","0","","2","","39 59:23.348","","0","75 15:03.040","0","0","0","0","67301","0","0","0","N","0","0","0","2","67301","0","","1.0","","1","N","N","N","0","","0","0","1","","0","","","2","0","2","0","0","0","0","2","0","2","","03","","N","","","","","","","","","",""
"2022093817","1601","2","0","0","0","0","0","0","0","0","4","0","","67","10","2022","5","39.973137","-75.148382","1600","6","0","0","0","0","0","0","1","0","","0","0","0","","","0","","1","","39 58:23.293","","0","75 08:54.175","9","0","0","0","67301","0","0","0","N","0","0","0","2","67301","0","","1.0","","1","N","N","N","0","","0","0","0","","3","","","2","0","0","0","0","0","2","2","0","2","","03","","N","","","","","","","","","",""
"2022101106","1340","0","0","0","0","0","0","0","0","0","1","1","","67","10","2022","1","39.961813","-75.178343","1340","6","0","0","0","0","0","0","0","0","","0","1","0","","","1","N","0","","39 57:42.526","","2","75 10:42.036","4","0","0","0","67301","0","0","0","N","0","0","0","2","67301","1","","1.0","","1","N","N","N","1","","0","0","0","","0","","","2","1","1","0","0","0","0","2","0","2","","03","","N","","","","","","","","","",""
"2022097031","2130","1","0","0","0","0","0","0","0","0","1","0","","67","10","2022","6","39.967362","-75.128863","2115","6","0","0","0","0","0","0","0","0","","0","0","0","","","1","","5","","39 58:02.502","","0","75 07:43.907","3","0","0","1","67301","0","0","0","N","0","0","0","2","67301","0","","1.0","","1","N","N","N","0","","1","0","0","","2","","","2","1","1","0","0","0","0","2","0","2","","","","N","","","","","","","","","",""
"2022116676","2358","1","0","0","0","0","0","0","0","0","1","0","","67","12","2022","5","40.021448","-75.15789","2346","6","0","0","0","0","0","0","0","0","","0","0","0","","","1","N","0","","40 01:17.212","","0","75 09:28.403","3","0","0","0","67301","0","0","0","N","0","0","0","3","67301","0","","1.0","","1","N","N","N","0","","1","0","1","","0","","","2","1","3","0","0","0","1","2","0","2","","03","","N","","","","","","","","","",""
"2022105486","0900","0","0","0","0","0","0","0","0","0","1","0","","67","11","2022","2","40.046807","-75.137538","0854","6","0","0","0","0","0","1","0","0","","0","0","0","","","1","","1","","40 02:48.506","","0","75 08:15.137","3","0","0","0","67301","0","0","0","N","0","0","0","2","67301","0","","1.0","","1","N","N","N","0","","1","0","2","","2","","","2","1","0","0","0","0","0","2","0","2","","03","","N","","","","","","","","","",""
"2022108692","2212","1","0","0","0","0","0","0","0","0","0","0","","67","10","2022","2","40.034856","-75.018875","2151","6","0","1","0","0","0","0","0","0","","0","0","0","","","1","N","0","","40 02:05.480","2","3","75 01:07.950","8","0","0","0","67301","0","0","0","N","0","0","0","1","68K01","0","","1.0","2300.0","9","N","N","N","0","","0","0","0","","0","Y","","1","1","0","0","0","1","0","2","0","1","","","","N","","","","","","","","","",""
"2022118465","0206","1","0","0","0","0","0","0","0","0","1","0","","67","10","2022","7","39.931668","-75.199802","0201","6","0","0","0","0","0","0","0","0","","0","0","0","","","3","N","0","","39 55:54.006","3","0","75 11:59.286","3","0","0","0","67301","0","0","0","N","0","0","0","3","68K01","1","","1.0","215.0","1","N","N","N","0","","1","0","1","","0","N","","2","3","0","0","0","1","0","2","0","2","","","","N","","","","","","","","","",""
"2022097022","2323","1","0","0","0","0","0","0","0","0","1","0","","67","9","2022","6","39.980408","-75.236047","2320","6","0","0","0","0","0","1","0","0","","0","0","0","","","0","Y","0","","39 58:49.470","","0","75 14:09.770","0","0","0","0","67301","0","0","0","N","0","0","0","2","67301","0","","1.0","","1","N","N","N","0","","0","0","1","","2","","","2","0","0","0","0","0","0","2","0","2","","03","","N","","","","","","","","","",""
"2022089886","2253","2","0","0","0","0","0","0","0","0","4","0","","67","9","2022","1","39.977249","-75.174854","2248","6","0","0","0","0","0","0","0","0","","0","0","0","","","2","","1","","39 58:38.096","","0","75 10:29.474","3","0","0","0","67301","0","0","0","N","0","0","0","3","67301","0","","1.0","","1","N","N","N","0","","2","0","0","","3","","","2","2","2","0","0","0","0","2","0","2","","03","","N","","","","","","","","","",""
"2022112251","1217","1","0","0","0","0","0","0","0","0","4","0","","67","11","2022","4","40.027021","-75.075593","1217","6","0","0","0","0","0","0","0","0","","0","0","0","","","0","","1","","40 01:37.274","6","0","75 04:32.136","0","0","0","0","67301","0","0","0","N","0","0","0","2","67301","0","","1.0","100.0","1","N","N","N","0","","0","0","1","","2","Y","","2","0","0","0","0","0","0","2","0","2","","03","","N","","","","","","","","","",""
"2022120514","1008","2","0","0","0","0","0","0","0","0","4","0","","67","12","2022","1","40.000429","-75.15649","1007","6","0","0","0","0","0","0","0","0","","0","0","0","","","1","","1","","40 00:01.544","","0","75 09:23.365","3","0","0","0","67301","0","0","0","N","0","0","0","2","67301","0","","1.0","","1","N","N","N","0","","1","0","0","","3","","","2","1","1","0","0","0","1","2","0","2","","03","","N","","","","","","","","","",""
"2022120483","1029","0","0","0","0","0","0","0","0","0","4","0","","67","12","2022","7","40.071278","-75.038333","1028","6","0","0","0","0","0","0","0","0","","0","0","0","","","0","","1","","40 04:16.600","","0","75 02:18.000","9","0","0","0","67301","0","0","0","N","0","0","0","2","67301","0","","1.0","","1","N","N","N","0","","0","0","2","","8","","","2","0","0","0","0","0","1","2","0","2","","","","N","","","","","","","","","",""
"2022112374","2216","1","0","0","0","0","0","0","0","0","2","0","","67","11","2022","7","40.02342","-75.032661","2216","6","0","0","0","0","0","0","0","0","","0","0","0","","","3","N","0","","40 01:24.311","1","2","75 01:57.578","4","0","0","0","67301","0","0","0","N","0","0","0","3","68K01","3","","1.0","2300.0","1","N","N","Y","0","","0","0","1","","0","N","","2","3","2","0","0","0","0","2","0","2","","03","","N","","","","","","","","","",""
"2022124425","0709","0","0","0","0","0","0","0","0","0","5","0","","67","12","2022","2","39.898879","-75.168812","0641","6","0","0","0","0","0","1","0","0","","0","0","0","","","0","N","0","","39 53:55.964","1","0","75 10:07.722","0","0","0","0","67301","0","0","0","N","0","0","0","3","68K01","0","","3.0","750.0","1","N","N","N","2","","0","0","0","","0","N","","2","0","0","0","0","0","0","2","0","2","","","","N","","","","","","","","","",""
"2022103645","0434","1","0","0","0","0","0","0","0","0","7","0","","67","11","2022","5","39.988874","-75.087907","0434","6","0","0","0","0","0","0","0","0","","0","0","0","","","0","N","0","","39 59:19.946","","0","75 05:16.464","0","0","0","0","67301","0","0","0","Y","0","0","0","1","68K01","0","","2.0","","1","N","N","N","0","","0","0","0","","0","","","1","0","0","0","0","0","0","2","0","1","","03","","N","","","","","","","","","",""
"2022108067","0052","0","0","0","0","0","0","0","0","0","1","0","","67","11","2022","5","39.96197","-75.241199","0050","6","0","0","0","0","0","1","0","0","","0","0","0","","","2","Y","0","","39 57:43.092","3","1","75 14:28.316","3","0","0","0","67301","0","0","0","N","0","0","0","3","67301","1","","1.0","212.0","1","N","N","N","0","","1","0","2","","2","Y","","2","2","1","0","0","0","0","2","0","2","","","","N","","","","","","","","","",""
"2022103331","2210","1","0","0","0","0","0","0","0","0","4","0","","67","11","2022","4","40.051546","-75.1501","2210","6","0","0","0","0","0","1","0","0","","0","0","0","","","1","","1","","40 03:05.564","","0","75 09:00.360","2","0","0","0","67301","0","0","0","N","0","0","0","2","67301","0","","1.0","","1","N","N","N","0","","0","1","1","","2","","","2","1","1","0","0","0","0","2","0","2","","03","","N","","","","","","","","","",""
"2022103990","1730","1","0","0","0","0","0","0","0","0","8","0","","67","11","2022","1","40.056475","-75.053401","1728","6","0","0","0","1","0","0","0","0","","0","0","0","","","1","","1","","40 03:23.309","","0","75 03:12.243","3","0","0","0","67301","1","0","0","N","1","0","0","2","67301","0","","1.0","","1","N","N","N","0","","1","0","0","","2","","","2","1","0","0","0","0","0","2","0","1","","03","","N","","","","","","","","","",""
"2022100101","0925","1","0","0","0","0","0","0","0","0","1","0","","67","10","2022","3","40.057311","-75.13573","0920","6","0","0","0","0","0","1","0","0","","0","0","0","","","1","","2","","40 03:26.319","","0","75 08:08.628","8","0","0","0","67301","0","0","0","N","0","0","0","2","67301","0","","1.0","","9","N","N","N","0","","0","0","1","","3","","","2","1","2","0","0","1","0","2","0","2","","","","N","","","","","","","","","",""
"2022112236","1642","1","0","0","0","0","0","0","0","0","5","0","","67","11","2022","6","39.904519","-75.240436","1632","6","0","0","0","0","0","1","1","0","","0","0","0","","","0","Y","0","","39 54:16.267","2","0","75 14:25.570","0","0","0","0","67301","0","0","0","N","0","0","0","2","67301","0","","1.0","1727.0","1","N","N","N","0","","0","0","1","","2","N","","2","0","0","0","0","0","0","2","0","2","","03","","N","","","","","","","","","",""
"2022125228","0115","1","0","0","0","0","0","0","0","0","1","0","","67","12","2022","7","40.036594","-75.173936","0106","6","0","0","0","0","0","0","0","0","","0","0","0","","","0","N","0","","40 02:11.740","","0","75 10:26.170","9","0","0","0","67301","0","0","0","N","0","0","0","3","67301","0","","6.0","","1","N","N","N","0","","0","0","2","","0","","","4","0","0","0","0","0","2","2","0","4","","","","N","","","","","","","","","",""
"2022112764","2158","2","0","0","0","0","0","0","0","0","4","0","","67","11","2022","4","40.029502","-75.146713","2158","6","0","0","0","0","0","1","0","0","","0","0","0","","","3","","1","","40 01:46.206","6","0","75 08:48.166","2","0","0","0","67301","0","0","0","N","0","0","0","4","67301","1","","1.0","1159.0","1","N","N","N","0","","0","1","1","","2","N","","3","3","1","0","0","1","0","2","0","3","","03","","N","","","","","","","","","",""
"2022122928","2107","2","0","0","0","0","0","0","0","0","1","0","","67","12","2022","1","39.957472","-75.223389","2107","6","0","0","0","0","0","0","0","0","","0","0","0","","","1","","1","","39 57:26.900","","0","75 13:24.200","3","0","0","0","67301","0","0","0","N","0","0","0","2","67301","0","","1.0","","9","N","N","N","0","","1","0","1","","3","","","3","1","0","0","0","0","1","2","0","3","","07","","N","","","","","","","","","",""
"2022122414","1046","1","0","0","0","0","0","0","0","0","4","0","","67","12","2022","5","40.004691","-75.176907","1045","6","0","0","0","0","0","0","0","0","","0","0","0","","","1","","1","","40 00:16.889","","0","75 10:36.864","3","0","0","0","67301","0","0","0","N","0","0","0","2","67301","0","","1.0","","9","N","N","N","0","","1","0","0","","2","","","2","1","0","0","0","0","0","2","1","2","","07","","N","","","","","","","","","",""
"2022122783","1450","1","0","0","0","0","0","0","0","0","8","0","","67","11","2022","3","39.978289","-75.246133","1446","6","0","0","0","0","0","0","0","0","","0","0","0","","","1","","1","","39 58:41.839","","0","75 14:46.078","3","0","0","0","67301","1","0","0","N","1","0","0","2","67301","0","","1.0","","1","N","N","N","0","","1","0","0","","2","","","2","1","1","0","0","0","0","2","0","1","","03","","N","","","","","","","","","",""
"2022112237","0130","2","0","0","0","0","0","0","0","0","1","0","","67","11","2022","7","39.936693","-75.224362","0130","6","0","0","0","0","0","0","0","0","","0","0","0","","","0","","1","","39 56:12.095","","0","75 13:27.703","0","0","0","0","67301","0","0","0","N","0","0","0","2","67301","0","","1.0","","1","N","Y","N","0","","0","0","1","","2","","","3","0","0","0","0","0","0","2","0","3","","","","N","","","","","","","","","",""
"2022113744","1929","1","0","0","0","0","0","0","0","0","4","0","","67","11","2022","2","39.916829","-75.171324","1915","6","0","0","0","0","0","1","0","0","","0","0","0","","","1","","1","","39 55:00.583","","0","75 10:16.768","3","0","0","0","67301","0","0","0","N","0","0","0","2","67301","0","","1.0","","1","N","N","N","0","","1","0","1","","2","","","2","1","0","0","0","0","0","2","0","2","","03","","N","","","","","","","","","",""
"2022112199","2340","1","0","0","0","0","0","0","0","0","4","0","","67","11","2022","1","40.038305","-75.075365","2338","6","0","0","0","0","0","0","0","0","","0","0","0","","","1","","1","","40 02:17.897","","0","75 04:31.313","3","0","0","0","67301","0","0","0","N","0","0","0","2","67301","0","","1.0","","9","N","N","N","0","","1","0","1","","2","","","2","1","0","0","0","0","0","2","0","2","","","","N","","","","","","","","","",""
"2022122937","0355","1","0","0","0","0","0","0","0","0","4","0","","67","12","2022","5","39.942056","-75.211727","0353","6","0","0","0","0","0","1","0","0","","0","0","0","","","2","","1","","39 56:31.401","","0","75 12:42.217","3","0","0","0","67301","0","0","0","N","0","0","0","2","67301","0","","1.0","","1","N","N","N","0","","2","0","1","","2","","","2","2","0","0","0","0","0","2","0","2","","03","","N","","","","","","","","","",""
"2022107023","1805","0","0","0","0","0","0","0","0","0","4","1","","67","11","2022","1","39.905417","-75.173545","1805","6","0","0","0","0","0","0","0","0","","0","1","0","","","0","","5","","39 54:19.500","3","0","75 10:24.761","0","0","0","0","67301","0","0","0","N","0","0","0","2","67301","0","","1.0","1817.0","1","N","N","N","0","","0","0","0","","2","Y","","2","0","0","0","0","0","0","2","1","2","","03","","N","","","","","","","","","",""
"2022080569","","2","0","0","0","0","0","0","0","0","4","0","","67","7","2022","2","39.939634","-75.198161","","6","0","0","0","0","0","1","0","0","","0","0","0","","","1","","1","","39 56:22.681","","0","75 11:53.378","8","0","0","0","67301","0","0","0","N","0","0","0","2","00000","0","","1.0","","1","","","N","0","","0","0","0","","2","","","2","1","0","0","0","1","0","2","0","2","","","","N","","","","","","","","","",""
"2022099182","0316","1","0","0","0","0","0","0","0","0","7","0","","67","10","2022","2","39.975231","-75.212726","0316","6","0","0","1","0","0","0","0","0","","0","0","0","","","1","N","0","","39 58:30.832","","7","75 12:45.815","4","0","0","0","67301","0","0","0","N","0","0","0","1","67301","1","","4.0","","9","N","N","N","0","","0","0","0","","0","","","1","1","0","0","0","0","0","2","0","1","","07","","N","","","","","","","","","",""
"2022106286","0935","0","0","0","0","0","0","0","0","0","7","0","","67","11","2022","1","39.910694","-75.158167","0935","6","0","0","0","0","0","1","0","0","","0","0","0","","","0","","7","","39 54:38.500","","8","75 09:29.400","0","0","0","0","67301","0","0","0","N","0","0","0","2","67501","0","","7.0","","1","N","N","N","0","","0","0","0","","0","","","1","0","0","0","0","0","0","2","1","1","","03","","N","","","","","","","","","",""
"2022098892","0820","0","0","0","0","0","0","0","0","0","8","0","","67","10","2022","2","40.042929","-75.161676","0820","6","0","0","0","0","0","0","0","0","","0","0","0","","","1","","2","","40 02:34.544","","0","75 09:42.033","2","0","0","0","67301","1","0","1","N","1","0","1","2","67301","0","","1.0","","9","N","N","N","0","","0","1","1","","0","","","2","1","0","0","0","0","0","2","0","1","","","","N","","","","","","","","","",""
"2022112239","2130","1","0","0","0","0","0","0","0","0","7","0","","67","11","2022","3","40.06221","-75.177313","2102","6","0","0","0","0","0","1","0","0","","0","0","0","","","1","","1","","40 03:43.956","","0","75 10:38.326","3","0","0","0","67301","0","0","0","N","0","0","0","1","67301","0","","5.0","","1","N","N","N","0","","1","0","0","","0","","","1","1","0","0","0","0","0","2","0","1","","","","N","","","","","","","","","",""
"2022124955","1813","0","0","0","0","0","0","0","0","0","1","0","","67","12","2022","4","40.039402","-75.007673","1809","6","0","0","0","0","1","0","0","0","","0","0","0","","","1","N","0","","40 02:21.848","","0","75 00:27.623","8","0","0","0","67301","0","0","0","N","0","0","0","2","68K01","0","","1.0","","1","N","N","N","0","","0","0","2","","0","","","2","1","0","0","0","1","0","2","0","2","","","","N","","","","","","","","","",""
"2022108015","0233","1","0","0","0","0","0","0","0","0","1","0","","67","11","2022","1","39.959983","-75.17868","0233","6","0","0","1","0","0","0","0","0","","0","0","0","","","1","N","0","","39 57:35.937","","0","75 10:43.249","3","0","0","0","67301","0","0","0","N","0","0","0","9","68K01","0","","1.0","","9","N","N","N","0","","1","0","2","","0","","","3","1","0","0","0","0","0","2","0","3","","","","N","","","","","","","","","",""
"2022097781","1652","0","0","0","0","0","0","1","0","0","1","1","","67","9","2022","5","39.984041","-75.175051","1651","6","0","0","0","0","0","0","0","0","","0","0","0","","","1","","1","","39 59:02.546","","0","75 10:30.184","3","0","0","0","67301","0","0","0","N","0","0","0","6","67301","0","","1.0","","1","Y","N","N","1","","1","0","0","","2","","","2","1","0","0","0","0","0","2","0","2","","03","","N","","","","","","","","","",""
"2022099615","1932","2","0","0","0","0","0","0","0","0","1","0","","67","10","2022","1","39.892562","-75.225782","1915","6","0","0","0","0","0","0","0","0","","0","0","0","","","2","N","0","","39 53:33.222","","0","75 13:32.815","4","0","0","0","67301","0","0","0","N","0","0","0","2","68K01","2","","1.0","","1","N","N","N","0","","0","0","0","","0","","","2","2","0","0","0","0","0","2","0","2","","","","N","","","","","","","","","",""
"2022094881","0825","1","0","0","0","0","0","0","0","0","4","0","","67","10","2022","5","40.046241","-75.166071","0819","6","0","0","0","0","0","0","0","0","","0","0","0","","","1","","1","","40 02:46.469","","0","75 09:57.857","3","0","0","0","67301","0","0","0","N","0","0","0","3","67301","0","","1.0","","1","N","N","N","1","","1","0","0","","3","","","2","1","0","0","0","0","2","2","0","2","","04","","N","","","","","","","","","",""