"CRN","ARRIVAL_TM","AUTOMOBILE_COUNT","BELTED_DEATH_COUNT","BELTED_SUSP_SERIOUS_INJ_COUNT","BICYCLE_COUNT","BICYCLE_DEATH_COUNT","BICYCLE_SUSP_SERIOUS_INJ_COUNT","BUS_COUNT","CHLDPAS_DEATH_COUNT","CHLDPAS_SUSP_SERIOUS_INJ_COUNT","COLLISION_TYPE","COMM_VEH_COUNT","CONS_ZONE_SPD_LIM","COUNTY","CRASH_MONTH","CRASH_YEAR","DAY_OF_WEEK","DEC_LATITUDE","DEC_LONGITUDE","DISPATCH_TM","DISTRICT","DRIVER_COUNT_16YR","DRIVER_COUNT_17YR","DRIVER_COUNT_18YR","DRIVER_COUNT_19YR","DRIVER_COUNT_20YR","DRIVER_COUNT_50_64YR","DRIVER_COUNT_65_74YR","DRIVER_COUNT_75PLUS","EST_HRS_CLOSED","FATAL_COUNT","HEAVY_TRUCK_COUNT","HORSE_BUGGY_COUNT","HOUR_OF_DAY","ILLUMINATION","INJURY_COUNT","INTERSECTION_RELATED","INTERSECT_TYPE","LANE_CLOSED","LATITUDE","LN_CLOSE_DIR","LOCATION_TYPE","LONGITUDE","MAX_SEVERITY_LEVEL","MCYCLE_DEATH_COUNT","MCYCLE_SUSP_SERIOUS_INJ_COUNT","MOTORCYCLE_COUNT","MUNICIPALITY","NONMOTR_COUNT","NONMOTR_DEATH_COUNT","NONMOTR_SUSP_SERIOUS_INJ_COUNT","NTFY_HIWY_MAINT","PED_COUNT","PED_DEATH_COUNT","PED_SUSP_SERIOUS_INJ_COUNT","PERSON_COUNT","POLICE_AGCY","POSSIBLE_INJ_COUNT","RDWY_SURF_TYPE_CD","RELATION_TO_ROAD","ROADWAY_CLEARED","ROAD_CONDITION","SCH_BUS_IND","SCH_ZONE_IND","SECONDARY_CRASH","SMALL_TRUCK_COUNT","SPEC_JURIS_CD","SUSP_MINOR_INJ_COUNT","SUSP_SERIOUS_INJ_COUNT","SUV_COUNT","TCD_FUNC_CD","TCD_TYPE","TFC_DETOUR_IND","TIME_OF_DAY","TOTAL_UNITS","TOT_INJ_COUNT","UNBELTED_OCC_COUNT","UNB_DEATH_COUNT","UNB_SUSP_SERIOUS_INJ_COUNT","UNK_INJ_DEG_COUNT","UNK_INJ_PER_COUNT","URBAN_RURAL","VAN_COUNT","VEHICLE_COUNT","WEATHER1","WEATHER2","WORKERS_PRES","WORK_ZONE_IND","WORK_ZONE_LOC","WORK_ZONE_TYPE","WZ_CLOSE_DETOUR","WZ_FLAGGER","WZ_LAW_OFFCR_IND","WZ_LN_CLOSURE","WZ_MOVING","WZ_OTHER","WZ_SHLDER_MDN","WZ_WORKERS_INJ_KILLED"
"2022099312","0930","0","0","0","0","0","0","0","0","0","8","0","","67","10","2022","3","39.919383","-75.170703","0921","6","0","0","0","0","0","0","0","0","","0","0","0","","","1","","1","","39 55:09.777","","0","75 10:14.532","3","0","0","0","67301","1","0","0","N","1","0","0","2","67301","0","","1.0","","9","N","N","N","0","","1","0","1","","2","","","2","1","0","0","0","0","0","2","0","1","","07","","N","","","","","","","","","",""
"2022120323","0844","1","0","0","0","0","0","0","0","0","4","0","","67","12","2022","7","40.028549","-75.057919","0840","6","0","0","0","0","0","0","0","0","","0","0","0","","","0","","1","","40 01:42.775","","0","75 03:28.507","0","0","0","0","67301","0","0","0","N","0","0","0","2","67301","0","","1.0","","1","N","N","N","0","","0","0","1","","2","","","2","0","0","0","0","0","0","2","0","2","","03","","N","","","","","","","","","",""
"2022095559","0233","2","0","0","0","0","0","0","0","0","1","0","","67","10","2022","1","40.016654","-75.051207","0233","6","0","0","0","0","1","0","0","0","","0","0","0","","","0","N","0","","40 00:59.953","","0","75 03:04.346","0","0","0","0","67301","0","0","0","N","0","0","0","2","68K01","0","","1.0","","1","N","N","N","0","","0","0","0","","0","","","2","0","0","0","0","0","0","2","0","2","","03","","N","","","","","","","","","",""
"2022096711","1410","0","0","0","0","0","0","0","0","0","4","0","","67","10","2022","6","39.902389","-75.19375","1400","6","0","0","0","1","0","0","0","0","","0","0","0","","","1","N","0","","39 54:08.600","","7","75 11:37.500","3","0","0","1","67301","0","0","0","N","0","0","0","2","67301","0","","1.0","","1","N","N","N","0","","1","0","1","","0","","","2","1","0","0","0","0","0","2","0","2","","","","N","","","","","","","","","",""
"2022123466","0845","1","0","0","0","0","0","0","0","0","0","0","","67","10","2022","4","39.968039","-75.261994","0841","6","0","0","0","0","0","0","0","0","","0","0","0","","","1","N","0","","39 58:04.940","","0","75 15:43.180","8","0","0","0","67301","0","0","0","N","0","0","0","1","67301","0","","1.0","","9","N","N","N","0","","0","0","0","","0","","","1","1","0","0","0","1","0","2","0","1","","07","","N","","","","","","","","","",""
"2022116660","1701","1","0","0","0","0","0","0","0","0","4","0","","67","11","2022","4","39.970507","-75.234205","1700","6","0","0","0","0","0","0","0","0","","0","0","0","","","6","","1","","39 58:13.825","","0","75 14:03.137","3","0","0","0","67301","0","0","0","N","0","0","0","10","67301","0","","1.0","","99","N","N","N","0","","6","0","1","","2","","","2","6","0","0","0","0","4","2","0","2","","","","N","","","","","","","","","",""
"2022105844","2355","2","0","0","0","0","0","0","0","0","4","0","","67","11","2022","6","39.980213","-75.157468","2355","6","0","0","0","0","0","0","0","0","","0","0","0","","","0","","1","","39 58:48.767","","0","75 09:26.884","0","0","0","0","67301","0","0","0","N","0","0","0","1","67505","0","","1.0","","9","N","N","N","0","","0","0","1","","2","","","3","0","0","0","0","0","0","2","0","3","","03","","N","","","","","","","","","",""
"2022105992","0731","0","0","0","0","0","0","0","0","0","7","0","","67","11","2022","7","39.912","-75.169","0729","6","0","0","0","0","0","0","0","0","","0","0","0","","","0","N","0","","39 54:43.200","","3","75 10:08.400","0","0","0","0","67301","0","0","0","N","0","0","0","1","67501","0","","1.0","","1","N","N","N","0","","0","0","1","","0","","","1","0","0","0","0","0","0","2","0","1","","03","","N","","","","","","","","","",""
"2022096176","2143","1","0","0","0","0","0","0","0","0","4","0","","67","10","2022","2","39.980213","-75.157468","2140","6","0","0","0","0","1","0","0","0","","0","0","0","","","2","","1","","39 58:48.767","1","0","75 09:26.884","3","0","0","0","67301","0","0","0","N","0","0","0","2","67505","0","","1.0","2200.0","9","N","N","Y","0","","2","0","1","","2","N","","2","2","0","0","0","0","0","2","0","2","","","","N","","","","","","","","","",""
"2022122647","0951","0","0","0","0","0","0","0","0","0","4","0","","67","12","2022","7","40.041334","-75.106702","0950","6","0","0","0","0","0","1","0","0","","0","0","0","","","1","","1","","40 02:28.801","","0","75 06:24.126","3","0","0","0","67301","0","0","0","N","0","0","0","2","67301","0","","1.0","","1","N","N","N","0","","1","0","2","","2","","","2","1","0","0","0","0","0","2","0","2","","","","N","","","","","","","","","",""
"2022096732","0250","2","0","0","0","0","0","0","0","0","6","0","","67","10","2022","1","40.025481","-75.072856","0245","6","0","0","0","0","0","0","0","0","","0","0","0","","","0","N","0","","40 01:31.731","","0","75 04:22.281","9","0","0","0","67301","0","0","0","N","0","0","0","4","67301","0","","1.0","","1","N","N","N","0","","0","0","0","","0","","","2","0","1","0","0","0","2","2","0","2","","03","","N","","","","","","","","","",""
"2022099697","0955","0","0","0","0","0","0","0","0","0","8","0","","67","10","2022","3","39.965452","-75.213392","0943","6","0","0","0","0","0","0","0","0","","0","0","0","","","1","","1","","39 57:55.628","","0","75 12:48.211","3","0","0","0","67301","1","0","0","N","1","0","0","2","67301","0","","1.0","","9","N","N","N","0","","1","0","0","","3","","","2","1","0","0","0","0","0","2","0","1","","07","","N","","","","","","","","","",""
"2022114681","2151","0","0","0","0","0","0","0","0","0","4","0","","67","11","2022","2","39.992136","-75.1402","2145","6","0","0","0","0","0","1","0","0","","0","0","0","","","0","","1","","39 59:31.690","4","0","75 08:24.720","0","0","0","0","67301","0","0","0","N","0","0","0","2","67301","0","","1.0","2200.0","1","N","N","Y","0","","0","0","3","","2","Y","","3","0","1","0","0","0","0","2","0","3","","03","","N","","","","","","","","","",""
"2022097453","1718","1","0","0","0","0","0","0","0","0","1","0","","67","10","2022","4","39.974221","-75.118066","1718","6","0","0","0","0","0","0","0","0","","0","0","0","","","2","N","0","","39 58:27.195","","0","75 07:05.036","3","0","0","0","67301","0","0","0","N","0","0","0","3","67301","0","","1.0","","1","N","N","N","1","","2","0","0","","0","","","2","2","0","0","0","0","0","2","0","2","","03","","N","","","","","","","","","",""
"2022112632","0346","2","0","0","0","0","0","0","0","0","1","0","","67","11","2022","3","40.003718","-75.077229","0346","6","0","0","0","0","0","1","0","0","","0","0","0","","","1","N","0","","40 00:13.385","2","3","75 04:38.023","3","0","0","0","67301","0","0","0","N","0","0","0","2","68K01","0","","1.0","415.0","1","N","N","N","0","","1","0","0","","0","N","","2","1","0","0","0","0","0","2","0","2","","03","","N","","","","","","","","","",""
"2022112228","1640","1","0","0","0","0","0","0","0","0","8","0","","67","11","2022","1","39.948611","-75.177832","1625","6","0","0","0","0","0","0","0","0","","0","0","0","","","1","","1","","39 56:54.998","","0","75 10:40.196","8","0","0","0","67301","1","0","0","N","1","0","0","2","67301","0","","1.0","","1","N","N","N","0","","0","0","0","","2","","","2","1","1","0","0","1","0","2","0","1","","","","N","","","","","","","","","",""
"2022112267","2010","0","0","0","0","0","0","0","0","0","8","0","","67","11","2022","6","39.980371","-75.182204","1958","6","0","0","0","0","0","0","0","0","","0","0","0","","","1","","1","","39 58:49.337","","0","75 10:55.936","3","0","0","0","67301","1","0","0","N","1","0","0","2","67301","0","","1.0","","1","N","N","N","0","","1","0","1","","2","","","2","1","1","0","0","0","0","2","0","1","","03","","N","","","","","","","","","",""
"2023001908","1110","0","0","0","0","0","0","0","0","0","4","0","","67","11","2022","1","39.948106","-75.154252","1103","6","0","0","0","0","0","0","0","0","","0","0","0","","","1","","1","","39 56:53.182","","0","75 09:15.307","2","0","0","0","67301","1","0","1","N","1","0","1","3","67301","0","","1.0","","1","N","N","N","1","","0","1","1","","2","","","3","1","1","0","0","0","0","2","0","2","","03","","N","","","","","","","","","",""
"2022122927","0337","1","0","0","0","0","0","0","0","0","4","0","","67","12","2022","1","39.949983","-75.201263","0330","6","0","0","0","0","0","0","0","0","","0","0","0","","","0","","5","","39 56:59.938","","0","75 12:04.545","0","0","0","0","67301","0","0","0","N","0","0","0","2","67301","0","","1.0","","1","N","N","N","0","","0","0","1","","2","","","2","0","0","0","0","0","0","2","0","2","","03","","N","","","","","","","","","",""
"2023008441","1018","1","0","0","0","0","0","0","0","0","5","0","","67","12","2022","5","40.038543","-75.009904","1009","6","0","0","0","0","0","2","0","0","","0","0","0","","","1","N","0","","40 02:18.753","2","0","75 00:35.654","4","0","0","0","67301","0","0","0","N","0","0","0","4","68K01","1","","1.0","1035.0","9","N","N","N","0","","0","0","1","","0","N","","3","1","0","0","0","0","1","2","0","3","","07","","N","","","","","","","","","",""
"2022103215","0529","0","0","0","0","0","0","0","0","0","4","0","","67","11","2022","6","40.074609","-75.035074","0519","6","0","0","0","0","0","0","0","0","","0","0","0","","","0","","1","","40 04:28.594","","0","75 02:06.267","0","0","0","0","67301","0","0","0","N","0","0","0","2","67301","0","","1.0","","1","N","N","N","0","","0","0","2","","2","","","2","0","2","0","0","0","0","2","0","2","","05","","N","","","","","","","","","",""
"2022103330","1714","0","0","0","0","0","0","0","0","0","8","0","","67","11","2022","3","40.028357","-75.120001","1714","6","0","0","0","0","0","0","0","0","","0","0","0","","","3","","1","","40 01:42.085","2","0","75 07:12.004","2","0","0","0","67301","3","0","1","N","3","0","1","4","67301","0","","1.0","1825.0","1","N","N","N","0","","2","1","1","","2","N","","4","3","1","0","0","0","0","2","0","1","","","","N","","","","","","","","","",""
"2022124969","0311","1","0","0","0","0","0","0","0","0","4","1","","67","12","2022","2","39.928269","-75.146294","0305","6","0","0","0","0","0","1","0","0","","1","1","0","","","0","N","7","","39 55:41.767","1","3","75 08:46.657","1","0","0","0","67301","0","0","0","N","0","0","0","3","68K01","0","1","1.0","633.0","1","N","N","N","0","0","0","0","0","","0","Y","","2","0","1","0","0","0","0","2","0","2","","","","N","","","","","","","","","",""
"2022124953","0531","0","0","0","0","0","0","0","0","0","7","1","","67","12","2022","7","39.983252","-75.208014","0528","6","0","0","0","0","0","0","0","0","","0","1","0","","","1","Y","0","","39 58:59.708","","0","75 12:28.852","8","0","0","0","67301","0","0","0","N","0","0","0","1","68K01","0","","3.0","","1","N","N","N","0","","0","0","0","","0","","","1","1","0","0","0","1","0","2","0","1","","","","N","","","","","","","","","",""
"2023012218","2150","1","0","0","0","0","0","0","0","0","5","0","","67","12","2022","7","39.959556","-75.175275","2135","6","0","0","0","0","0","1","0","0","","0","0","0","","","1","N","0","","39 57:34.401","","0","75 10:30.989","4","0","0","0","67301","0","0","0","N","0","0","0","5","68K01","1","","1.0","","9","N","N","N","0","","0","0","1","","0","","","2","1","0","0","0","0","0","2","0","2","","07","","N","","","","","","","","","",""
"2022108070","0440","1","0","0","0","0","0","0","0","0","4","0","","67","11","2022","7","39.956721","-75.223548","0435","6","0","0","0","0","0","0","0","0","","0","0","0","","","0","","1","","39 57:24.197","","0","75 13:24.774","0","0","0","0","67301","0","0","0","N","0","0","0","2","67301","0","","1.0","","1","N","N","N","0","","0","0","1","","2","","","2","0","2","0","0","0","0","2","0","2","","03","","N","","","","","","","","","",""
"2022095498","2332","1","0","0","0","0","0","0","0","0","4","0","","67","10","2022","5","39.973329","-75.245096","2330","6","0","0","0","0","0","1","0","0","","0","0","0","","","0","N","0","","39 58:23.986","","0","75 14:42.344","0","0","0","0","67301","0","0","0","N","0","0","0","2","67301","0","","1.0","","1","N","N","N","0","","0","0","1","","0","","","2","0","0","0","0","0","0","2","0","2","","03","","N","","","","","","","","","",""
"2022101444","1137","2","0","0","0","0","0","0","0","0","5","0","","67","10","2022","6","40.034667","-75.091917","1137","6","0","0","0","0","0","0","0","0","","0","0","0","","","0","N","0","","40 02:04.800","7","0","75 05:30.900","0","0","0","0","67301","0","0","0","N","0","0","0","2","67301","0","","6.0","1338.0","1","N","N","N","0","","0","0","0","","0","Y","","2","0","2","0","0","0","0","2","0","2","","03","","N","","","","","","","","","",""
"2022104621","0111","0","0","0","0","0","0","0","0","0","7","0","","67","11","2022","3","40.012611","-75.168876","0111","6","0","0","0","0","0","0","0","0","","0","0","0","","","0","N","0","","40 00:45.401","","0","75 10:07.955","9","0","0","0","67301","0","0","0","N","0","0","0","1","67301","0","","4.0","","1","N","N","N","0","","0","0","1","","0","","","1","0","0","0","0","0","1","2","0","1","","","","N","","","","","","","","","",""
"2022113505","0230","1","0","0","0","0","0","0","0","0","5","0","","67","11","2022","7","39.948314","-75.185979","0217","6","0","0","0","0","0","0","0","0","","0","0","0","","","0","N","0","","39 56:53.932","","3","75 11:09.525","0","0","0","0","67301","0","0","0","N","0","0","0","3","68K01","0","","1.0","","1","N","N","N","0","","0","0","1","","0","","","2","0","0","0","0","0","0","2","0","2","","","","N","","","","","","","","","",""
"2023000199","0158","1","0","0","0","0","0","0","0","0","4","0","","67","12","2022","7","39.99797","-75.175269","0157","6","0","0","0","0","0","0","0","0","","0","0","0","","","2","","1","","39 59:52.692","","0","75 10:30.968","3","0","0","0","67301","0","0","0","N","0","0","0","3","67301","0","","1.0","","1","N","N","N","2","","2","0","2","","3","","","5","2","0","0","0","0","1","2","0","5","","03","","N","","","","","","","","","",""
"2022120117","2015","1","0","0","0","0","0","0","0","0","4","0","","67","12","2022","3","39.911158","-75.188558","2010","6","0","0","0","0","0","1","0","0","","0","0","0","","","0","N","0","","39 54:40.170","","0","75 11:18.810","0","0","0","0","67301","0","0","0","N","0","0","0","2","67301","0","","1.0","","1","N","N","N","1","","0","0","0","","0","","","2","0","0","0","0","0","0","2","0","2","","","","N","","","","","","","","","",""
"2022112269","1213","0","0","0","0","0","0","0","0","0","4","0","","67","11","2022","5","39.977286","-75.169405","1208","6","0","0","0","0","0","1","0","0","","0","0","0","","","4","","1","","39 58:38.230","","0","75 10:09.859","4","0","0","0","67301","0","0","0","N","0","0","0","5","67301","4","","1.0","","1","N","N","N","0","","0","0","2","","2","","","2","4","0","0","0","0","0","2","0","2","","03","","N","","","","","","","","","",""
"2022124230","1858","0","0","0","0","0","0","0","0","0","1","0","","67","12","2022","7","40.044889","-75.002083","1851","6","0","0","0","0","0","0","0","0","","0","0","0","","","1","N","0","","40 02:41.600","","0","75 00:07.500","8","0","0","0","67301","0","0","0","N","0","0","0","4","68K01","0","","1.0","","1","N","N","N","0","","0","0","2","","0","","","2","1","1","0","0","1","0","2","0","2","","","","N","","","","","","","","","",""
"2022117884","2330","1","0","0","0","0","0","0","0","0","1","0","","67","12","2022","7","40.047056","-75.091056","2326","6","0","0","0","0","0","1","0","0","","0","0","0","","","0","","1","","40 02:49.400","","0","75 05:27.800","0","0","0","0","67301","0","0","0","N","0","0","0","3","67301","0","","1.0","","1","N","N","N","0","","0","0","2","","2","","","3","0","0","0","0","0","0","2","0","3","","","","N","","","","","","","","","",""
"2022109358","0500","2","0","0","0","0","0","0","0","0","5","0","","67","11","2022","7","39.912786","-75.235575","0436","6","0","0","0","0","0","0","0","0","","0","0","0","","","0","N","0","","39 54:46.030","","0","75 14:08.070","9","0","0","0","67301","0","0","0","N","0","0","0","1","67301","0","","6.0","","1","N","N","N","0","","0","0","1","","0","","","3","0","0","0","0","0","1","2","0","3","","","","N","","","","","","","","","",""
"2022122228","0908","1","0","0","0","0","0","0","0","0","5","0","","67","12","2022","5","39.989944","-75.127125","0906","6","0","0","0","0","0","0","0","0","","0","0","0","","","0","N","0","","39 59:23.800","","0","75 07:37.650","0","0","0","0","67301","0","0","0","N","0","0","0","1","67301","0","","6.0","","1","N","N","N","0","","0","0","1","","0","","","2","0","1","0","0","0","0","2","0","2","","04","","N","","","","","","","","","",""
"2023002587","2134","2","0","0","0","0","0","0","0","0","5","0","","67","12","2022","6","39.977042","-75.233769","2134","6","0","0","0","1","0","0","0","0","","0","0","0","","","0","N","0","","39 58:37.350","","0","75 14:01.570","0","0","0","0","67301","0","0","0","N","0","0","0","4","67301","0","","4.0","","1","N","N","N","0","","0","0","0","","0","","","3","0","2","0","0","0","0","2","1","3","","03","","N","","","","","","","","","",""
"2022122407","2122","1","0","0","0","0","0","0","0","0","6","0","","67","12","2022","2","40.001544","-75.115856","2122","6","0","0","0","0","0","0","0","0","","0","0","0","","","1","N","0","","40 00:05.560","","0","75 06:57.080","2","0","0","0","67301","0","0","0","N","0","0","0","3","67301","0","","1.0","","1","N","N","Y","1","","0","1","1","","0","","","4","1","0","0","0","0","1","2","0","4","","03","","N","","","","","","","","","",""
"2022122650","2337","1","0","0","0","0","0","0","0","0","2","0","","67","12","2022","5","40.041221","-75.106871","2325","6","0","0","0","0","0","2","0","0","","0","0","0","","","2","N","0","","40 02:28.396","5","0","75 06:24.737","3","0","0","0","67301","0","0","0","N","0","0","0","2","67301","0","","1.0","50.0","9","N","N","N","0","","2","0","1","","0","Y","","3","2","0","0","0","0","0","2","0","3","","","","N","","","","","","","","","",""
"2022113346","1237","2","0","0","0","0","0","0","0","0","1","0","","67","11","2022","1","40.014639","-75.178469","1230","6","0","0","0","0","0","0","0","0","","0","0","0","","","0","","1","","40 00:52.700","","8","75 10:42.488","9","0","0","0","67301","0","0","0","N","0","0","0","3","67301","0","","1.0","","9","N","N","N","0","","0","0","0","","2","","","3","0","0","0","0","0","1","2","0","3","","04","","N","","","","","","","","","",""
"2022096729","0705","0","0","0","0","0","0","0","0","0","8","0","","67","10","2022","6","40.004297","-75.067201","0705","6","0","0","0","0","0","1","0","0","","0","0","0","","","1","","2","","40 00:15.469","4","0","75 04:01.925","3","0","0","0","67301","1","0","0","N","1","0","0","2","67301","0","","1.0","750.0","1","N","N","N","1","","1","0","0","","2","N","","2","1","0","0","0","0","0","2","0","1","","03","","N","","","","","","","","","",""
"2022121348","0455","1","0","0","0","0","0","0","0","0","7","0","","67","12","2022","1","40.060054","-75.170024","0455","6","0","1","0","0","0","0","0","0","","0","0","0","","","1","","1","","40 03:36.194","","0","75 10:12.086","8","0","0","0","67301","0","0","0","N","0","0","0","1","67301","0","","4.0","","1","N","N","N","0","","0","0","0","","0","","","1","1","0","0","0","1","0","2","0","1","","03","","N","","","","","","","","","",""
"2022094151","0222","1","0","0","0","0","0","0","0","0","4","0","","67","10","2022","3","40.072396","-75.157881","0220","6","0","0","0","0","1","0","0","0","","0","0","0","","","0","","1","","40 04:20.625","","0","75 09:28.371","0","0","0","0","67301","0","0","0","N","0","0","0","2","67301","0","","1.0","","1","N","N","N","0","","0","0","1","","2","","","2","0","0","0","0","0","0","2","0","2","","03","","N","","","","","","","","","",""
"2022093654","2048","1","0","0","0","0","0","0","0","0","2","0","","67","10","2022","1","40.072818","-75.159788","2041","6","0","0","0","0","0","0","0","0","","0","0","0","","","1","N","0","","40 04:22.145","","0","75 09:35.235","3","0","0","0","67301","0","0","0","N","0","0","0","2","67301","0","","1.0","","1","N","N","N","1","","1","0","2","","0","","","4","1","0","0","0","0","0","2","0","4","","03","","N","","","","","","","","","",""
"2022097877","0935","1","0","0","0","0","0","0","0","0","1","0","","67","10","2022","5","39.988606","-75.157444","0926","6","0","0","0","0","0","0","0","0","","0","0","0","","","1","N","0","","39 59:18.980","","0","75 09:26.800","3","0","0","0","67301","0","0","0","N","0","0","0","2","67301","0","","6.0","","1","N","N","N","0","","1","0","0","","0","","","2","1","0","0","0","0","0","2","1","2","","03","","N","","","","","","","","","",""
"2023002006","1059","0","0","0","0","0","0","0","0","0","5","0","","67","12","2022","7","40.033863","-75.019697","1056","6","0","0","0","0","0","0","1","0","","0","0","0","","","1","N","0","","40 02:01.908","1","0","75 01:10.908","3","0","0","0","67301","0","0","0","N","0","0","0","2","68K01","0","","1.0","1140.0","9","N","N","N","0","","1","0","2","","0","N","","2","1","1","0","0","0","0","2","0","2","","","","N","","","","","","","","","",""
"2023002278","1110","1","0","0","0","0","0","0","0","0","4","0","","67","12","2022","7","40.03855","-75.225764","1104","6","0","0","0","0","0","0","0","0","","0","0","0","","","0","N","0","","40 02:18.780","","0","75 13:32.750","0","0","0","0","67301","0","0","0","N","0","0","0","1","67301","0","","1.0","","9","N","N","N","0","","0","0","1","","0","","","2","0","0","0","0","0","0","2","0","2","","04","","N","","","","","","","","","",""
"2022097449","2055","0","0","0","0","0","0","0","0","0","8","0","","67","10","2022","6","39.97037","-75.245229","2049","6","0","0","0","0","0","0","0","0","","0","0","0","","","1","","1","","39 58:13.333","","0","75 14:42.826","3","0","0","0","67301","1","0","0","N","1","0","0","2","67301","0","","1.0","","1","N","N","N","0","","1","0","0","","2","","","2","1","0","0","0","0","0","2","0","1","","03","","N","","","","","","","","","",""
"2023000077","1657","1","0","0","0","0","0","0","0","0","4","0","","67","12","2022","6","39.921544","-75.216597","1657","6","0","0","0","0","0","1","0","0","","0","0","0","","","0","N","0","","39 55:17.560","2","0","75 12:59.750","0","0","0","0","67301","0","0","0","N","0","0","0","3","67301","0","","1.0","1802.0","1","N","N","N","0","","0","0","1","","0","N","","2","0","0","0","0","0","0","2","0","2","","03","","N","","","","","","","","","",""
"2023003650","2039","1","0","0","0","0","0","0","0","0","8","0","","67","12","2022","7","39.975015","-75.261338","2034","6","0","0","0","0","0","0","0","0","","0","0","0","","","1","","3","","39 58:30.054","","0","75 15:40.817","8","0","0","0","67301","1","0","0","N","1","0","0","2","67301","0","","1.0","","9","N","N","N","0","","0","0","0","","2","","","2","1","0","0","0","1","0","2","0","1","","07","","N","","","","","","","","","",""
"2023000195","0556","0","0","0","0","0","0","0","0","0","6","0","","67","12","2022","1","40.049887","-75.086245","0550","6","0","0","0","0","0","0","0","0","","0","0","0","","","0","N","0","","40 02:59.592","","0","75 05:10.483","0","0","0","0","67301","0","0","0","N","0","0","0","2","67301","0","","6.0","","1","N","N","N","0","","0","0","2","","0","","","2","0","0","0","0","0","0","2","0","2","","","","N","","","","","","","","","",""
"2023004295","0048","1","0","0","0","0","0","0","0","0","7","0","","67","12","2022","7","40.041491","-75.004576","0048","6","0","0","0","1","0","0","0","0","","0","0","0","","","0","N","0","","40 02:29.369","","0","75 00:16.475","0","0","0","0","67301","0","0","0","N","0","0","0","1","68K01","0","","4.0","","9","N","N","N","0","","0","0","0","","0","","","1","0","0","0","0","0","0","2","0","1","","03","","N","","","","","","","","","",""
"2023003056","1815","1","0","0","0","0","0","0","0","0","1","0","","67","12","2022","1","39.899238","-75.177394","1753","6","0","0","0","0","0","0","0","0","","0","0","0","","","1","N","0","","39 53:57.256","","0","75 10:38.618","3","0","0","0","67301","0","0","0","N","0","0","0","3","68K01","0","","1.0","","1","N","N","N","0","","1","0","1","","8","","","2","1","0","0","0","0","0","2","0","2","","","","N","","","","","","","","","",""
"2023001420","1518","0","0","0","0","0","0","0","0","0","1","0","","67","11","2022","7","40.0488","-74.99743","1501","6","0","0","0","0","0","0","0","0","","0","0","0","","","1","N","0","","40 02:55.681","","0","74 59:50.747","3","0","0","0","67301","0","0","0","N","0","0","0","2","68K01","0","","1.0","","1","N","N","N","0","","1","0","1","","0","","","2","1","1","0","0","0","1","2","0","2","","","","N","","","","","","","","","",""
"2023019438","1650","0","0","0","0","0","0","0","0","0","1","0","","67","12","2022","7","39.959485","-75.174711","1626","6","0","0","0","0","0","0","0","0","","0","0","0","","","0","N","0","","39 57:34.147","4","0","75 10:28.960","0","0","0","0","67301","0","0","0","N","0","0","0","7","68K01","0","","1.0","1655.0","9","N","N","N","0","","0","0","3","","0","Y","","3","0","0","0","0","0","0","2","0","3","","07","","N","","","","","","","","","",""
"2023007958","","1","0","0","0","0","0","0","0","0","5","0","","67","9","2022","6","39.955134","-75.185919","","6","0","0","0","0","0","0","0","0","","0","0","0","","","1","N","0","","39 57:18.482","","0","75 11:09.308","8","0","0","0","67301","0","0","0","N","0","0","0","2","00000","0","","1.0","","1","","","N","0","","0","0","0","","0","","","2","1","0","0","0","1","0","2","0","2","","","","N","","","","","","","","","",""
"2023016972","","1","0","0","0","0","0","0","0","0","4","0","","67","12","2022","7","39.969389","-75.245428","","6","0","0","0","0","0","0","0","0","","0","0","0","","","2","N","0","","39 58:09.799","","7","75 14:43.541","8","0","0","0","67301","0","0","0","N","0","0","0","3","00000","0","","1.0","","1","","","N","0","","0","0","0","","0","","","2","2","0","0","0","2","0","2","0","2","","","","N","","","","","","","","","",""
"2023007902","","0","0","0","0","0","0","0","0","0","4","0","","67","12","2022","7","40.03095","-75.148977","","6","0","0","0","0","0","1","0","0","","0","0","0","","","1","","1","","40 01:51.420","","0","75 08:56.317","8","0","0","0","67301","0","0","0","N","0","0","0","2","00000","0","","1.0","","1","","","N","0","","0","0","1","","3","","","2","1","0","0","0","1","0","2","0","2","","","","N","","","","","","","","","",""
"2023118622","1652","0","0","0","0","0","0","0","0","0","8","0","","67","7","2022","3","39.979099","-75.216999","1645","6","0","0","0","0","0","1","0","0","","0","0","0","","","1","N","0","","39 58:44.755","","0","75 13:01.196","3","0","0","0","67301","1","0","0","N","1","0","0","2","67301","0","","1.0","","1","N","N","N","0","","1","0","1","","0","","","2","1","0","0","0","0","0","2","0","1","03","03","","N","","","","","","","","","",""
"2024023477","2147","1","0","0","0","0","0","0","0","0","8","0","","67","5","2022","3","39.949789","-75.207142","2146","6","0","0","0","0","0","0","0","0","","0","0","0","","","1","","1","","39 56:59.241","","0","75 12:25.710","3","0","0","0","67301","1","0","0","N","1","0","0","2","67504","0","","1.0","","1","N","N","N","0","","1","0","0","","2","","","2","1","0","0","0","0","0","2","0","1","03","03","","N","","","","","","","","","",""